Date,TotalError,SP500_LongAll20y-0.25,SP500_LongAll20y-0.1,SP500_LongAll20y-0.01,SP500_LongAll20y-0.005,SP500_Hedged20y-0.25,SP500_Hedged20y-0.1,SP500_Hedged20y-0.01,SP500_Hedged20y-0.005,
2025-12-31, 0.32854621120606015, 0.8174672489082967, 0.4264392324093818, 0.45936849677568536, 0.8648451398075082, 0.00825915389556758, 0.0013724638012672426, 0.02493473280409186, 0.025683221246682594
2025-12-31, 0.12802682667118348, 0.35633187772925745, 0.27912386121341365, 0.13256943195539875, 0.18610591616110927, 0.016518307791135174, 0.0, 0.036443071021365014, 0.017122147497788405
2025-12-31, 0.12802682667118348, 0.35633187772925745, 0.27912386121341365, 0.13256943195539875, 0.18610591616110927, 0.016518307791135174, 0.0, 0.036443071021365014, 0.017122147497788405
2025-12-31, 0.12802682667118348, 0.35633187772925745, 0.27912386121341365, 0.13256943195539875, 0.18610591616110927, 0.016518307791135174, 0.0, 0.036443071021365014, 0.017122147497788405
2025-12-31, 0.12802682667118348, 0.35633187772925745, 0.27912386121341365, 0.13256943195539875, 0.18610591616110927, 0.016518307791135174, 0.0, 0.036443071021365014, 0.017122147497788405
2025-12-31, 0.12802682667118348, 0.35633187772925745, 0.27912386121341365, 0.13256943195539875, 0.18610591616110927, 0.016518307791135174, 0.0, 0.036443071021365014, 0.017122147497788405
2025-12-31, 0.12802682667118348, 0.35633187772925745, 0.27912386121341365, 0.13256943195539875, 0.18610591616110927, 0.016518307791135174, 0.0, 0.036443071021365014, 0.017122147497788405
2025-12-31, 0.12802682667118348, 0.35633187772925745, 0.27912386121341365, 0.13256943195539875, 0.18610591616110927, 0.016518307791135174, 0.0, 0.036443071021365014, 0.017122147497788405
2025-12-31, 0.12802682667118348, 0.35633187772925745, 0.27912386121341365, 0.13256943195539875, 0.18610591616110927, 0.016518307791135174, 0.0, 0.036443071021365014, 0.017122147497788405
2025-12-31, 0.12802682667118348, 0.35633187772925745, 0.27912386121341365, 0.13256943195539875, 0.18610591616110927, 0.016518307791135174, 0.0, 0.036443071021365014, 0.017122147497788405
2025-12-31, 0.12802682667118348, 0.35633187772925745, 0.27912386121341365, 0.13256943195539875, 0.18610591616110927, 0.016518307791135174, 0.0, 0.036443071021365014, 0.017122147497788405
2025-12-31, 0.08410213366809956, 0.0838427947598254, 0.17832913355301447, 0.24047478354700313, 0.09305295808055464, 0.024777461686702754, 0.0027449276025344853, 0.04731205711545633, 0.0022829529997051208
2025-12-31, 0.08410213366809956, 0.0838427947598254, 0.17832913355301447, 0.24047478354700313, 0.09305295808055464, 0.024777461686702754, 0.0027449276025344853, 0.04731205711545633, 0.0022829529997051208
2025-12-31, 0.08410213366809956, 0.0838427947598254, 0.17832913355301447, 0.24047478354700313, 0.09305295808055464, 0.024777461686702754, 0.0027449276025344853, 0.04731205711545633, 0.0022829529997051208
2025-12-31, 0.17578234188027717, 0.2515283842794762, 0.12405504942818385, 0.49636461732137815, 0.4461068284450123, 0.027530512985225283, 0.0027449276025344853, 0.050508817731365535, 0.007419597249041655
2025-12-01, 0.1560188211238852, 0.1676855895196508, 0.15506881178522947, 0.536443747912545, 0.32021164986543815, 0.022024410388180222, 0.0, 0.036443071021365, 0.010273288498673042
2025-12-01, 0.11315248964087482, 0.2934497816593887, 0.31013762357045926, 0.16956555250109184, 0.06294758928978711, 0.01927135908965769, 0.00274492760253447, 0.029410197666364744, 0.017692885747714673
2025-12-01, 0.11315248964087482, 0.2934497816593887, 0.31013762357045926, 0.16956555250109184, 0.06294758928978711, 0.01927135908965769, 0.00274492760253447, 0.029410197666364744, 0.017692885747714673
2025-12-01, 0.11315248964087482, 0.2934497816593887, 0.31013762357045926, 0.16956555250109184, 0.06294758928978711, 0.01927135908965769, 0.00274492760253447, 0.029410197666364744, 0.017692885747714673
2025-12-01, 0.11315248964087482, 0.2934497816593887, 0.31013762357045926, 0.16956555250109184, 0.06294758928978711, 0.01927135908965769, 0.00274492760253447, 0.029410197666364744, 0.017692885747714673
2025-12-01, 0.11315248964087482, 0.2934497816593887, 0.31013762357045926, 0.16956555250109184, 0.06294758928978711, 0.01927135908965769, 0.00274492760253447, 0.029410197666364744, 0.017692885747714673
2025-12-01, 0.11315248964087482, 0.2934497816593887, 0.31013762357045926, 0.16956555250109184, 0.06294758928978711, 0.01927135908965769, 0.00274492760253447, 0.029410197666364744, 0.017692885747714673
2025-12-01, 0.11315248964087482, 0.2934497816593887, 0.31013762357045926, 0.16956555250109184, 0.06294758928978711, 0.01927135908965769, 0.00274492760253447, 0.029410197666364744, 0.017692885747714673
2025-12-01, 0.11315248964087482, 0.2934497816593887, 0.31013762357045926, 0.16956555250109184, 0.06294758928978711, 0.01927135908965769, 0.00274492760253447, 0.029410197666364744, 0.017692885747714673
2025-12-01, 0.11315248964087482, 0.2934497816593887, 0.31013762357045926, 0.16956555250109184, 0.06294758928978711, 0.01927135908965769, 0.00274492760253447, 0.029410197666364744, 0.017692885747714673
2025-12-01, 0.11315248964087482, 0.2934497816593887, 0.31013762357045926, 0.16956555250109184, 0.06294758928978711, 0.01927135908965769, 0.00274492760253447, 0.029410197666364744, 0.017692885747714673
2025-12-01, 0.1560188211238852, 0.1676855895196508, 0.15506881178522947, 0.536443747912545, 0.32021164986543815, 0.022024410388180222, 0.0, 0.036443071021365, 0.010273288498673042
2025-12-01, 0.1560188211238852, 0.1676855895196508, 0.15506881178522947, 0.536443747912545, 0.32021164986543815, 0.022024410388180222, 0.0, 0.036443071021365, 0.010273288498673042
2025-12-01, 0.10216737215600318, 0.1467248908296942, 0.31013762357045926, 0.19114662281941272, 0.11221092003831597, 0.016518307791135174, 0.0013724638012672426, 0.03580371889818316, 0.003424429499557681
2025-12-01, 0.0797170832554927, 0.0419213973799127, 0.271370420624152, 0.24047478354700313, 0.013684258541257748, 0.01927135908965769, 0.00274492760253447, 0.04027918376045606, 0.007990335498967922
2025-11-01, 0.09424176513744291, 0.1886462882096069, 0.20158945532079842, 0.25280682372890045, 0.04105277562377422, 0.022024410388180222, 0.0013724638012672275, 0.033885662528637644, 0.012556241498378138
2025-11-01, 0.11769688699146517, 0.31441048034934477, 0.28687730180267496, 0.2003956529558357, 0.07663184783104485, 0.016518307791135174, 0.0013724638012672426, 0.03452501465181949, 0.01084402674859931
2025-11-01, 0.11769688699146517, 0.31441048034934477, 0.28687730180267496, 0.2003956529558357, 0.07663184783104485, 0.016518307791135174, 0.0013724638012672426, 0.03452501465181949, 0.01084402674859931
2025-11-01, 0.11769688699146517, 0.31441048034934477, 0.28687730180267496, 0.2003956529558357, 0.07663184783104485, 0.016518307791135174, 0.0013724638012672426, 0.03452501465181949, 0.01084402674859931
2025-11-01, 0.11769688699146517, 0.31441048034934477, 0.28687730180267496, 0.2003956529558357, 0.07663184783104485, 0.016518307791135174, 0.0013724638012672426, 0.03452501465181949, 0.01084402674859931
2025-11-01, 0.11769688699146517, 0.31441048034934477, 0.28687730180267496, 0.2003956529558357, 0.07663184783104485, 0.016518307791135174, 0.0013724638012672426, 0.03452501465181949, 0.01084402674859931
2025-11-01, 0.11769688699146517, 0.31441048034934477, 0.28687730180267496, 0.2003956529558357, 0.07663184783104485, 0.016518307791135174, 0.0013724638012672426, 0.03452501465181949, 0.01084402674859931
2025-11-01, 0.11769688699146517, 0.31441048034934477, 0.28687730180267496, 0.2003956529558357, 0.07663184783104485, 0.016518307791135174, 0.0013724638012672426, 0.03452501465181949, 0.01084402674859931
2025-11-01, 0.11769688699146517, 0.31441048034934477, 0.28687730180267496, 0.2003956529558357, 0.07663184783104485, 0.016518307791135174, 0.0013724638012672426, 0.03452501465181949, 0.01084402674859931
2025-11-01, 0.11769688699146517, 0.31441048034934477, 0.28687730180267496, 0.2003956529558357, 0.07663184783104485, 0.016518307791135174, 0.0013724638012672426, 0.03452501465181949, 0.01084402674859931
2025-11-01, 0.11769688699146517, 0.31441048034934477, 0.28687730180267496, 0.2003956529558357, 0.07663184783104485, 0.016518307791135174, 0.0013724638012672426, 0.03452501465181949, 0.01084402674859931
2025-11-01, 0.14494887272726972, 0.02096069868995635, 0.19383601473153708, 0.5302777278215964, 0.3366327601149479, 0.027530512985225283, 0.00274492760253447, 0.04475464862272896, 0.0028536912496313883
2025-11-01, 0.14494887272726972, 0.02096069868995635, 0.19383601473153708, 0.5302777278215964, 0.3366327601149479, 0.027530512985225283, 0.00274492760253447, 0.04475464862272896, 0.0028536912496313883
2025-11-01, 0.11521401895594197, 0.12576419213973786, 0.24811009885636737, 0.2867199342291192, 0.18610591616110927, 0.024777461686702754, 0.0013724638012672275, 0.03516436677500133, 0.0136977179982307
2025-11-01, 0.10128988676504097, 0.1886462882096069, 0.24035665826710603, 0.262055853865324, 0.043789627332025766, 0.024777461686702754, 0.00274492760253447, 0.03196760615909212, 0.01598067099793582
2025-10-02, 0.15815994038289694, 0.20960698689956325, 0.2946307423919363, 0.3021349844564911, 0.37768553573872216, 0.027530512985225283, 0.005489855205068956, 0.03963983163727422, 0.00856107374889419
2025-10-02, 0.12113385470697816, 0.33537117903930114, 0.31789106415972096, 0.2250597333196312, 0.019157961957761333, 0.024777461686702768, 0.0027449276025344853, 0.038361127390910535, 0.005707382499262802
2025-10-02, 0.12113385470697816, 0.33537117903930114, 0.31789106415972096, 0.2250597333196312, 0.019157961957761333, 0.024777461686702768, 0.0027449276025344853, 0.038361127390910535, 0.005707382499262802
2025-10-02, 0.12113385470697816, 0.33537117903930114, 0.31789106415972096, 0.2250597333196312, 0.019157961957761333, 0.024777461686702768, 0.0027449276025344853, 0.038361127390910535, 0.005707382499262802
2025-10-02, 0.12113385470697816, 0.33537117903930114, 0.31789106415972096, 0.2250597333196312, 0.019157961957761333, 0.024777461686702768, 0.0027449276025344853, 0.038361127390910535, 0.005707382499262802
2025-10-02, 0.12113385470697816, 0.33537117903930114, 0.31789106415972096, 0.2250597333196312, 0.019157961957761333, 0.024777461686702768, 0.0027449276025344853, 0.038361127390910535, 0.005707382499262802
2025-10-02, 0.12113385470697816, 0.33537117903930114, 0.31789106415972096, 0.2250597333196312, 0.019157961957761333, 0.024777461686702768, 0.0027449276025344853, 0.038361127390910535, 0.005707382499262802
2025-10-02, 0.12113385470697816, 0.33537117903930114, 0.31789106415972096, 0.2250597333196312, 0.019157961957761333, 0.024777461686702768, 0.0027449276025344853, 0.038361127390910535, 0.005707382499262802
2025-10-02, 0.12113385470697816, 0.33537117903930114, 0.31789106415972096, 0.2250597333196312, 0.019157961957761333, 0.024777461686702768, 0.0027449276025344853, 0.038361127390910535, 0.005707382499262802
2025-10-02, 0.12113385470697816, 0.33537117903930114, 0.31789106415972096, 0.2250597333196312, 0.019157961957761333, 0.024777461686702768, 0.0027449276025344853, 0.038361127390910535, 0.005707382499262802
2025-10-02, 0.12113385470697816, 0.33537117903930114, 0.31789106415972096, 0.2250597333196312, 0.019157961957761333, 0.024777461686702768, 0.0027449276025344853, 0.038361127390910535, 0.005707382499262802
2025-10-02, 0.14309810811538162, 0.02096069868995635, 0.2636169800348903, 0.4624515068211597, 0.32021164986543815, 0.027530512985225283, 0.004117391403801728, 0.04475464862272896, 0.0011414764998525604
2025-10-02, 0.14309810811538162, 0.02096069868995635, 0.2636169800348903, 0.4624515068211597, 0.32021164986543815, 0.027530512985225283, 0.004117391403801728, 0.04475464862272896, 0.0011414764998525604
2025-10-02, 0.12695122500232822, 0.31441048034934477, 0.3566582671060282, 0.26822187395627295, 0.0, 0.024777461686702768, 0.004117391403801728, 0.037721775267728685, 0.00970255024874675
2025-10-02, 0.12177020419788764, 0.33537117903930114, 0.31789106415972096, 0.24047478354700286, 0.010947406833006199, 0.022024410388180236, 0.0027449276025344853, 0.03900047951409238, 0.005707382499262802
2025-09-02, 0.15520017283804594, 0.4401746724890829, 0.38767202946307416, 0.2836369241836446, 0.06568444099803865, 0.013765256492612642, 0.0013724638012672426, 0.033885662528637644, 0.015409932748009551
2025-09-02, 0.15520017283804594, 0.4401746724890829, 0.38767202946307416, 0.2836369241836446, 0.06568444099803865, 0.013765256492612642, 0.0013724638012672426, 0.033885662528637644, 0.015409932748009551
2025-09-02, 0.15520017283804594, 0.4401746724890829, 0.38767202946307416, 0.2836369241836446, 0.06568444099803865, 0.013765256492612642, 0.0013724638012672426, 0.033885662528637644, 0.015409932748009551
2025-09-02, 0.15520017283804594, 0.4401746724890829, 0.38767202946307416, 0.2836369241836446, 0.06568444099803865, 0.013765256492612642, 0.0013724638012672426, 0.033885662528637644, 0.015409932748009551
2025-09-02, 0.15520017283804594, 0.4401746724890829, 0.38767202946307416, 0.2836369241836446, 0.06568444099803865, 0.013765256492612642, 0.0013724638012672426, 0.033885662528637644, 0.015409932748009551
2025-09-02, 0.15520017283804594, 0.4401746724890829, 0.38767202946307416, 0.2836369241836446, 0.06568444099803865, 0.013765256492612642, 0.0013724638012672426, 0.033885662528637644, 0.015409932748009551
2025-09-02, 0.15520017283804594, 0.4401746724890829, 0.38767202946307416, 0.2836369241836446, 0.06568444099803865, 0.013765256492612642, 0.0013724638012672426, 0.033885662528637644, 0.015409932748009551
2025-09-02, 0.15520017283804594, 0.4401746724890829, 0.38767202946307416, 0.2836369241836446, 0.06568444099803865, 0.013765256492612642, 0.0013724638012672426, 0.033885662528637644, 0.015409932748009551
2025-09-02, 0.15520017283804594, 0.4401746724890829, 0.38767202946307416, 0.2836369241836446, 0.06568444099803865, 0.013765256492612642, 0.0013724638012672426, 0.033885662528637644, 0.015409932748009551
2025-09-02, 0.15520017283804594, 0.4401746724890829, 0.38767202946307416, 0.2836369241836446, 0.06568444099803865, 0.013765256492612642, 0.0013724638012672426, 0.033885662528637644, 0.015409932748009551
2025-09-02, 0.15520017283804594, 0.4401746724890829, 0.38767202946307416, 0.2836369241836446, 0.06568444099803865, 0.013765256492612642, 0.0013724638012672426, 0.033885662528637644, 0.015409932748009551
2025-09-02, 0.14512745406962363, 0.20960698689956325, 0.24035665826710603, 0.4162063561390436, 0.22168498836838038, 0.01927135908965769, 0.004117391403801728, 0.038361127390910535, 0.011414764998525603
2025-09-02, 0.14512745406962363, 0.20960698689956325, 0.24035665826710603, 0.4162063561390436, 0.22168498836838038, 0.01927135908965769, 0.004117391403801728, 0.038361127390910535, 0.011414764998525603
2025-09-02, 0.14512745406962363, 0.20960698689956325, 0.24035665826710603, 0.4162063561390436, 0.22168498836838038, 0.01927135908965769, 0.004117391403801728, 0.038361127390910535, 0.011414764998525603
2025-09-02, 0.18707786529632606, 0.16768558951965057, 0.27912386121341365, 0.5549418081853918, 0.426948866487251, 0.016518307791135174, 0.004117391403801728, 0.036443071021365, 0.01084402674859931
2025-08-03, 0.16590532211046935, 0.16768558951965057, 0.271370420624152, 0.4686175269121086, 0.30926424303243194, 0.016518307791135174, 0.009607246608870683, 0.03452501465181949, 0.04965422774358634
2025-08-03, 0.1339916160333976, 0.48209606986899556, 0.32564450474898227, 0.1664825424556175, 0.021894813666012883, 0.011012205194090127, 0.004117391403801728, 0.023016676434546315, 0.03766872449513447
2025-08-03, 0.1339916160333976, 0.48209606986899556, 0.32564450474898227, 0.1664825424556175, 0.021894813666012883, 0.011012205194090127, 0.004117391403801728, 0.023016676434546315, 0.03766872449513447
2025-08-03, 0.1339916160333976, 0.48209606986899556, 0.32564450474898227, 0.1664825424556175, 0.021894813666012883, 0.011012205194090127, 0.004117391403801728, 0.023016676434546315, 0.03766872449513447
2025-08-03, 0.1339916160333976, 0.48209606986899556, 0.32564450474898227, 0.1664825424556175, 0.021894813666012883, 0.011012205194090127, 0.004117391403801728, 0.023016676434546315, 0.03766872449513447
2025-08-03, 0.1339916160333976, 0.48209606986899556, 0.32564450474898227, 0.1664825424556175, 0.021894813666012883, 0.011012205194090127, 0.004117391403801728, 0.023016676434546315, 0.03766872449513447
2025-08-03, 0.1339916160333976, 0.48209606986899556, 0.32564450474898227, 0.1664825424556175, 0.021894813666012883, 0.011012205194090127, 0.004117391403801728, 0.023016676434546315, 0.03766872449513447
2025-08-03, 0.1339916160333976, 0.48209606986899556, 0.32564450474898227, 0.1664825424556175, 0.021894813666012883, 0.011012205194090127, 0.004117391403801728, 0.023016676434546315, 0.03766872449513447
2025-08-03, 0.1339916160333976, 0.48209606986899556, 0.32564450474898227, 0.1664825424556175, 0.021894813666012883, 0.011012205194090127, 0.004117391403801728, 0.023016676434546315, 0.03766872449513447
2025-08-03, 0.1339916160333976, 0.48209606986899556, 0.32564450474898227, 0.1664825424556175, 0.021894813666012883, 0.011012205194090127, 0.004117391403801728, 0.023016676434546315, 0.03766872449513447
2025-08-03, 0.1339916160333976, 0.48209606986899556, 0.32564450474898227, 0.1664825424556175, 0.021894813666012883, 0.011012205194090127, 0.004117391403801728, 0.023016676434546315, 0.03766872449513447
2025-08-03, 0.16590532211046935, 0.16768558951965057, 0.271370420624152, 0.4686175269121086, 0.30926424303243194, 0.016518307791135174, 0.009607246608870683, 0.03452501465181949, 0.04965422774358634
2025-08-03, 0.16590532211046935, 0.16768558951965057, 0.271370420624152, 0.4686175269121086, 0.30926424303243194, 0.016518307791135174, 0.009607246608870683, 0.03452501465181949, 0.04965422774358634
2025-08-03, 0.15723104456288742, 0.3772925764192138, 0.3799185888738125, 0.2898029442745935, 0.11768462345481956, 0.011012205194090127, 0.0068623190063361985, 0.031328254035910275, 0.04394684524432354
2025-08-03, 0.15663823247235178, 0.33537117903930114, 0.3489048265167666, 0.2898029442745935, 0.20526387811887062, 0.011012205194090127, 0.005489855205068971, 0.023016676434546315, 0.03424429499557678
2025-07-04, 0.11516513124758626, 0.2934497816593889, 0.08528784648187657, 0.3206330447293374, 0.1423162888290835, 0.013765256492612642, 0.0, 0.0287708455431829, 0.03709798624520817
2025-07-04, 0.11516513124758626, 0.2934497816593889, 0.08528784648187657, 0.3206330447293374, 0.1423162888290835, 0.013765256492612642, 0.0, 0.0287708455431829, 0.03709798624520817
2025-07-04, 0.11516513124758626, 0.2934497816593889, 0.08528784648187657, 0.3206330447293374, 0.1423162888290835, 0.013765256492612642, 0.0, 0.0287708455431829, 0.03709798624520817
2025-07-04, 0.11516513124758626, 0.2934497816593889, 0.08528784648187657, 0.3206330447293374, 0.1423162888290835, 0.013765256492612642, 0.0, 0.0287708455431829, 0.03709798624520817
2025-07-04, 0.11516513124758626, 0.2934497816593889, 0.08528784648187657, 0.3206330447293374, 0.1423162888290835, 0.013765256492612642, 0.0, 0.0287708455431829, 0.03709798624520817
2025-07-04, 0.11516513124758626, 0.2934497816593889, 0.08528784648187657, 0.3206330447293374, 0.1423162888290835, 0.013765256492612642, 0.0, 0.0287708455431829, 0.03709798624520817
2025-07-04, 0.11516513124758626, 0.2934497816593889, 0.08528784648187657, 0.3206330447293374, 0.1423162888290835, 0.013765256492612642, 0.0, 0.0287708455431829, 0.03709798624520817
2025-07-04, 0.11516513124758626, 0.2934497816593889, 0.08528784648187657, 0.3206330447293374, 0.1423162888290835, 0.013765256492612642, 0.0, 0.0287708455431829, 0.03709798624520817
2025-07-04, 0.11516513124758626, 0.2934497816593889, 0.08528784648187657, 0.3206330447293374, 0.1423162888290835, 0.013765256492612642, 0.0, 0.0287708455431829, 0.03709798624520817
2025-07-04, 0.11516513124758626, 0.2934497816593889, 0.08528784648187657, 0.3206330447293374, 0.1423162888290835, 0.013765256492612642, 0.0, 0.0287708455431829, 0.03709798624520817
2025-07-04, 0.11516513124758626, 0.2934497816593889, 0.08528784648187657, 0.3206330447293374, 0.1423162888290835, 0.013765256492612642, 0.0, 0.0287708455431829, 0.03709798624520817
2025-07-04, 0.177583339935548, 0.2096069868995635, 0.10854816824966086, 0.5672738483672894, 0.4214751630707479, 0.016518307791135174, 0.0027449276025344853, 0.04027918376045606, 0.05422013374299658
2025-07-04, 0.177583339935548, 0.2096069868995635, 0.10854816824966086, 0.5672738483672894, 0.4214751630707479, 0.016518307791135174, 0.0027449276025344853, 0.04027918376045606, 0.05422013374299658
2025-07-04, 0.177583339935548, 0.2096069868995635, 0.10854816824966086, 0.5672738483672894, 0.4214751630707479, 0.016518307791135174, 0.0027449276025344853, 0.04027918376045606, 0.05422013374299658
2025-07-04, 0.11063531146284154, 0.35633187772925745, 0.015506881178522981, 0.34838013513860694, 0.07663184783104485, 0.016518307791135174, 0.0, 0.03004954978954659, 0.04166389224461842
2025-06-04, 0.12609289716681937, 0.5240174672489081, 0.08528784648187622, 0.3422141150476583, 0.005473703416503099, 0.011012205194090111, 0.0013724638012672426, 0.03708242314454686, 0.0022829529997051208
2025-06-04, 0.1386754793754232, 0.5659388646288207, 0.10854816824966086, 0.3360480949567096, 0.05473703416503197, 0.00825915389556758, 0.0013724638012672426, 0.023656028557728172, 0.01084402674859931
2025-06-04, 0.1386754793754232, 0.5659388646288207, 0.10854816824966086, 0.3360480949567096, 0.05473703416503197, 0.00825915389556758, 0.0013724638012672426, 0.023656028557728172, 0.01084402674859931
2025-06-04, 0.1386754793754232, 0.5659388646288207, 0.10854816824966086, 0.3360480949567096, 0.05473703416503197, 0.00825915389556758, 0.0013724638012672426, 0.023656028557728172, 0.01084402674859931
2025-06-04, 0.1386754793754232, 0.5659388646288207, 0.10854816824966086, 0.3360480949567096, 0.05473703416503197, 0.00825915389556758, 0.0013724638012672426, 0.023656028557728172, 0.01084402674859931
2025-06-04, 0.1386754793754232, 0.5659388646288207, 0.10854816824966086, 0.3360480949567096, 0.05473703416503197, 0.00825915389556758, 0.0013724638012672426, 0.023656028557728172, 0.01084402674859931
2025-06-04, 0.1386754793754232, 0.5659388646288207, 0.10854816824966086, 0.3360480949567096, 0.05473703416503197, 0.00825915389556758, 0.0013724638012672426, 0.023656028557728172, 0.01084402674859931
2025-06-04, 0.1386754793754232, 0.5659388646288207, 0.10854816824966086, 0.3360480949567096, 0.05473703416503197, 0.00825915389556758, 0.0013724638012672426, 0.023656028557728172, 0.01084402674859931
2025-06-04, 0.1386754793754232, 0.5659388646288207, 0.10854816824966086, 0.3360480949567096, 0.05473703416503197, 0.00825915389556758, 0.0013724638012672426, 0.023656028557728172, 0.01084402674859931
2025-06-04, 0.1386754793754232, 0.5659388646288207, 0.10854816824966086, 0.3360480949567096, 0.05473703416503197, 0.00825915389556758, 0.0013724638012672426, 0.023656028557728172, 0.01084402674859931
2025-06-04, 0.1386754793754232, 0.5659388646288207, 0.10854816824966086, 0.3360480949567096, 0.05473703416503197, 0.00825915389556758, 0.0013724638012672426, 0.023656028557728172, 0.01084402674859931
2025-06-04, 0.16198974785246162, 0.314410480349345, 0.10854816824966086, 0.4747835470030573, 0.33936961182319947, 0.016518307791135174, 0.0013724638012672426, 0.02493473280409186, 0.015980670997935844
2025-06-04, 0.16198974785246162, 0.314410480349345, 0.10854816824966086, 0.4747835470030573, 0.33936961182319947, 0.016518307791135174, 0.0013724638012672426, 0.02493473280409186, 0.015980670997935844
2025-06-04, 0.18956031962770528, 0.46113537117903947, 0.15506881178522947, 0.49636461732137815, 0.342106463531451, 0.013765256492612642, 0.0013724638012672426, 0.030688901912728432, 0.015980670997935844
2025-06-04, 0.1552917859212524, 0.5240174672489081, 0.10079472766039921, 0.43162140636641555, 0.1313688819960773, 0.011012205194090111, 0.0, 0.0332463104054558, 0.010273288498673042
2025-05-05, 0.13352837044749058, 0.5030567685589519, 0.0775344058926149, 0.3206330447293374, 0.10400036491356132, 0.013765256492612642, 0.005489855205068971, 0.030049549789546603, 0.013697717998230724
2025-05-05, 0.18108253039701816, 0.6707423580786027, 0.14731537119596816, 0.40695732600262036, 0.16421110249509638, 0.013765256492612642, 0.0027449276025344853, 0.022377324311364487, 0.020546576997346085
2025-05-05, 0.18108253039701816, 0.6707423580786027, 0.14731537119596816, 0.40695732600262036, 0.16421110249509638, 0.013765256492612642, 0.0027449276025344853, 0.022377324311364487, 0.020546576997346085
2025-05-05, 0.18108253039701816, 0.6707423580786027, 0.14731537119596816, 0.40695732600262036, 0.16421110249509638, 0.013765256492612642, 0.0027449276025344853, 0.022377324311364487, 0.020546576997346085
2025-05-05, 0.18108253039701816, 0.6707423580786027, 0.14731537119596816, 0.40695732600262036, 0.16421110249509638, 0.013765256492612642, 0.0027449276025344853, 0.022377324311364487, 0.020546576997346085
2025-05-05, 0.18108253039701816, 0.6707423580786027, 0.14731537119596816, 0.40695732600262036, 0.16421110249509638, 0.013765256492612642, 0.0027449276025344853, 0.022377324311364487, 0.020546576997346085
2025-05-05, 0.18108253039701816, 0.6707423580786027, 0.14731537119596816, 0.40695732600262036, 0.16421110249509638, 0.013765256492612642, 0.0027449276025344853, 0.022377324311364487, 0.020546576997346085
2025-05-05, 0.18108253039701816, 0.6707423580786027, 0.14731537119596816, 0.40695732600262036, 0.16421110249509638, 0.013765256492612642, 0.0027449276025344853, 0.022377324311364487, 0.020546576997346085
2025-05-05, 0.18108253039701816, 0.6707423580786027, 0.14731537119596816, 0.40695732600262036, 0.16421110249509638, 0.013765256492612642, 0.0027449276025344853, 0.022377324311364487, 0.020546576997346085
2025-05-05, 0.18108253039701816, 0.6707423580786027, 0.14731537119596816, 0.40695732600262036, 0.16421110249509638, 0.013765256492612642, 0.0027449276025344853, 0.022377324311364487, 0.020546576997346085
2025-05-05, 0.18108253039701816, 0.6707423580786027, 0.14731537119596816, 0.40695732600262036, 0.16421110249509638, 0.013765256492612642, 0.0027449276025344853, 0.022377324311364487, 0.020546576997346085
2025-05-05, 0.2034472424800348, 0.5240174672489083, 0.14731537119596816, 0.5518587981399172, 0.3366327601149479, 0.019271359089657707, 0.004117391403801728, 0.03580371889818317, 0.008561073748894215
2025-05-05, 0.2034472424800348, 0.5240174672489083, 0.14731537119596816, 0.5518587981399172, 0.3366327601149479, 0.019271359089657707, 0.004117391403801728, 0.03580371889818317, 0.008561073748894215
2025-05-05, 0.13637216180607986, 0.3982532751091702, 0.062027524714091925, 0.4254553862754669, 0.13957943712083196, 0.016518307791135174, 0.004117391403801728, 0.031328254035910275, 0.013697717998230724
2025-05-05, 0.2034472424800348, 0.5240174672489083, 0.14731537119596816, 0.5518587981399172, 0.3366327601149479, 0.019271359089657707, 0.004117391403801728, 0.03580371889818317, 0.008561073748894215
2025-04-05, 0.1012622561701922, 0.20960698689956325, 0.062027524714091925, 0.2898029442745935, 0.17789536103635462, 0.013765256492612642, 0.006862319006336213, 0.02045926794181896, 0.029678388996166545
2025-04-05, 0.16176569747209088, 0.5240174672489085, 0.20934289591006008, 0.3206330447293377, 0.16968480591159948, 0.011012205194090111, 0.0027449276025344853, 0.02301667643454633, 0.03367355674565051
2025-04-05, 0.16176569747209088, 0.5240174672489085, 0.20934289591006008, 0.3206330447293377, 0.16968480591159948, 0.011012205194090111, 0.0027449276025344853, 0.02301667643454633, 0.03367355674565051
2025-04-05, 0.16176569747209088, 0.5240174672489085, 0.20934289591006008, 0.3206330447293377, 0.16968480591159948, 0.011012205194090111, 0.0027449276025344853, 0.02301667643454633, 0.03367355674565051
2025-04-05, 0.16176569747209088, 0.5240174672489085, 0.20934289591006008, 0.3206330447293377, 0.16968480591159948, 0.011012205194090111, 0.0027449276025344853, 0.02301667643454633, 0.03367355674565051
2025-04-05, 0.16176569747209088, 0.5240174672489085, 0.20934289591006008, 0.3206330447293377, 0.16968480591159948, 0.011012205194090111, 0.0027449276025344853, 0.02301667643454633, 0.03367355674565051
2025-04-05, 0.16176569747209088, 0.5240174672489085, 0.20934289591006008, 0.3206330447293377, 0.16968480591159948, 0.011012205194090111, 0.0027449276025344853, 0.02301667643454633, 0.03367355674565051
2025-04-05, 0.16176569747209088, 0.5240174672489085, 0.20934289591006008, 0.3206330447293377, 0.16968480591159948, 0.011012205194090111, 0.0027449276025344853, 0.02301667643454633, 0.03367355674565051
2025-04-05, 0.16176569747209088, 0.5240174672489085, 0.20934289591006008, 0.3206330447293377, 0.16968480591159948, 0.011012205194090111, 0.0027449276025344853, 0.02301667643454633, 0.03367355674565051
2025-04-05, 0.16176569747209088, 0.5240174672489085, 0.20934289591006008, 0.3206330447293377, 0.16968480591159948, 0.011012205194090111, 0.0027449276025344853, 0.02301667643454633, 0.03367355674565051
2025-04-05, 0.16176569747209088, 0.5240174672489085, 0.20934289591006008, 0.3206330447293377, 0.16968480591159948, 0.011012205194090111, 0.0027449276025344853, 0.02301667643454633, 0.03367355674565051
2025-04-05, 0.15206090309613557, 0.33537117903930136, 0.1473153711959685, 0.5580248182308662, 0.09852666149705823, 0.013765256492612642, 0.006862319006336213, 0.022377324311364487, 0.034244294995576775
2025-04-05, 0.15206090309613557, 0.33537117903930136, 0.1473153711959685, 0.5580248182308662, 0.09852666149705823, 0.013765256492612642, 0.006862319006336213, 0.022377324311364487, 0.034244294995576775
2025-04-05, 0.1523965658038669, 0.16768558951965057, 0.10079472766039956, 0.6690131798679444, 0.1888427678693613, 0.016518307791135174, 0.008234782807603456, 0.028131493420001073, 0.03995167749483958
2025-04-05, 0.15206090309613557, 0.33537117903930136, 0.1473153711959685, 0.5580248182308662, 0.09852666149705823, 0.013765256492612642, 0.006862319006336213, 0.022377324311364487, 0.034244294995576775
2025-03-06, 0.13691956413083303, 0.020960698689956116, 0.015506881178522981, 0.38229324563882516, 0.6185284860648637, 0.00825915389556758, 0.006862319006336213, 0.017262507325909743, 0.025683221246682583
2025-03-06, 0.10267806293797173, 0.020960698689956116, 0.015506881178522981, 0.21272769313773332, 0.5172649728595539, 0.005506102597045048, 0.0027449276025344853, 0.02045926794181896, 0.026253959496608862
2025-03-06, 0.10267806293797173, 0.020960698689956116, 0.015506881178522981, 0.21272769313773332, 0.5172649728595539, 0.005506102597045048, 0.0027449276025344853, 0.02045926794181896, 0.026253959496608862
2025-03-06, 0.10267806293797173, 0.020960698689956116, 0.015506881178522981, 0.21272769313773332, 0.5172649728595539, 0.005506102597045048, 0.0027449276025344853, 0.02045926794181896, 0.026253959496608862
2025-03-06, 0.10267806293797173, 0.020960698689956116, 0.015506881178522981, 0.21272769313773332, 0.5172649728595539, 0.005506102597045048, 0.0027449276025344853, 0.02045926794181896, 0.026253959496608862
2025-03-06, 0.10267806293797173, 0.020960698689956116, 0.015506881178522981, 0.21272769313773332, 0.5172649728595539, 0.005506102597045048, 0.0027449276025344853, 0.02045926794181896, 0.026253959496608862
2025-03-06, 0.10267806293797173, 0.020960698689956116, 0.015506881178522981, 0.21272769313773332, 0.5172649728595539, 0.005506102597045048, 0.0027449276025344853, 0.02045926794181896, 0.026253959496608862
2025-03-06, 0.10267806293797173, 0.020960698689956116, 0.015506881178522981, 0.21272769313773332, 0.5172649728595539, 0.005506102597045048, 0.0027449276025344853, 0.02045926794181896, 0.026253959496608862
2025-03-06, 0.10267806293797173, 0.020960698689956116, 0.015506881178522981, 0.21272769313773332, 0.5172649728595539, 0.005506102597045048, 0.0027449276025344853, 0.02045926794181896, 0.026253959496608862
2025-03-06, 0.10267806293797173, 0.020960698689956116, 0.015506881178522981, 0.21272769313773332, 0.5172649728595539, 0.005506102597045048, 0.0027449276025344853, 0.02045926794181896, 0.026253959496608862
2025-03-06, 0.10267806293797173, 0.020960698689956116, 0.015506881178522981, 0.21272769313773332, 0.5172649728595539, 0.005506102597045048, 0.0027449276025344853, 0.02045926794181896, 0.026253959496608862
2025-03-06, 0.19837596826577883, 0.1467248908296942, 0.062027524714091925, 0.5179456876396987, 0.7909501436847146, 0.011012205194090111, 0.006862319006336213, 0.022377324311364487, 0.029107650746240263
2025-03-06, 0.19837596826577883, 0.1467248908296942, 0.062027524714091925, 0.5179456876396987, 0.7909501436847146, 0.011012205194090111, 0.006862319006336213, 0.022377324311364487, 0.029107650746240263
2025-03-06, 0.12264210323936547, 0.02096069868995635, 0.007753440589261662, 0.3083010045474398, 0.585686265565844, 0.00825915389556758, 0.008234782807603456, 0.01854121157227343, 0.02340026824697746
2025-03-06, 0.1395063214841485, 0.06288209606986905, 0.015506881178522981, 0.3576291652750299, 0.6240021894813668, 0.00825915389556758, 0.004117391403801728, 0.01854121157227343, 0.0251124829967563
2025-02-04, 0.12995664817482203, 0.0419213973799127, 0.10079472766039921, 0.3422141150476583, 0.49537015919354094, 0.005506102597045063, 0.005489855205068971, 0.019819915818637117, 0.028536912496313984
2025-02-04, 0.12995664817482203, 0.0419213973799127, 0.10079472766039921, 0.3422141150476583, 0.49537015919354094, 0.005506102597045063, 0.005489855205068971, 0.019819915818637117, 0.028536912496313984
2025-02-04, 0.12995664817482203, 0.0419213973799127, 0.10079472766039921, 0.3422141150476583, 0.49537015919354094, 0.005506102597045063, 0.005489855205068971, 0.019819915818637117, 0.028536912496313984
2025-02-04, 0.12995664817482203, 0.0419213973799127, 0.10079472766039921, 0.3422141150476583, 0.49537015919354094, 0.005506102597045063, 0.005489855205068971, 0.019819915818637117, 0.028536912496313984
2025-02-04, 0.12995664817482203, 0.0419213973799127, 0.10079472766039921, 0.3422141150476583, 0.49537015919354094, 0.005506102597045063, 0.005489855205068971, 0.019819915818637117, 0.028536912496313984
2025-02-04, 0.12995664817482203, 0.0419213973799127, 0.10079472766039921, 0.3422141150476583, 0.49537015919354094, 0.005506102597045063, 0.005489855205068971, 0.019819915818637117, 0.028536912496313984
2025-02-04, 0.12995664817482203, 0.0419213973799127, 0.10079472766039921, 0.3422141150476583, 0.49537015919354094, 0.005506102597045063, 0.005489855205068971, 0.019819915818637117, 0.028536912496313984
2025-02-04, 0.12995664817482203, 0.0419213973799127, 0.10079472766039921, 0.3422141150476583, 0.49537015919354094, 0.005506102597045063, 0.005489855205068971, 0.019819915818637117, 0.028536912496313984
2025-02-04, 0.12995664817482203, 0.0419213973799127, 0.10079472766039921, 0.3422141150476583, 0.49537015919354094, 0.005506102597045063, 0.005489855205068971, 0.019819915818637117, 0.028536912496313984
2025-02-04, 0.12995664817482203, 0.0419213973799127, 0.10079472766039921, 0.3422141150476583, 0.49537015919354094, 0.005506102597045063, 0.005489855205068971, 0.019819915818637117, 0.028536912496313984
2025-02-04, 0.12995664817482203, 0.0419213973799127, 0.10079472766039921, 0.3422141150476583, 0.49537015919354094, 0.005506102597045063, 0.005489855205068971, 0.019819915818637117, 0.028536912496313984
2025-02-04, 0.22690329266146755, 0.314410480349345, 0.054274084124830264, 0.5241117077306477, 0.837476622724992, 0.011012205194090127, 0.006862319006336213, 0.029410197666364744, 0.03766872449513447
2025-02-04, 0.22690329266146755, 0.314410480349345, 0.054274084124830264, 0.5241117077306477, 0.837476622724992, 0.011012205194090127, 0.006862319006336213, 0.029410197666364744, 0.03766872449513447
2025-02-04, 0.22690329266146755, 0.314410480349345, 0.054274084124830264, 0.5241117077306477, 0.837476622724992, 0.011012205194090127, 0.006862319006336213, 0.029410197666364744, 0.03766872449513447
2025-02-04, 0.10977498875694938, 0.10480349344978175, 0.03876720294630728, 0.23122575341057985, 0.44063312502850877, 0.008259153895567594, 0.006862319006336213, 0.01854121157227343, 0.029107650746240252
2025-01-05, 0.1090515683382626, 0.12576419213973786, 0.0, 0.2250597333196312, 0.4707384938192768, 0.008259153895567594, 0.005489855205068971, 0.01598380307954606, 0.021117315247272343
2025-01-05, 0.09526266699108182, 0.0, 0.062027524714091925, 0.20656167304678463, 0.44336997673676054, 0.008259153895567594, 0.005489855205068971, 0.014705098833182372, 0.02168805349719862
2025-01-05, 0.09526266699108182, 0.0, 0.062027524714091925, 0.20656167304678463, 0.44336997673676054, 0.008259153895567594, 0.005489855205068971, 0.014705098833182372, 0.02168805349719862
2025-01-05, 0.09526266699108182, 0.0, 0.062027524714091925, 0.20656167304678463, 0.44336997673676054, 0.008259153895567594, 0.005489855205068971, 0.014705098833182372, 0.02168805349719862
2025-01-05, 0.09526266699108182, 0.0, 0.062027524714091925, 0.20656167304678463, 0.44336997673676054, 0.008259153895567594, 0.005489855205068971, 0.014705098833182372, 0.02168805349719862
2025-01-05, 0.09526266699108182, 0.0, 0.062027524714091925, 0.20656167304678463, 0.44336997673676054, 0.008259153895567594, 0.005489855205068971, 0.014705098833182372, 0.02168805349719862
2025-01-05, 0.09526266699108182, 0.0, 0.062027524714091925, 0.20656167304678463, 0.44336997673676054, 0.008259153895567594, 0.005489855205068971, 0.014705098833182372, 0.02168805349719862
2025-01-05, 0.09526266699108182, 0.0, 0.062027524714091925, 0.20656167304678463, 0.44336997673676054, 0.008259153895567594, 0.005489855205068971, 0.014705098833182372, 0.02168805349719862
2025-01-05, 0.09526266699108182, 0.0, 0.062027524714091925, 0.20656167304678463, 0.44336997673676054, 0.008259153895567594, 0.005489855205068971, 0.014705098833182372, 0.02168805349719862
2025-01-05, 0.09526266699108182, 0.0, 0.062027524714091925, 0.20656167304678463, 0.44336997673676054, 0.008259153895567594, 0.005489855205068971, 0.014705098833182372, 0.02168805349719862
2025-01-05, 0.09526266699108182, 0.0, 0.062027524714091925, 0.20656167304678463, 0.44336997673676054, 0.008259153895567594, 0.005489855205068971, 0.014705098833182372, 0.02168805349719862
2025-01-05, 0.17920861453898265, 0.1886462882096069, 0.031013762357045963, 0.456285486730211, 0.7006340373124118, 0.013765256492612642, 0.006862319006336213, 0.015344450956364216, 0.021117315247272343
2025-01-05, 0.17920861453898265, 0.1886462882096069, 0.031013762357045963, 0.456285486730211, 0.7006340373124118, 0.013765256492612642, 0.006862319006336213, 0.015344450956364216, 0.021117315247272343
2025-01-05, 0.10328256143424175, 0.02096069868995635, 0.046520643535568944, 0.2558898337743751, 0.4515805318615154, 0.008259153895567594, 0.006862319006336213, 0.012787042463636844, 0.02340026824697746
2025-01-05, 0.11220259984084319, 0.0, 0.08528784648187622, 0.2836369241836446, 0.4898964557770379, 0.005506102597045063, 0.0027449276025344853, 0.013426394586818687, 0.01712214749778839
2024-12-06, 0.13637769932778931, 0.16768558951965057, 0.13180849001744516, 0.18498060272846403, 0.5692651553163345, 0.0027530512985225165, 0.004117391403801728, 0.012147690340455, 0.018263623997640952
2024-12-06, 0.13637769932778931, 0.16768558951965057, 0.13180849001744516, 0.18498060272846403, 0.5692651553163345, 0.0027530512985225165, 0.004117391403801728, 0.012147690340455, 0.018263623997640952
2024-12-06, 0.13637769932778931, 0.16768558951965057, 0.13180849001744516, 0.18498060272846403, 0.5692651553163345, 0.0027530512985225165, 0.004117391403801728, 0.012147690340455, 0.018263623997640952
2024-12-06, 0.13637769932778931, 0.16768558951965057, 0.13180849001744516, 0.18498060272846403, 0.5692651553163345, 0.0027530512985225165, 0.004117391403801728, 0.012147690340455, 0.018263623997640952
2024-12-06, 0.13637769932778931, 0.16768558951965057, 0.13180849001744516, 0.18498060272846403, 0.5692651553163345, 0.0027530512985225165, 0.004117391403801728, 0.012147690340455, 0.018263623997640952
2024-12-06, 0.13637769932778931, 0.16768558951965057, 0.13180849001744516, 0.18498060272846403, 0.5692651553163345, 0.0027530512985225165, 0.004117391403801728, 0.012147690340455, 0.018263623997640952
2024-12-06, 0.13637769932778931, 0.16768558951965057, 0.13180849001744516, 0.18498060272846403, 0.5692651553163345, 0.0027530512985225165, 0.004117391403801728, 0.012147690340455, 0.018263623997640952
2024-12-06, 0.13637769932778931, 0.16768558951965057, 0.13180849001744516, 0.18498060272846403, 0.5692651553163345, 0.0027530512985225165, 0.004117391403801728, 0.012147690340455, 0.018263623997640952
2024-12-06, 0.13637769932778931, 0.16768558951965057, 0.13180849001744516, 0.18498060272846403, 0.5692651553163345, 0.0027530512985225165, 0.004117391403801728, 0.012147690340455, 0.018263623997640952
2024-12-06, 0.13637769932778931, 0.16768558951965057, 0.13180849001744516, 0.18498060272846403, 0.5692651553163345, 0.0027530512985225165, 0.004117391403801728, 0.012147690340455, 0.018263623997640952
2024-12-06, 0.13637769932778931, 0.16768558951965057, 0.13180849001744516, 0.18498060272846403, 0.5692651553163345, 0.0027530512985225165, 0.004117391403801728, 0.012147690340455, 0.018263623997640952
2024-12-06, 0.192043808778839, 0.0838427947598254, 0.0775344058926149, 0.4501194666392624, 0.8538977329745016, 0.013765256492612642, 0.010979710410137926, 0.021098620065000802, 0.0251124829967563
2024-12-06, 0.192043808778839, 0.0838427947598254, 0.0775344058926149, 0.4501194666392624, 0.8538977329745016, 0.013765256492612642, 0.010979710410137926, 0.021098620065000802, 0.0251124829967563
2024-12-06, 0.192043808778839, 0.0838427947598254, 0.0775344058926149, 0.4501194666392624, 0.8538977329745016, 0.013765256492612642, 0.010979710410137926, 0.021098620065000802, 0.0251124829967563
2024-12-06, 0.14699198829979532, 0.16768558951965057, 0.13956193060670666, 0.2373917735015288, 0.5884231172740956, 0.005506102597045048, 0.00823478280760344, 0.010868986094091329, 0.018263623997640952
2024-11-06, 0.13708797188222344, 0.10480349344978152, 0.10079472766039921, 0.2250597333196312, 0.6157916343566118, 0.011012205194090111, 0.009607246608870683, 0.010229633970909487, 0.019405100497493513
2024-11-06, 0.13708797188222344, 0.10480349344978152, 0.10079472766039921, 0.2250597333196312, 0.6157916343566118, 0.011012205194090111, 0.009607246608870683, 0.010229633970909487, 0.019405100497493513
2024-11-06, 0.13708797188222344, 0.10480349344978152, 0.10079472766039921, 0.2250597333196312, 0.6157916343566118, 0.011012205194090111, 0.009607246608870683, 0.010229633970909487, 0.019405100497493513
2024-11-06, 0.13708797188222344, 0.10480349344978152, 0.10079472766039921, 0.2250597333196312, 0.6157916343566118, 0.011012205194090111, 0.009607246608870683, 0.010229633970909487, 0.019405100497493513
2024-11-06, 0.13708797188222344, 0.10480349344978152, 0.10079472766039921, 0.2250597333196312, 0.6157916343566118, 0.011012205194090111, 0.009607246608870683, 0.010229633970909487, 0.019405100497493513
2024-11-06, 0.13708797188222344, 0.10480349344978152, 0.10079472766039921, 0.2250597333196312, 0.6157916343566118, 0.011012205194090111, 0.009607246608870683, 0.010229633970909487, 0.019405100497493513
2024-11-06, 0.13708797188222344, 0.10480349344978152, 0.10079472766039921, 0.2250597333196312, 0.6157916343566118, 0.011012205194090111, 0.009607246608870683, 0.010229633970909487, 0.019405100497493513
2024-11-06, 0.13708797188222344, 0.10480349344978152, 0.10079472766039921, 0.2250597333196312, 0.6157916343566118, 0.011012205194090111, 0.009607246608870683, 0.010229633970909487, 0.019405100497493513
2024-11-06, 0.13708797188222344, 0.10480349344978152, 0.10079472766039921, 0.2250597333196312, 0.6157916343566118, 0.011012205194090111, 0.009607246608870683, 0.010229633970909487, 0.019405100497493513
2024-11-06, 0.13708797188222344, 0.10480349344978152, 0.10079472766039921, 0.2250597333196312, 0.6157916343566118, 0.011012205194090111, 0.009607246608870683, 0.010229633970909487, 0.019405100497493513
2024-11-06, 0.13708797188222344, 0.10480349344978152, 0.10079472766039921, 0.2250597333196312, 0.6157916343566118, 0.011012205194090111, 0.009607246608870683, 0.010229633970909487, 0.019405100497493513
2024-11-06, 0.16848248292110682, 0.0419213973799127, 0.13180849001744516, 0.3884592657297741, 0.7252657026866765, 0.013765256492612642, 0.009607246608870683, 0.015344450956364216, 0.02168805349719862
2024-11-06, 0.16848248292110682, 0.0419213973799127, 0.13180849001744516, 0.3884592657297741, 0.7252657026866765, 0.013765256492612642, 0.009607246608870683, 0.015344450956364216, 0.02168805349719862
2024-11-06, 0.16848248292110682, 0.0419213973799127, 0.13180849001744516, 0.3884592657297741, 0.7252657026866765, 0.013765256492612642, 0.009607246608870683, 0.015344450956364216, 0.02168805349719862
2024-11-06, 0.1263911474898515, 0.06288209606986882, 0.16282225237449113, 0.19731264291036138, 0.5418966382338185, 0.011012205194090111, 0.010979710410137926, 0.007672225478182115, 0.016551409247862112
2024-10-07, 0.13217792606058712, 0.06288209606986905, 0.10079472766039921, 0.2127276931377336, 0.6541075582721345, 0.005506102597045048, 0.0068623190063361985, 0.0025574084927273717, 0.011985503248451872
2024-10-07, 0.12404754291945233, 0.02096069868995635, 0.1240550494281835, 0.19114662281941272, 0.6294758928978701, 0.00825915389556758, 0.0068623190063361985, 0.0019180563695455287, 0.00970255024874675
2024-10-07, 0.12404754291945233, 0.02096069868995635, 0.1240550494281835, 0.19114662281941272, 0.6294758928978701, 0.00825915389556758, 0.0068623190063361985, 0.0019180563695455287, 0.00970255024874675
2024-10-07, 0.12404754291945233, 0.02096069868995635, 0.1240550494281835, 0.19114662281941272, 0.6294758928978701, 0.00825915389556758, 0.0068623190063361985, 0.0019180563695455287, 0.00970255024874675
2024-10-07, 0.12404754291945233, 0.02096069868995635, 0.1240550494281835, 0.19114662281941272, 0.6294758928978701, 0.00825915389556758, 0.0068623190063361985, 0.0019180563695455287, 0.00970255024874675
2024-10-07, 0.12404754291945233, 0.02096069868995635, 0.1240550494281835, 0.19114662281941272, 0.6294758928978701, 0.00825915389556758, 0.0068623190063361985, 0.0019180563695455287, 0.00970255024874675
2024-10-07, 0.12404754291945233, 0.02096069868995635, 0.1240550494281835, 0.19114662281941272, 0.6294758928978701, 0.00825915389556758, 0.0068623190063361985, 0.0019180563695455287, 0.00970255024874675
2024-10-07, 0.12404754291945233, 0.02096069868995635, 0.1240550494281835, 0.19114662281941272, 0.6294758928978701, 0.00825915389556758, 0.0068623190063361985, 0.0019180563695455287, 0.00970255024874675
2024-10-07, 0.12404754291945233, 0.02096069868995635, 0.1240550494281835, 0.19114662281941272, 0.6294758928978701, 0.00825915389556758, 0.0068623190063361985, 0.0019180563695455287, 0.00970255024874675
2024-10-07, 0.12404754291945233, 0.02096069868995635, 0.1240550494281835, 0.19114662281941272, 0.6294758928978701, 0.00825915389556758, 0.0068623190063361985, 0.0019180563695455287, 0.00970255024874675
2024-10-07, 0.12404754291945233, 0.02096069868995635, 0.1240550494281835, 0.19114662281941272, 0.6294758928978701, 0.00825915389556758, 0.0068623190063361985, 0.0019180563695455287, 0.00970255024874675
2024-10-07, 0.1846940713951654, 0.06288209606986905, 0.08528784648187622, 0.403874315957146, 0.8922136568900244, 0.00825915389556758, 0.0068623190063361985, 0.0044754648622729, 0.013697717998230712
2024-10-07, 0.1846940713951654, 0.06288209606986905, 0.08528784648187622, 0.403874315957146, 0.8922136568900244, 0.00825915389556758, 0.0068623190063361985, 0.0044754648622729, 0.013697717998230712
2024-10-07, 0.12628581406705006, 0.06288209606986905, 0.10079472766039921, 0.2558898337743751, 0.5665283036080829, 0.005506102597045048, 0.005489855205068956, 0.0006393521231818429, 0.01255624149837815
2024-10-07, 0.1433474274581231, 0.06288209606986905, 0.1085481682496607, 0.2836369241836446, 0.6677918168133925, 0.005506102597045048, 0.0068623190063361985, 0.0012787042463636858, 0.01027328849867303
2024-09-07, 0.15608755882323475, 0.02096069868995635, 0.2636169800348907, 0.25280682372890073, 0.6896866304794054, 0.0027530512985225165, 0.009607246608870683, 0.0012787042463636858, 0.00799033549896791
2024-09-07, 0.15608755882323475, 0.02096069868995635, 0.2636169800348907, 0.25280682372890073, 0.6896866304794054, 0.0027530512985225165, 0.009607246608870683, 0.0012787042463636858, 0.00799033549896791
2024-09-07, 0.15608755882323475, 0.02096069868995635, 0.2636169800348907, 0.25280682372890073, 0.6896866304794054, 0.0027530512985225165, 0.009607246608870683, 0.0012787042463636858, 0.00799033549896791
2024-09-07, 0.15608755882323475, 0.02096069868995635, 0.2636169800348907, 0.25280682372890073, 0.6896866304794054, 0.0027530512985225165, 0.009607246608870683, 0.0012787042463636858, 0.00799033549896791
2024-09-07, 0.15608755882323475, 0.02096069868995635, 0.2636169800348907, 0.25280682372890073, 0.6896866304794054, 0.0027530512985225165, 0.009607246608870683, 0.0012787042463636858, 0.00799033549896791
2024-09-07, 0.15608755882323475, 0.02096069868995635, 0.2636169800348907, 0.25280682372890073, 0.6896866304794054, 0.0027530512985225165, 0.009607246608870683, 0.0012787042463636858, 0.00799033549896791
2024-09-07, 0.15608755882323475, 0.02096069868995635, 0.2636169800348907, 0.25280682372890073, 0.6896866304794054, 0.0027530512985225165, 0.009607246608870683, 0.0012787042463636858, 0.00799033549896791
2024-09-07, 0.15608755882323475, 0.02096069868995635, 0.2636169800348907, 0.25280682372890073, 0.6896866304794054, 0.0027530512985225165, 0.009607246608870683, 0.0012787042463636858, 0.00799033549896791
2024-09-07, 0.15608755882323475, 0.02096069868995635, 0.2636169800348907, 0.25280682372890073, 0.6896866304794054, 0.0027530512985225165, 0.009607246608870683, 0.0012787042463636858, 0.00799033549896791
2024-09-07, 0.15608755882323475, 0.02096069868995635, 0.2636169800348907, 0.25280682372890073, 0.6896866304794054, 0.0027530512985225165, 0.009607246608870683, 0.0012787042463636858, 0.00799033549896791
2024-09-07, 0.15608755882323475, 0.02096069868995635, 0.2636169800348907, 0.25280682372890073, 0.6896866304794054, 0.0027530512985225165, 0.009607246608870683, 0.0012787042463636858, 0.00799033549896791
2024-09-07, 0.21182394339484742, 0.06288209606986905, 0.2636169800348907, 0.456285486730211, 0.8757925466405146, 0.00825915389556758, 0.00823478280760344, 0.006393521231818415, 0.013126979748304431
2024-09-07, 0.21182394339484742, 0.06288209606986905, 0.2636169800348907, 0.456285486730211, 0.8757925466405146, 0.00825915389556758, 0.00823478280760344, 0.006393521231818415, 0.013126979748304431
2024-09-07, 0.21182394339484742, 0.06288209606986905, 0.2636169800348907, 0.456285486730211, 0.8757925466405146, 0.00825915389556758, 0.00823478280760344, 0.006393521231818415, 0.013126979748304431
2024-09-07, 0.1277084945040606, 0.0419213973799127, 0.28687730180267496, 0.1541505022737199, 0.5063175660265476, 0.005506102597045048, 0.012352174211405168, 0.0025574084927273717, 0.011985503248451872
2024-08-08, 0.1797526888146471, 0.0, 0.0, 0.6320170593222515, 0.7854764402682118, 0.0027530512985225165, 0.0068623190063361985, 0.0006393521231818429, 0.01027328849867303
2024-08-08, 0.1566120033420224, 0.06288209606986905, 0.0775344058926149, 0.480949567094006, 0.6075810792318572, 0.005506102597045048, 0.009607246608870683, 0.0025574084927273717, 0.006278120749189069
2024-08-08, 0.1566120033420224, 0.06288209606986905, 0.0775344058926149, 0.480949567094006, 0.6075810792318572, 0.005506102597045048, 0.009607246608870683, 0.0025574084927273717, 0.006278120749189069
2024-08-08, 0.1566120033420224, 0.06288209606986905, 0.0775344058926149, 0.480949567094006, 0.6075810792318572, 0.005506102597045048, 0.009607246608870683, 0.0025574084927273717, 0.006278120749189069
2024-08-08, 0.1566120033420224, 0.06288209606986905, 0.0775344058926149, 0.480949567094006, 0.6075810792318572, 0.005506102597045048, 0.009607246608870683, 0.0025574084927273717, 0.006278120749189069
2024-08-08, 0.1566120033420224, 0.06288209606986905, 0.0775344058926149, 0.480949567094006, 0.6075810792318572, 0.005506102597045048, 0.009607246608870683, 0.0025574084927273717, 0.006278120749189069
2024-08-08, 0.1566120033420224, 0.06288209606986905, 0.0775344058926149, 0.480949567094006, 0.6075810792318572, 0.005506102597045048, 0.009607246608870683, 0.0025574084927273717, 0.006278120749189069
2024-08-08, 0.1566120033420224, 0.06288209606986905, 0.0775344058926149, 0.480949567094006, 0.6075810792318572, 0.005506102597045048, 0.009607246608870683, 0.0025574084927273717, 0.006278120749189069
2024-08-08, 0.1566120033420224, 0.06288209606986905, 0.0775344058926149, 0.480949567094006, 0.6075810792318572, 0.005506102597045048, 0.009607246608870683, 0.0025574084927273717, 0.006278120749189069
2024-08-08, 0.1566120033420224, 0.06288209606986905, 0.0775344058926149, 0.480949567094006, 0.6075810792318572, 0.005506102597045048, 0.009607246608870683, 0.0025574084927273717, 0.006278120749189069
2024-08-08, 0.1566120033420224, 0.06288209606986905, 0.0775344058926149, 0.480949567094006, 0.6075810792318572, 0.005506102597045048, 0.009607246608870683, 0.0025574084927273717, 0.006278120749189069
2024-08-08, 0.22701643381655257, 0.20960698689956325, 0.0775344058926149, 0.675179199958893, 0.8320029193084891, 0.00825915389556758, 0.005489855205068956, 0.0006393521231818429, 0.007419597249041629
2024-08-08, 0.22701643381655257, 0.20960698689956325, 0.0775344058926149, 0.675179199958893, 0.8320029193084891, 0.00825915389556758, 0.005489855205068956, 0.0006393521231818429, 0.007419597249041629
2024-08-08, 0.1389117448592433, 0.0838427947598254, 0.03876720294630728, 0.43470441641189017, 0.5336860831090636, 0.005506102597045048, 0.00823478280760344, 0.0025574084927273717, 0.003995167749483949
2024-08-08, 0.14964983362400625, 0.0419213973799127, 0.007753440589261319, 0.5826888985946611, 0.5555808967750765, 0.0, 0.004117391403801728, 0.0, 0.005136644249336509
2024-07-09, 0.19219352051087882, 0.1257641921397381, 0.031013762357045963, 0.5302777278215967, 0.832002919308489, 0.0, 0.009607246608870683, 0.008311577601363944, 0.0005707382499262802
2024-07-09, 0.15377486683856206, 0.04192139737991247, 0.0, 0.44703645659378777, 0.7115814441454181, 0.0027530512985225316, 0.005489855205068971, 0.013426394586818687, 0.007990335498967922
2024-07-09, 0.15377486683856206, 0.04192139737991247, 0.0, 0.44703645659378777, 0.7115814441454181, 0.0027530512985225316, 0.005489855205068971, 0.013426394586818687, 0.007990335498967922
2024-07-09, 0.15377486683856206, 0.04192139737991247, 0.0, 0.44703645659378777, 0.7115814441454181, 0.0027530512985225316, 0.005489855205068971, 0.013426394586818687, 0.007990335498967922
2024-07-09, 0.15377486683856206, 0.04192139737991247, 0.0, 0.44703645659378777, 0.7115814441454181, 0.0027530512985225316, 0.005489855205068971, 0.013426394586818687, 0.007990335498967922
2024-07-09, 0.15377486683856206, 0.04192139737991247, 0.0, 0.44703645659378777, 0.7115814441454181, 0.0027530512985225316, 0.005489855205068971, 0.013426394586818687, 0.007990335498967922
2024-07-09, 0.15377486683856206, 0.04192139737991247, 0.0, 0.44703645659378777, 0.7115814441454181, 0.0027530512985225316, 0.005489855205068971, 0.013426394586818687, 0.007990335498967922
2024-07-09, 0.15377486683856206, 0.04192139737991247, 0.0, 0.44703645659378777, 0.7115814441454181, 0.0027530512985225316, 0.005489855205068971, 0.013426394586818687, 0.007990335498967922
2024-07-09, 0.15377486683856206, 0.04192139737991247, 0.0, 0.44703645659378777, 0.7115814441454181, 0.0027530512985225316, 0.005489855205068971, 0.013426394586818687, 0.007990335498967922
2024-07-09, 0.15377486683856206, 0.04192139737991247, 0.0, 0.44703645659378777, 0.7115814441454181, 0.0027530512985225316, 0.005489855205068971, 0.013426394586818687, 0.007990335498967922
2024-07-09, 0.15377486683856206, 0.04192139737991247, 0.0, 0.44703645659378777, 0.7115814441454181, 0.0027530512985225316, 0.005489855205068971, 0.013426394586818687, 0.007990335498967922
2024-07-09, 0.23832567430042298, 0.1257641921397381, 0.046520643535568944, 0.7090923104591115, 0.998950873511837, 0.0, 0.010979710410137926, 0.009590281847727629, 0.005707382499262802
2024-07-09, 0.23832567430042298, 0.1257641921397381, 0.046520643535568944, 0.7090923104591115, 0.998950873511837, 0.0, 0.010979710410137926, 0.009590281847727629, 0.005707382499262802
2024-07-09, 0.16573729063415266, 0.02096069868995635, 0.023260321767784472, 0.5364437479125453, 0.7170551475619212, 0.0027530512985225316, 0.006862319006336213, 0.013426394586818687, 0.005136644249336521
2024-07-09, 0.1667887308237551, 0.02096069868995635, 0.007753440589261491, 0.47786655704853165, 0.7991606988094697, 0.0027530512985225316, 0.008234782807603456, 0.009590281847727629, 0.007990335498967922
2024-06-09, 0.17754284132125223, 0.12576419213973786, 0.031013762357045963, 0.4871155871849548, 0.7526342197691921, 0.0055061025970450555, 0.010979710410137926, 0.0044754648622729, 0.002853691249631401
2024-06-09, 0.17754284132125223, 0.12576419213973786, 0.031013762357045963, 0.4871155871849548, 0.7526342197691921, 0.0055061025970450555, 0.010979710410137926, 0.0044754648622729, 0.002853691249631401
2024-06-09, 0.17754284132125223, 0.12576419213973786, 0.031013762357045963, 0.4871155871849548, 0.7526342197691921, 0.0055061025970450555, 0.010979710410137926, 0.0044754648622729, 0.002853691249631401
2024-06-09, 0.17754284132125223, 0.12576419213973786, 0.031013762357045963, 0.4871155871849548, 0.7526342197691921, 0.0055061025970450555, 0.010979710410137926, 0.0044754648622729, 0.002853691249631401
2024-06-09, 0.17754284132125223, 0.12576419213973786, 0.031013762357045963, 0.4871155871849548, 0.7526342197691921, 0.0055061025970450555, 0.010979710410137926, 0.0044754648622729, 0.002853691249631401
2024-06-09, 0.17754284132125223, 0.12576419213973786, 0.031013762357045963, 0.4871155871849548, 0.7526342197691921, 0.0055061025970450555, 0.010979710410137926, 0.0044754648622729, 0.002853691249631401
2024-06-09, 0.17754284132125223, 0.12576419213973786, 0.031013762357045963, 0.4871155871849548, 0.7526342197691921, 0.0055061025970450555, 0.010979710410137926, 0.0044754648622729, 0.002853691249631401
2024-06-09, 0.17754284132125223, 0.12576419213973786, 0.031013762357045963, 0.4871155871849548, 0.7526342197691921, 0.0055061025970450555, 0.010979710410137926, 0.0044754648622729, 0.002853691249631401
2024-06-09, 0.17754284132125223, 0.12576419213973786, 0.031013762357045963, 0.4871155871849548, 0.7526342197691921, 0.0055061025970450555, 0.010979710410137926, 0.0044754648622729, 0.002853691249631401
2024-06-09, 0.17754284132125223, 0.12576419213973786, 0.031013762357045963, 0.4871155871849548, 0.7526342197691921, 0.0055061025970450555, 0.010979710410137926, 0.0044754648622729, 0.002853691249631401
2024-06-09, 0.17754284132125223, 0.12576419213973786, 0.031013762357045963, 0.4871155871849548, 0.7526342197691921, 0.0055061025970450555, 0.010979710410137926, 0.0044754648622729, 0.002853691249631401
2024-06-09, 0.22281378467236995, 0.16768558951965057, 0.06978096530335341, 0.6566811396860469, 0.8648451398075081, 0.0, 0.012352174211405168, 0.008311577601363957, 0.002853691249631401
2024-06-09, 0.22281378467236995, 0.16768558951965057, 0.06978096530335341, 0.6566811396860469, 0.8648451398075081, 0.0, 0.012352174211405168, 0.008311577601363957, 0.002853691249631401
2024-06-09, 0.22281378467236995, 0.16768558951965057, 0.06978096530335341, 0.6566811396860469, 0.8648451398075081, 0.0, 0.012352174211405168, 0.008311577601363957, 0.002853691249631401
2024-06-09, 0.2090361129862064, 0.10480349344978152, 0.031013762357045963, 0.6042699689129821, 0.9058979154312823, 0.0055061025970450555, 0.010979710410137926, 0.006393521231818429, 0.003424429499557681
2024-05-10, 0.21619242656066137, 0.25152838427947594, 0.03101376235704579, 0.5549418081853917, 0.8703188432240114, 0.0, 0.012352174211405168, 0.007672225478182115, 0.0017122147497788405
2024-05-10, 0.21619242656066137, 0.25152838427947594, 0.03101376235704579, 0.5549418081853917, 0.8703188432240114, 0.0, 0.012352174211405168, 0.007672225478182115, 0.0017122147497788405
2024-05-10, 0.21619242656066137, 0.25152838427947594, 0.03101376235704579, 0.5549418081853917, 0.8703188432240114, 0.0, 0.012352174211405168, 0.007672225478182115, 0.0017122147497788405
2024-05-10, 0.21619242656066137, 0.25152838427947594, 0.03101376235704579, 0.5549418081853917, 0.8703188432240114, 0.0, 0.012352174211405168, 0.007672225478182115, 0.0017122147497788405
2024-05-10, 0.21619242656066137, 0.25152838427947594, 0.03101376235704579, 0.5549418081853917, 0.8703188432240114, 0.0, 0.012352174211405168, 0.007672225478182115, 0.0017122147497788405
2024-05-10, 0.21619242656066137, 0.25152838427947594, 0.03101376235704579, 0.5549418081853917, 0.8703188432240114, 0.0, 0.012352174211405168, 0.007672225478182115, 0.0017122147497788405
2024-05-10, 0.21619242656066137, 0.25152838427947594, 0.03101376235704579, 0.5549418081853917, 0.8703188432240114, 0.0, 0.012352174211405168, 0.007672225478182115, 0.0017122147497788405
2024-05-10, 0.21619242656066137, 0.25152838427947594, 0.03101376235704579, 0.5549418081853917, 0.8703188432240114, 0.0, 0.012352174211405168, 0.007672225478182115, 0.0017122147497788405
2024-05-10, 0.21619242656066137, 0.25152838427947594, 0.03101376235704579, 0.5549418081853917, 0.8703188432240114, 0.0, 0.012352174211405168, 0.007672225478182115, 0.0017122147497788405
2024-05-10, 0.21619242656066137, 0.25152838427947594, 0.03101376235704579, 0.5549418081853917, 0.8703188432240114, 0.0, 0.012352174211405168, 0.007672225478182115, 0.0017122147497788405
2024-05-10, 0.21619242656066137, 0.25152838427947594, 0.03101376235704579, 0.5549418081853917, 0.8703188432240114, 0.0, 0.012352174211405168, 0.007672225478182115, 0.0017122147497788405
2024-05-10, 0.2808550336908858, 0.314410480349345, 0.007753440589261491, 0.8262466921871388, 1.0810564247593852, 0.0, 0.010979710410137926, 0.006393521231818429, 0.0
2024-05-10, 0.2808550336908858, 0.314410480349345, 0.007753440589261491, 0.8262466921871388, 1.0810564247593852, 0.0, 0.010979710410137926, 0.006393521231818429, 0.0
2024-05-10, 0.2808550336908858, 0.314410480349345, 0.007753440589261491, 0.8262466921871388, 1.0810564247593852, 0.0, 0.010979710410137926, 0.006393521231818429, 0.0
2024-05-10, 0.2056551030228588, 0.20960698689956325, 0.03101376235704579, 0.5487757880944428, 0.8292660676002372, 0.0055061025970450555, 0.010979710410137926, 0.0089509297245458, 0.0011414764998525604
2024-04-10, 0.1818392020015524, 0.0838427947598254, 0.03876720294630745, 0.5271947177761221, 0.7772658851434567, 0.0, 0.00823478280760344, 0.01598380307954606, 0.003424429499557681
2024-04-10, 0.18723908816798374, 0.1676855895196508, 0.10079472766039921, 0.45936849677568525, 0.7252657026866761, 0.0055061025970450555, 0.010979710410137926, 0.019180563695455274, 0.009131811998820471
2024-04-10, 0.18723908816798374, 0.1676855895196508, 0.10079472766039921, 0.45936849677568525, 0.7252657026866761, 0.0055061025970450555, 0.010979710410137926, 0.019180563695455274, 0.009131811998820471
2024-04-10, 0.18723908816798374, 0.1676855895196508, 0.10079472766039921, 0.45936849677568525, 0.7252657026866761, 0.0055061025970450555, 0.010979710410137926, 0.019180563695455274, 0.009131811998820471
2024-04-10, 0.18723908816798374, 0.1676855895196508, 0.10079472766039921, 0.45936849677568525, 0.7252657026866761, 0.0055061025970450555, 0.010979710410137926, 0.019180563695455274, 0.009131811998820471
2024-04-10, 0.18723908816798374, 0.1676855895196508, 0.10079472766039921, 0.45936849677568525, 0.7252657026866761, 0.0055061025970450555, 0.010979710410137926, 0.019180563695455274, 0.009131811998820471
2024-04-10, 0.18723908816798374, 0.1676855895196508, 0.10079472766039921, 0.45936849677568525, 0.7252657026866761, 0.0055061025970450555, 0.010979710410137926, 0.019180563695455274, 0.009131811998820471
2024-04-10, 0.18723908816798374, 0.1676855895196508, 0.10079472766039921, 0.45936849677568525, 0.7252657026866761, 0.0055061025970450555, 0.010979710410137926, 0.019180563695455274, 0.009131811998820471
2024-04-10, 0.18723908816798374, 0.1676855895196508, 0.10079472766039921, 0.45936849677568525, 0.7252657026866761, 0.0055061025970450555, 0.010979710410137926, 0.019180563695455274, 0.009131811998820471
2024-04-10, 0.18723908816798374, 0.1676855895196508, 0.10079472766039921, 0.45936849677568525, 0.7252657026866761, 0.0055061025970450555, 0.010979710410137926, 0.019180563695455274, 0.009131811998820471
2024-04-10, 0.18723908816798374, 0.1676855895196508, 0.10079472766039921, 0.45936849677568525, 0.7252657026866761, 0.0055061025970450555, 0.010979710410137926, 0.019180563695455274, 0.009131811998820471
2024-04-10, 0.23644246464512425, 0.08384279475982516, 0.046520643535568944, 0.7800015415050227, 0.949687542763308, 0.0055061025970450555, 0.010979710410137926, 0.012147690340455, 0.002853691249631401
2024-04-10, 0.23644246464512425, 0.08384279475982516, 0.046520643535568944, 0.7800015415050227, 0.949687542763308, 0.0055061025970450555, 0.010979710410137926, 0.012147690340455, 0.002853691249631401
2024-04-10, 0.21187103566794543, 0.0419213973799127, 0.0852878464818764, 0.6289340492767773, 0.9086347671395338, 0.002753051298522524, 0.00823478280760344, 0.01406574671000053, 0.005136644249336521
2024-04-10, 0.20261998830597494, 0.0838427947598254, 0.06978096530335341, 0.558024818230866, 0.8703188432240114, 0.0, 0.009607246608870683, 0.01854121157227343, 0.01084402674859931
2024-03-11, 0.21128499605963277, 0.25152838427947594, 0.062027524714091925, 0.5734398684582381, 0.7690553300187019, 0.0027530512985225316, 0.006862319006336213, 0.0166231552027279, 0.007990335498967922
2024-03-11, 0.20224008250343303, 0.23056768558951962, 0.11630160883892218, 0.4747835470030573, 0.7800027368517083, 0.0, 0.004117391403801728, 0.012147690340455, 0.0
2024-03-11, 0.20224008250343303, 0.23056768558951962, 0.11630160883892218, 0.4747835470030573, 0.7800027368517083, 0.0, 0.004117391403801728, 0.012147690340455, 0.0
2024-03-11, 0.20224008250343303, 0.23056768558951962, 0.11630160883892218, 0.4747835470030573, 0.7800027368517083, 0.0, 0.004117391403801728, 0.012147690340455, 0.0
2024-03-11, 0.20224008250343303, 0.23056768558951962, 0.11630160883892218, 0.4747835470030573, 0.7800027368517083, 0.0, 0.004117391403801728, 0.012147690340455, 0.0
2024-03-11, 0.20224008250343303, 0.23056768558951962, 0.11630160883892218, 0.4747835470030573, 0.7800027368517083, 0.0, 0.004117391403801728, 0.012147690340455, 0.0
2024-03-11, 0.20224008250343303, 0.23056768558951962, 0.11630160883892218, 0.4747835470030573, 0.7800027368517083, 0.0, 0.004117391403801728, 0.012147690340455, 0.0
2024-03-11, 0.20224008250343303, 0.23056768558951962, 0.11630160883892218, 0.4747835470030573, 0.7800027368517083, 0.0, 0.004117391403801728, 0.012147690340455, 0.0
2024-03-11, 0.20224008250343303, 0.23056768558951962, 0.11630160883892218, 0.4747835470030573, 0.7800027368517083, 0.0, 0.004117391403801728, 0.012147690340455, 0.0
2024-03-11, 0.20224008250343303, 0.23056768558951962, 0.11630160883892218, 0.4747835470030573, 0.7800027368517083, 0.0, 0.004117391403801728, 0.012147690340455, 0.0
2024-03-11, 0.20224008250343303, 0.23056768558951962, 0.11630160883892218, 0.4747835470030573, 0.7800027368517083, 0.0, 0.004117391403801728, 0.012147690340455, 0.0
2024-03-11, 0.2754035250414135, 0.2724890829694323, 0.11630160883892218, 0.7183413405955348, 1.0673721662181272, 0.0027530512985225316, 0.005489855205068971, 0.015344450956364216, 0.005136644249336521
2024-03-11, 0.2754035250414135, 0.2724890829694323, 0.11630160883892218, 0.7183413405955348, 1.0673721662181272, 0.0027530512985225316, 0.005489855205068971, 0.015344450956364216, 0.005136644249336521
2024-03-11, 0.20619149924908278, 0.1886462882096069, 0.09304128707113789, 0.5333607378670707, 0.8073712539342244, 0.0, 0.005489855205068971, 0.015344450956364216, 0.006278120749189082
2024-03-11, 0.22107463673298813, 0.25152838427947594, 0.09304128707113789, 0.542609768003494, 0.8484240295579986, 0.0027530512985225316, 0.005489855205068971, 0.017901859449091586, 0.006848858999115362
2024-02-10, 0.18247280991214312, 0.02096069868995635, 0.0775344058926149, 0.5826888985946611, 0.7526342197691922, 0.0027530512985225316, 0.008234782807603456, 0.0012787042463636858, 0.013697717998230712
2024-02-10, 0.18247280991214312, 0.02096069868995635, 0.0775344058926149, 0.5826888985946611, 0.7526342197691922, 0.0027530512985225316, 0.008234782807603456, 0.0012787042463636858, 0.013697717998230712
2024-02-10, 0.18247280991214312, 0.02096069868995635, 0.0775344058926149, 0.5826888985946611, 0.7526342197691922, 0.0027530512985225316, 0.008234782807603456, 0.0012787042463636858, 0.013697717998230712
2024-02-10, 0.18247280991214312, 0.02096069868995635, 0.0775344058926149, 0.5826888985946611, 0.7526342197691922, 0.0027530512985225316, 0.008234782807603456, 0.0012787042463636858, 0.013697717998230712
2024-02-10, 0.18247280991214312, 0.02096069868995635, 0.0775344058926149, 0.5826888985946611, 0.7526342197691922, 0.0027530512985225316, 0.008234782807603456, 0.0012787042463636858, 0.013697717998230712
2024-02-10, 0.18247280991214312, 0.02096069868995635, 0.0775344058926149, 0.5826888985946611, 0.7526342197691922, 0.0027530512985225316, 0.008234782807603456, 0.0012787042463636858, 0.013697717998230712
2024-02-10, 0.18247280991214312, 0.02096069868995635, 0.0775344058926149, 0.5826888985946611, 0.7526342197691922, 0.0027530512985225316, 0.008234782807603456, 0.0012787042463636858, 0.013697717998230712
2024-02-10, 0.18247280991214312, 0.02096069868995635, 0.0775344058926149, 0.5826888985946611, 0.7526342197691922, 0.0027530512985225316, 0.008234782807603456, 0.0012787042463636858, 0.013697717998230712
2024-02-10, 0.18247280991214312, 0.02096069868995635, 0.0775344058926149, 0.5826888985946611, 0.7526342197691922, 0.0027530512985225316, 0.008234782807603456, 0.0012787042463636858, 0.013697717998230712
2024-02-10, 0.18247280991214312, 0.02096069868995635, 0.0775344058926149, 0.5826888985946611, 0.7526342197691922, 0.0027530512985225316, 0.008234782807603456, 0.0012787042463636858, 0.013697717998230712
2024-02-10, 0.18247280991214312, 0.02096069868995635, 0.0775344058926149, 0.5826888985946611, 0.7526342197691922, 0.0027530512985225316, 0.008234782807603456, 0.0012787042463636858, 0.013697717998230712
2024-02-10, 0.23800602446868954, 0.1886462882096069, 0.05427408412483043, 0.6936772602317396, 0.9387401359303015, 0.008259153895567587, 0.009607246608870698, 0.0, 0.01084402674859931
2024-02-10, 0.23800602446868954, 0.1886462882096069, 0.05427408412483043, 0.6936772602317396, 0.9387401359303015, 0.008259153895567587, 0.009607246608870698, 0.0, 0.01084402674859931
2024-02-10, 0.23800602446868954, 0.1886462882096069, 0.05427408412483043, 0.6936772602317396, 0.9387401359303015, 0.008259153895567587, 0.009607246608870698, 0.0, 0.01084402674859931
2024-02-10, 0.18042116136879363, 0.1467248908296942, 0.046520643535568944, 0.5179456876396987, 0.711581444145418, 0.0027530512985225316, 0.006862319006336213, 0.0012787042463636858, 0.00970255024874675
2024-01-11, 0.21271924648836557, 0.08384279475982516, 0.10079472766039921, 0.5796058885491868, 0.9168453222642886, 0.0027530512985225316, 0.0068623190063361985, 0.0019180563695455287, 0.009131811998820483
2024-01-11, 0.1893536421021409, 0.0, 0.10079472766039921, 0.6351000693677261, 0.7608447748939471, 0.0, 0.004117391403801713, 0.0025574084927273717, 0.011414764998525603
2024-01-11, 0.1893536421021409, 0.0, 0.10079472766039921, 0.6351000693677261, 0.7608447748939471, 0.0, 0.004117391403801713, 0.0025574084927273717, 0.011414764998525603
2024-01-11, 0.1893536421021409, 0.0, 0.10079472766039921, 0.6351000693677261, 0.7608447748939471, 0.0, 0.004117391403801713, 0.0025574084927273717, 0.011414764998525603
2024-01-11, 0.1893536421021409, 0.0, 0.10079472766039921, 0.6351000693677261, 0.7608447748939471, 0.0, 0.004117391403801713, 0.0025574084927273717, 0.011414764998525603
2024-01-11, 0.1893536421021409, 0.0, 0.10079472766039921, 0.6351000693677261, 0.7608447748939471, 0.0, 0.004117391403801713, 0.0025574084927273717, 0.011414764998525603
2024-01-11, 0.1893536421021409, 0.0, 0.10079472766039921, 0.6351000693677261, 0.7608447748939471, 0.0, 0.004117391403801713, 0.0025574084927273717, 0.011414764998525603
2024-01-11, 0.1893536421021409, 0.0, 0.10079472766039921, 0.6351000693677261, 0.7608447748939471, 0.0, 0.004117391403801713, 0.0025574084927273717, 0.011414764998525603
2024-01-11, 0.1893536421021409, 0.0, 0.10079472766039921, 0.6351000693677261, 0.7608447748939471, 0.0, 0.004117391403801713, 0.0025574084927273717, 0.011414764998525603
2024-01-11, 0.1893536421021409, 0.0, 0.10079472766039921, 0.6351000693677261, 0.7608447748939471, 0.0, 0.004117391403801713, 0.0025574084927273717, 0.011414764998525603
2024-01-11, 0.1893536421021409, 0.0, 0.10079472766039921, 0.6351000693677261, 0.7608447748939471, 0.0, 0.004117391403801713, 0.0025574084927273717, 0.011414764998525603
2024-01-11, 0.24133672062343056, 0.1257641921397381, 0.12405504942818385, 0.7306733807774324, 0.9250558773890435, 0.008259153895567587, 0.0068623190063361985, 0.008311577601363957, 0.0017122147497788405
2024-01-11, 0.24133672062343056, 0.1257641921397381, 0.12405504942818385, 0.7306733807774324, 0.9250558773890435, 0.008259153895567587, 0.0068623190063361985, 0.008311577601363957, 0.0017122147497788405
2024-01-11, 0.17859831914901866, 0.0, 0.13180849001744516, 0.542609768003494, 0.7280025543949278, 0.005506102597045063, 0.00823478280760344, 0.0006393521231818429, 0.011985503248451884
2024-01-11, 0.1960516293788196, 0.0, 0.10854816824966086, 0.6412660894586748, 0.796423847101218, 0.0027530512985225316, 0.00823478280760344, 0.0031967606159092146, 0.007990335498967922
2023-12-12, 0.20465005753460463, 0.10480349344978152, 0.22484977708858306, 0.5364437479125453, 0.7526342197691922, 0.002753051298522524, 0.004117391403801713, 0.007032873355000272, 0.0045659059994102415
2023-12-12, 0.21638078126450278, 0.08384279475982516, 0.20934289591006008, 0.5919379287310844, 0.8265292158919858, 0.0, 0.005489855205068956, 0.0019180563695455287, 0.011985503248451884
2023-12-12, 0.21638078126450278, 0.08384279475982516, 0.20934289591006008, 0.5919379287310844, 0.8265292158919858, 0.0, 0.005489855205068956, 0.0019180563695455287, 0.011985503248451884
2023-12-12, 0.21638078126450278, 0.08384279475982516, 0.20934289591006008, 0.5919379287310844, 0.8265292158919858, 0.0, 0.005489855205068956, 0.0019180563695455287, 0.011985503248451884
2023-12-12, 0.21638078126450278, 0.08384279475982516, 0.20934289591006008, 0.5919379287310844, 0.8265292158919858, 0.0, 0.005489855205068956, 0.0019180563695455287, 0.011985503248451884
2023-12-12, 0.21638078126450278, 0.08384279475982516, 0.20934289591006008, 0.5919379287310844, 0.8265292158919858, 0.0, 0.005489855205068956, 0.0019180563695455287, 0.011985503248451884
2023-12-12, 0.21638078126450278, 0.08384279475982516, 0.20934289591006008, 0.5919379287310844, 0.8265292158919858, 0.0, 0.005489855205068956, 0.0019180563695455287, 0.011985503248451884
2023-12-12, 0.21638078126450278, 0.08384279475982516, 0.20934289591006008, 0.5919379287310844, 0.8265292158919858, 0.0, 0.005489855205068956, 0.0019180563695455287, 0.011985503248451884
2023-12-12, 0.21638078126450278, 0.08384279475982516, 0.20934289591006008, 0.5919379287310844, 0.8265292158919858, 0.0, 0.005489855205068956, 0.0019180563695455287, 0.011985503248451884
2023-12-12, 0.21638078126450278, 0.08384279475982516, 0.20934289591006008, 0.5919379287310844, 0.8265292158919858, 0.0, 0.005489855205068956, 0.0019180563695455287, 0.011985503248451884
2023-12-12, 0.21638078126450278, 0.08384279475982516, 0.20934289591006008, 0.5919379287310844, 0.8265292158919858, 0.0, 0.005489855205068956, 0.0019180563695455287, 0.011985503248451884
2023-12-12, 0.282624861008317, 0.314410480349345, 0.20934289591006008, 0.6905942501862652, 1.0153719837613469, 0.011012205194090111, 0.00823478280760344, 0.005754169108636586, 0.006278120749189082
2023-12-12, 0.282624861008317, 0.314410480349345, 0.20934289591006008, 0.6905942501862652, 1.0153719837613469, 0.011012205194090111, 0.00823478280760344, 0.005754169108636586, 0.006278120749189082
2023-12-12, 0.2413597841898418, 0.1467248908296942, 0.18608257414227544, 0.6597641497315211, 0.9141084705560371, 0.0055061025970450555, 0.00823478280760344, 0.007032873355000272, 0.003424429499557681
2023-12-12, 0.2173921051291479, 0.10480349344978152, 0.2170963364993214, 0.6073529789584563, 0.7854764402682115, 0.002753051298522524, 0.005489855205068956, 0.007032873355000272, 0.009131811998820483
2023-11-12, 0.26258045533986857, 0.31441048034934477, 0.3489048265167666, 0.595020938776559, 0.8018975505177214, 0.0055061025970450555, 0.009607246608870683, 0.007032873355000272, 0.018263623997640952
2023-11-12, 0.25620788277620105, 0.20960698689956303, 0.32564450474898227, 0.5703568584127638, 0.9031610637230308, 0.0055061025970450555, 0.012352174211405168, 0.0019180563695455287, 0.021117315247272353
2023-11-12, 0.25620788277620105, 0.20960698689956303, 0.32564450474898227, 0.5703568584127638, 0.9031610637230308, 0.0055061025970450555, 0.012352174211405168, 0.0019180563695455287, 0.021117315247272353
2023-11-12, 0.25620788277620105, 0.20960698689956303, 0.32564450474898227, 0.5703568584127638, 0.9031610637230308, 0.0055061025970450555, 0.012352174211405168, 0.0019180563695455287, 0.021117315247272353
2023-11-12, 0.25620788277620105, 0.20960698689956303, 0.32564450474898227, 0.5703568584127638, 0.9031610637230308, 0.0055061025970450555, 0.012352174211405168, 0.0019180563695455287, 0.021117315247272353
2023-11-12, 0.25620788277620105, 0.20960698689956303, 0.32564450474898227, 0.5703568584127638, 0.9031610637230308, 0.0055061025970450555, 0.012352174211405168, 0.0019180563695455287, 0.021117315247272353
2023-11-12, 0.25620788277620105, 0.20960698689956303, 0.32564450474898227, 0.5703568584127638, 0.9031610637230308, 0.0055061025970450555, 0.012352174211405168, 0.0019180563695455287, 0.021117315247272353
2023-11-12, 0.25620788277620105, 0.20960698689956303, 0.32564450474898227, 0.5703568584127638, 0.9031610637230308, 0.0055061025970450555, 0.012352174211405168, 0.0019180563695455287, 0.021117315247272353
2023-11-12, 0.25620788277620105, 0.20960698689956303, 0.32564450474898227, 0.5703568584127638, 0.9031610637230308, 0.0055061025970450555, 0.012352174211405168, 0.0019180563695455287, 0.021117315247272353
2023-11-12, 0.25620788277620105, 0.20960698689956303, 0.32564450474898227, 0.5703568584127638, 0.9031610637230308, 0.0055061025970450555, 0.012352174211405168, 0.0019180563695455287, 0.021117315247272353
2023-11-12, 0.25620788277620105, 0.20960698689956303, 0.32564450474898227, 0.5703568584127638, 0.9031610637230308, 0.0055061025970450555, 0.012352174211405168, 0.0019180563695455287, 0.021117315247272353
2023-11-12, 0.3380984555345745, 0.48209606986899534, 0.3489048265167666, 0.8015826118233437, 1.0290562423026046, 0.008259153895567587, 0.01372463801267241, 0.005754169108636586, 0.015409932748009551
2023-11-12, 0.3380984555345745, 0.48209606986899534, 0.3489048265167666, 0.8015826118233437, 1.0290562423026046, 0.008259153895567587, 0.01372463801267241, 0.005754169108636586, 0.015409932748009551
2023-11-12, 0.3162860790864505, 0.3772925764192138, 0.3489048265167666, 0.6998432803226885, 1.0618984628016241, 0.008259153895567587, 0.01372463801267241, 0.0089509297245458, 0.011414764998525591
2023-11-12, 0.24816249217527175, 0.20960698689956303, 0.31013762357045926, 0.5518587981399172, 0.8730556949322631, 0.0055061025970450555, 0.010979710410137926, 0.007032873355000272, 0.01712214749778839
2023-10-13, 0.2544123919914046, 0.46113537117903924, 0.13956193060670682, 0.6443490995041491, 0.7444236646444373, 0.008259153895567587, 0.006862319006336213, 0.009590281847727644, 0.021117315247272353
2023-10-13, 0.20528116063647628, 0.48209606986899556, 0.11630160883892218, 0.49019859723042924, 0.5063175660265474, 0.008259153895567587, 0.006862319006336213, 0.007672225478182115, 0.024541744746830022
2023-10-13, 0.20528116063647628, 0.48209606986899556, 0.11630160883892218, 0.49019859723042924, 0.5063175660265474, 0.008259153895567587, 0.006862319006336213, 0.007672225478182115, 0.024541744746830022
2023-10-13, 0.20528116063647628, 0.48209606986899556, 0.11630160883892218, 0.49019859723042924, 0.5063175660265474, 0.008259153895567587, 0.006862319006336213, 0.007672225478182115, 0.024541744746830022
2023-10-13, 0.20528116063647628, 0.48209606986899556, 0.11630160883892218, 0.49019859723042924, 0.5063175660265474, 0.008259153895567587, 0.006862319006336213, 0.007672225478182115, 0.024541744746830022
2023-10-13, 0.20528116063647628, 0.48209606986899556, 0.11630160883892218, 0.49019859723042924, 0.5063175660265474, 0.008259153895567587, 0.006862319006336213, 0.007672225478182115, 0.024541744746830022
2023-10-13, 0.20528116063647628, 0.48209606986899556, 0.11630160883892218, 0.49019859723042924, 0.5063175660265474, 0.008259153895567587, 0.006862319006336213, 0.007672225478182115, 0.024541744746830022
2023-10-13, 0.20528116063647628, 0.48209606986899556, 0.11630160883892218, 0.49019859723042924, 0.5063175660265474, 0.008259153895567587, 0.006862319006336213, 0.007672225478182115, 0.024541744746830022
2023-10-13, 0.20528116063647628, 0.48209606986899556, 0.11630160883892218, 0.49019859723042924, 0.5063175660265474, 0.008259153895567587, 0.006862319006336213, 0.007672225478182115, 0.024541744746830022
2023-10-13, 0.20528116063647628, 0.48209606986899556, 0.11630160883892218, 0.49019859723042924, 0.5063175660265474, 0.008259153895567587, 0.006862319006336213, 0.007672225478182115, 0.024541744746830022
2023-10-13, 0.20528116063647628, 0.48209606986899556, 0.11630160883892218, 0.49019859723042924, 0.5063175660265474, 0.008259153895567587, 0.006862319006336213, 0.007672225478182115, 0.024541744746830022
2023-10-13, 0.2967176338235638, 0.62882096069869, 0.16282225237449113, 0.7183413405955348, 0.7991606988094693, 0.016518307791135174, 0.009607246608870698, 0.012787042463636844, 0.025683221246682583
2023-10-13, 0.2967176338235638, 0.62882096069869, 0.16282225237449113, 0.7183413405955348, 0.7991606988094693, 0.016518307791135174, 0.009607246608870698, 0.012787042463636844, 0.025683221246682583
2023-10-13, 0.24232129860198356, 0.4401746724890829, 0.08528784648187622, 0.5826888985946614, 0.7882132919764631, 0.005506102597045063, 0.005489855205068971, 0.0089509297245458, 0.0222587917471249
2023-10-13, 0.2967176338235638, 0.62882096069869, 0.16282225237449113, 0.7183413405955348, 0.7991606988094693, 0.016518307791135174, 0.009607246608870698, 0.012787042463636844, 0.025683221246682583
2023-09-13, 0.20660868723469072, 0.6078602620087337, 0.10854816824966086, 0.3576291652750302, 0.5200018245678056, 0.011012205194090118, 0.004117391403801728, 0.024295380680910018, 0.019405100497493513
2023-09-13, 0.20660868723469072, 0.6078602620087337, 0.10854816824966086, 0.3576291652750302, 0.5200018245678056, 0.011012205194090118, 0.004117391403801728, 0.024295380680910018, 0.019405100497493513
2023-09-13, 0.20660868723469072, 0.6078602620087337, 0.10854816824966086, 0.3576291652750302, 0.5200018245678056, 0.011012205194090118, 0.004117391403801728, 0.024295380680910018, 0.019405100497493513
2023-09-13, 0.20660868723469072, 0.6078602620087337, 0.10854816824966086, 0.3576291652750302, 0.5200018245678056, 0.011012205194090118, 0.004117391403801728, 0.024295380680910018, 0.019405100497493513
2023-09-13, 0.20660868723469072, 0.6078602620087337, 0.10854816824966086, 0.3576291652750302, 0.5200018245678056, 0.011012205194090118, 0.004117391403801728, 0.024295380680910018, 0.019405100497493513
2023-09-13, 0.20660868723469072, 0.6078602620087337, 0.10854816824966086, 0.3576291652750302, 0.5200018245678056, 0.011012205194090118, 0.004117391403801728, 0.024295380680910018, 0.019405100497493513
2023-09-13, 0.20660868723469072, 0.6078602620087337, 0.10854816824966086, 0.3576291652750302, 0.5200018245678056, 0.011012205194090118, 0.004117391403801728, 0.024295380680910018, 0.019405100497493513
2023-09-13, 0.20660868723469072, 0.6078602620087337, 0.10854816824966086, 0.3576291652750302, 0.5200018245678056, 0.011012205194090118, 0.004117391403801728, 0.024295380680910018, 0.019405100497493513
2023-09-13, 0.20660868723469072, 0.6078602620087337, 0.10854816824966086, 0.3576291652750302, 0.5200018245678056, 0.011012205194090118, 0.004117391403801728, 0.024295380680910018, 0.019405100497493513
2023-09-13, 0.20660868723469072, 0.6078602620087337, 0.10854816824966086, 0.3576291652750302, 0.5200018245678056, 0.011012205194090118, 0.004117391403801728, 0.024295380680910018, 0.019405100497493513
2023-09-13, 0.20660868723469072, 0.6078602620087337, 0.10854816824966086, 0.3576291652750302, 0.5200018245678056, 0.011012205194090118, 0.004117391403801728, 0.024295380680910018, 0.019405100497493513
2023-09-13, 0.27477690097497803, 0.7126637554585155, 0.09304128707113789, 0.604269968912982, 0.7143182958536696, 0.011012205194090118, 0.004117391403801728, 0.03196760615909212, 0.026824697746535144
2023-09-13, 0.27477690097497803, 0.7126637554585155, 0.09304128707113789, 0.604269968912982, 0.7143182958536696, 0.011012205194090118, 0.004117391403801728, 0.03196760615909212, 0.026824697746535144
2023-09-13, 0.27477690097497803, 0.7126637554585155, 0.09304128707113789, 0.604269968912982, 0.7143182958536696, 0.011012205194090118, 0.004117391403801728, 0.03196760615909212, 0.026824697746535144
2023-09-13, 0.23704955058092061, 0.6078602620087337, 0.16282225237449113, 0.4717005369575827, 0.599370524107102, 0.005506102597045063, 0.0013724638012672426, 0.02493473280409186, 0.022829529997051182
2023-08-14, 0.09626064065132325, 0.18864628820960713, 0.08528784648187657, 0.18189759268298972, 0.24631665374264483, 0.011012205194090118, 0.00274492760253447, 0.026213437050455545, 0.027966174246387702
2023-08-14, 0.09626064065132325, 0.18864628820960713, 0.08528784648187657, 0.18189759268298972, 0.24631665374264483, 0.011012205194090118, 0.00274492760253447, 0.026213437050455545, 0.027966174246387702
2023-08-14, 0.09626064065132325, 0.18864628820960713, 0.08528784648187657, 0.18189759268298972, 0.24631665374264483, 0.011012205194090118, 0.00274492760253447, 0.026213437050455545, 0.027966174246387702
2023-08-14, 0.09626064065132325, 0.18864628820960713, 0.08528784648187657, 0.18189759268298972, 0.24631665374264483, 0.011012205194090118, 0.00274492760253447, 0.026213437050455545, 0.027966174246387702
2023-08-14, 0.09626064065132325, 0.18864628820960713, 0.08528784648187657, 0.18189759268298972, 0.24631665374264483, 0.011012205194090118, 0.00274492760253447, 0.026213437050455545, 0.027966174246387702
2023-08-14, 0.09626064065132325, 0.18864628820960713, 0.08528784648187657, 0.18189759268298972, 0.24631665374264483, 0.011012205194090118, 0.00274492760253447, 0.026213437050455545, 0.027966174246387702
2023-08-14, 0.09626064065132325, 0.18864628820960713, 0.08528784648187657, 0.18189759268298972, 0.24631665374264483, 0.011012205194090118, 0.00274492760253447, 0.026213437050455545, 0.027966174246387702
2023-08-14, 0.09626064065132325, 0.18864628820960713, 0.08528784648187657, 0.18189759268298972, 0.24631665374264483, 0.011012205194090118, 0.00274492760253447, 0.026213437050455545, 0.027966174246387702
2023-08-14, 0.09626064065132325, 0.18864628820960713, 0.08528784648187657, 0.18189759268298972, 0.24631665374264483, 0.011012205194090118, 0.00274492760253447, 0.026213437050455545, 0.027966174246387702
2023-08-14, 0.09626064065132325, 0.18864628820960713, 0.08528784648187657, 0.18189759268298972, 0.24631665374264483, 0.011012205194090118, 0.00274492760253447, 0.026213437050455545, 0.027966174246387702
2023-08-14, 0.09626064065132325, 0.18864628820960713, 0.08528784648187657, 0.18189759268298972, 0.24631665374264483, 0.011012205194090118, 0.00274492760253447, 0.026213437050455545, 0.027966174246387702
2023-08-14, 0.18534713557230545, 0.3982532751091702, 0.1705756929637528, 0.4316214063664158, 0.3941066459882314, 0.01651830779113518, 0.005489855205068956, 0.03196760615909212, 0.03424429499557678
2023-08-14, 0.18534713557230545, 0.3982532751091702, 0.1705756929637528, 0.4316214063664158, 0.3941066459882314, 0.01651830779113518, 0.005489855205068956, 0.03196760615909212, 0.03424429499557678
2023-08-14, 0.18534713557230545, 0.3982532751091702, 0.1705756929637528, 0.4316214063664158, 0.3941066459882314, 0.01651830779113518, 0.005489855205068956, 0.03196760615909212, 0.03424429499557678
2023-08-14, 0.10870405390124109, 0.23056768558951984, 0.10854816824966086, 0.2558898337743751, 0.20800072982712217, 0.01376525649261265, 0.00274492760253447, 0.025574084927273703, 0.024541744746830022
2023-07-15, 0.1255521115713694, 0.31441048034934527, 0.046520643535568944, 0.32679906482028637, 0.25726406057565104, 0.011012205194090111, 0.004117391403801728, 0.019180563695455257, 0.0251124829967563
2023-07-15, 0.1255521115713694, 0.31441048034934527, 0.046520643535568944, 0.32679906482028637, 0.25726406057565104, 0.011012205194090111, 0.004117391403801728, 0.019180563695455257, 0.0251124829967563
2023-07-15, 0.1255521115713694, 0.31441048034934527, 0.046520643535568944, 0.32679906482028637, 0.25726406057565104, 0.011012205194090111, 0.004117391403801728, 0.019180563695455257, 0.0251124829967563
2023-07-15, 0.1255521115713694, 0.31441048034934527, 0.046520643535568944, 0.32679906482028637, 0.25726406057565104, 0.011012205194090111, 0.004117391403801728, 0.019180563695455257, 0.0251124829967563
2023-07-15, 0.1255521115713694, 0.31441048034934527, 0.046520643535568944, 0.32679906482028637, 0.25726406057565104, 0.011012205194090111, 0.004117391403801728, 0.019180563695455257, 0.0251124829967563
2023-07-15, 0.1255521115713694, 0.31441048034934527, 0.046520643535568944, 0.32679906482028637, 0.25726406057565104, 0.011012205194090111, 0.004117391403801728, 0.019180563695455257, 0.0251124829967563
2023-07-15, 0.1255521115713694, 0.31441048034934527, 0.046520643535568944, 0.32679906482028637, 0.25726406057565104, 0.011012205194090111, 0.004117391403801728, 0.019180563695455257, 0.0251124829967563
2023-07-15, 0.1255521115713694, 0.31441048034934527, 0.046520643535568944, 0.32679906482028637, 0.25726406057565104, 0.011012205194090111, 0.004117391403801728, 0.019180563695455257, 0.0251124829967563
2023-07-15, 0.1255521115713694, 0.31441048034934527, 0.046520643535568944, 0.32679906482028637, 0.25726406057565104, 0.011012205194090111, 0.004117391403801728, 0.019180563695455257, 0.0251124829967563
2023-07-15, 0.1255521115713694, 0.31441048034934527, 0.046520643535568944, 0.32679906482028637, 0.25726406057565104, 0.011012205194090111, 0.004117391403801728, 0.019180563695455257, 0.0251124829967563
2023-07-15, 0.1255521115713694, 0.31441048034934527, 0.046520643535568944, 0.32679906482028637, 0.25726406057565104, 0.011012205194090111, 0.004117391403801728, 0.019180563695455257, 0.0251124829967563
2023-07-15, 0.1694066740163422, 0.46113537117903924, 0.06978096530335359, 0.3668781954114538, 0.3804223874469732, 0.016518307791135167, 0.00823478280760344, 0.019180563695455257, 0.033102818495724225
2023-07-15, 0.1694066740163422, 0.46113537117903924, 0.06978096530335359, 0.3668781954114538, 0.3804223874469732, 0.016518307791135167, 0.00823478280760344, 0.019180563695455257, 0.033102818495724225
2023-07-15, 0.1694066740163422, 0.46113537117903924, 0.06978096530335359, 0.3668781954114538, 0.3804223874469732, 0.016518307791135167, 0.00823478280760344, 0.019180563695455257, 0.033102818495724225
2023-07-15, 0.12671533154877526, 0.2096069868995635, 0.054274084124830604, 0.3021349844564911, 0.369474980613967, 0.013765256492612642, 0.006862319006336213, 0.02621343705045553, 0.031390603745945385
2023-06-15, 0.13369549598579572, 0.3353711790393016, 0.062027524714091925, 0.31755003468386334, 0.28736942936641857, 0.00825915389556758, 0.006862319006336213, 0.023016676434546315, 0.029107650746240263
2023-06-15, 0.13369549598579572, 0.3353711790393016, 0.062027524714091925, 0.31755003468386334, 0.28736942936641857, 0.00825915389556758, 0.006862319006336213, 0.023016676434546315, 0.029107650746240263
2023-06-15, 0.13369549598579572, 0.3353711790393016, 0.062027524714091925, 0.31755003468386334, 0.28736942936641857, 0.00825915389556758, 0.006862319006336213, 0.023016676434546315, 0.029107650746240263
2023-06-15, 0.13369549598579572, 0.3353711790393016, 0.062027524714091925, 0.31755003468386334, 0.28736942936641857, 0.00825915389556758, 0.006862319006336213, 0.023016676434546315, 0.029107650746240263
2023-06-15, 0.13369549598579572, 0.3353711790393016, 0.062027524714091925, 0.31755003468386334, 0.28736942936641857, 0.00825915389556758, 0.006862319006336213, 0.023016676434546315, 0.029107650746240263
2023-06-15, 0.13369549598579572, 0.3353711790393016, 0.062027524714091925, 0.31755003468386334, 0.28736942936641857, 0.00825915389556758, 0.006862319006336213, 0.023016676434546315, 0.029107650746240263
2023-06-15, 0.13369549598579572, 0.3353711790393016, 0.062027524714091925, 0.31755003468386334, 0.28736942936641857, 0.00825915389556758, 0.006862319006336213, 0.023016676434546315, 0.029107650746240263
2023-06-15, 0.13369549598579572, 0.3353711790393016, 0.062027524714091925, 0.31755003468386334, 0.28736942936641857, 0.00825915389556758, 0.006862319006336213, 0.023016676434546315, 0.029107650746240263
2023-06-15, 0.13369549598579572, 0.3353711790393016, 0.062027524714091925, 0.31755003468386334, 0.28736942936641857, 0.00825915389556758, 0.006862319006336213, 0.023016676434546315, 0.029107650746240263
2023-06-15, 0.13369549598579572, 0.3353711790393016, 0.062027524714091925, 0.31755003468386334, 0.28736942936641857, 0.00825915389556758, 0.006862319006336213, 0.023016676434546315, 0.029107650746240263
2023-06-15, 0.13369549598579572, 0.3353711790393016, 0.062027524714091925, 0.31755003468386334, 0.28736942936641857, 0.00825915389556758, 0.006862319006336213, 0.023016676434546315, 0.029107650746240263
2023-06-15, 0.1921077888452198, 0.39825327510917063, 0.0232603217677843, 0.5117796675487502, 0.5200018245678056, 0.016518307791135174, 0.008234782807603456, 0.026852789173637374, 0.03196134199587167
2023-06-15, 0.1921077888452198, 0.39825327510917063, 0.0232603217677843, 0.5117796675487502, 0.5200018245678056, 0.016518307791135174, 0.008234782807603456, 0.026852789173637374, 0.03196134199587167
2023-06-15, 0.1921077888452198, 0.39825327510917063, 0.0232603217677843, 0.5117796675487502, 0.5200018245678056, 0.016518307791135174, 0.008234782807603456, 0.026852789173637374, 0.03196134199587167
2023-06-15, 0.12630615229780498, 0.3353711790393016, 0.0775344058926149, 0.2836369241836446, 0.24631665374264483, 0.016518307791135174, 0.010979710410137926, 0.017262507325909743, 0.022829529997051182
2023-05-16, 0.16510769998340025, 0.5240174672489083, 0.1705756929637528, 0.15106749222824556, 0.399580349404735, 0.013765256492612642, 0.0027449276025344853, 0.02429538068091, 0.034815033245503064
2023-05-16, 0.1600610396154382, 0.3772925764192138, 0.3411513859275056, 0.13873545204634768, 0.35579072207270923, 0.013765256492612642, 0.004117391403801728, 0.021098620065000788, 0.028536912496313984
2023-05-16, 0.1600610396154382, 0.3772925764192138, 0.3411513859275056, 0.13873545204634768, 0.35579072207270923, 0.013765256492612642, 0.004117391403801728, 0.021098620065000788, 0.028536912496313984
2023-05-16, 0.1600610396154382, 0.3772925764192138, 0.3411513859275056, 0.13873545204634768, 0.35579072207270923, 0.013765256492612642, 0.004117391403801728, 0.021098620065000788, 0.028536912496313984
2023-05-16, 0.1600610396154382, 0.3772925764192138, 0.3411513859275056, 0.13873545204634768, 0.35579072207270923, 0.013765256492612642, 0.004117391403801728, 0.021098620065000788, 0.028536912496313984
2023-05-16, 0.1600610396154382, 0.3772925764192138, 0.3411513859275056, 0.13873545204634768, 0.35579072207270923, 0.013765256492612642, 0.004117391403801728, 0.021098620065000788, 0.028536912496313984
2023-05-16, 0.1600610396154382, 0.3772925764192138, 0.3411513859275056, 0.13873545204634768, 0.35579072207270923, 0.013765256492612642, 0.004117391403801728, 0.021098620065000788, 0.028536912496313984
2023-05-16, 0.1600610396154382, 0.3772925764192138, 0.3411513859275056, 0.13873545204634768, 0.35579072207270923, 0.013765256492612642, 0.004117391403801728, 0.021098620065000788, 0.028536912496313984
2023-05-16, 0.1600610396154382, 0.3772925764192138, 0.3411513859275056, 0.13873545204634768, 0.35579072207270923, 0.013765256492612642, 0.004117391403801728, 0.021098620065000788, 0.028536912496313984
2023-05-16, 0.1600610396154382, 0.3772925764192138, 0.3411513859275056, 0.13873545204634768, 0.35579072207270923, 0.013765256492612642, 0.004117391403801728, 0.021098620065000788, 0.028536912496313984
2023-05-16, 0.1600610396154382, 0.3772925764192138, 0.3411513859275056, 0.13873545204634768, 0.35579072207270923, 0.013765256492612642, 0.004117391403801728, 0.021098620065000788, 0.028536912496313984
2023-05-16, 0.1936976004113156, 0.691703056768559, 0.2481100988563677, 0.1726485625465659, 0.34758016694795413, 0.016518307791135174, 0.0027449276025344853, 0.03260695828227396, 0.037668724495134455
2023-05-16, 0.1936976004113156, 0.691703056768559, 0.2481100988563677, 0.1726485625465659, 0.34758016694795413, 0.016518307791135174, 0.0027449276025344853, 0.03260695828227396, 0.037668724495134455
2023-05-16, 0.1650631535175774, 0.46113537117903924, 0.2636169800348907, 0.10482234154612949, 0.426948866487251, 0.013765256492612642, 0.005489855205068971, 0.017901859449091572, 0.026824697746535144
2023-05-16, 0.16767439147330648, 0.48209606986899556, 0.29463074239193665, 0.11715438172802682, 0.3804223874469737, 0.011012205194090111, 0.0027449276025344853, 0.023656028557728158, 0.029678388996166545
2023-04-16, 0.15576713132480977, 0.14672489082969492, 0.28687730180267496, 0.19731264291036166, 0.5501071933585736, 0.011012205194090127, 0.00823478280760344, 0.017901859449091572, 0.027966174246387702
2023-04-16, 0.15576713132480977, 0.14672489082969492, 0.28687730180267496, 0.19731264291036166, 0.5501071933585736, 0.011012205194090127, 0.00823478280760344, 0.017901859449091572, 0.027966174246387702
2023-04-16, 0.15576713132480977, 0.14672489082969492, 0.28687730180267496, 0.19731264291036166, 0.5501071933585736, 0.011012205194090127, 0.00823478280760344, 0.017901859449091572, 0.027966174246387702
2023-04-16, 0.15576713132480977, 0.14672489082969492, 0.28687730180267496, 0.19731264291036166, 0.5501071933585736, 0.011012205194090127, 0.00823478280760344, 0.017901859449091572, 0.027966174246387702
2023-04-16, 0.15576713132480977, 0.14672489082969492, 0.28687730180267496, 0.19731264291036166, 0.5501071933585736, 0.011012205194090127, 0.00823478280760344, 0.017901859449091572, 0.027966174246387702
2023-04-16, 0.15576713132480977, 0.14672489082969492, 0.28687730180267496, 0.19731264291036166, 0.5501071933585736, 0.011012205194090127, 0.00823478280760344, 0.017901859449091572, 0.027966174246387702
2023-04-16, 0.15576713132480977, 0.14672489082969492, 0.28687730180267496, 0.19731264291036166, 0.5501071933585736, 0.011012205194090127, 0.00823478280760344, 0.017901859449091572, 0.027966174246387702
2023-04-16, 0.15576713132480977, 0.14672489082969492, 0.28687730180267496, 0.19731264291036166, 0.5501071933585736, 0.011012205194090127, 0.00823478280760344, 0.017901859449091572, 0.027966174246387702
2023-04-16, 0.15576713132480977, 0.14672489082969492, 0.28687730180267496, 0.19731264291036166, 0.5501071933585736, 0.011012205194090127, 0.00823478280760344, 0.017901859449091572, 0.027966174246387702
2023-04-16, 0.15576713132480977, 0.14672489082969492, 0.28687730180267496, 0.19731264291036166, 0.5501071933585736, 0.011012205194090127, 0.00823478280760344, 0.017901859449091572, 0.027966174246387702
2023-04-16, 0.15576713132480977, 0.14672489082969492, 0.28687730180267496, 0.19731264291036166, 0.5501071933585736, 0.011012205194090127, 0.00823478280760344, 0.017901859449091572, 0.027966174246387702
2023-04-16, 0.23651560405413882, 0.4611353711790397, 0.31789106415972096, 0.4038743159571463, 0.6294758928978701, 0.011012205194090127, 0.0068623190063361985, 0.0287708455431829, 0.033102818495724225
2023-04-16, 0.23651560405413882, 0.4611353711790397, 0.31789106415972096, 0.4038743159571463, 0.6294758928978701, 0.011012205194090127, 0.0068623190063361985, 0.0287708455431829, 0.033102818495724225
2023-04-16, 0.23651560405413882, 0.4611353711790397, 0.31789106415972096, 0.4038743159571463, 0.6294758928978701, 0.011012205194090127, 0.0068623190063361985, 0.0287708455431829, 0.033102818495724225
2023-04-16, 0.17113616483277463, 0.23056768558952032, 0.22484977708858306, 0.3884592657297746, 0.4597910869862706, 0.008259153895567594, 0.00823478280760344, 0.019819915818637103, 0.029107650746240263
2023-03-17, 0.17698388298457093, 0.0838427947598254, 0.38767202946307416, 0.3083010045474398, 0.5774757104410897, 0.005506102597045063, 0.006862319006336213, 0.021098620065000802, 0.0251124829967563
2023-03-17, 0.17698388298457093, 0.0838427947598254, 0.38767202946307416, 0.3083010045474398, 0.5774757104410897, 0.005506102597045063, 0.006862319006336213, 0.021098620065000802, 0.0251124829967563
2023-03-17, 0.17698388298457093, 0.0838427947598254, 0.38767202946307416, 0.3083010045474398, 0.5774757104410897, 0.005506102597045063, 0.006862319006336213, 0.021098620065000802, 0.0251124829967563
2023-03-17, 0.17698388298457093, 0.0838427947598254, 0.38767202946307416, 0.3083010045474398, 0.5774757104410897, 0.005506102597045063, 0.006862319006336213, 0.021098620065000802, 0.0251124829967563
2023-03-17, 0.17698388298457093, 0.0838427947598254, 0.38767202946307416, 0.3083010045474398, 0.5774757104410897, 0.005506102597045063, 0.006862319006336213, 0.021098620065000802, 0.0251124829967563
2023-03-17, 0.17698388298457093, 0.0838427947598254, 0.38767202946307416, 0.3083010045474398, 0.5774757104410897, 0.005506102597045063, 0.006862319006336213, 0.021098620065000802, 0.0251124829967563
2023-03-17, 0.17698388298457093, 0.0838427947598254, 0.38767202946307416, 0.3083010045474398, 0.5774757104410897, 0.005506102597045063, 0.006862319006336213, 0.021098620065000802, 0.0251124829967563
2023-03-17, 0.17698388298457093, 0.0838427947598254, 0.38767202946307416, 0.3083010045474398, 0.5774757104410897, 0.005506102597045063, 0.006862319006336213, 0.021098620065000802, 0.0251124829967563
2023-03-17, 0.17698388298457093, 0.0838427947598254, 0.38767202946307416, 0.3083010045474398, 0.5774757104410897, 0.005506102597045063, 0.006862319006336213, 0.021098620065000802, 0.0251124829967563
2023-03-17, 0.17698388298457093, 0.0838427947598254, 0.38767202946307416, 0.3083010045474398, 0.5774757104410897, 0.005506102597045063, 0.006862319006336213, 0.021098620065000802, 0.0251124829967563
2023-03-17, 0.17698388298457093, 0.0838427947598254, 0.38767202946307416, 0.3083010045474398, 0.5774757104410897, 0.005506102597045063, 0.006862319006336213, 0.021098620065000802, 0.0251124829967563
2023-03-17, 0.23528168557874884, 0.23056768558951937, 0.3644117076952895, 0.456285486730211, 0.7663184783104504, 0.005506102597045063, 0.004117391403801728, 0.023656028557728172, 0.031390603745945385
2023-03-17, 0.23528168557874884, 0.23056768558951937, 0.3644117076952895, 0.456285486730211, 0.7663184783104504, 0.005506102597045063, 0.004117391403801728, 0.023656028557728172, 0.031390603745945385
2023-03-17, 0.23528168557874884, 0.23056768558951937, 0.3644117076952895, 0.456285486730211, 0.7663184783104504, 0.005506102597045063, 0.004117391403801728, 0.023656028557728172, 0.031390603745945385
2023-03-17, 0.14502563306455127, 0.0838427947598254, 0.32564450474898227, 0.24664080363795207, 0.44336997673676076, 0.0027530512985225316, 0.004117391403801728, 0.02301667643454633, 0.030819865496019103
2023-02-15, 0.09858067093591492, 0.020960698689956814, 0.13956193060670719, 0.19422963286488676, 0.3749486840304706, 0.005506102597045063, 0.0068623190063361985, 0.019180563695455274, 0.027395435996461423
2023-02-15, 0.12234821674556509, 0.020960698689955884, 0.2015894553207991, 0.28671993422911896, 0.41052775623774124, 0.005506102597045063, 0.005489855205068956, 0.021737972188182644, 0.026253959496608862
2023-02-15, 0.12234821674556509, 0.020960698689955884, 0.2015894553207991, 0.28671993422911896, 0.41052775623774124, 0.005506102597045063, 0.005489855205068956, 0.021737972188182644, 0.026253959496608862
2023-02-15, 0.12234821674556509, 0.020960698689955884, 0.2015894553207991, 0.28671993422911896, 0.41052775623774124, 0.005506102597045063, 0.005489855205068956, 0.021737972188182644, 0.026253959496608862
2023-02-15, 0.12234821674556509, 0.020960698689955884, 0.2015894553207991, 0.28671993422911896, 0.41052775623774124, 0.005506102597045063, 0.005489855205068956, 0.021737972188182644, 0.026253959496608862
2023-02-15, 0.12234821674556509, 0.020960698689955884, 0.2015894553207991, 0.28671993422911896, 0.41052775623774124, 0.005506102597045063, 0.005489855205068956, 0.021737972188182644, 0.026253959496608862
2023-02-15, 0.12234821674556509, 0.020960698689955884, 0.2015894553207991, 0.28671993422911896, 0.41052775623774124, 0.005506102597045063, 0.005489855205068956, 0.021737972188182644, 0.026253959496608862
2023-02-15, 0.12234821674556509, 0.020960698689955884, 0.2015894553207991, 0.28671993422911896, 0.41052775623774124, 0.005506102597045063, 0.005489855205068956, 0.021737972188182644, 0.026253959496608862
2023-02-15, 0.12234821674556509, 0.020960698689955884, 0.2015894553207991, 0.28671993422911896, 0.41052775623774124, 0.005506102597045063, 0.005489855205068956, 0.021737972188182644, 0.026253959496608862
2023-02-15, 0.12234821674556509, 0.020960698689955884, 0.2015894553207991, 0.28671993422911896, 0.41052775623774124, 0.005506102597045063, 0.005489855205068956, 0.021737972188182644, 0.026253959496608862
2023-02-15, 0.12234821674556509, 0.020960698689955884, 0.2015894553207991, 0.28671993422911896, 0.41052775623774124, 0.005506102597045063, 0.005489855205068956, 0.021737972188182644, 0.026253959496608862
2023-02-15, 0.20365172181172717, 0.14672489082969398, 0.13956193060670719, 0.4932816072759036, 0.7663184783104504, 0.008259153895567594, 0.010979710410137926, 0.028131493420001073, 0.035956509745355615
2023-02-15, 0.20365172181172717, 0.14672489082969398, 0.13956193060670719, 0.4932816072759036, 0.7663184783104504, 0.008259153895567594, 0.010979710410137926, 0.028131493420001073, 0.035956509745355615
2023-02-15, 0.1655995075168875, 0.0419213973799127, 0.255863539445629, 0.3977082958661971, 0.5720020070245866, 0.005506102597045063, 0.0068623190063361985, 0.019819915818637117, 0.0251124829967563
2023-02-15, 0.17606175744029096, 0.10480349344978128, 0.2015894553207991, 0.410040336048095, 0.6322127446061216, 0.008259153895567594, 0.0068623190063361985, 0.017901859449091586, 0.026824697746535144
2023-01-16, 0.11960434193406327, 0.020960698689955884, 0.10854816824966053, 0.32988207486576016, 0.4269488664872505, 0.0027530512985225316, 0.012352174211405168, 0.026852789173637374, 0.028536912496313984
2023-01-16, 0.13750923613295246, 0.2515283842794762, 0.13180849001744516, 0.2620558538653237, 0.40505405282123763, 0.0027530512985225316, 0.012352174211405168, 0.018541211572273415, 0.01598067099793582
2023-01-16, 0.13750923613295246, 0.2515283842794762, 0.13180849001744516, 0.2620558538653237, 0.40505405282123763, 0.0027530512985225316, 0.012352174211405168, 0.018541211572273415, 0.01598067099793582
2023-01-16, 0.13750923613295246, 0.2515283842794762, 0.13180849001744516, 0.2620558538653237, 0.40505405282123763, 0.0027530512985225316, 0.012352174211405168, 0.018541211572273415, 0.01598067099793582
2023-01-16, 0.13750923613295246, 0.2515283842794762, 0.13180849001744516, 0.2620558538653237, 0.40505405282123763, 0.0027530512985225316, 0.012352174211405168, 0.018541211572273415, 0.01598067099793582
2023-01-16, 0.13750923613295246, 0.2515283842794762, 0.13180849001744516, 0.2620558538653237, 0.40505405282123763, 0.0027530512985225316, 0.012352174211405168, 0.018541211572273415, 0.01598067099793582
2023-01-16, 0.13750923613295246, 0.2515283842794762, 0.13180849001744516, 0.2620558538653237, 0.40505405282123763, 0.0027530512985225316, 0.012352174211405168, 0.018541211572273415, 0.01598067099793582
2023-01-16, 0.13750923613295246, 0.2515283842794762, 0.13180849001744516, 0.2620558538653237, 0.40505405282123763, 0.0027530512985225316, 0.012352174211405168, 0.018541211572273415, 0.01598067099793582
2023-01-16, 0.13750923613295246, 0.2515283842794762, 0.13180849001744516, 0.2620558538653237, 0.40505405282123763, 0.0027530512985225316, 0.012352174211405168, 0.018541211572273415, 0.01598067099793582
2023-01-16, 0.13750923613295246, 0.2515283842794762, 0.13180849001744516, 0.2620558538653237, 0.40505405282123763, 0.0027530512985225316, 0.012352174211405168, 0.018541211572273415, 0.01598067099793582
2023-01-16, 0.13750923613295246, 0.2515283842794762, 0.13180849001744516, 0.2620558538653237, 0.40505405282123763, 0.0027530512985225316, 0.012352174211405168, 0.018541211572273415, 0.01598067099793582
2023-01-16, 0.20367613984888006, 0.419213973799127, 0.07753440589261457, 0.45011946663926183, 0.6075810792318567, 0.005506102597045063, 0.012352174211405168, 0.026852789173637374, 0.03024912724609281
2023-01-16, 0.20367613984888006, 0.419213973799127, 0.07753440589261457, 0.45011946663926183, 0.6075810792318567, 0.005506102597045063, 0.012352174211405168, 0.026852789173637374, 0.03024912724609281
2023-01-16, 0.18468469231609397, 0.3353711790393016, 0.1550688117852298, 0.351463145184081, 0.5610546001915794, 0.008259153895567594, 0.01372463801267241, 0.026852789173637374, 0.025683221246682583
2023-01-16, 0.16000634880033407, 0.3144104803493457, 0.07753440589261457, 0.3083010045474398, 0.5200018245678052, 0.005506102597045063, 0.01372463801267241, 0.02173797218818263, 0.01883436224756722
2022-12-17, 0.15764579854305294, 0.1886462882096067, 0.11630160883892253, 0.38229324563882544, 0.5200018245678052, 0.0027530512985225316, 0.0027449276025344853, 0.020459267941818945, 0.027966174246387702
2022-12-17, 0.14611368844295786, 0.2724890829694321, 0.1473153711959685, 0.2620558538653237, 0.43515942161200566, 0.0027530512985225316, 0.0013724638012672426, 0.024934732804091846, 0.022829529997051182
2022-12-17, 0.14611368844295786, 0.2724890829694321, 0.1473153711959685, 0.2620558538653237, 0.43515942161200566, 0.0027530512985225316, 0.0013724638012672426, 0.024934732804091846, 0.022829529997051182
2022-12-17, 0.14611368844295786, 0.2724890829694321, 0.1473153711959685, 0.2620558538653237, 0.43515942161200566, 0.0027530512985225316, 0.0013724638012672426, 0.024934732804091846, 0.022829529997051182
2022-12-17, 0.14611368844295786, 0.2724890829694321, 0.1473153711959685, 0.2620558538653237, 0.43515942161200566, 0.0027530512985225316, 0.0013724638012672426, 0.024934732804091846, 0.022829529997051182
2022-12-17, 0.14611368844295786, 0.2724890829694321, 0.1473153711959685, 0.2620558538653237, 0.43515942161200566, 0.0027530512985225316, 0.0013724638012672426, 0.024934732804091846, 0.022829529997051182
2022-12-17, 0.14611368844295786, 0.2724890829694321, 0.1473153711959685, 0.2620558538653237, 0.43515942161200566, 0.0027530512985225316, 0.0013724638012672426, 0.024934732804091846, 0.022829529997051182
2022-12-17, 0.14611368844295786, 0.2724890829694321, 0.1473153711959685, 0.2620558538653237, 0.43515942161200566, 0.0027530512985225316, 0.0013724638012672426, 0.024934732804091846, 0.022829529997051182
2022-12-17, 0.14611368844295786, 0.2724890829694321, 0.1473153711959685, 0.2620558538653237, 0.43515942161200566, 0.0027530512985225316, 0.0013724638012672426, 0.024934732804091846, 0.022829529997051182
2022-12-17, 0.14611368844295786, 0.2724890829694321, 0.1473153711959685, 0.2620558538653237, 0.43515942161200566, 0.0027530512985225316, 0.0013724638012672426, 0.024934732804091846, 0.022829529997051182
2022-12-17, 0.14611368844295786, 0.2724890829694321, 0.1473153711959685, 0.2620558538653237, 0.43515942161200566, 0.0027530512985225316, 0.0013724638012672426, 0.024934732804091846, 0.022829529997051182
2022-12-17, 0.2091322708081388, 0.2724890829694321, 0.10079472766039921, 0.5241117077306474, 0.6896866304794051, 0.011012205194090127, 0.004117391403801728, 0.032606958282273946, 0.03823946274506074
2022-12-17, 0.2091322708081388, 0.2724890829694321, 0.10079472766039921, 0.5241117077306474, 0.6896866304794051, 0.011012205194090127, 0.004117391403801728, 0.032606958282273946, 0.03823946274506074
2022-12-17, 0.13961383644705794, 0.2096069868995635, 0.13956193060670719, 0.2558898337743751, 0.4488436801532634, 0.0027530512985225316, 0.0013724638012672426, 0.027492141296819216, 0.03139060374594537
2022-12-17, 0.13882162796807568, 0.1257641921397381, 0.12405504942818385, 0.30521799450196546, 0.5035807143182959, 0.0027530512985225316, 0.0, 0.022377324311364473, 0.026824697746535144
2022-11-17, 0.18140706522568825, 0.23056768558951937, 0.10079472766039921, 0.4470364565937875, 0.6048442275236051, 0.016518307791135174, 0.005489855205068971, 0.019180563695455274, 0.026824697746535144
2022-11-17, 0.13410314382562252, 0.1257641921397381, 0.10079472766039921, 0.3175500346838628, 0.45705423527801853, 0.019271359089657707, 0.008234782807603456, 0.017901859449091586, 0.026253959496608862
2022-11-17, 0.13410314382562252, 0.1257641921397381, 0.10079472766039921, 0.3175500346838628, 0.45705423527801853, 0.019271359089657707, 0.008234782807603456, 0.017901859449091586, 0.026253959496608862
2022-11-17, 0.13410314382562252, 0.1257641921397381, 0.10079472766039921, 0.3175500346838628, 0.45705423527801853, 0.019271359089657707, 0.008234782807603456, 0.017901859449091586, 0.026253959496608862
2022-11-17, 0.13410314382562252, 0.1257641921397381, 0.10079472766039921, 0.3175500346838628, 0.45705423527801853, 0.019271359089657707, 0.008234782807603456, 0.017901859449091586, 0.026253959496608862
2022-11-17, 0.13410314382562252, 0.1257641921397381, 0.10079472766039921, 0.3175500346838628, 0.45705423527801853, 0.019271359089657707, 0.008234782807603456, 0.017901859449091586, 0.026253959496608862
2022-11-17, 0.13410314382562252, 0.1257641921397381, 0.10079472766039921, 0.3175500346838628, 0.45705423527801853, 0.019271359089657707, 0.008234782807603456, 0.017901859449091586, 0.026253959496608862
2022-11-17, 0.13410314382562252, 0.1257641921397381, 0.10079472766039921, 0.3175500346838628, 0.45705423527801853, 0.019271359089657707, 0.008234782807603456, 0.017901859449091586, 0.026253959496608862
2022-11-17, 0.13410314382562252, 0.1257641921397381, 0.10079472766039921, 0.3175500346838628, 0.45705423527801853, 0.019271359089657707, 0.008234782807603456, 0.017901859449091586, 0.026253959496608862
2022-11-17, 0.13410314382562252, 0.1257641921397381, 0.10079472766039921, 0.3175500346838628, 0.45705423527801853, 0.019271359089657707, 0.008234782807603456, 0.017901859449091586, 0.026253959496608862
2022-11-17, 0.13410314382562252, 0.1257641921397381, 0.10079472766039921, 0.3175500346838628, 0.45705423527801853, 0.019271359089657707, 0.008234782807603456, 0.017901859449091586, 0.026253959496608862
2022-11-17, 0.19925663224040813, 0.3982532751091702, 0.16282225237449113, 0.38229324563882544, 0.5528440450668247, 0.022024410388180236, 0.008234782807603456, 0.0287708455431829, 0.038810200994987
2022-11-17, 0.19925663224040813, 0.3982532751091702, 0.16282225237449113, 0.38229324563882544, 0.5528440450668247, 0.022024410388180236, 0.008234782807603456, 0.0287708455431829, 0.038810200994987
2022-11-17, 0.14416134559986069, 0.23056768558951937, 0.09304128707113789, 0.2620558538653237, 0.49263330748528916, 0.019271359089657707, 0.006862319006336213, 0.019180563695455274, 0.029678388996166545
2022-11-17, 0.09937631395330819, 0.020960698689955884, 0.031013762357045963, 0.2836369241836446, 0.37221183232221855, 0.019271359089657707, 0.008234782807603456, 0.024295380680910018, 0.03538577149542933
2022-10-18, 0.10898658450813517, 0.1676855895196508, 0.03876720294630728, 0.20347866300131032, 0.3886329425717288, 0.005506102597045063, 0.006862319006336213, 0.02557408492727369, 0.03538577149542935
2022-10-18, 0.09830163039692137, 0.31441048034934477, 0.0, 0.10482234154612949, 0.2928431327829221, 0.011012205194090127, 0.006862319006336213, 0.02621343705045553, 0.030249127246092824
2022-10-18, 0.09830163039692137, 0.31441048034934477, 0.0, 0.10482234154612949, 0.2928431327829221, 0.011012205194090127, 0.006862319006336213, 0.02621343705045553, 0.030249127246092824
2022-10-18, 0.09830163039692137, 0.31441048034934477, 0.0, 0.10482234154612949, 0.2928431327829221, 0.011012205194090127, 0.006862319006336213, 0.02621343705045553, 0.030249127246092824
2022-10-18, 0.09830163039692137, 0.31441048034934477, 0.0, 0.10482234154612949, 0.2928431327829221, 0.011012205194090127, 0.006862319006336213, 0.02621343705045553, 0.030249127246092824
2022-10-18, 0.09830163039692137, 0.31441048034934477, 0.0, 0.10482234154612949, 0.2928431327829221, 0.011012205194090127, 0.006862319006336213, 0.02621343705045553, 0.030249127246092824
2022-10-18, 0.09830163039692137, 0.31441048034934477, 0.0, 0.10482234154612949, 0.2928431327829221, 0.011012205194090127, 0.006862319006336213, 0.02621343705045553, 0.030249127246092824
2022-10-18, 0.09830163039692137, 0.31441048034934477, 0.0, 0.10482234154612949, 0.2928431327829221, 0.011012205194090127, 0.006862319006336213, 0.02621343705045553, 0.030249127246092824
2022-10-18, 0.09830163039692137, 0.31441048034934477, 0.0, 0.10482234154612949, 0.2928431327829221, 0.011012205194090127, 0.006862319006336213, 0.02621343705045553, 0.030249127246092824
2022-10-18, 0.09830163039692137, 0.31441048034934477, 0.0, 0.10482234154612949, 0.2928431327829221, 0.011012205194090127, 0.006862319006336213, 0.02621343705045553, 0.030249127246092824
2022-10-18, 0.09830163039692137, 0.31441048034934477, 0.0, 0.10482234154612949, 0.2928431327829221, 0.011012205194090127, 0.006862319006336213, 0.02621343705045553, 0.030249127246092824
2022-10-18, 0.15391705732457261, 0.419213973799127, 0.023260321767783955, 0.2343087634560542, 0.4789490489440314, 0.008259153895567594, 0.00823478280760344, 0.02429538068091, 0.034815033245503064
2022-10-18, 0.15391705732457261, 0.419213973799127, 0.023260321767783955, 0.2343087634560542, 0.4789490489440314, 0.008259153895567594, 0.00823478280760344, 0.02429538068091, 0.034815033245503064
2022-10-18, 0.1866916462387751, 0.4611353711790397, 0.0465206435355686, 0.34838013513860666, 0.5473703416503216, 0.013765256492612642, 0.006862319006336213, 0.030688901912728432, 0.03881020099498701
2022-10-18, 0.13487981574850047, 0.35633187772925745, 0.0, 0.23122575341057985, 0.4214751630707479, 0.008259153895567594, 0.005489855205068971, 0.02429538068091, 0.03196134199587167
2022-09-18, 0.09963690675583874, 0.06288209606986951, 0.007753440589261319, 0.24047478354700338, 0.4214751630707479, 0.0027530512985225316, 0.010979710410137926, 0.021098620065000788, 0.029678388996166545
2022-09-18, 0.09963690675583874, 0.06288209606986951, 0.007753440589261319, 0.24047478354700338, 0.4214751630707479, 0.0027530512985225316, 0.010979710410137926, 0.021098620065000788, 0.029678388996166545
2022-09-18, 0.09963690675583874, 0.06288209606986951, 0.007753440589261319, 0.24047478354700338, 0.4214751630707479, 0.0027530512985225316, 0.010979710410137926, 0.021098620065000788, 0.029678388996166545
2022-09-18, 0.09963690675583874, 0.06288209606986951, 0.007753440589261319, 0.24047478354700338, 0.4214751630707479, 0.0027530512985225316, 0.010979710410137926, 0.021098620065000788, 0.029678388996166545
2022-09-18, 0.09963690675583874, 0.06288209606986951, 0.007753440589261319, 0.24047478354700338, 0.4214751630707479, 0.0027530512985225316, 0.010979710410137926, 0.021098620065000788, 0.029678388996166545
2022-09-18, 0.09963690675583874, 0.06288209606986951, 0.007753440589261319, 0.24047478354700338, 0.4214751630707479, 0.0027530512985225316, 0.010979710410137926, 0.021098620065000788, 0.029678388996166545
2022-09-18, 0.09963690675583874, 0.06288209606986951, 0.007753440589261319, 0.24047478354700338, 0.4214751630707479, 0.0027530512985225316, 0.010979710410137926, 0.021098620065000788, 0.029678388996166545
2022-09-18, 0.09963690675583874, 0.06288209606986951, 0.007753440589261319, 0.24047478354700338, 0.4214751630707479, 0.0027530512985225316, 0.010979710410137926, 0.021098620065000788, 0.029678388996166545
2022-09-18, 0.09963690675583874, 0.06288209606986951, 0.007753440589261319, 0.24047478354700338, 0.4214751630707479, 0.0027530512985225316, 0.010979710410137926, 0.021098620065000788, 0.029678388996166545
2022-09-18, 0.09963690675583874, 0.06288209606986951, 0.007753440589261319, 0.24047478354700338, 0.4214751630707479, 0.0027530512985225316, 0.010979710410137926, 0.021098620065000788, 0.029678388996166545
2022-09-18, 0.09963690675583874, 0.06288209606986951, 0.007753440589261319, 0.24047478354700338, 0.4214751630707479, 0.0027530512985225316, 0.010979710410137926, 0.021098620065000788, 0.029678388996166545
2022-09-18, 0.15463609311673962, 0.39825327510917063, 0.0465206435355686, 0.22197672327415685, 0.5008438626100443, 0.0, 0.009607246608870683, 0.02621343705045553, 0.03367355674565051
2022-09-18, 0.15463609311673962, 0.39825327510917063, 0.0465206435355686, 0.22197672327415685, 0.5008438626100443, 0.0, 0.009607246608870683, 0.02621343705045553, 0.03367355674565051
2022-09-18, 0.15463609311673962, 0.39825327510917063, 0.0465206435355686, 0.22197672327415685, 0.5008438626100443, 0.0, 0.009607246608870683, 0.02621343705045553, 0.03367355674565051
2022-09-18, 0.07980271685045287, 0.1676855895196508, 0.0, 0.1541505022737199, 0.26000091228390304, 0.0027530512985225316, 0.009607246608870683, 0.018541211572273415, 0.025683221246682583
2022-08-19, 0.11181900627690493, 0.23056768558951984, 0.015506881178523325, 0.11407137168255249, 0.48168590065228295, 0.0, 0.0013724638012672426, 0.021098620065000788, 0.030249127246092824
2022-08-19, 0.1268639431635475, 0.48209606986899556, 0.0, 0.006166020090948665, 0.47621219723577984, 0.0, 0.0013724638012672426, 0.021098620065000788, 0.027966174246387702
2022-08-19, 0.1268639431635475, 0.48209606986899556, 0.0, 0.006166020090948665, 0.47621219723577984, 0.0, 0.0013724638012672426, 0.021098620065000788, 0.027966174246387702
2022-08-19, 0.1268639431635475, 0.48209606986899556, 0.0, 0.006166020090948665, 0.47621219723577984, 0.0, 0.0013724638012672426, 0.021098620065000788, 0.027966174246387702
2022-08-19, 0.1268639431635475, 0.48209606986899556, 0.0, 0.006166020090948665, 0.47621219723577984, 0.0, 0.0013724638012672426, 0.021098620065000788, 0.027966174246387702
2022-08-19, 0.1268639431635475, 0.48209606986899556, 0.0, 0.006166020090948665, 0.47621219723577984, 0.0, 0.0013724638012672426, 0.021098620065000788, 0.027966174246387702
2022-08-19, 0.1268639431635475, 0.48209606986899556, 0.0, 0.006166020090948665, 0.47621219723577984, 0.0, 0.0013724638012672426, 0.021098620065000788, 0.027966174246387702
2022-08-19, 0.1268639431635475, 0.48209606986899556, 0.0, 0.006166020090948665, 0.47621219723577984, 0.0, 0.0013724638012672426, 0.021098620065000788, 0.027966174246387702
2022-08-19, 0.1268639431635475, 0.48209606986899556, 0.0, 0.006166020090948665, 0.47621219723577984, 0.0, 0.0013724638012672426, 0.021098620065000788, 0.027966174246387702
2022-08-19, 0.1268639431635475, 0.48209606986899556, 0.0, 0.006166020090948665, 0.47621219723577984, 0.0, 0.0013724638012672426, 0.021098620065000788, 0.027966174246387702
2022-08-19, 0.1268639431635475, 0.48209606986899556, 0.0, 0.006166020090948665, 0.47621219723577984, 0.0, 0.0013724638012672426, 0.021098620065000788, 0.027966174246387702
2022-08-19, 0.12300835123487174, 0.2096069868995635, 0.007753440589261319, 0.15723351231919425, 0.5446334899420701, 0.0027530512985225316, 0.004117391403801728, 0.02429538068091, 0.03367355674565051
2022-08-19, 0.12300835123487174, 0.2096069868995635, 0.007753440589261319, 0.15723351231919425, 0.5446334899420701, 0.0027530512985225316, 0.004117391403801728, 0.02429538068091, 0.03367355674565051
2022-08-19, 0.13032713892964828, 0.18864628820960713, 0.0775344058926149, 0.1633995324101429, 0.5637914518998309, 0.0027530512985225316, 0.004117391403801728, 0.01726250732590973, 0.0251124829967563
2022-08-19, 0.12300835123487174, 0.2096069868995635, 0.007753440589261319, 0.15723351231919425, 0.5446334899420701, 0.0027530512985225316, 0.004117391403801728, 0.02429538068091, 0.03367355674565051
2022-07-20, 0.1147576629437382, 0.35633187772925745, 0.023260321767784645, 0.06474321095496262, 0.42968571819550255, 0.0027530512985225316, 0.004117391403801728, 0.0166231552027279, 0.020546576997346074
2022-07-20, 0.10297959627136391, 0.3982532751091702, 0.062027524714091925, 0.08015826118233428, 0.23536924690963815, 0.005506102597045063, 0.005489855205068971, 0.015344450956364216, 0.021688053497198635
2022-07-20, 0.10297959627136391, 0.3982532751091702, 0.062027524714091925, 0.08015826118233428, 0.23536924690963815, 0.005506102597045063, 0.005489855205068971, 0.015344450956364216, 0.021688053497198635
2022-07-20, 0.10297959627136391, 0.3982532751091702, 0.062027524714091925, 0.08015826118233428, 0.23536924690963815, 0.005506102597045063, 0.005489855205068971, 0.015344450956364216, 0.021688053497198635
2022-07-20, 0.10297959627136391, 0.3982532751091702, 0.062027524714091925, 0.08015826118233428, 0.23536924690963815, 0.005506102597045063, 0.005489855205068971, 0.015344450956364216, 0.021688053497198635
2022-07-20, 0.10297959627136391, 0.3982532751091702, 0.062027524714091925, 0.08015826118233428, 0.23536924690963815, 0.005506102597045063, 0.005489855205068971, 0.015344450956364216, 0.021688053497198635
2022-07-20, 0.10297959627136391, 0.3982532751091702, 0.062027524714091925, 0.08015826118233428, 0.23536924690963815, 0.005506102597045063, 0.005489855205068971, 0.015344450956364216, 0.021688053497198635
2022-07-20, 0.10297959627136391, 0.3982532751091702, 0.062027524714091925, 0.08015826118233428, 0.23536924690963815, 0.005506102597045063, 0.005489855205068971, 0.015344450956364216, 0.021688053497198635
2022-07-20, 0.10297959627136391, 0.3982532751091702, 0.062027524714091925, 0.08015826118233428, 0.23536924690963815, 0.005506102597045063, 0.005489855205068971, 0.015344450956364216, 0.021688053497198635
2022-07-20, 0.10297959627136391, 0.3982532751091702, 0.062027524714091925, 0.08015826118233428, 0.23536924690963815, 0.005506102597045063, 0.005489855205068971, 0.015344450956364216, 0.021688053497198635
2022-07-20, 0.10297959627136391, 0.3982532751091702, 0.062027524714091925, 0.08015826118233428, 0.23536924690963815, 0.005506102597045063, 0.005489855205068971, 0.015344450956364216, 0.021688053497198635
2022-07-20, 0.1545526089083732, 0.20960698689956303, 0.09304128707113789, 0.24664080363795207, 0.6212653377731149, 0.011012205194090127, 0.006862319006336213, 0.02173797218818263, 0.026253959496608862
2022-07-20, 0.1545526089083732, 0.20960698689956303, 0.09304128707113789, 0.24664080363795207, 0.6212653377731149, 0.011012205194090127, 0.006862319006336213, 0.02173797218818263, 0.026253959496608862
2022-07-20, 0.10468082616690771, 0.3772925764192138, 0.015506881178523325, 0.027747090409269537, 0.36126442548921234, 0.0027530512985225316, 0.0027449276025344853, 0.020459267941818945, 0.029678388996166545
2022-07-20, 0.10893174622056437, 0.33537117903930114, 0.031013762357045963, 0.01849806027284654, 0.4378962733202572, 0.0027530512985225316, 0.004117391403801728, 0.01726250732590973, 0.024541744746830022
2022-06-20, 0.1155955065531466, 0.3772925764192138, 0.13180849001744552, 0.021581070318320874, 0.34758016694795413, 0.00825915389556758, 0.0, 0.01598380307954606, 0.022258791747124914
2022-06-20, 0.1155955065531466, 0.3772925764192138, 0.13180849001744552, 0.021581070318320874, 0.34758016694795413, 0.00825915389556758, 0.0, 0.01598380307954606, 0.022258791747124914
2022-06-20, 0.1155955065531466, 0.3772925764192138, 0.13180849001744552, 0.021581070318320874, 0.34758016694795413, 0.00825915389556758, 0.0, 0.01598380307954606, 0.022258791747124914
2022-06-20, 0.1155955065531466, 0.3772925764192138, 0.13180849001744552, 0.021581070318320874, 0.34758016694795413, 0.00825915389556758, 0.0, 0.01598380307954606, 0.022258791747124914
2022-06-20, 0.1155955065531466, 0.3772925764192138, 0.13180849001744552, 0.021581070318320874, 0.34758016694795413, 0.00825915389556758, 0.0, 0.01598380307954606, 0.022258791747124914
2022-06-20, 0.1155955065531466, 0.3772925764192138, 0.13180849001744552, 0.021581070318320874, 0.34758016694795413, 0.00825915389556758, 0.0, 0.01598380307954606, 0.022258791747124914
2022-06-20, 0.1155955065531466, 0.3772925764192138, 0.13180849001744552, 0.021581070318320874, 0.34758016694795413, 0.00825915389556758, 0.0, 0.01598380307954606, 0.022258791747124914
2022-06-20, 0.1155955065531466, 0.3772925764192138, 0.13180849001744552, 0.021581070318320874, 0.34758016694795413, 0.00825915389556758, 0.0, 0.01598380307954606, 0.022258791747124914
2022-06-20, 0.1155955065531466, 0.3772925764192138, 0.13180849001744552, 0.021581070318320874, 0.34758016694795413, 0.00825915389556758, 0.0, 0.01598380307954606, 0.022258791747124914
2022-06-20, 0.1155955065531466, 0.3772925764192138, 0.13180849001744552, 0.021581070318320874, 0.34758016694795413, 0.00825915389556758, 0.0, 0.01598380307954606, 0.022258791747124914
2022-06-20, 0.1155955065531466, 0.3772925764192138, 0.13180849001744552, 0.021581070318320874, 0.34758016694795413, 0.00825915389556758, 0.0, 0.01598380307954606, 0.022258791747124914
2022-06-20, 0.11830705416417511, 0.2515283842794757, 0.08528784648187657, 0.08632428127328295, 0.4488436801532634, 0.016518307791135174, 0.004117391403801728, 0.023016676434546315, 0.030819865496019103
2022-06-20, 0.11830705416417511, 0.2515283842794757, 0.08528784648187657, 0.08632428127328295, 0.4488436801532634, 0.016518307791135174, 0.004117391403801728, 0.023016676434546315, 0.030819865496019103
2022-06-20, 0.11830705416417511, 0.2515283842794757, 0.08528784648187657, 0.08632428127328295, 0.4488436801532634, 0.016518307791135174, 0.004117391403801728, 0.023016676434546315, 0.030819865496019103
2022-06-20, 0.10858850527367565, 0.2515283842794757, 0.11630160883892253, 0.07399224109138562, 0.369474980613967, 0.011012205194090111, 0.0027449276025344853, 0.018541211572273415, 0.0251124829967563
2022-05-21, 0.1258110686961383, 0.3982532751091702, 0.2170963364993214, 0.04624515068211608, 0.28189572594991597, 0.005506102597045063, 0.0013724638012672426, 0.02301667643454633, 0.033102818495724225
2022-05-21, 0.1012696262776079, 0.35633187772925745, 0.15506881178522947, 0.12023739177350143, 0.13410573370432885, 0.005506102597045063, 0.0013724638012672426, 0.014705098833182387, 0.022829529997051193
2022-05-21, 0.1012696262776079, 0.35633187772925745, 0.15506881178522947, 0.12023739177350143, 0.13410573370432885, 0.005506102597045063, 0.0013724638012672426, 0.014705098833182387, 0.022829529997051193
2022-05-21, 0.1012696262776079, 0.35633187772925745, 0.15506881178522947, 0.12023739177350143, 0.13410573370432885, 0.005506102597045063, 0.0013724638012672426, 0.014705098833182387, 0.022829529997051193
2022-05-21, 0.1012696262776079, 0.35633187772925745, 0.15506881178522947, 0.12023739177350143, 0.13410573370432885, 0.005506102597045063, 0.0013724638012672426, 0.014705098833182387, 0.022829529997051193
2022-05-21, 0.1012696262776079, 0.35633187772925745, 0.15506881178522947, 0.12023739177350143, 0.13410573370432885, 0.005506102597045063, 0.0013724638012672426, 0.014705098833182387, 0.022829529997051193
2022-05-21, 0.1012696262776079, 0.35633187772925745, 0.15506881178522947, 0.12023739177350143, 0.13410573370432885, 0.005506102597045063, 0.0013724638012672426, 0.014705098833182387, 0.022829529997051193
2022-05-21, 0.1012696262776079, 0.35633187772925745, 0.15506881178522947, 0.12023739177350143, 0.13410573370432885, 0.005506102597045063, 0.0013724638012672426, 0.014705098833182387, 0.022829529997051193
2022-05-21, 0.1012696262776079, 0.35633187772925745, 0.15506881178522947, 0.12023739177350143, 0.13410573370432885, 0.005506102597045063, 0.0013724638012672426, 0.014705098833182387, 0.022829529997051193
2022-05-21, 0.1012696262776079, 0.35633187772925745, 0.15506881178522947, 0.12023739177350143, 0.13410573370432885, 0.005506102597045063, 0.0013724638012672426, 0.014705098833182387, 0.022829529997051193
2022-05-21, 0.1012696262776079, 0.35633187772925745, 0.15506881178522947, 0.12023739177350143, 0.13410573370432885, 0.005506102597045063, 0.0013724638012672426, 0.014705098833182387, 0.022829529997051193
2022-05-21, 0.11484843505729897, 0.18864628820960713, 0.1240550494281835, 0.08324127122780861, 0.4652647904027737, 0.008259153895567594, 0.0027449276025344853, 0.019180563695455274, 0.027395435996461423
2022-05-21, 0.11484843505729897, 0.18864628820960713, 0.1240550494281835, 0.08324127122780861, 0.4652647904027737, 0.008259153895567594, 0.0027449276025344853, 0.019180563695455274, 0.027395435996461423
2022-05-21, 0.08803573585213492, 0.3772925764192138, 0.054274084124830264, 0.08940729131875783, 0.14231628882908398, 0.0027530512985225316, 0.0, 0.01598380307954606, 0.022258791747124914
2022-05-21, 0.09427198590759278, 0.2934497816593884, 0.18608257414227544, 0.08015826118233428, 0.14231628882908398, 0.008259153895567594, 0.0027449276025344853, 0.0166231552027279, 0.024541744746830022
2022-04-21, 0.16957532234264142, 0.0838427947598254, 0.0775344058926149, 0.46553451686663405, 0.684212927062902, 0.0027530512985225316, 0.004117391403801713, 0.01406574671000053, 0.024541744746830022
2022-04-21, 0.13135626764081168, 0.02096069868995635, 0.10079472766039956, 0.33604809495670934, 0.5391597865255667, 0.0, 0.00274492760253447, 0.019180563695455257, 0.03196134199587165
2022-04-21, 0.13135626764081168, 0.02096069868995635, 0.10079472766039956, 0.33604809495670934, 0.5391597865255667, 0.0, 0.00274492760253447, 0.019180563695455257, 0.03196134199587165
2022-04-21, 0.13135626764081168, 0.02096069868995635, 0.10079472766039956, 0.33604809495670934, 0.5391597865255667, 0.0, 0.00274492760253447, 0.019180563695455257, 0.03196134199587165
2022-04-21, 0.13135626764081168, 0.02096069868995635, 0.10079472766039956, 0.33604809495670934, 0.5391597865255667, 0.0, 0.00274492760253447, 0.019180563695455257, 0.03196134199587165
2022-04-21, 0.13135626764081168, 0.02096069868995635, 0.10079472766039956, 0.33604809495670934, 0.5391597865255667, 0.0, 0.00274492760253447, 0.019180563695455257, 0.03196134199587165
2022-04-21, 0.13135626764081168, 0.02096069868995635, 0.10079472766039956, 0.33604809495670934, 0.5391597865255667, 0.0, 0.00274492760253447, 0.019180563695455257, 0.03196134199587165
2022-04-21, 0.13135626764081168, 0.02096069868995635, 0.10079472766039956, 0.33604809495670934, 0.5391597865255667, 0.0, 0.00274492760253447, 0.019180563695455257, 0.03196134199587165
2022-04-21, 0.13135626764081168, 0.02096069868995635, 0.10079472766039956, 0.33604809495670934, 0.5391597865255667, 0.0, 0.00274492760253447, 0.019180563695455257, 0.03196134199587165
2022-04-21, 0.13135626764081168, 0.02096069868995635, 0.10079472766039956, 0.33604809495670934, 0.5391597865255667, 0.0, 0.00274492760253447, 0.019180563695455257, 0.03196134199587165
2022-04-21, 0.13135626764081168, 0.02096069868995635, 0.10079472766039956, 0.33604809495670934, 0.5391597865255667, 0.0, 0.00274492760253447, 0.019180563695455257, 0.03196134199587165
2022-04-21, 0.21935158404482208, 0.31441048034934477, 0.12405504942818385, 0.5056136474578011, 0.7553710714774438, 0.008259153895567594, 0.0013724638012672426, 0.0166231552027279, 0.029107650746240263
2022-04-21, 0.21935158404482208, 0.31441048034934477, 0.12405504942818385, 0.5056136474578011, 0.7553710714774438, 0.008259153895567594, 0.0013724638012672426, 0.0166231552027279, 0.029107650746240263
2022-04-21, 0.14837979300398016, 0.02096069868995635, 0.054274084124830604, 0.4162063561390436, 0.6541075582721345, 0.0, 0.00274492760253447, 0.015344450956364216, 0.02340026824697746
2022-04-21, 0.15823734928937136, 0.0419213973799127, 0.10854816824966086, 0.3514631451840813, 0.7197919992701731, 0.0027530512985225316, 0.00274492760253447, 0.014705098833182372, 0.023971006496903743
2022-03-22, 0.14387060963430565, 0.10480349344978175, 0.062027524714091925, 0.38537625568429973, 0.558317748483328, 0.005506102597045063, 0.0013724638012672426, 0.009590281847727629, 0.023971006496903743
2022-03-22, 0.14387060963430565, 0.10480349344978175, 0.062027524714091925, 0.38537625568429973, 0.558317748483328, 0.005506102597045063, 0.0013724638012672426, 0.009590281847727629, 0.023971006496903743
2022-03-22, 0.14387060963430565, 0.10480349344978175, 0.062027524714091925, 0.38537625568429973, 0.558317748483328, 0.005506102597045063, 0.0013724638012672426, 0.009590281847727629, 0.023971006496903743
2022-03-22, 0.14387060963430565, 0.10480349344978175, 0.062027524714091925, 0.38537625568429973, 0.558317748483328, 0.005506102597045063, 0.0013724638012672426, 0.009590281847727629, 0.023971006496903743
2022-03-22, 0.14387060963430565, 0.10480349344978175, 0.062027524714091925, 0.38537625568429973, 0.558317748483328, 0.005506102597045063, 0.0013724638012672426, 0.009590281847727629, 0.023971006496903743
2022-03-22, 0.14387060963430565, 0.10480349344978175, 0.062027524714091925, 0.38537625568429973, 0.558317748483328, 0.005506102597045063, 0.0013724638012672426, 0.009590281847727629, 0.023971006496903743
2022-03-22, 0.14387060963430565, 0.10480349344978175, 0.062027524714091925, 0.38537625568429973, 0.558317748483328, 0.005506102597045063, 0.0013724638012672426, 0.009590281847727629, 0.023971006496903743
2022-03-22, 0.14387060963430565, 0.10480349344978175, 0.062027524714091925, 0.38537625568429973, 0.558317748483328, 0.005506102597045063, 0.0013724638012672426, 0.009590281847727629, 0.023971006496903743
2022-03-22, 0.14387060963430565, 0.10480349344978175, 0.062027524714091925, 0.38537625568429973, 0.558317748483328, 0.005506102597045063, 0.0013724638012672426, 0.009590281847727629, 0.023971006496903743
2022-03-22, 0.14387060963430565, 0.10480349344978175, 0.062027524714091925, 0.38537625568429973, 0.558317748483328, 0.005506102597045063, 0.0013724638012672426, 0.009590281847727629, 0.023971006496903743
2022-03-22, 0.14387060963430565, 0.10480349344978175, 0.062027524714091925, 0.38537625568429973, 0.558317748483328, 0.005506102597045063, 0.0013724638012672426, 0.009590281847727629, 0.023971006496903743
2022-03-22, 0.18781819450115786, 0.2096069868995635, 0.031013762357045963, 0.5395267579580196, 0.6705286685216438, 0.008259153895567587, 0.0013724638012672426, 0.01598380307954606, 0.026253959496608862
2022-03-22, 0.18781819450115786, 0.2096069868995635, 0.031013762357045963, 0.5395267579580196, 0.6705286685216438, 0.008259153895567587, 0.0013724638012672426, 0.01598380307954606, 0.026253959496608862
2022-03-22, 0.18781819450115786, 0.2096069868995635, 0.031013762357045963, 0.5395267579580196, 0.6705286685216438, 0.008259153895567587, 0.0013724638012672426, 0.01598380307954606, 0.026253959496608862
2022-03-22, 0.15419055633784948, 0.14672489082969445, 0.09304128707113789, 0.3391311050021837, 0.6103179309401088, 0.008259153895567587, 0.0, 0.011508338217273158, 0.024541744746830022
2022-02-20, 0.17530529983215906, 0.18864628820960713, 0.18608257414227578, 0.36996120545692784, 0.599370524107102, 0.00825915389556758, 0.004117391403801713, 0.019180563695455257, 0.026824697746535144
2022-02-20, 0.17530529983215906, 0.18864628820960713, 0.18608257414227578, 0.36996120545692784, 0.599370524107102, 0.00825915389556758, 0.004117391403801713, 0.019180563695455257, 0.026824697746535144
2022-02-20, 0.17530529983215906, 0.18864628820960713, 0.18608257414227578, 0.36996120545692784, 0.599370524107102, 0.00825915389556758, 0.004117391403801713, 0.019180563695455257, 0.026824697746535144
2022-02-20, 0.17530529983215906, 0.18864628820960713, 0.18608257414227578, 0.36996120545692784, 0.599370524107102, 0.00825915389556758, 0.004117391403801713, 0.019180563695455257, 0.026824697746535144
2022-02-20, 0.17530529983215906, 0.18864628820960713, 0.18608257414227578, 0.36996120545692784, 0.599370524107102, 0.00825915389556758, 0.004117391403801713, 0.019180563695455257, 0.026824697746535144
2022-02-20, 0.17530529983215906, 0.18864628820960713, 0.18608257414227578, 0.36996120545692784, 0.599370524107102, 0.00825915389556758, 0.004117391403801713, 0.019180563695455257, 0.026824697746535144
2022-02-20, 0.17530529983215906, 0.18864628820960713, 0.18608257414227578, 0.36996120545692784, 0.599370524107102, 0.00825915389556758, 0.004117391403801713, 0.019180563695455257, 0.026824697746535144
2022-02-20, 0.17530529983215906, 0.18864628820960713, 0.18608257414227578, 0.36996120545692784, 0.599370524107102, 0.00825915389556758, 0.004117391403801713, 0.019180563695455257, 0.026824697746535144
2022-02-20, 0.17530529983215906, 0.18864628820960713, 0.18608257414227578, 0.36996120545692784, 0.599370524107102, 0.00825915389556758, 0.004117391403801713, 0.019180563695455257, 0.026824697746535144
2022-02-20, 0.17530529983215906, 0.18864628820960713, 0.18608257414227578, 0.36996120545692784, 0.599370524107102, 0.00825915389556758, 0.004117391403801713, 0.019180563695455257, 0.026824697746535144
2022-02-20, 0.17530529983215906, 0.18864628820960713, 0.18608257414227578, 0.36996120545692784, 0.599370524107102, 0.00825915389556758, 0.004117391403801713, 0.019180563695455257, 0.026824697746535144
2022-02-20, 0.19899730891590095, 0.27248908296943253, 0.13956193060670682, 0.4316214063664158, 0.6787392236463989, 0.013765256492612642, 0.0013724638012672275, 0.017901859449091572, 0.03652724799528189
2022-02-20, 0.19899730891590095, 0.27248908296943253, 0.13956193060670682, 0.4316214063664158, 0.6787392236463989, 0.013765256492612642, 0.0013724638012672275, 0.017901859449091572, 0.03652724799528189
2022-02-20, 0.19899730891590095, 0.27248908296943253, 0.13956193060670682, 0.4316214063664158, 0.6787392236463989, 0.013765256492612642, 0.0013724638012672275, 0.017901859449091572, 0.03652724799528189
2022-02-20, 0.19644121740622683, 0.35633187772925773, 0.2481100988563677, 0.35146314518408156, 0.558317748483328, 0.013765256492612642, 0.0013724638012672275, 0.015344450956364216, 0.026824697746535144
2022-01-21, 0.12854994042372778, 0.02096069868995635, 0.1550688117852298, 0.28055391413817027, 0.5227386762760572, 0.011012205194090111, 0.00274492760253447, 0.015344450956364216, 0.019975838747419792
2022-01-21, 0.12854994042372778, 0.02096069868995635, 0.1550688117852298, 0.28055391413817027, 0.5227386762760572, 0.011012205194090111, 0.00274492760253447, 0.015344450956364216, 0.019975838747419792
2022-01-21, 0.12854994042372778, 0.02096069868995635, 0.1550688117852298, 0.28055391413817027, 0.5227386762760572, 0.011012205194090111, 0.00274492760253447, 0.015344450956364216, 0.019975838747419792
2022-01-21, 0.12854994042372778, 0.02096069868995635, 0.1550688117852298, 0.28055391413817027, 0.5227386762760572, 0.011012205194090111, 0.00274492760253447, 0.015344450956364216, 0.019975838747419792
2022-01-21, 0.12854994042372778, 0.02096069868995635, 0.1550688117852298, 0.28055391413817027, 0.5227386762760572, 0.011012205194090111, 0.00274492760253447, 0.015344450956364216, 0.019975838747419792
2022-01-21, 0.12854994042372778, 0.02096069868995635, 0.1550688117852298, 0.28055391413817027, 0.5227386762760572, 0.011012205194090111, 0.00274492760253447, 0.015344450956364216, 0.019975838747419792
2022-01-21, 0.12854994042372778, 0.02096069868995635, 0.1550688117852298, 0.28055391413817027, 0.5227386762760572, 0.011012205194090111, 0.00274492760253447, 0.015344450956364216, 0.019975838747419792
2022-01-21, 0.12854994042372778, 0.02096069868995635, 0.1550688117852298, 0.28055391413817027, 0.5227386762760572, 0.011012205194090111, 0.00274492760253447, 0.015344450956364216, 0.019975838747419792
2022-01-21, 0.12854994042372778, 0.02096069868995635, 0.1550688117852298, 0.28055391413817027, 0.5227386762760572, 0.011012205194090111, 0.00274492760253447, 0.015344450956364216, 0.019975838747419792
2022-01-21, 0.12854994042372778, 0.02096069868995635, 0.1550688117852298, 0.28055391413817027, 0.5227386762760572, 0.011012205194090111, 0.00274492760253447, 0.015344450956364216, 0.019975838747419792
2022-01-21, 0.12854994042372778, 0.02096069868995635, 0.1550688117852298, 0.28055391413817027, 0.5227386762760572, 0.011012205194090111, 0.00274492760253447, 0.015344450956364216, 0.019975838747419792
2022-01-21, 0.1876768422329998, 0.16768558951965057, 0.19383601473153708, 0.3792102355933511, 0.6924234821876569, 0.016518307791135174, 0.00274492760253447, 0.02045926794181896, 0.028536912496313984
2022-01-21, 0.1876768422329998, 0.16768558951965057, 0.19383601473153708, 0.3792102355933511, 0.6924234821876569, 0.016518307791135174, 0.00274492760253447, 0.02045926794181896, 0.028536912496313984
2022-01-21, 0.1876768422329998, 0.16768558951965057, 0.19383601473153708, 0.3792102355933511, 0.6924234821876569, 0.016518307791135174, 0.00274492760253447, 0.02045926794181896, 0.028536912496313984
2022-01-21, 0.16794848591454967, 0.12576419213973786, 0.19383601473153708, 0.3144670246383887, 0.6458970031473796, 0.011012205194090111, 0.004117391403801713, 0.021098620065000802, 0.027395435996461423
2021-12-22, 0.09950091520323708, 0.14672489082969445, 0.06978096530335325, 0.1079053515916041, 0.41600145965424457, 0.013765256492612642, 0.0013724638012672426, 0.015344450956364216, 0.0251124829967563
2021-12-22, 0.09950091520323708, 0.14672489082969445, 0.06978096530335325, 0.1079053515916041, 0.41600145965424457, 0.013765256492612642, 0.0013724638012672426, 0.015344450956364216, 0.0251124829967563
2021-12-22, 0.09950091520323708, 0.14672489082969445, 0.06978096530335325, 0.1079053515916041, 0.41600145965424457, 0.013765256492612642, 0.0013724638012672426, 0.015344450956364216, 0.0251124829967563
2021-12-22, 0.09950091520323708, 0.14672489082969445, 0.06978096530335325, 0.1079053515916041, 0.41600145965424457, 0.013765256492612642, 0.0013724638012672426, 0.015344450956364216, 0.0251124829967563
2021-12-22, 0.09950091520323708, 0.14672489082969445, 0.06978096530335325, 0.1079053515916041, 0.41600145965424457, 0.013765256492612642, 0.0013724638012672426, 0.015344450956364216, 0.0251124829967563
2021-12-22, 0.09950091520323708, 0.14672489082969445, 0.06978096530335325, 0.1079053515916041, 0.41600145965424457, 0.013765256492612642, 0.0013724638012672426, 0.015344450956364216, 0.0251124829967563
2021-12-22, 0.09950091520323708, 0.14672489082969445, 0.06978096530335325, 0.1079053515916041, 0.41600145965424457, 0.013765256492612642, 0.0013724638012672426, 0.015344450956364216, 0.0251124829967563
2021-12-22, 0.09950091520323708, 0.14672489082969445, 0.06978096530335325, 0.1079053515916041, 0.41600145965424457, 0.013765256492612642, 0.0013724638012672426, 0.015344450956364216, 0.0251124829967563
2021-12-22, 0.09950091520323708, 0.14672489082969445, 0.06978096530335325, 0.1079053515916041, 0.41600145965424457, 0.013765256492612642, 0.0013724638012672426, 0.015344450956364216, 0.0251124829967563
2021-12-22, 0.09950091520323708, 0.14672489082969445, 0.06978096530335325, 0.1079053515916041, 0.41600145965424457, 0.013765256492612642, 0.0013724638012672426, 0.015344450956364216, 0.0251124829967563
2021-12-22, 0.09950091520323708, 0.14672489082969445, 0.06978096530335325, 0.1079053515916041, 0.41600145965424457, 0.013765256492612642, 0.0013724638012672426, 0.015344450956364216, 0.0251124829967563
2021-12-22, 0.11967006861245888, 0.0419213973799127, 0.10079472766039921, 0.24355779359247745, 0.5008438626100443, 0.016518307791135167, 0.0013724638012672426, 0.019819915818637117, 0.03253208024579793
2021-12-22, 0.11967006861245888, 0.0419213973799127, 0.10079472766039921, 0.24355779359247745, 0.5008438626100443, 0.016518307791135167, 0.0013724638012672426, 0.019819915818637117, 0.03253208024579793
2021-12-22, 0.11967006861245888, 0.0419213973799127, 0.10079472766039921, 0.24355779359247745, 0.5008438626100443, 0.016518307791135167, 0.0013724638012672426, 0.019819915818637117, 0.03253208024579793
2021-12-22, 0.11236548442161924, 0.0838427947598254, 0.08528784648187622, 0.18806361277393838, 0.4844227523605348, 0.013765256492612642, 0.0013724638012672426, 0.015344450956364216, 0.026824697746535144
2021-11-22, 0.0671845292107921, 0.0838427947598254, 0.015506881178522981, 0.00924903013642327, 0.383159239155225, 0.011012205194090118, 0.0013724638012672426, 0.012787042463636844, 0.02054657699734606
2021-11-22, 0.0671845292107921, 0.0838427947598254, 0.015506881178522981, 0.00924903013642327, 0.383159239155225, 0.011012205194090118, 0.0013724638012672426, 0.012787042463636844, 0.02054657699734606
2021-11-22, 0.0671845292107921, 0.0838427947598254, 0.015506881178522981, 0.00924903013642327, 0.383159239155225, 0.011012205194090118, 0.0013724638012672426, 0.012787042463636844, 0.02054657699734606
2021-11-22, 0.0671845292107921, 0.0838427947598254, 0.015506881178522981, 0.00924903013642327, 0.383159239155225, 0.011012205194090118, 0.0013724638012672426, 0.012787042463636844, 0.02054657699734606
2021-11-22, 0.0671845292107921, 0.0838427947598254, 0.015506881178522981, 0.00924903013642327, 0.383159239155225, 0.011012205194090118, 0.0013724638012672426, 0.012787042463636844, 0.02054657699734606
2021-11-22, 0.0671845292107921, 0.0838427947598254, 0.015506881178522981, 0.00924903013642327, 0.383159239155225, 0.011012205194090118, 0.0013724638012672426, 0.012787042463636844, 0.02054657699734606
2021-11-22, 0.0671845292107921, 0.0838427947598254, 0.015506881178522981, 0.00924903013642327, 0.383159239155225, 0.011012205194090118, 0.0013724638012672426, 0.012787042463636844, 0.02054657699734606
2021-11-22, 0.0671845292107921, 0.0838427947598254, 0.015506881178522981, 0.00924903013642327, 0.383159239155225, 0.011012205194090118, 0.0013724638012672426, 0.012787042463636844, 0.02054657699734606
2021-11-22, 0.0671845292107921, 0.0838427947598254, 0.015506881178522981, 0.00924903013642327, 0.383159239155225, 0.011012205194090118, 0.0013724638012672426, 0.012787042463636844, 0.02054657699734606
2021-11-22, 0.0671845292107921, 0.0838427947598254, 0.015506881178522981, 0.00924903013642327, 0.383159239155225, 0.011012205194090118, 0.0013724638012672426, 0.012787042463636844, 0.02054657699734606
2021-11-22, 0.0671845292107921, 0.0838427947598254, 0.015506881178522981, 0.00924903013642327, 0.383159239155225, 0.011012205194090118, 0.0013724638012672426, 0.012787042463636844, 0.02054657699734606
2021-11-22, 0.14454369651529778, 0.14672489082969445, 0.015506881178522981, 0.3452971250931326, 0.5829494138575925, 0.01376525649261265, 0.0027449276025344853, 0.01854121157227343, 0.030819865496019103
2021-11-22, 0.14454369651529778, 0.14672489082969445, 0.015506881178522981, 0.3452971250931326, 0.5829494138575925, 0.01376525649261265, 0.0027449276025344853, 0.01854121157227343, 0.030819865496019103
2021-11-22, 0.14454369651529778, 0.14672489082969445, 0.015506881178522981, 0.3452971250931326, 0.5829494138575925, 0.01376525649261265, 0.0027449276025344853, 0.01854121157227343, 0.030819865496019103
2021-11-22, 0.07857157745978313, 0.0419213973799127, 0.05427408412483043, 0.12023739177350169, 0.3640012771974639, 0.011012205194090118, 0.0013724638012672426, 0.01406574671000053, 0.02168805349719862
2021-10-23, 0.10599765390313567, 0.0419213973799127, 0.046520643535568944, 0.18498060272846378, 0.5254755279843087, 0.0027530512985225316, 0.0027449276025344853, 0.017901859449091586, 0.025683221246682583
2021-10-23, 0.10599765390313567, 0.0419213973799127, 0.046520643535568944, 0.18498060272846378, 0.5254755279843087, 0.0027530512985225316, 0.0027449276025344853, 0.017901859449091586, 0.025683221246682583
2021-10-23, 0.10599765390313567, 0.0419213973799127, 0.046520643535568944, 0.18498060272846378, 0.5254755279843087, 0.0027530512985225316, 0.0027449276025344853, 0.017901859449091586, 0.025683221246682583
2021-10-23, 0.10599765390313567, 0.0419213973799127, 0.046520643535568944, 0.18498060272846378, 0.5254755279843087, 0.0027530512985225316, 0.0027449276025344853, 0.017901859449091586, 0.025683221246682583
2021-10-23, 0.10599765390313567, 0.0419213973799127, 0.046520643535568944, 0.18498060272846378, 0.5254755279843087, 0.0027530512985225316, 0.0027449276025344853, 0.017901859449091586, 0.025683221246682583
2021-10-23, 0.10599765390313567, 0.0419213973799127, 0.046520643535568944, 0.18498060272846378, 0.5254755279843087, 0.0027530512985225316, 0.0027449276025344853, 0.017901859449091586, 0.025683221246682583
2021-10-23, 0.10599765390313567, 0.0419213973799127, 0.046520643535568944, 0.18498060272846378, 0.5254755279843087, 0.0027530512985225316, 0.0027449276025344853, 0.017901859449091586, 0.025683221246682583
2021-10-23, 0.10599765390313567, 0.0419213973799127, 0.046520643535568944, 0.18498060272846378, 0.5254755279843087, 0.0027530512985225316, 0.0027449276025344853, 0.017901859449091586, 0.025683221246682583
2021-10-23, 0.10599765390313567, 0.0419213973799127, 0.046520643535568944, 0.18498060272846378, 0.5254755279843087, 0.0027530512985225316, 0.0027449276025344853, 0.017901859449091586, 0.025683221246682583
2021-10-23, 0.10599765390313567, 0.0419213973799127, 0.046520643535568944, 0.18498060272846378, 0.5254755279843087, 0.0027530512985225316, 0.0027449276025344853, 0.017901859449091586, 0.025683221246682583
2021-10-23, 0.10599765390313567, 0.0419213973799127, 0.046520643535568944, 0.18498060272846378, 0.5254755279843087, 0.0027530512985225316, 0.0027449276025344853, 0.017901859449091586, 0.025683221246682583
2021-10-23, 0.15768271180179821, 0.23056768558951962, 0.03876720294630762, 0.3206330447293374, 0.61305478264836, 0.0055061025970450555, 0.005489855205068971, 0.0166231552027279, 0.030819865496019103
2021-10-23, 0.15768271180179821, 0.23056768558951962, 0.03876720294630762, 0.3206330447293374, 0.61305478264836, 0.0055061025970450555, 0.005489855205068971, 0.0166231552027279, 0.030819865496019103
2021-10-23, 0.15768271180179821, 0.23056768558951962, 0.03876720294630762, 0.3206330447293374, 0.61305478264836, 0.0055061025970450555, 0.005489855205068971, 0.0166231552027279, 0.030819865496019103
2021-10-23, 0.07918464199360079, 0.02096069868995635, 0.015506881178522981, 0.15723351231919425, 0.38589609086347654, 0.002753051298522524, 0.004117391403801728, 0.017901859449091586, 0.029107650746240263
2021-09-23, 0.12073006834441369, 0.06288209606986905, 0.062027524714091925, 0.2343087634560542, 0.5555808967750763, 0.0027530512985225316, 0.0, 0.019180563695455274, 0.029107650746240263
2021-09-23, 0.07003574169566748, 0.06288209606986905, 0.046520643535568944, 0.07090923104591101, 0.342106463531451, 0.0027530512985225316, 0.0, 0.013426394586818687, 0.02168805349719862
2021-09-23, 0.07003574169566748, 0.06288209606986905, 0.046520643535568944, 0.07090923104591101, 0.342106463531451, 0.0027530512985225316, 0.0, 0.013426394586818687, 0.02168805349719862
2021-09-23, 0.07003574169566748, 0.06288209606986905, 0.046520643535568944, 0.07090923104591101, 0.342106463531451, 0.0027530512985225316, 0.0, 0.013426394586818687, 0.02168805349719862
2021-09-23, 0.07003574169566748, 0.06288209606986905, 0.046520643535568944, 0.07090923104591101, 0.342106463531451, 0.0027530512985225316, 0.0, 0.013426394586818687, 0.02168805349719862
2021-09-23, 0.07003574169566748, 0.06288209606986905, 0.046520643535568944, 0.07090923104591101, 0.342106463531451, 0.0027530512985225316, 0.0, 0.013426394586818687, 0.02168805349719862
2021-09-23, 0.07003574169566748, 0.06288209606986905, 0.046520643535568944, 0.07090923104591101, 0.342106463531451, 0.0027530512985225316, 0.0, 0.013426394586818687, 0.02168805349719862
2021-09-23, 0.07003574169566748, 0.06288209606986905, 0.046520643535568944, 0.07090923104591101, 0.342106463531451, 0.0027530512985225316, 0.0, 0.013426394586818687, 0.02168805349719862
2021-09-23, 0.07003574169566748, 0.06288209606986905, 0.046520643535568944, 0.07090923104591101, 0.342106463531451, 0.0027530512985225316, 0.0, 0.013426394586818687, 0.02168805349719862
2021-09-23, 0.07003574169566748, 0.06288209606986905, 0.046520643535568944, 0.07090923104591101, 0.342106463531451, 0.0027530512985225316, 0.0, 0.013426394586818687, 0.02168805349719862
2021-09-23, 0.07003574169566748, 0.06288209606986905, 0.046520643535568944, 0.07090923104591101, 0.342106463531451, 0.0027530512985225316, 0.0, 0.013426394586818687, 0.02168805349719862
2021-09-23, 0.14471002185655849, 0.16768558951965057, 0.06978096530335325, 0.28671993422911896, 0.5747388587328374, 0.011012205194090118, 0.0013724638012672426, 0.017262507325909743, 0.029107650746240263
2021-09-23, 0.14471002185655849, 0.16768558951965057, 0.06978096530335325, 0.28671993422911896, 0.5747388587328374, 0.011012205194090118, 0.0013724638012672426, 0.017262507325909743, 0.029107650746240263
2021-09-23, 0.10627536070481966, 0.0419213973799127, 0.08528784648187622, 0.16956555250109184, 0.5008438626100441, 0.005506102597045063, 0.0, 0.01854121157227343, 0.028536912496313984
2021-09-23, 0.07852611002467312, 0.06288209606986905, 0.03876720294630728, 0.04624515068211581, 0.4242120147789992, 0.005506102597045063, 0.0013724638012672426, 0.017262507325909743, 0.03196134199587165
2021-08-24, 0.07127810792406432, 0.10480349344978152, 0.12405504942818385, 0.12640341186445037, 0.16421110249509638, 0.0027530512985225316, 0.004117391403801728, 0.015344450956364216, 0.028536912496313984
2021-08-24, 0.07127810792406432, 0.10480349344978152, 0.12405504942818385, 0.12640341186445037, 0.16421110249509638, 0.0027530512985225316, 0.004117391403801728, 0.015344450956364216, 0.028536912496313984
2021-08-24, 0.07127810792406432, 0.10480349344978152, 0.12405504942818385, 0.12640341186445037, 0.16421110249509638, 0.0027530512985225316, 0.004117391403801728, 0.015344450956364216, 0.028536912496313984
2021-08-24, 0.07127810792406432, 0.10480349344978152, 0.12405504942818385, 0.12640341186445037, 0.16421110249509638, 0.0027530512985225316, 0.004117391403801728, 0.015344450956364216, 0.028536912496313984
2021-08-24, 0.07127810792406432, 0.10480349344978152, 0.12405504942818385, 0.12640341186445037, 0.16421110249509638, 0.0027530512985225316, 0.004117391403801728, 0.015344450956364216, 0.028536912496313984
2021-08-24, 0.07127810792406432, 0.10480349344978152, 0.12405504942818385, 0.12640341186445037, 0.16421110249509638, 0.0027530512985225316, 0.004117391403801728, 0.015344450956364216, 0.028536912496313984
2021-08-24, 0.07127810792406432, 0.10480349344978152, 0.12405504942818385, 0.12640341186445037, 0.16421110249509638, 0.0027530512985225316, 0.004117391403801728, 0.015344450956364216, 0.028536912496313984
2021-08-24, 0.07127810792406432, 0.10480349344978152, 0.12405504942818385, 0.12640341186445037, 0.16421110249509638, 0.0027530512985225316, 0.004117391403801728, 0.015344450956364216, 0.028536912496313984
2021-08-24, 0.07127810792406432, 0.10480349344978152, 0.12405504942818385, 0.12640341186445037, 0.16421110249509638, 0.0027530512985225316, 0.004117391403801728, 0.015344450956364216, 0.028536912496313984
2021-08-24, 0.07127810792406432, 0.10480349344978152, 0.12405504942818385, 0.12640341186445037, 0.16421110249509638, 0.0027530512985225316, 0.004117391403801728, 0.015344450956364216, 0.028536912496313984
2021-08-24, 0.07127810792406432, 0.10480349344978152, 0.12405504942818385, 0.12640341186445037, 0.16421110249509638, 0.0027530512985225316, 0.004117391403801728, 0.015344450956364216, 0.028536912496313984
2021-08-24, 0.14589615046104945, 0.10480349344978175, 0.22484977708858306, 0.20656167304678463, 0.5555808967750767, 0.008259153895567587, 0.006862319006336213, 0.02429538068091, 0.035956509745355615
2021-08-24, 0.14589615046104945, 0.10480349344978175, 0.22484977708858306, 0.20656167304678463, 0.5555808967750767, 0.008259153895567587, 0.006862319006336213, 0.02429538068091, 0.035956509745355615
2021-08-24, 0.14589615046104945, 0.10480349344978175, 0.22484977708858306, 0.20656167304678463, 0.5555808967750767, 0.008259153895567587, 0.006862319006336213, 0.02429538068091, 0.035956509745355615
2021-08-24, 0.09832765138415486, 0.12576419213973786, 0.18608257414227578, 0.052411170773064744, 0.3503170186562061, 0.0055061025970450555, 0.005489855205068971, 0.021098620065000802, 0.03995167749483958
2021-07-25, 0.08548449462007893, 0.1467248908296942, 0.2170963364993214, 0.12332040181897604, 0.15052684395383864, 0.005506102597045063, 0.00823478280760344, 0.015344450956364216, 0.01712214749778839
2021-07-25, 0.08548449462007893, 0.1467248908296942, 0.2170963364993214, 0.12332040181897604, 0.15052684395383864, 0.005506102597045063, 0.00823478280760344, 0.015344450956364216, 0.01712214749778839
2021-07-25, 0.08548449462007893, 0.1467248908296942, 0.2170963364993214, 0.12332040181897604, 0.15052684395383864, 0.005506102597045063, 0.00823478280760344, 0.015344450956364216, 0.01712214749778839
2021-07-25, 0.08548449462007893, 0.1467248908296942, 0.2170963364993214, 0.12332040181897604, 0.15052684395383864, 0.005506102597045063, 0.00823478280760344, 0.015344450956364216, 0.01712214749778839
2021-07-25, 0.08548449462007893, 0.1467248908296942, 0.2170963364993214, 0.12332040181897604, 0.15052684395383864, 0.005506102597045063, 0.00823478280760344, 0.015344450956364216, 0.01712214749778839
2021-07-25, 0.08548449462007893, 0.1467248908296942, 0.2170963364993214, 0.12332040181897604, 0.15052684395383864, 0.005506102597045063, 0.00823478280760344, 0.015344450956364216, 0.01712214749778839
2021-07-25, 0.08548449462007893, 0.1467248908296942, 0.2170963364993214, 0.12332040181897604, 0.15052684395383864, 0.005506102597045063, 0.00823478280760344, 0.015344450956364216, 0.01712214749778839
2021-07-25, 0.08548449462007893, 0.1467248908296942, 0.2170963364993214, 0.12332040181897604, 0.15052684395383864, 0.005506102597045063, 0.00823478280760344, 0.015344450956364216, 0.01712214749778839
2021-07-25, 0.08548449462007893, 0.1467248908296942, 0.2170963364993214, 0.12332040181897604, 0.15052684395383864, 0.005506102597045063, 0.00823478280760344, 0.015344450956364216, 0.01712214749778839
2021-07-25, 0.08548449462007893, 0.1467248908296942, 0.2170963364993214, 0.12332040181897604, 0.15052684395383864, 0.005506102597045063, 0.00823478280760344, 0.015344450956364216, 0.01712214749778839
2021-07-25, 0.08548449462007893, 0.1467248908296942, 0.2170963364993214, 0.12332040181897604, 0.15052684395383864, 0.005506102597045063, 0.00823478280760344, 0.015344450956364216, 0.01712214749778839
2021-07-25, 0.08366174389702137, 0.06288209606986882, 0.2170963364993214, 0.006166020090948939, 0.30926424303243194, 0.011012205194090127, 0.009607246608870683, 0.023016676434546315, 0.030249127246092824
2021-07-25, 0.08366174389702137, 0.06288209606986882, 0.2170963364993214, 0.006166020090948939, 0.30926424303243194, 0.011012205194090127, 0.009607246608870683, 0.023016676434546315, 0.030249127246092824
2021-07-25, 0.08366174389702137, 0.06288209606986882, 0.2170963364993214, 0.006166020090948939, 0.30926424303243194, 0.011012205194090127, 0.009607246608870683, 0.023016676434546315, 0.030249127246092824
2021-07-25, 0.08482690029550986, 0.08384279475982516, 0.20934289591006008, 0.00924903013642327, 0.3120010947406835, 0.011012205194090127, 0.00823478280760344, 0.019819915818637103, 0.0251124829967563
2021-06-25, 0.13545429859081892, 0.1467248908296942, 0.22484977708858306, 0.12332040181897604, 0.5117912694430505, 0.01376525649261265, 0.016469565615206898, 0.020459267941818945, 0.026253959496608862
2021-06-25, 0.07970632953544428, 0.0838427947598254, 0.17832913355301447, 0.07707525113685995, 0.25726406057565104, 0.008259153895567587, 0.01372463801267241, 0.008311577601363944, 0.01084402674859931
2021-06-25, 0.07970632953544428, 0.0838427947598254, 0.17832913355301447, 0.07707525113685995, 0.25726406057565104, 0.008259153895567587, 0.01372463801267241, 0.008311577601363944, 0.01084402674859931
2021-06-25, 0.07970632953544428, 0.0838427947598254, 0.17832913355301447, 0.07707525113685995, 0.25726406057565104, 0.008259153895567587, 0.01372463801267241, 0.008311577601363944, 0.01084402674859931
2021-06-25, 0.07970632953544428, 0.0838427947598254, 0.17832913355301447, 0.07707525113685995, 0.25726406057565104, 0.008259153895567587, 0.01372463801267241, 0.008311577601363944, 0.01084402674859931
2021-06-25, 0.07970632953544428, 0.0838427947598254, 0.17832913355301447, 0.07707525113685995, 0.25726406057565104, 0.008259153895567587, 0.01372463801267241, 0.008311577601363944, 0.01084402674859931
2021-06-25, 0.07970632953544428, 0.0838427947598254, 0.17832913355301447, 0.07707525113685995, 0.25726406057565104, 0.008259153895567587, 0.01372463801267241, 0.008311577601363944, 0.01084402674859931
2021-06-25, 0.07970632953544428, 0.0838427947598254, 0.17832913355301447, 0.07707525113685995, 0.25726406057565104, 0.008259153895567587, 0.01372463801267241, 0.008311577601363944, 0.01084402674859931
2021-06-25, 0.07970632953544428, 0.0838427947598254, 0.17832913355301447, 0.07707525113685995, 0.25726406057565104, 0.008259153895567587, 0.01372463801267241, 0.008311577601363944, 0.01084402674859931
2021-06-25, 0.07970632953544428, 0.0838427947598254, 0.17832913355301447, 0.07707525113685995, 0.25726406057565104, 0.008259153895567587, 0.01372463801267241, 0.008311577601363944, 0.01084402674859931
2021-06-25, 0.07970632953544428, 0.0838427947598254, 0.17832913355301447, 0.07707525113685995, 0.25726406057565104, 0.008259153895567587, 0.01372463801267241, 0.008311577601363944, 0.01084402674859931
2021-06-25, 0.13545429859081892, 0.1467248908296942, 0.22484977708858306, 0.12332040181897604, 0.5117912694430505, 0.01376525649261265, 0.016469565615206898, 0.020459267941818945, 0.026253959496608862
2021-06-25, 0.13545429859081892, 0.1467248908296942, 0.22484977708858306, 0.12332040181897604, 0.5117912694430505, 0.01376525649261265, 0.016469565615206898, 0.020459267941818945, 0.026253959496608862
2021-06-25, 0.06781437770434895, 0.02096069868995635, 0.20934289591006008, 0.021581070318320874, 0.24084295032614172, 0.008259153895567587, 0.010979710410137926, 0.013426394586818687, 0.01712214749778839
2021-06-25, 0.0720062800286459, 0.08384279475982516, 0.16282225237449147, 0.06166020090948802, 0.20800072982712217, 0.008259153895567587, 0.01372463801267241, 0.0166231552027279, 0.021117315247272343
2021-05-26, 0.09021827457336286, 0.314410480349345, 0.2946307423919363, 0.015415050227371935, 0.05747388587328352, 0.0, 0.010979710410137926, 0.013426394586818687, 0.015409932748009551
2021-05-26, 0.05955505250410692, 0.12576419213973786, 0.24035665826710603, 0.030830100454744144, 0.041052775623773734, 0.0027530512985225316, 0.010979710410137926, 0.012147690340455, 0.01255624149837815
2021-05-26, 0.05955505250410692, 0.12576419213973786, 0.24035665826710603, 0.030830100454744144, 0.041052775623773734, 0.0027530512985225316, 0.010979710410137926, 0.012147690340455, 0.01255624149837815
2021-05-26, 0.05955505250410692, 0.12576419213973786, 0.24035665826710603, 0.030830100454744144, 0.041052775623773734, 0.0027530512985225316, 0.010979710410137926, 0.012147690340455, 0.01255624149837815
2021-05-26, 0.05955505250410692, 0.12576419213973786, 0.24035665826710603, 0.030830100454744144, 0.041052775623773734, 0.0027530512985225316, 0.010979710410137926, 0.012147690340455, 0.01255624149837815
2021-05-26, 0.05955505250410692, 0.12576419213973786, 0.24035665826710603, 0.030830100454744144, 0.041052775623773734, 0.0027530512985225316, 0.010979710410137926, 0.012147690340455, 0.01255624149837815
2021-05-26, 0.05955505250410692, 0.12576419213973786, 0.24035665826710603, 0.030830100454744144, 0.041052775623773734, 0.0027530512985225316, 0.010979710410137926, 0.012147690340455, 0.01255624149837815
2021-05-26, 0.05955505250410692, 0.12576419213973786, 0.24035665826710603, 0.030830100454744144, 0.041052775623773734, 0.0027530512985225316, 0.010979710410137926, 0.012147690340455, 0.01255624149837815
2021-05-26, 0.05955505250410692, 0.12576419213973786, 0.24035665826710603, 0.030830100454744144, 0.041052775623773734, 0.0027530512985225316, 0.010979710410137926, 0.012147690340455, 0.01255624149837815
2021-05-26, 0.05955505250410692, 0.12576419213973786, 0.24035665826710603, 0.030830100454744144, 0.041052775623773734, 0.0027530512985225316, 0.010979710410137926, 0.012147690340455, 0.01255624149837815
2021-05-26, 0.05955505250410692, 0.12576419213973786, 0.24035665826710603, 0.030830100454744144, 0.041052775623773734, 0.0027530512985225316, 0.010979710410137926, 0.012147690340455, 0.01255624149837815
2021-05-26, 0.1256284413360663, 0.06288209606986905, 0.2868773018026746, 0.25897284381984914, 0.3366327601149474, 0.0055061025970450555, 0.012352174211405168, 0.017262507325909743, 0.024541744746830022
2021-05-26, 0.1256284413360663, 0.06288209606986905, 0.2868773018026746, 0.25897284381984914, 0.3366327601149474, 0.0055061025970450555, 0.012352174211405168, 0.017262507325909743, 0.024541744746830022
2021-05-26, 0.08775750258046369, 0.20960698689956325, 0.31013762357045926, 0.030830100454744144, 0.10400036491356084, 0.0, 0.009607246608870683, 0.017901859449091572, 0.01997583874741978
2021-05-26, 0.07815315010854405, 0.20960698689956325, 0.2946307423919363, 0.030830100454744144, 0.03831592391552218, 0.0027530512985225316, 0.012352174211405168, 0.017901859449091572, 0.018834362247567234
2021-04-26, 0.05195479290416125, 0.06288209606986905, 0.19383601473153708, 0.00924903013642327, 0.10673721662181239, 0.0027530512985225165, 0.010979710410137926, 0.011508338217273172, 0.017692885747714673
2021-04-26, 0.05195479290416125, 0.06288209606986905, 0.19383601473153708, 0.00924903013642327, 0.10673721662181239, 0.0027530512985225165, 0.010979710410137926, 0.011508338217273172, 0.017692885747714673
2021-04-26, 0.05195479290416125, 0.06288209606986905, 0.19383601473153708, 0.00924903013642327, 0.10673721662181239, 0.0027530512985225165, 0.010979710410137926, 0.011508338217273172, 0.017692885747714673
2021-04-26, 0.05195479290416125, 0.06288209606986905, 0.19383601473153708, 0.00924903013642327, 0.10673721662181239, 0.0027530512985225165, 0.010979710410137926, 0.011508338217273172, 0.017692885747714673
2021-04-26, 0.05195479290416125, 0.06288209606986905, 0.19383601473153708, 0.00924903013642327, 0.10673721662181239, 0.0027530512985225165, 0.010979710410137926, 0.011508338217273172, 0.017692885747714673
2021-04-26, 0.05195479290416125, 0.06288209606986905, 0.19383601473153708, 0.00924903013642327, 0.10673721662181239, 0.0027530512985225165, 0.010979710410137926, 0.011508338217273172, 0.017692885747714673
2021-04-26, 0.05195479290416125, 0.06288209606986905, 0.19383601473153708, 0.00924903013642327, 0.10673721662181239, 0.0027530512985225165, 0.010979710410137926, 0.011508338217273172, 0.017692885747714673
2021-04-26, 0.05195479290416125, 0.06288209606986905, 0.19383601473153708, 0.00924903013642327, 0.10673721662181239, 0.0027530512985225165, 0.010979710410137926, 0.011508338217273172, 0.017692885747714673
2021-04-26, 0.05195479290416125, 0.06288209606986905, 0.19383601473153708, 0.00924903013642327, 0.10673721662181239, 0.0027530512985225165, 0.010979710410137926, 0.011508338217273172, 0.017692885747714673
2021-04-26, 0.05195479290416125, 0.06288209606986905, 0.19383601473153708, 0.00924903013642327, 0.10673721662181239, 0.0027530512985225165, 0.010979710410137926, 0.011508338217273172, 0.017692885747714673
2021-04-26, 0.05195479290416125, 0.06288209606986905, 0.19383601473153708, 0.00924903013642327, 0.10673721662181239, 0.0027530512985225165, 0.010979710410137926, 0.011508338217273172, 0.017692885747714673
2021-04-26, 0.1513354783005974, 0.12576419213973786, 0.21709633649932172, 0.3329650849112347, 0.47347534552752785, 0.00825915389556758, 0.009607246608870698, 0.017262507325909743, 0.026253959496608862
2021-04-26, 0.1513354783005974, 0.12576419213973786, 0.21709633649932172, 0.3329650849112347, 0.47347534552752785, 0.00825915389556758, 0.009607246608870698, 0.017262507325909743, 0.026253959496608862
2021-04-26, 0.1513354783005974, 0.12576419213973786, 0.21709633649932172, 0.3329650849112347, 0.47347534552752785, 0.00825915389556758, 0.009607246608870698, 0.017262507325909743, 0.026253959496608862
2021-04-26, 0.07312838930974655, 0.02096069868995635, 0.24035665826710603, 0.09865632145518055, 0.1751585093281026, 0.0027530512985225165, 0.009607246608870698, 0.014705098833182372, 0.022829529997051182
2021-03-27, 0.06778404961152112, 0.2934497816593884, 0.046520643535568944, 0.14490147213729634, 0.019157961957761333, 0.0027530512985225316, 0.005489855205068971, 0.008311577601363944, 0.02168805349719862
2021-03-27, 0.06778404961152112, 0.2934497816593884, 0.046520643535568944, 0.14490147213729634, 0.019157961957761333, 0.0027530512985225316, 0.005489855205068971, 0.008311577601363944, 0.02168805349719862
2021-03-27, 0.06778404961152112, 0.2934497816593884, 0.046520643535568944, 0.14490147213729634, 0.019157961957761333, 0.0027530512985225316, 0.005489855205068971, 0.008311577601363944, 0.02168805349719862
2021-03-27, 0.06778404961152112, 0.2934497816593884, 0.046520643535568944, 0.14490147213729634, 0.019157961957761333, 0.0027530512985225316, 0.005489855205068971, 0.008311577601363944, 0.02168805349719862
2021-03-27, 0.06778404961152112, 0.2934497816593884, 0.046520643535568944, 0.14490147213729634, 0.019157961957761333, 0.0027530512985225316, 0.005489855205068971, 0.008311577601363944, 0.02168805349719862
2021-03-27, 0.06778404961152112, 0.2934497816593884, 0.046520643535568944, 0.14490147213729634, 0.019157961957761333, 0.0027530512985225316, 0.005489855205068971, 0.008311577601363944, 0.02168805349719862
2021-03-27, 0.06778404961152112, 0.2934497816593884, 0.046520643535568944, 0.14490147213729634, 0.019157961957761333, 0.0027530512985225316, 0.005489855205068971, 0.008311577601363944, 0.02168805349719862
2021-03-27, 0.06778404961152112, 0.2934497816593884, 0.046520643535568944, 0.14490147213729634, 0.019157961957761333, 0.0027530512985225316, 0.005489855205068971, 0.008311577601363944, 0.02168805349719862
2021-03-27, 0.06778404961152112, 0.2934497816593884, 0.046520643535568944, 0.14490147213729634, 0.019157961957761333, 0.0027530512985225316, 0.005489855205068971, 0.008311577601363944, 0.02168805349719862
2021-03-27, 0.06778404961152112, 0.2934497816593884, 0.046520643535568944, 0.14490147213729634, 0.019157961957761333, 0.0027530512985225316, 0.005489855205068971, 0.008311577601363944, 0.02168805349719862
2021-03-27, 0.06778404961152112, 0.2934497816593884, 0.046520643535568944, 0.14490147213729634, 0.019157961957761333, 0.0027530512985225316, 0.005489855205068971, 0.008311577601363944, 0.02168805349719862
2021-03-27, 0.08699388742445417, 0.0838427947598254, 0.031013762357045963, 0.21272769313773385, 0.30379053961592833, 0.00825915389556758, 0.008234782807603456, 0.017262507325909743, 0.030819865496019103
2021-03-27, 0.08699388742445417, 0.0838427947598254, 0.031013762357045963, 0.21272769313773385, 0.30379053961592833, 0.00825915389556758, 0.008234782807603456, 0.017262507325909743, 0.030819865496019103
2021-03-27, 0.08699388742445417, 0.0838427947598254, 0.031013762357045963, 0.21272769313773385, 0.30379053961592833, 0.00825915389556758, 0.008234782807603456, 0.017262507325909743, 0.030819865496019103
2021-03-27, 0.08523560440197087, 0.23056768558951937, 0.11630160883892218, 0.04624515068211608, 0.24905350545089638, 0.005506102597045048, 0.005489855205068971, 0.007032873355000258, 0.02168805349719862
2021-02-25, 0.4100321093139261, 1.1318777292576419, 0.3411513859275056, 0.579605888549187, 1.1166354969666556, 0.011012205194090111, 0.009607246608870698, 0.03900047951409239, 0.051366442493365166
2021-02-25, 0.4100321093139261, 1.1318777292576419, 0.3411513859275056, 0.579605888549187, 1.1166354969666556, 0.011012205194090111, 0.009607246608870698, 0.03900047951409239, 0.051366442493365166
2021-02-25, 0.4100321093139261, 1.1318777292576419, 0.3411513859275056, 0.579605888549187, 1.1166354969666556, 0.011012205194090111, 0.009607246608870698, 0.03900047951409239, 0.051366442493365166
2021-02-25, 0.4100321093139261, 1.1318777292576419, 0.3411513859275056, 0.579605888549187, 1.1166354969666556, 0.011012205194090111, 0.009607246608870698, 0.03900047951409239, 0.051366442493365166
2021-02-25, 0.4100321093139261, 1.1318777292576419, 0.3411513859275056, 0.579605888549187, 1.1166354969666556, 0.011012205194090111, 0.009607246608870698, 0.03900047951409239, 0.051366442493365166
2021-02-25, 0.4100321093139261, 1.1318777292576419, 0.3411513859275056, 0.579605888549187, 1.1166354969666556, 0.011012205194090111, 0.009607246608870698, 0.03900047951409239, 0.051366442493365166
2021-02-25, 0.4100321093139261, 1.1318777292576419, 0.3411513859275056, 0.579605888549187, 1.1166354969666556, 0.011012205194090111, 0.009607246608870698, 0.03900047951409239, 0.051366442493365166
2021-02-25, 0.4100321093139261, 1.1318777292576419, 0.3411513859275056, 0.579605888549187, 1.1166354969666556, 0.011012205194090111, 0.009607246608870698, 0.03900047951409239, 0.051366442493365166
2021-02-25, 0.4100321093139261, 1.1318777292576419, 0.3411513859275056, 0.579605888549187, 1.1166354969666556, 0.011012205194090111, 0.009607246608870698, 0.03900047951409239, 0.051366442493365166
2021-02-25, 0.4100321093139261, 1.1318777292576419, 0.3411513859275056, 0.579605888549187, 1.1166354969666556, 0.011012205194090111, 0.009607246608870698, 0.03900047951409239, 0.051366442493365166
2021-02-25, 0.4100321093139261, 1.1318777292576419, 0.3411513859275056, 0.579605888549187, 1.1166354969666556, 0.011012205194090111, 0.009607246608870698, 0.03900047951409239, 0.051366442493365166
2021-02-25, 0.16769193680933345, 0.5659388646288209, 0.1473153711959685, 0.15106749222824556, 0.33936961182319897, 0.013765256492612642, 0.006862319006336213, 0.049869465608183706, 0.06734711349130101
2021-02-25, 0.16769193680933345, 0.5659388646288209, 0.1473153711959685, 0.15106749222824556, 0.33936961182319897, 0.013765256492612642, 0.006862319006336213, 0.049869465608183706, 0.06734711349130101
2021-02-25, 0.16769193680933345, 0.5659388646288209, 0.1473153711959685, 0.15106749222824556, 0.33936961182319897, 0.013765256492612642, 0.006862319006336213, 0.049869465608183706, 0.06734711349130101
2021-02-25, 0.24432705625743462, 0.9851528384279475, 0.255863539445629, 0.08324127122780861, 0.5063175660265469, 0.011012205194090111, 0.006862319006336213, 0.04795140923863817, 0.058215301492480526
2021-01-26, 0.316537717721778, 1.0689956331877728, 0.1473153711959685, 0.3576291652750302, 0.8292660676002376, 0.016518307791135174, 0.009607246608870698, 0.044754648622728974, 0.058215301492480526
2021-01-26, 0.46569432936668526, 1.2995633187772928, 0.27137042062415234, 0.6628471597769957, 1.3930575195000685, 0.013765256492612642, 0.009607246608870698, 0.03196760615909212, 0.04337610699439724
2021-01-26, 0.46569432936668526, 1.2995633187772928, 0.27137042062415234, 0.6628471597769957, 1.3930575195000685, 0.013765256492612642, 0.009607246608870698, 0.03196760615909212, 0.04337610699439724
2021-01-26, 0.46569432936668526, 1.2995633187772928, 0.27137042062415234, 0.6628471597769957, 1.3930575195000685, 0.013765256492612642, 0.009607246608870698, 0.03196760615909212, 0.04337610699439724
2021-01-26, 0.46569432936668526, 1.2995633187772928, 0.27137042062415234, 0.6628471597769957, 1.3930575195000685, 0.013765256492612642, 0.009607246608870698, 0.03196760615909212, 0.04337610699439724
2021-01-26, 0.46569432936668526, 1.2995633187772928, 0.27137042062415234, 0.6628471597769957, 1.3930575195000685, 0.013765256492612642, 0.009607246608870698, 0.03196760615909212, 0.04337610699439724
2021-01-26, 0.46569432936668526, 1.2995633187772928, 0.27137042062415234, 0.6628471597769957, 1.3930575195000685, 0.013765256492612642, 0.009607246608870698, 0.03196760615909212, 0.04337610699439724
2021-01-26, 0.46569432936668526, 1.2995633187772928, 0.27137042062415234, 0.6628471597769957, 1.3930575195000685, 0.013765256492612642, 0.009607246608870698, 0.03196760615909212, 0.04337610699439724
2021-01-26, 0.46569432936668526, 1.2995633187772928, 0.27137042062415234, 0.6628471597769957, 1.3930575195000685, 0.013765256492612642, 0.009607246608870698, 0.03196760615909212, 0.04337610699439724
2021-01-26, 0.46569432936668526, 1.2995633187772928, 0.27137042062415234, 0.6628471597769957, 1.3930575195000685, 0.013765256492612642, 0.009607246608870698, 0.03196760615909212, 0.04337610699439724
2021-01-26, 0.46569432936668526, 1.2995633187772928, 0.27137042062415234, 0.6628471597769957, 1.3930575195000685, 0.013765256492612642, 0.009607246608870698, 0.03196760615909212, 0.04337610699439724
2021-01-26, 0.316537717721778, 1.0689956331877728, 0.1473153711959685, 0.3576291652750302, 0.8292660676002376, 0.016518307791135174, 0.009607246608870698, 0.044754648622728974, 0.058215301492480526
2021-01-26, 0.316537717721778, 1.0689956331877728, 0.1473153711959685, 0.3576291652750302, 0.8292660676002376, 0.016518307791135174, 0.009607246608870698, 0.044754648622728974, 0.058215301492480526
2021-01-26, 0.37209227686368185, 1.2157205240174673, 0.27912386121341365, 0.2928859543200676, 1.0509510559686175, 0.013765256492612642, 0.010979710410137926, 0.045394000745910816, 0.06791785174122728
2021-01-26, 0.31490388905282324, 1.25764192139738, 0.16282225237449113, 0.08324127122780861, 0.8840031017652695, 0.013765256492612642, 0.008234782807603456, 0.04731205711545633, 0.062210469241964474
2020-12-27, 0.3091679843574888, 1.0899563318777292, 0.32564450474898293, 0.15723351231919425, 0.7827395885599597, 0.011012205194090127, 0.010979710410137926, 0.04155788800681976, 0.05422013374299658
2020-12-27, 0.4041492850763522, 1.3624454148471619, 0.3489048265167669, 0.49636461732137793, 0.9469506910550567, 0.0027530512985225316, 0.010979710410137926, 0.02941019766636476, 0.03538577149542933
2020-12-27, 0.4041492850763522, 1.3624454148471619, 0.3489048265167669, 0.49636461732137793, 0.9469506910550567, 0.0027530512985225316, 0.010979710410137926, 0.02941019766636476, 0.03538577149542933
2020-12-27, 0.4041492850763522, 1.3624454148471619, 0.3489048265167669, 0.49636461732137793, 0.9469506910550567, 0.0027530512985225316, 0.010979710410137926, 0.02941019766636476, 0.03538577149542933
2020-12-27, 0.4041492850763522, 1.3624454148471619, 0.3489048265167669, 0.49636461732137793, 0.9469506910550567, 0.0027530512985225316, 0.010979710410137926, 0.02941019766636476, 0.03538577149542933
2020-12-27, 0.4041492850763522, 1.3624454148471619, 0.3489048265167669, 0.49636461732137793, 0.9469506910550567, 0.0027530512985225316, 0.010979710410137926, 0.02941019766636476, 0.03538577149542933
2020-12-27, 0.4041492850763522, 1.3624454148471619, 0.3489048265167669, 0.49636461732137793, 0.9469506910550567, 0.0027530512985225316, 0.010979710410137926, 0.02941019766636476, 0.03538577149542933
2020-12-27, 0.4041492850763522, 1.3624454148471619, 0.3489048265167669, 0.49636461732137793, 0.9469506910550567, 0.0027530512985225316, 0.010979710410137926, 0.02941019766636476, 0.03538577149542933
2020-12-27, 0.4041492850763522, 1.3624454148471619, 0.3489048265167669, 0.49636461732137793, 0.9469506910550567, 0.0027530512985225316, 0.010979710410137926, 0.02941019766636476, 0.03538577149542933
2020-12-27, 0.4041492850763522, 1.3624454148471619, 0.3489048265167669, 0.49636461732137793, 0.9469506910550567, 0.0027530512985225316, 0.010979710410137926, 0.02941019766636476, 0.03538577149542933
2020-12-27, 0.4041492850763522, 1.3624454148471619, 0.3489048265167669, 0.49636461732137793, 0.9469506910550567, 0.0027530512985225316, 0.010979710410137926, 0.02941019766636476, 0.03538577149542933
2020-12-27, 0.2652493296478435, 0.9641921397379911, 0.17832913355301447, 0.13565244200087337, 0.7143182958536696, 0.011012205194090127, 0.009607246608870698, 0.0466727049922745, 0.062210469241964474
2020-12-27, 0.2652493296478435, 0.9641921397379911, 0.17832913355301447, 0.13565244200087337, 0.7143182958536696, 0.011012205194090127, 0.009607246608870698, 0.0466727049922745, 0.062210469241964474
2020-12-27, 0.28843665605099933, 1.194759825327511, 0.32564450474898293, 0.0955733114097065, 0.5829494138575922, 0.011012205194090127, 0.009607246608870698, 0.037721775267728706, 0.0502249659935126
2020-12-27, 0.290282815714711, 1.2366812227074238, 0.2015894553207991, 0.052411170773064744, 0.7088445924371665, 0.008259153895567594, 0.012352174211405168, 0.042197240130001604, 0.05992751624225935
2020-11-27, 0.2660367310441548, 0.775545851528384, 0.1550688117852298, 0.4532024766847362, 0.6130547826483608, 0.01651830779113518, 0.00823478280760344, 0.04731205711545633, 0.05935677799233309
2020-11-27, 0.33207239356772517, 1.0480349344978166, 0.23260321767784506, 0.3637951853659789, 0.905897915431283, 0.01376525649261265, 0.00823478280760344, 0.03516436677500133, 0.049083489493660044
2020-11-27, 0.33207239356772517, 1.0480349344978166, 0.23260321767784506, 0.3637951853659789, 0.905897915431283, 0.01376525649261265, 0.00823478280760344, 0.03516436677500133, 0.049083489493660044
2020-11-27, 0.33207239356772517, 1.0480349344978166, 0.23260321767784506, 0.3637951853659789, 0.905897915431283, 0.01376525649261265, 0.00823478280760344, 0.03516436677500133, 0.049083489493660044
2020-11-27, 0.33207239356772517, 1.0480349344978166, 0.23260321767784506, 0.3637951853659789, 0.905897915431283, 0.01376525649261265, 0.00823478280760344, 0.03516436677500133, 0.049083489493660044
2020-11-27, 0.33207239356772517, 1.0480349344978166, 0.23260321767784506, 0.3637951853659789, 0.905897915431283, 0.01376525649261265, 0.00823478280760344, 0.03516436677500133, 0.049083489493660044
2020-11-27, 0.33207239356772517, 1.0480349344978166, 0.23260321767784506, 0.3637951853659789, 0.905897915431283, 0.01376525649261265, 0.00823478280760344, 0.03516436677500133, 0.049083489493660044
2020-11-27, 0.33207239356772517, 1.0480349344978166, 0.23260321767784506, 0.3637951853659789, 0.905897915431283, 0.01376525649261265, 0.00823478280760344, 0.03516436677500133, 0.049083489493660044
2020-11-27, 0.33207239356772517, 1.0480349344978166, 0.23260321767784506, 0.3637951853659789, 0.905897915431283, 0.01376525649261265, 0.00823478280760344, 0.03516436677500133, 0.049083489493660044
2020-11-27, 0.33207239356772517, 1.0480349344978166, 0.23260321767784506, 0.3637951853659789, 0.905897915431283, 0.01376525649261265, 0.00823478280760344, 0.03516436677500133, 0.049083489493660044
2020-11-27, 0.33207239356772517, 1.0480349344978166, 0.23260321767784506, 0.3637951853659789, 0.905897915431283, 0.01376525649261265, 0.00823478280760344, 0.03516436677500133, 0.049083489493660044
2020-11-27, 0.2660367310441548, 0.775545851528384, 0.1550688117852298, 0.4532024766847362, 0.6130547826483608, 0.01651830779113518, 0.00823478280760344, 0.04731205711545633, 0.05935677799233309
2020-11-27, 0.2660367310441548, 0.775545851528384, 0.1550688117852298, 0.4532024766847362, 0.6130547826483608, 0.01651830779113518, 0.00823478280760344, 0.04731205711545633, 0.05935677799233309
2020-11-27, 0.2655475620615751, 0.775545851528384, 0.2015894553207991, 0.25897284381984936, 0.7663184783104504, 0.01651830779113518, 0.012352174211405168, 0.037721775267728706, 0.055361610242849114
2020-11-27, 0.2041239746430928, 0.6707423580786027, 0.06978096530335393, 0.24355779359247717, 0.5254755279843092, 0.01376525649261265, 0.005489855205068956, 0.045394000745910816, 0.058786039742406794
2020-10-28, 0.21415869584416117, 1.0270742358078602, 0.17057569296375313, 0.055494180818539074, 0.3311590566984448, 0.019271359089657707, 0.0068623190063361985, 0.04347594437636529, 0.05935677799233309
2020-10-28, 0.2953917326120195, 1.1528384279475983, 0.19383601473153708, 0.2281427433651055, 0.6595812616886376, 0.019271359089657707, 0.005489855205068956, 0.04347594437636529, 0.06049825449218565
2020-10-28, 0.2953917326120195, 1.1528384279475983, 0.19383601473153708, 0.2281427433651055, 0.6595812616886376, 0.019271359089657707, 0.005489855205068956, 0.04347594437636529, 0.06049825449218565
2020-10-28, 0.2953917326120195, 1.1528384279475983, 0.19383601473153708, 0.2281427433651055, 0.6595812616886376, 0.019271359089657707, 0.005489855205068956, 0.04347594437636529, 0.06049825449218565
2020-10-28, 0.2953917326120195, 1.1528384279475983, 0.19383601473153708, 0.2281427433651055, 0.6595812616886376, 0.019271359089657707, 0.005489855205068956, 0.04347594437636529, 0.06049825449218565
2020-10-28, 0.2953917326120195, 1.1528384279475983, 0.19383601473153708, 0.2281427433651055, 0.6595812616886376, 0.019271359089657707, 0.005489855205068956, 0.04347594437636529, 0.06049825449218565
2020-10-28, 0.2953917326120195, 1.1528384279475983, 0.19383601473153708, 0.2281427433651055, 0.6595812616886376, 0.019271359089657707, 0.005489855205068956, 0.04347594437636529, 0.06049825449218565
2020-10-28, 0.2953917326120195, 1.1528384279475983, 0.19383601473153708, 0.2281427433651055, 0.6595812616886376, 0.019271359089657707, 0.005489855205068956, 0.04347594437636529, 0.06049825449218565
2020-10-28, 0.2953917326120195, 1.1528384279475983, 0.19383601473153708, 0.2281427433651055, 0.6595812616886376, 0.019271359089657707, 0.005489855205068956, 0.04347594437636529, 0.06049825449218565
2020-10-28, 0.2953917326120195, 1.1528384279475983, 0.19383601473153708, 0.2281427433651055, 0.6595812616886376, 0.019271359089657707, 0.005489855205068956, 0.04347594437636529, 0.06049825449218565
2020-10-28, 0.2953917326120195, 1.1528384279475983, 0.19383601473153708, 0.2281427433651055, 0.6595812616886376, 0.019271359089657707, 0.005489855205068956, 0.04347594437636529, 0.06049825449218565
2020-10-28, 0.19535574436301287, 0.7965065502183408, 0.07753440589261525, 0.12640341186445037, 0.44610682844501187, 0.019271359089657707, 0.0068623190063361985, 0.03708242314454686, 0.05307865724314402
2020-10-28, 0.19535574436301287, 0.7965065502183408, 0.07753440589261525, 0.12640341186445037, 0.44610682844501187, 0.019271359089657707, 0.0068623190063361985, 0.03708242314454686, 0.05307865724314402
2020-10-28, 0.28091821727098504, 0.9432314410480348, 0.17057569296375313, 0.22197672327415685, 0.7827395885599597, 0.02202441038818023, 0.00823478280760344, 0.04091853588363792, 0.057644563242554236
2020-10-28, 0.21745238373883852, 0.8174672489082971, 0.0, 0.07399224109138562, 0.7115814441454185, 0.02202441038818023, 0.004117391403801713, 0.05050881773136555, 0.05992751624225935
2020-09-28, 0.22999970011182014, 0.8593886462882094, 0.007753440589261319, 0.1788145826375151, 0.6650549651051407, 0.02477746168670276, 0.0027449276025344853, 0.0466727049922745, 0.054790871992922846
2020-09-28, 0.3953632431786726, 1.467248908296943, 0.27912386121341365, 0.30521799450196546, 1.0098982803448429, 0.02202441038818023, 0.004117391403801728, 0.031328254035910275, 0.04394684524432354
2020-09-28, 0.3953632431786726, 1.467248908296943, 0.27912386121341365, 0.30521799450196546, 1.0098982803448429, 0.02202441038818023, 0.004117391403801728, 0.031328254035910275, 0.04394684524432354
2020-09-28, 0.3953632431786726, 1.467248908296943, 0.27912386121341365, 0.30521799450196546, 1.0098982803448429, 0.02202441038818023, 0.004117391403801728, 0.031328254035910275, 0.04394684524432354
2020-09-28, 0.3953632431786726, 1.467248908296943, 0.27912386121341365, 0.30521799450196546, 1.0098982803448429, 0.02202441038818023, 0.004117391403801728, 0.031328254035910275, 0.04394684524432354
2020-09-28, 0.3953632431786726, 1.467248908296943, 0.27912386121341365, 0.30521799450196546, 1.0098982803448429, 0.02202441038818023, 0.004117391403801728, 0.031328254035910275, 0.04394684524432354
2020-09-28, 0.3953632431786726, 1.467248908296943, 0.27912386121341365, 0.30521799450196546, 1.0098982803448429, 0.02202441038818023, 0.004117391403801728, 0.031328254035910275, 0.04394684524432354
2020-09-28, 0.3953632431786726, 1.467248908296943, 0.27912386121341365, 0.30521799450196546, 1.0098982803448429, 0.02202441038818023, 0.004117391403801728, 0.031328254035910275, 0.04394684524432354
2020-09-28, 0.3953632431786726, 1.467248908296943, 0.27912386121341365, 0.30521799450196546, 1.0098982803448429, 0.02202441038818023, 0.004117391403801728, 0.031328254035910275, 0.04394684524432354
2020-09-28, 0.3953632431786726, 1.467248908296943, 0.27912386121341365, 0.30521799450196546, 1.0098982803448429, 0.02202441038818023, 0.004117391403801728, 0.031328254035910275, 0.04394684524432354
2020-09-28, 0.3953632431786726, 1.467248908296943, 0.27912386121341365, 0.30521799450196546, 1.0098982803448429, 0.02202441038818023, 0.004117391403801728, 0.031328254035910275, 0.04394684524432354
2020-09-28, 0.22999970011182014, 0.8593886462882094, 0.007753440589261319, 0.1788145826375151, 0.6650549651051407, 0.02477746168670276, 0.0027449276025344853, 0.0466727049922745, 0.054790871992922846
2020-09-28, 0.22999970011182014, 0.8593886462882094, 0.007753440589261319, 0.1788145826375151, 0.6650549651051407, 0.02477746168670276, 0.0027449276025344853, 0.0466727049922745, 0.054790871992922846
2020-09-28, 0.2570089248507484, 1.0480349344978166, 0.10854816824966053, 0.2774709040926959, 0.4898964557770376, 0.02477746168670276, 0.006862319006336213, 0.042836592253183446, 0.057644563242554236
2020-09-28, 0.2828935300321391, 1.2157205240174673, 0.1395619306067065, 0.1942296328648873, 0.5829494138575922, 0.02202441038818023, 0.004117391403801728, 0.04347594437636529, 0.061068992742111916
2020-08-29, 0.2745455176500571, 1.0899563318777294, 0.10079472766039921, 0.2281427433651055, 0.6431601514391273, 0.02202441038818023, 0.0, 0.051787521977729234, 0.06049825449218565
2020-08-29, 0.40436748028152647, 1.3414847161572052, 0.20934289591005972, 0.5611078282763405, 1.0098982803448429, 0.02202441038818023, 0.004117391403801728, 0.033885662528637644, 0.05307865724314402
2020-08-29, 0.40436748028152647, 1.3414847161572052, 0.20934289591005972, 0.5611078282763405, 1.0098982803448429, 0.02202441038818023, 0.004117391403801728, 0.033885662528637644, 0.05307865724314402
2020-08-29, 0.40436748028152647, 1.3414847161572052, 0.20934289591005972, 0.5611078282763405, 1.0098982803448429, 0.02202441038818023, 0.004117391403801728, 0.033885662528637644, 0.05307865724314402
2020-08-29, 0.40436748028152647, 1.3414847161572052, 0.20934289591005972, 0.5611078282763405, 1.0098982803448429, 0.02202441038818023, 0.004117391403801728, 0.033885662528637644, 0.05307865724314402
2020-08-29, 0.40436748028152647, 1.3414847161572052, 0.20934289591005972, 0.5611078282763405, 1.0098982803448429, 0.02202441038818023, 0.004117391403801728, 0.033885662528637644, 0.05307865724314402
2020-08-29, 0.40436748028152647, 1.3414847161572052, 0.20934289591005972, 0.5611078282763405, 1.0098982803448429, 0.02202441038818023, 0.004117391403801728, 0.033885662528637644, 0.05307865724314402
2020-08-29, 0.40436748028152647, 1.3414847161572052, 0.20934289591005972, 0.5611078282763405, 1.0098982803448429, 0.02202441038818023, 0.004117391403801728, 0.033885662528637644, 0.05307865724314402
2020-08-29, 0.40436748028152647, 1.3414847161572052, 0.20934289591005972, 0.5611078282763405, 1.0098982803448429, 0.02202441038818023, 0.004117391403801728, 0.033885662528637644, 0.05307865724314402
2020-08-29, 0.40436748028152647, 1.3414847161572052, 0.20934289591005972, 0.5611078282763405, 1.0098982803448429, 0.02202441038818023, 0.004117391403801728, 0.033885662528637644, 0.05307865724314402
2020-08-29, 0.40436748028152647, 1.3414847161572052, 0.20934289591005972, 0.5611078282763405, 1.0098982803448429, 0.02202441038818023, 0.004117391403801728, 0.033885662528637644, 0.05307865724314402
2020-08-29, 0.2745455176500571, 1.0899563318777294, 0.10079472766039921, 0.2281427433651055, 0.6431601514391273, 0.02202441038818023, 0.0, 0.051787521977729234, 0.06049825449218565
2020-08-29, 0.2745455176500571, 1.0899563318777294, 0.10079472766039921, 0.2281427433651055, 0.6431601514391273, 0.02202441038818023, 0.0, 0.051787521977729234, 0.06049825449218565
2020-08-29, 0.35283501818143864, 1.1318777292576416, 0.2403566582671057, 0.38537625568429973, 0.9332664325137984, 0.02202441038818023, 0.0027449276025344853, 0.045394000745910816, 0.061639730992038205
2020-08-29, 0.25434566038919093, 1.068995633187773, 0.1395619306067065, 0.16648254245561722, 0.5227386762760572, 0.02202441038818023, 0.0027449276025344853, 0.05114816985454739, 0.061068992742111916
2020-07-30, 0.29973024378031793, 1.1528384279475983, 0.18608257414227578, 0.2219767232741563, 0.7061077407289145, 0.011012205194090118, 0.0027449276025344853, 0.048590761361820015, 0.06848858999115356
2020-07-30, 0.25057320986103515, 1.1318777292576419, 0.18608257414227578, 0.08940729131875728, 0.4953701591935407, 0.011012205194090118, 0.006862319006336205, 0.03260695828227396, 0.051366442493365166
2020-07-30, 0.25057320986103515, 1.1318777292576419, 0.18608257414227578, 0.08940729131875728, 0.4953701591935407, 0.011012205194090118, 0.006862319006336205, 0.03260695828227396, 0.051366442493365166
2020-07-30, 0.25057320986103515, 1.1318777292576419, 0.18608257414227578, 0.08940729131875728, 0.4953701591935407, 0.011012205194090118, 0.006862319006336205, 0.03260695828227396, 0.051366442493365166
2020-07-30, 0.25057320986103515, 1.1318777292576419, 0.18608257414227578, 0.08940729131875728, 0.4953701591935407, 0.011012205194090118, 0.006862319006336205, 0.03260695828227396, 0.051366442493365166
2020-07-30, 0.25057320986103515, 1.1318777292576419, 0.18608257414227578, 0.08940729131875728, 0.4953701591935407, 0.011012205194090118, 0.006862319006336205, 0.03260695828227396, 0.051366442493365166
2020-07-30, 0.25057320986103515, 1.1318777292576419, 0.18608257414227578, 0.08940729131875728, 0.4953701591935407, 0.011012205194090118, 0.006862319006336205, 0.03260695828227396, 0.051366442493365166
2020-07-30, 0.25057320986103515, 1.1318777292576419, 0.18608257414227578, 0.08940729131875728, 0.4953701591935407, 0.011012205194090118, 0.006862319006336205, 0.03260695828227396, 0.051366442493365166
2020-07-30, 0.25057320986103515, 1.1318777292576419, 0.18608257414227578, 0.08940729131875728, 0.4953701591935407, 0.011012205194090118, 0.006862319006336205, 0.03260695828227396, 0.051366442493365166
2020-07-30, 0.25057320986103515, 1.1318777292576419, 0.18608257414227578, 0.08940729131875728, 0.4953701591935407, 0.011012205194090118, 0.006862319006336205, 0.03260695828227396, 0.051366442493365166
2020-07-30, 0.25057320986103515, 1.1318777292576419, 0.18608257414227578, 0.08940729131875728, 0.4953701591935407, 0.011012205194090118, 0.006862319006336205, 0.03260695828227396, 0.051366442493365166
2020-07-30, 0.22615254393319476, 1.0689956331877728, 0.13956193060670719, 0.1788145826375151, 0.27642202253341186, 0.011012205194090118, 0.0027449276025344853, 0.05690233896318396, 0.07476671074034262
2020-07-30, 0.22615254393319476, 1.0689956331877728, 0.13956193060670719, 0.1788145826375151, 0.27642202253341186, 0.011012205194090118, 0.0027449276025344853, 0.05690233896318396, 0.07476671074034262
2020-07-30, 0.21827013576090906, 0.8803493449781657, 0.1550688117852298, 0.1788145826375151, 0.38863294257172787, 0.013765256492612642, 0.004117391403801728, 0.051787521977729234, 0.07362523424049007
2020-07-30, 0.22615254393319476, 1.0689956331877728, 0.13956193060670719, 0.1788145826375151, 0.27642202253341186, 0.011012205194090118, 0.0027449276025344853, 0.05690233896318396, 0.07476671074034262
2020-06-30, 0.18109721186460165, 0.62882096069869, 0.2403566582671057, 0.01849806027284654, 0.4132646079459923, 0.019271359089657707, 0.0013724638012672426, 0.052426874100911076, 0.07476671074034262
2020-06-30, 0.33963367390051413, 1.1528384279475983, 0.18608257414227578, 0.5395267579580196, 0.736213109519682, 0.011012205194090118, 0.0013724638012672426, 0.03580371889818317, 0.054220133742996564
2020-06-30, 0.33963367390051413, 1.1528384279475983, 0.18608257414227578, 0.5395267579580196, 0.736213109519682, 0.011012205194090118, 0.0013724638012672426, 0.03580371889818317, 0.054220133742996564
2020-06-30, 0.33963367390051413, 1.1528384279475983, 0.18608257414227578, 0.5395267579580196, 0.736213109519682, 0.011012205194090118, 0.0013724638012672426, 0.03580371889818317, 0.054220133742996564
2020-06-30, 0.33963367390051413, 1.1528384279475983, 0.18608257414227578, 0.5395267579580196, 0.736213109519682, 0.011012205194090118, 0.0013724638012672426, 0.03580371889818317, 0.054220133742996564
2020-06-30, 0.33963367390051413, 1.1528384279475983, 0.18608257414227578, 0.5395267579580196, 0.736213109519682, 0.011012205194090118, 0.0013724638012672426, 0.03580371889818317, 0.054220133742996564
2020-06-30, 0.33963367390051413, 1.1528384279475983, 0.18608257414227578, 0.5395267579580196, 0.736213109519682, 0.011012205194090118, 0.0013724638012672426, 0.03580371889818317, 0.054220133742996564
2020-06-30, 0.33963367390051413, 1.1528384279475983, 0.18608257414227578, 0.5395267579580196, 0.736213109519682, 0.011012205194090118, 0.0013724638012672426, 0.03580371889818317, 0.054220133742996564
2020-06-30, 0.33963367390051413, 1.1528384279475983, 0.18608257414227578, 0.5395267579580196, 0.736213109519682, 0.011012205194090118, 0.0013724638012672426, 0.03580371889818317, 0.054220133742996564
2020-06-30, 0.33963367390051413, 1.1528384279475983, 0.18608257414227578, 0.5395267579580196, 0.736213109519682, 0.011012205194090118, 0.0013724638012672426, 0.03580371889818317, 0.054220133742996564
2020-06-30, 0.33963367390051413, 1.1528384279475983, 0.18608257414227578, 0.5395267579580196, 0.736213109519682, 0.011012205194090118, 0.0013724638012672426, 0.03580371889818317, 0.054220133742996564
2020-06-30, 0.19286278898147188, 0.7965065502183408, 0.13956193060670719, 0.14490147213729634, 0.3366327601149479, 0.01376525649261265, 0.0013724638012672426, 0.04795140923863817, 0.06221046924196449
2020-06-30, 0.19286278898147188, 0.7965065502183408, 0.13956193060670719, 0.14490147213729634, 0.3366327601149479, 0.01376525649261265, 0.0013724638012672426, 0.04795140923863817, 0.06221046924196449
2020-06-30, 0.19286278898147188, 0.7965065502183408, 0.13956193060670719, 0.14490147213729634, 0.3366327601149479, 0.01376525649261265, 0.0013724638012672426, 0.04795140923863817, 0.06221046924196449
2020-06-30, 0.19286278898147188, 0.7965065502183408, 0.13956193060670719, 0.14490147213729634, 0.3366327601149479, 0.01376525649261265, 0.0013724638012672426, 0.04795140923863817, 0.06221046924196449
2020-05-31, 0.18999343422035112, 0.6497816593886464, 0.0, 0.13873545204634824, 0.5884231172740964, 0.016518307791135174, 0.001372463801267235, 0.054344930470456604, 0.07077154299085868
2020-05-31, 0.3376914962246218, 1.0480349344978166, 0.19383601473153708, 0.37612722554787675, 0.9825297632623273, 0.01376525649261265, 0.0, 0.036443071021365014, 0.050795704243438884
2020-05-31, 0.3376914962246218, 1.0480349344978166, 0.19383601473153708, 0.37612722554787675, 0.9825297632623273, 0.01376525649261265, 0.0, 0.036443071021365014, 0.050795704243438884
2020-05-31, 0.3376914962246218, 1.0480349344978166, 0.19383601473153708, 0.37612722554787675, 0.9825297632623273, 0.01376525649261265, 0.0, 0.036443071021365014, 0.050795704243438884
2020-05-31, 0.3376914962246218, 1.0480349344978166, 0.19383601473153708, 0.37612722554787675, 0.9825297632623273, 0.01376525649261265, 0.0, 0.036443071021365014, 0.050795704243438884
2020-05-31, 0.3376914962246218, 1.0480349344978166, 0.19383601473153708, 0.37612722554787675, 0.9825297632623273, 0.01376525649261265, 0.0, 0.036443071021365014, 0.050795704243438884
2020-05-31, 0.3376914962246218, 1.0480349344978166, 0.19383601473153708, 0.37612722554787675, 0.9825297632623273, 0.01376525649261265, 0.0, 0.036443071021365014, 0.050795704243438884
2020-05-31, 0.3376914962246218, 1.0480349344978166, 0.19383601473153708, 0.37612722554787675, 0.9825297632623273, 0.01376525649261265, 0.0, 0.036443071021365014, 0.050795704243438884
2020-05-31, 0.3376914962246218, 1.0480349344978166, 0.19383601473153708, 0.37612722554787675, 0.9825297632623273, 0.01376525649261265, 0.0, 0.036443071021365014, 0.050795704243438884
2020-05-31, 0.3376914962246218, 1.0480349344978166, 0.19383601473153708, 0.37612722554787675, 0.9825297632623273, 0.01376525649261265, 0.0, 0.036443071021365014, 0.050795704243438884
2020-05-31, 0.3376914962246218, 1.0480349344978166, 0.19383601473153708, 0.37612722554787675, 0.9825297632623273, 0.01376525649261265, 0.0, 0.036443071021365014, 0.050795704243438884
2020-05-31, 0.2015075428117067, 0.9013100436681221, 0.248110098856367, 0.07399224109138562, 0.2463166537426453, 0.01376525649261265, 0.0013724638012672426, 0.052426874100911076, 0.07476671074034262
2020-05-31, 0.2015075428117067, 0.9013100436681221, 0.248110098856367, 0.07399224109138562, 0.2463166537426453, 0.01376525649261265, 0.0013724638012672426, 0.052426874100911076, 0.07476671074034262
2020-05-31, 0.2015075428117067, 0.9013100436681221, 0.248110098856367, 0.07399224109138562, 0.2463166537426453, 0.01376525649261265, 0.0013724638012672426, 0.052426874100911076, 0.07476671074034262
2020-05-31, 0.2015075428117067, 0.9013100436681221, 0.248110098856367, 0.07399224109138562, 0.2463166537426453, 0.01376525649261265, 0.0013724638012672426, 0.052426874100911076, 0.07476671074034262
2020-05-01, 0.12707868021405616, 0.16768558951965032, 0.12405504942818385, 0.16031652236466856, 0.42968571819550255, 0.01376525649261265, 0.0, 0.054344930470456604, 0.06677637524137471
2020-05-01, 0.23519328514931767, 0.6497816593886458, 0.20158945532079842, 0.29288595432006814, 0.6185284860648639, 0.011012205194090118, 0.00411739140380172, 0.04027918376045606, 0.06335194574181703
2020-05-01, 0.23519328514931767, 0.6497816593886458, 0.20158945532079842, 0.29288595432006814, 0.6185284860648639, 0.011012205194090118, 0.00411739140380172, 0.04027918376045606, 0.06335194574181703
2020-05-01, 0.23519328514931767, 0.6497816593886458, 0.20158945532079842, 0.29288595432006814, 0.6185284860648639, 0.011012205194090118, 0.00411739140380172, 0.04027918376045606, 0.06335194574181703
2020-05-01, 0.23519328514931767, 0.6497816593886458, 0.20158945532079842, 0.29288595432006814, 0.6185284860648639, 0.011012205194090118, 0.00411739140380172, 0.04027918376045606, 0.06335194574181703
2020-05-01, 0.23519328514931767, 0.6497816593886458, 0.20158945532079842, 0.29288595432006814, 0.6185284860648639, 0.011012205194090118, 0.00411739140380172, 0.04027918376045606, 0.06335194574181703
2020-05-01, 0.23519328514931767, 0.6497816593886458, 0.20158945532079842, 0.29288595432006814, 0.6185284860648639, 0.011012205194090118, 0.00411739140380172, 0.04027918376045606, 0.06335194574181703
2020-05-01, 0.23519328514931767, 0.6497816593886458, 0.20158945532079842, 0.29288595432006814, 0.6185284860648639, 0.011012205194090118, 0.00411739140380172, 0.04027918376045606, 0.06335194574181703
2020-05-01, 0.23519328514931767, 0.6497816593886458, 0.20158945532079842, 0.29288595432006814, 0.6185284860648639, 0.011012205194090118, 0.00411739140380172, 0.04027918376045606, 0.06335194574181703
2020-05-01, 0.23519328514931767, 0.6497816593886458, 0.20158945532079842, 0.29288595432006814, 0.6185284860648639, 0.011012205194090118, 0.00411739140380172, 0.04027918376045606, 0.06335194574181703
2020-05-01, 0.23519328514931767, 0.6497816593886458, 0.20158945532079842, 0.29288595432006814, 0.6185284860648639, 0.011012205194090118, 0.00411739140380172, 0.04027918376045606, 0.06335194574181703
2020-05-01, 0.2228794190820158, 0.35633187772925745, 0.12405504942818385, 0.37612722554787675, 0.8046344022259732, 0.016518307791135174, 0.001372463801267235, 0.03836112739091055, 0.06563489874152216
2020-05-01, 0.2228794190820158, 0.35633187772925745, 0.12405504942818385, 0.37612722554787675, 0.8046344022259732, 0.016518307791135174, 0.001372463801267235, 0.03836112739091055, 0.06563489874152216
2020-05-01, 0.2228794190820158, 0.35633187772925745, 0.12405504942818385, 0.37612722554787675, 0.8046344022259732, 0.016518307791135174, 0.001372463801267235, 0.03836112739091055, 0.06563489874152216
2020-05-01, 0.2228794190820158, 0.35633187772925745, 0.12405504942818385, 0.37612722554787675, 0.8046344022259732, 0.016518307791135174, 0.001372463801267235, 0.03836112739091055, 0.06563489874152216
2020-04-01, 0.24502903931247688, 0.5240174672489083, 0.48846675712347337, 0.20347866300131032, 0.6021073758153536, 0.016518307791135174, 0.0013724638012672426, 0.051787521977729234, 0.0724837577406375
2020-04-01, 0.43173921580640445, 1.0061135371179037, 0.829618143050979, 0.49019859723042924, 1.0016877252200875, 0.011012205194090118, 0.00411739140380172, 0.04667270499227449, 0.06449342224166961
2020-04-01, 0.43173921580640445, 1.0061135371179037, 0.829618143050979, 0.49019859723042924, 1.0016877252200875, 0.011012205194090118, 0.00411739140380172, 0.04667270499227449, 0.06449342224166961
2020-04-01, 0.43173921580640445, 1.0061135371179037, 0.829618143050979, 0.49019859723042924, 1.0016877252200875, 0.011012205194090118, 0.00411739140380172, 0.04667270499227449, 0.06449342224166961
2020-04-01, 0.43173921580640445, 1.0061135371179037, 0.829618143050979, 0.49019859723042924, 1.0016877252200875, 0.011012205194090118, 0.00411739140380172, 0.04667270499227449, 0.06449342224166961
2020-04-01, 0.43173921580640445, 1.0061135371179037, 0.829618143050979, 0.49019859723042924, 1.0016877252200875, 0.011012205194090118, 0.00411739140380172, 0.04667270499227449, 0.06449342224166961
2020-04-01, 0.43173921580640445, 1.0061135371179037, 0.829618143050979, 0.49019859723042924, 1.0016877252200875, 0.011012205194090118, 0.00411739140380172, 0.04667270499227449, 0.06449342224166961
2020-04-01, 0.43173921580640445, 1.0061135371179037, 0.829618143050979, 0.49019859723042924, 1.0016877252200875, 0.011012205194090118, 0.00411739140380172, 0.04667270499227449, 0.06449342224166961
2020-04-01, 0.43173921580640445, 1.0061135371179037, 0.829618143050979, 0.49019859723042924, 1.0016877252200875, 0.011012205194090118, 0.00411739140380172, 0.04667270499227449, 0.06449342224166961
2020-04-01, 0.43173921580640445, 1.0061135371179037, 0.829618143050979, 0.49019859723042924, 1.0016877252200875, 0.011012205194090118, 0.00411739140380172, 0.04667270499227449, 0.06449342224166961
2020-04-01, 0.43173921580640445, 1.0061135371179037, 0.829618143050979, 0.49019859723042924, 1.0016877252200875, 0.011012205194090118, 0.00411739140380172, 0.04667270499227449, 0.06449342224166961
2020-04-01, 0.25999537765982417, 0.6497816593886464, 0.5660011630160883, 0.21272769313773332, 0.5227386762760562, 0.016518307791135174, 0.0013724638012672426, 0.043475944376365275, 0.067347113491301
2020-04-01, 0.25999537765982417, 0.6497816593886464, 0.5660011630160883, 0.21272769313773332, 0.5227386762760562, 0.016518307791135174, 0.0013724638012672426, 0.043475944376365275, 0.067347113491301
2020-04-01, 0.25999537765982417, 0.6497816593886464, 0.5660011630160883, 0.21272769313773332, 0.5227386762760562, 0.016518307791135174, 0.0013724638012672426, 0.043475944376365275, 0.067347113491301
2020-04-01, 0.25999537765982417, 0.6497816593886464, 0.5660011630160883, 0.21272769313773332, 0.5227386762760562, 0.016518307791135174, 0.0013724638012672426, 0.043475944376365275, 0.067347113491301
2020-03-02, 0.10856699727190952, 0.18864628820960713, 0.28687730180267496, 0.04007913059116742, 0.30379053961592883, 0.011012205194090111, 0.0013724638012672426, 0.012787042463636844, 0.023971006496903743
2020-03-02, 0.12671877195193004, 0.33537117903930136, 0.3333979453382439, 0.18189759268298972, 0.14505314053733553, 0.008259153895567587, 0.0, 0.0006393521231818429, 0.009131811998820471
2020-03-02, 0.12671877195193004, 0.33537117903930136, 0.3333979453382439, 0.18189759268298972, 0.14505314053733553, 0.008259153895567587, 0.0, 0.0006393521231818429, 0.009131811998820471
2020-03-02, 0.12671877195193004, 0.33537117903930136, 0.3333979453382439, 0.18189759268298972, 0.14505314053733553, 0.008259153895567587, 0.0, 0.0006393521231818429, 0.009131811998820471
2020-03-02, 0.12671877195193004, 0.33537117903930136, 0.3333979453382439, 0.18189759268298972, 0.14505314053733553, 0.008259153895567587, 0.0, 0.0006393521231818429, 0.009131811998820471
2020-03-02, 0.12671877195193004, 0.33537117903930136, 0.3333979453382439, 0.18189759268298972, 0.14505314053733553, 0.008259153895567587, 0.0, 0.0006393521231818429, 0.009131811998820471
2020-03-02, 0.12671877195193004, 0.33537117903930136, 0.3333979453382439, 0.18189759268298972, 0.14505314053733553, 0.008259153895567587, 0.0, 0.0006393521231818429, 0.009131811998820471
2020-03-02, 0.12671877195193004, 0.33537117903930136, 0.3333979453382439, 0.18189759268298972, 0.14505314053733553, 0.008259153895567587, 0.0, 0.0006393521231818429, 0.009131811998820471
2020-03-02, 0.12671877195193004, 0.33537117903930136, 0.3333979453382439, 0.18189759268298972, 0.14505314053733553, 0.008259153895567587, 0.0, 0.0006393521231818429, 0.009131811998820471
2020-03-02, 0.12671877195193004, 0.33537117903930136, 0.3333979453382439, 0.18189759268298972, 0.14505314053733553, 0.008259153895567587, 0.0, 0.0006393521231818429, 0.009131811998820471
2020-03-02, 0.12671877195193004, 0.33537117903930136, 0.3333979453382439, 0.18189759268298972, 0.14505314053733553, 0.008259153895567587, 0.0, 0.0006393521231818429, 0.009131811998820471
2020-03-02, 0.1393492298647924, 0.3982532751091704, 0.38767202946307416, 0.08015826118233456, 0.21347443324362575, 0.011012205194090111, 0.0, 0.007672225478182115, 0.016551409247862112
2020-03-02, 0.1393492298647924, 0.3982532751091704, 0.38767202946307416, 0.08015826118233456, 0.21347443324362575, 0.011012205194090111, 0.0, 0.007672225478182115, 0.016551409247862112
2020-03-02, 0.1393492298647924, 0.3982532751091704, 0.38767202946307416, 0.08015826118233456, 0.21347443324362575, 0.011012205194090111, 0.0, 0.007672225478182115, 0.016551409247862112
2020-03-02, 0.1393492298647924, 0.3982532751091704, 0.38767202946307416, 0.08015826118233456, 0.21347443324362575, 0.011012205194090111, 0.0, 0.007672225478182115, 0.016551409247862112
2020-02-01, 0.072587390017437, 0.0419213973799127, 0.09304128707113789, 0.12640341186445037, 0.2846325776581675, 0.008259153895567587, 0.0013724638012672426, 0.01022963397090948, 0.014839194498083273
2020-02-01, 0.08397949930601721, 0.20960698689956325, 0.10079472766039956, 0.2836369241836446, 0.05747388587328376, 0.005506102597045063, 0.0, 0.005114816985454736, 0.00970255024874675
2020-02-01, 0.08397949930601721, 0.20960698689956325, 0.10079472766039956, 0.2836369241836446, 0.05747388587328376, 0.005506102597045063, 0.0, 0.005114816985454736, 0.00970255024874675
2020-02-01, 0.08397949930601721, 0.20960698689956325, 0.10079472766039956, 0.2836369241836446, 0.05747388587328376, 0.005506102597045063, 0.0, 0.005114816985454736, 0.00970255024874675
2020-02-01, 0.08397949930601721, 0.20960698689956325, 0.10079472766039956, 0.2836369241836446, 0.05747388587328376, 0.005506102597045063, 0.0, 0.005114816985454736, 0.00970255024874675
2020-02-01, 0.08397949930601721, 0.20960698689956325, 0.10079472766039956, 0.2836369241836446, 0.05747388587328376, 0.005506102597045063, 0.0, 0.005114816985454736, 0.00970255024874675
2020-02-01, 0.08397949930601721, 0.20960698689956325, 0.10079472766039956, 0.2836369241836446, 0.05747388587328376, 0.005506102597045063, 0.0, 0.005114816985454736, 0.00970255024874675
2020-02-01, 0.08397949930601721, 0.20960698689956325, 0.10079472766039956, 0.2836369241836446, 0.05747388587328376, 0.005506102597045063, 0.0, 0.005114816985454736, 0.00970255024874675
2020-02-01, 0.08397949930601721, 0.20960698689956325, 0.10079472766039956, 0.2836369241836446, 0.05747388587328376, 0.005506102597045063, 0.0, 0.005114816985454736, 0.00970255024874675
2020-02-01, 0.08397949930601721, 0.20960698689956325, 0.10079472766039956, 0.2836369241836446, 0.05747388587328376, 0.005506102597045063, 0.0, 0.005114816985454736, 0.00970255024874675
2020-02-01, 0.08397949930601721, 0.20960698689956325, 0.10079472766039956, 0.2836369241836446, 0.05747388587328376, 0.005506102597045063, 0.0, 0.005114816985454736, 0.00970255024874675
2020-02-01, 0.05195952425527855, 0.02096069868995635, 0.03876720294630762, 0.12023739177350143, 0.20252702641061907, 0.011012205194090118, 0.0013724638012672426, 0.007672225478182108, 0.013126979748304431
2020-02-01, 0.05195952425527855, 0.02096069868995635, 0.03876720294630762, 0.12023739177350143, 0.20252702641061907, 0.011012205194090118, 0.0013724638012672426, 0.007672225478182108, 0.013126979748304431
2020-02-01, 0.05195952425527855, 0.02096069868995635, 0.03876720294630762, 0.12023739177350143, 0.20252702641061907, 0.011012205194090118, 0.0013724638012672426, 0.007672225478182108, 0.013126979748304431
2020-02-01, 0.05195952425527855, 0.02096069868995635, 0.03876720294630762, 0.12023739177350143, 0.20252702641061907, 0.011012205194090118, 0.0013724638012672426, 0.007672225478182108, 0.013126979748304431
2020-01-02, 0.07940539124772815, 0.06288209606986905, 0.06978096530335325, 0.12948642190992468, 0.33389590840669586, 0.008259153895567587, 0.001372463801267235, 0.009590281847727629, 0.01997583874741978
2020-01-02, 0.07477258679021588, 0.06288209606986905, 0.0775344058926149, 0.3514631451840813, 0.07389499612279354, 0.0055061025970450555, 0.0027449276025344853, 0.007032873355000272, 0.01712214749778839
2020-01-02, 0.07477258679021588, 0.06288209606986905, 0.0775344058926149, 0.3514631451840813, 0.07389499612279354, 0.0055061025970450555, 0.0027449276025344853, 0.007032873355000272, 0.01712214749778839
2020-01-02, 0.07477258679021588, 0.06288209606986905, 0.0775344058926149, 0.3514631451840813, 0.07389499612279354, 0.0055061025970450555, 0.0027449276025344853, 0.007032873355000272, 0.01712214749778839
2020-01-02, 0.07477258679021588, 0.06288209606986905, 0.0775344058926149, 0.3514631451840813, 0.07389499612279354, 0.0055061025970450555, 0.0027449276025344853, 0.007032873355000272, 0.01712214749778839
2020-01-02, 0.07477258679021588, 0.06288209606986905, 0.0775344058926149, 0.3514631451840813, 0.07389499612279354, 0.0055061025970450555, 0.0027449276025344853, 0.007032873355000272, 0.01712214749778839
2020-01-02, 0.07477258679021588, 0.06288209606986905, 0.0775344058926149, 0.3514631451840813, 0.07389499612279354, 0.0055061025970450555, 0.0027449276025344853, 0.007032873355000272, 0.01712214749778839
2020-01-02, 0.07477258679021588, 0.06288209606986905, 0.0775344058926149, 0.3514631451840813, 0.07389499612279354, 0.0055061025970450555, 0.0027449276025344853, 0.007032873355000272, 0.01712214749778839
2020-01-02, 0.07477258679021588, 0.06288209606986905, 0.0775344058926149, 0.3514631451840813, 0.07389499612279354, 0.0055061025970450555, 0.0027449276025344853, 0.007032873355000272, 0.01712214749778839
2020-01-02, 0.07477258679021588, 0.06288209606986905, 0.0775344058926149, 0.3514631451840813, 0.07389499612279354, 0.0055061025970450555, 0.0027449276025344853, 0.007032873355000272, 0.01712214749778839
2020-01-02, 0.07477258679021588, 0.06288209606986905, 0.0775344058926149, 0.3514631451840813, 0.07389499612279354, 0.0055061025970450555, 0.0027449276025344853, 0.007032873355000272, 0.01712214749778839
2020-01-02, 0.07940539124772815, 0.06288209606986905, 0.06978096530335325, 0.12948642190992468, 0.33389590840669586, 0.008259153895567587, 0.001372463801267235, 0.009590281847727629, 0.01997583874741978
2020-01-02, 0.07940539124772815, 0.06288209606986905, 0.06978096530335325, 0.12948642190992468, 0.33389590840669586, 0.008259153895567587, 0.001372463801267235, 0.009590281847727629, 0.01997583874741978
2020-01-02, 0.0786297052028069, 0.0419213973799127, 0.10854816824966086, 0.14798448218277097, 0.2955799844911737, 0.0055061025970450555, 0.0, 0.008950929724545786, 0.02054657699734606
2020-01-02, 0.07968951568875764, 0.08384279475982516, 0.10854816824966086, 0.24047478354700286, 0.17515850932810284, 0.008259153895567587, 0.0, 0.006393521231818429, 0.014839194498083273
2019-12-03, 0.0988345477719269, 0.48209606986899556, 0.015506881178522981, 0.08015826118233428, 0.17515850932810284, 0.008259153895567587, 0.0, 0.008950929724545786, 0.02054657699734606
2019-12-03, 0.0988345477719269, 0.48209606986899556, 0.015506881178522981, 0.08015826118233428, 0.17515850932810284, 0.008259153895567587, 0.0, 0.008950929724545786, 0.02054657699734606
2019-12-03, 0.0988345477719269, 0.48209606986899556, 0.015506881178522981, 0.08015826118233428, 0.17515850932810284, 0.008259153895567587, 0.0, 0.008950929724545786, 0.02054657699734606
2019-12-03, 0.0988345477719269, 0.48209606986899556, 0.015506881178522981, 0.08015826118233428, 0.17515850932810284, 0.008259153895567587, 0.0, 0.008950929724545786, 0.02054657699734606
2019-12-03, 0.0988345477719269, 0.48209606986899556, 0.015506881178522981, 0.08015826118233428, 0.17515850932810284, 0.008259153895567587, 0.0, 0.008950929724545786, 0.02054657699734606
2019-12-03, 0.0988345477719269, 0.48209606986899556, 0.015506881178522981, 0.08015826118233428, 0.17515850932810284, 0.008259153895567587, 0.0, 0.008950929724545786, 0.02054657699734606
2019-12-03, 0.0988345477719269, 0.48209606986899556, 0.015506881178522981, 0.08015826118233428, 0.17515850932810284, 0.008259153895567587, 0.0, 0.008950929724545786, 0.02054657699734606
2019-12-03, 0.0988345477719269, 0.48209606986899556, 0.015506881178522981, 0.08015826118233428, 0.17515850932810284, 0.008259153895567587, 0.0, 0.008950929724545786, 0.02054657699734606
2019-12-03, 0.0988345477719269, 0.48209606986899556, 0.015506881178522981, 0.08015826118233428, 0.17515850932810284, 0.008259153895567587, 0.0, 0.008950929724545786, 0.02054657699734606
2019-12-03, 0.0988345477719269, 0.48209606986899556, 0.015506881178522981, 0.08015826118233428, 0.17515850932810284, 0.008259153895567587, 0.0, 0.008950929724545786, 0.02054657699734606
2019-12-03, 0.0988345477719269, 0.48209606986899556, 0.015506881178522981, 0.08015826118233428, 0.17515850932810284, 0.008259153895567587, 0.0, 0.008950929724545786, 0.02054657699734606
2019-12-03, 0.12268384547935314, 0.2724890829694323, 0.031013762357045963, 0.18498060272846378, 0.4242120147789992, 0.011012205194090118, 0.0, 0.022377324311364487, 0.03538577149542933
2019-12-03, 0.12268384547935314, 0.2724890829694323, 0.031013762357045963, 0.18498060272846378, 0.4242120147789992, 0.011012205194090118, 0.0, 0.022377324311364487, 0.03538577149542933
2019-12-03, 0.12268384547935314, 0.2724890829694323, 0.031013762357045963, 0.18498060272846378, 0.4242120147789992, 0.011012205194090118, 0.0, 0.022377324311364487, 0.03538577149542933
2019-12-03, 0.12010184905569576, 0.4192139737991265, 0.06978096530335325, 0.09249030136423189, 0.3311590566984446, 0.008259153895567587, 0.0013724638012672426, 0.013426394586818687, 0.0251124829967563
2019-11-03, 0.11514152155207308, 0.48209606986899534, 0.10079472766039921, 0.006166020090948665, 0.28463257765816724, 0.0027530512985225316, 0.004117391403801728, 0.021737972188182644, 0.018834362247567234
2019-11-03, 0.11514152155207308, 0.48209606986899534, 0.10079472766039921, 0.006166020090948665, 0.28463257765816724, 0.0027530512985225316, 0.004117391403801728, 0.021737972188182644, 0.018834362247567234
2019-11-03, 0.11514152155207308, 0.48209606986899534, 0.10079472766039921, 0.006166020090948665, 0.28463257765816724, 0.0027530512985225316, 0.004117391403801728, 0.021737972188182644, 0.018834362247567234
2019-11-03, 0.11514152155207308, 0.48209606986899534, 0.10079472766039921, 0.006166020090948665, 0.28463257765816724, 0.0027530512985225316, 0.004117391403801728, 0.021737972188182644, 0.018834362247567234
2019-11-03, 0.11514152155207308, 0.48209606986899534, 0.10079472766039921, 0.006166020090948665, 0.28463257765816724, 0.0027530512985225316, 0.004117391403801728, 0.021737972188182644, 0.018834362247567234
2019-11-03, 0.11514152155207308, 0.48209606986899534, 0.10079472766039921, 0.006166020090948665, 0.28463257765816724, 0.0027530512985225316, 0.004117391403801728, 0.021737972188182644, 0.018834362247567234
2019-11-03, 0.11514152155207308, 0.48209606986899534, 0.10079472766039921, 0.006166020090948665, 0.28463257765816724, 0.0027530512985225316, 0.004117391403801728, 0.021737972188182644, 0.018834362247567234
2019-11-03, 0.11514152155207308, 0.48209606986899534, 0.10079472766039921, 0.006166020090948665, 0.28463257765816724, 0.0027530512985225316, 0.004117391403801728, 0.021737972188182644, 0.018834362247567234
2019-11-03, 0.11514152155207308, 0.48209606986899534, 0.10079472766039921, 0.006166020090948665, 0.28463257765816724, 0.0027530512985225316, 0.004117391403801728, 0.021737972188182644, 0.018834362247567234
2019-11-03, 0.11514152155207308, 0.48209606986899534, 0.10079472766039921, 0.006166020090948665, 0.28463257765816724, 0.0027530512985225316, 0.004117391403801728, 0.021737972188182644, 0.018834362247567234
2019-11-03, 0.11514152155207308, 0.48209606986899534, 0.10079472766039921, 0.006166020090948665, 0.28463257765816724, 0.0027530512985225316, 0.004117391403801728, 0.021737972188182644, 0.018834362247567234
2019-11-03, 0.13969394522805528, 0.25152838427947594, 0.03876720294630762, 0.1171543817280271, 0.6458970031473796, 0.008259153895567587, 0.004117391403801728, 0.025574084927273703, 0.026253959496608862
2019-11-03, 0.13969394522805528, 0.25152838427947594, 0.03876720294630762, 0.1171543817280271, 0.6458970031473796, 0.008259153895567587, 0.004117391403801728, 0.025574084927273703, 0.026253959496608862
2019-11-03, 0.13969394522805528, 0.25152838427947594, 0.03876720294630762, 0.1171543817280271, 0.6458970031473796, 0.008259153895567587, 0.004117391403801728, 0.025574084927273703, 0.026253959496608862
2019-11-03, 0.1432378658810412, 0.46113537117903897, 0.062027524714091925, 0.12023739177350143, 0.45431738356976675, 0.011012205194090118, 0.0013724638012672426, 0.019819915818637117, 0.015980670997935834
2019-10-04, 0.06589920627881221, 0.10480349344978175, 0.0232603217677843, 0.06474321095496208, 0.30926424303243144, 0.0027530512985225316, 0.009607246608870683, 0.0019180563695455287, 0.01084402674859931
2019-10-04, 0.06589920627881221, 0.10480349344978175, 0.0232603217677843, 0.06474321095496208, 0.30926424303243144, 0.0027530512985225316, 0.009607246608870683, 0.0019180563695455287, 0.01084402674859931
2019-10-04, 0.06589920627881221, 0.10480349344978175, 0.0232603217677843, 0.06474321095496208, 0.30926424303243144, 0.0027530512985225316, 0.009607246608870683, 0.0019180563695455287, 0.01084402674859931
2019-10-04, 0.06589920627881221, 0.10480349344978175, 0.0232603217677843, 0.06474321095496208, 0.30926424303243144, 0.0027530512985225316, 0.009607246608870683, 0.0019180563695455287, 0.01084402674859931
2019-10-04, 0.06589920627881221, 0.10480349344978175, 0.0232603217677843, 0.06474321095496208, 0.30926424303243144, 0.0027530512985225316, 0.009607246608870683, 0.0019180563695455287, 0.01084402674859931
2019-10-04, 0.06589920627881221, 0.10480349344978175, 0.0232603217677843, 0.06474321095496208, 0.30926424303243144, 0.0027530512985225316, 0.009607246608870683, 0.0019180563695455287, 0.01084402674859931
2019-10-04, 0.06589920627881221, 0.10480349344978175, 0.0232603217677843, 0.06474321095496208, 0.30926424303243144, 0.0027530512985225316, 0.009607246608870683, 0.0019180563695455287, 0.01084402674859931
2019-10-04, 0.06589920627881221, 0.10480349344978175, 0.0232603217677843, 0.06474321095496208, 0.30926424303243144, 0.0027530512985225316, 0.009607246608870683, 0.0019180563695455287, 0.01084402674859931
2019-10-04, 0.06589920627881221, 0.10480349344978175, 0.0232603217677843, 0.06474321095496208, 0.30926424303243144, 0.0027530512985225316, 0.009607246608870683, 0.0019180563695455287, 0.01084402674859931
2019-10-04, 0.06589920627881221, 0.10480349344978175, 0.0232603217677843, 0.06474321095496208, 0.30926424303243144, 0.0027530512985225316, 0.009607246608870683, 0.0019180563695455287, 0.01084402674859931
2019-10-04, 0.06589920627881221, 0.10480349344978175, 0.0232603217677843, 0.06474321095496208, 0.30926424303243144, 0.0027530512985225316, 0.009607246608870683, 0.0019180563695455287, 0.01084402674859931
2019-10-04, 0.09747527658080571, 0.06288209606986905, 0.054274084124830264, 0.04007913059116742, 0.5829494138575922, 0.013765256492612642, 0.004117391403801713, 0.005754169108636586, 0.01598067099793582
2019-10-04, 0.09747527658080571, 0.06288209606986905, 0.054274084124830264, 0.04007913059116742, 0.5829494138575922, 0.013765256492612642, 0.004117391403801713, 0.005754169108636586, 0.01598067099793582
2019-10-04, 0.09747527658080571, 0.06288209606986905, 0.054274084124830264, 0.04007913059116742, 0.5829494138575922, 0.013765256492612642, 0.004117391403801713, 0.005754169108636586, 0.01598067099793582
2019-10-04, 0.08064352431178248, 0.06288209606986905, 0.046520643535568944, 0.07399224109138562, 0.4269488664872505, 0.00825915389556758, 0.00823478280760344, 0.005754169108636586, 0.01255624149837815
2019-09-04, 0.0803715075585469, 0.0838427947598254, 0.10854816824966086, 0.1541505022737199, 0.2600009122839026, 0.005506102597045048, 0.005489855205068971, 0.008311577601363957, 0.01712214749778838
2019-09-04, 0.0803715075585469, 0.0838427947598254, 0.10854816824966086, 0.1541505022737199, 0.2600009122839026, 0.005506102597045048, 0.005489855205068971, 0.008311577601363957, 0.01712214749778838
2019-09-04, 0.0803715075585469, 0.0838427947598254, 0.10854816824966086, 0.1541505022737199, 0.2600009122839026, 0.005506102597045048, 0.005489855205068971, 0.008311577601363957, 0.01712214749778838
2019-09-04, 0.0803715075585469, 0.0838427947598254, 0.10854816824966086, 0.1541505022737199, 0.2600009122839026, 0.005506102597045048, 0.005489855205068971, 0.008311577601363957, 0.01712214749778838
2019-09-04, 0.0803715075585469, 0.0838427947598254, 0.10854816824966086, 0.1541505022737199, 0.2600009122839026, 0.005506102597045048, 0.005489855205068971, 0.008311577601363957, 0.01712214749778838
2019-09-04, 0.0803715075585469, 0.0838427947598254, 0.10854816824966086, 0.1541505022737199, 0.2600009122839026, 0.005506102597045048, 0.005489855205068971, 0.008311577601363957, 0.01712214749778838
2019-09-04, 0.0803715075585469, 0.0838427947598254, 0.10854816824966086, 0.1541505022737199, 0.2600009122839026, 0.005506102597045048, 0.005489855205068971, 0.008311577601363957, 0.01712214749778838
2019-09-04, 0.0803715075585469, 0.0838427947598254, 0.10854816824966086, 0.1541505022737199, 0.2600009122839026, 0.005506102597045048, 0.005489855205068971, 0.008311577601363957, 0.01712214749778838
2019-09-04, 0.0803715075585469, 0.0838427947598254, 0.10854816824966086, 0.1541505022737199, 0.2600009122839026, 0.005506102597045048, 0.005489855205068971, 0.008311577601363957, 0.01712214749778838
2019-09-04, 0.0803715075585469, 0.0838427947598254, 0.10854816824966086, 0.1541505022737199, 0.2600009122839026, 0.005506102597045048, 0.005489855205068971, 0.008311577601363957, 0.01712214749778838
2019-09-04, 0.0803715075585469, 0.0838427947598254, 0.10854816824966086, 0.1541505022737199, 0.2600009122839026, 0.005506102597045048, 0.005489855205068971, 0.008311577601363957, 0.01712214749778838
2019-09-04, 0.07963378269314327, 0.06288209606986905, 0.17057569296375244, 0.0, 0.3503170186562057, 0.00825915389556758, 0.006862319006336213, 0.015344450956364216, 0.02282952999705117
2019-09-04, 0.07963378269314327, 0.06288209606986905, 0.17057569296375244, 0.0, 0.3503170186562057, 0.00825915389556758, 0.006862319006336213, 0.015344450956364216, 0.02282952999705117
2019-09-04, 0.07963378269314327, 0.06288209606986905, 0.17057569296375244, 0.0, 0.3503170186562057, 0.00825915389556758, 0.006862319006336213, 0.015344450956364216, 0.02282952999705117
2019-09-04, 0.0772804775085988, 0.1676855895196508, 0.062027524714091925, 0.01233204018189733, 0.33389590840669586, 0.005506102597045048, 0.008234782807603456, 0.010868986094091315, 0.01769288574771466
2019-08-05, 0.1290356868698581, 0.5030567685589517, 0.015506881178522981, 0.03391311050021875, 0.426948866487251, 0.013765256492612642, 0.004117391403801728, 0.012147690340455, 0.02282952999705117
2019-08-05, 0.1394827050112047, 0.6707423580786025, 0.031013762357045963, 0.12023739177350169, 0.24905350545089638, 0.011012205194090111, 0.006862319006336213, 0.006393521231818429, 0.02054657699734606
2019-08-05, 0.1394827050112047, 0.6707423580786025, 0.031013762357045963, 0.12023739177350169, 0.24905350545089638, 0.011012205194090111, 0.006862319006336213, 0.006393521231818429, 0.02054657699734606
2019-08-05, 0.1394827050112047, 0.6707423580786025, 0.031013762357045963, 0.12023739177350169, 0.24905350545089638, 0.011012205194090111, 0.006862319006336213, 0.006393521231818429, 0.02054657699734606
2019-08-05, 0.1394827050112047, 0.6707423580786025, 0.031013762357045963, 0.12023739177350169, 0.24905350545089638, 0.011012205194090111, 0.006862319006336213, 0.006393521231818429, 0.02054657699734606
2019-08-05, 0.1394827050112047, 0.6707423580786025, 0.031013762357045963, 0.12023739177350169, 0.24905350545089638, 0.011012205194090111, 0.006862319006336213, 0.006393521231818429, 0.02054657699734606
2019-08-05, 0.1394827050112047, 0.6707423580786025, 0.031013762357045963, 0.12023739177350169, 0.24905350545089638, 0.011012205194090111, 0.006862319006336213, 0.006393521231818429, 0.02054657699734606
2019-08-05, 0.1394827050112047, 0.6707423580786025, 0.031013762357045963, 0.12023739177350169, 0.24905350545089638, 0.011012205194090111, 0.006862319006336213, 0.006393521231818429, 0.02054657699734606
2019-08-05, 0.1394827050112047, 0.6707423580786025, 0.031013762357045963, 0.12023739177350169, 0.24905350545089638, 0.011012205194090111, 0.006862319006336213, 0.006393521231818429, 0.02054657699734606
2019-08-05, 0.1394827050112047, 0.6707423580786025, 0.031013762357045963, 0.12023739177350169, 0.24905350545089638, 0.011012205194090111, 0.006862319006336213, 0.006393521231818429, 0.02054657699734606
2019-08-05, 0.1394827050112047, 0.6707423580786025, 0.031013762357045963, 0.12023739177350169, 0.24905350545089638, 0.011012205194090111, 0.006862319006336213, 0.006393521231818429, 0.02054657699734606
2019-08-05, 0.1264748230354343, 0.37729257641921404, 0.08528784648187622, 0.05549418081853962, 0.44063312502850926, 0.013765256492612642, 0.005489855205068971, 0.012147690340455, 0.02168805349719862
2019-08-05, 0.1264748230354343, 0.37729257641921404, 0.08528784648187622, 0.05549418081853962, 0.44063312502850926, 0.013765256492612642, 0.005489855205068971, 0.012147690340455, 0.02168805349719862
2019-08-05, 0.11982147827101455, 0.44017467248908265, 0.015506881178522981, 0.09249030136423216, 0.3448433152397026, 0.013765256492612642, 0.005489855205068971, 0.0166231552027279, 0.02967838899616653
2019-08-05, 0.1434839127748746, 0.5449781659388644, 0.03876720294630762, 0.0, 0.5145281211513025, 0.013765256492612642, 0.005489855205068971, 0.011508338217273158, 0.01883436224756722
2019-07-06, 0.16712751556635633, 0.5240174672489083, 0.16282225237449113, 0.05857719086401396, 0.5418966382338185, 0.013765256492612642, 0.0027449276025344853, 0.011508338217273158, 0.02168805349719862
2019-07-06, 0.1418981735362285, 0.5659388646288209, 0.09304128707113789, 0.25897284381984964, 0.18063221274460617, 0.00825915389556758, 0.004117391403801728, 0.007672225478182115, 0.016551409247862112
2019-07-06, 0.1418981735362285, 0.5659388646288209, 0.09304128707113789, 0.25897284381984964, 0.18063221274460617, 0.00825915389556758, 0.004117391403801728, 0.007672225478182115, 0.016551409247862112
2019-07-06, 0.1418981735362285, 0.5659388646288209, 0.09304128707113789, 0.25897284381984964, 0.18063221274460617, 0.00825915389556758, 0.004117391403801728, 0.007672225478182115, 0.016551409247862112
2019-07-06, 0.1418981735362285, 0.5659388646288209, 0.09304128707113789, 0.25897284381984964, 0.18063221274460617, 0.00825915389556758, 0.004117391403801728, 0.007672225478182115, 0.016551409247862112
2019-07-06, 0.1418981735362285, 0.5659388646288209, 0.09304128707113789, 0.25897284381984964, 0.18063221274460617, 0.00825915389556758, 0.004117391403801728, 0.007672225478182115, 0.016551409247862112
2019-07-06, 0.1418981735362285, 0.5659388646288209, 0.09304128707113789, 0.25897284381984964, 0.18063221274460617, 0.00825915389556758, 0.004117391403801728, 0.007672225478182115, 0.016551409247862112
2019-07-06, 0.1418981735362285, 0.5659388646288209, 0.09304128707113789, 0.25897284381984964, 0.18063221274460617, 0.00825915389556758, 0.004117391403801728, 0.007672225478182115, 0.016551409247862112
2019-07-06, 0.1418981735362285, 0.5659388646288209, 0.09304128707113789, 0.25897284381984964, 0.18063221274460617, 0.00825915389556758, 0.004117391403801728, 0.007672225478182115, 0.016551409247862112
2019-07-06, 0.1418981735362285, 0.5659388646288209, 0.09304128707113789, 0.25897284381984964, 0.18063221274460617, 0.00825915389556758, 0.004117391403801728, 0.007672225478182115, 0.016551409247862112
2019-07-06, 0.1418981735362285, 0.5659388646288209, 0.09304128707113789, 0.25897284381984964, 0.18063221274460617, 0.00825915389556758, 0.004117391403801728, 0.007672225478182115, 0.016551409247862112
2019-07-06, 0.12799422416862488, 0.35633187772925745, 0.11630160883892218, 0.027747090409270085, 0.4707384938192768, 0.013765256492612642, 0.0027449276025344853, 0.01406574671000053, 0.0222587917471249
2019-07-06, 0.12799422416862488, 0.35633187772925745, 0.11630160883892218, 0.027747090409270085, 0.4707384938192768, 0.013765256492612642, 0.0027449276025344853, 0.01406574671000053, 0.0222587917471249
2019-07-06, 0.12799422416862488, 0.35633187772925745, 0.11630160883892218, 0.027747090409270085, 0.4707384938192768, 0.013765256492612642, 0.0027449276025344853, 0.01406574671000053, 0.0222587917471249
2019-07-06, 0.15957523841331273, 0.33537117903930114, 0.20158945532079875, 0.08324127122780861, 0.5911599689823474, 0.016518307791135174, 0.0, 0.017901859449091586, 0.030819865496019103
2019-06-06, 0.12682820501892472, 0.2934497816593887, 0.13180849001744516, 0.009249030136422996, 0.5309492314008123, 0.016518307791135174, 0.0013724638012672426, 0.009590281847727629, 0.02168805349719862
2019-06-06, 0.14002215043316454, 0.5449781659388644, 0.09304128707113754, 0.191146622819413, 0.24631665374264483, 0.005506102597045048, 0.005489855205068971, 0.010868986094091315, 0.022829529997051182
2019-06-06, 0.14002215043316454, 0.5449781659388644, 0.09304128707113754, 0.191146622819413, 0.24631665374264483, 0.005506102597045048, 0.005489855205068971, 0.010868986094091315, 0.022829529997051182
2019-06-06, 0.14002215043316454, 0.5449781659388644, 0.09304128707113754, 0.191146622819413, 0.24631665374264483, 0.005506102597045048, 0.005489855205068971, 0.010868986094091315, 0.022829529997051182
2019-06-06, 0.14002215043316454, 0.5449781659388644, 0.09304128707113754, 0.191146622819413, 0.24631665374264483, 0.005506102597045048, 0.005489855205068971, 0.010868986094091315, 0.022829529997051182
2019-06-06, 0.14002215043316454, 0.5449781659388644, 0.09304128707113754, 0.191146622819413, 0.24631665374264483, 0.005506102597045048, 0.005489855205068971, 0.010868986094091315, 0.022829529997051182
2019-06-06, 0.14002215043316454, 0.5449781659388644, 0.09304128707113754, 0.191146622819413, 0.24631665374264483, 0.005506102597045048, 0.005489855205068971, 0.010868986094091315, 0.022829529997051182
2019-06-06, 0.14002215043316454, 0.5449781659388644, 0.09304128707113754, 0.191146622819413, 0.24631665374264483, 0.005506102597045048, 0.005489855205068971, 0.010868986094091315, 0.022829529997051182
2019-06-06, 0.14002215043316454, 0.5449781659388644, 0.09304128707113754, 0.191146622819413, 0.24631665374264483, 0.005506102597045048, 0.005489855205068971, 0.010868986094091315, 0.022829529997051182
2019-06-06, 0.14002215043316454, 0.5449781659388644, 0.09304128707113754, 0.191146622819413, 0.24631665374264483, 0.005506102597045048, 0.005489855205068971, 0.010868986094091315, 0.022829529997051182
2019-06-06, 0.14002215043316454, 0.5449781659388644, 0.09304128707113754, 0.191146622819413, 0.24631665374264483, 0.005506102597045048, 0.005489855205068971, 0.010868986094091315, 0.022829529997051182
2019-06-06, 0.12682820501892472, 0.2934497816593887, 0.13180849001744516, 0.009249030136422996, 0.5309492314008123, 0.016518307791135174, 0.0013724638012672426, 0.009590281847727629, 0.02168805349719862
2019-06-06, 0.12682820501892472, 0.2934497816593887, 0.13180849001744516, 0.009249030136422996, 0.5309492314008123, 0.016518307791135174, 0.0013724638012672426, 0.009590281847727629, 0.02168805349719862
2019-06-06, 0.16933903689387192, 0.37729257641921404, 0.14731537119596816, 0.08940729131875728, 0.6896866304794051, 0.013765256492612642, 0.004117391403801728, 0.010868986094091315, 0.0222587917471249
2019-06-06, 0.1444509486289923, 0.1886462882096069, 0.14731537119596816, 0.15723351231919425, 0.5966336723988505, 0.019271359089657696, 0.0, 0.01854121157227343, 0.02796617424638769
2019-05-07, 0.12945248661306996, 0.314410480349345, 0.19383601473153708, 0.1788145826375151, 0.2955799844911737, 0.011012205194090127, 0.0013724638012672426, 0.0166231552027279, 0.023971006496903743
2019-05-07, 0.1960777131987383, 0.62882096069869, 0.34115138592750527, 0.2836369241836449, 0.27642202253341236, 0.005506102597045063, 0.0013724638012672426, 0.008311577601363957, 0.02340026824697746
2019-05-07, 0.1960777131987383, 0.62882096069869, 0.34115138592750527, 0.2836369241836449, 0.27642202253341236, 0.005506102597045063, 0.0013724638012672426, 0.008311577601363957, 0.02340026824697746
2019-05-07, 0.1960777131987383, 0.62882096069869, 0.34115138592750527, 0.2836369241836449, 0.27642202253341236, 0.005506102597045063, 0.0013724638012672426, 0.008311577601363957, 0.02340026824697746
2019-05-07, 0.1960777131987383, 0.62882096069869, 0.34115138592750527, 0.2836369241836449, 0.27642202253341236, 0.005506102597045063, 0.0013724638012672426, 0.008311577601363957, 0.02340026824697746
2019-05-07, 0.1960777131987383, 0.62882096069869, 0.34115138592750527, 0.2836369241836449, 0.27642202253341236, 0.005506102597045063, 0.0013724638012672426, 0.008311577601363957, 0.02340026824697746
2019-05-07, 0.1960777131987383, 0.62882096069869, 0.34115138592750527, 0.2836369241836449, 0.27642202253341236, 0.005506102597045063, 0.0013724638012672426, 0.008311577601363957, 0.02340026824697746
2019-05-07, 0.1960777131987383, 0.62882096069869, 0.34115138592750527, 0.2836369241836449, 0.27642202253341236, 0.005506102597045063, 0.0013724638012672426, 0.008311577601363957, 0.02340026824697746
2019-05-07, 0.1960777131987383, 0.62882096069869, 0.34115138592750527, 0.2836369241836449, 0.27642202253341236, 0.005506102597045063, 0.0013724638012672426, 0.008311577601363957, 0.02340026824697746
2019-05-07, 0.1960777131987383, 0.62882096069869, 0.34115138592750527, 0.2836369241836449, 0.27642202253341236, 0.005506102597045063, 0.0013724638012672426, 0.008311577601363957, 0.02340026824697746
2019-05-07, 0.1960777131987383, 0.62882096069869, 0.34115138592750527, 0.2836369241836449, 0.27642202253341236, 0.005506102597045063, 0.0013724638012672426, 0.008311577601363957, 0.02340026824697746
2019-05-07, 0.12945248661306996, 0.314410480349345, 0.19383601473153708, 0.1788145826375151, 0.2955799844911737, 0.011012205194090127, 0.0013724638012672426, 0.0166231552027279, 0.023971006496903743
2019-05-07, 0.12945248661306996, 0.314410480349345, 0.19383601473153708, 0.1788145826375151, 0.2955799844911737, 0.011012205194090127, 0.0013724638012672426, 0.0166231552027279, 0.023971006496903743
2019-05-07, 0.14797632855789666, 0.4192139737991265, 0.20934289591006008, 0.006166020090948665, 0.4953701591935412, 0.0027530512985225316, 0.0027449276025344853, 0.01854121157227343, 0.029678388996166545
2019-05-07, 0.1623914670086597, 0.4401746724890829, 0.20934289591006008, 0.006166020090949212, 0.6075810792318572, 0.008259153895567594, 0.0027449276025344853, 0.008311577601363957, 0.016551409247862112
2019-04-07, 0.11569115608546676, 0.1886462882096069, 0.24811009885636737, 0.0030830100454743324, 0.44884368015326387, 0.008259153895567587, 0.0013724638012672426, 0.0089509297245458, 0.018263623997640942
2019-04-07, 0.13370629030821804, 0.4192139737991267, 0.2636169800348903, 0.20656167304678463, 0.16968480591159948, 0.0, 0.0013724638012672426, 0.0006393521231818429, 0.00856107374889419
2019-04-07, 0.13370629030821804, 0.4192139737991267, 0.2636169800348903, 0.20656167304678463, 0.16968480591159948, 0.0, 0.0013724638012672426, 0.0006393521231818429, 0.00856107374889419
2019-04-07, 0.13370629030821804, 0.4192139737991267, 0.2636169800348903, 0.20656167304678463, 0.16968480591159948, 0.0, 0.0013724638012672426, 0.0006393521231818429, 0.00856107374889419
2019-04-07, 0.13370629030821804, 0.4192139737991267, 0.2636169800348903, 0.20656167304678463, 0.16968480591159948, 0.0, 0.0013724638012672426, 0.0006393521231818429, 0.00856107374889419
2019-04-07, 0.13370629030821804, 0.4192139737991267, 0.2636169800348903, 0.20656167304678463, 0.16968480591159948, 0.0, 0.0013724638012672426, 0.0006393521231818429, 0.00856107374889419
2019-04-07, 0.13370629030821804, 0.4192139737991267, 0.2636169800348903, 0.20656167304678463, 0.16968480591159948, 0.0, 0.0013724638012672426, 0.0006393521231818429, 0.00856107374889419
2019-04-07, 0.13370629030821804, 0.4192139737991267, 0.2636169800348903, 0.20656167304678463, 0.16968480591159948, 0.0, 0.0013724638012672426, 0.0006393521231818429, 0.00856107374889419
2019-04-07, 0.13370629030821804, 0.4192139737991267, 0.2636169800348903, 0.20656167304678463, 0.16968480591159948, 0.0, 0.0013724638012672426, 0.0006393521231818429, 0.00856107374889419
2019-04-07, 0.13370629030821804, 0.4192139737991267, 0.2636169800348903, 0.20656167304678463, 0.16968480591159948, 0.0, 0.0013724638012672426, 0.0006393521231818429, 0.00856107374889419
2019-04-07, 0.13370629030821804, 0.4192139737991267, 0.2636169800348903, 0.20656167304678463, 0.16968480591159948, 0.0, 0.0013724638012672426, 0.0006393521231818429, 0.00856107374889419
2019-04-07, 0.11569115608546676, 0.1886462882096069, 0.24811009885636737, 0.0030830100454743324, 0.44884368015326387, 0.008259153895567587, 0.0013724638012672426, 0.0089509297245458, 0.018263623997640942
2019-04-07, 0.11569115608546676, 0.1886462882096069, 0.24811009885636737, 0.0030830100454743324, 0.44884368015326387, 0.008259153895567587, 0.0013724638012672426, 0.0089509297245458, 0.018263623997640942
2019-04-07, 0.11877984923564285, 0.25152838427947594, 0.2558635394456287, 0.06782622100043695, 0.3366327601149479, 0.0055061025970450555, 0.0027449276025344853, 0.009590281847727629, 0.02054657699734606
2019-04-07, 0.14831894164250028, 0.35633187772925773, 0.31013762357045926, 0.14181846209182258, 0.3311590566984443, 0.0055061025970450555, 0.0, 0.015344450956364216, 0.026253959496608862
2019-03-08, 0.15113987678347093, 0.3772925764192138, 0.255863539445629, 0.04007913059116742, 0.4844227523605345, 0.008259153895567587, 0.0027449276025344853, 0.015344450956364216, 0.0251124829967563
2019-03-08, 0.1656674515060085, 0.5659388646288209, 0.23260321767784436, 0.11098836163707815, 0.37768553573872216, 0.0027530512985225316, 0.0027449276025344853, 0.011508338217273158, 0.021117315247272343
2019-03-08, 0.1656674515060085, 0.5659388646288209, 0.23260321767784436, 0.11098836163707815, 0.37768553573872216, 0.0027530512985225316, 0.0027449276025344853, 0.011508338217273158, 0.021117315247272343
2019-03-08, 0.1656674515060085, 0.5659388646288209, 0.23260321767784436, 0.11098836163707815, 0.37768553573872216, 0.0027530512985225316, 0.0027449276025344853, 0.011508338217273158, 0.021117315247272343
2019-03-08, 0.1656674515060085, 0.5659388646288209, 0.23260321767784436, 0.11098836163707815, 0.37768553573872216, 0.0027530512985225316, 0.0027449276025344853, 0.011508338217273158, 0.021117315247272343
2019-03-08, 0.1656674515060085, 0.5659388646288209, 0.23260321767784436, 0.11098836163707815, 0.37768553573872216, 0.0027530512985225316, 0.0027449276025344853, 0.011508338217273158, 0.021117315247272343
2019-03-08, 0.1656674515060085, 0.5659388646288209, 0.23260321767784436, 0.11098836163707815, 0.37768553573872216, 0.0027530512985225316, 0.0027449276025344853, 0.011508338217273158, 0.021117315247272343
2019-03-08, 0.1656674515060085, 0.5659388646288209, 0.23260321767784436, 0.11098836163707815, 0.37768553573872216, 0.0027530512985225316, 0.0027449276025344853, 0.011508338217273158, 0.021117315247272343
2019-03-08, 0.1656674515060085, 0.5659388646288209, 0.23260321767784436, 0.11098836163707815, 0.37768553573872216, 0.0027530512985225316, 0.0027449276025344853, 0.011508338217273158, 0.021117315247272343
2019-03-08, 0.1656674515060085, 0.5659388646288209, 0.23260321767784436, 0.11098836163707815, 0.37768553573872216, 0.0027530512985225316, 0.0027449276025344853, 0.011508338217273158, 0.021117315247272343
2019-03-08, 0.1656674515060085, 0.5659388646288209, 0.23260321767784436, 0.11098836163707815, 0.37768553573872216, 0.0027530512985225316, 0.0027449276025344853, 0.011508338217273158, 0.021117315247272343
2019-03-08, 0.15113987678347093, 0.3772925764192138, 0.255863539445629, 0.04007913059116742, 0.4844227523605345, 0.008259153895567587, 0.0027449276025344853, 0.015344450956364216, 0.0251124829967563
2019-03-08, 0.15113987678347093, 0.3772925764192138, 0.255863539445629, 0.04007913059116742, 0.4844227523605345, 0.008259153895567587, 0.0027449276025344853, 0.015344450956364216, 0.0251124829967563
2019-03-08, 0.14455305580097166, 0.5240174672489083, 0.16282225237449113, 0.052411170773064744, 0.3804223874469737, 0.0027530512985225316, 0.0013724638012672426, 0.011508338217273158, 0.021117315247272343
2019-03-08, 0.16300663423635808, 0.5030567685589519, 0.2170963364993214, 0.12023739177350169, 0.4214751630707479, 0.0027530512985225316, 0.0027449276025344853, 0.012147690340455, 0.02454174474683001
2019-02-06, 0.12129512646906987, 0.2096069868995635, 0.3333979453382439, 0.015415050227371661, 0.37768553573872166, 0.005506102597045063, 0.0027449276025344853, 0.008311577601363957, 0.01769288574771466
2019-02-06, 0.1641251869420916, 0.5240174672489083, 0.31789106415972096, 0.20039565295583597, 0.21894813666012886, 0.005506102597045063, 0.005489855205068971, 0.012787042463636844, 0.02796617424638769
2019-02-06, 0.1641251869420916, 0.5240174672489083, 0.31789106415972096, 0.20039565295583597, 0.21894813666012886, 0.005506102597045063, 0.005489855205068971, 0.012787042463636844, 0.02796617424638769
2019-02-06, 0.1641251869420916, 0.5240174672489083, 0.31789106415972096, 0.20039565295583597, 0.21894813666012886, 0.005506102597045063, 0.005489855205068971, 0.012787042463636844, 0.02796617424638769
2019-02-06, 0.1641251869420916, 0.5240174672489083, 0.31789106415972096, 0.20039565295583597, 0.21894813666012886, 0.005506102597045063, 0.005489855205068971, 0.012787042463636844, 0.02796617424638769
2019-02-06, 0.1641251869420916, 0.5240174672489083, 0.31789106415972096, 0.20039565295583597, 0.21894813666012886, 0.005506102597045063, 0.005489855205068971, 0.012787042463636844, 0.02796617424638769
2019-02-06, 0.1641251869420916, 0.5240174672489083, 0.31789106415972096, 0.20039565295583597, 0.21894813666012886, 0.005506102597045063, 0.005489855205068971, 0.012787042463636844, 0.02796617424638769
2019-02-06, 0.1641251869420916, 0.5240174672489083, 0.31789106415972096, 0.20039565295583597, 0.21894813666012886, 0.005506102597045063, 0.005489855205068971, 0.012787042463636844, 0.02796617424638769
2019-02-06, 0.1641251869420916, 0.5240174672489083, 0.31789106415972096, 0.20039565295583597, 0.21894813666012886, 0.005506102597045063, 0.005489855205068971, 0.012787042463636844, 0.02796617424638769
2019-02-06, 0.1641251869420916, 0.5240174672489083, 0.31789106415972096, 0.20039565295583597, 0.21894813666012886, 0.005506102597045063, 0.005489855205068971, 0.012787042463636844, 0.02796617424638769
2019-02-06, 0.1641251869420916, 0.5240174672489083, 0.31789106415972096, 0.20039565295583597, 0.21894813666012886, 0.005506102597045063, 0.005489855205068971, 0.012787042463636844, 0.02796617424638769
2019-02-06, 0.1281004269092562, 0.1257641921397381, 0.30238418298119796, 0.07707525113685995, 0.48168590065228295, 0.008259153895567594, 0.0, 0.010229633970909473, 0.0194051004974935
2019-02-06, 0.1281004269092562, 0.1257641921397381, 0.30238418298119796, 0.07707525113685995, 0.48168590065228295, 0.008259153895567594, 0.0, 0.010229633970909473, 0.0194051004974935
2019-02-06, 0.15145949921804966, 0.3353711790393016, 0.34115138592750527, 0.06474321095496208, 0.4324225699037541, 0.008259153895567594, 0.0013724638012672426, 0.0089509297245458, 0.0194051004974935
2019-02-06, 0.16962724079971758, 0.31441048034934527, 0.38767202946307416, 0.12332040181897604, 0.4898964557770376, 0.005506102597045063, 0.0013724638012672426, 0.010868986094091315, 0.023971006496903743
2019-01-07, 0.1703197360085471, 0.46113537117903924, 0.19383601473153708, 0.18189759268298944, 0.49263330748528966, 0.0027530512985225316, 0.0027449276025344853, 0.012147690340455, 0.015409932748009551
2019-01-07, 0.1482290486533146, 0.48209606986899556, 0.22484977708858306, 0.024664080363795207, 0.4324225699037541, 0.0027530512985225316, 0.0027449276025344853, 0.008311577601363944, 0.007990335498967922
2019-01-07, 0.1482290486533146, 0.48209606986899556, 0.22484977708858306, 0.024664080363795207, 0.4324225699037541, 0.0027530512985225316, 0.0027449276025344853, 0.008311577601363944, 0.007990335498967922
2019-01-07, 0.1482290486533146, 0.48209606986899556, 0.22484977708858306, 0.024664080363795207, 0.4324225699037541, 0.0027530512985225316, 0.0027449276025344853, 0.008311577601363944, 0.007990335498967922
2019-01-07, 0.1482290486533146, 0.48209606986899556, 0.22484977708858306, 0.024664080363795207, 0.4324225699037541, 0.0027530512985225316, 0.0027449276025344853, 0.008311577601363944, 0.007990335498967922
2019-01-07, 0.1482290486533146, 0.48209606986899556, 0.22484977708858306, 0.024664080363795207, 0.4324225699037541, 0.0027530512985225316, 0.0027449276025344853, 0.008311577601363944, 0.007990335498967922
2019-01-07, 0.1482290486533146, 0.48209606986899556, 0.22484977708858306, 0.024664080363795207, 0.4324225699037541, 0.0027530512985225316, 0.0027449276025344853, 0.008311577601363944, 0.007990335498967922
2019-01-07, 0.1482290486533146, 0.48209606986899556, 0.22484977708858306, 0.024664080363795207, 0.4324225699037541, 0.0027530512985225316, 0.0027449276025344853, 0.008311577601363944, 0.007990335498967922
2019-01-07, 0.1482290486533146, 0.48209606986899556, 0.22484977708858306, 0.024664080363795207, 0.4324225699037541, 0.0027530512985225316, 0.0027449276025344853, 0.008311577601363944, 0.007990335498967922
2019-01-07, 0.1482290486533146, 0.48209606986899556, 0.22484977708858306, 0.024664080363795207, 0.4324225699037541, 0.0027530512985225316, 0.0027449276025344853, 0.008311577601363944, 0.007990335498967922
2019-01-07, 0.1482290486533146, 0.48209606986899556, 0.22484977708858306, 0.024664080363795207, 0.4324225699037541, 0.0027530512985225316, 0.0027449276025344853, 0.008311577601363944, 0.007990335498967922
2019-01-07, 0.14588408486986063, 0.35633187772925795, 0.1550688117852298, 0.11098836163707815, 0.5063175660265479, 0.0055061025970450555, 0.0027449276025344853, 0.014705098833182372, 0.015409932748009551
2019-01-07, 0.14588408486986063, 0.35633187772925795, 0.1550688117852298, 0.11098836163707815, 0.5063175660265479, 0.0055061025970450555, 0.0027449276025344853, 0.014705098833182372, 0.015409932748009551
2019-01-07, 0.14707507109815907, 0.37729257641921427, 0.24035665826710603, 0.0030830100454743324, 0.5282123796925607, 0.0055061025970450555, 0.0013724638012672426, 0.012787042463636844, 0.007990335498967922
2019-01-07, 0.14588408486986063, 0.35633187772925795, 0.1550688117852298, 0.11098836163707815, 0.5063175660265479, 0.0055061025970450555, 0.0027449276025344853, 0.014705098833182372, 0.015409932748009551
2018-12-08, 0.15700693602660684, 0.35633187772925773, 0.40317891064159717, 0.009249030136422996, 0.4652647904027732, 0.0027530512985225316, 0.004117391403801713, 0.008311577601363944, 0.006848858999115362
2018-12-08, 0.18814671327884888, 0.6497816593886462, 0.4264392324093818, 0.12023739177350169, 0.284632577658167, 0.002753051298522524, 0.00274492760253447, 0.008311577601363944, 0.010273288498673042
2018-12-08, 0.18814671327884888, 0.6497816593886462, 0.4264392324093818, 0.12023739177350169, 0.284632577658167, 0.002753051298522524, 0.00274492760253447, 0.008311577601363944, 0.010273288498673042
2018-12-08, 0.18814671327884888, 0.6497816593886462, 0.4264392324093818, 0.12023739177350169, 0.284632577658167, 0.002753051298522524, 0.00274492760253447, 0.008311577601363944, 0.010273288498673042
2018-12-08, 0.18814671327884888, 0.6497816593886462, 0.4264392324093818, 0.12023739177350169, 0.284632577658167, 0.002753051298522524, 0.00274492760253447, 0.008311577601363944, 0.010273288498673042
2018-12-08, 0.18814671327884888, 0.6497816593886462, 0.4264392324093818, 0.12023739177350169, 0.284632577658167, 0.002753051298522524, 0.00274492760253447, 0.008311577601363944, 0.010273288498673042
2018-12-08, 0.18814671327884888, 0.6497816593886462, 0.4264392324093818, 0.12023739177350169, 0.284632577658167, 0.002753051298522524, 0.00274492760253447, 0.008311577601363944, 0.010273288498673042
2018-12-08, 0.18814671327884888, 0.6497816593886462, 0.4264392324093818, 0.12023739177350169, 0.284632577658167, 0.002753051298522524, 0.00274492760253447, 0.008311577601363944, 0.010273288498673042
2018-12-08, 0.18814671327884888, 0.6497816593886462, 0.4264392324093818, 0.12023739177350169, 0.284632577658167, 0.002753051298522524, 0.00274492760253447, 0.008311577601363944, 0.010273288498673042
2018-12-08, 0.18814671327884888, 0.6497816593886462, 0.4264392324093818, 0.12023739177350169, 0.284632577658167, 0.002753051298522524, 0.00274492760253447, 0.008311577601363944, 0.010273288498673042
2018-12-08, 0.18814671327884888, 0.6497816593886462, 0.4264392324093818, 0.12023739177350169, 0.284632577658167, 0.002753051298522524, 0.00274492760253447, 0.008311577601363944, 0.010273288498673042
2018-12-08, 0.15700693602660684, 0.35633187772925773, 0.40317891064159717, 0.009249030136422996, 0.4652647904027732, 0.0027530512985225316, 0.004117391403801713, 0.008311577601363944, 0.006848858999115362
2018-12-08, 0.15700693602660684, 0.35633187772925773, 0.40317891064159717, 0.009249030136422996, 0.4652647904027732, 0.0027530512985225316, 0.004117391403801713, 0.008311577601363944, 0.006848858999115362
2018-12-08, 0.15082770275473636, 0.35633187772925773, 0.3644117076952899, 0.1788145826375151, 0.27094831911690875, 0.0027530512985225316, 0.00274492760253447, 0.01406574671000053, 0.016551409247862112
2018-12-08, 0.14799547507141622, 0.37729257641921404, 0.38767202946307416, 0.04316214063664175, 0.35852757378096034, 0.0, 0.0013724638012672426, 0.010229633970909473, 0.005707382499262802
2018-11-08, 0.10078513248642589, 0.10480349344978175, 0.29463074239193665, 0.2928859543200676, 0.09305295808055464, 0.0027530512985225316, 0.0027449276025344853, 0.0, 0.015409932748009551
2018-11-08, 0.14975162068006906, 0.25152838427947594, 0.3256445047489826, 0.49019859723042897, 0.11221092003831597, 0.005506102597045063, 0.0013724638012672426, 0.0012787042463636858, 0.01027328849867303
2018-11-08, 0.14975162068006906, 0.25152838427947594, 0.3256445047489826, 0.49019859723042897, 0.11221092003831597, 0.005506102597045063, 0.0013724638012672426, 0.0012787042463636858, 0.01027328849867303
2018-11-08, 0.14975162068006906, 0.25152838427947594, 0.3256445047489826, 0.49019859723042897, 0.11221092003831597, 0.005506102597045063, 0.0013724638012672426, 0.0012787042463636858, 0.01027328849867303
2018-11-08, 0.14975162068006906, 0.25152838427947594, 0.3256445047489826, 0.49019859723042897, 0.11221092003831597, 0.005506102597045063, 0.0013724638012672426, 0.0012787042463636858, 0.01027328849867303
2018-11-08, 0.14975162068006906, 0.25152838427947594, 0.3256445047489826, 0.49019859723042897, 0.11221092003831597, 0.005506102597045063, 0.0013724638012672426, 0.0012787042463636858, 0.01027328849867303
2018-11-08, 0.14975162068006906, 0.25152838427947594, 0.3256445047489826, 0.49019859723042897, 0.11221092003831597, 0.005506102597045063, 0.0013724638012672426, 0.0012787042463636858, 0.01027328849867303
2018-11-08, 0.14975162068006906, 0.25152838427947594, 0.3256445047489826, 0.49019859723042897, 0.11221092003831597, 0.005506102597045063, 0.0013724638012672426, 0.0012787042463636858, 0.01027328849867303
2018-11-08, 0.14975162068006906, 0.25152838427947594, 0.3256445047489826, 0.49019859723042897, 0.11221092003831597, 0.005506102597045063, 0.0013724638012672426, 0.0012787042463636858, 0.01027328849867303
2018-11-08, 0.14975162068006906, 0.25152838427947594, 0.3256445047489826, 0.49019859723042897, 0.11221092003831597, 0.005506102597045063, 0.0013724638012672426, 0.0012787042463636858, 0.01027328849867303
2018-11-08, 0.14975162068006906, 0.25152838427947594, 0.3256445047489826, 0.49019859723042897, 0.11221092003831597, 0.005506102597045063, 0.0013724638012672426, 0.0012787042463636858, 0.01027328849867303
2018-11-08, 0.10200270946805079, 0.0838427947598254, 0.31789106415972096, 0.1880636127739381, 0.20800072982712217, 0.0, 0.0027449276025344853, 0.0006393521231818429, 0.014839194498083273
2018-11-08, 0.10200270946805079, 0.0838427947598254, 0.31789106415972096, 0.1880636127739381, 0.20800072982712217, 0.0, 0.0027449276025344853, 0.0006393521231818429, 0.014839194498083273
2018-11-08, 0.1049149144135212, 0.02096069868995635, 0.2636169800348907, 0.3144670246383885, 0.21894813666012886, 0.0, 0.0013724638012672426, 0.005114816985454729, 0.014839194498083273
2018-11-08, 0.10200270946805079, 0.0838427947598254, 0.31789106415972096, 0.1880636127739381, 0.20800072982712217, 0.0, 0.0027449276025344853, 0.0006393521231818429, 0.014839194498083273
2018-10-09, 0.08153804784091105, 0.10480349344978152, 0.20158945532079858, 0.2250597333196312, 0.09578980978880668, 0.0055061025970450555, 0.006862319006336205, 0.0012787042463636858, 0.011414764998525603
2018-10-09, 0.12395784630573053, 0.33537117903930114, 0.2791238612134135, 0.11407137168255276, 0.25179035715914816, 0.0, 0.0027449276025344853, 0.0, 0.008561073748894203
2018-10-09, 0.12395784630573053, 0.33537117903930114, 0.2791238612134135, 0.11407137168255276, 0.25179035715914816, 0.0, 0.0027449276025344853, 0.0, 0.008561073748894203
2018-10-09, 0.12395784630573053, 0.33537117903930114, 0.2791238612134135, 0.11407137168255276, 0.25179035715914816, 0.0, 0.0027449276025344853, 0.0, 0.008561073748894203
2018-10-09, 0.12395784630573053, 0.33537117903930114, 0.2791238612134135, 0.11407137168255276, 0.25179035715914816, 0.0, 0.0027449276025344853, 0.0, 0.008561073748894203
2018-10-09, 0.12395784630573053, 0.33537117903930114, 0.2791238612134135, 0.11407137168255276, 0.25179035715914816, 0.0, 0.0027449276025344853, 0.0, 0.008561073748894203
2018-10-09, 0.12395784630573053, 0.33537117903930114, 0.2791238612134135, 0.11407137168255276, 0.25179035715914816, 0.0, 0.0027449276025344853, 0.0, 0.008561073748894203
2018-10-09, 0.12395784630573053, 0.33537117903930114, 0.2791238612134135, 0.11407137168255276, 0.25179035715914816, 0.0, 0.0027449276025344853, 0.0, 0.008561073748894203
2018-10-09, 0.12395784630573053, 0.33537117903930114, 0.2791238612134135, 0.11407137168255276, 0.25179035715914816, 0.0, 0.0027449276025344853, 0.0, 0.008561073748894203
2018-10-09, 0.12395784630573053, 0.33537117903930114, 0.2791238612134135, 0.11407137168255276, 0.25179035715914816, 0.0, 0.0027449276025344853, 0.0, 0.008561073748894203
2018-10-09, 0.12395784630573053, 0.33537117903930114, 0.2791238612134135, 0.11407137168255276, 0.25179035715914816, 0.0, 0.0027449276025344853, 0.0, 0.008561073748894203
2018-10-09, 0.07857767488240856, 0.08384279475982516, 0.20934289591006025, 0.23430876345605445, 0.0684212927062902, 0.0055061025970450555, 0.004117391403801728, 0.0076722254781821, 0.015409932748009551
2018-10-09, 0.07857767488240856, 0.08384279475982516, 0.20934289591006025, 0.23430876345605445, 0.0684212927062902, 0.0055061025970450555, 0.004117391403801728, 0.0076722254781821, 0.015409932748009551
2018-10-09, 0.09380612859077603, 0.10480349344978152, 0.23260321767784456, 0.23122575341057985, 0.15052684395383864, 0.0055061025970450555, 0.004117391403801728, 0.005114816985454729, 0.016551409247862112
2018-10-09, 0.08277270992350654, 0.04192139737991247, 0.1860825741422756, 0.24047478354700313, 0.16147425078684532, 0.0055061025970450555, 0.005489855205068963, 0.006393521231818415, 0.014839194498083273
2018-09-09, 0.09395005987138395, 0.10480349344978175, 0.2093428959100599, 0.40079130591167167, 0.005473703416503586, 0.008259153895567587, 0.004117391403801728, 0.005114816985454729, 0.013697717998230712
2018-09-09, 0.14070992436730353, 0.3982532751091704, 0.31013762357045943, 0.052411170773064744, 0.3448433152397026, 0.005506102597045063, 0.004117391403801728, 0.0012787042463636858, 0.009131811998820483
2018-09-09, 0.14070992436730353, 0.3982532751091704, 0.31013762357045943, 0.052411170773064744, 0.3448433152397026, 0.005506102597045063, 0.004117391403801728, 0.0012787042463636858, 0.009131811998820483
2018-09-09, 0.14070992436730353, 0.3982532751091704, 0.31013762357045943, 0.052411170773064744, 0.3448433152397026, 0.005506102597045063, 0.004117391403801728, 0.0012787042463636858, 0.009131811998820483
2018-09-09, 0.14070992436730353, 0.3982532751091704, 0.31013762357045943, 0.052411170773064744, 0.3448433152397026, 0.005506102597045063, 0.004117391403801728, 0.0012787042463636858, 0.009131811998820483
2018-09-09, 0.14070992436730353, 0.3982532751091704, 0.31013762357045943, 0.052411170773064744, 0.3448433152397026, 0.005506102597045063, 0.004117391403801728, 0.0012787042463636858, 0.009131811998820483
2018-09-09, 0.14070992436730353, 0.3982532751091704, 0.31013762357045943, 0.052411170773064744, 0.3448433152397026, 0.005506102597045063, 0.004117391403801728, 0.0012787042463636858, 0.009131811998820483
2018-09-09, 0.14070992436730353, 0.3982532751091704, 0.31013762357045943, 0.052411170773064744, 0.3448433152397026, 0.005506102597045063, 0.004117391403801728, 0.0012787042463636858, 0.009131811998820483
2018-09-09, 0.14070992436730353, 0.3982532751091704, 0.31013762357045943, 0.052411170773064744, 0.3448433152397026, 0.005506102597045063, 0.004117391403801728, 0.0012787042463636858, 0.009131811998820483
2018-09-09, 0.14070992436730353, 0.3982532751091704, 0.31013762357045943, 0.052411170773064744, 0.3448433152397026, 0.005506102597045063, 0.004117391403801728, 0.0012787042463636858, 0.009131811998820483
2018-09-09, 0.14070992436730353, 0.3982532751091704, 0.31013762357045943, 0.052411170773064744, 0.3448433152397026, 0.005506102597045063, 0.004117391403801728, 0.0012787042463636858, 0.009131811998820483
2018-09-09, 0.09395005987138395, 0.10480349344978175, 0.2093428959100599, 0.40079130591167167, 0.005473703416503586, 0.008259153895567587, 0.004117391403801728, 0.005114816985454729, 0.013697717998230712
2018-09-09, 0.09395005987138395, 0.10480349344978175, 0.2093428959100599, 0.40079130591167167, 0.005473703416503586, 0.008259153895567587, 0.004117391403801728, 0.005114816985454729, 0.013697717998230712
2018-09-09, 0.10505991876064434, 0.1886462882096069, 0.25586353944562884, 0.2836369241836446, 0.0848424029557995, 0.008259153895567587, 0.004117391403801728, 0.0025574084927273573, 0.01255624149837815
2018-09-09, 0.10337533275974722, 0.25152838427947594, 0.20158945532079858, 0.20039565295583597, 0.14505314053733506, 0.005506102597045063, 0.004117391403801728, 0.005114816985454729, 0.013697717998230712
2018-08-10, 0.07764345138999396, 0.1886462882096069, 0.054274084124830604, 0.20039565295583597, 0.1532636956620902, 0.008259153895567587, 0.004117391403801728, 0.0019180563695455144, 0.010273288498673042
2018-08-10, 0.12646490068268992, 0.4401746724890829, 0.13180849001744552, 0.16031652236466884, 0.26273776399215437, 0.0027530512985225316, 0.0013724638012672426, 0.0, 0.01255624149837815
2018-08-10, 0.12646490068268992, 0.4401746724890829, 0.13180849001744552, 0.16031652236466884, 0.26273776399215437, 0.0027530512985225316, 0.0013724638012672426, 0.0, 0.01255624149837815
2018-08-10, 0.12646490068268992, 0.4401746724890829, 0.13180849001744552, 0.16031652236466884, 0.26273776399215437, 0.0027530512985225316, 0.0013724638012672426, 0.0, 0.01255624149837815
2018-08-10, 0.12646490068268992, 0.4401746724890829, 0.13180849001744552, 0.16031652236466884, 0.26273776399215437, 0.0027530512985225316, 0.0013724638012672426, 0.0, 0.01255624149837815
2018-08-10, 0.12646490068268992, 0.4401746724890829, 0.13180849001744552, 0.16031652236466884, 0.26273776399215437, 0.0027530512985225316, 0.0013724638012672426, 0.0, 0.01255624149837815
2018-08-10, 0.12646490068268992, 0.4401746724890829, 0.13180849001744552, 0.16031652236466884, 0.26273776399215437, 0.0027530512985225316, 0.0013724638012672426, 0.0, 0.01255624149837815
2018-08-10, 0.12646490068268992, 0.4401746724890829, 0.13180849001744552, 0.16031652236466884, 0.26273776399215437, 0.0027530512985225316, 0.0013724638012672426, 0.0, 0.01255624149837815
2018-08-10, 0.12646490068268992, 0.4401746724890829, 0.13180849001744552, 0.16031652236466884, 0.26273776399215437, 0.0027530512985225316, 0.0013724638012672426, 0.0, 0.01255624149837815
2018-08-10, 0.12646490068268992, 0.4401746724890829, 0.13180849001744552, 0.16031652236466884, 0.26273776399215437, 0.0027530512985225316, 0.0013724638012672426, 0.0, 0.01255624149837815
2018-08-10, 0.12646490068268992, 0.4401746724890829, 0.13180849001744552, 0.16031652236466884, 0.26273776399215437, 0.0027530512985225316, 0.0013724638012672426, 0.0, 0.01255624149837815
2018-08-10, 0.07764345138999396, 0.1886462882096069, 0.054274084124830604, 0.20039565295583597, 0.1532636956620902, 0.008259153895567587, 0.004117391403801728, 0.0019180563695455144, 0.010273288498673042
2018-08-10, 0.07764345138999396, 0.1886462882096069, 0.054274084124830604, 0.20039565295583597, 0.1532636956620902, 0.008259153895567587, 0.004117391403801728, 0.0019180563695455144, 0.010273288498673042
2018-08-10, 0.0865970475295316, 0.23056768558951962, 0.0775344058926149, 0.2836369241836446, 0.07663184783104485, 0.008259153895567587, 0.0027449276025344853, 0.0025574084927273573, 0.010844026748599323
2018-08-10, 0.09551058673109199, 0.31441048034934477, 0.062027524714091925, 0.20039565295583597, 0.16421110249509638, 0.005506102597045063, 0.0, 0.003836112739091043, 0.013697717998230712
2018-07-11, 0.10671615280594877, 0.2934497816593884, 0.062027524714091925, 0.3668781954114535, 0.10673721662181287, 0.008259153895567587, 0.00411739140380172, 0.0025574084927273717, 0.00970255024874675
2018-07-11, 0.13167225391096676, 0.4401746724890829, 0.1473153711959685, 0.18498060272846378, 0.26273776399215437, 0.002753051298522524, 0.002744927602534478, 0.006393521231818415, 0.006278120749189082
2018-07-11, 0.13167225391096676, 0.4401746724890829, 0.1473153711959685, 0.18498060272846378, 0.26273776399215437, 0.002753051298522524, 0.002744927602534478, 0.006393521231818415, 0.006278120749189082
2018-07-11, 0.13167225391096676, 0.4401746724890829, 0.1473153711959685, 0.18498060272846378, 0.26273776399215437, 0.002753051298522524, 0.002744927602534478, 0.006393521231818415, 0.006278120749189082
2018-07-11, 0.13167225391096676, 0.4401746724890829, 0.1473153711959685, 0.18498060272846378, 0.26273776399215437, 0.002753051298522524, 0.002744927602534478, 0.006393521231818415, 0.006278120749189082
2018-07-11, 0.13167225391096676, 0.4401746724890829, 0.1473153711959685, 0.18498060272846378, 0.26273776399215437, 0.002753051298522524, 0.002744927602534478, 0.006393521231818415, 0.006278120749189082
2018-07-11, 0.13167225391096676, 0.4401746724890829, 0.1473153711959685, 0.18498060272846378, 0.26273776399215437, 0.002753051298522524, 0.002744927602534478, 0.006393521231818415, 0.006278120749189082
2018-07-11, 0.13167225391096676, 0.4401746724890829, 0.1473153711959685, 0.18498060272846378, 0.26273776399215437, 0.002753051298522524, 0.002744927602534478, 0.006393521231818415, 0.006278120749189082
2018-07-11, 0.13167225391096676, 0.4401746724890829, 0.1473153711959685, 0.18498060272846378, 0.26273776399215437, 0.002753051298522524, 0.002744927602534478, 0.006393521231818415, 0.006278120749189082
2018-07-11, 0.13167225391096676, 0.4401746724890829, 0.1473153711959685, 0.18498060272846378, 0.26273776399215437, 0.002753051298522524, 0.002744927602534478, 0.006393521231818415, 0.006278120749189082
2018-07-11, 0.13167225391096676, 0.4401746724890829, 0.1473153711959685, 0.18498060272846378, 0.26273776399215437, 0.002753051298522524, 0.002744927602534478, 0.006393521231818415, 0.006278120749189082
2018-07-11, 0.10671615280594877, 0.2934497816593884, 0.062027524714091925, 0.3668781954114535, 0.10673721662181287, 0.008259153895567587, 0.00411739140380172, 0.0025574084927273717, 0.00970255024874675
2018-07-11, 0.10671615280594877, 0.2934497816593884, 0.062027524714091925, 0.3668781954114535, 0.10673721662181287, 0.008259153895567587, 0.00411739140380172, 0.0025574084927273717, 0.00970255024874675
2018-07-11, 0.1112036673018999, 0.3982532751091702, 0.11630160883892253, 0.29905197441101655, 0.05200018245678042, 0.008259153895567587, 0.005489855205068963, 0.0, 0.01027328849867303
2018-07-11, 0.1219906086545784, 0.4192139737991265, 0.1705756929637528, 0.32371605477481175, 0.043789627332025766, 0.008259153895567587, 0.002744927602534478, 0.0019180563695455144, 0.005707382499262802
2018-06-11, 0.1009697316585827, 0.37729257641921404, 0.031013762357045963, 0.262055853865324, 0.10400036491356132, 0.0055061025970450555, 0.006862319006336205, 0.0044754648622729, 0.016551409247862112
2018-06-11, 0.13366761639060032, 0.48209606986899556, 0.1473153711959685, 0.1418184620918223, 0.27368517082516103, 0.0055061025970450555, 0.008234782807603449, 0.003836112739091043, 0.006848858999115362
2018-06-11, 0.13366761639060032, 0.48209606986899556, 0.1473153711959685, 0.1418184620918223, 0.27368517082516103, 0.0055061025970450555, 0.008234782807603449, 0.003836112739091043, 0.006848858999115362
2018-06-11, 0.13366761639060032, 0.48209606986899556, 0.1473153711959685, 0.1418184620918223, 0.27368517082516103, 0.0055061025970450555, 0.008234782807603449, 0.003836112739091043, 0.006848858999115362
2018-06-11, 0.13366761639060032, 0.48209606986899556, 0.1473153711959685, 0.1418184620918223, 0.27368517082516103, 0.0055061025970450555, 0.008234782807603449, 0.003836112739091043, 0.006848858999115362
2018-06-11, 0.13366761639060032, 0.48209606986899556, 0.1473153711959685, 0.1418184620918223, 0.27368517082516103, 0.0055061025970450555, 0.008234782807603449, 0.003836112739091043, 0.006848858999115362
2018-06-11, 0.13366761639060032, 0.48209606986899556, 0.1473153711959685, 0.1418184620918223, 0.27368517082516103, 0.0055061025970450555, 0.008234782807603449, 0.003836112739091043, 0.006848858999115362
2018-06-11, 0.13366761639060032, 0.48209606986899556, 0.1473153711959685, 0.1418184620918223, 0.27368517082516103, 0.0055061025970450555, 0.008234782807603449, 0.003836112739091043, 0.006848858999115362
2018-06-11, 0.13366761639060032, 0.48209606986899556, 0.1473153711959685, 0.1418184620918223, 0.27368517082516103, 0.0055061025970450555, 0.008234782807603449, 0.003836112739091043, 0.006848858999115362
2018-06-11, 0.13366761639060032, 0.48209606986899556, 0.1473153711959685, 0.1418184620918223, 0.27368517082516103, 0.0055061025970450555, 0.008234782807603449, 0.003836112739091043, 0.006848858999115362
2018-06-11, 0.13366761639060032, 0.48209606986899556, 0.1473153711959685, 0.1418184620918223, 0.27368517082516103, 0.0055061025970450555, 0.008234782807603449, 0.003836112739091043, 0.006848858999115362
2018-06-11, 0.1009697316585827, 0.37729257641921404, 0.031013762357045963, 0.262055853865324, 0.10400036491356132, 0.0055061025970450555, 0.006862319006336205, 0.0044754648622729, 0.016551409247862112
2018-06-11, 0.1009697316585827, 0.37729257641921404, 0.031013762357045963, 0.262055853865324, 0.10400036491356132, 0.0055061025970450555, 0.006862319006336205, 0.0044754648622729, 0.016551409247862112
2018-06-11, 0.10031209554203256, 0.33537117903930136, 0.0775344058926149, 0.2343087634560542, 0.1313688819960773, 0.008259153895567587, 0.008234782807603449, 0.0, 0.007419597249041642
2018-06-11, 0.10098356485211993, 0.314410480349345, 0.08528784648187657, 0.29288595432006787, 0.09031610637230308, 0.0055061025970450555, 0.005489855205068971, 0.0025574084927273717, 0.011414764998525591
2018-05-12, 0.12345333960926774, 0.48209606986899567, 0.11630160883892253, 0.25897284381984964, 0.10947406833006443, 0.005506102597045063, 0.0013724638012672426, 0.0019180563695455287, 0.011985503248451872
2018-05-12, 0.157076688062912, 0.6917030567685589, 0.1473153711959685, 0.1788145826375151, 0.22442184007663193, 0.0027530512985225316, 0.00411739140380172, 0.0006393521231818429, 0.006848858999115362
2018-05-12, 0.157076688062912, 0.6917030567685589, 0.1473153711959685, 0.1788145826375151, 0.22442184007663193, 0.0027530512985225316, 0.00411739140380172, 0.0006393521231818429, 0.006848858999115362
2018-05-12, 0.157076688062912, 0.6917030567685589, 0.1473153711959685, 0.1788145826375151, 0.22442184007663193, 0.0027530512985225316, 0.00411739140380172, 0.0006393521231818429, 0.006848858999115362
2018-05-12, 0.157076688062912, 0.6917030567685589, 0.1473153711959685, 0.1788145826375151, 0.22442184007663193, 0.0027530512985225316, 0.00411739140380172, 0.0006393521231818429, 0.006848858999115362
2018-05-12, 0.157076688062912, 0.6917030567685589, 0.1473153711959685, 0.1788145826375151, 0.22442184007663193, 0.0027530512985225316, 0.00411739140380172, 0.0006393521231818429, 0.006848858999115362
2018-05-12, 0.157076688062912, 0.6917030567685589, 0.1473153711959685, 0.1788145826375151, 0.22442184007663193, 0.0027530512985225316, 0.00411739140380172, 0.0006393521231818429, 0.006848858999115362
2018-05-12, 0.157076688062912, 0.6917030567685589, 0.1473153711959685, 0.1788145826375151, 0.22442184007663193, 0.0027530512985225316, 0.00411739140380172, 0.0006393521231818429, 0.006848858999115362
2018-05-12, 0.157076688062912, 0.6917030567685589, 0.1473153711959685, 0.1788145826375151, 0.22442184007663193, 0.0027530512985225316, 0.00411739140380172, 0.0006393521231818429, 0.006848858999115362
2018-05-12, 0.157076688062912, 0.6917030567685589, 0.1473153711959685, 0.1788145826375151, 0.22442184007663193, 0.0027530512985225316, 0.00411739140380172, 0.0006393521231818429, 0.006848858999115362
2018-05-12, 0.157076688062912, 0.6917030567685589, 0.1473153711959685, 0.1788145826375151, 0.22442184007663193, 0.0027530512985225316, 0.00411739140380172, 0.0006393521231818429, 0.006848858999115362
2018-05-12, 0.14220402996442738, 0.5240174672489082, 0.1473153711959685, 0.31755003468386306, 0.11221092003831597, 0.005506102597045063, 0.002744927602534478, 0.008311577601363957, 0.019975838747419792
2018-05-12, 0.14220402996442738, 0.5240174672489082, 0.1473153711959685, 0.31755003468386306, 0.11221092003831597, 0.005506102597045063, 0.002744927602534478, 0.008311577601363957, 0.019975838747419792
2018-05-12, 0.14802976625189865, 0.5868995633187772, 0.1705756929637528, 0.332965084911235, 0.0684212927062902, 0.005506102597045063, 0.00411739140380172, 0.0031967606159092146, 0.01255624149837815
2018-05-12, 0.12176914303032259, 0.46113537117903936, 0.0775344058926149, 0.2713048840017473, 0.13410573370432885, 0.008259153895567587, 0.005489855205068963, 0.0031967606159092146, 0.013126979748304431
2018-04-12, 0.14037341247777876, 0.37729257641921393, 0.32564450474898227, 0.32988207486576065, 0.060210737581535556, 0.005506102597045063, 0.0, 0.0044754648622729, 0.019975838747419792
2018-04-12, 0.13568936359879732, 0.46113537117903936, 0.2636169800348903, 0.052411170773064744, 0.2928431327829221, 0.005506102597045063, 0.0013724638012672426, 0.0006393521231818429, 0.00799033549896791
2018-04-12, 0.13568936359879732, 0.46113537117903936, 0.2636169800348903, 0.052411170773064744, 0.2928431327829221, 0.005506102597045063, 0.0013724638012672426, 0.0006393521231818429, 0.00799033549896791
2018-04-12, 0.13568936359879732, 0.46113537117903936, 0.2636169800348903, 0.052411170773064744, 0.2928431327829221, 0.005506102597045063, 0.0013724638012672426, 0.0006393521231818429, 0.00799033549896791
2018-04-12, 0.13568936359879732, 0.46113537117903936, 0.2636169800348903, 0.052411170773064744, 0.2928431327829221, 0.005506102597045063, 0.0013724638012672426, 0.0006393521231818429, 0.00799033549896791
2018-04-12, 0.13568936359879732, 0.46113537117903936, 0.2636169800348903, 0.052411170773064744, 0.2928431327829221, 0.005506102597045063, 0.0013724638012672426, 0.0006393521231818429, 0.00799033549896791
2018-04-12, 0.13568936359879732, 0.46113537117903936, 0.2636169800348903, 0.052411170773064744, 0.2928431327829221, 0.005506102597045063, 0.0013724638012672426, 0.0006393521231818429, 0.00799033549896791
2018-04-12, 0.13568936359879732, 0.46113537117903936, 0.2636169800348903, 0.052411170773064744, 0.2928431327829221, 0.005506102597045063, 0.0013724638012672426, 0.0006393521231818429, 0.00799033549896791
2018-04-12, 0.13568936359879732, 0.46113537117903936, 0.2636169800348903, 0.052411170773064744, 0.2928431327829221, 0.005506102597045063, 0.0013724638012672426, 0.0006393521231818429, 0.00799033549896791
2018-04-12, 0.13568936359879732, 0.46113537117903936, 0.2636169800348903, 0.052411170773064744, 0.2928431327829221, 0.005506102597045063, 0.0013724638012672426, 0.0006393521231818429, 0.00799033549896791
2018-04-12, 0.13568936359879732, 0.46113537117903936, 0.2636169800348903, 0.052411170773064744, 0.2928431327829221, 0.005506102597045063, 0.0013724638012672426, 0.0006393521231818429, 0.00799033549896791
2018-04-12, 0.13672146295903065, 0.37729257641921393, 0.32564450474898227, 0.2743878940472216, 0.08484240295579999, 0.005506102597045063, 0.0013724638012672426, 0.007032873355000272, 0.017692885747714673
2018-04-12, 0.13672146295903065, 0.37729257641921393, 0.32564450474898227, 0.2743878940472216, 0.08484240295579999, 0.005506102597045063, 0.0013724638012672426, 0.007032873355000272, 0.017692885747714673
2018-04-12, 0.14621174239938908, 0.440174672489083, 0.30238418298119796, 0.21889371322868226, 0.18063221274460617, 0.005506102597045063, 0.0013724638012672426, 0.007032873355000272, 0.013697717998230712
2018-04-12, 0.12858077128942616, 0.48209606986899567, 0.34115138592750527, 0.1541505022737199, 0.021894813666012883, 0.0027530512985225316, 0.0013724638012672426, 0.006393521231818429, 0.018834362247567234
2018-03-13, 0.11198502726854578, 0.3144104803493449, 0.12405504942818368, 0.055494180818539074, 0.3749486840304706, 0.0027530512985225316, 0.009607246608870692, 0.0031967606159092003, 0.011414764998525591
2018-03-13, 0.12329060267624549, 0.37729257641921393, 0.12405504942818368, 0.08324127122780889, 0.3831592391552252, 0.0, 0.008234782807603449, 0.0006393521231818429, 0.009702550248746764
2018-03-13, 0.12329060267624549, 0.37729257641921393, 0.12405504942818368, 0.08324127122780889, 0.3831592391552252, 0.0, 0.008234782807603449, 0.0006393521231818429, 0.009702550248746764
2018-03-13, 0.12329060267624549, 0.37729257641921393, 0.12405504942818368, 0.08324127122780889, 0.3831592391552252, 0.0, 0.008234782807603449, 0.0006393521231818429, 0.009702550248746764
2018-03-13, 0.12329060267624549, 0.37729257641921393, 0.12405504942818368, 0.08324127122780889, 0.3831592391552252, 0.0, 0.008234782807603449, 0.0006393521231818429, 0.009702550248746764
2018-03-13, 0.12329060267624549, 0.37729257641921393, 0.12405504942818368, 0.08324127122780889, 0.3831592391552252, 0.0, 0.008234782807603449, 0.0006393521231818429, 0.009702550248746764
2018-03-13, 0.12329060267624549, 0.37729257641921393, 0.12405504942818368, 0.08324127122780889, 0.3831592391552252, 0.0, 0.008234782807603449, 0.0006393521231818429, 0.009702550248746764
2018-03-13, 0.12329060267624549, 0.37729257641921393, 0.12405504942818368, 0.08324127122780889, 0.3831592391552252, 0.0, 0.008234782807603449, 0.0006393521231818429, 0.009702550248746764
2018-03-13, 0.12329060267624549, 0.37729257641921393, 0.12405504942818368, 0.08324127122780889, 0.3831592391552252, 0.0, 0.008234782807603449, 0.0006393521231818429, 0.009702550248746764
2018-03-13, 0.12329060267624549, 0.37729257641921393, 0.12405504942818368, 0.08324127122780889, 0.3831592391552252, 0.0, 0.008234782807603449, 0.0006393521231818429, 0.009702550248746764
2018-03-13, 0.12329060267624549, 0.37729257641921393, 0.12405504942818368, 0.08324127122780889, 0.3831592391552252, 0.0, 0.008234782807603449, 0.0006393521231818429, 0.009702550248746764
2018-03-13, 0.09782306209649902, 0.23056768558951962, 0.12405504942818368, 0.3452971250931326, 0.043789627332025766, 0.0055061025970450555, 0.006862319006336205, 0.0076722254781821, 0.018834362247567234
2018-03-13, 0.09782306209649902, 0.23056768558951962, 0.12405504942818368, 0.3452971250931326, 0.043789627332025766, 0.0055061025970450555, 0.006862319006336205, 0.0076722254781821, 0.018834362247567234
2018-03-13, 0.10120253139368741, 0.25152838427947594, 0.11630160883892218, 0.19422963286488704, 0.21073758153537395, 0.0055061025970450555, 0.008234782807603449, 0.0076722254781821, 0.015409932748009551
2018-03-13, 0.1409433262153801, 0.3982532751091703, 0.20934289591006008, 0.1664825424556175, 0.3311590566984448, 0.0027530512985225316, 0.006862319006336205, 0.0012787042463636715, 0.011414764998525591
2018-02-11, 0.12733259285237447, 0.16768558951965057, 0.3333979453382439, 0.18498060272846378, 0.2928431327829221, 0.008259153895567587, 0.005489855205068963, 0.008311577601363944, 0.017692885747714673
2018-02-11, 0.1460590106319573, 0.37729257641921393, 0.31789106415972096, 0.024664080363795207, 0.4214751630707479, 0.0027530512985225316, 0.006862319006336205, 0.003836112739091043, 0.013697717998230712
2018-02-11, 0.1460590106319573, 0.37729257641921393, 0.31789106415972096, 0.024664080363795207, 0.4214751630707479, 0.0027530512985225316, 0.006862319006336205, 0.003836112739091043, 0.013697717998230712
2018-02-11, 0.1460590106319573, 0.37729257641921393, 0.31789106415972096, 0.024664080363795207, 0.4214751630707479, 0.0027530512985225316, 0.006862319006336205, 0.003836112739091043, 0.013697717998230712
2018-02-11, 0.1460590106319573, 0.37729257641921393, 0.31789106415972096, 0.024664080363795207, 0.4214751630707479, 0.0027530512985225316, 0.006862319006336205, 0.003836112739091043, 0.013697717998230712
2018-02-11, 0.1460590106319573, 0.37729257641921393, 0.31789106415972096, 0.024664080363795207, 0.4214751630707479, 0.0027530512985225316, 0.006862319006336205, 0.003836112739091043, 0.013697717998230712
2018-02-11, 0.1460590106319573, 0.37729257641921393, 0.31789106415972096, 0.024664080363795207, 0.4214751630707479, 0.0027530512985225316, 0.006862319006336205, 0.003836112739091043, 0.013697717998230712
2018-02-11, 0.1460590106319573, 0.37729257641921393, 0.31789106415972096, 0.024664080363795207, 0.4214751630707479, 0.0027530512985225316, 0.006862319006336205, 0.003836112739091043, 0.013697717998230712
2018-02-11, 0.1460590106319573, 0.37729257641921393, 0.31789106415972096, 0.024664080363795207, 0.4214751630707479, 0.0027530512985225316, 0.006862319006336205, 0.003836112739091043, 0.013697717998230712
2018-02-11, 0.1460590106319573, 0.37729257641921393, 0.31789106415972096, 0.024664080363795207, 0.4214751630707479, 0.0027530512985225316, 0.006862319006336205, 0.003836112739091043, 0.013697717998230712
2018-02-11, 0.1460590106319573, 0.37729257641921393, 0.31789106415972096, 0.024664080363795207, 0.4214751630707479, 0.0027530512985225316, 0.006862319006336205, 0.003836112739091043, 0.013697717998230712
2018-02-11, 0.12733259285237447, 0.16768558951965057, 0.3333979453382439, 0.18498060272846378, 0.2928431327829221, 0.008259153895567587, 0.005489855205068963, 0.008311577601363944, 0.017692885747714673
2018-02-11, 0.12733259285237447, 0.16768558951965057, 0.3333979453382439, 0.18498060272846378, 0.2928431327829221, 0.008259153895567587, 0.005489855205068963, 0.008311577601363944, 0.017692885747714673
2018-02-11, 0.1216380325624184, 0.25152838427947594, 0.2946307423919365, 0.11098836163707843, 0.27915887424166413, 0.0055061025970450555, 0.006862319006336205, 0.009590281847727629, 0.014839194498083273
2018-02-11, 0.11988580752725668, 0.23056768558951962, 0.31013762357045943, 0.08324127122780861, 0.2983168361994255, 0.0055061025970450555, 0.008234782807603449, 0.0076722254781821, 0.015409932748009551
2018-01-12, 0.1197340952697415, 0.02096069868995635, 0.11630160883892218, 0.24047478354700313, 0.5418966382338185, 0.0027530512985225316, 0.0027449276025344853, 0.01790185944909158, 0.014839194498083259
2018-01-12, 0.10360340671071347, 0.12576419213973797, 0.13956193060670666, 0.15106749222824556, 0.3831592391552252, 0.0055061025970450555, 0.0, 0.014065746710000536, 0.00970255024874675
2018-01-12, 0.10360340671071347, 0.12576419213973797, 0.13956193060670666, 0.15106749222824556, 0.3831592391552252, 0.0055061025970450555, 0.0, 0.014065746710000536, 0.00970255024874675
2018-01-12, 0.10360340671071347, 0.12576419213973797, 0.13956193060670666, 0.15106749222824556, 0.3831592391552252, 0.0055061025970450555, 0.0, 0.014065746710000536, 0.00970255024874675
2018-01-12, 0.10360340671071347, 0.12576419213973797, 0.13956193060670666, 0.15106749222824556, 0.3831592391552252, 0.0055061025970450555, 0.0, 0.014065746710000536, 0.00970255024874675
2018-01-12, 0.10360340671071347, 0.12576419213973797, 0.13956193060670666, 0.15106749222824556, 0.3831592391552252, 0.0055061025970450555, 0.0, 0.014065746710000536, 0.00970255024874675
2018-01-12, 0.10360340671071347, 0.12576419213973797, 0.13956193060670666, 0.15106749222824556, 0.3831592391552252, 0.0055061025970450555, 0.0, 0.014065746710000536, 0.00970255024874675
2018-01-12, 0.10360340671071347, 0.12576419213973797, 0.13956193060670666, 0.15106749222824556, 0.3831592391552252, 0.0055061025970450555, 0.0, 0.014065746710000536, 0.00970255024874675
2018-01-12, 0.10360340671071347, 0.12576419213973797, 0.13956193060670666, 0.15106749222824556, 0.3831592391552252, 0.0055061025970450555, 0.0, 0.014065746710000536, 0.00970255024874675
2018-01-12, 0.10360340671071347, 0.12576419213973797, 0.13956193060670666, 0.15106749222824556, 0.3831592391552252, 0.0055061025970450555, 0.0, 0.014065746710000536, 0.00970255024874675
2018-01-12, 0.10360340671071347, 0.12576419213973797, 0.13956193060670666, 0.15106749222824556, 0.3831592391552252, 0.0055061025970450555, 0.0, 0.014065746710000536, 0.00970255024874675
2018-01-12, 0.12033492695813384, 0.0419213973799127, 0.13180849001744516, 0.2774709040926959, 0.4789490489440314, 0.008259153895567587, 0.0, 0.013426394586818694, 0.01084402674859931
2018-01-12, 0.12033492695813384, 0.0419213973799127, 0.13180849001744516, 0.2774709040926959, 0.4789490489440314, 0.008259153895567587, 0.0, 0.013426394586818694, 0.01084402674859931
2018-01-12, 0.12507916748724196, 0.10480349344978163, 0.15506881178522963, 0.19731264291036138, 0.5063175660265476, 0.0055061025970450555, 0.0013724638012672426, 0.01598380307954605, 0.014268456248156992
2018-01-12, 0.10470427185872858, 0.06288209606986893, 0.1085481682496607, 0.1664825424556175, 0.46800164211102496, 0.0055061025970450555, 0.0013724638012672426, 0.013426394586818694, 0.011414764998525591
2017-12-13, 0.1066248222874227, 0.251528384279476, 0.07753440589261473, 0.12948642190992468, 0.3776855357387219, 0.0027530512985225316, 0.008234782807603449, 0.0006393521231818287, 0.005136644249336521
2017-12-13, 0.1066248222874227, 0.251528384279476, 0.07753440589261473, 0.12948642190992468, 0.3776855357387219, 0.0027530512985225316, 0.008234782807603449, 0.0006393521231818287, 0.005136644249336521
2017-12-13, 0.1066248222874227, 0.251528384279476, 0.07753440589261473, 0.12948642190992468, 0.3776855357387219, 0.0027530512985225316, 0.008234782807603449, 0.0006393521231818287, 0.005136644249336521
2017-12-13, 0.1066248222874227, 0.251528384279476, 0.07753440589261473, 0.12948642190992468, 0.3776855357387219, 0.0027530512985225316, 0.008234782807603449, 0.0006393521231818287, 0.005136644249336521
2017-12-13, 0.1066248222874227, 0.251528384279476, 0.07753440589261473, 0.12948642190992468, 0.3776855357387219, 0.0027530512985225316, 0.008234782807603449, 0.0006393521231818287, 0.005136644249336521
2017-12-13, 0.1066248222874227, 0.251528384279476, 0.07753440589261473, 0.12948642190992468, 0.3776855357387219, 0.0027530512985225316, 0.008234782807603449, 0.0006393521231818287, 0.005136644249336521
2017-12-13, 0.1066248222874227, 0.251528384279476, 0.07753440589261473, 0.12948642190992468, 0.3776855357387219, 0.0027530512985225316, 0.008234782807603449, 0.0006393521231818287, 0.005136644249336521
2017-12-13, 0.1066248222874227, 0.251528384279476, 0.07753440589261473, 0.12948642190992468, 0.3776855357387219, 0.0027530512985225316, 0.008234782807603449, 0.0006393521231818287, 0.005136644249336521
2017-12-13, 0.1066248222874227, 0.251528384279476, 0.07753440589261473, 0.12948642190992468, 0.3776855357387219, 0.0027530512985225316, 0.008234782807603449, 0.0006393521231818287, 0.005136644249336521
2017-12-13, 0.1066248222874227, 0.251528384279476, 0.07753440589261473, 0.12948642190992468, 0.3776855357387219, 0.0027530512985225316, 0.008234782807603449, 0.0006393521231818287, 0.005136644249336521
2017-12-13, 0.1066248222874227, 0.251528384279476, 0.07753440589261473, 0.12948642190992468, 0.3776855357387219, 0.0027530512985225316, 0.008234782807603449, 0.0006393521231818287, 0.005136644249336521
2017-12-13, 0.12349936614879538, 0.08384279475982534, 0.0232603217677843, 0.28671993422911896, 0.5610546001915796, 0.008259153895567587, 0.009607246608870692, 0.003836112739091043, 0.011414764998525591
2017-12-13, 0.12349936614879538, 0.08384279475982534, 0.0232603217677843, 0.28671993422911896, 0.5610546001915796, 0.008259153895567587, 0.009607246608870692, 0.003836112739091043, 0.011414764998525591
2017-12-13, 0.12349936614879538, 0.08384279475982534, 0.0232603217677843, 0.28671993422911896, 0.5610546001915796, 0.008259153895567587, 0.009607246608870692, 0.003836112739091043, 0.011414764998525591
2017-12-13, 0.12282609745721462, 0.2096069868995633, 0.06202752471409175, 0.18806361277393838, 0.49263330748528944, 0.0027530512985225316, 0.006862319006336205, 0.006393521231818415, 0.014268456248156992
2017-11-13, 0.09478862787831764, 0.18864628820960702, 0.0775344058926149, 0.08940729131875755, 0.3776855357387219, 0.0, 0.006862319006336213, 0.004475464862272886, 0.013697717998230712
2017-11-13, 0.09478862787831764, 0.18864628820960702, 0.0775344058926149, 0.08940729131875755, 0.3776855357387219, 0.0, 0.006862319006336213, 0.004475464862272886, 0.013697717998230712
2017-11-13, 0.09478862787831764, 0.18864628820960702, 0.0775344058926149, 0.08940729131875755, 0.3776855357387219, 0.0, 0.006862319006336213, 0.004475464862272886, 0.013697717998230712
2017-11-13, 0.09478862787831764, 0.18864628820960702, 0.0775344058926149, 0.08940729131875755, 0.3776855357387219, 0.0, 0.006862319006336213, 0.004475464862272886, 0.013697717998230712
2017-11-13, 0.09478862787831764, 0.18864628820960702, 0.0775344058926149, 0.08940729131875755, 0.3776855357387219, 0.0, 0.006862319006336213, 0.004475464862272886, 0.013697717998230712
2017-11-13, 0.09478862787831764, 0.18864628820960702, 0.0775344058926149, 0.08940729131875755, 0.3776855357387219, 0.0, 0.006862319006336213, 0.004475464862272886, 0.013697717998230712
2017-11-13, 0.09478862787831764, 0.18864628820960702, 0.0775344058926149, 0.08940729131875755, 0.3776855357387219, 0.0, 0.006862319006336213, 0.004475464862272886, 0.013697717998230712
2017-11-13, 0.09478862787831764, 0.18864628820960702, 0.0775344058926149, 0.08940729131875755, 0.3776855357387219, 0.0, 0.006862319006336213, 0.004475464862272886, 0.013697717998230712
2017-11-13, 0.09478862787831764, 0.18864628820960702, 0.0775344058926149, 0.08940729131875755, 0.3776855357387219, 0.0, 0.006862319006336213, 0.004475464862272886, 0.013697717998230712
2017-11-13, 0.09478862787831764, 0.18864628820960702, 0.0775344058926149, 0.08940729131875755, 0.3776855357387219, 0.0, 0.006862319006336213, 0.004475464862272886, 0.013697717998230712
2017-11-13, 0.09478862787831764, 0.18864628820960702, 0.0775344058926149, 0.08940729131875755, 0.3776855357387219, 0.0, 0.006862319006336213, 0.004475464862272886, 0.013697717998230712
2017-11-13, 0.12602315333519987, 0.02096069868995635, 0.03876720294630745, 0.2836369241836446, 0.6240021894813664, 0.0055061025970450555, 0.008234782807603449, 0.0076722254781821, 0.019405100497493513
2017-11-13, 0.12602315333519987, 0.02096069868995635, 0.03876720294630745, 0.2836369241836446, 0.6240021894813664, 0.0055061025970450555, 0.008234782807603449, 0.0076722254781821, 0.019405100497493513
2017-11-13, 0.12602315333519987, 0.02096069868995635, 0.03876720294630745, 0.2836369241836446, 0.6240021894813664, 0.0055061025970450555, 0.008234782807603449, 0.0076722254781821, 0.019405100497493513
2017-11-13, 0.1019285487480307, 0.12576419213973797, 0.046520643535568944, 0.15106749222824556, 0.454317383569767, 0.0055061025970450555, 0.008234782807603449, 0.005754169108636572, 0.018263623997640952
2017-10-14, 0.09008467335331907, 0.06288209606986893, 0.06978096530335341, 0.14181846209182217, 0.41052775623774124, 0.005506102597045063, 0.0013724638012672426, 0.0076722254781821, 0.021117315247272343
2017-10-14, 0.09008467335331907, 0.06288209606986893, 0.06978096530335341, 0.14181846209182217, 0.41052775623774124, 0.005506102597045063, 0.0013724638012672426, 0.0076722254781821, 0.021117315247272343
2017-10-14, 0.09008467335331907, 0.06288209606986893, 0.06978096530335341, 0.14181846209182217, 0.41052775623774124, 0.005506102597045063, 0.0013724638012672426, 0.0076722254781821, 0.021117315247272343
2017-10-14, 0.09008467335331907, 0.06288209606986893, 0.06978096530335341, 0.14181846209182217, 0.41052775623774124, 0.005506102597045063, 0.0013724638012672426, 0.0076722254781821, 0.021117315247272343
2017-10-14, 0.09008467335331907, 0.06288209606986893, 0.06978096530335341, 0.14181846209182217, 0.41052775623774124, 0.005506102597045063, 0.0013724638012672426, 0.0076722254781821, 0.021117315247272343
2017-10-14, 0.09008467335331907, 0.06288209606986893, 0.06978096530335341, 0.14181846209182217, 0.41052775623774124, 0.005506102597045063, 0.0013724638012672426, 0.0076722254781821, 0.021117315247272343
2017-10-14, 0.09008467335331907, 0.06288209606986893, 0.06978096530335341, 0.14181846209182217, 0.41052775623774124, 0.005506102597045063, 0.0013724638012672426, 0.0076722254781821, 0.021117315247272343
2017-10-14, 0.09008467335331907, 0.06288209606986893, 0.06978096530335341, 0.14181846209182217, 0.41052775623774124, 0.005506102597045063, 0.0013724638012672426, 0.0076722254781821, 0.021117315247272343
2017-10-14, 0.09008467335331907, 0.06288209606986893, 0.06978096530335341, 0.14181846209182217, 0.41052775623774124, 0.005506102597045063, 0.0013724638012672426, 0.0076722254781821, 0.021117315247272343
2017-10-14, 0.09008467335331907, 0.06288209606986893, 0.06978096530335341, 0.14181846209182217, 0.41052775623774124, 0.005506102597045063, 0.0013724638012672426, 0.0076722254781821, 0.021117315247272343
2017-10-14, 0.09008467335331907, 0.06288209606986893, 0.06978096530335341, 0.14181846209182217, 0.41052775623774124, 0.005506102597045063, 0.0013724638012672426, 0.0076722254781821, 0.021117315247272343
2017-10-14, 0.1567708533491001, 0.06288209606986905, 0.062027524714091925, 0.38845926572977424, 0.7033708890206634, 0.008259153895567587, 0.006862319006336205, 0.005754169108636572, 0.0165514092478621
2017-10-14, 0.1567708533491001, 0.06288209606986905, 0.062027524714091925, 0.38845926572977424, 0.7033708890206634, 0.008259153895567587, 0.006862319006336205, 0.005754169108636572, 0.0165514092478621
2017-10-14, 0.1567708533491001, 0.06288209606986905, 0.062027524714091925, 0.38845926572977424, 0.7033708890206634, 0.008259153895567587, 0.006862319006336205, 0.005754169108636572, 0.0165514092478621
2017-10-14, 0.11188341253395692, 0.04192139737991258, 0.06978096530335341, 0.1942296328648869, 0.5555808967750765, 0.0027530512985225316, 0.0013724638012672426, 0.008311577601363944, 0.021117315247272343
2017-09-14, 0.08735930815628581, 0.06288209606986905, 0.03876720294630745, 0.1479844821827711, 0.4269488664872508, 0.0055061025970450555, 0.002744927602534478, 0.0031967606159092003, 0.010844026748599323
2017-09-14, 0.08735930815628581, 0.06288209606986905, 0.03876720294630745, 0.1479844821827711, 0.4269488664872508, 0.0055061025970450555, 0.002744927602534478, 0.0031967606159092003, 0.010844026748599323
2017-09-14, 0.08735930815628581, 0.06288209606986905, 0.03876720294630745, 0.1479844821827711, 0.4269488664872508, 0.0055061025970450555, 0.002744927602534478, 0.0031967606159092003, 0.010844026748599323
2017-09-14, 0.08735930815628581, 0.06288209606986905, 0.03876720294630745, 0.1479844821827711, 0.4269488664872508, 0.0055061025970450555, 0.002744927602534478, 0.0031967606159092003, 0.010844026748599323
2017-09-14, 0.08735930815628581, 0.06288209606986905, 0.03876720294630745, 0.1479844821827711, 0.4269488664872508, 0.0055061025970450555, 0.002744927602534478, 0.0031967606159092003, 0.010844026748599323
2017-09-14, 0.08735930815628581, 0.06288209606986905, 0.03876720294630745, 0.1479844821827711, 0.4269488664872508, 0.0055061025970450555, 0.002744927602534478, 0.0031967606159092003, 0.010844026748599323
2017-09-14, 0.08735930815628581, 0.06288209606986905, 0.03876720294630745, 0.1479844821827711, 0.4269488664872508, 0.0055061025970450555, 0.002744927602534478, 0.0031967606159092003, 0.010844026748599323
2017-09-14, 0.08735930815628581, 0.06288209606986905, 0.03876720294630745, 0.1479844821827711, 0.4269488664872508, 0.0055061025970450555, 0.002744927602534478, 0.0031967606159092003, 0.010844026748599323
2017-09-14, 0.08735930815628581, 0.06288209606986905, 0.03876720294630745, 0.1479844821827711, 0.4269488664872508, 0.0055061025970450555, 0.002744927602534478, 0.0031967606159092003, 0.010844026748599323
2017-09-14, 0.08735930815628581, 0.06288209606986905, 0.03876720294630745, 0.1479844821827711, 0.4269488664872508, 0.0055061025970450555, 0.002744927602534478, 0.0031967606159092003, 0.010844026748599323
2017-09-14, 0.08735930815628581, 0.06288209606986905, 0.03876720294630745, 0.1479844821827711, 0.4269488664872508, 0.0055061025970450555, 0.002744927602534478, 0.0031967606159092003, 0.010844026748599323
2017-09-14, 0.15634245320162377, 0.16768558951965068, 0.04652064353556877, 0.3699612054569277, 0.6349495963143729, 0.008259153895567587, 0.00411739140380172, 0.003836112739091043, 0.015409932748009551
2017-09-14, 0.15634245320162377, 0.16768558951965068, 0.04652064353556877, 0.3699612054569277, 0.6349495963143729, 0.008259153895567587, 0.00411739140380172, 0.003836112739091043, 0.015409932748009551
2017-09-14, 0.15634245320162377, 0.16768558951965068, 0.04652064353556877, 0.3699612054569277, 0.6349495963143729, 0.008259153895567587, 0.00411739140380172, 0.003836112739091043, 0.015409932748009551
2017-09-14, 0.12447973761814173, 0.0838427947598254, 0.031013762357045963, 0.2620558538653239, 0.5966336723988505, 0.0055061025970450555, 0.002744927602534478, 0.0031967606159092003, 0.010844026748599323
2017-08-15, 0.0546967844319065, 0.0838427947598254, 0.007753440589261491, 0.15723351231919425, 0.16694795420334818, 0.002753051298522524, 0.0013724638012672426, 0.005114816985454729, 0.01255624149837815
2017-08-15, 0.0546967844319065, 0.0838427947598254, 0.007753440589261491, 0.15723351231919425, 0.16694795420334818, 0.002753051298522524, 0.0013724638012672426, 0.005114816985454729, 0.01255624149837815
2017-08-15, 0.0546967844319065, 0.0838427947598254, 0.007753440589261491, 0.15723351231919425, 0.16694795420334818, 0.002753051298522524, 0.0013724638012672426, 0.005114816985454729, 0.01255624149837815
2017-08-15, 0.0546967844319065, 0.0838427947598254, 0.007753440589261491, 0.15723351231919425, 0.16694795420334818, 0.002753051298522524, 0.0013724638012672426, 0.005114816985454729, 0.01255624149837815
2017-08-15, 0.0546967844319065, 0.0838427947598254, 0.007753440589261491, 0.15723351231919425, 0.16694795420334818, 0.002753051298522524, 0.0013724638012672426, 0.005114816985454729, 0.01255624149837815
2017-08-15, 0.0546967844319065, 0.0838427947598254, 0.007753440589261491, 0.15723351231919425, 0.16694795420334818, 0.002753051298522524, 0.0013724638012672426, 0.005114816985454729, 0.01255624149837815
2017-08-15, 0.0546967844319065, 0.0838427947598254, 0.007753440589261491, 0.15723351231919425, 0.16694795420334818, 0.002753051298522524, 0.0013724638012672426, 0.005114816985454729, 0.01255624149837815
2017-08-15, 0.0546967844319065, 0.0838427947598254, 0.007753440589261491, 0.15723351231919425, 0.16694795420334818, 0.002753051298522524, 0.0013724638012672426, 0.005114816985454729, 0.01255624149837815
2017-08-15, 0.0546967844319065, 0.0838427947598254, 0.007753440589261491, 0.15723351231919425, 0.16694795420334818, 0.002753051298522524, 0.0013724638012672426, 0.005114816985454729, 0.01255624149837815
2017-08-15, 0.0546967844319065, 0.0838427947598254, 0.007753440589261491, 0.15723351231919425, 0.16694795420334818, 0.002753051298522524, 0.0013724638012672426, 0.005114816985454729, 0.01255624149837815
2017-08-15, 0.0546967844319065, 0.0838427947598254, 0.007753440589261491, 0.15723351231919425, 0.16694795420334818, 0.002753051298522524, 0.0013724638012672426, 0.005114816985454729, 0.01255624149837815
2017-08-15, 0.1025587857649794, 0.12576419213973797, 0.054274084124830264, 0.36996120545692784, 0.24084295032614148, 0.0027530512985225316, 0.0013724638012672426, 0.008950929724545786, 0.016551409247862112
2017-08-15, 0.1025587857649794, 0.12576419213973797, 0.054274084124830264, 0.36996120545692784, 0.24084295032614148, 0.0027530512985225316, 0.0013724638012672426, 0.008950929724545786, 0.016551409247862112
2017-08-15, 0.1025587857649794, 0.12576419213973797, 0.054274084124830264, 0.36996120545692784, 0.24084295032614148, 0.0027530512985225316, 0.0013724638012672426, 0.008950929724545786, 0.016551409247862112
2017-08-15, 0.06093823321362165, 0.02096069868995635, 0.031013762357045963, 0.1664825424556175, 0.24631665374264483, 0.0027530512985225316, 0.0013724638012672426, 0.0031967606159092003, 0.015409932748009551
2017-07-16, 0.05793412197573168, 0.10480349344978163, 0.0, 0.3144670246383886, 0.024631665374264432, 0.0, 0.002744927602534478, 0.0025574084927273573, 0.014268456248156992
2017-07-16, 0.05793412197573168, 0.10480349344978163, 0.0, 0.3144670246383886, 0.024631665374264432, 0.0, 0.002744927602534478, 0.0025574084927273573, 0.014268456248156992
2017-07-16, 0.05793412197573168, 0.10480349344978163, 0.0, 0.3144670246383886, 0.024631665374264432, 0.0, 0.002744927602534478, 0.0025574084927273573, 0.014268456248156992
2017-07-16, 0.05793412197573168, 0.10480349344978163, 0.0, 0.3144670246383886, 0.024631665374264432, 0.0, 0.002744927602534478, 0.0025574084927273573, 0.014268456248156992
2017-07-16, 0.05793412197573168, 0.10480349344978163, 0.0, 0.3144670246383886, 0.024631665374264432, 0.0, 0.002744927602534478, 0.0025574084927273573, 0.014268456248156992
2017-07-16, 0.05793412197573168, 0.10480349344978163, 0.0, 0.3144670246383886, 0.024631665374264432, 0.0, 0.002744927602534478, 0.0025574084927273573, 0.014268456248156992
2017-07-16, 0.05793412197573168, 0.10480349344978163, 0.0, 0.3144670246383886, 0.024631665374264432, 0.0, 0.002744927602534478, 0.0025574084927273573, 0.014268456248156992
2017-07-16, 0.05793412197573168, 0.10480349344978163, 0.0, 0.3144670246383886, 0.024631665374264432, 0.0, 0.002744927602534478, 0.0025574084927273573, 0.014268456248156992
2017-07-16, 0.05793412197573168, 0.10480349344978163, 0.0, 0.3144670246383886, 0.024631665374264432, 0.0, 0.002744927602534478, 0.0025574084927273573, 0.014268456248156992
2017-07-16, 0.05793412197573168, 0.10480349344978163, 0.0, 0.3144670246383886, 0.024631665374264432, 0.0, 0.002744927602534478, 0.0025574084927273573, 0.014268456248156992
2017-07-16, 0.05793412197573168, 0.10480349344978163, 0.0, 0.3144670246383886, 0.024631665374264432, 0.0, 0.002744927602534478, 0.0025574084927273573, 0.014268456248156992
2017-07-16, 0.14127987332745487, 0.18864628820960702, 0.0, 0.6258510392313027, 0.28463257765816724, 0.0027530512985225316, 0.0, 0.008950929724545786, 0.0194051004974935
2017-07-16, 0.14127987332745487, 0.18864628820960702, 0.0, 0.6258510392313027, 0.28463257765816724, 0.0027530512985225316, 0.0, 0.008950929724545786, 0.0194051004974935
2017-07-16, 0.14127987332745487, 0.18864628820960702, 0.0, 0.6258510392313027, 0.28463257765816724, 0.0027530512985225316, 0.0, 0.008950929724545786, 0.0194051004974935
2017-07-16, 0.08357581068861897, 0.0838427947598254, 0.015506881178522981, 0.44087043650283897, 0.10400036491356109, 0.0, 0.0013724638012672426, 0.007032873355000258, 0.01598067099793582
2017-06-16, 0.062152237592671467, 0.02096069868995635, 0.10079472766039921, 0.2281427433651055, 0.11221092003831597, 0.008259153895567587, 0.0, 0.010868986094091315, 0.01598067099793582
2017-06-16, 0.062152237592671467, 0.02096069868995635, 0.10079472766039921, 0.2281427433651055, 0.11221092003831597, 0.008259153895567587, 0.0, 0.010868986094091315, 0.01598067099793582
2017-06-16, 0.062152237592671467, 0.02096069868995635, 0.10079472766039921, 0.2281427433651055, 0.11221092003831597, 0.008259153895567587, 0.0, 0.010868986094091315, 0.01598067099793582
2017-06-16, 0.062152237592671467, 0.02096069868995635, 0.10079472766039921, 0.2281427433651055, 0.11221092003831597, 0.008259153895567587, 0.0, 0.010868986094091315, 0.01598067099793582
2017-06-16, 0.062152237592671467, 0.02096069868995635, 0.10079472766039921, 0.2281427433651055, 0.11221092003831597, 0.008259153895567587, 0.0, 0.010868986094091315, 0.01598067099793582
2017-06-16, 0.062152237592671467, 0.02096069868995635, 0.10079472766039921, 0.2281427433651055, 0.11221092003831597, 0.008259153895567587, 0.0, 0.010868986094091315, 0.01598067099793582
2017-06-16, 0.062152237592671467, 0.02096069868995635, 0.10079472766039921, 0.2281427433651055, 0.11221092003831597, 0.008259153895567587, 0.0, 0.010868986094091315, 0.01598067099793582
2017-06-16, 0.062152237592671467, 0.02096069868995635, 0.10079472766039921, 0.2281427433651055, 0.11221092003831597, 0.008259153895567587, 0.0, 0.010868986094091315, 0.01598067099793582
2017-06-16, 0.062152237592671467, 0.02096069868995635, 0.10079472766039921, 0.2281427433651055, 0.11221092003831597, 0.008259153895567587, 0.0, 0.010868986094091315, 0.01598067099793582
2017-06-16, 0.062152237592671467, 0.02096069868995635, 0.10079472766039921, 0.2281427433651055, 0.11221092003831597, 0.008259153895567587, 0.0, 0.010868986094091315, 0.01598067099793582
2017-06-16, 0.062152237592671467, 0.02096069868995635, 0.10079472766039921, 0.2281427433651055, 0.11221092003831597, 0.008259153895567587, 0.0, 0.010868986094091315, 0.01598067099793582
2017-06-16, 0.0848395687296163, 0.12576419213973797, 0.03876720294630745, 0.05241117077306502, 0.4077909045294897, 0.011012205194090118, 0.0013724638012672426, 0.015344450956364216, 0.026253959496608862
2017-06-16, 0.0848395687296163, 0.12576419213973797, 0.03876720294630745, 0.05241117077306502, 0.4077909045294897, 0.011012205194090118, 0.0013724638012672426, 0.015344450956364216, 0.026253959496608862
2017-06-16, 0.0848395687296163, 0.12576419213973797, 0.03876720294630745, 0.05241117077306502, 0.4077909045294897, 0.011012205194090118, 0.0013724638012672426, 0.015344450956364216, 0.026253959496608862
2017-06-16, 0.0721415626953292, 0.06288209606986893, 0.06978096530335341, 0.11098836163707843, 0.2873694293664188, 0.011012205194090118, 0.00411739140380172, 0.012147690340455, 0.01883436224756722
2017-05-17, 0.07131908080245009, 0.0838427947598254, 0.1085481682496607, 0.17573157259204078, 0.1587373990785933, 0.016518307791135174, 0.002744927602534478, 0.009590281847727629, 0.014839194498083273
2017-05-17, 0.07131908080245009, 0.0838427947598254, 0.1085481682496607, 0.17573157259204078, 0.1587373990785933, 0.016518307791135174, 0.002744927602534478, 0.009590281847727629, 0.014839194498083273
2017-05-17, 0.07131908080245009, 0.0838427947598254, 0.1085481682496607, 0.17573157259204078, 0.1587373990785933, 0.016518307791135174, 0.002744927602534478, 0.009590281847727629, 0.014839194498083273
2017-05-17, 0.07131908080245009, 0.0838427947598254, 0.1085481682496607, 0.17573157259204078, 0.1587373990785933, 0.016518307791135174, 0.002744927602534478, 0.009590281847727629, 0.014839194498083273
2017-05-17, 0.07131908080245009, 0.0838427947598254, 0.1085481682496607, 0.17573157259204078, 0.1587373990785933, 0.016518307791135174, 0.002744927602534478, 0.009590281847727629, 0.014839194498083273
2017-05-17, 0.07131908080245009, 0.0838427947598254, 0.1085481682496607, 0.17573157259204078, 0.1587373990785933, 0.016518307791135174, 0.002744927602534478, 0.009590281847727629, 0.014839194498083273
2017-05-17, 0.07131908080245009, 0.0838427947598254, 0.1085481682496607, 0.17573157259204078, 0.1587373990785933, 0.016518307791135174, 0.002744927602534478, 0.009590281847727629, 0.014839194498083273
2017-05-17, 0.07131908080245009, 0.0838427947598254, 0.1085481682496607, 0.17573157259204078, 0.1587373990785933, 0.016518307791135174, 0.002744927602534478, 0.009590281847727629, 0.014839194498083273
2017-05-17, 0.07131908080245009, 0.0838427947598254, 0.1085481682496607, 0.17573157259204078, 0.1587373990785933, 0.016518307791135174, 0.002744927602534478, 0.009590281847727629, 0.014839194498083273
2017-05-17, 0.07131908080245009, 0.0838427947598254, 0.1085481682496607, 0.17573157259204078, 0.1587373990785933, 0.016518307791135174, 0.002744927602534478, 0.009590281847727629, 0.014839194498083273
2017-05-17, 0.07131908080245009, 0.0838427947598254, 0.1085481682496607, 0.17573157259204078, 0.1587373990785933, 0.016518307791135174, 0.002744927602534478, 0.009590281847727629, 0.014839194498083273
2017-05-17, 0.0658838167952739, 0.10480349344978163, 0.007753440589261491, 0.00924903013642327, 0.3448433152397026, 0.019271359089657707, 0.00411739140380172, 0.015344450956364216, 0.02168805349719862
2017-05-17, 0.0658838167952739, 0.10480349344978163, 0.007753440589261491, 0.00924903013642327, 0.3448433152397026, 0.019271359089657707, 0.00411739140380172, 0.015344450956364216, 0.02168805349719862
2017-05-17, 0.0658838167952739, 0.10480349344978163, 0.007753440589261491, 0.00924903013642327, 0.3448433152397026, 0.019271359089657707, 0.00411739140380172, 0.015344450956364216, 0.02168805349719862
2017-05-17, 0.06015345150385067, 0.02096069868995635, 0.08528784648187622, 0.1079053515916041, 0.22442184007663193, 0.013765256492612642, 0.002744927602534478, 0.009590281847727629, 0.0165514092478621
2017-04-17, 0.10415635491873643, 0.02096069868995635, 0.007753440589261491, 0.4285383963209412, 0.342106463531451, 0.011012205194090118, 0.0013724638012672426, 0.008950929724545786, 0.01255624149837815
2017-04-17, 0.0755834378454465, 0.0419213973799127, 0.09304128707113789, 0.28980294427459324, 0.1532636956620902, 0.008259153895567587, 0.0, 0.006393521231818429, 0.011985503248451872
2017-04-17, 0.0755834378454465, 0.0419213973799127, 0.09304128707113789, 0.28980294427459324, 0.1532636956620902, 0.008259153895567587, 0.0, 0.006393521231818429, 0.011985503248451872
2017-04-17, 0.0755834378454465, 0.0419213973799127, 0.09304128707113789, 0.28980294427459324, 0.1532636956620902, 0.008259153895567587, 0.0, 0.006393521231818429, 0.011985503248451872
2017-04-17, 0.0755834378454465, 0.0419213973799127, 0.09304128707113789, 0.28980294427459324, 0.1532636956620902, 0.008259153895567587, 0.0, 0.006393521231818429, 0.011985503248451872
2017-04-17, 0.0755834378454465, 0.0419213973799127, 0.09304128707113789, 0.28980294427459324, 0.1532636956620902, 0.008259153895567587, 0.0, 0.006393521231818429, 0.011985503248451872
2017-04-17, 0.0755834378454465, 0.0419213973799127, 0.09304128707113789, 0.28980294427459324, 0.1532636956620902, 0.008259153895567587, 0.0, 0.006393521231818429, 0.011985503248451872
2017-04-17, 0.0755834378454465, 0.0419213973799127, 0.09304128707113789, 0.28980294427459324, 0.1532636956620902, 0.008259153895567587, 0.0, 0.006393521231818429, 0.011985503248451872
2017-04-17, 0.0755834378454465, 0.0419213973799127, 0.09304128707113789, 0.28980294427459324, 0.1532636956620902, 0.008259153895567587, 0.0, 0.006393521231818429, 0.011985503248451872
2017-04-17, 0.0755834378454465, 0.0419213973799127, 0.09304128707113789, 0.28980294427459324, 0.1532636956620902, 0.008259153895567587, 0.0, 0.006393521231818429, 0.011985503248451872
2017-04-17, 0.0755834378454465, 0.0419213973799127, 0.09304128707113789, 0.28980294427459324, 0.1532636956620902, 0.008259153895567587, 0.0, 0.006393521231818429, 0.011985503248451872
2017-04-17, 0.11935678004538026, 0.06288209606986905, 0.015506881178522981, 0.4624515068211597, 0.3749486840304703, 0.013765256492612642, 0.0013724638012672426, 0.010229633970909473, 0.013697717998230712
2017-04-17, 0.11935678004538026, 0.06288209606986905, 0.015506881178522981, 0.4624515068211597, 0.3749486840304703, 0.013765256492612642, 0.0013724638012672426, 0.010229633970909473, 0.013697717998230712
2017-04-17, 0.07156911572474386, 0.02096069868995635, 0.031013762357045963, 0.26513886391079805, 0.22168498836838038, 0.011012205194090118, 0.0013724638012672426, 0.0076722254781821, 0.013697717998230712
2017-04-17, 0.095472134664539, 0.06288209606986905, 0.046520643535568944, 0.3637951853659789, 0.26273776399215437, 0.011012205194090118, 0.0013724638012672426, 0.005754169108636586, 0.00970255024874675
2017-03-18, 0.07981473906748807, 0.06288209606986905, 0.015506881178522981, 0.3267990648202861, 0.21621128495187705, 0.002753051298522524, 0.0027449276025344853, 0.0019180563695455287, 0.00970255024874675
2017-03-18, 0.07328900343715151, 0.0419213973799127, 0.10854816824966086, 0.2373917735015285, 0.18336906445285772, 0.002753051298522524, 0.0, 0.0031967606159092146, 0.009131811998820471
2017-03-18, 0.07328900343715151, 0.0419213973799127, 0.10854816824966086, 0.2373917735015285, 0.18336906445285772, 0.002753051298522524, 0.0, 0.0031967606159092146, 0.009131811998820471
2017-03-18, 0.07328900343715151, 0.0419213973799127, 0.10854816824966086, 0.2373917735015285, 0.18336906445285772, 0.002753051298522524, 0.0, 0.0031967606159092146, 0.009131811998820471
2017-03-18, 0.07328900343715151, 0.0419213973799127, 0.10854816824966086, 0.2373917735015285, 0.18336906445285772, 0.002753051298522524, 0.0, 0.0031967606159092146, 0.009131811998820471
2017-03-18, 0.07328900343715151, 0.0419213973799127, 0.10854816824966086, 0.2373917735015285, 0.18336906445285772, 0.002753051298522524, 0.0, 0.0031967606159092146, 0.009131811998820471
2017-03-18, 0.07328900343715151, 0.0419213973799127, 0.10854816824966086, 0.2373917735015285, 0.18336906445285772, 0.002753051298522524, 0.0, 0.0031967606159092146, 0.009131811998820471
2017-03-18, 0.07328900343715151, 0.0419213973799127, 0.10854816824966086, 0.2373917735015285, 0.18336906445285772, 0.002753051298522524, 0.0, 0.0031967606159092146, 0.009131811998820471
2017-03-18, 0.07328900343715151, 0.0419213973799127, 0.10854816824966086, 0.2373917735015285, 0.18336906445285772, 0.002753051298522524, 0.0, 0.0031967606159092146, 0.009131811998820471
2017-03-18, 0.07328900343715151, 0.0419213973799127, 0.10854816824966086, 0.2373917735015285, 0.18336906445285772, 0.002753051298522524, 0.0, 0.0031967606159092146, 0.009131811998820471
2017-03-18, 0.07328900343715151, 0.0419213973799127, 0.10854816824966086, 0.2373917735015285, 0.18336906445285772, 0.002753051298522524, 0.0, 0.0031967606159092146, 0.009131811998820471
2017-03-18, 0.1291830732534549, 0.12576419213973797, 0.007753440589261491, 0.5086966575032755, 0.36126442548921234, 0.0055061025970450555, 0.0027449276025344853, 0.005754169108636586, 0.01598067099793582
2017-03-18, 0.1291830732534549, 0.12576419213973797, 0.007753440589261491, 0.5086966575032755, 0.36126442548921234, 0.0055061025970450555, 0.0027449276025344853, 0.005754169108636586, 0.01598067099793582
2017-03-18, 0.07134408376866774, 0.0419213973799127, 0.046520643535568944, 0.28671993422911896, 0.1724216576198513, 0.002753051298522524, 0.0027449276025344853, 0.005114816985454743, 0.01255624149837815
2017-03-18, 0.12520863790243014, 0.12576419213973797, 0.023260321767784472, 0.45628548673021074, 0.36673812890571544, 0.0055061025970450555, 0.0027449276025344853, 0.0076722254781821, 0.013697717998230712
2017-02-16, 0.10874354550713068, 0.0419213973799127, 0.10079472766039937, 0.40695732600262047, 0.2928431327829221, 0.0055061025970450555, 0.004117391403801728, 0.006393521231818429, 0.011414764998525591
2017-02-16, 0.09123397426150874, 0.0, 0.11630160883892236, 0.39462528582072287, 0.1970533229941157, 0.008259153895567587, 0.0013724638012672426, 0.0025574084927273717, 0.00970255024874675
2017-02-16, 0.09123397426150874, 0.0, 0.11630160883892236, 0.39462528582072287, 0.1970533229941157, 0.008259153895567587, 0.0013724638012672426, 0.0025574084927273717, 0.00970255024874675
2017-02-16, 0.09123397426150874, 0.0, 0.11630160883892236, 0.39462528582072287, 0.1970533229941157, 0.008259153895567587, 0.0013724638012672426, 0.0025574084927273717, 0.00970255024874675
2017-02-16, 0.09123397426150874, 0.0, 0.11630160883892236, 0.39462528582072287, 0.1970533229941157, 0.008259153895567587, 0.0013724638012672426, 0.0025574084927273717, 0.00970255024874675
2017-02-16, 0.09123397426150874, 0.0, 0.11630160883892236, 0.39462528582072287, 0.1970533229941157, 0.008259153895567587, 0.0013724638012672426, 0.0025574084927273717, 0.00970255024874675
2017-02-16, 0.09123397426150874, 0.0, 0.11630160883892236, 0.39462528582072287, 0.1970533229941157, 0.008259153895567587, 0.0013724638012672426, 0.0025574084927273717, 0.00970255024874675
2017-02-16, 0.09123397426150874, 0.0, 0.11630160883892236, 0.39462528582072287, 0.1970533229941157, 0.008259153895567587, 0.0013724638012672426, 0.0025574084927273717, 0.00970255024874675
2017-02-16, 0.09123397426150874, 0.0, 0.11630160883892236, 0.39462528582072287, 0.1970533229941157, 0.008259153895567587, 0.0013724638012672426, 0.0025574084927273717, 0.00970255024874675
2017-02-16, 0.09123397426150874, 0.0, 0.11630160883892236, 0.39462528582072287, 0.1970533229941157, 0.008259153895567587, 0.0013724638012672426, 0.0025574084927273717, 0.00970255024874675
2017-02-16, 0.09123397426150874, 0.0, 0.11630160883892236, 0.39462528582072287, 0.1970533229941157, 0.008259153895567587, 0.0013724638012672426, 0.0025574084927273717, 0.00970255024874675
2017-02-16, 0.13115340603521106, 0.10480349344978163, 0.046520643535568944, 0.5086966575032756, 0.36126442548921234, 0.008259153895567587, 0.0013724638012672426, 0.005754169108636586, 0.01255624149837815
2017-02-16, 0.13115340603521106, 0.10480349344978163, 0.046520643535568944, 0.5086966575032756, 0.36126442548921234, 0.008259153895567587, 0.0013724638012672426, 0.005754169108636586, 0.01255624149837815
2017-02-16, 0.08339670057046907, 0.02096069868995635, 0.09304128707113789, 0.3329650849112349, 0.19431647128586416, 0.008259153895567587, 0.0027449276025344853, 0.005754169108636586, 0.009131811998820471
2017-02-16, 0.13672809429307414, 0.06288209606986905, 0.13956193060670666, 0.4747835470030572, 0.3804223874469737, 0.011012205194090111, 0.0013724638012672426, 0.008950929724545786, 0.014839194498083273
2017-01-17, 0.11877382403257136, 0.0419213973799127, 0.16282225237449113, 0.21889371322868226, 0.5008438626100443, 0.008259153895567587, 0.00411739140380172, 0.0019180563695455287, 0.011414764998525591
2017-01-17, 0.08740088670072811, 0.06288209606986905, 0.13956193060670682, 0.13256943195539903, 0.33936961182319947, 0.008259153895567587, 0.006862319006336205, 0.0, 0.00970255024874675
2017-01-17, 0.08740088670072811, 0.06288209606986905, 0.13956193060670682, 0.13256943195539903, 0.33936961182319947, 0.008259153895567587, 0.006862319006336205, 0.0, 0.00970255024874675
2017-01-17, 0.08740088670072811, 0.06288209606986905, 0.13956193060670682, 0.13256943195539903, 0.33936961182319947, 0.008259153895567587, 0.006862319006336205, 0.0, 0.00970255024874675
2017-01-17, 0.08740088670072811, 0.06288209606986905, 0.13956193060670682, 0.13256943195539903, 0.33936961182319947, 0.008259153895567587, 0.006862319006336205, 0.0, 0.00970255024874675
2017-01-17, 0.08740088670072811, 0.06288209606986905, 0.13956193060670682, 0.13256943195539903, 0.33936961182319947, 0.008259153895567587, 0.006862319006336205, 0.0, 0.00970255024874675
2017-01-17, 0.08740088670072811, 0.06288209606986905, 0.13956193060670682, 0.13256943195539903, 0.33936961182319947, 0.008259153895567587, 0.006862319006336205, 0.0, 0.00970255024874675
2017-01-17, 0.08740088670072811, 0.06288209606986905, 0.13956193060670682, 0.13256943195539903, 0.33936961182319947, 0.008259153895567587, 0.006862319006336205, 0.0, 0.00970255024874675
2017-01-17, 0.08740088670072811, 0.06288209606986905, 0.13956193060670682, 0.13256943195539903, 0.33936961182319947, 0.008259153895567587, 0.006862319006336205, 0.0, 0.00970255024874675
2017-01-17, 0.08740088670072811, 0.06288209606986905, 0.13956193060670682, 0.13256943195539903, 0.33936961182319947, 0.008259153895567587, 0.006862319006336205, 0.0, 0.00970255024874675
2017-01-17, 0.08740088670072811, 0.06288209606986905, 0.13956193060670682, 0.13256943195539903, 0.33936961182319947, 0.008259153895567587, 0.006862319006336205, 0.0, 0.00970255024874675
2017-01-17, 0.17704081291176668, 0.20960698689956325, 0.062027524714091925, 0.3637951853659789, 0.7471605163526889, 0.011012205194090118, 0.00411739140380172, 0.0031967606159092146, 0.015409932748009551
2017-01-17, 0.17704081291176668, 0.20960698689956325, 0.062027524714091925, 0.3637951853659789, 0.7471605163526889, 0.011012205194090118, 0.00411739140380172, 0.0031967606159092146, 0.015409932748009551
2017-01-17, 0.11139067827417626, 0.0, 0.16282225237449113, 0.2343087634560542, 0.4707384938192765, 0.0055061025970450555, 0.005489855205068963, 0.0025574084927273717, 0.00970255024874675
2017-01-17, 0.12382483278774671, 0.02096069868995635, 0.14731537119596833, 0.22505973331963092, 0.572002007024586, 0.008259153895567587, 0.008234782807603449, 0.0019180563695455287, 0.006848858999115362
2016-12-18, 0.10182048781540219, 0.23056768558951962, 0.08528784648187622, 0.015415050227371935, 0.4515805318615154, 0.011012205194090111, 0.008234782807603449, 0.0044754648622729, 0.007990335498967922
2016-12-18, 0.10182048781540219, 0.23056768558951962, 0.08528784648187622, 0.015415050227371935, 0.4515805318615154, 0.011012205194090111, 0.008234782807603449, 0.0044754648622729, 0.007990335498967922
2016-12-18, 0.10182048781540219, 0.23056768558951962, 0.08528784648187622, 0.015415050227371935, 0.4515805318615154, 0.011012205194090111, 0.008234782807603449, 0.0044754648622729, 0.007990335498967922
2016-12-18, 0.10182048781540219, 0.23056768558951962, 0.08528784648187622, 0.015415050227371935, 0.4515805318615154, 0.011012205194090111, 0.008234782807603449, 0.0044754648622729, 0.007990335498967922
2016-12-18, 0.10182048781540219, 0.23056768558951962, 0.08528784648187622, 0.015415050227371935, 0.4515805318615154, 0.011012205194090111, 0.008234782807603449, 0.0044754648622729, 0.007990335498967922
2016-12-18, 0.10182048781540219, 0.23056768558951962, 0.08528784648187622, 0.015415050227371935, 0.4515805318615154, 0.011012205194090111, 0.008234782807603449, 0.0044754648622729, 0.007990335498967922
2016-12-18, 0.10182048781540219, 0.23056768558951962, 0.08528784648187622, 0.015415050227371935, 0.4515805318615154, 0.011012205194090111, 0.008234782807603449, 0.0044754648622729, 0.007990335498967922
2016-12-18, 0.10182048781540219, 0.23056768558951962, 0.08528784648187622, 0.015415050227371935, 0.4515805318615154, 0.011012205194090111, 0.008234782807603449, 0.0044754648622729, 0.007990335498967922
2016-12-18, 0.10182048781540219, 0.23056768558951962, 0.08528784648187622, 0.015415050227371935, 0.4515805318615154, 0.011012205194090111, 0.008234782807603449, 0.0044754648622729, 0.007990335498967922
2016-12-18, 0.10182048781540219, 0.23056768558951962, 0.08528784648187622, 0.015415050227371935, 0.4515805318615154, 0.011012205194090111, 0.008234782807603449, 0.0044754648622729, 0.007990335498967922
2016-12-18, 0.10182048781540219, 0.23056768558951962, 0.08528784648187622, 0.015415050227371935, 0.4515805318615154, 0.011012205194090111, 0.008234782807603449, 0.0044754648622729, 0.007990335498967922
2016-12-18, 0.1286296685881118, 0.02096069868995635, 0.03876720294630728, 0.28055391413817027, 0.651370706563883, 0.013765256492612642, 0.006862319006336205, 0.0019180563695455287, 0.014839194498083273
2016-12-18, 0.1286296685881118, 0.02096069868995635, 0.03876720294630728, 0.28055391413817027, 0.651370706563883, 0.013765256492612642, 0.006862319006336205, 0.0019180563695455287, 0.014839194498083273
2016-12-18, 0.1286296685881118, 0.02096069868995635, 0.03876720294630728, 0.28055391413817027, 0.651370706563883, 0.013765256492612642, 0.006862319006336205, 0.0019180563695455287, 0.014839194498083273
2016-12-18, 0.12204540419129112, 0.20960698689956325, 0.10854816824966086, 0.12023739177350143, 0.509054417734799, 0.008259153895567587, 0.009607246608870692, 0.0019180563695455287, 0.009131811998820471
2016-11-18, 0.08002443004781334, 0.04192139737991247, 0.0232603217677843, 0.08940729131875755, 0.4597910869862703, 0.0027530512985225316, 0.01372463801267241, 0.0019180563695455287, 0.007419597249041642
2016-11-18, 0.08002443004781334, 0.04192139737991247, 0.0232603217677843, 0.08940729131875755, 0.4597910869862703, 0.0027530512985225316, 0.01372463801267241, 0.0019180563695455287, 0.007419597249041642
2016-11-18, 0.08002443004781334, 0.04192139737991247, 0.0232603217677843, 0.08940729131875755, 0.4597910869862703, 0.0027530512985225316, 0.01372463801267241, 0.0019180563695455287, 0.007419597249041642
2016-11-18, 0.08002443004781334, 0.04192139737991247, 0.0232603217677843, 0.08940729131875755, 0.4597910869862703, 0.0027530512985225316, 0.01372463801267241, 0.0019180563695455287, 0.007419597249041642
2016-11-18, 0.08002443004781334, 0.04192139737991247, 0.0232603217677843, 0.08940729131875755, 0.4597910869862703, 0.0027530512985225316, 0.01372463801267241, 0.0019180563695455287, 0.007419597249041642
2016-11-18, 0.08002443004781334, 0.04192139737991247, 0.0232603217677843, 0.08940729131875755, 0.4597910869862703, 0.0027530512985225316, 0.01372463801267241, 0.0019180563695455287, 0.007419597249041642
2016-11-18, 0.08002443004781334, 0.04192139737991247, 0.0232603217677843, 0.08940729131875755, 0.4597910869862703, 0.0027530512985225316, 0.01372463801267241, 0.0019180563695455287, 0.007419597249041642
2016-11-18, 0.08002443004781334, 0.04192139737991247, 0.0232603217677843, 0.08940729131875755, 0.4597910869862703, 0.0027530512985225316, 0.01372463801267241, 0.0019180563695455287, 0.007419597249041642
2016-11-18, 0.08002443004781334, 0.04192139737991247, 0.0232603217677843, 0.08940729131875755, 0.4597910869862703, 0.0027530512985225316, 0.01372463801267241, 0.0019180563695455287, 0.007419597249041642
2016-11-18, 0.08002443004781334, 0.04192139737991247, 0.0232603217677843, 0.08940729131875755, 0.4597910869862703, 0.0027530512985225316, 0.01372463801267241, 0.0019180563695455287, 0.007419597249041642
2016-11-18, 0.08002443004781334, 0.04192139737991247, 0.0232603217677843, 0.08940729131875755, 0.4597910869862703, 0.0027530512985225316, 0.01372463801267241, 0.0019180563695455287, 0.007419597249041642
2016-11-18, 0.14197840381316273, 0.1257641921397381, 0.023260321767784645, 0.271304884001747, 0.6869497787711536, 0.008259153895567587, 0.008234782807603449, 0.0006393521231818429, 0.011414764998525591
2016-11-18, 0.14197840381316273, 0.1257641921397381, 0.023260321767784645, 0.271304884001747, 0.6869497787711536, 0.008259153895567587, 0.008234782807603449, 0.0006393521231818429, 0.011414764998525591
2016-11-18, 0.14197840381316273, 0.1257641921397381, 0.023260321767784645, 0.271304884001747, 0.6869497787711536, 0.008259153895567587, 0.008234782807603449, 0.0006393521231818429, 0.011414764998525591
2016-11-18, 0.09980329881754171, 0.02096069868995635, 0.007753440589261319, 0.19114662281941272, 0.5528440450668247, 0.0027530512985225316, 0.012352174211405168, 0.0031967606159092146, 0.007419597249041642
2016-10-19, 0.1377657008094552, 0.37729257641921404, 0.1240550494281835, 0.11407137168255276, 0.4652647904027734, 0.0027530512985225316, 0.006862319006336205, 0.0038361127390910575, 0.00799033549896791
2016-10-19, 0.1377657008094552, 0.37729257641921404, 0.1240550494281835, 0.11407137168255276, 0.4652647904027734, 0.0027530512985225316, 0.006862319006336205, 0.0038361127390910575, 0.00799033549896791
2016-10-19, 0.1377657008094552, 0.37729257641921404, 0.1240550494281835, 0.11407137168255276, 0.4652647904027734, 0.0027530512985225316, 0.006862319006336205, 0.0038361127390910575, 0.00799033549896791
2016-10-19, 0.1377657008094552, 0.37729257641921404, 0.1240550494281835, 0.11407137168255276, 0.4652647904027734, 0.0027530512985225316, 0.006862319006336205, 0.0038361127390910575, 0.00799033549896791
2016-10-19, 0.1377657008094552, 0.37729257641921404, 0.1240550494281835, 0.11407137168255276, 0.4652647904027734, 0.0027530512985225316, 0.006862319006336205, 0.0038361127390910575, 0.00799033549896791
2016-10-19, 0.1377657008094552, 0.37729257641921404, 0.1240550494281835, 0.11407137168255276, 0.4652647904027734, 0.0027530512985225316, 0.006862319006336205, 0.0038361127390910575, 0.00799033549896791
2016-10-19, 0.1377657008094552, 0.37729257641921404, 0.1240550494281835, 0.11407137168255276, 0.4652647904027734, 0.0027530512985225316, 0.006862319006336205, 0.0038361127390910575, 0.00799033549896791
2016-10-19, 0.1377657008094552, 0.37729257641921404, 0.1240550494281835, 0.11407137168255276, 0.4652647904027734, 0.0027530512985225316, 0.006862319006336205, 0.0038361127390910575, 0.00799033549896791
2016-10-19, 0.1377657008094552, 0.37729257641921404, 0.1240550494281835, 0.11407137168255276, 0.4652647904027734, 0.0027530512985225316, 0.006862319006336205, 0.0038361127390910575, 0.00799033549896791
2016-10-19, 0.1377657008094552, 0.37729257641921404, 0.1240550494281835, 0.11407137168255276, 0.4652647904027734, 0.0027530512985225316, 0.006862319006336205, 0.0038361127390910575, 0.00799033549896791
2016-10-19, 0.1377657008094552, 0.37729257641921404, 0.1240550494281835, 0.11407137168255276, 0.4652647904027734, 0.0027530512985225316, 0.006862319006336205, 0.0038361127390910575, 0.00799033549896791
2016-10-19, 0.20049640024647108, 0.35633187772925773, 0.007753440589261662, 0.43470441641189017, 0.777265885143457, 0.005506102597045063, 0.006862319006336205, 0.0012787042463636858, 0.014268456248156992
2016-10-19, 0.20049640024647108, 0.35633187772925773, 0.007753440589261662, 0.43470441641189017, 0.777265885143457, 0.005506102597045063, 0.006862319006336205, 0.0012787042463636858, 0.014268456248156992
2016-10-19, 0.20049640024647108, 0.35633187772925773, 0.007753440589261662, 0.43470441641189017, 0.777265885143457, 0.005506102597045063, 0.006862319006336205, 0.0012787042463636858, 0.014268456248156992
2016-10-19, 0.16817713264032008, 0.46113537117903924, 0.06978096530335325, 0.19731264291036138, 0.5938968206905992, 0.0027530512985225316, 0.006862319006336205, 0.005114816985454743, 0.00856107374889419
2016-09-19, 0.154213544350165, 0.4401746724890831, 0.16282225237449113, 0.1541505022737199, 0.454317383569767, 0.002753051298522524, 0.008234782807603449, 0.0038361127390910575, 0.007419597249041629
2016-09-19, 0.154213544350165, 0.4401746724890831, 0.16282225237449113, 0.1541505022737199, 0.454317383569767, 0.002753051298522524, 0.008234782807603449, 0.0038361127390910575, 0.007419597249041629
2016-09-19, 0.154213544350165, 0.4401746724890831, 0.16282225237449113, 0.1541505022737199, 0.454317383569767, 0.002753051298522524, 0.008234782807603449, 0.0038361127390910575, 0.007419597249041629
2016-09-19, 0.154213544350165, 0.4401746724890831, 0.16282225237449113, 0.1541505022737199, 0.454317383569767, 0.002753051298522524, 0.008234782807603449, 0.0038361127390910575, 0.007419597249041629
2016-09-19, 0.154213544350165, 0.4401746724890831, 0.16282225237449113, 0.1541505022737199, 0.454317383569767, 0.002753051298522524, 0.008234782807603449, 0.0038361127390910575, 0.007419597249041629
2016-09-19, 0.154213544350165, 0.4401746724890831, 0.16282225237449113, 0.1541505022737199, 0.454317383569767, 0.002753051298522524, 0.008234782807603449, 0.0038361127390910575, 0.007419597249041629
2016-09-19, 0.154213544350165, 0.4401746724890831, 0.16282225237449113, 0.1541505022737199, 0.454317383569767, 0.002753051298522524, 0.008234782807603449, 0.0038361127390910575, 0.007419597249041629
2016-09-19, 0.154213544350165, 0.4401746724890831, 0.16282225237449113, 0.1541505022737199, 0.454317383569767, 0.002753051298522524, 0.008234782807603449, 0.0038361127390910575, 0.007419597249041629
2016-09-19, 0.154213544350165, 0.4401746724890831, 0.16282225237449113, 0.1541505022737199, 0.454317383569767, 0.002753051298522524, 0.008234782807603449, 0.0038361127390910575, 0.007419597249041629
2016-09-19, 0.154213544350165, 0.4401746724890831, 0.16282225237449113, 0.1541505022737199, 0.454317383569767, 0.002753051298522524, 0.008234782807603449, 0.0038361127390910575, 0.007419597249041629
2016-09-19, 0.154213544350165, 0.4401746724890831, 0.16282225237449113, 0.1541505022737199, 0.454317383569767, 0.002753051298522524, 0.008234782807603449, 0.0038361127390910575, 0.007419597249041629
2016-09-19, 0.22060907956188702, 0.20960698689956325, 0.24811009885636737, 0.3884592657297741, 0.8922136568900244, 0.008259153895567587, 0.0027449276025344853, 0.0006393521231818429, 0.014839194498083273
2016-09-19, 0.22060907956188702, 0.20960698689956325, 0.24811009885636737, 0.3884592657297741, 0.8922136568900244, 0.008259153895567587, 0.0027449276025344853, 0.0006393521231818429, 0.014839194498083273
2016-09-19, 0.22060907956188702, 0.20960698689956325, 0.24811009885636737, 0.3884592657297741, 0.8922136568900244, 0.008259153895567587, 0.0027449276025344853, 0.0006393521231818429, 0.014839194498083273
2016-09-19, 0.1677291327009696, 0.48209606986899556, 0.11630160883892218, 0.18806361277393838, 0.5309492314008121, 0.0055061025970450555, 0.006862319006336205, 0.0006393521231818429, 0.011414764998525591
2016-08-20, 0.1291499476577172, 0.35633187772925773, 0.20158945532079842, 0.12948642190992468, 0.3120010947406832, 0.0, 0.012352174211405177, 0.008311577601363957, 0.013126979748304431
2016-08-20, 0.1291499476577172, 0.35633187772925773, 0.20158945532079842, 0.12948642190992468, 0.3120010947406832, 0.0, 0.012352174211405177, 0.008311577601363957, 0.013126979748304431
2016-08-20, 0.1291499476577172, 0.35633187772925773, 0.20158945532079842, 0.12948642190992468, 0.3120010947406832, 0.0, 0.012352174211405177, 0.008311577601363957, 0.013126979748304431
2016-08-20, 0.1291499476577172, 0.35633187772925773, 0.20158945532079842, 0.12948642190992468, 0.3120010947406832, 0.0, 0.012352174211405177, 0.008311577601363957, 0.013126979748304431
2016-08-20, 0.1291499476577172, 0.35633187772925773, 0.20158945532079842, 0.12948642190992468, 0.3120010947406832, 0.0, 0.012352174211405177, 0.008311577601363957, 0.013126979748304431
2016-08-20, 0.1291499476577172, 0.35633187772925773, 0.20158945532079842, 0.12948642190992468, 0.3120010947406832, 0.0, 0.012352174211405177, 0.008311577601363957, 0.013126979748304431
2016-08-20, 0.1291499476577172, 0.35633187772925773, 0.20158945532079842, 0.12948642190992468, 0.3120010947406832, 0.0, 0.012352174211405177, 0.008311577601363957, 0.013126979748304431
2016-08-20, 0.1291499476577172, 0.35633187772925773, 0.20158945532079842, 0.12948642190992468, 0.3120010947406832, 0.0, 0.012352174211405177, 0.008311577601363957, 0.013126979748304431
2016-08-20, 0.1291499476577172, 0.35633187772925773, 0.20158945532079842, 0.12948642190992468, 0.3120010947406832, 0.0, 0.012352174211405177, 0.008311577601363957, 0.013126979748304431
2016-08-20, 0.1291499476577172, 0.35633187772925773, 0.20158945532079842, 0.12948642190992468, 0.3120010947406832, 0.0, 0.012352174211405177, 0.008311577601363957, 0.013126979748304431
2016-08-20, 0.1291499476577172, 0.35633187772925773, 0.20158945532079842, 0.12948642190992468, 0.3120010947406832, 0.0, 0.012352174211405177, 0.008311577601363957, 0.013126979748304431
2016-08-20, 0.1832873573423871, 0.2934497816593887, 0.22484977708858306, 0.3545461552295556, 0.5692651553163343, 0.008259153895567587, 0.008234782807603449, 0.0025574084927273717, 0.005136644249336509
2016-08-20, 0.1832873573423871, 0.2934497816593887, 0.22484977708858306, 0.3545461552295556, 0.5692651553163343, 0.008259153895567587, 0.008234782807603449, 0.0025574084927273717, 0.005136644249336509
2016-08-20, 0.1832873573423871, 0.2934497816593887, 0.22484977708858306, 0.3545461552295556, 0.5692651553163343, 0.008259153895567587, 0.008234782807603449, 0.0025574084927273717, 0.005136644249336509
2016-08-20, 0.16606371173019427, 0.4401746724890831, 0.18608257414227544, 0.27747090409269565, 0.3995803494047348, 0.0, 0.009607246608870692, 0.007032873355000272, 0.00856107374889419
2016-07-21, 0.1236760916585777, 0.5030567685589519, 0.13180849001744516, 0.15415050227372018, 0.17515850932810306, 0.002753051298522524, 0.008234782807603449, 0.005114816985454743, 0.009131811998820471
2016-07-21, 0.1236760916585777, 0.5030567685589519, 0.13180849001744516, 0.15415050227372018, 0.17515850932810306, 0.002753051298522524, 0.008234782807603449, 0.005114816985454743, 0.009131811998820471
2016-07-21, 0.1236760916585777, 0.5030567685589519, 0.13180849001744516, 0.15415050227372018, 0.17515850932810306, 0.002753051298522524, 0.008234782807603449, 0.005114816985454743, 0.009131811998820471
2016-07-21, 0.1236760916585777, 0.5030567685589519, 0.13180849001744516, 0.15415050227372018, 0.17515850932810306, 0.002753051298522524, 0.008234782807603449, 0.005114816985454743, 0.009131811998820471
2016-07-21, 0.1236760916585777, 0.5030567685589519, 0.13180849001744516, 0.15415050227372018, 0.17515850932810306, 0.002753051298522524, 0.008234782807603449, 0.005114816985454743, 0.009131811998820471
2016-07-21, 0.1236760916585777, 0.5030567685589519, 0.13180849001744516, 0.15415050227372018, 0.17515850932810306, 0.002753051298522524, 0.008234782807603449, 0.005114816985454743, 0.009131811998820471
2016-07-21, 0.1236760916585777, 0.5030567685589519, 0.13180849001744516, 0.15415050227372018, 0.17515850932810306, 0.002753051298522524, 0.008234782807603449, 0.005114816985454743, 0.009131811998820471
2016-07-21, 0.1236760916585777, 0.5030567685589519, 0.13180849001744516, 0.15415050227372018, 0.17515850932810306, 0.002753051298522524, 0.008234782807603449, 0.005114816985454743, 0.009131811998820471
2016-07-21, 0.1236760916585777, 0.5030567685589519, 0.13180849001744516, 0.15415050227372018, 0.17515850932810306, 0.002753051298522524, 0.008234782807603449, 0.005114816985454743, 0.009131811998820471
2016-07-21, 0.1236760916585777, 0.5030567685589519, 0.13180849001744516, 0.15415050227372018, 0.17515850932810306, 0.002753051298522524, 0.008234782807603449, 0.005114816985454743, 0.009131811998820471
2016-07-21, 0.1236760916585777, 0.5030567685589519, 0.13180849001744516, 0.15415050227372018, 0.17515850932810306, 0.002753051298522524, 0.008234782807603449, 0.005114816985454743, 0.009131811998820471
2016-07-21, 0.12246977098474922, 0.23056768558951984, 0.20934289591006008, 0.0339131105002182, 0.48715960406878606, 0.011012205194090111, 0.0, 0.0031967606159092146, 0.0045659059994102285
2016-07-21, 0.12246977098474922, 0.23056768558951984, 0.20934289591006008, 0.0339131105002182, 0.48715960406878606, 0.011012205194090111, 0.0, 0.0031967606159092146, 0.0045659059994102285
2016-07-21, 0.12246977098474922, 0.23056768558951984, 0.20934289591006008, 0.0339131105002182, 0.48715960406878606, 0.011012205194090111, 0.0, 0.0031967606159092146, 0.0045659059994102285
2016-07-21, 0.11835070691924214, 0.31441048034934477, 0.1783291335530141, 0.0, 0.426948866487251, 0.0055061025970450555, 0.006862319006336205, 0.0044754648622729, 0.01027328849867303
2016-06-21, 0.1197776339196275, 0.48209606986899556, 0.16282225237449113, 0.06474321095496234, 0.22442184007663193, 0.008259153895567587, 0.005489855205068963, 0.006393521231818415, 0.003995167749483949
2016-06-21, 0.11426119607500586, 0.5449781659388646, 0.1783291335530141, 0.0030830100454743324, 0.16147425078684485, 0.0055061025970450555, 0.005489855205068963, 0.008950929724545786, 0.006278120749189069
2016-06-21, 0.11426119607500586, 0.5449781659388646, 0.1783291335530141, 0.0030830100454743324, 0.16147425078684485, 0.0055061025970450555, 0.005489855205068963, 0.008950929724545786, 0.006278120749189069
2016-06-21, 0.11426119607500586, 0.5449781659388646, 0.1783291335530141, 0.0030830100454743324, 0.16147425078684485, 0.0055061025970450555, 0.005489855205068963, 0.008950929724545786, 0.006278120749189069
2016-06-21, 0.11426119607500586, 0.5449781659388646, 0.1783291335530141, 0.0030830100454743324, 0.16147425078684485, 0.0055061025970450555, 0.005489855205068963, 0.008950929724545786, 0.006278120749189069
2016-06-21, 0.11426119607500586, 0.5449781659388646, 0.1783291335530141, 0.0030830100454743324, 0.16147425078684485, 0.0055061025970450555, 0.005489855205068963, 0.008950929724545786, 0.006278120749189069
2016-06-21, 0.11426119607500586, 0.5449781659388646, 0.1783291335530141, 0.0030830100454743324, 0.16147425078684485, 0.0055061025970450555, 0.005489855205068963, 0.008950929724545786, 0.006278120749189069
2016-06-21, 0.11426119607500586, 0.5449781659388646, 0.1783291335530141, 0.0030830100454743324, 0.16147425078684485, 0.0055061025970450555, 0.005489855205068963, 0.008950929724545786, 0.006278120749189069
2016-06-21, 0.11426119607500586, 0.5449781659388646, 0.1783291335530141, 0.0030830100454743324, 0.16147425078684485, 0.0055061025970450555, 0.005489855205068963, 0.008950929724545786, 0.006278120749189069
2016-06-21, 0.11426119607500586, 0.5449781659388646, 0.1783291335530141, 0.0030830100454743324, 0.16147425078684485, 0.0055061025970450555, 0.005489855205068963, 0.008950929724545786, 0.006278120749189069
2016-06-21, 0.11426119607500586, 0.5449781659388646, 0.1783291335530141, 0.0030830100454743324, 0.16147425078684485, 0.0055061025970450555, 0.005489855205068963, 0.008950929724545786, 0.006278120749189069
2016-06-21, 0.156724036069839, 0.31441048034934477, 0.1395619306067065, 0.2836369241836446, 0.47621219723577984, 0.011012205194090111, 0.00411739140380172, 0.013426394586818687, 0.011414764998525591
2016-06-21, 0.156724036069839, 0.31441048034934477, 0.1395619306067065, 0.2836369241836446, 0.47621219723577984, 0.011012205194090111, 0.00411739140380172, 0.013426394586818687, 0.011414764998525591
2016-06-21, 0.1211673175556241, 0.46113537117903924, 0.23260321767784436, 0.0, 0.24631665374264483, 0.0, 0.006862319006336205, 0.012147690340455, 0.01027328849867303
2016-06-21, 0.11891374694808023, 0.35633187772925745, 0.20934289591006008, 0.1079053515916041, 0.24357980203439278, 0.0055061025970450555, 0.006862319006336205, 0.011508338217273158, 0.01027328849867303
2016-05-22, 0.09185968867655768, 0.10480349344978175, 0.18608257414227544, 0.16339953241014318, 0.25726406057565104, 0.005506102597045063, 0.006862319006336205, 0.006393521231818415, 0.0045659059994102285
2016-05-22, 0.09185968867655768, 0.10480349344978175, 0.18608257414227544, 0.16339953241014318, 0.25726406057565104, 0.005506102597045063, 0.006862319006336205, 0.006393521231818415, 0.0045659059994102285
2016-05-22, 0.09185968867655768, 0.10480349344978175, 0.18608257414227544, 0.16339953241014318, 0.25726406057565104, 0.005506102597045063, 0.006862319006336205, 0.006393521231818415, 0.0045659059994102285
2016-05-22, 0.09185968867655768, 0.10480349344978175, 0.18608257414227544, 0.16339953241014318, 0.25726406057565104, 0.005506102597045063, 0.006862319006336205, 0.006393521231818415, 0.0045659059994102285
2016-05-22, 0.09185968867655768, 0.10480349344978175, 0.18608257414227544, 0.16339953241014318, 0.25726406057565104, 0.005506102597045063, 0.006862319006336205, 0.006393521231818415, 0.0045659059994102285
2016-05-22, 0.09185968867655768, 0.10480349344978175, 0.18608257414227544, 0.16339953241014318, 0.25726406057565104, 0.005506102597045063, 0.006862319006336205, 0.006393521231818415, 0.0045659059994102285
2016-05-22, 0.09185968867655768, 0.10480349344978175, 0.18608257414227544, 0.16339953241014318, 0.25726406057565104, 0.005506102597045063, 0.006862319006336205, 0.006393521231818415, 0.0045659059994102285
2016-05-22, 0.09185968867655768, 0.10480349344978175, 0.18608257414227544, 0.16339953241014318, 0.25726406057565104, 0.005506102597045063, 0.006862319006336205, 0.006393521231818415, 0.0045659059994102285
2016-05-22, 0.09185968867655768, 0.10480349344978175, 0.18608257414227544, 0.16339953241014318, 0.25726406057565104, 0.005506102597045063, 0.006862319006336205, 0.006393521231818415, 0.0045659059994102285
2016-05-22, 0.09185968867655768, 0.10480349344978175, 0.18608257414227544, 0.16339953241014318, 0.25726406057565104, 0.005506102597045063, 0.006862319006336205, 0.006393521231818415, 0.0045659059994102285
2016-05-22, 0.09185968867655768, 0.10480349344978175, 0.18608257414227544, 0.16339953241014318, 0.25726406057565104, 0.005506102597045063, 0.006862319006336205, 0.006393521231818415, 0.0045659059994102285
2016-05-22, 0.10885836750823338, 0.10480349344978175, 0.17057569296375244, 0.16031652236466884, 0.38589609086347676, 0.008259153895567587, 0.005489855205068963, 0.017262507325909743, 0.018263623997640942
2016-05-22, 0.10885836750823338, 0.10480349344978175, 0.17057569296375244, 0.16031652236466884, 0.38589609086347676, 0.008259153895567587, 0.005489855205068963, 0.017262507325909743, 0.018263623997640942
2016-05-22, 0.10885836750823338, 0.10480349344978175, 0.17057569296375244, 0.16031652236466884, 0.38589609086347676, 0.008259153895567587, 0.005489855205068963, 0.017262507325909743, 0.018263623997640942
2016-05-22, 0.09354455601078633, 0.02096069868995635, 0.14731537119596816, 0.15106749222824556, 0.39136979427997987, 0.005506102597045063, 0.006862319006336205, 0.012147690340455, 0.013126979748304431
2016-04-22, 0.11250176098401392, 0.48209606986899556, 0.1783291335530141, 0.07707525113685995, 0.12315832687132217, 0.0055061025970450555, 0.006862319006336205, 0.012147690340455016, 0.014839194498083259
2016-04-22, 0.11250176098401392, 0.48209606986899556, 0.1783291335530141, 0.07707525113685995, 0.12315832687132217, 0.0055061025970450555, 0.006862319006336205, 0.012147690340455016, 0.014839194498083259
2016-04-22, 0.11250176098401392, 0.48209606986899556, 0.1783291335530141, 0.07707525113685995, 0.12315832687132217, 0.0055061025970450555, 0.006862319006336205, 0.012147690340455016, 0.014839194498083259
2016-04-22, 0.11250176098401392, 0.48209606986899556, 0.1783291335530141, 0.07707525113685995, 0.12315832687132217, 0.0055061025970450555, 0.006862319006336205, 0.012147690340455016, 0.014839194498083259
2016-04-22, 0.11250176098401392, 0.48209606986899556, 0.1783291335530141, 0.07707525113685995, 0.12315832687132217, 0.0055061025970450555, 0.006862319006336205, 0.012147690340455016, 0.014839194498083259
2016-04-22, 0.11250176098401392, 0.48209606986899556, 0.1783291335530141, 0.07707525113685995, 0.12315832687132217, 0.0055061025970450555, 0.006862319006336205, 0.012147690340455016, 0.014839194498083259
2016-04-22, 0.11250176098401392, 0.48209606986899556, 0.1783291335530141, 0.07707525113685995, 0.12315832687132217, 0.0055061025970450555, 0.006862319006336205, 0.012147690340455016, 0.014839194498083259
2016-04-22, 0.11250176098401392, 0.48209606986899556, 0.1783291335530141, 0.07707525113685995, 0.12315832687132217, 0.0055061025970450555, 0.006862319006336205, 0.012147690340455016, 0.014839194498083259
2016-04-22, 0.11250176098401392, 0.48209606986899556, 0.1783291335530141, 0.07707525113685995, 0.12315832687132217, 0.0055061025970450555, 0.006862319006336205, 0.012147690340455016, 0.014839194498083259
2016-04-22, 0.11250176098401392, 0.48209606986899556, 0.1783291335530141, 0.07707525113685995, 0.12315832687132217, 0.0055061025970450555, 0.006862319006336205, 0.012147690340455016, 0.014839194498083259
2016-04-22, 0.11250176098401392, 0.48209606986899556, 0.1783291335530141, 0.07707525113685995, 0.12315832687132217, 0.0055061025970450555, 0.006862319006336205, 0.012147690340455016, 0.014839194498083259
2016-04-22, 0.17058921437699753, 0.2934497816593889, 0.23260321767784436, 0.38537625568429973, 0.41600145965424434, 0.008259153895567587, 0.002744927602534478, 0.010868986094091329, 0.01540993274800954
2016-04-22, 0.17058921437699753, 0.2934497816593889, 0.23260321767784436, 0.38537625568429973, 0.41600145965424434, 0.008259153895567587, 0.002744927602534478, 0.010868986094091329, 0.01540993274800954
2016-04-22, 0.17058921437699753, 0.2934497816593889, 0.23260321767784436, 0.38537625568429973, 0.41600145965424434, 0.008259153895567587, 0.002744927602534478, 0.010868986094091329, 0.01540993274800954
2016-04-22, 0.10900334644904999, 0.3982532751091702, 0.1783291335530141, 0.07707525113685995, 0.18336906445285772, 0.008259153895567587, 0.002744927602534478, 0.010868986094091329, 0.013126979748304431
2016-03-23, 0.12799554482624148, 0.48209606986899556, 0.1705756929637528, 0.12640341186445037, 0.2216849883683799, 0.0, 0.0027449276025344853, 0.02045926794181896, 0.0
2016-03-23, 0.10788565189285579, 0.5030567685589519, 0.22484977708858306, 0.027747090409269537, 0.0793686995392964, 0.0, 0.0, 0.027492141296819216, 0.0005707382499262802
2016-03-23, 0.10788565189285579, 0.5030567685589519, 0.22484977708858306, 0.027747090409269537, 0.0793686995392964, 0.0, 0.0, 0.027492141296819216, 0.0005707382499262802
2016-03-23, 0.10788565189285579, 0.5030567685589519, 0.22484977708858306, 0.027747090409269537, 0.0793686995392964, 0.0, 0.0, 0.027492141296819216, 0.0005707382499262802
2016-03-23, 0.10788565189285579, 0.5030567685589519, 0.22484977708858306, 0.027747090409269537, 0.0793686995392964, 0.0, 0.0, 0.027492141296819216, 0.0005707382499262802
2016-03-23, 0.10788565189285579, 0.5030567685589519, 0.22484977708858306, 0.027747090409269537, 0.0793686995392964, 0.0, 0.0, 0.027492141296819216, 0.0005707382499262802
2016-03-23, 0.10788565189285579, 0.5030567685589519, 0.22484977708858306, 0.027747090409269537, 0.0793686995392964, 0.0, 0.0, 0.027492141296819216, 0.0005707382499262802
2016-03-23, 0.10788565189285579, 0.5030567685589519, 0.22484977708858306, 0.027747090409269537, 0.0793686995392964, 0.0, 0.0, 0.027492141296819216, 0.0005707382499262802
2016-03-23, 0.10788565189285579, 0.5030567685589519, 0.22484977708858306, 0.027747090409269537, 0.0793686995392964, 0.0, 0.0, 0.027492141296819216, 0.0005707382499262802
2016-03-23, 0.10788565189285579, 0.5030567685589519, 0.22484977708858306, 0.027747090409269537, 0.0793686995392964, 0.0, 0.0, 0.027492141296819216, 0.0005707382499262802
2016-03-23, 0.10788565189285579, 0.5030567685589519, 0.22484977708858306, 0.027747090409269537, 0.0793686995392964, 0.0, 0.0, 0.027492141296819216, 0.0005707382499262802
2016-03-23, 0.15609998595917532, 0.2934497816593889, 0.2636169800348907, 0.2343087634560542, 0.4214751630707474, 0.005506102597045063, 0.004117391403801728, 0.0166231552027279, 0.00970255024874675
2016-03-23, 0.15609998595917532, 0.2934497816593889, 0.2636169800348907, 0.2343087634560542, 0.4214751630707474, 0.005506102597045063, 0.004117391403801728, 0.0166231552027279, 0.00970255024874675
2016-03-23, 0.13440173746869685, 0.5659388646288209, 0.20934289591006008, 0.06166020090948802, 0.21347443324362525, 0.0, 0.0, 0.023656028557728172, 0.0011414764998525604
2016-03-23, 0.13081460619545726, 0.5030567685589519, 0.20934289591006008, 0.09249030136423189, 0.20800072982712217, 0.0027530512985225316, 0.0013724638012672426, 0.02493473280409186, 0.0045659059994102415
2016-02-22, 0.15405663456470192, 0.7336244541484715, 0.22484977708858306, 0.04316214063664148, 0.19705332299411596, 0.0027530512985225316, 0.0013724638012672426, 0.02621343705045553, 0.003424429499557681
2016-02-22, 0.15405663456470192, 0.7336244541484715, 0.22484977708858306, 0.04316214063664148, 0.19705332299411596, 0.0027530512985225316, 0.0013724638012672426, 0.02621343705045553, 0.003424429499557681
2016-02-22, 0.15405663456470192, 0.7336244541484715, 0.22484977708858306, 0.04316214063664148, 0.19705332299411596, 0.0027530512985225316, 0.0013724638012672426, 0.02621343705045553, 0.003424429499557681
2016-02-22, 0.15405663456470192, 0.7336244541484715, 0.22484977708858306, 0.04316214063664148, 0.19705332299411596, 0.0027530512985225316, 0.0013724638012672426, 0.02621343705045553, 0.003424429499557681
2016-02-22, 0.15405663456470192, 0.7336244541484715, 0.22484977708858306, 0.04316214063664148, 0.19705332299411596, 0.0027530512985225316, 0.0013724638012672426, 0.02621343705045553, 0.003424429499557681
2016-02-22, 0.15405663456470192, 0.7336244541484715, 0.22484977708858306, 0.04316214063664148, 0.19705332299411596, 0.0027530512985225316, 0.0013724638012672426, 0.02621343705045553, 0.003424429499557681
2016-02-22, 0.15405663456470192, 0.7336244541484715, 0.22484977708858306, 0.04316214063664148, 0.19705332299411596, 0.0027530512985225316, 0.0013724638012672426, 0.02621343705045553, 0.003424429499557681
2016-02-22, 0.15405663456470192, 0.7336244541484715, 0.22484977708858306, 0.04316214063664148, 0.19705332299411596, 0.0027530512985225316, 0.0013724638012672426, 0.02621343705045553, 0.003424429499557681
2016-02-22, 0.15405663456470192, 0.7336244541484715, 0.22484977708858306, 0.04316214063664148, 0.19705332299411596, 0.0027530512985225316, 0.0013724638012672426, 0.02621343705045553, 0.003424429499557681
2016-02-22, 0.15405663456470192, 0.7336244541484715, 0.22484977708858306, 0.04316214063664148, 0.19705332299411596, 0.0027530512985225316, 0.0013724638012672426, 0.02621343705045553, 0.003424429499557681
2016-02-22, 0.15405663456470192, 0.7336244541484715, 0.22484977708858306, 0.04316214063664148, 0.19705332299411596, 0.0027530512985225316, 0.0013724638012672426, 0.02621343705045553, 0.003424429499557681
2016-02-22, 0.17126293575193086, 0.5868995633187771, 0.13956193060670682, 0.22197672327415657, 0.3941066459882319, 0.008259153895567587, 0.0027449276025344853, 0.01598380307954606, 0.0005707382499262802
2016-02-22, 0.17126293575193086, 0.5868995633187771, 0.13956193060670682, 0.22197672327415657, 0.3941066459882319, 0.008259153895567587, 0.0027449276025344853, 0.01598380307954606, 0.0005707382499262802
2016-02-22, 0.17126293575193086, 0.5868995633187771, 0.13956193060670682, 0.22197672327415657, 0.3941066459882319, 0.008259153895567587, 0.0027449276025344853, 0.01598380307954606, 0.0005707382499262802
2016-02-22, 0.16591115483444038, 0.7336244541484715, 0.22484977708858306, 0.10482234154612949, 0.23536924690963862, 0.0027530512985225316, 0.0, 0.02301667643454633, 0.002853691249631401
2016-01-23, 0.14230687223884625, 0.6707423580786025, 0.31013762357045926, 0.11407137168255276, 0.021894813666012883, 0.005506102597045063, 0.0027449276025344853, 0.012787042463636858, 0.0005707382499262802
2016-01-23, 0.14230687223884625, 0.6707423580786025, 0.31013762357045926, 0.11407137168255276, 0.021894813666012883, 0.005506102597045063, 0.0027449276025344853, 0.012787042463636858, 0.0005707382499262802
2016-01-23, 0.14230687223884625, 0.6707423580786025, 0.31013762357045926, 0.11407137168255276, 0.021894813666012883, 0.005506102597045063, 0.0027449276025344853, 0.012787042463636858, 0.0005707382499262802
2016-01-23, 0.14230687223884625, 0.6707423580786025, 0.31013762357045926, 0.11407137168255276, 0.021894813666012883, 0.005506102597045063, 0.0027449276025344853, 0.012787042463636858, 0.0005707382499262802
2016-01-23, 0.14230687223884625, 0.6707423580786025, 0.31013762357045926, 0.11407137168255276, 0.021894813666012883, 0.005506102597045063, 0.0027449276025344853, 0.012787042463636858, 0.0005707382499262802
2016-01-23, 0.14230687223884625, 0.6707423580786025, 0.31013762357045926, 0.11407137168255276, 0.021894813666012883, 0.005506102597045063, 0.0027449276025344853, 0.012787042463636858, 0.0005707382499262802
2016-01-23, 0.14230687223884625, 0.6707423580786025, 0.31013762357045926, 0.11407137168255276, 0.021894813666012883, 0.005506102597045063, 0.0027449276025344853, 0.012787042463636858, 0.0005707382499262802
2016-01-23, 0.14230687223884625, 0.6707423580786025, 0.31013762357045926, 0.11407137168255276, 0.021894813666012883, 0.005506102597045063, 0.0027449276025344853, 0.012787042463636858, 0.0005707382499262802
2016-01-23, 0.14230687223884625, 0.6707423580786025, 0.31013762357045926, 0.11407137168255276, 0.021894813666012883, 0.005506102597045063, 0.0027449276025344853, 0.012787042463636858, 0.0005707382499262802
2016-01-23, 0.14230687223884625, 0.6707423580786025, 0.31013762357045926, 0.11407137168255276, 0.021894813666012883, 0.005506102597045063, 0.0027449276025344853, 0.012787042463636858, 0.0005707382499262802
2016-01-23, 0.14230687223884625, 0.6707423580786025, 0.31013762357045926, 0.11407137168255276, 0.021894813666012883, 0.005506102597045063, 0.0027449276025344853, 0.012787042463636858, 0.0005707382499262802
2016-01-23, 0.12459097620815641, 0.5449781659388644, 0.27912386121341365, 0.006166020090948665, 0.12042147516307086, 0.005506102597045063, 0.0027449276025344853, 0.022377324311364487, 0.015409932748009551
2016-01-23, 0.12459097620815641, 0.5449781659388644, 0.27912386121341365, 0.006166020090948665, 0.12042147516307086, 0.005506102597045063, 0.0027449276025344853, 0.022377324311364487, 0.015409932748009551
2016-01-23, 0.12459097620815641, 0.5449781659388644, 0.27912386121341365, 0.006166020090948665, 0.12042147516307086, 0.005506102597045063, 0.0027449276025344853, 0.022377324311364487, 0.015409932748009551
2016-01-23, 0.12634847075837924, 0.5868995633187771, 0.22484977708858306, 0.018498060272846267, 0.14505314053733528, 0.005506102597045063, 0.0013724638012672426, 0.0166231552027279, 0.011985503248451884
2015-12-24, 0.06549083515577929, 0.35633187772925773, 0.0, 0.0030830100454743324, 0.12589517857957372, 0.011012205194090118, 0.0, 0.017901859449091586, 0.009702550248746764
2015-12-24, 0.10372715606138518, 0.4820960698689958, 0.046520643535568944, 0.22197672327415657, 0.049263330748529115, 0.008259153895567587, 0.005489855205068971, 0.012787042463636858, 0.003424429499557681
2015-12-24, 0.10372715606138518, 0.4820960698689958, 0.046520643535568944, 0.22197672327415657, 0.049263330748529115, 0.008259153895567587, 0.005489855205068971, 0.012787042463636858, 0.003424429499557681
2015-12-24, 0.10372715606138518, 0.4820960698689958, 0.046520643535568944, 0.22197672327415657, 0.049263330748529115, 0.008259153895567587, 0.005489855205068971, 0.012787042463636858, 0.003424429499557681
2015-12-24, 0.10372715606138518, 0.4820960698689958, 0.046520643535568944, 0.22197672327415657, 0.049263330748529115, 0.008259153895567587, 0.005489855205068971, 0.012787042463636858, 0.003424429499557681
2015-12-24, 0.10372715606138518, 0.4820960698689958, 0.046520643535568944, 0.22197672327415657, 0.049263330748529115, 0.008259153895567587, 0.005489855205068971, 0.012787042463636858, 0.003424429499557681
2015-12-24, 0.10372715606138518, 0.4820960698689958, 0.046520643535568944, 0.22197672327415657, 0.049263330748529115, 0.008259153895567587, 0.005489855205068971, 0.012787042463636858, 0.003424429499557681
2015-12-24, 0.10372715606138518, 0.4820960698689958, 0.046520643535568944, 0.22197672327415657, 0.049263330748529115, 0.008259153895567587, 0.005489855205068971, 0.012787042463636858, 0.003424429499557681
2015-12-24, 0.10372715606138518, 0.4820960698689958, 0.046520643535568944, 0.22197672327415657, 0.049263330748529115, 0.008259153895567587, 0.005489855205068971, 0.012787042463636858, 0.003424429499557681
2015-12-24, 0.10372715606138518, 0.4820960698689958, 0.046520643535568944, 0.22197672327415657, 0.049263330748529115, 0.008259153895567587, 0.005489855205068971, 0.012787042463636858, 0.003424429499557681
2015-12-24, 0.10372715606138518, 0.4820960698689958, 0.046520643535568944, 0.22197672327415657, 0.049263330748529115, 0.008259153895567587, 0.005489855205068971, 0.012787042463636858, 0.003424429499557681
2015-12-24, 0.06549083515577929, 0.35633187772925773, 0.0, 0.0030830100454743324, 0.12589517857957372, 0.011012205194090118, 0.0, 0.017901859449091586, 0.009702550248746764
2015-12-24, 0.06549083515577929, 0.35633187772925773, 0.0, 0.0030830100454743324, 0.12589517857957372, 0.011012205194090118, 0.0, 0.017901859449091586, 0.009702550248746764
2015-12-24, 0.08052711908316153, 0.4192139737991267, 0.015506881178522981, 0.027747090409269537, 0.15052684395383814, 0.011012205194090118, 0.0013724638012672426, 0.01598380307954606, 0.002853691249631401
2015-12-24, 0.09638195666594508, 0.3982532751091704, 0.054274084124830264, 0.052411170773064744, 0.22989554349313504, 0.011012205194090118, 0.0013724638012672426, 0.014705098833182387, 0.009131811998820483
2015-11-24, 0.06410696848659503, 0.23056768558951962, 0.0232603217677843, 0.12332040181897576, 0.08757925466405153, 0.013765256492612642, 0.0, 0.022377324311364487, 0.011985503248451884
2015-11-24, 0.08573848396167429, 0.33537117903930136, 0.007753440589261319, 0.2743878940472213, 0.04105277562377422, 0.011012205194090111, 0.0027449276025344853, 0.009590281847727644, 0.003995167749483949
2015-11-24, 0.08573848396167429, 0.33537117903930136, 0.007753440589261319, 0.2743878940472213, 0.04105277562377422, 0.011012205194090111, 0.0027449276025344853, 0.009590281847727644, 0.003995167749483949
2015-11-24, 0.08573848396167429, 0.33537117903930136, 0.007753440589261319, 0.2743878940472213, 0.04105277562377422, 0.011012205194090111, 0.0027449276025344853, 0.009590281847727644, 0.003995167749483949
2015-11-24, 0.08573848396167429, 0.33537117903930136, 0.007753440589261319, 0.2743878940472213, 0.04105277562377422, 0.011012205194090111, 0.0027449276025344853, 0.009590281847727644, 0.003995167749483949
2015-11-24, 0.08573848396167429, 0.33537117903930136, 0.007753440589261319, 0.2743878940472213, 0.04105277562377422, 0.011012205194090111, 0.0027449276025344853, 0.009590281847727644, 0.003995167749483949
2015-11-24, 0.08573848396167429, 0.33537117903930136, 0.007753440589261319, 0.2743878940472213, 0.04105277562377422, 0.011012205194090111, 0.0027449276025344853, 0.009590281847727644, 0.003995167749483949
2015-11-24, 0.08573848396167429, 0.33537117903930136, 0.007753440589261319, 0.2743878940472213, 0.04105277562377422, 0.011012205194090111, 0.0027449276025344853, 0.009590281847727644, 0.003995167749483949
2015-11-24, 0.08573848396167429, 0.33537117903930136, 0.007753440589261319, 0.2743878940472213, 0.04105277562377422, 0.011012205194090111, 0.0027449276025344853, 0.009590281847727644, 0.003995167749483949
2015-11-24, 0.08573848396167429, 0.33537117903930136, 0.007753440589261319, 0.2743878940472213, 0.04105277562377422, 0.011012205194090111, 0.0027449276025344853, 0.009590281847727644, 0.003995167749483949
2015-11-24, 0.08573848396167429, 0.33537117903930136, 0.007753440589261319, 0.2743878940472213, 0.04105277562377422, 0.011012205194090111, 0.0027449276025344853, 0.009590281847727644, 0.003995167749483949
2015-11-24, 0.06410696848659503, 0.23056768558951962, 0.0232603217677843, 0.12332040181897576, 0.08757925466405153, 0.013765256492612642, 0.0, 0.022377324311364487, 0.011985503248451884
2015-11-24, 0.06410696848659503, 0.23056768558951962, 0.0232603217677843, 0.12332040181897576, 0.08757925466405153, 0.013765256492612642, 0.0, 0.022377324311364487, 0.011985503248451884
2015-11-24, 0.074939802032947, 0.2934497816593887, 0.031013762357045963, 0.10173933150065488, 0.13957943712083196, 0.011012205194090111, 0.0027449276025344853, 0.01598380307954606, 0.003995167749483961
2015-11-24, 0.05953595254163193, 0.2724890829694323, 0.0232603217677843, 0.027747090409269537, 0.11494777174656752, 0.011012205194090111, 0.0013724638012672426, 0.019180563695455274, 0.006278120749189082
2015-10-25, 0.07619180046088042, 0.33537117903930136, 0.11630160883892218, 0.1171543817280271, 0.0027368517082515496, 0.013765256492612642, 0.0013724638012672426, 0.01598380307954606, 0.006848858999115362
2015-10-25, 0.0854710480264238, 0.3982532751091704, 0.0, 0.14798448218277097, 0.10400036491356109, 0.011012205194090118, 0.0027449276025344853, 0.014065746710000543, 0.005707382499262802
2015-10-25, 0.0854710480264238, 0.3982532751091704, 0.0, 0.14798448218277097, 0.10400036491356109, 0.011012205194090118, 0.0027449276025344853, 0.014065746710000543, 0.005707382499262802
2015-10-25, 0.0854710480264238, 0.3982532751091704, 0.0, 0.14798448218277097, 0.10400036491356109, 0.011012205194090118, 0.0027449276025344853, 0.014065746710000543, 0.005707382499262802
2015-10-25, 0.0854710480264238, 0.3982532751091704, 0.0, 0.14798448218277097, 0.10400036491356109, 0.011012205194090118, 0.0027449276025344853, 0.014065746710000543, 0.005707382499262802
2015-10-25, 0.0854710480264238, 0.3982532751091704, 0.0, 0.14798448218277097, 0.10400036491356109, 0.011012205194090118, 0.0027449276025344853, 0.014065746710000543, 0.005707382499262802
2015-10-25, 0.0854710480264238, 0.3982532751091704, 0.0, 0.14798448218277097, 0.10400036491356109, 0.011012205194090118, 0.0027449276025344853, 0.014065746710000543, 0.005707382499262802
2015-10-25, 0.0854710480264238, 0.3982532751091704, 0.0, 0.14798448218277097, 0.10400036491356109, 0.011012205194090118, 0.0027449276025344853, 0.014065746710000543, 0.005707382499262802
2015-10-25, 0.0854710480264238, 0.3982532751091704, 0.0, 0.14798448218277097, 0.10400036491356109, 0.011012205194090118, 0.0027449276025344853, 0.014065746710000543, 0.005707382499262802
2015-10-25, 0.0854710480264238, 0.3982532751091704, 0.0, 0.14798448218277097, 0.10400036491356109, 0.011012205194090118, 0.0027449276025344853, 0.014065746710000543, 0.005707382499262802
2015-10-25, 0.0854710480264238, 0.3982532751091704, 0.0, 0.14798448218277097, 0.10400036491356109, 0.011012205194090118, 0.0027449276025344853, 0.014065746710000543, 0.005707382499262802
2015-10-25, 0.09542408425108606, 0.2724890829694323, 0.0775344058926149, 0.04007913059116714, 0.3174747981571866, 0.016518307791135174, 0.0013724638012672426, 0.023656028557728172, 0.014268456248156992
2015-10-25, 0.09542408425108606, 0.2724890829694323, 0.0775344058926149, 0.04007913059116714, 0.3174747981571866, 0.016518307791135174, 0.0013724638012672426, 0.023656028557728172, 0.014268456248156992
2015-10-25, 0.05040880448733484, 0.23056768558951984, 0.03876720294630762, 0.08015826118233428, 0.01642111024950954, 0.013765256492612642, 0.0027449276025344853, 0.0134263945868187, 0.007419597249041642
2015-10-25, 0.09542408425108606, 0.2724890829694323, 0.0775344058926149, 0.04007913059116714, 0.3174747981571866, 0.016518307791135174, 0.0013724638012672426, 0.023656028557728172, 0.014268456248156992
2015-09-25, 0.10182982098315745, 0.37729257641921404, 0.16282225237449113, 0.033913110500218474, 0.18610591616110927, 0.019271359089657707, 0.002744927602534478, 0.010229633970909473, 0.0222587917471249
2015-09-25, 0.13728129940481287, 0.48209606986899534, 0.24035665826710603, 0.28055391413817027, 0.04652647904027732, 0.01651830779113518, 0.00411739140380172, 0.006393521231818415, 0.02168805349719862
2015-09-25, 0.13728129940481287, 0.48209606986899534, 0.24035665826710603, 0.28055391413817027, 0.04652647904027732, 0.01651830779113518, 0.00411739140380172, 0.006393521231818415, 0.02168805349719862
2015-09-25, 0.13728129940481287, 0.48209606986899534, 0.24035665826710603, 0.28055391413817027, 0.04652647904027732, 0.01651830779113518, 0.00411739140380172, 0.006393521231818415, 0.02168805349719862
2015-09-25, 0.13728129940481287, 0.48209606986899534, 0.24035665826710603, 0.28055391413817027, 0.04652647904027732, 0.01651830779113518, 0.00411739140380172, 0.006393521231818415, 0.02168805349719862
2015-09-25, 0.13728129940481287, 0.48209606986899534, 0.24035665826710603, 0.28055391413817027, 0.04652647904027732, 0.01651830779113518, 0.00411739140380172, 0.006393521231818415, 0.02168805349719862
2015-09-25, 0.13728129940481287, 0.48209606986899534, 0.24035665826710603, 0.28055391413817027, 0.04652647904027732, 0.01651830779113518, 0.00411739140380172, 0.006393521231818415, 0.02168805349719862
2015-09-25, 0.13728129940481287, 0.48209606986899534, 0.24035665826710603, 0.28055391413817027, 0.04652647904027732, 0.01651830779113518, 0.00411739140380172, 0.006393521231818415, 0.02168805349719862
2015-09-25, 0.13728129940481287, 0.48209606986899534, 0.24035665826710603, 0.28055391413817027, 0.04652647904027732, 0.01651830779113518, 0.00411739140380172, 0.006393521231818415, 0.02168805349719862
2015-09-25, 0.13728129940481287, 0.48209606986899534, 0.24035665826710603, 0.28055391413817027, 0.04652647904027732, 0.01651830779113518, 0.00411739140380172, 0.006393521231818415, 0.02168805349719862
2015-09-25, 0.13728129940481287, 0.48209606986899534, 0.24035665826710603, 0.28055391413817027, 0.04652647904027732, 0.01651830779113518, 0.00411739140380172, 0.006393521231818415, 0.02168805349719862
2015-09-25, 0.09251068464358574, 0.2724890829694323, 0.28687730180267496, 0.018498060272846267, 0.10673721662181239, 0.019271359089657707, 0.001372463801267235, 0.010868986094091315, 0.023971006496903743
2015-09-25, 0.09251068464358574, 0.2724890829694323, 0.28687730180267496, 0.018498060272846267, 0.10673721662181239, 0.019271359089657707, 0.001372463801267235, 0.010868986094091315, 0.023971006496903743
2015-09-25, 0.099182437232673, 0.2934497816593887, 0.2946307423919363, 0.027747090409269537, 0.12863203028782527, 0.019271359089657707, 0.001372463801267235, 0.008950929724545786, 0.0194051004974935
2015-09-25, 0.08414323744694997, 0.25152838427947594, 0.22484977708858306, 0.1171543817280271, 0.024631665374264432, 0.019271359089657707, 0.001372463801267235, 0.011508338217273158, 0.022829529997051182
2015-08-26, 0.06701974489724734, 0.12576419213973786, 0.06978096530335359, 0.2774709040926959, 0.008210555124754892, 0.02202441038818023, 0.004117391403801728, 0.0076722254781821, 0.021117315247272343
2015-08-26, 0.09779682130811346, 0.314410480349345, 0.031013762357045963, 0.20964468309225898, 0.18063221274460617, 0.019271359089657696, 0.0027449276025344853, 0.006393521231818415, 0.018263623997640942
2015-08-26, 0.09779682130811346, 0.314410480349345, 0.031013762357045963, 0.20964468309225898, 0.18063221274460617, 0.019271359089657696, 0.0027449276025344853, 0.006393521231818415, 0.018263623997640942
2015-08-26, 0.09779682130811346, 0.314410480349345, 0.031013762357045963, 0.20964468309225898, 0.18063221274460617, 0.019271359089657696, 0.0027449276025344853, 0.006393521231818415, 0.018263623997640942
2015-08-26, 0.09779682130811346, 0.314410480349345, 0.031013762357045963, 0.20964468309225898, 0.18063221274460617, 0.019271359089657696, 0.0027449276025344853, 0.006393521231818415, 0.018263623997640942
2015-08-26, 0.09779682130811346, 0.314410480349345, 0.031013762357045963, 0.20964468309225898, 0.18063221274460617, 0.019271359089657696, 0.0027449276025344853, 0.006393521231818415, 0.018263623997640942
2015-08-26, 0.09779682130811346, 0.314410480349345, 0.031013762357045963, 0.20964468309225898, 0.18063221274460617, 0.019271359089657696, 0.0027449276025344853, 0.006393521231818415, 0.018263623997640942
2015-08-26, 0.09779682130811346, 0.314410480349345, 0.031013762357045963, 0.20964468309225898, 0.18063221274460617, 0.019271359089657696, 0.0027449276025344853, 0.006393521231818415, 0.018263623997640942
2015-08-26, 0.09779682130811346, 0.314410480349345, 0.031013762357045963, 0.20964468309225898, 0.18063221274460617, 0.019271359089657696, 0.0027449276025344853, 0.006393521231818415, 0.018263623997640942
2015-08-26, 0.09779682130811346, 0.314410480349345, 0.031013762357045963, 0.20964468309225898, 0.18063221274460617, 0.019271359089657696, 0.0027449276025344853, 0.006393521231818415, 0.018263623997640942
2015-08-26, 0.09779682130811346, 0.314410480349345, 0.031013762357045963, 0.20964468309225898, 0.18063221274460617, 0.019271359089657696, 0.0027449276025344853, 0.006393521231818415, 0.018263623997640942
2015-08-26, 0.06682911075840899, 0.10480349344978152, 0.015506881178522981, 0.3514631451840813, 0.010947406833006441, 0.02202441038818023, 0.0013724638012672426, 0.005114816985454729, 0.02340026824697746
2015-08-26, 0.06682911075840899, 0.10480349344978152, 0.015506881178522981, 0.3514631451840813, 0.010947406833006441, 0.02202441038818023, 0.0013724638012672426, 0.005114816985454729, 0.02340026824697746
2015-08-26, 0.06244210656675764, 0.08384279475982516, 0.054274084124830604, 0.2836369241836446, 0.030105368790767778, 0.019271359089657696, 0.0027449276025344853, 0.005114816985454729, 0.02054657699734606
2015-08-26, 0.08904472023422831, 0.1886462882096069, 0.031013762357045963, 0.3576291652750302, 0.08210555124754844, 0.02202441038818023, 0.0013724638012672426, 0.009590281847727629, 0.01997583874741978
2015-07-27, 0.10168018457988971, 0.02096069868995635, 0.10079472766039956, 0.19422963286488704, 0.4597910869862703, 0.022024410388180236, 0.001372463801267235, 0.0, 0.014268456248156992
2015-07-27, 0.11027113456348381, 0.1257641921397381, 0.0775344058926149, 0.22197672327415657, 0.426948866487251, 0.01651830779113518, 0.001372463801267235, 0.0006393521231818429, 0.011414764998525591
2015-07-27, 0.11027113456348381, 0.1257641921397381, 0.0775344058926149, 0.22197672327415657, 0.426948866487251, 0.01651830779113518, 0.001372463801267235, 0.0006393521231818429, 0.011414764998525591
2015-07-27, 0.11027113456348381, 0.1257641921397381, 0.0775344058926149, 0.22197672327415657, 0.426948866487251, 0.01651830779113518, 0.001372463801267235, 0.0006393521231818429, 0.011414764998525591
2015-07-27, 0.11027113456348381, 0.1257641921397381, 0.0775344058926149, 0.22197672327415657, 0.426948866487251, 0.01651830779113518, 0.001372463801267235, 0.0006393521231818429, 0.011414764998525591
2015-07-27, 0.11027113456348381, 0.1257641921397381, 0.0775344058926149, 0.22197672327415657, 0.426948866487251, 0.01651830779113518, 0.001372463801267235, 0.0006393521231818429, 0.011414764998525591
2015-07-27, 0.11027113456348381, 0.1257641921397381, 0.0775344058926149, 0.22197672327415657, 0.426948866487251, 0.01651830779113518, 0.001372463801267235, 0.0006393521231818429, 0.011414764998525591
2015-07-27, 0.11027113456348381, 0.1257641921397381, 0.0775344058926149, 0.22197672327415657, 0.426948866487251, 0.01651830779113518, 0.001372463801267235, 0.0006393521231818429, 0.011414764998525591
2015-07-27, 0.11027113456348381, 0.1257641921397381, 0.0775344058926149, 0.22197672327415657, 0.426948866487251, 0.01651830779113518, 0.001372463801267235, 0.0006393521231818429, 0.011414764998525591
2015-07-27, 0.11027113456348381, 0.1257641921397381, 0.0775344058926149, 0.22197672327415657, 0.426948866487251, 0.01651830779113518, 0.001372463801267235, 0.0006393521231818429, 0.011414764998525591
2015-07-27, 0.11027113456348381, 0.1257641921397381, 0.0775344058926149, 0.22197672327415657, 0.426948866487251, 0.01651830779113518, 0.001372463801267235, 0.0006393521231818429, 0.011414764998525591
2015-07-27, 0.13278561218356347, 0.0419213973799127, 0.10079472766039956, 0.25280682372890073, 0.6212653377731152, 0.022024410388180236, 0.001372463801267235, 0.003836112739091043, 0.018263623997640942
2015-07-27, 0.13278561218356347, 0.0419213973799127, 0.10079472766039956, 0.25280682372890073, 0.6212653377731152, 0.022024410388180236, 0.001372463801267235, 0.003836112739091043, 0.018263623997640942
2015-07-27, 0.1081134298970502, 0.0, 0.12405504942818385, 0.20347866300131032, 0.4953701591935412, 0.022024410388180236, 0.001372463801267235, 0.0031967606159092003, 0.01540993274800954
2015-07-27, 0.13278561218356347, 0.0419213973799127, 0.10079472766039956, 0.25280682372890073, 0.6212653377731152, 0.022024410388180236, 0.001372463801267235, 0.003836112739091043, 0.018263623997640942
2015-06-27, 0.13331024661485177, 0.02096069868995635, 0.10079472766039921, 0.3391311050021837, 0.5692651553163345, 0.01376525649261265, 0.004117391403801728, 0.007032873355000258, 0.011414764998525591
2015-06-27, 0.09399467708837851, 0.06288209606986905, 0.15506881178522963, 0.1788145826375151, 0.3256853532819415, 0.01376525649261265, 0.005489855205068971, 0.005114816985454729, 0.005136644249336521
2015-06-27, 0.09399467708837851, 0.06288209606986905, 0.15506881178522963, 0.1788145826375151, 0.3256853532819415, 0.01376525649261265, 0.005489855205068971, 0.005114816985454729, 0.005136644249336521
2015-06-27, 0.09399467708837851, 0.06288209606986905, 0.15506881178522963, 0.1788145826375151, 0.3256853532819415, 0.01376525649261265, 0.005489855205068971, 0.005114816985454729, 0.005136644249336521
2015-06-27, 0.09399467708837851, 0.06288209606986905, 0.15506881178522963, 0.1788145826375151, 0.3256853532819415, 0.01376525649261265, 0.005489855205068971, 0.005114816985454729, 0.005136644249336521
2015-06-27, 0.09399467708837851, 0.06288209606986905, 0.15506881178522963, 0.1788145826375151, 0.3256853532819415, 0.01376525649261265, 0.005489855205068971, 0.005114816985454729, 0.005136644249336521
2015-06-27, 0.09399467708837851, 0.06288209606986905, 0.15506881178522963, 0.1788145826375151, 0.3256853532819415, 0.01376525649261265, 0.005489855205068971, 0.005114816985454729, 0.005136644249336521
2015-06-27, 0.09399467708837851, 0.06288209606986905, 0.15506881178522963, 0.1788145826375151, 0.3256853532819415, 0.01376525649261265, 0.005489855205068971, 0.005114816985454729, 0.005136644249336521
2015-06-27, 0.09399467708837851, 0.06288209606986905, 0.15506881178522963, 0.1788145826375151, 0.3256853532819415, 0.01376525649261265, 0.005489855205068971, 0.005114816985454729, 0.005136644249336521
2015-06-27, 0.09399467708837851, 0.06288209606986905, 0.15506881178522963, 0.1788145826375151, 0.3256853532819415, 0.01376525649261265, 0.005489855205068971, 0.005114816985454729, 0.005136644249336521
2015-06-27, 0.09399467708837851, 0.06288209606986905, 0.15506881178522963, 0.1788145826375151, 0.3256853532819415, 0.01376525649261265, 0.005489855205068971, 0.005114816985454729, 0.005136644249336521
2015-06-27, 0.14200195853885658, 0.12576419213973786, 0.11630160883892218, 0.3514631451840813, 0.5063175660265474, 0.019271359089657714, 0.0013724638012672426, 0.006393521231818415, 0.009131811998820471
2015-06-27, 0.14200195853885658, 0.12576419213973786, 0.11630160883892218, 0.3514631451840813, 0.5063175660265474, 0.019271359089657714, 0.0013724638012672426, 0.006393521231818415, 0.009131811998820471
2015-06-27, 0.10292150120817518, 0.0419213973799127, 0.10079472766039921, 0.2466408036379518, 0.4077909045294897, 0.01651830779113518, 0.0013724638012672426, 0.0031967606159092003, 0.005136644249336521
2015-06-27, 0.10963922090766617, 0.06288209606986905, 0.14731537119596816, 0.2497238136834261, 0.39136979427997987, 0.01376525649261265, 0.0013724638012672426, 0.003836112739091043, 0.00684885899911535
2015-05-28, 0.1237862391573277, 0.1676855895196508, 0.15506881178522963, 0.24047478354700286, 0.39136979427997987, 0.01376525649261265, 0.004117391403801728, 0.006393521231818415, 0.011414764998525591
2015-05-28, 0.1237862391573277, 0.1676855895196508, 0.15506881178522963, 0.24047478354700286, 0.39136979427997987, 0.01376525649261265, 0.004117391403801728, 0.006393521231818415, 0.011414764998525591
2015-05-28, 0.1237862391573277, 0.1676855895196508, 0.15506881178522963, 0.24047478354700286, 0.39136979427997987, 0.01376525649261265, 0.004117391403801728, 0.006393521231818415, 0.011414764998525591
2015-05-28, 0.1237862391573277, 0.1676855895196508, 0.15506881178522963, 0.24047478354700286, 0.39136979427997987, 0.01376525649261265, 0.004117391403801728, 0.006393521231818415, 0.011414764998525591
2015-05-28, 0.1237862391573277, 0.1676855895196508, 0.15506881178522963, 0.24047478354700286, 0.39136979427997987, 0.01376525649261265, 0.004117391403801728, 0.006393521231818415, 0.011414764998525591
2015-05-28, 0.1237862391573277, 0.1676855895196508, 0.15506881178522963, 0.24047478354700286, 0.39136979427997987, 0.01376525649261265, 0.004117391403801728, 0.006393521231818415, 0.011414764998525591
2015-05-28, 0.1237862391573277, 0.1676855895196508, 0.15506881178522963, 0.24047478354700286, 0.39136979427997987, 0.01376525649261265, 0.004117391403801728, 0.006393521231818415, 0.011414764998525591
2015-05-28, 0.1237862391573277, 0.1676855895196508, 0.15506881178522963, 0.24047478354700286, 0.39136979427997987, 0.01376525649261265, 0.004117391403801728, 0.006393521231818415, 0.011414764998525591
2015-05-28, 0.1237862391573277, 0.1676855895196508, 0.15506881178522963, 0.24047478354700286, 0.39136979427997987, 0.01376525649261265, 0.004117391403801728, 0.006393521231818415, 0.011414764998525591
2015-05-28, 0.1237862391573277, 0.1676855895196508, 0.15506881178522963, 0.24047478354700286, 0.39136979427997987, 0.01376525649261265, 0.004117391403801728, 0.006393521231818415, 0.011414764998525591
2015-05-28, 0.1237862391573277, 0.1676855895196508, 0.15506881178522963, 0.24047478354700286, 0.39136979427997987, 0.01376525649261265, 0.004117391403801728, 0.006393521231818415, 0.011414764998525591
2015-05-28, 0.15701515764646742, 0.10480349344978175, 0.20158945532079858, 0.36071217532050454, 0.5610546001915796, 0.01651830779113518, 0.0027449276025344853, 0.0012787042463636715, 0.007419597249041629
2015-05-28, 0.15701515764646742, 0.10480349344978175, 0.20158945532079858, 0.36071217532050454, 0.5610546001915796, 0.01651830779113518, 0.0027449276025344853, 0.0012787042463636715, 0.007419597249041629
2015-05-28, 0.15701515764646742, 0.10480349344978175, 0.20158945532079858, 0.36071217532050454, 0.5610546001915796, 0.01651830779113518, 0.0027449276025344853, 0.0012787042463636715, 0.007419597249041629
2015-05-28, 0.12475425947572039, 0.06288209606986905, 0.24035665826710587, 0.21889371322868226, 0.44884368015326365, 0.01376525649261265, 0.0027449276025344853, 0.0025574084927273573, 0.00799033549896791
2015-04-28, 0.12339123570906588, 0.16768558951965057, 0.1085481682496607, 0.2343087634560542, 0.45705423527801853, 0.011012205194090111, 0.0027449276025344853, 0.0006393521231818287, 0.005136644249336521
2015-04-28, 0.12339123570906588, 0.16768558951965057, 0.1085481682496607, 0.2343087634560542, 0.45705423527801853, 0.011012205194090111, 0.0027449276025344853, 0.0006393521231818287, 0.005136644249336521
2015-04-28, 0.12339123570906588, 0.16768558951965057, 0.1085481682496607, 0.2343087634560542, 0.45705423527801853, 0.011012205194090111, 0.0027449276025344853, 0.0006393521231818287, 0.005136644249336521
2015-04-28, 0.12339123570906588, 0.16768558951965057, 0.1085481682496607, 0.2343087634560542, 0.45705423527801853, 0.011012205194090111, 0.0027449276025344853, 0.0006393521231818287, 0.005136644249336521
2015-04-28, 0.12339123570906588, 0.16768558951965057, 0.1085481682496607, 0.2343087634560542, 0.45705423527801853, 0.011012205194090111, 0.0027449276025344853, 0.0006393521231818287, 0.005136644249336521
2015-04-28, 0.12339123570906588, 0.16768558951965057, 0.1085481682496607, 0.2343087634560542, 0.45705423527801853, 0.011012205194090111, 0.0027449276025344853, 0.0006393521231818287, 0.005136644249336521
2015-04-28, 0.12339123570906588, 0.16768558951965057, 0.1085481682496607, 0.2343087634560542, 0.45705423527801853, 0.011012205194090111, 0.0027449276025344853, 0.0006393521231818287, 0.005136644249336521
2015-04-28, 0.12339123570906588, 0.16768558951965057, 0.1085481682496607, 0.2343087634560542, 0.45705423527801853, 0.011012205194090111, 0.0027449276025344853, 0.0006393521231818287, 0.005136644249336521
2015-04-28, 0.12339123570906588, 0.16768558951965057, 0.1085481682496607, 0.2343087634560542, 0.45705423527801853, 0.011012205194090111, 0.0027449276025344853, 0.0006393521231818287, 0.005136644249336521
2015-04-28, 0.12339123570906588, 0.16768558951965057, 0.1085481682496607, 0.2343087634560542, 0.45705423527801853, 0.011012205194090111, 0.0027449276025344853, 0.0006393521231818287, 0.005136644249336521
2015-04-28, 0.12339123570906588, 0.16768558951965057, 0.1085481682496607, 0.2343087634560542, 0.45705423527801853, 0.011012205194090111, 0.0027449276025344853, 0.0006393521231818287, 0.005136644249336521
2015-04-28, 0.10396430721519313, 0.0, 0.16282225237449097, 0.21889371322868226, 0.4187383113624961, 0.019271359089657696, 0.0013724638012672426, 0.0031967606159092003, 0.007419597249041629
2015-04-28, 0.10396430721519313, 0.0, 0.16282225237449097, 0.21889371322868226, 0.4187383113624961, 0.019271359089657696, 0.0013724638012672426, 0.0031967606159092003, 0.007419597249041629
2015-04-28, 0.10396430721519313, 0.0, 0.16282225237449097, 0.21889371322868226, 0.4187383113624961, 0.019271359089657696, 0.0013724638012672426, 0.0031967606159092003, 0.007419597249041629
2015-04-28, 0.13583060492833743, 0.08384279475982516, 0.12405504942818368, 0.3545461552295556, 0.49810701090179277, 0.013765256492612642, 0.0, 0.0031967606159092003, 0.009131811998820471
2015-03-29, 0.13472276857320678, 0.10480349344978175, 0.10854816824966086, 0.30521799450196546, 0.5336860831090636, 0.01376525649261265, 0.0013724638012672426, 0.006393521231818429, 0.003995167749483949
2015-03-29, 0.12039480919507085, 0.2934497816593887, 0.10079472766039956, 0.18806361277393838, 0.355790722072709, 0.011012205194090127, 0.0027449276025344853, 0.009590281847727644, 0.0017122147497788405
2015-03-29, 0.12039480919507085, 0.2934497816593887, 0.10079472766039956, 0.18806361277393838, 0.355790722072709, 0.011012205194090127, 0.0027449276025344853, 0.009590281847727644, 0.0017122147497788405
2015-03-29, 0.12039480919507085, 0.2934497816593887, 0.10079472766039956, 0.18806361277393838, 0.355790722072709, 0.011012205194090127, 0.0027449276025344853, 0.009590281847727644, 0.0017122147497788405
2015-03-29, 0.12039480919507085, 0.2934497816593887, 0.10079472766039956, 0.18806361277393838, 0.355790722072709, 0.011012205194090127, 0.0027449276025344853, 0.009590281847727644, 0.0017122147497788405
2015-03-29, 0.12039480919507085, 0.2934497816593887, 0.10079472766039956, 0.18806361277393838, 0.355790722072709, 0.011012205194090127, 0.0027449276025344853, 0.009590281847727644, 0.0017122147497788405
2015-03-29, 0.12039480919507085, 0.2934497816593887, 0.10079472766039956, 0.18806361277393838, 0.355790722072709, 0.011012205194090127, 0.0027449276025344853, 0.009590281847727644, 0.0017122147497788405
2015-03-29, 0.12039480919507085, 0.2934497816593887, 0.10079472766039956, 0.18806361277393838, 0.355790722072709, 0.011012205194090127, 0.0027449276025344853, 0.009590281847727644, 0.0017122147497788405
2015-03-29, 0.12039480919507085, 0.2934497816593887, 0.10079472766039956, 0.18806361277393838, 0.355790722072709, 0.011012205194090127, 0.0027449276025344853, 0.009590281847727644, 0.0017122147497788405
2015-03-29, 0.12039480919507085, 0.2934497816593887, 0.10079472766039956, 0.18806361277393838, 0.355790722072709, 0.011012205194090127, 0.0027449276025344853, 0.009590281847727644, 0.0017122147497788405
2015-03-29, 0.12039480919507085, 0.2934497816593887, 0.10079472766039956, 0.18806361277393838, 0.355790722072709, 0.011012205194090127, 0.0027449276025344853, 0.009590281847727644, 0.0017122147497788405
2015-03-29, 0.13472276857320678, 0.10480349344978175, 0.10854816824966086, 0.30521799450196546, 0.5336860831090636, 0.01376525649261265, 0.0013724638012672426, 0.006393521231818429, 0.003995167749483949
2015-03-29, 0.13472276857320678, 0.10480349344978175, 0.10854816824966086, 0.30521799450196546, 0.5336860831090636, 0.01376525649261265, 0.0013724638012672426, 0.006393521231818429, 0.003995167749483949
2015-03-29, 0.12811303979222177, 0.23056768558951984, 0.1473153711959685, 0.1541505022737199, 0.4597910869862701, 0.01651830779113518, 0.004117391403801728, 0.009590281847727644, 0.002853691249631401
2015-03-29, 0.13906959961402995, 0.23056768558951984, 0.1473153711959685, 0.24355779359247745, 0.4652647904027734, 0.01376525649261265, 0.004117391403801728, 0.005114816985454743, 0.0028536912496313883
2015-02-27, 0.11756191004222208, 0.23056768558951984, 0.14731537119596833, 0.19731264291036138, 0.33936961182319947, 0.011012205194090127, 0.004117391403801728, 0.010229633970909473, 0.0005707382499262802
2015-02-27, 0.11756191004222208, 0.23056768558951984, 0.14731537119596833, 0.19731264291036138, 0.33936961182319947, 0.011012205194090127, 0.004117391403801728, 0.010229633970909473, 0.0005707382499262802
2015-02-27, 0.11756191004222208, 0.23056768558951984, 0.14731537119596833, 0.19731264291036138, 0.33936961182319947, 0.011012205194090127, 0.004117391403801728, 0.010229633970909473, 0.0005707382499262802
2015-02-27, 0.11756191004222208, 0.23056768558951984, 0.14731537119596833, 0.19731264291036138, 0.33936961182319947, 0.011012205194090127, 0.004117391403801728, 0.010229633970909473, 0.0005707382499262802
2015-02-27, 0.11756191004222208, 0.23056768558951984, 0.14731537119596833, 0.19731264291036138, 0.33936961182319947, 0.011012205194090127, 0.004117391403801728, 0.010229633970909473, 0.0005707382499262802
2015-02-27, 0.11756191004222208, 0.23056768558951984, 0.14731537119596833, 0.19731264291036138, 0.33936961182319947, 0.011012205194090127, 0.004117391403801728, 0.010229633970909473, 0.0005707382499262802
2015-02-27, 0.11756191004222208, 0.23056768558951984, 0.14731537119596833, 0.19731264291036138, 0.33936961182319947, 0.011012205194090127, 0.004117391403801728, 0.010229633970909473, 0.0005707382499262802
2015-02-27, 0.11756191004222208, 0.23056768558951984, 0.14731537119596833, 0.19731264291036138, 0.33936961182319947, 0.011012205194090127, 0.004117391403801728, 0.010229633970909473, 0.0005707382499262802
2015-02-27, 0.11756191004222208, 0.23056768558951984, 0.14731537119596833, 0.19731264291036138, 0.33936961182319947, 0.011012205194090127, 0.004117391403801728, 0.010229633970909473, 0.0005707382499262802
2015-02-27, 0.11756191004222208, 0.23056768558951984, 0.14731537119596833, 0.19731264291036138, 0.33936961182319947, 0.011012205194090127, 0.004117391403801728, 0.010229633970909473, 0.0005707382499262802
2015-02-27, 0.11756191004222208, 0.23056768558951984, 0.14731537119596833, 0.19731264291036138, 0.33936961182319947, 0.011012205194090127, 0.004117391403801728, 0.010229633970909473, 0.0005707382499262802
2015-02-27, 0.15783997272787742, 0.0838427947598254, 0.14731537119596833, 0.4162063561390439, 0.5884231172740958, 0.01651830779113518, 0.0013724638012672426, 0.0044754648622729, 0.0045659059994102285
2015-02-27, 0.15783997272787742, 0.0838427947598254, 0.14731537119596833, 0.4162063561390439, 0.5884231172740958, 0.01651830779113518, 0.0013724638012672426, 0.0044754648622729, 0.0045659059994102285
2015-02-27, 0.15783997272787742, 0.0838427947598254, 0.14731537119596833, 0.4162063561390439, 0.5884231172740958, 0.01651830779113518, 0.0013724638012672426, 0.0044754648622729, 0.0045659059994102285
2015-02-27, 0.11415201973229547, 0.0838427947598254, 0.19383601473153728, 0.2558898337743751, 0.3503170186562059, 0.01651830779113518, 0.0013724638012672426, 0.010868986094091315, 0.0005707382499262802
2015-01-28, 0.09786143752656723, 0.16768558951965057, 0.15506881178522963, 0.11098836163707843, 0.3174747981571866, 0.01376525649261265, 0.004117391403801728, 0.011508338217273172, 0.0022829529997051208
2015-01-28, 0.09535036325290713, 0.25152838427947594, 0.15506881178522963, 0.012332040181897604, 0.32021164986543815, 0.011012205194090127, 0.0, 0.011508338217273172, 0.0011414764998525604
2015-01-28, 0.09535036325290713, 0.25152838427947594, 0.15506881178522963, 0.012332040181897604, 0.32021164986543815, 0.011012205194090127, 0.0, 0.011508338217273172, 0.0011414764998525604
2015-01-28, 0.09535036325290713, 0.25152838427947594, 0.15506881178522963, 0.012332040181897604, 0.32021164986543815, 0.011012205194090127, 0.0, 0.011508338217273172, 0.0011414764998525604
2015-01-28, 0.09535036325290713, 0.25152838427947594, 0.15506881178522963, 0.012332040181897604, 0.32021164986543815, 0.011012205194090127, 0.0, 0.011508338217273172, 0.0011414764998525604
2015-01-28, 0.09535036325290713, 0.25152838427947594, 0.15506881178522963, 0.012332040181897604, 0.32021164986543815, 0.011012205194090127, 0.0, 0.011508338217273172, 0.0011414764998525604
2015-01-28, 0.09535036325290713, 0.25152838427947594, 0.15506881178522963, 0.012332040181897604, 0.32021164986543815, 0.011012205194090127, 0.0, 0.011508338217273172, 0.0011414764998525604
2015-01-28, 0.09535036325290713, 0.25152838427947594, 0.15506881178522963, 0.012332040181897604, 0.32021164986543815, 0.011012205194090127, 0.0, 0.011508338217273172, 0.0011414764998525604
2015-01-28, 0.09535036325290713, 0.25152838427947594, 0.15506881178522963, 0.012332040181897604, 0.32021164986543815, 0.011012205194090127, 0.0, 0.011508338217273172, 0.0011414764998525604
2015-01-28, 0.09535036325290713, 0.25152838427947594, 0.15506881178522963, 0.012332040181897604, 0.32021164986543815, 0.011012205194090127, 0.0, 0.011508338217273172, 0.0011414764998525604
2015-01-28, 0.09535036325290713, 0.25152838427947594, 0.15506881178522963, 0.012332040181897604, 0.32021164986543815, 0.011012205194090127, 0.0, 0.011508338217273172, 0.0011414764998525604
2015-01-28, 0.12506687504732025, 0.12576419213973786, 0.1783291335530141, 0.18806361277393838, 0.47621219723577984, 0.01651830779113518, 0.004117391403801728, 0.006393521231818429, 0.005136644249336509
2015-01-28, 0.12506687504732025, 0.12576419213973786, 0.1783291335530141, 0.18806361277393838, 0.47621219723577984, 0.01651830779113518, 0.004117391403801728, 0.006393521231818429, 0.005136644249336509
2015-01-28, 0.0954406245389344, 0.2934497816593887, 0.11630160883892218, 0.03699612054569281, 0.29010628107467057, 0.01376525649261265, 0.0027449276025344853, 0.009590281847727644, 0.0005707382499262802
2015-01-28, 0.12616108300917267, 0.1886462882096069, 0.15506881178522963, 0.19731264291036166, 0.43515942161200566, 0.01651830779113518, 0.004117391403801728, 0.0044754648622729, 0.00799033549896791
2014-12-29, 0.09341592808334555, 0.2934497816593887, 0.03876720294630728, 0.15106749222824556, 0.23810609861788992, 0.008259153895567594, 0.0027449276025344853, 0.011508338217273172, 0.003424429499557681
2014-12-29, 0.09341592808334555, 0.2934497816593887, 0.03876720294630728, 0.15106749222824556, 0.23810609861788992, 0.008259153895567594, 0.0027449276025344853, 0.011508338217273172, 0.003424429499557681
2014-12-29, 0.09341592808334555, 0.2934497816593887, 0.03876720294630728, 0.15106749222824556, 0.23810609861788992, 0.008259153895567594, 0.0027449276025344853, 0.011508338217273172, 0.003424429499557681
2014-12-29, 0.09341592808334555, 0.2934497816593887, 0.03876720294630728, 0.15106749222824556, 0.23810609861788992, 0.008259153895567594, 0.0027449276025344853, 0.011508338217273172, 0.003424429499557681
2014-12-29, 0.09341592808334555, 0.2934497816593887, 0.03876720294630728, 0.15106749222824556, 0.23810609861788992, 0.008259153895567594, 0.0027449276025344853, 0.011508338217273172, 0.003424429499557681
2014-12-29, 0.09341592808334555, 0.2934497816593887, 0.03876720294630728, 0.15106749222824556, 0.23810609861788992, 0.008259153895567594, 0.0027449276025344853, 0.011508338217273172, 0.003424429499557681
2014-12-29, 0.09341592808334555, 0.2934497816593887, 0.03876720294630728, 0.15106749222824556, 0.23810609861788992, 0.008259153895567594, 0.0027449276025344853, 0.011508338217273172, 0.003424429499557681
2014-12-29, 0.09341592808334555, 0.2934497816593887, 0.03876720294630728, 0.15106749222824556, 0.23810609861788992, 0.008259153895567594, 0.0027449276025344853, 0.011508338217273172, 0.003424429499557681
2014-12-29, 0.09341592808334555, 0.2934497816593887, 0.03876720294630728, 0.15106749222824556, 0.23810609861788992, 0.008259153895567594, 0.0027449276025344853, 0.011508338217273172, 0.003424429499557681
2014-12-29, 0.09341592808334555, 0.2934497816593887, 0.03876720294630728, 0.15106749222824556, 0.23810609861788992, 0.008259153895567594, 0.0027449276025344853, 0.011508338217273172, 0.003424429499557681
2014-12-29, 0.09341592808334555, 0.2934497816593887, 0.03876720294630728, 0.15106749222824556, 0.23810609861788992, 0.008259153895567594, 0.0027449276025344853, 0.011508338217273172, 0.003424429499557681
2014-12-29, 0.1377467802316881, 0.25152838427947594, 0.0, 0.38537625568429973, 0.43789627332025743, 0.01376525649261265, 0.0027449276025344853, 0.0089509297245458, 0.0017122147497788279
2014-12-29, 0.1377467802316881, 0.25152838427947594, 0.0, 0.38537625568429973, 0.43789627332025743, 0.01376525649261265, 0.0027449276025344853, 0.0089509297245458, 0.0017122147497788279
2014-12-29, 0.1377467802316881, 0.25152838427947594, 0.0, 0.38537625568429973, 0.43789627332025743, 0.01376525649261265, 0.0027449276025344853, 0.0089509297245458, 0.0017122147497788279
2014-12-29, 0.11747738404643872, 0.33537117903930136, 0.015506881178522981, 0.2558898337743751, 0.3037905396159286, 0.011012205194090118, 0.0027449276025344853, 0.011508338217273172, 0.003995167749483961
2014-11-29, 0.07949639776557134, 0.16768558951965057, 0.062027524714091925, 0.11098836163707843, 0.27915887424166413, 0.0027530512985225316, 0.0, 0.012787042463636844, 0.0005707382499262802
2014-11-29, 0.07949639776557134, 0.16768558951965057, 0.062027524714091925, 0.11098836163707843, 0.27915887424166413, 0.0027530512985225316, 0.0, 0.012787042463636844, 0.0005707382499262802
2014-11-29, 0.07949639776557134, 0.16768558951965057, 0.062027524714091925, 0.11098836163707843, 0.27915887424166413, 0.0027530512985225316, 0.0, 0.012787042463636844, 0.0005707382499262802
2014-11-29, 0.07949639776557134, 0.16768558951965057, 0.062027524714091925, 0.11098836163707843, 0.27915887424166413, 0.0027530512985225316, 0.0, 0.012787042463636844, 0.0005707382499262802
2014-11-29, 0.07949639776557134, 0.16768558951965057, 0.062027524714091925, 0.11098836163707843, 0.27915887424166413, 0.0027530512985225316, 0.0, 0.012787042463636844, 0.0005707382499262802
2014-11-29, 0.07949639776557134, 0.16768558951965057, 0.062027524714091925, 0.11098836163707843, 0.27915887424166413, 0.0027530512985225316, 0.0, 0.012787042463636844, 0.0005707382499262802
2014-11-29, 0.07949639776557134, 0.16768558951965057, 0.062027524714091925, 0.11098836163707843, 0.27915887424166413, 0.0027530512985225316, 0.0, 0.012787042463636844, 0.0005707382499262802
2014-11-29, 0.07949639776557134, 0.16768558951965057, 0.062027524714091925, 0.11098836163707843, 0.27915887424166413, 0.0027530512985225316, 0.0, 0.012787042463636844, 0.0005707382499262802
2014-11-29, 0.07949639776557134, 0.16768558951965057, 0.062027524714091925, 0.11098836163707843, 0.27915887424166413, 0.0027530512985225316, 0.0, 0.012787042463636844, 0.0005707382499262802
2014-11-29, 0.07949639776557134, 0.16768558951965057, 0.062027524714091925, 0.11098836163707843, 0.27915887424166413, 0.0027530512985225316, 0.0, 0.012787042463636844, 0.0005707382499262802
2014-11-29, 0.07949639776557134, 0.16768558951965057, 0.062027524714091925, 0.11098836163707843, 0.27915887424166413, 0.0027530512985225316, 0.0, 0.012787042463636844, 0.0005707382499262802
2014-11-29, 0.07645892602217495, 0.12576419213973786, 0.007753440589261491, 0.18806361277393838, 0.27094831911690925, 0.0055061025970450555, 0.0027449276025344853, 0.005754169108636586, 0.005136644249336509
2014-11-29, 0.07645892602217495, 0.12576419213973786, 0.007753440589261491, 0.18806361277393838, 0.27094831911690925, 0.0055061025970450555, 0.0027449276025344853, 0.005754169108636586, 0.005136644249336509
2014-11-29, 0.07645892602217495, 0.12576419213973786, 0.007753440589261491, 0.18806361277393838, 0.27094831911690925, 0.0055061025970450555, 0.0027449276025344853, 0.005754169108636586, 0.005136644249336509
2014-11-29, 0.07752820781519656, 0.16768558951965057, 0.0, 0.1418184620918223, 0.2818957259499157, 0.0055061025970450555, 0.004117391403801728, 0.01406574671000053, 0.005136644249336521
2014-10-30, 0.12812241090383067, 0.1467248908296942, 0.031013762357045963, 0.3144670246383887, 0.5090544177347992, 0.008259153895567587, 0.0013724638012672426, 0.0089509297245458, 0.005136644249336509
2014-10-30, 0.08313749891962262, 0.31441048034934477, 0.015506881178522981, 0.13565244200087365, 0.18336906445285772, 0.0027530512985225316, 0.0027449276025344853, 0.0089509297245458, 0.0017122147497788405
2014-10-30, 0.08313749891962262, 0.31441048034934477, 0.015506881178522981, 0.13565244200087365, 0.18336906445285772, 0.0027530512985225316, 0.0027449276025344853, 0.0089509297245458, 0.0017122147497788405
2014-10-30, 0.08313749891962262, 0.31441048034934477, 0.015506881178522981, 0.13565244200087365, 0.18336906445285772, 0.0027530512985225316, 0.0027449276025344853, 0.0089509297245458, 0.0017122147497788405
2014-10-30, 0.08313749891962262, 0.31441048034934477, 0.015506881178522981, 0.13565244200087365, 0.18336906445285772, 0.0027530512985225316, 0.0027449276025344853, 0.0089509297245458, 0.0017122147497788405
2014-10-30, 0.08313749891962262, 0.31441048034934477, 0.015506881178522981, 0.13565244200087365, 0.18336906445285772, 0.0027530512985225316, 0.0027449276025344853, 0.0089509297245458, 0.0017122147497788405
2014-10-30, 0.08313749891962262, 0.31441048034934477, 0.015506881178522981, 0.13565244200087365, 0.18336906445285772, 0.0027530512985225316, 0.0027449276025344853, 0.0089509297245458, 0.0017122147497788405
2014-10-30, 0.08313749891962262, 0.31441048034934477, 0.015506881178522981, 0.13565244200087365, 0.18336906445285772, 0.0027530512985225316, 0.0027449276025344853, 0.0089509297245458, 0.0017122147497788405
2014-10-30, 0.08313749891962262, 0.31441048034934477, 0.015506881178522981, 0.13565244200087365, 0.18336906445285772, 0.0027530512985225316, 0.0027449276025344853, 0.0089509297245458, 0.0017122147497788405
2014-10-30, 0.08313749891962262, 0.31441048034934477, 0.015506881178522981, 0.13565244200087365, 0.18336906445285772, 0.0027530512985225316, 0.0027449276025344853, 0.0089509297245458, 0.0017122147497788405
2014-10-30, 0.08313749891962262, 0.31441048034934477, 0.015506881178522981, 0.13565244200087365, 0.18336906445285772, 0.0027530512985225316, 0.0027449276025344853, 0.0089509297245458, 0.0017122147497788405
2014-10-30, 0.12812241090383067, 0.1467248908296942, 0.031013762357045963, 0.3144670246383887, 0.5090544177347992, 0.008259153895567587, 0.0013724638012672426, 0.0089509297245458, 0.005136644249336509
2014-10-30, 0.12812241090383067, 0.1467248908296942, 0.031013762357045963, 0.3144670246383887, 0.5090544177347992, 0.008259153895567587, 0.0013724638012672426, 0.0089509297245458, 0.005136644249336509
2014-10-30, 0.11587988895662504, 0.2934497816593884, 0.015506881178522981, 0.2466408036379518, 0.3585275737809608, 0.0027530512985225316, 0.0, 0.009590281847727644, 0.0005707382499262802
2014-10-30, 0.09376918489838741, 0.2724890829694321, 0.007753440589261491, 0.19731264291036166, 0.25726406057565127, 0.0027530512985225316, 0.0, 0.010868986094091329, 0.0017122147497788405
2014-09-30, 0.048377366178505965, 0.16768558951965057, 0.10079472766039937, 0.033913110500218474, 0.0766318478310451, 0.0, 0.0013724638012672426, 0.0031967606159092146, 0.0034244294995576683
2014-09-30, 0.048377366178505965, 0.16768558951965057, 0.10079472766039937, 0.033913110500218474, 0.0766318478310451, 0.0, 0.0013724638012672426, 0.0031967606159092146, 0.0034244294995576683
2014-09-30, 0.048377366178505965, 0.16768558951965057, 0.10079472766039937, 0.033913110500218474, 0.0766318478310451, 0.0, 0.0013724638012672426, 0.0031967606159092146, 0.0034244294995576683
2014-09-30, 0.048377366178505965, 0.16768558951965057, 0.10079472766039937, 0.033913110500218474, 0.0766318478310451, 0.0, 0.0013724638012672426, 0.0031967606159092146, 0.0034244294995576683
2014-09-30, 0.048377366178505965, 0.16768558951965057, 0.10079472766039937, 0.033913110500218474, 0.0766318478310451, 0.0, 0.0013724638012672426, 0.0031967606159092146, 0.0034244294995576683
2014-09-30, 0.048377366178505965, 0.16768558951965057, 0.10079472766039937, 0.033913110500218474, 0.0766318478310451, 0.0, 0.0013724638012672426, 0.0031967606159092146, 0.0034244294995576683
2014-09-30, 0.048377366178505965, 0.16768558951965057, 0.10079472766039937, 0.033913110500218474, 0.0766318478310451, 0.0, 0.0013724638012672426, 0.0031967606159092146, 0.0034244294995576683
2014-09-30, 0.048377366178505965, 0.16768558951965057, 0.10079472766039937, 0.033913110500218474, 0.0766318478310451, 0.0, 0.0013724638012672426, 0.0031967606159092146, 0.0034244294995576683
2014-09-30, 0.048377366178505965, 0.16768558951965057, 0.10079472766039937, 0.033913110500218474, 0.0766318478310451, 0.0, 0.0013724638012672426, 0.0031967606159092146, 0.0034244294995576683
2014-09-30, 0.048377366178505965, 0.16768558951965057, 0.10079472766039937, 0.033913110500218474, 0.0766318478310451, 0.0, 0.0013724638012672426, 0.0031967606159092146, 0.0034244294995576683
2014-09-30, 0.048377366178505965, 0.16768558951965057, 0.10079472766039937, 0.033913110500218474, 0.0766318478310451, 0.0, 0.0013724638012672426, 0.0031967606159092146, 0.0034244294995576683
2014-09-30, 0.08466455857961819, 0.02096069868995635, 0.17057569296375263, 0.1418184620918223, 0.3229485015736897, 0.005506102597045063, 0.0027449276025344853, 0.0019180563695455287, 0.01084402674859931
2014-09-30, 0.08466455857961819, 0.02096069868995635, 0.17057569296375263, 0.1418184620918223, 0.3229485015736897, 0.005506102597045063, 0.0027449276025344853, 0.0019180563695455287, 0.01084402674859931
2014-09-30, 0.08466455857961819, 0.02096069868995635, 0.17057569296375263, 0.1418184620918223, 0.3229485015736897, 0.005506102597045063, 0.0027449276025344853, 0.0019180563695455287, 0.01084402674859931
2014-09-30, 0.06705265236836587, 0.12576419213973786, 0.12405504942818385, 0.08015826118233428, 0.1915796195776126, 0.0027530512985225316, 0.005489855205068971, 0.0031967606159092146, 0.0034244294995576683
2014-08-31, 0.05349918167252133, 0.12576419213973786, 0.046520643535568944, 0.04007913059116714, 0.20800072982712217, 0.0, 0.0013724638012672275, 0.005114816985454743, 0.0011414764998525604
2014-08-31, 0.05349918167252133, 0.12576419213973786, 0.046520643535568944, 0.04007913059116714, 0.20800072982712217, 0.0, 0.0013724638012672275, 0.005114816985454743, 0.0011414764998525604
2014-08-31, 0.05349918167252133, 0.12576419213973786, 0.046520643535568944, 0.04007913059116714, 0.20800072982712217, 0.0, 0.0013724638012672275, 0.005114816985454743, 0.0011414764998525604
2014-08-31, 0.05349918167252133, 0.12576419213973786, 0.046520643535568944, 0.04007913059116714, 0.20800072982712217, 0.0, 0.0013724638012672275, 0.005114816985454743, 0.0011414764998525604
2014-08-31, 0.05349918167252133, 0.12576419213973786, 0.046520643535568944, 0.04007913059116714, 0.20800072982712217, 0.0, 0.0013724638012672275, 0.005114816985454743, 0.0011414764998525604
2014-08-31, 0.05349918167252133, 0.12576419213973786, 0.046520643535568944, 0.04007913059116714, 0.20800072982712217, 0.0, 0.0013724638012672275, 0.005114816985454743, 0.0011414764998525604
2014-08-31, 0.05349918167252133, 0.12576419213973786, 0.046520643535568944, 0.04007913059116714, 0.20800072982712217, 0.0, 0.0013724638012672275, 0.005114816985454743, 0.0011414764998525604
2014-08-31, 0.05349918167252133, 0.12576419213973786, 0.046520643535568944, 0.04007913059116714, 0.20800072982712217, 0.0, 0.0013724638012672275, 0.005114816985454743, 0.0011414764998525604
2014-08-31, 0.05349918167252133, 0.12576419213973786, 0.046520643535568944, 0.04007913059116714, 0.20800072982712217, 0.0, 0.0013724638012672275, 0.005114816985454743, 0.0011414764998525604
2014-08-31, 0.05349918167252133, 0.12576419213973786, 0.046520643535568944, 0.04007913059116714, 0.20800072982712217, 0.0, 0.0013724638012672275, 0.005114816985454743, 0.0011414764998525604
2014-08-31, 0.05349918167252133, 0.12576419213973786, 0.046520643535568944, 0.04007913059116714, 0.20800072982712217, 0.0, 0.0013724638012672275, 0.005114816985454743, 0.0011414764998525604
2014-08-31, 0.07789863911629923, 0.02096069868995635, 0.06978096530335341, 0.25897284381984936, 0.25179035715914794, 0.005506102597045063, 0.0068623190063361985, 0.007032873355000272, 0.0022829529997051208
2014-08-31, 0.07789863911629923, 0.02096069868995635, 0.06978096530335341, 0.25897284381984936, 0.25179035715914794, 0.005506102597045063, 0.0068623190063361985, 0.007032873355000272, 0.0022829529997051208
2014-08-31, 0.07789863911629923, 0.02096069868995635, 0.06978096530335341, 0.25897284381984936, 0.25179035715914794, 0.005506102597045063, 0.0068623190063361985, 0.007032873355000272, 0.0022829529997051208
2014-08-31, 0.04254605468203229, 0.0419213973799127, 0.05427408412483043, 0.08324127122780861, 0.14505314053733528, 0.0, 0.005489855205068956, 0.006393521231818429, 0.003995167749483961
2014-08-01, 0.06592631938609528, 0.1257641921397381, 0.046520643535568944, 0.11098836163707843, 0.2326323952013866, 0.0027530512985225165, 0.004117391403801728, 0.0006393521231818429, 0.003995167749483961
2014-08-01, 0.05290385532269718, 0.14672489082969445, 0.007753440589261491, 0.052411170773064744, 0.1997901747023675, 0.0027530512985225165, 0.004117391403801728, 0.005114816985454743, 0.0045659059994102415
2014-08-01, 0.05290385532269718, 0.14672489082969445, 0.007753440589261491, 0.052411170773064744, 0.1997901747023675, 0.0027530512985225165, 0.004117391403801728, 0.005114816985454743, 0.0045659059994102415
2014-08-01, 0.05290385532269718, 0.14672489082969445, 0.007753440589261491, 0.052411170773064744, 0.1997901747023675, 0.0027530512985225165, 0.004117391403801728, 0.005114816985454743, 0.0045659059994102415
2014-08-01, 0.05290385532269718, 0.14672489082969445, 0.007753440589261491, 0.052411170773064744, 0.1997901747023675, 0.0027530512985225165, 0.004117391403801728, 0.005114816985454743, 0.0045659059994102415
2014-08-01, 0.05290385532269718, 0.14672489082969445, 0.007753440589261491, 0.052411170773064744, 0.1997901747023675, 0.0027530512985225165, 0.004117391403801728, 0.005114816985454743, 0.0045659059994102415
2014-08-01, 0.05290385532269718, 0.14672489082969445, 0.007753440589261491, 0.052411170773064744, 0.1997901747023675, 0.0027530512985225165, 0.004117391403801728, 0.005114816985454743, 0.0045659059994102415
2014-08-01, 0.05290385532269718, 0.14672489082969445, 0.007753440589261491, 0.052411170773064744, 0.1997901747023675, 0.0027530512985225165, 0.004117391403801728, 0.005114816985454743, 0.0045659059994102415
2014-08-01, 0.05290385532269718, 0.14672489082969445, 0.007753440589261491, 0.052411170773064744, 0.1997901747023675, 0.0027530512985225165, 0.004117391403801728, 0.005114816985454743, 0.0045659059994102415
2014-08-01, 0.05290385532269718, 0.14672489082969445, 0.007753440589261491, 0.052411170773064744, 0.1997901747023675, 0.0027530512985225165, 0.004117391403801728, 0.005114816985454743, 0.0045659059994102415
2014-08-01, 0.05290385532269718, 0.14672489082969445, 0.007753440589261491, 0.052411170773064744, 0.1997901747023675, 0.0027530512985225165, 0.004117391403801728, 0.005114816985454743, 0.0045659059994102415
2014-08-01, 0.080891267048379, 0.02096069868995635, 0.007753440589261491, 0.30521799450196546, 0.3010536879076768, 0.0027530512985225165, 0.004117391403801728, 0.0012787042463636858, 0.003995167749483961
2014-08-01, 0.080891267048379, 0.02096069868995635, 0.007753440589261491, 0.30521799450196546, 0.3010536879076768, 0.0027530512985225165, 0.004117391403801728, 0.0012787042463636858, 0.003995167749483961
2014-08-01, 0.04029661935338435, 0.0838427947598254, 0.0, 0.06474321095496234, 0.15600054737034175, 0.0027530512985225165, 0.005489855205068956, 0.0038361127390910575, 0.005707382499262802
2014-08-01, 0.06525117896409013, 0.14672489082969445, 0.023260321767784472, 0.10173933150065516, 0.2326323952013866, 0.0027530512985225165, 0.0068623190063361985, 0.005754169108636586, 0.0022829529997051208
2014-07-02, 0.10658280193604265, 0.1886462882096069, 0.19383601473153708, 0.18498060272846378, 0.27094831911690925, 0.005506102597045048, 0.0, 0.007032873355000272, 0.0017122147497788405
2014-07-02, 0.04972469502120225, 0.0419213973799127, 0.10079472766039937, 0.052411170773064744, 0.1970533229941157, 0.0, 0.0, 0.0044754648622729, 0.0011414764998525604
2014-07-02, 0.04972469502120225, 0.0419213973799127, 0.10079472766039937, 0.052411170773064744, 0.1970533229941157, 0.0, 0.0, 0.0044754648622729, 0.0011414764998525604
2014-07-02, 0.04972469502120225, 0.0419213973799127, 0.10079472766039937, 0.052411170773064744, 0.1970533229941157, 0.0, 0.0, 0.0044754648622729, 0.0011414764998525604
2014-07-02, 0.04972469502120225, 0.0419213973799127, 0.10079472766039937, 0.052411170773064744, 0.1970533229941157, 0.0, 0.0, 0.0044754648622729, 0.0011414764998525604
2014-07-02, 0.04972469502120225, 0.0419213973799127, 0.10079472766039937, 0.052411170773064744, 0.1970533229941157, 0.0, 0.0, 0.0044754648622729, 0.0011414764998525604
2014-07-02, 0.04972469502120225, 0.0419213973799127, 0.10079472766039937, 0.052411170773064744, 0.1970533229941157, 0.0, 0.0, 0.0044754648622729, 0.0011414764998525604
2014-07-02, 0.04972469502120225, 0.0419213973799127, 0.10079472766039937, 0.052411170773064744, 0.1970533229941157, 0.0, 0.0, 0.0044754648622729, 0.0011414764998525604
2014-07-02, 0.04972469502120225, 0.0419213973799127, 0.10079472766039937, 0.052411170773064744, 0.1970533229941157, 0.0, 0.0, 0.0044754648622729, 0.0011414764998525604
2014-07-02, 0.04972469502120225, 0.0419213973799127, 0.10079472766039937, 0.052411170773064744, 0.1970533229941157, 0.0, 0.0, 0.0044754648622729, 0.0011414764998525604
2014-07-02, 0.04972469502120225, 0.0419213973799127, 0.10079472766039937, 0.052411170773064744, 0.1970533229941157, 0.0, 0.0, 0.0044754648622729, 0.0011414764998525604
2014-07-02, 0.09700846087996327, 0.0419213973799127, 0.13956193060670666, 0.21272769313773332, 0.3585275737809608, 0.011012205194090111, 0.005489855205068956, 0.005114816985454743, 0.0017122147497788405
2014-07-02, 0.09700846087996327, 0.0419213973799127, 0.13956193060670666, 0.21272769313773332, 0.3585275737809608, 0.011012205194090111, 0.005489855205068956, 0.005114816985454743, 0.0017122147497788405
2014-07-02, 0.07278871123492535, 0.08384279475982516, 0.13956193060670666, 0.08015826118233428, 0.2654746157004059, 0.005506102597045048, 0.0013724638012672275, 0.006393521231818429, 0.0
2014-07-02, 0.09700846087996327, 0.0419213973799127, 0.13956193060670666, 0.21272769313773332, 0.3585275737809608, 0.011012205194090111, 0.005489855205068956, 0.005114816985454743, 0.0017122147497788405
2014-06-02, 0.07958512242626391, 0.12576419213973786, 0.08528784648187622, 0.14798448218277097, 0.25726406057565104, 0.005506102597045048, 0.005489855205068956, 0.007672225478182115, 0.0017122147497788405
2014-06-02, 0.07958512242626391, 0.12576419213973786, 0.08528784648187622, 0.14798448218277097, 0.25726406057565104, 0.005506102597045048, 0.005489855205068956, 0.007672225478182115, 0.0017122147497788405
2014-06-02, 0.07958512242626391, 0.12576419213973786, 0.08528784648187622, 0.14798448218277097, 0.25726406057565104, 0.005506102597045048, 0.005489855205068956, 0.007672225478182115, 0.0017122147497788405
2014-06-02, 0.07958512242626391, 0.12576419213973786, 0.08528784648187622, 0.14798448218277097, 0.25726406057565104, 0.005506102597045048, 0.005489855205068956, 0.007672225478182115, 0.0017122147497788405
2014-06-02, 0.07958512242626391, 0.12576419213973786, 0.08528784648187622, 0.14798448218277097, 0.25726406057565104, 0.005506102597045048, 0.005489855205068956, 0.007672225478182115, 0.0017122147497788405
2014-06-02, 0.07958512242626391, 0.12576419213973786, 0.08528784648187622, 0.14798448218277097, 0.25726406057565104, 0.005506102597045048, 0.005489855205068956, 0.007672225478182115, 0.0017122147497788405
2014-06-02, 0.07958512242626391, 0.12576419213973786, 0.08528784648187622, 0.14798448218277097, 0.25726406057565104, 0.005506102597045048, 0.005489855205068956, 0.007672225478182115, 0.0017122147497788405
2014-06-02, 0.07958512242626391, 0.12576419213973786, 0.08528784648187622, 0.14798448218277097, 0.25726406057565104, 0.005506102597045048, 0.005489855205068956, 0.007672225478182115, 0.0017122147497788405
2014-06-02, 0.07958512242626391, 0.12576419213973786, 0.08528784648187622, 0.14798448218277097, 0.25726406057565104, 0.005506102597045048, 0.005489855205068956, 0.007672225478182115, 0.0017122147497788405
2014-06-02, 0.07958512242626391, 0.12576419213973786, 0.08528784648187622, 0.14798448218277097, 0.25726406057565104, 0.005506102597045048, 0.005489855205068956, 0.007672225478182115, 0.0017122147497788405
2014-06-02, 0.07958512242626391, 0.12576419213973786, 0.08528784648187622, 0.14798448218277097, 0.25726406057565104, 0.005506102597045048, 0.005489855205068956, 0.007672225478182115, 0.0017122147497788405
2014-06-02, 0.0992457899144803, 0.0838427947598254, 0.11630160883892218, 0.09865632145518083, 0.4707384938192765, 0.011012205194090111, 0.0068623190063361985, 0.0025574084927273717, 0.003995167749483961
2014-06-02, 0.0992457899144803, 0.0838427947598254, 0.11630160883892218, 0.09865632145518083, 0.4707384938192765, 0.011012205194090111, 0.0068623190063361985, 0.0025574084927273717, 0.003995167749483961
2014-06-02, 0.0992457899144803, 0.0838427947598254, 0.11630160883892218, 0.09865632145518083, 0.4707384938192765, 0.011012205194090111, 0.0068623190063361985, 0.0025574084927273717, 0.003995167749483961
2014-06-02, 0.07684348937048369, 0.02096069868995635, 0.1085481682496607, 0.09557331140970622, 0.36673812890571544, 0.00825915389556758, 0.005489855205068956, 0.005754169108636586, 0.003424429499557681
2014-05-03, 0.07165053616702666, 0.06288209606986882, 0.11630160883892218, 0.07399224109138534, 0.3037905396159286, 0.00825915389556758, 0.005489855205068971, 0.0019180563695455287, 0.0005707382499262802
2014-05-03, 0.06411872791624501, 0.06288209606986882, 0.06978096530335325, 0.08632428127328295, 0.27915887424166413, 0.005506102597045048, 0.0027449276025344853, 0.0025574084927273717, 0.003995167749483961
2014-05-03, 0.06411872791624501, 0.06288209606986882, 0.06978096530335325, 0.08632428127328295, 0.27915887424166413, 0.005506102597045048, 0.0027449276025344853, 0.0025574084927273717, 0.003995167749483961
2014-05-03, 0.06411872791624501, 0.06288209606986882, 0.06978096530335325, 0.08632428127328295, 0.27915887424166413, 0.005506102597045048, 0.0027449276025344853, 0.0025574084927273717, 0.003995167749483961
2014-05-03, 0.06411872791624501, 0.06288209606986882, 0.06978096530335325, 0.08632428127328295, 0.27915887424166413, 0.005506102597045048, 0.0027449276025344853, 0.0025574084927273717, 0.003995167749483961
2014-05-03, 0.06411872791624501, 0.06288209606986882, 0.06978096530335325, 0.08632428127328295, 0.27915887424166413, 0.005506102597045048, 0.0027449276025344853, 0.0025574084927273717, 0.003995167749483961
2014-05-03, 0.06411872791624501, 0.06288209606986882, 0.06978096530335325, 0.08632428127328295, 0.27915887424166413, 0.005506102597045048, 0.0027449276025344853, 0.0025574084927273717, 0.003995167749483961
2014-05-03, 0.06411872791624501, 0.06288209606986882, 0.06978096530335325, 0.08632428127328295, 0.27915887424166413, 0.005506102597045048, 0.0027449276025344853, 0.0025574084927273717, 0.003995167749483961
2014-05-03, 0.06411872791624501, 0.06288209606986882, 0.06978096530335325, 0.08632428127328295, 0.27915887424166413, 0.005506102597045048, 0.0027449276025344853, 0.0025574084927273717, 0.003995167749483961
2014-05-03, 0.06411872791624501, 0.06288209606986882, 0.06978096530335325, 0.08632428127328295, 0.27915887424166413, 0.005506102597045048, 0.0027449276025344853, 0.0025574084927273717, 0.003995167749483961
2014-05-03, 0.06411872791624501, 0.06288209606986882, 0.06978096530335325, 0.08632428127328295, 0.27915887424166413, 0.005506102597045048, 0.0027449276025344853, 0.0025574084927273717, 0.003995167749483961
2014-05-03, 0.07949891718322509, 0.1467248908296942, 0.1085481682496607, 0.003083010045474606, 0.355790722072709, 0.011012205194090111, 0.005489855205068971, 0.0019180563695455287, 0.003424429499557681
2014-05-03, 0.07949891718322509, 0.1467248908296942, 0.1085481682496607, 0.003083010045474606, 0.355790722072709, 0.011012205194090111, 0.005489855205068971, 0.0019180563695455287, 0.003424429499557681
2014-05-03, 0.053635461116721114, 0.06288209606986905, 0.054274084124830264, 0.009249030136422996, 0.2873694293664188, 0.005506102597045048, 0.004117391403801728, 0.005114816985454743, 0.0005707382499262802
2014-05-03, 0.05708143519739118, 0.02096069868995635, 0.10079472766039921, 0.009249030136422996, 0.31473794644893505, 0.0027530512985225316, 0.0027449276025344853, 0.0025574084927273717, 0.002853691249631401
2014-04-03, 0.06636015624822257, 0.0, 0.05427408412483043, 0.1788145826375151, 0.28463257765816724, 0.005506102597045063, 0.0027449276025344853, 0.0031967606159092146, 0.0017122147497788405
2014-04-03, 0.035863335496583354, 0.02096069868995635, 0.015506881178522981, 0.08324127122780889, 0.1587373990785933, 0.0027530512985225316, 0.0, 0.0, 0.005707382499262802
2014-04-03, 0.035863335496583354, 0.02096069868995635, 0.015506881178522981, 0.08324127122780889, 0.1587373990785933, 0.0027530512985225316, 0.0, 0.0, 0.005707382499262802
2014-04-03, 0.035863335496583354, 0.02096069868995635, 0.015506881178522981, 0.08324127122780889, 0.1587373990785933, 0.0027530512985225316, 0.0, 0.0, 0.005707382499262802
2014-04-03, 0.035863335496583354, 0.02096069868995635, 0.015506881178522981, 0.08324127122780889, 0.1587373990785933, 0.0027530512985225316, 0.0, 0.0, 0.005707382499262802
2014-04-03, 0.035863335496583354, 0.02096069868995635, 0.015506881178522981, 0.08324127122780889, 0.1587373990785933, 0.0027530512985225316, 0.0, 0.0, 0.005707382499262802
2014-04-03, 0.035863335496583354, 0.02096069868995635, 0.015506881178522981, 0.08324127122780889, 0.1587373990785933, 0.0027530512985225316, 0.0, 0.0, 0.005707382499262802
2014-04-03, 0.035863335496583354, 0.02096069868995635, 0.015506881178522981, 0.08324127122780889, 0.1587373990785933, 0.0027530512985225316, 0.0, 0.0, 0.005707382499262802
2014-04-03, 0.035863335496583354, 0.02096069868995635, 0.015506881178522981, 0.08324127122780889, 0.1587373990785933, 0.0027530512985225316, 0.0, 0.0, 0.005707382499262802
2014-04-03, 0.035863335496583354, 0.02096069868995635, 0.015506881178522981, 0.08324127122780889, 0.1587373990785933, 0.0027530512985225316, 0.0, 0.0, 0.005707382499262802
2014-04-03, 0.035863335496583354, 0.02096069868995635, 0.015506881178522981, 0.08324127122780889, 0.1587373990785933, 0.0027530512985225316, 0.0, 0.0, 0.005707382499262802
2014-04-03, 0.08952599255503389, 0.0419213973799127, 0.05427408412483043, 0.2466408036379518, 0.3503170186562059, 0.011012205194090127, 0.005489855205068971, 0.0025574084927273717, 0.003995167749483961
2014-04-03, 0.08952599255503389, 0.0419213973799127, 0.05427408412483043, 0.2466408036379518, 0.3503170186562059, 0.011012205194090127, 0.005489855205068971, 0.0025574084927273717, 0.003995167749483961
2014-04-03, 0.058722129504309196, 0.06288209606986905, 0.031013762357045963, 0.15723351231919425, 0.2134744332436255, 0.0027530512985225316, 0.0, 0.0012787042463636858, 0.0011414764998525604
2014-04-03, 0.06158242153306177, 0.10480349344978175, 0.05427408412483043, 0.1418184620918223, 0.17789536103635462, 0.005506102597045063, 0.0027449276025344853, 0.0044754648622729, 0.0011414764998525604
2014-03-04, 0.07394912151659733, 0.02096069868995635, 0.16282225237449113, 0.16031652236466884, 0.22442184007663193, 0.008259153895567594, 0.009607246608870683, 0.0006393521231818429, 0.0045659059994102415
2014-03-04, 0.07394912151659733, 0.02096069868995635, 0.16282225237449113, 0.16031652236466884, 0.22442184007663193, 0.008259153895567594, 0.009607246608870683, 0.0006393521231818429, 0.0045659059994102415
2014-03-04, 0.07394912151659733, 0.02096069868995635, 0.16282225237449113, 0.16031652236466884, 0.22442184007663193, 0.008259153895567594, 0.009607246608870683, 0.0006393521231818429, 0.0045659059994102415
2014-03-04, 0.07394912151659733, 0.02096069868995635, 0.16282225237449113, 0.16031652236466884, 0.22442184007663193, 0.008259153895567594, 0.009607246608870683, 0.0006393521231818429, 0.0045659059994102415
2014-03-04, 0.07394912151659733, 0.02096069868995635, 0.16282225237449113, 0.16031652236466884, 0.22442184007663193, 0.008259153895567594, 0.009607246608870683, 0.0006393521231818429, 0.0045659059994102415
2014-03-04, 0.07394912151659733, 0.02096069868995635, 0.16282225237449113, 0.16031652236466884, 0.22442184007663193, 0.008259153895567594, 0.009607246608870683, 0.0006393521231818429, 0.0045659059994102415
2014-03-04, 0.07394912151659733, 0.02096069868995635, 0.16282225237449113, 0.16031652236466884, 0.22442184007663193, 0.008259153895567594, 0.009607246608870683, 0.0006393521231818429, 0.0045659059994102415
2014-03-04, 0.07394912151659733, 0.02096069868995635, 0.16282225237449113, 0.16031652236466884, 0.22442184007663193, 0.008259153895567594, 0.009607246608870683, 0.0006393521231818429, 0.0045659059994102415
2014-03-04, 0.07394912151659733, 0.02096069868995635, 0.16282225237449113, 0.16031652236466884, 0.22442184007663193, 0.008259153895567594, 0.009607246608870683, 0.0006393521231818429, 0.0045659059994102415
2014-03-04, 0.07394912151659733, 0.02096069868995635, 0.16282225237449113, 0.16031652236466884, 0.22442184007663193, 0.008259153895567594, 0.009607246608870683, 0.0006393521231818429, 0.0045659059994102415
2014-03-04, 0.07394912151659733, 0.02096069868995635, 0.16282225237449113, 0.16031652236466884, 0.22442184007663193, 0.008259153895567594, 0.009607246608870683, 0.0006393521231818429, 0.0045659059994102415
2014-03-04, 0.0944449719052051, 0.06288209606986905, 0.13956193060670666, 0.26822187395627267, 0.25179035715914794, 0.013765256492612657, 0.012352174211405168, 0.0012787042463636858, 0.005707382499262802
2014-03-04, 0.0944449719052051, 0.06288209606986905, 0.13956193060670666, 0.26822187395627267, 0.25179035715914794, 0.013765256492612657, 0.012352174211405168, 0.0012787042463636858, 0.005707382499262802
2014-03-04, 0.0944449719052051, 0.06288209606986905, 0.13956193060670666, 0.26822187395627267, 0.25179035715914794, 0.013765256492612657, 0.012352174211405168, 0.0012787042463636858, 0.005707382499262802
2014-03-04, 0.061690295297927106, 0.0419213973799127, 0.12405504942818368, 0.12332040181897604, 0.17789536103635462, 0.011012205194090127, 0.010979710410137926, 0.0031967606159092146, 0.0011414764998525604
2014-02-02, 0.12644124733061635, 0.10480349344978152, 0.10079472766039921, 0.20964468309225898, 0.5720020070245863, 0.008259153895567594, 0.010979710410137926, 0.0044754648622729, 0.0005707382499262802
2014-02-02, 0.10518670826417101, 0.08384279475982516, 0.15506881178522963, 0.15723351231919425, 0.42147516307074767, 0.008259153895567594, 0.010979710410137926, 0.0006393521231818429, 0.003995167749483961
2014-02-02, 0.10518670826417101, 0.08384279475982516, 0.15506881178522963, 0.15723351231919425, 0.42147516307074767, 0.008259153895567594, 0.010979710410137926, 0.0006393521231818429, 0.003995167749483961
2014-02-02, 0.10518670826417101, 0.08384279475982516, 0.15506881178522963, 0.15723351231919425, 0.42147516307074767, 0.008259153895567594, 0.010979710410137926, 0.0006393521231818429, 0.003995167749483961
2014-02-02, 0.10518670826417101, 0.08384279475982516, 0.15506881178522963, 0.15723351231919425, 0.42147516307074767, 0.008259153895567594, 0.010979710410137926, 0.0006393521231818429, 0.003995167749483961
2014-02-02, 0.10518670826417101, 0.08384279475982516, 0.15506881178522963, 0.15723351231919425, 0.42147516307074767, 0.008259153895567594, 0.010979710410137926, 0.0006393521231818429, 0.003995167749483961
2014-02-02, 0.10518670826417101, 0.08384279475982516, 0.15506881178522963, 0.15723351231919425, 0.42147516307074767, 0.008259153895567594, 0.010979710410137926, 0.0006393521231818429, 0.003995167749483961
2014-02-02, 0.10518670826417101, 0.08384279475982516, 0.15506881178522963, 0.15723351231919425, 0.42147516307074767, 0.008259153895567594, 0.010979710410137926, 0.0006393521231818429, 0.003995167749483961
2014-02-02, 0.10518670826417101, 0.08384279475982516, 0.15506881178522963, 0.15723351231919425, 0.42147516307074767, 0.008259153895567594, 0.010979710410137926, 0.0006393521231818429, 0.003995167749483961
2014-02-02, 0.10518670826417101, 0.08384279475982516, 0.15506881178522963, 0.15723351231919425, 0.42147516307074767, 0.008259153895567594, 0.010979710410137926, 0.0006393521231818429, 0.003995167749483961
2014-02-02, 0.10518670826417101, 0.08384279475982516, 0.15506881178522963, 0.15723351231919425, 0.42147516307074767, 0.008259153895567594, 0.010979710410137926, 0.0006393521231818429, 0.003995167749483961
2014-02-02, 0.186922615875627, 0.2724890829694321, 0.16282225237449113, 0.33604809495670934, 0.6978971856041603, 0.011012205194090127, 0.010979710410137926, 0.0012787042463636858, 0.002853691249631401
2014-02-02, 0.186922615875627, 0.2724890829694321, 0.16282225237449113, 0.33604809495670934, 0.6978971856041603, 0.011012205194090127, 0.010979710410137926, 0.0012787042463636858, 0.002853691249631401
2014-02-02, 0.09065353171510024, 0.020960698689956116, 0.09304128707113772, 0.14490147213729662, 0.4461068284450123, 0.008259153895567594, 0.009607246608870683, 0.0006393521231818429, 0.0017122147497788405
2014-02-02, 0.09891604039708561, 0.020960698689956116, 0.1085481682496607, 0.1664825424556175, 0.47347534552752835, 0.008259153895567594, 0.009607246608870683, 0.0, 0.003995167749483961
2014-01-03, 0.10488587860269591, 0.0838427947598254, 0.16282225237449113, 0.16339953241014318, 0.4023172011129866, 0.008259153895567594, 0.010979710410137926, 0.005754169108636586, 0.0017122147497788405
2014-01-03, 0.08311643713069898, 0.0419213973799127, 0.1783291335530141, 0.08940729131875755, 0.33389590840669636, 0.008259153895567594, 0.0068623190063361985, 0.005114816985454743, 0.0011414764998525604
2014-01-03, 0.08311643713069898, 0.0419213973799127, 0.1783291335530141, 0.08940729131875755, 0.33389590840669636, 0.008259153895567594, 0.0068623190063361985, 0.005114816985454743, 0.0011414764998525604
2014-01-03, 0.08311643713069898, 0.0419213973799127, 0.1783291335530141, 0.08940729131875755, 0.33389590840669636, 0.008259153895567594, 0.0068623190063361985, 0.005114816985454743, 0.0011414764998525604
2014-01-03, 0.08311643713069898, 0.0419213973799127, 0.1783291335530141, 0.08940729131875755, 0.33389590840669636, 0.008259153895567594, 0.0068623190063361985, 0.005114816985454743, 0.0011414764998525604
2014-01-03, 0.08311643713069898, 0.0419213973799127, 0.1783291335530141, 0.08940729131875755, 0.33389590840669636, 0.008259153895567594, 0.0068623190063361985, 0.005114816985454743, 0.0011414764998525604
2014-01-03, 0.08311643713069898, 0.0419213973799127, 0.1783291335530141, 0.08940729131875755, 0.33389590840669636, 0.008259153895567594, 0.0068623190063361985, 0.005114816985454743, 0.0011414764998525604
2014-01-03, 0.08311643713069898, 0.0419213973799127, 0.1783291335530141, 0.08940729131875755, 0.33389590840669636, 0.008259153895567594, 0.0068623190063361985, 0.005114816985454743, 0.0011414764998525604
2014-01-03, 0.08311643713069898, 0.0419213973799127, 0.1783291335530141, 0.08940729131875755, 0.33389590840669636, 0.008259153895567594, 0.0068623190063361985, 0.005114816985454743, 0.0011414764998525604
2014-01-03, 0.08311643713069898, 0.0419213973799127, 0.1783291335530141, 0.08940729131875755, 0.33389590840669636, 0.008259153895567594, 0.0068623190063361985, 0.005114816985454743, 0.0011414764998525604
2014-01-03, 0.08311643713069898, 0.0419213973799127, 0.1783291335530141, 0.08940729131875755, 0.33389590840669636, 0.008259153895567594, 0.0068623190063361985, 0.005114816985454743, 0.0011414764998525604
2014-01-03, 0.15484733524208638, 0.10480349344978152, 0.19383601473153708, 0.2898029442745935, 0.6157916343566118, 0.013765256492612657, 0.01372463801267241, 0.0019180563695455287, 0.005136644249336521
2014-01-03, 0.15484733524208638, 0.10480349344978152, 0.19383601473153708, 0.2898029442745935, 0.6157916343566118, 0.013765256492612657, 0.01372463801267241, 0.0019180563695455287, 0.005136644249336521
2014-01-03, 0.09203120945529766, 0.0838427947598254, 0.13180849001744516, 0.13256943195539903, 0.36673812890571567, 0.008259153895567594, 0.009607246608870683, 0.0, 0.003424429499557681
2014-01-03, 0.08887222294412217, 0.02096069868995635, 0.16282225237449113, 0.13565244200087365, 0.3694749806139672, 0.008259153895567594, 0.009607246608870683, 0.0019180563695455287, 0.0022829529997051208
2013-12-04, 0.08140448583997324, 0.1467248908296942, 0.0852878464818764, 0.05549418081853935, 0.3448433152397028, 0.008259153895567594, 0.005489855205068971, 0.0, 0.005136644249336521
2013-12-04, 0.08140448583997324, 0.1467248908296942, 0.0852878464818764, 0.05549418081853935, 0.3448433152397028, 0.008259153895567594, 0.005489855205068971, 0.0, 0.005136644249336521
2013-12-04, 0.08140448583997324, 0.1467248908296942, 0.0852878464818764, 0.05549418081853935, 0.3448433152397028, 0.008259153895567594, 0.005489855205068971, 0.0, 0.005136644249336521
2013-12-04, 0.08140448583997324, 0.1467248908296942, 0.0852878464818764, 0.05549418081853935, 0.3448433152397028, 0.008259153895567594, 0.005489855205068971, 0.0, 0.005136644249336521
2013-12-04, 0.08140448583997324, 0.1467248908296942, 0.0852878464818764, 0.05549418081853935, 0.3448433152397028, 0.008259153895567594, 0.005489855205068971, 0.0, 0.005136644249336521
2013-12-04, 0.08140448583997324, 0.1467248908296942, 0.0852878464818764, 0.05549418081853935, 0.3448433152397028, 0.008259153895567594, 0.005489855205068971, 0.0, 0.005136644249336521
2013-12-04, 0.08140448583997324, 0.1467248908296942, 0.0852878464818764, 0.05549418081853935, 0.3448433152397028, 0.008259153895567594, 0.005489855205068971, 0.0, 0.005136644249336521
2013-12-04, 0.08140448583997324, 0.1467248908296942, 0.0852878464818764, 0.05549418081853935, 0.3448433152397028, 0.008259153895567594, 0.005489855205068971, 0.0, 0.005136644249336521
2013-12-04, 0.08140448583997324, 0.1467248908296942, 0.0852878464818764, 0.05549418081853935, 0.3448433152397028, 0.008259153895567594, 0.005489855205068971, 0.0, 0.005136644249336521
2013-12-04, 0.08140448583997324, 0.1467248908296942, 0.0852878464818764, 0.05549418081853935, 0.3448433152397028, 0.008259153895567594, 0.005489855205068971, 0.0, 0.005136644249336521
2013-12-04, 0.08140448583997324, 0.1467248908296942, 0.0852878464818764, 0.05549418081853935, 0.3448433152397028, 0.008259153895567594, 0.005489855205068971, 0.0, 0.005136644249336521
2013-12-04, 0.16973096167730617, 0.25152838427947594, 0.062027524714091925, 0.36071217532050454, 0.6568444099803861, 0.011012205194090127, 0.008234782807603456, 0.0006393521231818429, 0.006848858999115362
2013-12-04, 0.16973096167730617, 0.25152838427947594, 0.062027524714091925, 0.36071217532050454, 0.6568444099803861, 0.011012205194090127, 0.008234782807603456, 0.0006393521231818429, 0.006848858999115362
2013-12-04, 0.16973096167730617, 0.25152838427947594, 0.062027524714091925, 0.36071217532050454, 0.6568444099803861, 0.011012205194090127, 0.008234782807603456, 0.0006393521231818429, 0.006848858999115362
2013-12-04, 0.10122959759697311, 0.20960698689956325, 0.0775344058926149, 0.12640341186445037, 0.3804223874469737, 0.008259153895567594, 0.004117391403801728, 0.0006393521231818429, 0.002853691249631401
2013-11-04, 0.13573087874043097, 0.2724890829694323, 0.14731537119596796, 0.2558898337743751, 0.3886329425717283, 0.011012205194090111, 0.0027449276025344853, 0.0031967606159092146, 0.0045659059994102415
2013-11-04, 0.13573087874043097, 0.2724890829694323, 0.14731537119596796, 0.2558898337743751, 0.3886329425717283, 0.011012205194090111, 0.0027449276025344853, 0.0031967606159092146, 0.0045659059994102415
2013-11-04, 0.13573087874043097, 0.2724890829694323, 0.14731537119596796, 0.2558898337743751, 0.3886329425717283, 0.011012205194090111, 0.0027449276025344853, 0.0031967606159092146, 0.0045659059994102415
2013-11-04, 0.13573087874043097, 0.2724890829694323, 0.14731537119596796, 0.2558898337743751, 0.3886329425717283, 0.011012205194090111, 0.0027449276025344853, 0.0031967606159092146, 0.0045659059994102415
2013-11-04, 0.13573087874043097, 0.2724890829694323, 0.14731537119596796, 0.2558898337743751, 0.3886329425717283, 0.011012205194090111, 0.0027449276025344853, 0.0031967606159092146, 0.0045659059994102415
2013-11-04, 0.13573087874043097, 0.2724890829694323, 0.14731537119596796, 0.2558898337743751, 0.3886329425717283, 0.011012205194090111, 0.0027449276025344853, 0.0031967606159092146, 0.0045659059994102415
2013-11-04, 0.13573087874043097, 0.2724890829694323, 0.14731537119596796, 0.2558898337743751, 0.3886329425717283, 0.011012205194090111, 0.0027449276025344853, 0.0031967606159092146, 0.0045659059994102415
2013-11-04, 0.13573087874043097, 0.2724890829694323, 0.14731537119596796, 0.2558898337743751, 0.3886329425717283, 0.011012205194090111, 0.0027449276025344853, 0.0031967606159092146, 0.0045659059994102415
2013-11-04, 0.13573087874043097, 0.2724890829694323, 0.14731537119596796, 0.2558898337743751, 0.3886329425717283, 0.011012205194090111, 0.0027449276025344853, 0.0031967606159092146, 0.0045659059994102415
2013-11-04, 0.13573087874043097, 0.2724890829694323, 0.14731537119596796, 0.2558898337743751, 0.3886329425717283, 0.011012205194090111, 0.0027449276025344853, 0.0031967606159092146, 0.0045659059994102415
2013-11-04, 0.13573087874043097, 0.2724890829694323, 0.14731537119596796, 0.2558898337743751, 0.3886329425717283, 0.011012205194090111, 0.0027449276025344853, 0.0031967606159092146, 0.0045659059994102415
2013-11-04, 0.15067756380880887, 0.314410480349345, 0.1240550494281835, 0.31138401459291415, 0.4324225699037541, 0.011012205194090111, 0.006862319006336213, 0.0012787042463636858, 0.003995167749483961
2013-11-04, 0.15067756380880887, 0.314410480349345, 0.1240550494281835, 0.31138401459291415, 0.4324225699037541, 0.011012205194090111, 0.006862319006336213, 0.0012787042463636858, 0.003995167749483961
2013-11-04, 0.15067756380880887, 0.314410480349345, 0.1240550494281835, 0.31138401459291415, 0.4324225699037541, 0.011012205194090111, 0.006862319006336213, 0.0012787042463636858, 0.003995167749483961
2013-11-04, 0.13172152495755113, 0.2724890829694323, 0.16282225237449097, 0.19422963286488704, 0.4077909045294897, 0.008259153895567594, 0.004117391403801728, 0.0006393521231818429, 0.003424429499557681
2013-10-05, 0.09623727401506799, 0.12576419213973786, 0.12405504942818385, 0.0955733114097065, 0.40505405282123813, 0.005506102597045048, 0.009607246608870683, 0.0031967606159092146, 0.0011414764998525604
2013-10-05, 0.10024395076421636, 0.20960698689956325, 0.13956193060670682, 0.05857719086401368, 0.3804223874469737, 0.0, 0.00823478280760344, 0.0038361127390910575, 0.0017122147497788405
2013-10-05, 0.10024395076421636, 0.20960698689956325, 0.13956193060670682, 0.05857719086401368, 0.3804223874469737, 0.0, 0.00823478280760344, 0.0038361127390910575, 0.0017122147497788405
2013-10-05, 0.10024395076421636, 0.20960698689956325, 0.13956193060670682, 0.05857719086401368, 0.3804223874469737, 0.0, 0.00823478280760344, 0.0038361127390910575, 0.0017122147497788405
2013-10-05, 0.10024395076421636, 0.20960698689956325, 0.13956193060670682, 0.05857719086401368, 0.3804223874469737, 0.0, 0.00823478280760344, 0.0038361127390910575, 0.0017122147497788405
2013-10-05, 0.10024395076421636, 0.20960698689956325, 0.13956193060670682, 0.05857719086401368, 0.3804223874469737, 0.0, 0.00823478280760344, 0.0038361127390910575, 0.0017122147497788405
2013-10-05, 0.10024395076421636, 0.20960698689956325, 0.13956193060670682, 0.05857719086401368, 0.3804223874469737, 0.0, 0.00823478280760344, 0.0038361127390910575, 0.0017122147497788405
2013-10-05, 0.10024395076421636, 0.20960698689956325, 0.13956193060670682, 0.05857719086401368, 0.3804223874469737, 0.0, 0.00823478280760344, 0.0038361127390910575, 0.0017122147497788405
2013-10-05, 0.10024395076421636, 0.20960698689956325, 0.13956193060670682, 0.05857719086401368, 0.3804223874469737, 0.0, 0.00823478280760344, 0.0038361127390910575, 0.0017122147497788405
2013-10-05, 0.10024395076421636, 0.20960698689956325, 0.13956193060670682, 0.05857719086401368, 0.3804223874469737, 0.0, 0.00823478280760344, 0.0038361127390910575, 0.0017122147497788405
2013-10-05, 0.10024395076421636, 0.20960698689956325, 0.13956193060670682, 0.05857719086401368, 0.3804223874469737, 0.0, 0.00823478280760344, 0.0038361127390910575, 0.0017122147497788405
2013-10-05, 0.16074087121797417, 0.25152838427947594, 0.14731537119596833, 0.3144670246383887, 0.5473703416503216, 0.00825915389556758, 0.012352174211405168, 0.0006393521231818429, 0.003995167749483961
2013-10-05, 0.16074087121797417, 0.25152838427947594, 0.14731537119596833, 0.3144670246383887, 0.5473703416503216, 0.00825915389556758, 0.012352174211405168, 0.0006393521231818429, 0.003995167749483961
2013-10-05, 0.09406263418420925, 0.10480349344978152, 0.062027524714091925, 0.13873545204634796, 0.426948866487251, 0.0027530512985225316, 0.009607246608870683, 0.0019180563695455287, 0.005707382499262802
2013-10-05, 0.09537726819450507, 0.10480349344978152, 0.06978096530335341, 0.1171543817280271, 0.44884368015326387, 0.00825915389556758, 0.010979710410137926, 0.0031967606159092146, 0.0
2013-09-05, 0.0901524031705833, 0.1467248908296942, 0.11630160883892236, 0.1171543817280271, 0.3120010947406835, 0.0027530512985225316, 0.015097101813939653, 0.0031967606159092146, 0.00799033549896791
2013-09-05, 0.08955336652035169, 0.12576419213973786, 0.10079472766039937, 0.10173933150065516, 0.3585275737809608, 0.005506102597045063, 0.016469565615206898, 0.0019180563695455287, 0.005707382499262789
2013-09-05, 0.08955336652035169, 0.12576419213973786, 0.10079472766039937, 0.10173933150065516, 0.3585275737809608, 0.005506102597045063, 0.016469565615206898, 0.0019180563695455287, 0.005707382499262789
2013-09-05, 0.08955336652035169, 0.12576419213973786, 0.10079472766039937, 0.10173933150065516, 0.3585275737809608, 0.005506102597045063, 0.016469565615206898, 0.0019180563695455287, 0.005707382499262789
2013-09-05, 0.08955336652035169, 0.12576419213973786, 0.10079472766039937, 0.10173933150065516, 0.3585275737809608, 0.005506102597045063, 0.016469565615206898, 0.0019180563695455287, 0.005707382499262789
2013-09-05, 0.08955336652035169, 0.12576419213973786, 0.10079472766039937, 0.10173933150065516, 0.3585275737809608, 0.005506102597045063, 0.016469565615206898, 0.0019180563695455287, 0.005707382499262789
2013-09-05, 0.08955336652035169, 0.12576419213973786, 0.10079472766039937, 0.10173933150065516, 0.3585275737809608, 0.005506102597045063, 0.016469565615206898, 0.0019180563695455287, 0.005707382499262789
2013-09-05, 0.08955336652035169, 0.12576419213973786, 0.10079472766039937, 0.10173933150065516, 0.3585275737809608, 0.005506102597045063, 0.016469565615206898, 0.0019180563695455287, 0.005707382499262789
2013-09-05, 0.08955336652035169, 0.12576419213973786, 0.10079472766039937, 0.10173933150065516, 0.3585275737809608, 0.005506102597045063, 0.016469565615206898, 0.0019180563695455287, 0.005707382499262789
2013-09-05, 0.08955336652035169, 0.12576419213973786, 0.10079472766039937, 0.10173933150065516, 0.3585275737809608, 0.005506102597045063, 0.016469565615206898, 0.0019180563695455287, 0.005707382499262789
2013-09-05, 0.08955336652035169, 0.12576419213973786, 0.10079472766039937, 0.10173933150065516, 0.3585275737809608, 0.005506102597045063, 0.016469565615206898, 0.0019180563695455287, 0.005707382499262789
2013-09-05, 0.1518497053305909, 0.1886462882096069, 0.09304128707113789, 0.3576291652750302, 0.5501071933585732, 0.0, 0.016469565615206898, 0.0031967606159092146, 0.005707382499262789
2013-09-05, 0.1518497053305909, 0.1886462882096069, 0.09304128707113789, 0.3576291652750302, 0.5501071933585732, 0.0, 0.016469565615206898, 0.0031967606159092146, 0.005707382499262789
2013-09-05, 0.05808011629511788, 0.020960698689956116, 0.062027524714091925, 0.05857719086401368, 0.2955799844911737, 0.005506102597045063, 0.01372463801267241, 0.0025574084927273717, 0.005707382499262789
2013-09-05, 0.12997092227257617, 0.16768558951965057, 0.09304128707113789, 0.21889371322868226, 0.5282123796925603, 0.0027530512985225316, 0.01372463801267241, 0.005754169108636586, 0.00970255024874675
2013-08-06, 0.10347839009562948, 0.0419213973799127, 0.17057569296375263, 0.1264034118644501, 0.440633125028509, 0.0, 0.015097101813939669, 0.011508338217273158, 0.02168805349719862
2013-08-06, 0.08391496577555105, 0.02096069868995635, 0.12405504942818385, 0.024664080363795207, 0.454317383569767, 0.0027530512985225316, 0.013724638012672426, 0.010868986094091315, 0.01997583874741978
2013-08-06, 0.08391496577555105, 0.02096069868995635, 0.12405504942818385, 0.024664080363795207, 0.454317383569767, 0.0027530512985225316, 0.013724638012672426, 0.010868986094091315, 0.01997583874741978
2013-08-06, 0.08391496577555105, 0.02096069868995635, 0.12405504942818385, 0.024664080363795207, 0.454317383569767, 0.0027530512985225316, 0.013724638012672426, 0.010868986094091315, 0.01997583874741978
2013-08-06, 0.08391496577555105, 0.02096069868995635, 0.12405504942818385, 0.024664080363795207, 0.454317383569767, 0.0027530512985225316, 0.013724638012672426, 0.010868986094091315, 0.01997583874741978
2013-08-06, 0.08391496577555105, 0.02096069868995635, 0.12405504942818385, 0.024664080363795207, 0.454317383569767, 0.0027530512985225316, 0.013724638012672426, 0.010868986094091315, 0.01997583874741978
2013-08-06, 0.08391496577555105, 0.02096069868995635, 0.12405504942818385, 0.024664080363795207, 0.454317383569767, 0.0027530512985225316, 0.013724638012672426, 0.010868986094091315, 0.01997583874741978
2013-08-06, 0.08391496577555105, 0.02096069868995635, 0.12405504942818385, 0.024664080363795207, 0.454317383569767, 0.0027530512985225316, 0.013724638012672426, 0.010868986094091315, 0.01997583874741978
2013-08-06, 0.08391496577555105, 0.02096069868995635, 0.12405504942818385, 0.024664080363795207, 0.454317383569767, 0.0027530512985225316, 0.013724638012672426, 0.010868986094091315, 0.01997583874741978
2013-08-06, 0.08391496577555105, 0.02096069868995635, 0.12405504942818385, 0.024664080363795207, 0.454317383569767, 0.0027530512985225316, 0.013724638012672426, 0.010868986094091315, 0.01997583874741978
2013-08-06, 0.08391496577555105, 0.02096069868995635, 0.12405504942818385, 0.024664080363795207, 0.454317383569767, 0.0027530512985225316, 0.013724638012672426, 0.010868986094091315, 0.01997583874741978
2013-08-06, 0.1726433418827796, 0.2724890829694323, 0.17057569296375263, 0.24047478354700286, 0.6404232997308763, 0.0055061025970450555, 0.01784202941647414, 0.012147690340455, 0.02168805349719862
2013-08-06, 0.1726433418827796, 0.2724890829694323, 0.17057569296375263, 0.24047478354700286, 0.6404232997308763, 0.0055061025970450555, 0.01784202941647414, 0.012147690340455, 0.02168805349719862
2013-08-06, 0.04362827404421647, 0.0, 0.06978096530335341, 0.0030830100454743324, 0.22989554349313504, 0.0, 0.01784202941647414, 0.009590281847727629, 0.01883436224756722
2013-08-06, 0.1372286500757009, 0.0838427947598254, 0.15506881178522963, 0.22505973331963092, 0.5774757104410894, 0.0055061025970450555, 0.016469565615206898, 0.012147690340455, 0.0222587917471249
2013-07-07, 0.08019684566989922, 0.10480349344978152, 0.09304128707113789, 0.052411170773064744, 0.35579072207270923, 0.0, 0.01372463801267241, 0.006393521231818415, 0.015409932748009551
2013-07-07, 0.07503453485088213, 0.1467248908296942, 0.0852878464818764, 0.003083010045474606, 0.3174747981571866, 0.0027530512985225316, 0.010979710410137926, 0.013426394586818687, 0.02054657699734606
2013-07-07, 0.07503453485088213, 0.1467248908296942, 0.0852878464818764, 0.003083010045474606, 0.3174747981571866, 0.0027530512985225316, 0.010979710410137926, 0.013426394586818687, 0.02054657699734606
2013-07-07, 0.07503453485088213, 0.1467248908296942, 0.0852878464818764, 0.003083010045474606, 0.3174747981571866, 0.0027530512985225316, 0.010979710410137926, 0.013426394586818687, 0.02054657699734606
2013-07-07, 0.07503453485088213, 0.1467248908296942, 0.0852878464818764, 0.003083010045474606, 0.3174747981571866, 0.0027530512985225316, 0.010979710410137926, 0.013426394586818687, 0.02054657699734606
2013-07-07, 0.07503453485088213, 0.1467248908296942, 0.0852878464818764, 0.003083010045474606, 0.3174747981571866, 0.0027530512985225316, 0.010979710410137926, 0.013426394586818687, 0.02054657699734606
2013-07-07, 0.07503453485088213, 0.1467248908296942, 0.0852878464818764, 0.003083010045474606, 0.3174747981571866, 0.0027530512985225316, 0.010979710410137926, 0.013426394586818687, 0.02054657699734606
2013-07-07, 0.07503453485088213, 0.1467248908296942, 0.0852878464818764, 0.003083010045474606, 0.3174747981571866, 0.0027530512985225316, 0.010979710410137926, 0.013426394586818687, 0.02054657699734606
2013-07-07, 0.07503453485088213, 0.1467248908296942, 0.0852878464818764, 0.003083010045474606, 0.3174747981571866, 0.0027530512985225316, 0.010979710410137926, 0.013426394586818687, 0.02054657699734606
2013-07-07, 0.07503453485088213, 0.1467248908296942, 0.0852878464818764, 0.003083010045474606, 0.3174747981571866, 0.0027530512985225316, 0.010979710410137926, 0.013426394586818687, 0.02054657699734606
2013-07-07, 0.07503453485088213, 0.1467248908296942, 0.0852878464818764, 0.003083010045474606, 0.3174747981571866, 0.0027530512985225316, 0.010979710410137926, 0.013426394586818687, 0.02054657699734606
2013-07-07, 0.14061237994911793, 0.314410480349345, 0.09304128707113789, 0.20039565295583597, 0.4816859006522832, 0.0, 0.012352174211405168, 0.007032873355000258, 0.015980670997935834
2013-07-07, 0.14061237994911793, 0.314410480349345, 0.09304128707113789, 0.20039565295583597, 0.4816859006522832, 0.0, 0.012352174211405168, 0.007032873355000258, 0.015980670997935834
2013-07-07, 0.10864545906492981, 0.20960698689956325, 0.0775344058926149, 0.15106749222824556, 0.39136979427998014, 0.002753051298522524, 0.015097101813939653, 0.005754169108636572, 0.015980670997935834
2013-07-07, 0.09558974489678543, 0.1467248908296942, 0.10079472766039937, 0.12023739177350169, 0.3585275737809608, 0.0027530512985225316, 0.009607246608870698, 0.008950929724545786, 0.01712214749778838
2013-06-07, 0.08779271091388072, 0.06288209606986882, 0.054274084124830604, 0.13565244200087365, 0.4077909045294897, 0.0055061025970450555, 0.01372463801267241, 0.0076722254781821, 0.014839194498083273
2013-06-07, 0.08779271091388072, 0.06288209606986882, 0.054274084124830604, 0.13565244200087365, 0.4077909045294897, 0.0055061025970450555, 0.01372463801267241, 0.0076722254781821, 0.014839194498083273
2013-06-07, 0.08779271091388072, 0.06288209606986882, 0.054274084124830604, 0.13565244200087365, 0.4077909045294897, 0.0055061025970450555, 0.01372463801267241, 0.0076722254781821, 0.014839194498083273
2013-06-07, 0.08779271091388072, 0.06288209606986882, 0.054274084124830604, 0.13565244200087365, 0.4077909045294897, 0.0055061025970450555, 0.01372463801267241, 0.0076722254781821, 0.014839194498083273
2013-06-07, 0.08779271091388072, 0.06288209606986882, 0.054274084124830604, 0.13565244200087365, 0.4077909045294897, 0.0055061025970450555, 0.01372463801267241, 0.0076722254781821, 0.014839194498083273
2013-06-07, 0.08779271091388072, 0.06288209606986882, 0.054274084124830604, 0.13565244200087365, 0.4077909045294897, 0.0055061025970450555, 0.01372463801267241, 0.0076722254781821, 0.014839194498083273
2013-06-07, 0.08779271091388072, 0.06288209606986882, 0.054274084124830604, 0.13565244200087365, 0.4077909045294897, 0.0055061025970450555, 0.01372463801267241, 0.0076722254781821, 0.014839194498083273
2013-06-07, 0.08779271091388072, 0.06288209606986882, 0.054274084124830604, 0.13565244200087365, 0.4077909045294897, 0.0055061025970450555, 0.01372463801267241, 0.0076722254781821, 0.014839194498083273
2013-06-07, 0.08779271091388072, 0.06288209606986882, 0.054274084124830604, 0.13565244200087365, 0.4077909045294897, 0.0055061025970450555, 0.01372463801267241, 0.0076722254781821, 0.014839194498083273
2013-06-07, 0.08779271091388072, 0.06288209606986882, 0.054274084124830604, 0.13565244200087365, 0.4077909045294897, 0.0055061025970450555, 0.01372463801267241, 0.0076722254781821, 0.014839194498083273
2013-06-07, 0.08779271091388072, 0.06288209606986882, 0.054274084124830604, 0.13565244200087365, 0.4077909045294897, 0.0055061025970450555, 0.01372463801267241, 0.0076722254781821, 0.014839194498083273
2013-06-07, 0.14214232448257447, 0.12576419213973786, 0.054274084124830604, 0.28055391413817027, 0.6349495963143732, 0.0027530512985225316, 0.016469565615206898, 0.006393521231818415, 0.01598067099793582
2013-06-07, 0.14214232448257447, 0.12576419213973786, 0.054274084124830604, 0.28055391413817027, 0.6349495963143732, 0.0027530512985225316, 0.016469565615206898, 0.006393521231818415, 0.01598067099793582
2013-06-07, 0.14214232448257447, 0.12576419213973786, 0.054274084124830604, 0.28055391413817027, 0.6349495963143732, 0.0027530512985225316, 0.016469565615206898, 0.006393521231818415, 0.01598067099793582
2013-06-07, 0.092655541540592, 0.020960698689956116, 0.023260321767784645, 0.14798448218277124, 0.5063175660265476, 0.0055061025970450555, 0.012352174211405168, 0.008311577601363944, 0.0165514092478621
2013-05-08, 0.09760884666778864, 0.10480349344978175, 0.023260321767784645, 0.20656167304678463, 0.4187383113624961, 0.008259153895567587, 0.012352174211405168, 0.005754169108636572, 0.0011414764998525604
2013-05-08, 0.09760884666778864, 0.10480349344978175, 0.023260321767784645, 0.20656167304678463, 0.4187383113624961, 0.008259153895567587, 0.012352174211405168, 0.005754169108636572, 0.0011414764998525604
2013-05-08, 0.09760884666778864, 0.10480349344978175, 0.023260321767784645, 0.20656167304678463, 0.4187383113624961, 0.008259153895567587, 0.012352174211405168, 0.005754169108636572, 0.0011414764998525604
2013-05-08, 0.09760884666778864, 0.10480349344978175, 0.023260321767784645, 0.20656167304678463, 0.4187383113624961, 0.008259153895567587, 0.012352174211405168, 0.005754169108636572, 0.0011414764998525604
2013-05-08, 0.09760884666778864, 0.10480349344978175, 0.023260321767784645, 0.20656167304678463, 0.4187383113624961, 0.008259153895567587, 0.012352174211405168, 0.005754169108636572, 0.0011414764998525604
2013-05-08, 0.09760884666778864, 0.10480349344978175, 0.023260321767784645, 0.20656167304678463, 0.4187383113624961, 0.008259153895567587, 0.012352174211405168, 0.005754169108636572, 0.0011414764998525604
2013-05-08, 0.09760884666778864, 0.10480349344978175, 0.023260321767784645, 0.20656167304678463, 0.4187383113624961, 0.008259153895567587, 0.012352174211405168, 0.005754169108636572, 0.0011414764998525604
2013-05-08, 0.09760884666778864, 0.10480349344978175, 0.023260321767784645, 0.20656167304678463, 0.4187383113624961, 0.008259153895567587, 0.012352174211405168, 0.005754169108636572, 0.0011414764998525604
2013-05-08, 0.09760884666778864, 0.10480349344978175, 0.023260321767784645, 0.20656167304678463, 0.4187383113624961, 0.008259153895567587, 0.012352174211405168, 0.005754169108636572, 0.0011414764998525604
2013-05-08, 0.09760884666778864, 0.10480349344978175, 0.023260321767784645, 0.20656167304678463, 0.4187383113624961, 0.008259153895567587, 0.012352174211405168, 0.005754169108636572, 0.0011414764998525604
2013-05-08, 0.09760884666778864, 0.10480349344978175, 0.023260321767784645, 0.20656167304678463, 0.4187383113624961, 0.008259153895567587, 0.012352174211405168, 0.005754169108636572, 0.0011414764998525604
2013-05-08, 0.14012401981947745, 0.06288209606986905, 0.046520643535568944, 0.3206330447293374, 0.6595812616886376, 0.0055061025970450555, 0.012352174211405168, 0.008950929724545786, 0.0045659059994102285
2013-05-08, 0.14012401981947745, 0.06288209606986905, 0.046520643535568944, 0.3206330447293374, 0.6595812616886376, 0.0055061025970450555, 0.012352174211405168, 0.008950929724545786, 0.0045659059994102285
2013-05-08, 0.14012401981947745, 0.06288209606986905, 0.046520643535568944, 0.3206330447293374, 0.6595812616886376, 0.0055061025970450555, 0.012352174211405168, 0.008950929724545786, 0.0045659059994102285
2013-05-08, 0.12077150199011126, 0.0838427947598254, 0.031013762357045963, 0.2774709040926959, 0.5446334899420701, 0.0055061025970450555, 0.015097101813939653, 0.005754169108636572, 0.002853691249631401
2013-04-08, 0.0862430889864514, 0.06288209606986882, 0.0775344058926149, 0.13565244200087337, 0.35852757378096056, 0.0, 0.015097101813939653, 0.013426394586818687, 0.026824697746535144
2013-04-08, 0.0862430889864514, 0.06288209606986882, 0.0775344058926149, 0.13565244200087337, 0.35852757378096056, 0.0, 0.015097101813939653, 0.013426394586818687, 0.026824697746535144
2013-04-08, 0.0862430889864514, 0.06288209606986882, 0.0775344058926149, 0.13565244200087337, 0.35852757378096056, 0.0, 0.015097101813939653, 0.013426394586818687, 0.026824697746535144
2013-04-08, 0.0862430889864514, 0.06288209606986882, 0.0775344058926149, 0.13565244200087337, 0.35852757378096056, 0.0, 0.015097101813939653, 0.013426394586818687, 0.026824697746535144
2013-04-08, 0.0862430889864514, 0.06288209606986882, 0.0775344058926149, 0.13565244200087337, 0.35852757378096056, 0.0, 0.015097101813939653, 0.013426394586818687, 0.026824697746535144
2013-04-08, 0.0862430889864514, 0.06288209606986882, 0.0775344058926149, 0.13565244200087337, 0.35852757378096056, 0.0, 0.015097101813939653, 0.013426394586818687, 0.026824697746535144
2013-04-08, 0.0862430889864514, 0.06288209606986882, 0.0775344058926149, 0.13565244200087337, 0.35852757378096056, 0.0, 0.015097101813939653, 0.013426394586818687, 0.026824697746535144
2013-04-08, 0.0862430889864514, 0.06288209606986882, 0.0775344058926149, 0.13565244200087337, 0.35852757378096056, 0.0, 0.015097101813939653, 0.013426394586818687, 0.026824697746535144
2013-04-08, 0.0862430889864514, 0.06288209606986882, 0.0775344058926149, 0.13565244200087337, 0.35852757378096056, 0.0, 0.015097101813939653, 0.013426394586818687, 0.026824697746535144
2013-04-08, 0.0862430889864514, 0.06288209606986882, 0.0775344058926149, 0.13565244200087337, 0.35852757378096056, 0.0, 0.015097101813939653, 0.013426394586818687, 0.026824697746535144
2013-04-08, 0.0862430889864514, 0.06288209606986882, 0.0775344058926149, 0.13565244200087337, 0.35852757378096056, 0.0, 0.015097101813939653, 0.013426394586818687, 0.026824697746535144
2013-04-08, 0.138465286370205, 0.1676855895196508, 0.062027524714091925, 0.25280682372890045, 0.5692651553163345, 0.0027530512985225316, 0.017842029416474132, 0.010229633970909473, 0.0251124829967563
2013-04-08, 0.138465286370205, 0.1676855895196508, 0.062027524714091925, 0.25280682372890045, 0.5692651553163345, 0.0027530512985225316, 0.017842029416474132, 0.010229633970909473, 0.0251124829967563
2013-04-08, 0.138465286370205, 0.1676855895196508, 0.062027524714091925, 0.25280682372890045, 0.5692651553163345, 0.0027530512985225316, 0.017842029416474132, 0.010229633970909473, 0.0251124829967563
2013-04-08, 0.10291325050166221, 0.0419213973799127, 0.06978096530335359, 0.19422963286488704, 0.46252793869452163, 0.0, 0.015097101813939653, 0.01406574671000053, 0.025683221246682583
2013-03-09, 0.09896557518596344, 0.23056768558951962, 0.03876720294630728, 0.11098836163707815, 0.36673812890571544, 0.0, 0.015097101813939653, 0.009590281847727629, 0.019975838747419792
2013-03-09, 0.09896557518596344, 0.23056768558951962, 0.03876720294630728, 0.11098836163707815, 0.36673812890571544, 0.0, 0.015097101813939653, 0.009590281847727629, 0.019975838747419792
2013-03-09, 0.09896557518596344, 0.23056768558951962, 0.03876720294630728, 0.11098836163707815, 0.36673812890571544, 0.0, 0.015097101813939653, 0.009590281847727629, 0.019975838747419792
2013-03-09, 0.09896557518596344, 0.23056768558951962, 0.03876720294630728, 0.11098836163707815, 0.36673812890571544, 0.0, 0.015097101813939653, 0.009590281847727629, 0.019975838747419792
2013-03-09, 0.09896557518596344, 0.23056768558951962, 0.03876720294630728, 0.11098836163707815, 0.36673812890571544, 0.0, 0.015097101813939653, 0.009590281847727629, 0.019975838747419792
2013-03-09, 0.09896557518596344, 0.23056768558951962, 0.03876720294630728, 0.11098836163707815, 0.36673812890571544, 0.0, 0.015097101813939653, 0.009590281847727629, 0.019975838747419792
2013-03-09, 0.09896557518596344, 0.23056768558951962, 0.03876720294630728, 0.11098836163707815, 0.36673812890571544, 0.0, 0.015097101813939653, 0.009590281847727629, 0.019975838747419792
2013-03-09, 0.09896557518596344, 0.23056768558951962, 0.03876720294630728, 0.11098836163707815, 0.36673812890571544, 0.0, 0.015097101813939653, 0.009590281847727629, 0.019975838747419792
2013-03-09, 0.09896557518596344, 0.23056768558951962, 0.03876720294630728, 0.11098836163707815, 0.36673812890571544, 0.0, 0.015097101813939653, 0.009590281847727629, 0.019975838747419792
2013-03-09, 0.09896557518596344, 0.23056768558951962, 0.03876720294630728, 0.11098836163707815, 0.36673812890571544, 0.0, 0.015097101813939653, 0.009590281847727629, 0.019975838747419792
2013-03-09, 0.09896557518596344, 0.23056768558951962, 0.03876720294630728, 0.11098836163707815, 0.36673812890571544, 0.0, 0.015097101813939653, 0.009590281847727629, 0.019975838747419792
2013-03-09, 0.13012534922085278, 0.02096069868995635, 0.06978096530335325, 0.3052179945019652, 0.5884231172740956, 0.002753051298522524, 0.016469565615206898, 0.013426394586818687, 0.023971006496903743
2013-03-09, 0.13012534922085278, 0.02096069868995635, 0.06978096530335325, 0.3052179945019652, 0.5884231172740956, 0.002753051298522524, 0.016469565615206898, 0.013426394586818687, 0.023971006496903743
2013-03-09, 0.13012534922085278, 0.02096069868995635, 0.06978096530335325, 0.3052179945019652, 0.5884231172740956, 0.002753051298522524, 0.016469565615206898, 0.013426394586818687, 0.023971006496903743
2013-03-09, 0.11545971480132963, 0.06288209606986905, 0.07753440589261457, 0.24047478354700286, 0.49537015919354094, 0.0027530512985225316, 0.015097101813939653, 0.009590281847727629, 0.019975838747419792
2013-02-07, 0.08472319700432998, 0.10480349344978152, 0.015506881178522981, 0.12948642190992468, 0.3749486840304703, 0.0, 0.01372463801267241, 0.015344450956364216, 0.023971006496903743
2013-02-07, 0.08472319700432998, 0.10480349344978152, 0.015506881178522981, 0.12948642190992468, 0.3749486840304703, 0.0, 0.01372463801267241, 0.015344450956364216, 0.023971006496903743
2013-02-07, 0.08472319700432998, 0.10480349344978152, 0.015506881178522981, 0.12948642190992468, 0.3749486840304703, 0.0, 0.01372463801267241, 0.015344450956364216, 0.023971006496903743
2013-02-07, 0.08472319700432998, 0.10480349344978152, 0.015506881178522981, 0.12948642190992468, 0.3749486840304703, 0.0, 0.01372463801267241, 0.015344450956364216, 0.023971006496903743
2013-02-07, 0.08472319700432998, 0.10480349344978152, 0.015506881178522981, 0.12948642190992468, 0.3749486840304703, 0.0, 0.01372463801267241, 0.015344450956364216, 0.023971006496903743
2013-02-07, 0.08472319700432998, 0.10480349344978152, 0.015506881178522981, 0.12948642190992468, 0.3749486840304703, 0.0, 0.01372463801267241, 0.015344450956364216, 0.023971006496903743
2013-02-07, 0.08472319700432998, 0.10480349344978152, 0.015506881178522981, 0.12948642190992468, 0.3749486840304703, 0.0, 0.01372463801267241, 0.015344450956364216, 0.023971006496903743
2013-02-07, 0.08472319700432998, 0.10480349344978152, 0.015506881178522981, 0.12948642190992468, 0.3749486840304703, 0.0, 0.01372463801267241, 0.015344450956364216, 0.023971006496903743
2013-02-07, 0.08472319700432998, 0.10480349344978152, 0.015506881178522981, 0.12948642190992468, 0.3749486840304703, 0.0, 0.01372463801267241, 0.015344450956364216, 0.023971006496903743
2013-02-07, 0.08472319700432998, 0.10480349344978152, 0.015506881178522981, 0.12948642190992468, 0.3749486840304703, 0.0, 0.01372463801267241, 0.015344450956364216, 0.023971006496903743
2013-02-07, 0.08472319700432998, 0.10480349344978152, 0.015506881178522981, 0.12948642190992468, 0.3749486840304703, 0.0, 0.01372463801267241, 0.015344450956364216, 0.023971006496903743
2013-02-07, 0.12658799114099517, 0.0, 0.007753440589261319, 0.31138401459291415, 0.6376864480226248, 0.0055061025970450555, 0.016469565615206898, 0.012787042463636844, 0.021117315247272343
2013-02-07, 0.12658799114099517, 0.0, 0.007753440589261319, 0.31138401459291415, 0.6376864480226248, 0.0055061025970450555, 0.016469565615206898, 0.012787042463636844, 0.021117315247272343
2013-02-07, 0.12658799114099517, 0.0, 0.007753440589261319, 0.31138401459291415, 0.6376864480226248, 0.0055061025970450555, 0.016469565615206898, 0.012787042463636844, 0.021117315247272343
2013-02-07, 0.09419320274922964, 0.06288209606986882, 0.054274084124830264, 0.19114662281941244, 0.3886329425717283, 0.0027530512985225316, 0.010979710410137926, 0.0166231552027279, 0.026253959496608862
2013-01-08, 0.11330465505731808, 0.0, 0.10854816824966053, 0.25897284381984964, 0.49263330748528944, 0.0055061025970450555, 0.012352174211405168, 0.009590281847727629, 0.018834362247567234
2013-01-08, 0.11330465505731808, 0.0, 0.10854816824966053, 0.25897284381984964, 0.49263330748528944, 0.0055061025970450555, 0.012352174211405168, 0.009590281847727629, 0.018834362247567234
2013-01-08, 0.11330465505731808, 0.0, 0.10854816824966053, 0.25897284381984964, 0.49263330748528944, 0.0055061025970450555, 0.012352174211405168, 0.009590281847727629, 0.018834362247567234
2013-01-08, 0.11330465505731808, 0.0, 0.10854816824966053, 0.25897284381984964, 0.49263330748528944, 0.0055061025970450555, 0.012352174211405168, 0.009590281847727629, 0.018834362247567234
2013-01-08, 0.11330465505731808, 0.0, 0.10854816824966053, 0.25897284381984964, 0.49263330748528944, 0.0055061025970450555, 0.012352174211405168, 0.009590281847727629, 0.018834362247567234
2013-01-08, 0.11330465505731808, 0.0, 0.10854816824966053, 0.25897284381984964, 0.49263330748528944, 0.0055061025970450555, 0.012352174211405168, 0.009590281847727629, 0.018834362247567234
2013-01-08, 0.11330465505731808, 0.0, 0.10854816824966053, 0.25897284381984964, 0.49263330748528944, 0.0055061025970450555, 0.012352174211405168, 0.009590281847727629, 0.018834362247567234
2013-01-08, 0.11330465505731808, 0.0, 0.10854816824966053, 0.25897284381984964, 0.49263330748528944, 0.0055061025970450555, 0.012352174211405168, 0.009590281847727629, 0.018834362247567234
2013-01-08, 0.11330465505731808, 0.0, 0.10854816824966053, 0.25897284381984964, 0.49263330748528944, 0.0055061025970450555, 0.012352174211405168, 0.009590281847727629, 0.018834362247567234
2013-01-08, 0.11330465505731808, 0.0, 0.10854816824966053, 0.25897284381984964, 0.49263330748528944, 0.0055061025970450555, 0.012352174211405168, 0.009590281847727629, 0.018834362247567234
2013-01-08, 0.11330465505731808, 0.0, 0.10854816824966053, 0.25897284381984964, 0.49263330748528944, 0.0055061025970450555, 0.012352174211405168, 0.009590281847727629, 0.018834362247567234
2013-01-08, 0.15860457279922374, 0.1257641921397381, 0.03876720294630728, 0.3021349844564911, 0.7471605163526889, 0.0055061025970450555, 0.015097101813939653, 0.012147690340455, 0.022258791747124914
2013-01-08, 0.15860457279922374, 0.1257641921397381, 0.03876720294630728, 0.3021349844564911, 0.7471605163526889, 0.0055061025970450555, 0.015097101813939653, 0.012147690340455, 0.022258791747124914
2013-01-08, 0.15860457279922374, 0.1257641921397381, 0.03876720294630728, 0.3021349844564911, 0.7471605163526889, 0.0055061025970450555, 0.015097101813939653, 0.012147690340455, 0.022258791747124914
2013-01-08, 0.09926000395453739, 0.04192139737991247, 0.046520643535568944, 0.2250597333196312, 0.44336997673676054, 0.002753051298522524, 0.01372463801267241, 0.007032873355000258, 0.013697717998230712
2012-12-09, 0.11357831600480638, 0.10480349344978175, 0.11630160883892253, 0.1633995324101429, 0.48715960406878606, 0.0027530512985225316, 0.016469565615206898, 0.005754169108636586, 0.011985503248451872
2012-12-09, 0.12075371757467897, 0.16768558951965057, 0.10079472766039956, 0.20347866300131004, 0.44884368015326365, 0.0027530512985225316, 0.016469565615206898, 0.008311577601363957, 0.017692885747714673
2012-12-09, 0.12075371757467897, 0.16768558951965057, 0.10079472766039956, 0.20347866300131004, 0.44884368015326365, 0.0027530512985225316, 0.016469565615206898, 0.008311577601363957, 0.017692885747714673
2012-12-09, 0.12075371757467897, 0.16768558951965057, 0.10079472766039956, 0.20347866300131004, 0.44884368015326365, 0.0027530512985225316, 0.016469565615206898, 0.008311577601363957, 0.017692885747714673
2012-12-09, 0.12075371757467897, 0.16768558951965057, 0.10079472766039956, 0.20347866300131004, 0.44884368015326365, 0.0027530512985225316, 0.016469565615206898, 0.008311577601363957, 0.017692885747714673
2012-12-09, 0.12075371757467897, 0.16768558951965057, 0.10079472766039956, 0.20347866300131004, 0.44884368015326365, 0.0027530512985225316, 0.016469565615206898, 0.008311577601363957, 0.017692885747714673
2012-12-09, 0.12075371757467897, 0.16768558951965057, 0.10079472766039956, 0.20347866300131004, 0.44884368015326365, 0.0027530512985225316, 0.016469565615206898, 0.008311577601363957, 0.017692885747714673
2012-12-09, 0.12075371757467897, 0.16768558951965057, 0.10079472766039956, 0.20347866300131004, 0.44884368015326365, 0.0027530512985225316, 0.016469565615206898, 0.008311577601363957, 0.017692885747714673
2012-12-09, 0.12075371757467897, 0.16768558951965057, 0.10079472766039956, 0.20347866300131004, 0.44884368015326365, 0.0027530512985225316, 0.016469565615206898, 0.008311577601363957, 0.017692885747714673
2012-12-09, 0.12075371757467897, 0.16768558951965057, 0.10079472766039956, 0.20347866300131004, 0.44884368015326365, 0.0027530512985225316, 0.016469565615206898, 0.008311577601363957, 0.017692885747714673
2012-12-09, 0.12075371757467897, 0.16768558951965057, 0.10079472766039956, 0.20347866300131004, 0.44884368015326365, 0.0027530512985225316, 0.016469565615206898, 0.008311577601363957, 0.017692885747714673
2012-12-09, 0.14237144299209314, 0.0, 0.18608257414227578, 0.3144670246383885, 0.5884231172740956, 0.0027530512985225316, 0.016469565615206898, 0.010229633970909487, 0.020546576997346074
2012-12-09, 0.14237144299209314, 0.0, 0.18608257414227578, 0.3144670246383885, 0.5884231172740956, 0.0027530512985225316, 0.016469565615206898, 0.010229633970909487, 0.020546576997346074
2012-12-09, 0.15124975870034205, 0.0419213973799127, 0.1550688117852298, 0.31138401459291415, 0.6623181133968892, 0.0, 0.019214493217741383, 0.006393521231818429, 0.013697717998230712
2012-12-09, 0.11501763642131511, 0.06288209606986905, 0.10854816824966086, 0.25280682372890045, 0.4515805318615152, 0.0, 0.016469565615206898, 0.009590281847727644, 0.018263623997640952
2012-11-09, 0.15435592773852308, 0.2096069868995635, 0.19383601473153708, 0.3206330447293374, 0.4789490489440314, 0.0027530512985225316, 0.015097101813939653, 0.0025574084927273717, 0.011414764998525591
2012-11-09, 0.14044397288667362, 0.14672489082969445, 0.1783291335530141, 0.2959689643655422, 0.4707384938192765, 0.005506102597045063, 0.015097101813939653, 0.0031967606159092146, 0.00799033549896791
2012-11-09, 0.14044397288667362, 0.14672489082969445, 0.1783291335530141, 0.2959689643655422, 0.4707384938192765, 0.005506102597045063, 0.015097101813939653, 0.0031967606159092146, 0.00799033549896791
2012-11-09, 0.14044397288667362, 0.14672489082969445, 0.1783291335530141, 0.2959689643655422, 0.4707384938192765, 0.005506102597045063, 0.015097101813939653, 0.0031967606159092146, 0.00799033549896791
2012-11-09, 0.14044397288667362, 0.14672489082969445, 0.1783291335530141, 0.2959689643655422, 0.4707384938192765, 0.005506102597045063, 0.015097101813939653, 0.0031967606159092146, 0.00799033549896791
2012-11-09, 0.14044397288667362, 0.14672489082969445, 0.1783291335530141, 0.2959689643655422, 0.4707384938192765, 0.005506102597045063, 0.015097101813939653, 0.0031967606159092146, 0.00799033549896791
2012-11-09, 0.14044397288667362, 0.14672489082969445, 0.1783291335530141, 0.2959689643655422, 0.4707384938192765, 0.005506102597045063, 0.015097101813939653, 0.0031967606159092146, 0.00799033549896791
2012-11-09, 0.14044397288667362, 0.14672489082969445, 0.1783291335530141, 0.2959689643655422, 0.4707384938192765, 0.005506102597045063, 0.015097101813939653, 0.0031967606159092146, 0.00799033549896791
2012-11-09, 0.14044397288667362, 0.14672489082969445, 0.1783291335530141, 0.2959689643655422, 0.4707384938192765, 0.005506102597045063, 0.015097101813939653, 0.0031967606159092146, 0.00799033549896791
2012-11-09, 0.14044397288667362, 0.14672489082969445, 0.1783291335530141, 0.2959689643655422, 0.4707384938192765, 0.005506102597045063, 0.015097101813939653, 0.0031967606159092146, 0.00799033549896791
2012-11-09, 0.14044397288667362, 0.14672489082969445, 0.1783291335530141, 0.2959689643655422, 0.4707384938192765, 0.005506102597045063, 0.015097101813939653, 0.0031967606159092146, 0.00799033549896791
2012-11-09, 0.15735375479944794, 0.02096069868995635, 0.22484977708858306, 0.41928936618451823, 0.558317748483328, 0.0027530512985225316, 0.01784202941647414, 0.005114816985454743, 0.00970255024874675
2012-11-09, 0.15735375479944794, 0.02096069868995635, 0.22484977708858306, 0.41928936618451823, 0.558317748483328, 0.0027530512985225316, 0.01784202941647414, 0.005114816985454743, 0.00970255024874675
2012-11-09, 0.153101384396819, 0.0838427947598254, 0.20158945532079842, 0.33913110500218396, 0.5747388587328376, 0.005506102597045063, 0.013724638012672426, 0.0, 0.006278120749189069
2012-11-09, 0.15176401298487677, 0.2096069868995635, 0.19383601473153708, 0.2836369241836446, 0.49810701090179277, 0.0027530512985225316, 0.016469565615206898, 0.0, 0.00970255024874675
2012-10-10, 0.13116843327198102, 0.1676855895196508, 0.12405504942818385, 0.1664825424556175, 0.5720020070245858, 0.0, 0.0068623190063361985, 0.0025574084927273717, 0.00970255024874675
2012-10-10, 0.13116843327198102, 0.1676855895196508, 0.12405504942818385, 0.1664825424556175, 0.5720020070245858, 0.0, 0.0068623190063361985, 0.0025574084927273717, 0.00970255024874675
2012-10-10, 0.13116843327198102, 0.1676855895196508, 0.12405504942818385, 0.1664825424556175, 0.5720020070245858, 0.0, 0.0068623190063361985, 0.0025574084927273717, 0.00970255024874675
2012-10-10, 0.13116843327198102, 0.1676855895196508, 0.12405504942818385, 0.1664825424556175, 0.5720020070245858, 0.0, 0.0068623190063361985, 0.0025574084927273717, 0.00970255024874675
2012-10-10, 0.13116843327198102, 0.1676855895196508, 0.12405504942818385, 0.1664825424556175, 0.5720020070245858, 0.0, 0.0068623190063361985, 0.0025574084927273717, 0.00970255024874675
2012-10-10, 0.13116843327198102, 0.1676855895196508, 0.12405504942818385, 0.1664825424556175, 0.5720020070245858, 0.0, 0.0068623190063361985, 0.0025574084927273717, 0.00970255024874675
2012-10-10, 0.13116843327198102, 0.1676855895196508, 0.12405504942818385, 0.1664825424556175, 0.5720020070245858, 0.0, 0.0068623190063361985, 0.0025574084927273717, 0.00970255024874675
2012-10-10, 0.13116843327198102, 0.1676855895196508, 0.12405504942818385, 0.1664825424556175, 0.5720020070245858, 0.0, 0.0068623190063361985, 0.0025574084927273717, 0.00970255024874675
2012-10-10, 0.13116843327198102, 0.1676855895196508, 0.12405504942818385, 0.1664825424556175, 0.5720020070245858, 0.0, 0.0068623190063361985, 0.0025574084927273717, 0.00970255024874675
2012-10-10, 0.13116843327198102, 0.1676855895196508, 0.12405504942818385, 0.1664825424556175, 0.5720020070245858, 0.0, 0.0068623190063361985, 0.0025574084927273717, 0.00970255024874675
2012-10-10, 0.13116843327198102, 0.1676855895196508, 0.12405504942818385, 0.1664825424556175, 0.5720020070245858, 0.0, 0.0068623190063361985, 0.0025574084927273717, 0.00970255024874675
2012-10-10, 0.1462578204535771, 0.14672489082969445, 0.13180849001744516, 0.2497238136834264, 0.6103179309401084, 0.0027530512985225316, 0.0068623190063361985, 0.007032873355000272, 0.014839194498083273
2012-10-10, 0.1462578204535771, 0.14672489082969445, 0.13180849001744516, 0.2497238136834264, 0.6103179309401084, 0.0027530512985225316, 0.0068623190063361985, 0.007032873355000272, 0.014839194498083273
2012-10-10, 0.1462578204535771, 0.14672489082969445, 0.13180849001744516, 0.2497238136834264, 0.6103179309401084, 0.0027530512985225316, 0.0068623190063361985, 0.007032873355000272, 0.014839194498083273
2012-10-10, 0.1258372813870579, 0.23056768558951984, 0.08528784648187622, 0.16031652236466884, 0.5063175660265474, 0.0, 0.004117391403801728, 0.006393521231818429, 0.013697717998230712
2012-09-10, 0.10563152925743396, 0.46113537117903924, 0.06202752471409158, 0.012332040181897604, 0.284632577658167, 0.0027530512985225165, 0.0013724638012672426, 0.007672225478182115, 0.013126979748304431
2012-09-10, 0.08808868274476246, 0.2934497816593884, 0.10079472766039921, 0.012332040181897604, 0.2736851708251608, 0.0027530512985225165, 0.0027449276025344853, 0.006393521231818429, 0.01255624149837815
2012-09-10, 0.08808868274476246, 0.2934497816593884, 0.10079472766039921, 0.012332040181897604, 0.2736851708251608, 0.0027530512985225165, 0.0027449276025344853, 0.006393521231818429, 0.01255624149837815
2012-09-10, 0.08808868274476246, 0.2934497816593884, 0.10079472766039921, 0.012332040181897604, 0.2736851708251608, 0.0027530512985225165, 0.0027449276025344853, 0.006393521231818429, 0.01255624149837815
2012-09-10, 0.08808868274476246, 0.2934497816593884, 0.10079472766039921, 0.012332040181897604, 0.2736851708251608, 0.0027530512985225165, 0.0027449276025344853, 0.006393521231818429, 0.01255624149837815
2012-09-10, 0.08808868274476246, 0.2934497816593884, 0.10079472766039921, 0.012332040181897604, 0.2736851708251608, 0.0027530512985225165, 0.0027449276025344853, 0.006393521231818429, 0.01255624149837815
2012-09-10, 0.08808868274476246, 0.2934497816593884, 0.10079472766039921, 0.012332040181897604, 0.2736851708251608, 0.0027530512985225165, 0.0027449276025344853, 0.006393521231818429, 0.01255624149837815
2012-09-10, 0.08808868274476246, 0.2934497816593884, 0.10079472766039921, 0.012332040181897604, 0.2736851708251608, 0.0027530512985225165, 0.0027449276025344853, 0.006393521231818429, 0.01255624149837815
2012-09-10, 0.08808868274476246, 0.2934497816593884, 0.10079472766039921, 0.012332040181897604, 0.2736851708251608, 0.0027530512985225165, 0.0027449276025344853, 0.006393521231818429, 0.01255624149837815
2012-09-10, 0.08808868274476246, 0.2934497816593884, 0.10079472766039921, 0.012332040181897604, 0.2736851708251608, 0.0027530512985225165, 0.0027449276025344853, 0.006393521231818429, 0.01255624149837815
2012-09-10, 0.08808868274476246, 0.2934497816593884, 0.10079472766039921, 0.012332040181897604, 0.2736851708251608, 0.0027530512985225165, 0.0027449276025344853, 0.006393521231818429, 0.01255624149837815
2012-09-10, 0.11985045721803374, 0.20960698689956303, 0.10854816824966053, 0.18189759268298944, 0.426948866487251, 0.0027530512985225316, 0.004117391403801728, 0.0089509297245458, 0.015980670997935834
2012-09-10, 0.11985045721803374, 0.20960698689956303, 0.10854816824966053, 0.18189759268298944, 0.426948866487251, 0.0027530512985225316, 0.004117391403801728, 0.0089509297245458, 0.015980670997935834
2012-09-10, 0.10475708579595984, 0.33537117903930114, 0.10079472766039921, 0.052411170773064744, 0.3311590566984443, 0.0, 0.005489855205068971, 0.0025574084927273717, 0.01027328849867303
2012-09-10, 0.1166789310399643, 0.4192139737991265, 0.03876720294630728, 0.06782622100043668, 0.38589609086347676, 0.0027530512985225165, 0.0013724638012672426, 0.0044754648622729, 0.013126979748304431
2012-08-11, 0.1373638157492506, 0.5449781659388646, 0.20934289591006008, 0.09865632145518055, 0.2298955434931353, 0.0, 0.005489855205068971, 0.0025574084927273717, 0.00799033549896791
2012-08-11, 0.1373638157492506, 0.5449781659388646, 0.20934289591006008, 0.09865632145518055, 0.2298955434931353, 0.0, 0.005489855205068971, 0.0025574084927273717, 0.00799033549896791
2012-08-11, 0.1373638157492506, 0.5449781659388646, 0.20934289591006008, 0.09865632145518055, 0.2298955434931353, 0.0, 0.005489855205068971, 0.0025574084927273717, 0.00799033549896791
2012-08-11, 0.1373638157492506, 0.5449781659388646, 0.20934289591006008, 0.09865632145518055, 0.2298955434931353, 0.0, 0.005489855205068971, 0.0025574084927273717, 0.00799033549896791
2012-08-11, 0.1373638157492506, 0.5449781659388646, 0.20934289591006008, 0.09865632145518055, 0.2298955434931353, 0.0, 0.005489855205068971, 0.0025574084927273717, 0.00799033549896791
2012-08-11, 0.1373638157492506, 0.5449781659388646, 0.20934289591006008, 0.09865632145518055, 0.2298955434931353, 0.0, 0.005489855205068971, 0.0025574084927273717, 0.00799033549896791
2012-08-11, 0.1373638157492506, 0.5449781659388646, 0.20934289591006008, 0.09865632145518055, 0.2298955434931353, 0.0, 0.005489855205068971, 0.0025574084927273717, 0.00799033549896791
2012-08-11, 0.1373638157492506, 0.5449781659388646, 0.20934289591006008, 0.09865632145518055, 0.2298955434931353, 0.0, 0.005489855205068971, 0.0025574084927273717, 0.00799033549896791
2012-08-11, 0.1373638157492506, 0.5449781659388646, 0.20934289591006008, 0.09865632145518055, 0.2298955434931353, 0.0, 0.005489855205068971, 0.0025574084927273717, 0.00799033549896791
2012-08-11, 0.1373638157492506, 0.5449781659388646, 0.20934289591006008, 0.09865632145518055, 0.2298955434931353, 0.0, 0.005489855205068971, 0.0025574084927273717, 0.00799033549896791
2012-08-11, 0.1373638157492506, 0.5449781659388646, 0.20934289591006008, 0.09865632145518055, 0.2298955434931353, 0.0, 0.005489855205068971, 0.0025574084927273717, 0.00799033549896791
2012-08-11, 0.17067837484963314, 0.31441048034934527, 0.2713704206241517, 0.3206330447293374, 0.42147516307074767, 0.0027530512985225165, 0.006862319006336213, 0.010229633970909487, 0.017692885747714673
2012-08-11, 0.17067837484963314, 0.31441048034934527, 0.2713704206241517, 0.3206330447293374, 0.42147516307074767, 0.0027530512985225165, 0.006862319006336213, 0.010229633970909487, 0.017692885747714673
2012-08-11, 0.17067837484963314, 0.31441048034934527, 0.2713704206241517, 0.3206330447293374, 0.42147516307074767, 0.0027530512985225165, 0.006862319006336213, 0.010229633970909487, 0.017692885747714673
2012-08-11, 0.18338164372577928, 0.5449781659388646, 0.2713704206241517, 0.2281427433651055, 0.39684349769648325, 0.0, 0.005489855205068971, 0.007672225478182115, 0.01255624149837815
2012-07-12, 0.17002657251460757, 0.7126637554585149, 0.10854816824966086, 0.42237237622999285, 0.06294758928978711, 0.005506102597045063, 0.012352174211405168, 0.014705098833182372, 0.021117315247272343
2012-07-12, 0.17002657251460757, 0.7126637554585149, 0.10854816824966086, 0.42237237622999285, 0.06294758928978711, 0.005506102597045063, 0.012352174211405168, 0.014705098833182372, 0.021117315247272343
2012-07-12, 0.17002657251460757, 0.7126637554585149, 0.10854816824966086, 0.42237237622999285, 0.06294758928978711, 0.005506102597045063, 0.012352174211405168, 0.014705098833182372, 0.021117315247272343
2012-07-12, 0.17002657251460757, 0.7126637554585149, 0.10854816824966086, 0.42237237622999285, 0.06294758928978711, 0.005506102597045063, 0.012352174211405168, 0.014705098833182372, 0.021117315247272343
2012-07-12, 0.17002657251460757, 0.7126637554585149, 0.10854816824966086, 0.42237237622999285, 0.06294758928978711, 0.005506102597045063, 0.012352174211405168, 0.014705098833182372, 0.021117315247272343
2012-07-12, 0.17002657251460757, 0.7126637554585149, 0.10854816824966086, 0.42237237622999285, 0.06294758928978711, 0.005506102597045063, 0.012352174211405168, 0.014705098833182372, 0.021117315247272343
2012-07-12, 0.17002657251460757, 0.7126637554585149, 0.10854816824966086, 0.42237237622999285, 0.06294758928978711, 0.005506102597045063, 0.012352174211405168, 0.014705098833182372, 0.021117315247272343
2012-07-12, 0.17002657251460757, 0.7126637554585149, 0.10854816824966086, 0.42237237622999285, 0.06294758928978711, 0.005506102597045063, 0.012352174211405168, 0.014705098833182372, 0.021117315247272343
2012-07-12, 0.17002657251460757, 0.7126637554585149, 0.10854816824966086, 0.42237237622999285, 0.06294758928978711, 0.005506102597045063, 0.012352174211405168, 0.014705098833182372, 0.021117315247272343
2012-07-12, 0.17002657251460757, 0.7126637554585149, 0.10854816824966086, 0.42237237622999285, 0.06294758928978711, 0.005506102597045063, 0.012352174211405168, 0.014705098833182372, 0.021117315247272343
2012-07-12, 0.17002657251460757, 0.7126637554585149, 0.10854816824966086, 0.42237237622999285, 0.06294758928978711, 0.005506102597045063, 0.012352174211405168, 0.014705098833182372, 0.021117315247272343
2012-07-12, 0.16418074165930752, 0.46113537117903924, 0.13956193060670682, 0.10482234154612949, 0.5446334899420701, 0.005506102597045063, 0.012352174211405168, 0.019180563695455274, 0.026253959496608862
2012-07-12, 0.16418074165930752, 0.46113537117903924, 0.13956193060670682, 0.10482234154612949, 0.5446334899420701, 0.005506102597045063, 0.012352174211405168, 0.019180563695455274, 0.026253959496608862
2012-07-12, 0.16418074165930752, 0.46113537117903924, 0.13956193060670682, 0.10482234154612949, 0.5446334899420701, 0.005506102597045063, 0.012352174211405168, 0.019180563695455274, 0.026253959496608862
2012-07-12, 0.14362853866825304, 0.48209606986899556, 0.06978096530335359, 0.24355779359247773, 0.29010628107467057, 0.0027530512985225316, 0.01372463801267241, 0.017901859449091586, 0.029107650746240263
2012-06-12, 0.1651627326489888, 0.6288209606986895, 0.10079472766039921, 0.24664080363795207, 0.2654746157004057, 0.013765256492612642, 0.015097101813939653, 0.02045926794181896, 0.030249127246092824
2012-06-12, 0.1413371101266181, 0.6078602620087332, 0.06978096530335325, 0.32679906482028637, 0.06021073758153507, 0.008259153895567594, 0.012352174211405168, 0.019180563695455274, 0.026253959496608862
2012-06-12, 0.1413371101266181, 0.6078602620087332, 0.06978096530335325, 0.32679906482028637, 0.06021073758153507, 0.008259153895567594, 0.012352174211405168, 0.019180563695455274, 0.026253959496608862
2012-06-12, 0.1413371101266181, 0.6078602620087332, 0.06978096530335325, 0.32679906482028637, 0.06021073758153507, 0.008259153895567594, 0.012352174211405168, 0.019180563695455274, 0.026253959496608862
2012-06-12, 0.1413371101266181, 0.6078602620087332, 0.06978096530335325, 0.32679906482028637, 0.06021073758153507, 0.008259153895567594, 0.012352174211405168, 0.019180563695455274, 0.026253959496608862
2012-06-12, 0.1413371101266181, 0.6078602620087332, 0.06978096530335325, 0.32679906482028637, 0.06021073758153507, 0.008259153895567594, 0.012352174211405168, 0.019180563695455274, 0.026253959496608862
2012-06-12, 0.1413371101266181, 0.6078602620087332, 0.06978096530335325, 0.32679906482028637, 0.06021073758153507, 0.008259153895567594, 0.012352174211405168, 0.019180563695455274, 0.026253959496608862
2012-06-12, 0.1413371101266181, 0.6078602620087332, 0.06978096530335325, 0.32679906482028637, 0.06021073758153507, 0.008259153895567594, 0.012352174211405168, 0.019180563695455274, 0.026253959496608862
2012-06-12, 0.1413371101266181, 0.6078602620087332, 0.06978096530335325, 0.32679906482028637, 0.06021073758153507, 0.008259153895567594, 0.012352174211405168, 0.019180563695455274, 0.026253959496608862
2012-06-12, 0.1413371101266181, 0.6078602620087332, 0.06978096530335325, 0.32679906482028637, 0.06021073758153507, 0.008259153895567594, 0.012352174211405168, 0.019180563695455274, 0.026253959496608862
2012-06-12, 0.1413371101266181, 0.6078602620087332, 0.06978096530335325, 0.32679906482028637, 0.06021073758153507, 0.008259153895567594, 0.012352174211405168, 0.019180563695455274, 0.026253959496608862
2012-06-12, 0.15942273440260793, 0.48209606986899556, 0.15506881178522947, 0.2497238136834264, 0.3065273913241799, 0.013765256492612642, 0.01372463801267241, 0.023656028557728172, 0.030819865496019103
2012-06-12, 0.15942273440260793, 0.48209606986899556, 0.15506881178522947, 0.2497238136834264, 0.3065273913241799, 0.013765256492612642, 0.01372463801267241, 0.023656028557728172, 0.030819865496019103
2012-06-12, 0.14777418790853977, 0.6288209606986895, 0.062027524714091925, 0.3452971250931329, 0.0848424029557995, 0.008259153895567594, 0.012352174211405168, 0.0166231552027279, 0.023971006496903743
2012-06-12, 0.16420198031416405, 0.6917030567685586, 0.10079472766039921, 0.3730442155024024, 0.0793686995392964, 0.011012205194090111, 0.010979710410137926, 0.02045926794181896, 0.026253959496608862
2012-05-13, 0.15910153762460938, 0.6288209606986895, 0.08528784648187657, 0.4254553862754672, 0.06568444099803816, 0.011012205194090127, 0.010979710410137926, 0.02045926794181896, 0.0251124829967563
2012-05-13, 0.15910153762460938, 0.6288209606986895, 0.08528784648187657, 0.4254553862754672, 0.06568444099803816, 0.011012205194090127, 0.010979710410137926, 0.02045926794181896, 0.0251124829967563
2012-05-13, 0.15910153762460938, 0.6288209606986895, 0.08528784648187657, 0.4254553862754672, 0.06568444099803816, 0.011012205194090127, 0.010979710410137926, 0.02045926794181896, 0.0251124829967563
2012-05-13, 0.15910153762460938, 0.6288209606986895, 0.08528784648187657, 0.4254553862754672, 0.06568444099803816, 0.011012205194090127, 0.010979710410137926, 0.02045926794181896, 0.0251124829967563
2012-05-13, 0.15910153762460938, 0.6288209606986895, 0.08528784648187657, 0.4254553862754672, 0.06568444099803816, 0.011012205194090127, 0.010979710410137926, 0.02045926794181896, 0.0251124829967563
2012-05-13, 0.15910153762460938, 0.6288209606986895, 0.08528784648187657, 0.4254553862754672, 0.06568444099803816, 0.011012205194090127, 0.010979710410137926, 0.02045926794181896, 0.0251124829967563
2012-05-13, 0.15910153762460938, 0.6288209606986895, 0.08528784648187657, 0.4254553862754672, 0.06568444099803816, 0.011012205194090127, 0.010979710410137926, 0.02045926794181896, 0.0251124829967563
2012-05-13, 0.15910153762460938, 0.6288209606986895, 0.08528784648187657, 0.4254553862754672, 0.06568444099803816, 0.011012205194090127, 0.010979710410137926, 0.02045926794181896, 0.0251124829967563
2012-05-13, 0.15910153762460938, 0.6288209606986895, 0.08528784648187657, 0.4254553862754672, 0.06568444099803816, 0.011012205194090127, 0.010979710410137926, 0.02045926794181896, 0.0251124829967563
2012-05-13, 0.15910153762460938, 0.6288209606986895, 0.08528784648187657, 0.4254553862754672, 0.06568444099803816, 0.011012205194090127, 0.010979710410137926, 0.02045926794181896, 0.0251124829967563
2012-05-13, 0.15910153762460938, 0.6288209606986895, 0.08528784648187657, 0.4254553862754672, 0.06568444099803816, 0.011012205194090127, 0.010979710410137926, 0.02045926794181896, 0.0251124829967563
2012-05-13, 0.12809734648652524, 0.23056768558951937, 0.2481100988563677, 0.20656167304678463, 0.2682114674086577, 0.011012205194090127, 0.009607246608870683, 0.02045926794181896, 0.030249127246092824
2012-05-13, 0.12809734648652524, 0.23056768558951937, 0.2481100988563677, 0.20656167304678463, 0.2682114674086577, 0.011012205194090127, 0.009607246608870683, 0.02045926794181896, 0.030249127246092824
2012-05-13, 0.12809734648652524, 0.23056768558951937, 0.2481100988563677, 0.20656167304678463, 0.2682114674086577, 0.011012205194090127, 0.009607246608870683, 0.02045926794181896, 0.030249127246092824
2012-05-13, 0.14600011348201453, 0.5449781659388646, 0.11630160883892218, 0.1356524420008739, 0.2955799844911737, 0.011012205194090127, 0.012352174211405168, 0.02301667643454633, 0.029107650746240263
2012-04-13, 0.12547819816087238, 0.31441048034934477, 0.09304128707113789, 0.3021349844564911, 0.20252702641061857, 0.013765256492612642, 0.012352174211405168, 0.02621343705045553, 0.03938093924491331
2012-04-13, 0.15297637605435196, 0.5659388646288205, 0.11630160883892218, 0.3483801351386072, 0.12042147516307063, 0.011012205194090127, 0.010979710410137926, 0.021098620065000788, 0.029678388996166545
2012-04-13, 0.15297637605435196, 0.5659388646288205, 0.11630160883892218, 0.3483801351386072, 0.12042147516307063, 0.011012205194090127, 0.010979710410137926, 0.021098620065000788, 0.029678388996166545
2012-04-13, 0.15297637605435196, 0.5659388646288205, 0.11630160883892218, 0.3483801351386072, 0.12042147516307063, 0.011012205194090127, 0.010979710410137926, 0.021098620065000788, 0.029678388996166545
2012-04-13, 0.15297637605435196, 0.5659388646288205, 0.11630160883892218, 0.3483801351386072, 0.12042147516307063, 0.011012205194090127, 0.010979710410137926, 0.021098620065000788, 0.029678388996166545
2012-04-13, 0.15297637605435196, 0.5659388646288205, 0.11630160883892218, 0.3483801351386072, 0.12042147516307063, 0.011012205194090127, 0.010979710410137926, 0.021098620065000788, 0.029678388996166545
2012-04-13, 0.15297637605435196, 0.5659388646288205, 0.11630160883892218, 0.3483801351386072, 0.12042147516307063, 0.011012205194090127, 0.010979710410137926, 0.021098620065000788, 0.029678388996166545
2012-04-13, 0.15297637605435196, 0.5659388646288205, 0.11630160883892218, 0.3483801351386072, 0.12042147516307063, 0.011012205194090127, 0.010979710410137926, 0.021098620065000788, 0.029678388996166545
2012-04-13, 0.15297637605435196, 0.5659388646288205, 0.11630160883892218, 0.3483801351386072, 0.12042147516307063, 0.011012205194090127, 0.010979710410137926, 0.021098620065000788, 0.029678388996166545
2012-04-13, 0.15297637605435196, 0.5659388646288205, 0.11630160883892218, 0.3483801351386072, 0.12042147516307063, 0.011012205194090127, 0.010979710410137926, 0.021098620065000788, 0.029678388996166545
2012-04-13, 0.15297637605435196, 0.5659388646288205, 0.11630160883892218, 0.3483801351386072, 0.12042147516307063, 0.011012205194090127, 0.010979710410137926, 0.021098620065000788, 0.029678388996166545
2012-04-13, 0.12547819816087238, 0.31441048034934477, 0.09304128707113789, 0.3021349844564911, 0.20252702641061857, 0.013765256492612642, 0.012352174211405168, 0.02621343705045553, 0.03938093924491331
2012-04-13, 0.12547819816087238, 0.31441048034934477, 0.09304128707113789, 0.3021349844564911, 0.20252702641061857, 0.013765256492612642, 0.012352174211405168, 0.02621343705045553, 0.03938093924491331
2012-04-13, 0.12239503509356701, 0.2934497816593884, 0.13180849001744516, 0.32988207486576065, 0.14778999224558662, 0.013765256492612642, 0.010979710410137926, 0.022377324311364473, 0.029107650746240263
2012-04-13, 0.12372602451417883, 0.31441048034934477, 0.13956193060670682, 0.22197672327415685, 0.2381060986178897, 0.013765256492612642, 0.012352174211405168, 0.021098620065000788, 0.028536912496313984
2012-03-14, 0.15197160004764748, 0.4192139737991265, 0.12405504942818385, 0.323716054774812, 0.26547461570040615, 0.013765256492612642, 0.01372463801267241, 0.02557408492727369, 0.030249127246092824
2012-03-14, 0.15192730651468989, 0.5868995633187774, 0.062027524714091925, 0.3576291652750302, 0.13957943712083243, 0.008259153895567594, 0.009607246608870683, 0.02173797218818263, 0.029678388996166545
2012-03-14, 0.15192730651468989, 0.5868995633187774, 0.062027524714091925, 0.3576291652750302, 0.13957943712083243, 0.008259153895567594, 0.009607246608870683, 0.02173797218818263, 0.029678388996166545
2012-03-14, 0.15192730651468989, 0.5868995633187774, 0.062027524714091925, 0.3576291652750302, 0.13957943712083243, 0.008259153895567594, 0.009607246608870683, 0.02173797218818263, 0.029678388996166545
2012-03-14, 0.15192730651468989, 0.5868995633187774, 0.062027524714091925, 0.3576291652750302, 0.13957943712083243, 0.008259153895567594, 0.009607246608870683, 0.02173797218818263, 0.029678388996166545
2012-03-14, 0.15192730651468989, 0.5868995633187774, 0.062027524714091925, 0.3576291652750302, 0.13957943712083243, 0.008259153895567594, 0.009607246608870683, 0.02173797218818263, 0.029678388996166545
2012-03-14, 0.15192730651468989, 0.5868995633187774, 0.062027524714091925, 0.3576291652750302, 0.13957943712083243, 0.008259153895567594, 0.009607246608870683, 0.02173797218818263, 0.029678388996166545
2012-03-14, 0.15192730651468989, 0.5868995633187774, 0.062027524714091925, 0.3576291652750302, 0.13957943712083243, 0.008259153895567594, 0.009607246608870683, 0.02173797218818263, 0.029678388996166545
2012-03-14, 0.15192730651468989, 0.5868995633187774, 0.062027524714091925, 0.3576291652750302, 0.13957943712083243, 0.008259153895567594, 0.009607246608870683, 0.02173797218818263, 0.029678388996166545
2012-03-14, 0.15192730651468989, 0.5868995633187774, 0.062027524714091925, 0.3576291652750302, 0.13957943712083243, 0.008259153895567594, 0.009607246608870683, 0.02173797218818263, 0.029678388996166545
2012-03-14, 0.15192730651468989, 0.5868995633187774, 0.062027524714091925, 0.3576291652750302, 0.13957943712083243, 0.008259153895567594, 0.009607246608870683, 0.02173797218818263, 0.029678388996166545
2012-03-14, 0.14415172959592196, 0.48209606986899556, 0.08528784648187657, 0.10790535159160437, 0.3886329425717283, 0.013765256492612642, 0.012352174211405168, 0.024934732804091846, 0.038239462745060744
2012-03-14, 0.14415172959592196, 0.48209606986899556, 0.08528784648187657, 0.10790535159160437, 0.3886329425717283, 0.013765256492612642, 0.012352174211405168, 0.024934732804091846, 0.038239462745060744
2012-03-14, 0.125971518161504, 0.4192139737991265, 0.09304128707113789, 0.11715438172802736, 0.2955799844911737, 0.013765256492612642, 0.010979710410137926, 0.024934732804091846, 0.033102818495724225
2012-03-14, 0.14415172959592196, 0.48209606986899556, 0.08528784648187657, 0.10790535159160437, 0.3886329425717283, 0.013765256492612642, 0.012352174211405168, 0.024934732804091846, 0.038239462745060744
2012-02-13, 0.1304830140362743, 0.27248908296943253, 0.1705756929637528, 0.07399224109138562, 0.45705423527801853, 0.011012205194090127, 0.009607246608870683, 0.021737972188182644, 0.027395435996461423
2012-02-13, 0.14442829186332587, 0.4401746724890829, 0.1705756929637528, 0.34221411504765853, 0.13957943712083196, 0.008259153895567594, 0.005489855205068971, 0.021737972188182644, 0.027395435996461423
2012-02-13, 0.14442829186332587, 0.4401746724890829, 0.1705756929637528, 0.34221411504765853, 0.13957943712083196, 0.008259153895567594, 0.005489855205068971, 0.021737972188182644, 0.027395435996461423
2012-02-13, 0.14442829186332587, 0.4401746724890829, 0.1705756929637528, 0.34221411504765853, 0.13957943712083196, 0.008259153895567594, 0.005489855205068971, 0.021737972188182644, 0.027395435996461423
2012-02-13, 0.14442829186332587, 0.4401746724890829, 0.1705756929637528, 0.34221411504765853, 0.13957943712083196, 0.008259153895567594, 0.005489855205068971, 0.021737972188182644, 0.027395435996461423
2012-02-13, 0.14442829186332587, 0.4401746724890829, 0.1705756929637528, 0.34221411504765853, 0.13957943712083196, 0.008259153895567594, 0.005489855205068971, 0.021737972188182644, 0.027395435996461423
2012-02-13, 0.14442829186332587, 0.4401746724890829, 0.1705756929637528, 0.34221411504765853, 0.13957943712083196, 0.008259153895567594, 0.005489855205068971, 0.021737972188182644, 0.027395435996461423
2012-02-13, 0.14442829186332587, 0.4401746724890829, 0.1705756929637528, 0.34221411504765853, 0.13957943712083196, 0.008259153895567594, 0.005489855205068971, 0.021737972188182644, 0.027395435996461423
2012-02-13, 0.14442829186332587, 0.4401746724890829, 0.1705756929637528, 0.34221411504765853, 0.13957943712083196, 0.008259153895567594, 0.005489855205068971, 0.021737972188182644, 0.027395435996461423
2012-02-13, 0.14442829186332587, 0.4401746724890829, 0.1705756929637528, 0.34221411504765853, 0.13957943712083196, 0.008259153895567594, 0.005489855205068971, 0.021737972188182644, 0.027395435996461423
2012-02-13, 0.14442829186332587, 0.4401746724890829, 0.1705756929637528, 0.34221411504765853, 0.13957943712083196, 0.008259153895567594, 0.005489855205068971, 0.021737972188182644, 0.027395435996461423
2012-02-13, 0.14714107528707507, 0.27248908296943253, 0.16282225237449113, 0.20039565295583597, 0.4652647904027732, 0.005506102597045063, 0.005489855205068971, 0.02749214129681923, 0.037668724495134455
2012-02-13, 0.14714107528707507, 0.27248908296943253, 0.16282225237449113, 0.20039565295583597, 0.4652647904027732, 0.005506102597045063, 0.005489855205068971, 0.02749214129681923, 0.037668724495134455
2012-02-13, 0.14714107528707507, 0.27248908296943253, 0.16282225237449113, 0.20039565295583597, 0.4652647904027732, 0.005506102597045063, 0.005489855205068971, 0.02749214129681923, 0.037668724495134455
2012-02-13, 0.14714107528707507, 0.27248908296943253, 0.16282225237449113, 0.20039565295583597, 0.4652647904027732, 0.005506102597045063, 0.005489855205068971, 0.02749214129681923, 0.037668724495134455
2012-01-14, 0.13881219906588083, 0.2724890829694321, 0.20158945532079875, 0.20347866300131032, 0.3749486840304701, 0.011012205194090111, 0.00823478280760344, 0.015344450956364216, 0.02340026824697746
2012-01-14, 0.13692149219579466, 0.48209606986899556, 0.18608257414227578, 0.2281427433651055, 0.15052684395383814, 0.008259153895567594, 0.0068623190063361985, 0.013426394586818687, 0.019975838747419792
2012-01-14, 0.13692149219579466, 0.48209606986899556, 0.18608257414227578, 0.2281427433651055, 0.15052684395383814, 0.008259153895567594, 0.0068623190063361985, 0.013426394586818687, 0.019975838747419792
2012-01-14, 0.13692149219579466, 0.48209606986899556, 0.18608257414227578, 0.2281427433651055, 0.15052684395383814, 0.008259153895567594, 0.0068623190063361985, 0.013426394586818687, 0.019975838747419792
2012-01-14, 0.13692149219579466, 0.48209606986899556, 0.18608257414227578, 0.2281427433651055, 0.15052684395383814, 0.008259153895567594, 0.0068623190063361985, 0.013426394586818687, 0.019975838747419792
2012-01-14, 0.13692149219579466, 0.48209606986899556, 0.18608257414227578, 0.2281427433651055, 0.15052684395383814, 0.008259153895567594, 0.0068623190063361985, 0.013426394586818687, 0.019975838747419792
2012-01-14, 0.13692149219579466, 0.48209606986899556, 0.18608257414227578, 0.2281427433651055, 0.15052684395383814, 0.008259153895567594, 0.0068623190063361985, 0.013426394586818687, 0.019975838747419792
2012-01-14, 0.13692149219579466, 0.48209606986899556, 0.18608257414227578, 0.2281427433651055, 0.15052684395383814, 0.008259153895567594, 0.0068623190063361985, 0.013426394586818687, 0.019975838747419792
2012-01-14, 0.13692149219579466, 0.48209606986899556, 0.18608257414227578, 0.2281427433651055, 0.15052684395383814, 0.008259153895567594, 0.0068623190063361985, 0.013426394586818687, 0.019975838747419792
2012-01-14, 0.13692149219579466, 0.48209606986899556, 0.18608257414227578, 0.2281427433651055, 0.15052684395383814, 0.008259153895567594, 0.0068623190063361985, 0.013426394586818687, 0.019975838747419792
2012-01-14, 0.13692149219579466, 0.48209606986899556, 0.18608257414227578, 0.2281427433651055, 0.15052684395383814, 0.008259153895567594, 0.0068623190063361985, 0.013426394586818687, 0.019975838747419792
2012-01-14, 0.10590434415831404, 0.20960698689956303, 0.2481100988563677, 0.1356524420008739, 0.18610591616110927, 0.013765256492612642, 0.010979710410137926, 0.017901859449091586, 0.0251124829967563
2012-01-14, 0.10590434415831404, 0.20960698689956303, 0.2481100988563677, 0.1356524420008739, 0.18610591616110927, 0.013765256492612642, 0.010979710410137926, 0.017901859449091586, 0.0251124829967563
2012-01-14, 0.10590434415831404, 0.20960698689956303, 0.2481100988563677, 0.1356524420008739, 0.18610591616110927, 0.013765256492612642, 0.010979710410137926, 0.017901859449091586, 0.0251124829967563
2012-01-14, 0.14158428390247865, 0.35633187772925745, 0.1783291335530141, 0.15723351231919425, 0.37221183232221855, 0.011012205194090111, 0.010979710410137926, 0.019180563695455274, 0.027395435996461423
2011-12-15, 0.1433462192680121, 0.27248908296943253, 0.2791238612134133, 0.1633995324101429, 0.36126442548921234, 0.008259153895567594, 0.009607246608870698, 0.022377324311364473, 0.030249127246092824
2011-12-15, 0.15915748792955917, 0.5240174672489083, 0.19383601473153708, 0.3977082958661971, 0.10673721662181239, 0.005506102597045063, 0.010979710410137941, 0.012787042463636844, 0.021688053497198635
2011-12-15, 0.15915748792955917, 0.5240174672489083, 0.19383601473153708, 0.3977082958661971, 0.10673721662181239, 0.005506102597045063, 0.010979710410137941, 0.012787042463636844, 0.021688053497198635
2011-12-15, 0.15915748792955917, 0.5240174672489083, 0.19383601473153708, 0.3977082958661971, 0.10673721662181239, 0.005506102597045063, 0.010979710410137941, 0.012787042463636844, 0.021688053497198635
2011-12-15, 0.15915748792955917, 0.5240174672489083, 0.19383601473153708, 0.3977082958661971, 0.10673721662181239, 0.005506102597045063, 0.010979710410137941, 0.012787042463636844, 0.021688053497198635
2011-12-15, 0.15915748792955917, 0.5240174672489083, 0.19383601473153708, 0.3977082958661971, 0.10673721662181239, 0.005506102597045063, 0.010979710410137941, 0.012787042463636844, 0.021688053497198635
2011-12-15, 0.15915748792955917, 0.5240174672489083, 0.19383601473153708, 0.3977082958661971, 0.10673721662181239, 0.005506102597045063, 0.010979710410137941, 0.012787042463636844, 0.021688053497198635
2011-12-15, 0.15915748792955917, 0.5240174672489083, 0.19383601473153708, 0.3977082958661971, 0.10673721662181239, 0.005506102597045063, 0.010979710410137941, 0.012787042463636844, 0.021688053497198635
2011-12-15, 0.15915748792955917, 0.5240174672489083, 0.19383601473153708, 0.3977082958661971, 0.10673721662181239, 0.005506102597045063, 0.010979710410137941, 0.012787042463636844, 0.021688053497198635
2011-12-15, 0.15915748792955917, 0.5240174672489083, 0.19383601473153708, 0.3977082958661971, 0.10673721662181239, 0.005506102597045063, 0.010979710410137941, 0.012787042463636844, 0.021688053497198635
2011-12-15, 0.15915748792955917, 0.5240174672489083, 0.19383601473153708, 0.3977082958661971, 0.10673721662181239, 0.005506102597045063, 0.010979710410137941, 0.012787042463636844, 0.021688053497198635
2011-12-15, 0.1433462192680121, 0.27248908296943253, 0.2791238612134133, 0.1633995324101429, 0.36126442548921234, 0.008259153895567594, 0.009607246608870698, 0.022377324311364473, 0.030249127246092824
2011-12-15, 0.1433462192680121, 0.27248908296943253, 0.2791238612134133, 0.1633995324101429, 0.36126442548921234, 0.008259153895567594, 0.009607246608870698, 0.022377324311364473, 0.030249127246092824
2011-12-15, 0.15618969573858962, 0.4401746724890829, 0.2403566582671057, 0.2682218739562724, 0.23536924690963815, 0.0027530512985225316, 0.008234782807603456, 0.023016676434546315, 0.031390603745945385
2011-12-15, 0.1208914675568747, 0.27248908296943253, 0.2403566582671057, 0.03083010045474387, 0.36126442548921234, 0.005506102597045063, 0.009607246608870698, 0.018541211572273415, 0.028536912496313984
2011-11-15, 0.18876252429097143, 0.7965065502183404, 0.1783291335530141, 0.28671993422911896, 0.18336906445285772, 0.00825915389556758, 0.010979710410137941, 0.018541211572273415, 0.027395435996461423
2011-11-15, 0.18400860539305033, 0.7545851528384276, 0.1783291335530141, 0.41928936618451795, 0.06294758928978711, 0.005506102597045063, 0.009607246608870698, 0.01726250732590973, 0.024541744746830036
2011-11-15, 0.18400860539305033, 0.7545851528384276, 0.1783291335530141, 0.41928936618451795, 0.06294758928978711, 0.005506102597045063, 0.009607246608870698, 0.01726250732590973, 0.024541744746830036
2011-11-15, 0.18400860539305033, 0.7545851528384276, 0.1783291335530141, 0.41928936618451795, 0.06294758928978711, 0.005506102597045063, 0.009607246608870698, 0.01726250732590973, 0.024541744746830036
2011-11-15, 0.18400860539305033, 0.7545851528384276, 0.1783291335530141, 0.41928936618451795, 0.06294758928978711, 0.005506102597045063, 0.009607246608870698, 0.01726250732590973, 0.024541744746830036
2011-11-15, 0.18400860539305033, 0.7545851528384276, 0.1783291335530141, 0.41928936618451795, 0.06294758928978711, 0.005506102597045063, 0.009607246608870698, 0.01726250732590973, 0.024541744746830036
2011-11-15, 0.18400860539305033, 0.7545851528384276, 0.1783291335530141, 0.41928936618451795, 0.06294758928978711, 0.005506102597045063, 0.009607246608870698, 0.01726250732590973, 0.024541744746830036
2011-11-15, 0.18400860539305033, 0.7545851528384276, 0.1783291335530141, 0.41928936618451795, 0.06294758928978711, 0.005506102597045063, 0.009607246608870698, 0.01726250732590973, 0.024541744746830036
2011-11-15, 0.18400860539305033, 0.7545851528384276, 0.1783291335530141, 0.41928936618451795, 0.06294758928978711, 0.005506102597045063, 0.009607246608870698, 0.01726250732590973, 0.024541744746830036
2011-11-15, 0.18400860539305033, 0.7545851528384276, 0.1783291335530141, 0.41928936618451795, 0.06294758928978711, 0.005506102597045063, 0.009607246608870698, 0.01726250732590973, 0.024541744746830036
2011-11-15, 0.18400860539305033, 0.7545851528384276, 0.1783291335530141, 0.41928936618451795, 0.06294758928978711, 0.005506102597045063, 0.009607246608870698, 0.01726250732590973, 0.024541744746830036
2011-11-15, 0.17227655793594218, 0.62882096069869, 0.21709633649932172, 0.22505973331963064, 0.24084295032614125, 0.005506102597045063, 0.009607246608870698, 0.020459267941818945, 0.030819865496019103
2011-11-15, 0.17227655793594218, 0.62882096069869, 0.21709633649932172, 0.22505973331963064, 0.24084295032614125, 0.005506102597045063, 0.009607246608870698, 0.020459267941818945, 0.030819865496019103
2011-11-15, 0.1881524777964388, 0.6917030567685586, 0.20158945532079875, 0.15723351231919425, 0.3886329425717283, 0.00825915389556758, 0.008234782807603456, 0.020459267941818945, 0.029107650746240263
2011-11-15, 0.17227655793594218, 0.62882096069869, 0.21709633649932172, 0.22505973331963064, 0.24084295032614125, 0.005506102597045063, 0.009607246608870698, 0.020459267941818945, 0.030819865496019103
2011-10-16, 0.15760042770243535, 0.5868995633187774, 0.16282225237449113, 0.323716054774812, 0.11768462345481907, 0.011012205194090111, 0.008234782807603456, 0.017901859449091572, 0.03253208024579793
2011-10-16, 0.18310186163525086, 0.775545851528384, 0.031013762357045963, 0.4932816072759036, 0.10673721662181287, 0.005506102597045063, 0.006862319006336213, 0.017901859449091572, 0.027966174246387702
2011-10-16, 0.18310186163525086, 0.775545851528384, 0.031013762357045963, 0.4932816072759036, 0.10673721662181287, 0.005506102597045063, 0.006862319006336213, 0.017901859449091572, 0.027966174246387702
2011-10-16, 0.18310186163525086, 0.775545851528384, 0.031013762357045963, 0.4932816072759036, 0.10673721662181287, 0.005506102597045063, 0.006862319006336213, 0.017901859449091572, 0.027966174246387702
2011-10-16, 0.18310186163525086, 0.775545851528384, 0.031013762357045963, 0.4932816072759036, 0.10673721662181287, 0.005506102597045063, 0.006862319006336213, 0.017901859449091572, 0.027966174246387702
2011-10-16, 0.18310186163525086, 0.775545851528384, 0.031013762357045963, 0.4932816072759036, 0.10673721662181287, 0.005506102597045063, 0.006862319006336213, 0.017901859449091572, 0.027966174246387702
2011-10-16, 0.18310186163525086, 0.775545851528384, 0.031013762357045963, 0.4932816072759036, 0.10673721662181287, 0.005506102597045063, 0.006862319006336213, 0.017901859449091572, 0.027966174246387702
2011-10-16, 0.18310186163525086, 0.775545851528384, 0.031013762357045963, 0.4932816072759036, 0.10673721662181287, 0.005506102597045063, 0.006862319006336213, 0.017901859449091572, 0.027966174246387702
2011-10-16, 0.18310186163525086, 0.775545851528384, 0.031013762357045963, 0.4932816072759036, 0.10673721662181287, 0.005506102597045063, 0.006862319006336213, 0.017901859449091572, 0.027966174246387702
2011-10-16, 0.18310186163525086, 0.775545851528384, 0.031013762357045963, 0.4932816072759036, 0.10673721662181287, 0.005506102597045063, 0.006862319006336213, 0.017901859449091572, 0.027966174246387702
2011-10-16, 0.18310186163525086, 0.775545851528384, 0.031013762357045963, 0.4932816072759036, 0.10673721662181287, 0.005506102597045063, 0.006862319006336213, 0.017901859449091572, 0.027966174246387702
2011-10-16, 0.15760042770243535, 0.5868995633187774, 0.16282225237449113, 0.323716054774812, 0.11768462345481907, 0.011012205194090111, 0.008234782807603456, 0.017901859449091572, 0.03253208024579793
2011-10-16, 0.15760042770243535, 0.5868995633187774, 0.16282225237449113, 0.323716054774812, 0.11768462345481907, 0.011012205194090111, 0.008234782807603456, 0.017901859449091572, 0.03253208024579793
2011-10-16, 0.1609657152682793, 0.6707423580786027, 0.03876720294630728, 0.4717005369575827, 0.038315923915522666, 0.011012205194090111, 0.009607246608870698, 0.017901859449091572, 0.02967838899616653
2011-10-16, 0.17262940519825123, 0.62882096069869, 0.1395619306067065, 0.5364437479125453, 0.013684258541258236, 0.00825915389556758, 0.009607246608870698, 0.01726250732590973, 0.027395435996461423
2011-09-16, 0.13036024312412492, 0.4820960698689958, 0.0232603217677843, 0.41620635613904416, 0.06294758928978711, 0.011012205194090111, 0.004117391403801728, 0.014705098833182387, 0.028536912496313984
2011-09-16, 0.2240978780877545, 0.6707423580786025, 0.03876720294630728, 0.7615034812321765, 0.27094831911690875, 0.008259153895567594, 0.0027449276025344853, 0.014705098833182387, 0.025112482996756315
2011-09-16, 0.2240978780877545, 0.6707423580786025, 0.03876720294630728, 0.7615034812321765, 0.27094831911690875, 0.008259153895567594, 0.0027449276025344853, 0.014705098833182387, 0.025112482996756315
2011-09-16, 0.2240978780877545, 0.6707423580786025, 0.03876720294630728, 0.7615034812321765, 0.27094831911690875, 0.008259153895567594, 0.0027449276025344853, 0.014705098833182387, 0.025112482996756315
2011-09-16, 0.2240978780877545, 0.6707423580786025, 0.03876720294630728, 0.7615034812321765, 0.27094831911690875, 0.008259153895567594, 0.0027449276025344853, 0.014705098833182387, 0.025112482996756315
2011-09-16, 0.2240978780877545, 0.6707423580786025, 0.03876720294630728, 0.7615034812321765, 0.27094831911690875, 0.008259153895567594, 0.0027449276025344853, 0.014705098833182387, 0.025112482996756315
2011-09-16, 0.2240978780877545, 0.6707423580786025, 0.03876720294630728, 0.7615034812321765, 0.27094831911690875, 0.008259153895567594, 0.0027449276025344853, 0.014705098833182387, 0.025112482996756315
2011-09-16, 0.2240978780877545, 0.6707423580786025, 0.03876720294630728, 0.7615034812321765, 0.27094831911690875, 0.008259153895567594, 0.0027449276025344853, 0.014705098833182387, 0.025112482996756315
2011-09-16, 0.2240978780877545, 0.6707423580786025, 0.03876720294630728, 0.7615034812321765, 0.27094831911690875, 0.008259153895567594, 0.0027449276025344853, 0.014705098833182387, 0.025112482996756315
2011-09-16, 0.2240978780877545, 0.6707423580786025, 0.03876720294630728, 0.7615034812321765, 0.27094831911690875, 0.008259153895567594, 0.0027449276025344853, 0.014705098833182387, 0.025112482996756315
2011-09-16, 0.2240978780877545, 0.6707423580786025, 0.03876720294630728, 0.7615034812321765, 0.27094831911690875, 0.008259153895567594, 0.0027449276025344853, 0.014705098833182387, 0.025112482996756315
2011-09-16, 0.13036024312412492, 0.4820960698689958, 0.0232603217677843, 0.41620635613904416, 0.06294758928978711, 0.011012205194090111, 0.004117391403801728, 0.014705098833182387, 0.028536912496313984
2011-09-16, 0.13036024312412492, 0.4820960698689958, 0.0232603217677843, 0.41620635613904416, 0.06294758928978711, 0.011012205194090111, 0.004117391403801728, 0.014705098833182387, 0.028536912496313984
2011-09-16, 0.16658260637638647, 0.5449781659388644, 0.08528784648187622, 0.5148626775942244, 0.12589517857957372, 0.011012205194090111, 0.004117391403801728, 0.01854121157227343, 0.027966174246387702
2011-09-16, 0.167072166361198, 0.5868995633187771, 0.0232603217677843, 0.49328160727590414, 0.16694795420334843, 0.011012205194090111, 0.00823478280760344, 0.017262507325909743, 0.029678388996166545
2011-08-17, 0.1482842624875763, 0.4192139737991267, 0.08528784648187657, 0.6042699689129822, 0.013684258541258236, 0.00825915389556758, 0.005489855205068956, 0.019819915818637117, 0.030249127246092824
2011-08-17, 0.2209651196217071, 0.6078602620087334, 0.13956193060670682, 0.7738355214140741, 0.20252702641061907, 0.005506102597045048, 0.0027449276025344853, 0.0134263945868187, 0.022258791747124914
2011-08-17, 0.2209651196217071, 0.6078602620087334, 0.13956193060670682, 0.7738355214140741, 0.20252702641061907, 0.005506102597045048, 0.0027449276025344853, 0.0134263945868187, 0.022258791747124914
2011-08-17, 0.2209651196217071, 0.6078602620087334, 0.13956193060670682, 0.7738355214140741, 0.20252702641061907, 0.005506102597045048, 0.0027449276025344853, 0.0134263945868187, 0.022258791747124914
2011-08-17, 0.2209651196217071, 0.6078602620087334, 0.13956193060670682, 0.7738355214140741, 0.20252702641061907, 0.005506102597045048, 0.0027449276025344853, 0.0134263945868187, 0.022258791747124914
2011-08-17, 0.2209651196217071, 0.6078602620087334, 0.13956193060670682, 0.7738355214140741, 0.20252702641061907, 0.005506102597045048, 0.0027449276025344853, 0.0134263945868187, 0.022258791747124914
2011-08-17, 0.2209651196217071, 0.6078602620087334, 0.13956193060670682, 0.7738355214140741, 0.20252702641061907, 0.005506102597045048, 0.0027449276025344853, 0.0134263945868187, 0.022258791747124914
2011-08-17, 0.2209651196217071, 0.6078602620087334, 0.13956193060670682, 0.7738355214140741, 0.20252702641061907, 0.005506102597045048, 0.0027449276025344853, 0.0134263945868187, 0.022258791747124914
2011-08-17, 0.2209651196217071, 0.6078602620087334, 0.13956193060670682, 0.7738355214140741, 0.20252702641061907, 0.005506102597045048, 0.0027449276025344853, 0.0134263945868187, 0.022258791747124914
2011-08-17, 0.2209651196217071, 0.6078602620087334, 0.13956193060670682, 0.7738355214140741, 0.20252702641061907, 0.005506102597045048, 0.0027449276025344853, 0.0134263945868187, 0.022258791747124914
2011-08-17, 0.2209651196217071, 0.6078602620087334, 0.13956193060670682, 0.7738355214140741, 0.20252702641061907, 0.005506102597045048, 0.0027449276025344853, 0.0134263945868187, 0.022258791747124914
2011-08-17, 0.1482842624875763, 0.4192139737991267, 0.08528784648187657, 0.6042699689129822, 0.013684258541258236, 0.00825915389556758, 0.005489855205068956, 0.019819915818637117, 0.030249127246092824
2011-08-17, 0.1482842624875763, 0.4192139737991267, 0.08528784648187657, 0.6042699689129822, 0.013684258541258236, 0.00825915389556758, 0.005489855205068956, 0.019819915818637117, 0.030249127246092824
2011-08-17, 0.16895158478638664, 0.4401746724890831, 0.10079472766039956, 0.6166020090948798, 0.12589517857957372, 0.011012205194090111, 0.005489855205068956, 0.01854121157227343, 0.033102818495724225
2011-08-17, 0.17691355362479233, 0.5240174672489085, 0.031013762357045963, 0.6782622100043679, 0.12042147516307063, 0.011012205194090111, 0.005489855205068956, 0.01598380307954606, 0.029107650746240263
2011-07-18, 0.09941415182732456, 0.10480349344978175, 0.10079472766039921, 0.22197672327415685, 0.33936961182319947, 0.011012205194090111, 0.00274492760253447, 0.0031967606159092146, 0.011414764998525591
2011-07-18, 0.05537658733417462, 0.18864628820960713, 0.14731537119596816, 0.024664080363795207, 0.06294758928978711, 0.011012205194090111, 0.0013724638012672275, 0.0019180563695455287, 0.005136644249336509
2011-07-18, 0.05537658733417462, 0.18864628820960713, 0.14731537119596816, 0.024664080363795207, 0.06294758928978711, 0.011012205194090111, 0.0013724638012672275, 0.0019180563695455287, 0.005136644249336509
2011-07-18, 0.05537658733417462, 0.18864628820960713, 0.14731537119596816, 0.024664080363795207, 0.06294758928978711, 0.011012205194090111, 0.0013724638012672275, 0.0019180563695455287, 0.005136644249336509
2011-07-18, 0.05537658733417462, 0.18864628820960713, 0.14731537119596816, 0.024664080363795207, 0.06294758928978711, 0.011012205194090111, 0.0013724638012672275, 0.0019180563695455287, 0.005136644249336509
2011-07-18, 0.05537658733417462, 0.18864628820960713, 0.14731537119596816, 0.024664080363795207, 0.06294758928978711, 0.011012205194090111, 0.0013724638012672275, 0.0019180563695455287, 0.005136644249336509
2011-07-18, 0.05537658733417462, 0.18864628820960713, 0.14731537119596816, 0.024664080363795207, 0.06294758928978711, 0.011012205194090111, 0.0013724638012672275, 0.0019180563695455287, 0.005136644249336509
2011-07-18, 0.05537658733417462, 0.18864628820960713, 0.14731537119596816, 0.024664080363795207, 0.06294758928978711, 0.011012205194090111, 0.0013724638012672275, 0.0019180563695455287, 0.005136644249336509
2011-07-18, 0.05537658733417462, 0.18864628820960713, 0.14731537119596816, 0.024664080363795207, 0.06294758928978711, 0.011012205194090111, 0.0013724638012672275, 0.0019180563695455287, 0.005136644249336509
2011-07-18, 0.05537658733417462, 0.18864628820960713, 0.14731537119596816, 0.024664080363795207, 0.06294758928978711, 0.011012205194090111, 0.0013724638012672275, 0.0019180563695455287, 0.005136644249336509
2011-07-18, 0.05537658733417462, 0.18864628820960713, 0.14731537119596816, 0.024664080363795207, 0.06294758928978711, 0.011012205194090111, 0.0013724638012672275, 0.0019180563695455287, 0.005136644249336509
2011-07-18, 0.09941415182732456, 0.10480349344978175, 0.10079472766039921, 0.22197672327415685, 0.33936961182319947, 0.011012205194090111, 0.00274492760253447, 0.0031967606159092146, 0.011414764998525591
2011-07-18, 0.09941415182732456, 0.10480349344978175, 0.10079472766039921, 0.22197672327415685, 0.33936961182319947, 0.011012205194090111, 0.00274492760253447, 0.0031967606159092146, 0.011414764998525591
2011-07-18, 0.09188573955831239, 0.1676855895196508, 0.08528784648187622, 0.19731264291036166, 0.26273776399215437, 0.011012205194090111, 0.0, 0.0019180563695455287, 0.009131811998820471
2011-07-18, 0.09380486517951396, 0.18864628820960713, 0.12405504942818385, 0.19422963286488704, 0.22168498836838038, 0.00825915389556758, 0.0013724638012672275, 0.0019180563695455287, 0.01027328849867303
2011-06-18, 0.07815510495620286, 0.33537117903930136, 0.06978096530335325, 0.08324127122780889, 0.11221092003831597, 0.00825915389556758, 0.004117391403801728, 0.0025574084927273717, 0.00970255024874675
2011-06-18, 0.07815510495620286, 0.33537117903930136, 0.06978096530335325, 0.08324127122780889, 0.11221092003831597, 0.00825915389556758, 0.004117391403801728, 0.0025574084927273717, 0.00970255024874675
2011-06-18, 0.07815510495620286, 0.33537117903930136, 0.06978096530335325, 0.08324127122780889, 0.11221092003831597, 0.00825915389556758, 0.004117391403801728, 0.0025574084927273717, 0.00970255024874675
2011-06-18, 0.07815510495620286, 0.33537117903930136, 0.06978096530335325, 0.08324127122780889, 0.11221092003831597, 0.00825915389556758, 0.004117391403801728, 0.0025574084927273717, 0.00970255024874675
2011-06-18, 0.07815510495620286, 0.33537117903930136, 0.06978096530335325, 0.08324127122780889, 0.11221092003831597, 0.00825915389556758, 0.004117391403801728, 0.0025574084927273717, 0.00970255024874675
2011-06-18, 0.07815510495620286, 0.33537117903930136, 0.06978096530335325, 0.08324127122780889, 0.11221092003831597, 0.00825915389556758, 0.004117391403801728, 0.0025574084927273717, 0.00970255024874675
2011-06-18, 0.07815510495620286, 0.33537117903930136, 0.06978096530335325, 0.08324127122780889, 0.11221092003831597, 0.00825915389556758, 0.004117391403801728, 0.0025574084927273717, 0.00970255024874675
2011-06-18, 0.07815510495620286, 0.33537117903930136, 0.06978096530335325, 0.08324127122780889, 0.11221092003831597, 0.00825915389556758, 0.004117391403801728, 0.0025574084927273717, 0.00970255024874675
2011-06-18, 0.07815510495620286, 0.33537117903930136, 0.06978096530335325, 0.08324127122780889, 0.11221092003831597, 0.00825915389556758, 0.004117391403801728, 0.0025574084927273717, 0.00970255024874675
2011-06-18, 0.07815510495620286, 0.33537117903930136, 0.06978096530335325, 0.08324127122780889, 0.11221092003831597, 0.00825915389556758, 0.004117391403801728, 0.0025574084927273717, 0.00970255024874675
2011-06-18, 0.07815510495620286, 0.33537117903930136, 0.06978096530335325, 0.08324127122780889, 0.11221092003831597, 0.00825915389556758, 0.004117391403801728, 0.0025574084927273717, 0.00970255024874675
2011-06-18, 0.10830707552403258, 0.20960698689956325, 0.10854816824966086, 0.1664825424556175, 0.33936961182319947, 0.016518307791135174, 0.009607246608870683, 0.0031967606159092146, 0.013126979748304431
2011-06-18, 0.10830707552403258, 0.20960698689956325, 0.10854816824966086, 0.1664825424556175, 0.33936961182319947, 0.016518307791135174, 0.009607246608870683, 0.0031967606159092146, 0.013126979748304431
2011-06-18, 0.10830707552403258, 0.20960698689956325, 0.10854816824966086, 0.1664825424556175, 0.33936961182319947, 0.016518307791135174, 0.009607246608870683, 0.0031967606159092146, 0.013126979748304431
2011-06-18, 0.08692019703345517, 0.37729257641921404, 0.054274084124830264, 0.018498060272846267, 0.2189481366601286, 0.00825915389556758, 0.004117391403801728, 0.0025574084927273717, 0.011414764998525591
2011-05-19, 0.09366386735609529, 0.3982532751091704, 0.07753440589261457, 0.18189759268298944, 0.07115814441454175, 0.005506102597045063, 0.004117391403801728, 0.0, 0.01084402674859931
2011-05-19, 0.09366386735609529, 0.3982532751091704, 0.07753440589261457, 0.18189759268298944, 0.07115814441454175, 0.005506102597045063, 0.004117391403801728, 0.0, 0.01084402674859931
2011-05-19, 0.09366386735609529, 0.3982532751091704, 0.07753440589261457, 0.18189759268298944, 0.07115814441454175, 0.005506102597045063, 0.004117391403801728, 0.0, 0.01084402674859931
2011-05-19, 0.09366386735609529, 0.3982532751091704, 0.07753440589261457, 0.18189759268298944, 0.07115814441454175, 0.005506102597045063, 0.004117391403801728, 0.0, 0.01084402674859931
2011-05-19, 0.09366386735609529, 0.3982532751091704, 0.07753440589261457, 0.18189759268298944, 0.07115814441454175, 0.005506102597045063, 0.004117391403801728, 0.0, 0.01084402674859931
2011-05-19, 0.09366386735609529, 0.3982532751091704, 0.07753440589261457, 0.18189759268298944, 0.07115814441454175, 0.005506102597045063, 0.004117391403801728, 0.0, 0.01084402674859931
2011-05-19, 0.09366386735609529, 0.3982532751091704, 0.07753440589261457, 0.18189759268298944, 0.07115814441454175, 0.005506102597045063, 0.004117391403801728, 0.0, 0.01084402674859931
2011-05-19, 0.09366386735609529, 0.3982532751091704, 0.07753440589261457, 0.18189759268298944, 0.07115814441454175, 0.005506102597045063, 0.004117391403801728, 0.0, 0.01084402674859931
2011-05-19, 0.09366386735609529, 0.3982532751091704, 0.07753440589261457, 0.18189759268298944, 0.07115814441454175, 0.005506102597045063, 0.004117391403801728, 0.0, 0.01084402674859931
2011-05-19, 0.09366386735609529, 0.3982532751091704, 0.07753440589261457, 0.18189759268298944, 0.07115814441454175, 0.005506102597045063, 0.004117391403801728, 0.0, 0.01084402674859931
2011-05-19, 0.09366386735609529, 0.3982532751091704, 0.07753440589261457, 0.18189759268298944, 0.07115814441454175, 0.005506102597045063, 0.004117391403801728, 0.0, 0.01084402674859931
2011-05-19, 0.06407999151607119, 0.10480349344978175, 0.031013762357045963, 0.11407137168255276, 0.22715869178488324, 0.008259153895567594, 0.0027449276025344853, 0.005754169108636572, 0.01883436224756722
2011-05-19, 0.06407999151607119, 0.10480349344978175, 0.031013762357045963, 0.11407137168255276, 0.22715869178488324, 0.008259153895567594, 0.0027449276025344853, 0.005754169108636572, 0.01883436224756722
2011-05-19, 0.06407999151607119, 0.10480349344978175, 0.031013762357045963, 0.11407137168255276, 0.22715869178488324, 0.008259153895567594, 0.0027449276025344853, 0.005754169108636572, 0.01883436224756722
2011-05-19, 0.03678127972037907, 0.1886462882096069, 0.007753440589261319, 0.04624515068211608, 0.01642111024950954, 0.008259153895567594, 0.004117391403801728, 0.005114816985454743, 0.017692885747714673
2011-04-19, 0.12865736230333577, 0.48209606986899556, 0.046520643535568944, 0.06782622100043668, 0.4077909045294897, 0.005506102597045063, 0.010979710410137926, 0.005114816985454729, 0.0034244294995576683
2011-04-19, 0.13927868154078119, 0.62882096069869, 0.14731537119596816, 0.21889371322868226, 0.10400036491356084, 0.0, 0.00823478280760344, 0.006393521231818415, 0.0005707382499262802
2011-04-19, 0.13927868154078119, 0.62882096069869, 0.14731537119596816, 0.21889371322868226, 0.10400036491356084, 0.0, 0.00823478280760344, 0.006393521231818415, 0.0005707382499262802
2011-04-19, 0.13927868154078119, 0.62882096069869, 0.14731537119596816, 0.21889371322868226, 0.10400036491356084, 0.0, 0.00823478280760344, 0.006393521231818415, 0.0005707382499262802
2011-04-19, 0.13927868154078119, 0.62882096069869, 0.14731537119596816, 0.21889371322868226, 0.10400036491356084, 0.0, 0.00823478280760344, 0.006393521231818415, 0.0005707382499262802
2011-04-19, 0.13927868154078119, 0.62882096069869, 0.14731537119596816, 0.21889371322868226, 0.10400036491356084, 0.0, 0.00823478280760344, 0.006393521231818415, 0.0005707382499262802
2011-04-19, 0.13927868154078119, 0.62882096069869, 0.14731537119596816, 0.21889371322868226, 0.10400036491356084, 0.0, 0.00823478280760344, 0.006393521231818415, 0.0005707382499262802
2011-04-19, 0.13927868154078119, 0.62882096069869, 0.14731537119596816, 0.21889371322868226, 0.10400036491356084, 0.0, 0.00823478280760344, 0.006393521231818415, 0.0005707382499262802
2011-04-19, 0.13927868154078119, 0.62882096069869, 0.14731537119596816, 0.21889371322868226, 0.10400036491356084, 0.0, 0.00823478280760344, 0.006393521231818415, 0.0005707382499262802
2011-04-19, 0.13927868154078119, 0.62882096069869, 0.14731537119596816, 0.21889371322868226, 0.10400036491356084, 0.0, 0.00823478280760344, 0.006393521231818415, 0.0005707382499262802
2011-04-19, 0.13927868154078119, 0.62882096069869, 0.14731537119596816, 0.21889371322868226, 0.10400036491356084, 0.0, 0.00823478280760344, 0.006393521231818415, 0.0005707382499262802
2011-04-19, 0.09479645122056014, 0.4192139737991265, 0.0, 0.00924903013642327, 0.2928431327829221, 0.008259153895567594, 0.00823478280760344, 0.010868986094091315, 0.00970255024874675
2011-04-19, 0.09479645122056014, 0.4192139737991265, 0.0, 0.00924903013642327, 0.2928431327829221, 0.008259153895567594, 0.00823478280760344, 0.010868986094091315, 0.00970255024874675
2011-04-19, 0.09395202571901895, 0.33537117903930114, 0.031013762357045963, 0.09865632145518083, 0.2545272088673995, 0.008259153895567594, 0.010979710410137926, 0.0076722254781821, 0.005136644249336509
2011-04-19, 0.09479645122056014, 0.4192139737991265, 0.0, 0.00924903013642327, 0.2928431327829221, 0.008259153895567594, 0.00823478280760344, 0.010868986094091315, 0.00970255024874675
2011-03-20, 0.09440658730705112, 0.4192139737991265, 0.03876720294630762, 0.03699612054569281, 0.23536924690963815, 0.005506102597045048, 0.008234782807603456, 0.008311577601363944, 0.0028536912496313883
2011-03-20, 0.11659894295353726, 0.5659388646288209, 0.09304128707113789, 0.16339953241014318, 0.08757925466405153, 0.0027530512985225316, 0.005489855205068971, 0.008311577601363944, 0.006278120749189069
2011-03-20, 0.11659894295353726, 0.5659388646288209, 0.09304128707113789, 0.16339953241014318, 0.08757925466405153, 0.0027530512985225316, 0.005489855205068971, 0.008311577601363944, 0.006278120749189069
2011-03-20, 0.11659894295353726, 0.5659388646288209, 0.09304128707113789, 0.16339953241014318, 0.08757925466405153, 0.0027530512985225316, 0.005489855205068971, 0.008311577601363944, 0.006278120749189069
2011-03-20, 0.11659894295353726, 0.5659388646288209, 0.09304128707113789, 0.16339953241014318, 0.08757925466405153, 0.0027530512985225316, 0.005489855205068971, 0.008311577601363944, 0.006278120749189069
2011-03-20, 0.11659894295353726, 0.5659388646288209, 0.09304128707113789, 0.16339953241014318, 0.08757925466405153, 0.0027530512985225316, 0.005489855205068971, 0.008311577601363944, 0.006278120749189069
2011-03-20, 0.11659894295353726, 0.5659388646288209, 0.09304128707113789, 0.16339953241014318, 0.08757925466405153, 0.0027530512985225316, 0.005489855205068971, 0.008311577601363944, 0.006278120749189069
2011-03-20, 0.11659894295353726, 0.5659388646288209, 0.09304128707113789, 0.16339953241014318, 0.08757925466405153, 0.0027530512985225316, 0.005489855205068971, 0.008311577601363944, 0.006278120749189069
2011-03-20, 0.11659894295353726, 0.5659388646288209, 0.09304128707113789, 0.16339953241014318, 0.08757925466405153, 0.0027530512985225316, 0.005489855205068971, 0.008311577601363944, 0.006278120749189069
2011-03-20, 0.11659894295353726, 0.5659388646288209, 0.09304128707113789, 0.16339953241014318, 0.08757925466405153, 0.0027530512985225316, 0.005489855205068971, 0.008311577601363944, 0.006278120749189069
2011-03-20, 0.11659894295353726, 0.5659388646288209, 0.09304128707113789, 0.16339953241014318, 0.08757925466405153, 0.0027530512985225316, 0.005489855205068971, 0.008311577601363944, 0.006278120749189069
2011-03-20, 0.0737600040975766, 0.2934497816593889, 0.031013762357045963, 0.04316214063664148, 0.20252702641061907, 0.0, 0.009607246608870698, 0.005754169108636572, 0.0045659059994102285
2011-03-20, 0.0737600040975766, 0.2934497816593889, 0.031013762357045963, 0.04316214063664148, 0.20252702641061907, 0.0, 0.009607246608870698, 0.005754169108636572, 0.0045659059994102285
2011-03-20, 0.10468252903690889, 0.4401746724890829, 0.031013762357045963, 0.06474321095496234, 0.27094831911690925, 0.0027530512985225316, 0.009607246608870698, 0.010229633970909473, 0.00799033549896791
2011-03-20, 0.0737600040975766, 0.2934497816593889, 0.031013762357045963, 0.04316214063664148, 0.20252702641061907, 0.0, 0.009607246608870698, 0.005754169108636572, 0.0045659059994102285
2011-02-18, 0.0910510301182215, 0.25152838427947594, 0.13180849001744516, 0.0, 0.3366327601149474, 0.0027530512985225316, 0.0, 0.005114816985454729, 0.0005707382499262802
2011-02-18, 0.10383624007650584, 0.4401746724890831, 0.10854816824966053, 0.24047478354700286, 0.035579072207270634, 0.0, 0.0, 0.0019180563695455287, 0.003995167749483961
2011-02-18, 0.10383624007650584, 0.4401746724890831, 0.10854816824966053, 0.24047478354700286, 0.035579072207270634, 0.0, 0.0, 0.0019180563695455287, 0.003995167749483961
2011-02-18, 0.10383624007650584, 0.4401746724890831, 0.10854816824966053, 0.24047478354700286, 0.035579072207270634, 0.0, 0.0, 0.0019180563695455287, 0.003995167749483961
2011-02-18, 0.10383624007650584, 0.4401746724890831, 0.10854816824966053, 0.24047478354700286, 0.035579072207270634, 0.0, 0.0, 0.0019180563695455287, 0.003995167749483961
2011-02-18, 0.10383624007650584, 0.4401746724890831, 0.10854816824966053, 0.24047478354700286, 0.035579072207270634, 0.0, 0.0, 0.0019180563695455287, 0.003995167749483961
2011-02-18, 0.10383624007650584, 0.4401746724890831, 0.10854816824966053, 0.24047478354700286, 0.035579072207270634, 0.0, 0.0, 0.0019180563695455287, 0.003995167749483961
2011-02-18, 0.10383624007650584, 0.4401746724890831, 0.10854816824966053, 0.24047478354700286, 0.035579072207270634, 0.0, 0.0, 0.0019180563695455287, 0.003995167749483961
2011-02-18, 0.10383624007650584, 0.4401746724890831, 0.10854816824966053, 0.24047478354700286, 0.035579072207270634, 0.0, 0.0, 0.0019180563695455287, 0.003995167749483961
2011-02-18, 0.10383624007650584, 0.4401746724890831, 0.10854816824966053, 0.24047478354700286, 0.035579072207270634, 0.0, 0.0, 0.0019180563695455287, 0.003995167749483961
2011-02-18, 0.10383624007650584, 0.4401746724890831, 0.10854816824966053, 0.24047478354700286, 0.035579072207270634, 0.0, 0.0, 0.0019180563695455287, 0.003995167749483961
2011-02-18, 0.0910510301182215, 0.25152838427947594, 0.13180849001744516, 0.0, 0.3366327601149474, 0.0027530512985225316, 0.0, 0.005114816985454729, 0.0005707382499262802
2011-02-18, 0.0910510301182215, 0.25152838427947594, 0.13180849001744516, 0.0, 0.3366327601149474, 0.0027530512985225316, 0.0, 0.005114816985454729, 0.0005707382499262802
2011-02-18, 0.10427508826667248, 0.314410480349345, 0.07753440589261457, 0.20964468309225898, 0.22442184007663193, 0.0027530512985225316, 0.0013724638012672426, 0.0006393521231818429, 0.003424429499557681
2011-02-18, 0.10388926764720768, 0.314410480349345, 0.14731537119596816, 0.10482234154612949, 0.2545272088673995, 0.0027530512985225316, 0.0013724638012672426, 0.0019180563695455287, 0.003995167749483949
2011-01-19, 0.11020128165753018, 0.37729257641921427, 0.16282225237449113, 0.0339131105002182, 0.29831683619942523, 0.0027530512985225165, 0.0027449276025344853, 0.0031967606159092146, 0.0005707382499262802
2011-01-19, 0.10443861561414033, 0.4401746724890829, 0.13180849001744516, 0.08632428127328322, 0.16968480591159998, 0.0, 0.0027449276025344853, 0.0019180563695455287, 0.002853691249631401
2011-01-19, 0.10443861561414033, 0.4401746724890829, 0.13180849001744516, 0.08632428127328322, 0.16968480591159998, 0.0, 0.0027449276025344853, 0.0019180563695455287, 0.002853691249631401
2011-01-19, 0.10443861561414033, 0.4401746724890829, 0.13180849001744516, 0.08632428127328322, 0.16968480591159998, 0.0, 0.0027449276025344853, 0.0019180563695455287, 0.002853691249631401
2011-01-19, 0.10443861561414033, 0.4401746724890829, 0.13180849001744516, 0.08632428127328322, 0.16968480591159998, 0.0, 0.0027449276025344853, 0.0019180563695455287, 0.002853691249631401
2011-01-19, 0.10443861561414033, 0.4401746724890829, 0.13180849001744516, 0.08632428127328322, 0.16968480591159998, 0.0, 0.0027449276025344853, 0.0019180563695455287, 0.002853691249631401
2011-01-19, 0.10443861561414033, 0.4401746724890829, 0.13180849001744516, 0.08632428127328322, 0.16968480591159998, 0.0, 0.0027449276025344853, 0.0019180563695455287, 0.002853691249631401
2011-01-19, 0.10443861561414033, 0.4401746724890829, 0.13180849001744516, 0.08632428127328322, 0.16968480591159998, 0.0, 0.0027449276025344853, 0.0019180563695455287, 0.002853691249631401
2011-01-19, 0.10443861561414033, 0.4401746724890829, 0.13180849001744516, 0.08632428127328322, 0.16968480591159998, 0.0, 0.0027449276025344853, 0.0019180563695455287, 0.002853691249631401
2011-01-19, 0.10443861561414033, 0.4401746724890829, 0.13180849001744516, 0.08632428127328322, 0.16968480591159998, 0.0, 0.0027449276025344853, 0.0019180563695455287, 0.002853691249631401
2011-01-19, 0.10443861561414033, 0.4401746724890829, 0.13180849001744516, 0.08632428127328322, 0.16968480591159998, 0.0, 0.0027449276025344853, 0.0019180563695455287, 0.002853691249631401
2011-01-19, 0.11020128165753018, 0.37729257641921427, 0.16282225237449113, 0.0339131105002182, 0.29831683619942523, 0.0027530512985225165, 0.0027449276025344853, 0.0031967606159092146, 0.0005707382499262802
2011-01-19, 0.11020128165753018, 0.37729257641921427, 0.16282225237449113, 0.0339131105002182, 0.29831683619942523, 0.0027530512985225165, 0.0027449276025344853, 0.0031967606159092146, 0.0005707382499262802
2011-01-19, 0.09883196114309495, 0.4192139737991265, 0.11630160883892218, 0.0215810703183206, 0.2271586917848835, 0.0, 0.004117391403801728, 0.0, 0.0022829529997051208
2011-01-19, 0.0985721052189715, 0.3982532751091702, 0.16282225237449113, 0.04316214063664175, 0.17789536103635462, 0.0, 0.0027449276025344853, 0.0025574084927273717, 0.0011414764998525604
2010-12-20, 0.10653767755050625, 0.4401746724890829, 0.11630160883892218, 0.0, 0.26547461570040615, 0.008259153895567594, 0.006862319006336213, 0.008950929724545786, 0.006278120749189069
2010-12-20, 0.09320722095138627, 0.35633187772925745, 0.09304128707113754, 0.1449014721372969, 0.13410573370432885, 0.005506102597045063, 0.006862319006336213, 0.0031967606159092146, 0.0017122147497788405
2010-12-20, 0.09320722095138627, 0.35633187772925745, 0.09304128707113754, 0.1449014721372969, 0.13410573370432885, 0.005506102597045063, 0.006862319006336213, 0.0031967606159092146, 0.0017122147497788405
2010-12-20, 0.09320722095138627, 0.35633187772925745, 0.09304128707113754, 0.1449014721372969, 0.13410573370432885, 0.005506102597045063, 0.006862319006336213, 0.0031967606159092146, 0.0017122147497788405
2010-12-20, 0.09320722095138627, 0.35633187772925745, 0.09304128707113754, 0.1449014721372969, 0.13410573370432885, 0.005506102597045063, 0.006862319006336213, 0.0031967606159092146, 0.0017122147497788405
2010-12-20, 0.09320722095138627, 0.35633187772925745, 0.09304128707113754, 0.1449014721372969, 0.13410573370432885, 0.005506102597045063, 0.006862319006336213, 0.0031967606159092146, 0.0017122147497788405
2010-12-20, 0.09320722095138627, 0.35633187772925745, 0.09304128707113754, 0.1449014721372969, 0.13410573370432885, 0.005506102597045063, 0.006862319006336213, 0.0031967606159092146, 0.0017122147497788405
2010-12-20, 0.09320722095138627, 0.35633187772925745, 0.09304128707113754, 0.1449014721372969, 0.13410573370432885, 0.005506102597045063, 0.006862319006336213, 0.0031967606159092146, 0.0017122147497788405
2010-12-20, 0.09320722095138627, 0.35633187772925745, 0.09304128707113754, 0.1449014721372969, 0.13410573370432885, 0.005506102597045063, 0.006862319006336213, 0.0031967606159092146, 0.0017122147497788405
2010-12-20, 0.09320722095138627, 0.35633187772925745, 0.09304128707113754, 0.1449014721372969, 0.13410573370432885, 0.005506102597045063, 0.006862319006336213, 0.0031967606159092146, 0.0017122147497788405
2010-12-20, 0.09320722095138627, 0.35633187772925745, 0.09304128707113754, 0.1449014721372969, 0.13410573370432885, 0.005506102597045063, 0.006862319006336213, 0.0031967606159092146, 0.0017122147497788405
2010-12-20, 0.10141596490859639, 0.31441048034934477, 0.054274084124830264, 0.03699612054569281, 0.37221183232221855, 0.008259153895567594, 0.008234782807603456, 0.008950929724545786, 0.00799033549896791
2010-12-20, 0.10141596490859639, 0.31441048034934477, 0.054274084124830264, 0.03699612054569281, 0.37221183232221855, 0.008259153895567594, 0.008234782807603456, 0.008950929724545786, 0.00799033549896791
2010-12-20, 0.09950556760548683, 0.46113537117903924, 0.03876720294630728, 0.05857719086401368, 0.22168498836838038, 0.005506102597045063, 0.004117391403801728, 0.005114816985454729, 0.0011414764998525604
2010-12-20, 0.10856907677503316, 0.5030567685589519, 0.054274084124830264, 0.012332040181897604, 0.2791588742416639, 0.008259153895567594, 0.005489855205068971, 0.0025574084927273717, 0.003424429499557681
2010-11-20, 0.1258380580345774, 0.6497816593886464, 0.054274084124830264, 0.11407137168255276, 0.16694795420334793, 0.0, 0.004117391403801713, 0.008950929724545786, 0.00856107374889419
2010-11-20, 0.1258380580345774, 0.6497816593886464, 0.054274084124830264, 0.11407137168255276, 0.16694795420334793, 0.0, 0.004117391403801713, 0.008950929724545786, 0.00856107374889419
2010-11-20, 0.1258380580345774, 0.6497816593886464, 0.054274084124830264, 0.11407137168255276, 0.16694795420334793, 0.0, 0.004117391403801713, 0.008950929724545786, 0.00856107374889419
2010-11-20, 0.1258380580345774, 0.6497816593886464, 0.054274084124830264, 0.11407137168255276, 0.16694795420334793, 0.0, 0.004117391403801713, 0.008950929724545786, 0.00856107374889419
2010-11-20, 0.1258380580345774, 0.6497816593886464, 0.054274084124830264, 0.11407137168255276, 0.16694795420334793, 0.0, 0.004117391403801713, 0.008950929724545786, 0.00856107374889419
2010-11-20, 0.1258380580345774, 0.6497816593886464, 0.054274084124830264, 0.11407137168255276, 0.16694795420334793, 0.0, 0.004117391403801713, 0.008950929724545786, 0.00856107374889419
2010-11-20, 0.1258380580345774, 0.6497816593886464, 0.054274084124830264, 0.11407137168255276, 0.16694795420334793, 0.0, 0.004117391403801713, 0.008950929724545786, 0.00856107374889419
2010-11-20, 0.1258380580345774, 0.6497816593886464, 0.054274084124830264, 0.11407137168255276, 0.16694795420334793, 0.0, 0.004117391403801713, 0.008950929724545786, 0.00856107374889419
2010-11-20, 0.1258380580345774, 0.6497816593886464, 0.054274084124830264, 0.11407137168255276, 0.16694795420334793, 0.0, 0.004117391403801713, 0.008950929724545786, 0.00856107374889419
2010-11-20, 0.1258380580345774, 0.6497816593886464, 0.054274084124830264, 0.11407137168255276, 0.16694795420334793, 0.0, 0.004117391403801713, 0.008950929724545786, 0.00856107374889419
2010-11-20, 0.1258380580345774, 0.6497816593886464, 0.054274084124830264, 0.11407137168255276, 0.16694795420334793, 0.0, 0.004117391403801713, 0.008950929724545786, 0.00856107374889419
2010-11-20, 0.10999967585294433, 0.3772925764192138, 0.07753440589261457, 0.012332040181897604, 0.3831592391552252, 0.011012205194090127, 0.0068623190063361985, 0.008950929724545786, 0.0028536912496313883
2010-11-20, 0.10999967585294433, 0.3772925764192138, 0.07753440589261457, 0.012332040181897604, 0.3831592391552252, 0.011012205194090127, 0.0068623190063361985, 0.008950929724545786, 0.0028536912496313883
2010-11-20, 0.10999967585294433, 0.3772925764192138, 0.07753440589261457, 0.012332040181897604, 0.3831592391552252, 0.011012205194090127, 0.0068623190063361985, 0.008950929724545786, 0.0028536912496313883
2010-11-20, 0.11803928484241533, 0.48209606986899556, 0.054274084124830264, 0.055494180818539074, 0.3311590566984448, 0.005506102597045063, 0.004117391403801713, 0.0076722254781821, 0.003995167749483949
2010-10-21, 0.12603735640827876, 0.48209606986899556, 0.007753440589261319, 0.10790535159160382, 0.3831592391552252, 0.008259153895567594, 0.008234782807603456, 0.005754169108636572, 0.005136644249336509
2010-10-21, 0.12087717583835564, 0.5659388646288209, 0.023260321767784645, 0.14490147213729662, 0.21894813666012886, 0.0027530512985225316, 0.0027449276025344853, 0.004475464862272886, 0.003995167749483949
2010-10-21, 0.12087717583835564, 0.5659388646288209, 0.023260321767784645, 0.14490147213729662, 0.21894813666012886, 0.0027530512985225316, 0.0027449276025344853, 0.004475464862272886, 0.003995167749483949
2010-10-21, 0.12087717583835564, 0.5659388646288209, 0.023260321767784645, 0.14490147213729662, 0.21894813666012886, 0.0027530512985225316, 0.0027449276025344853, 0.004475464862272886, 0.003995167749483949
2010-10-21, 0.12087717583835564, 0.5659388646288209, 0.023260321767784645, 0.14490147213729662, 0.21894813666012886, 0.0027530512985225316, 0.0027449276025344853, 0.004475464862272886, 0.003995167749483949
2010-10-21, 0.12087717583835564, 0.5659388646288209, 0.023260321767784645, 0.14490147213729662, 0.21894813666012886, 0.0027530512985225316, 0.0027449276025344853, 0.004475464862272886, 0.003995167749483949
2010-10-21, 0.12087717583835564, 0.5659388646288209, 0.023260321767784645, 0.14490147213729662, 0.21894813666012886, 0.0027530512985225316, 0.0027449276025344853, 0.004475464862272886, 0.003995167749483949
2010-10-21, 0.12087717583835564, 0.5659388646288209, 0.023260321767784645, 0.14490147213729662, 0.21894813666012886, 0.0027530512985225316, 0.0027449276025344853, 0.004475464862272886, 0.003995167749483949
2010-10-21, 0.12087717583835564, 0.5659388646288209, 0.023260321767784645, 0.14490147213729662, 0.21894813666012886, 0.0027530512985225316, 0.0027449276025344853, 0.004475464862272886, 0.003995167749483949
2010-10-21, 0.12087717583835564, 0.5659388646288209, 0.023260321767784645, 0.14490147213729662, 0.21894813666012886, 0.0027530512985225316, 0.0027449276025344853, 0.004475464862272886, 0.003995167749483949
2010-10-21, 0.12087717583835564, 0.5659388646288209, 0.023260321767784645, 0.14490147213729662, 0.21894813666012886, 0.0027530512985225316, 0.0027449276025344853, 0.004475464862272886, 0.003995167749483949
2010-10-21, 0.12603735640827876, 0.48209606986899556, 0.007753440589261319, 0.10790535159160382, 0.3831592391552252, 0.008259153895567594, 0.008234782807603456, 0.005754169108636572, 0.005136644249336509
2010-10-21, 0.12603735640827876, 0.48209606986899556, 0.007753440589261319, 0.10790535159160382, 0.3831592391552252, 0.008259153895567594, 0.008234782807603456, 0.005754169108636572, 0.005136644249336509
2010-10-21, 0.12651770212696356, 0.5868995633187774, 0.0, 0.06166020090948829, 0.35579072207270923, 0.0, 0.0027449276025344853, 0.004475464862272886, 0.0005707382499262802
2010-10-21, 0.15422263272657846, 0.6707423580786027, 0.0232603217677843, 0.07399224109138562, 0.4461068284450123, 0.0027530512985225316, 0.004117391403801728, 0.0076722254781821, 0.005136644249336509
2010-09-21, 0.12834386945920181, 0.6497816593886464, 0.062027524714091925, 0.024664080363795207, 0.2682114674086577, 0.0, 0.005489855205068956, 0.010868986094091329, 0.005707382499262802
2010-09-21, 0.12834386945920181, 0.6497816593886464, 0.062027524714091925, 0.024664080363795207, 0.2682114674086577, 0.0, 0.005489855205068956, 0.010868986094091329, 0.005707382499262802
2010-09-21, 0.12834386945920181, 0.6497816593886464, 0.062027524714091925, 0.024664080363795207, 0.2682114674086577, 0.0, 0.005489855205068956, 0.010868986094091329, 0.005707382499262802
2010-09-21, 0.12834386945920181, 0.6497816593886464, 0.062027524714091925, 0.024664080363795207, 0.2682114674086577, 0.0, 0.005489855205068956, 0.010868986094091329, 0.005707382499262802
2010-09-21, 0.12834386945920181, 0.6497816593886464, 0.062027524714091925, 0.024664080363795207, 0.2682114674086577, 0.0, 0.005489855205068956, 0.010868986094091329, 0.005707382499262802
2010-09-21, 0.12834386945920181, 0.6497816593886464, 0.062027524714091925, 0.024664080363795207, 0.2682114674086577, 0.0, 0.005489855205068956, 0.010868986094091329, 0.005707382499262802
2010-09-21, 0.12834386945920181, 0.6497816593886464, 0.062027524714091925, 0.024664080363795207, 0.2682114674086577, 0.0, 0.005489855205068956, 0.010868986094091329, 0.005707382499262802
2010-09-21, 0.12834386945920181, 0.6497816593886464, 0.062027524714091925, 0.024664080363795207, 0.2682114674086577, 0.0, 0.005489855205068956, 0.010868986094091329, 0.005707382499262802
2010-09-21, 0.12834386945920181, 0.6497816593886464, 0.062027524714091925, 0.024664080363795207, 0.2682114674086577, 0.0, 0.005489855205068956, 0.010868986094091329, 0.005707382499262802
2010-09-21, 0.12834386945920181, 0.6497816593886464, 0.062027524714091925, 0.024664080363795207, 0.2682114674086577, 0.0, 0.005489855205068956, 0.010868986094091329, 0.005707382499262802
2010-09-21, 0.12834386945920181, 0.6497816593886464, 0.062027524714091925, 0.024664080363795207, 0.2682114674086577, 0.0, 0.005489855205068956, 0.010868986094091329, 0.005707382499262802
2010-09-21, 0.10548062761783307, 0.4401746724890829, 0.031013762357045963, 0.033913110500218474, 0.3256853532819412, 0.0027530512985225316, 0.004117391403801713, 0.0044754648622729, 0.0017122147497788405
2010-09-21, 0.10548062761783307, 0.4401746724890829, 0.031013762357045963, 0.033913110500218474, 0.3256853532819412, 0.0027530512985225316, 0.004117391403801713, 0.0044754648622729, 0.0017122147497788405
2010-09-21, 0.10548062761783307, 0.4401746724890829, 0.031013762357045963, 0.033913110500218474, 0.3256853532819412, 0.0027530512985225316, 0.004117391403801713, 0.0044754648622729, 0.0017122147497788405
2010-09-21, 0.1325653180416572, 0.46113537117903924, 0.03876720294630728, 0.14798448218277124, 0.3886329425717283, 0.0027530512985225316, 0.00823478280760344, 0.009590281847727644, 0.003424429499557681
2010-08-22, 0.1620086957798548, 0.5659388646288209, 0.062027524714091925, 0.1788145826375151, 0.47347534552752835, 0.0, 0.0068623190063361985, 0.0089509297245458, 0.0
2010-08-22, 0.14208015881540875, 0.7755458515283845, 0.054274084124830604, 0.06166020090948774, 0.2271586917848835, 0.0, 0.005489855205068956, 0.010229633970909487, 0.0022829529997051208
2010-08-22, 0.14208015881540875, 0.7755458515283845, 0.054274084124830604, 0.06166020090948774, 0.2271586917848835, 0.0, 0.005489855205068956, 0.010229633970909487, 0.0022829529997051208
2010-08-22, 0.14208015881540875, 0.7755458515283845, 0.054274084124830604, 0.06166020090948774, 0.2271586917848835, 0.0, 0.005489855205068956, 0.010229633970909487, 0.0022829529997051208
2010-08-22, 0.14208015881540875, 0.7755458515283845, 0.054274084124830604, 0.06166020090948774, 0.2271586917848835, 0.0, 0.005489855205068956, 0.010229633970909487, 0.0022829529997051208
2010-08-22, 0.14208015881540875, 0.7755458515283845, 0.054274084124830604, 0.06166020090948774, 0.2271586917848835, 0.0, 0.005489855205068956, 0.010229633970909487, 0.0022829529997051208
2010-08-22, 0.14208015881540875, 0.7755458515283845, 0.054274084124830604, 0.06166020090948774, 0.2271586917848835, 0.0, 0.005489855205068956, 0.010229633970909487, 0.0022829529997051208
2010-08-22, 0.14208015881540875, 0.7755458515283845, 0.054274084124830604, 0.06166020090948774, 0.2271586917848835, 0.0, 0.005489855205068956, 0.010229633970909487, 0.0022829529997051208
2010-08-22, 0.14208015881540875, 0.7755458515283845, 0.054274084124830604, 0.06166020090948774, 0.2271586917848835, 0.0, 0.005489855205068956, 0.010229633970909487, 0.0022829529997051208
2010-08-22, 0.14208015881540875, 0.7755458515283845, 0.054274084124830604, 0.06166020090948774, 0.2271586917848835, 0.0, 0.005489855205068956, 0.010229633970909487, 0.0022829529997051208
2010-08-22, 0.14208015881540875, 0.7755458515283845, 0.054274084124830604, 0.06166020090948774, 0.2271586917848835, 0.0, 0.005489855205068956, 0.010229633970909487, 0.0022829529997051208
2010-08-22, 0.1620086957798548, 0.5659388646288209, 0.062027524714091925, 0.1788145826375151, 0.47347534552752835, 0.0, 0.0068623190063361985, 0.0089509297245458, 0.0
2010-08-22, 0.1620086957798548, 0.5659388646288209, 0.062027524714091925, 0.1788145826375151, 0.47347534552752835, 0.0, 0.0068623190063361985, 0.0089509297245458, 0.0
2010-08-22, 0.13402652289163075, 0.6707423580786027, 0.03876720294630728, 0.1171543817280271, 0.21894813666012886, 0.0027530512985225316, 0.005489855205068956, 0.011508338217273172, 0.006848858999115362
2010-08-22, 0.13323123222184838, 0.7336244541484718, 0.023260321767784645, 0.0030830100454743324, 0.2846325776581675, 0.0, 0.00823478280760344, 0.009590281847727644, 0.003424429499557681
2010-07-23, 0.1362732184294282, 0.691703056768559, 0.054274084124830264, 0.08940729131875755, 0.2381060986178897, 0.0027530512985225316, 0.00823478280760344, 0.0, 0.005707382499262802
2010-07-23, 0.13674631261043957, 0.691703056768559, 0.062027524714091925, 0.10790535159160382, 0.21894813666012836, 0.0, 0.004117391403801713, 0.0012787042463636858, 0.00799033549896791
2010-07-23, 0.13674631261043957, 0.691703056768559, 0.062027524714091925, 0.10790535159160382, 0.21894813666012836, 0.0, 0.004117391403801713, 0.0012787042463636858, 0.00799033549896791
2010-07-23, 0.13674631261043957, 0.691703056768559, 0.062027524714091925, 0.10790535159160382, 0.21894813666012836, 0.0, 0.004117391403801713, 0.0012787042463636858, 0.00799033549896791
2010-07-23, 0.13674631261043957, 0.691703056768559, 0.062027524714091925, 0.10790535159160382, 0.21894813666012836, 0.0, 0.004117391403801713, 0.0012787042463636858, 0.00799033549896791
2010-07-23, 0.13674631261043957, 0.691703056768559, 0.062027524714091925, 0.10790535159160382, 0.21894813666012836, 0.0, 0.004117391403801713, 0.0012787042463636858, 0.00799033549896791
2010-07-23, 0.13674631261043957, 0.691703056768559, 0.062027524714091925, 0.10790535159160382, 0.21894813666012836, 0.0, 0.004117391403801713, 0.0012787042463636858, 0.00799033549896791
2010-07-23, 0.13674631261043957, 0.691703056768559, 0.062027524714091925, 0.10790535159160382, 0.21894813666012836, 0.0, 0.004117391403801713, 0.0012787042463636858, 0.00799033549896791
2010-07-23, 0.13674631261043957, 0.691703056768559, 0.062027524714091925, 0.10790535159160382, 0.21894813666012836, 0.0, 0.004117391403801713, 0.0012787042463636858, 0.00799033549896791
2010-07-23, 0.13674631261043957, 0.691703056768559, 0.062027524714091925, 0.10790535159160382, 0.21894813666012836, 0.0, 0.004117391403801713, 0.0012787042463636858, 0.00799033549896791
2010-07-23, 0.13674631261043957, 0.691703056768559, 0.062027524714091925, 0.10790535159160382, 0.21894813666012836, 0.0, 0.004117391403801713, 0.0012787042463636858, 0.00799033549896791
2010-07-23, 0.1509032565592683, 0.6078602620087337, 0.007753440589261662, 0.1233204018189763, 0.4488436801532634, 0.005506102597045063, 0.00823478280760344, 0.0, 0.005707382499262802
2010-07-23, 0.1509032565592683, 0.6078602620087337, 0.007753440589261662, 0.1233204018189763, 0.4488436801532634, 0.005506102597045063, 0.00823478280760344, 0.0, 0.005707382499262802
2010-07-23, 0.15286433772128658, 0.7126637554585155, 0.08528784648187622, 0.0, 0.4077909045294892, 0.0027530512985225316, 0.0068623190063361985, 0.0012787042463636858, 0.006278120749189082
2010-07-23, 0.12221723402812515, 0.5659388646288209, 0.08528784648187622, 0.1264034118644501, 0.18336906445285772, 0.0027530512985225316, 0.0068623190063361985, 0.0025574084927273717, 0.0045659059994102415
2010-06-23, 0.14583542852002374, 0.7336244541484715, 0.046520643535568944, 0.15106749222824556, 0.2189481366601286, 0.0027530512985225316, 0.0013724638012672426, 0.003836112739091043, 0.00856107374889419
2010-06-23, 0.14677307469030582, 0.7126637554585151, 0.11630160883892218, 0.08324127122780861, 0.24905350545089663, 0.0, 0.0013724638012672426, 0.0012787042463636858, 0.01027328849867303
2010-06-23, 0.14677307469030582, 0.7126637554585151, 0.11630160883892218, 0.08324127122780861, 0.24905350545089663, 0.0, 0.0013724638012672426, 0.0012787042463636858, 0.01027328849867303
2010-06-23, 0.14677307469030582, 0.7126637554585151, 0.11630160883892218, 0.08324127122780861, 0.24905350545089663, 0.0, 0.0013724638012672426, 0.0012787042463636858, 0.01027328849867303
2010-06-23, 0.14677307469030582, 0.7126637554585151, 0.11630160883892218, 0.08324127122780861, 0.24905350545089663, 0.0, 0.0013724638012672426, 0.0012787042463636858, 0.01027328849867303
2010-06-23, 0.14677307469030582, 0.7126637554585151, 0.11630160883892218, 0.08324127122780861, 0.24905350545089663, 0.0, 0.0013724638012672426, 0.0012787042463636858, 0.01027328849867303
2010-06-23, 0.14677307469030582, 0.7126637554585151, 0.11630160883892218, 0.08324127122780861, 0.24905350545089663, 0.0, 0.0013724638012672426, 0.0012787042463636858, 0.01027328849867303
2010-06-23, 0.14677307469030582, 0.7126637554585151, 0.11630160883892218, 0.08324127122780861, 0.24905350545089663, 0.0, 0.0013724638012672426, 0.0012787042463636858, 0.01027328849867303
2010-06-23, 0.14677307469030582, 0.7126637554585151, 0.11630160883892218, 0.08324127122780861, 0.24905350545089663, 0.0, 0.0013724638012672426, 0.0012787042463636858, 0.01027328849867303
2010-06-23, 0.14677307469030582, 0.7126637554585151, 0.11630160883892218, 0.08324127122780861, 0.24905350545089663, 0.0, 0.0013724638012672426, 0.0012787042463636858, 0.01027328849867303
2010-06-23, 0.14677307469030582, 0.7126637554585151, 0.11630160883892218, 0.08324127122780861, 0.24905350545089663, 0.0, 0.0013724638012672426, 0.0012787042463636858, 0.01027328849867303
2010-06-23, 0.17357010517073745, 0.5240174672489085, 0.10079472766039921, 0.2959689643655422, 0.44884368015326365, 0.005506102597045063, 0.0027449276025344853, 0.0038361127390910575, 0.006848858999115362
2010-06-23, 0.17357010517073745, 0.5240174672489085, 0.10079472766039921, 0.2959689643655422, 0.44884368015326365, 0.005506102597045063, 0.0027449276025344853, 0.0038361127390910575, 0.006848858999115362
2010-06-23, 0.13151030424625704, 0.6707423580786025, 0.031013762357045963, 0.1541505022737199, 0.18063221274460642, 0.0027530512985225316, 0.0027449276025344853, 0.0031967606159092003, 0.00684885899911535
2010-06-23, 0.17180351264454521, 0.6288209606986898, 0.11630160883892218, 0.26513886391079833, 0.3503170186562059, 0.005506102597045063, 0.005489855205068971, 0.0, 0.002853691249631401
2010-05-24, 0.20428350706484052, 0.691703056768559, 0.21709633649932172, 0.1171543817280271, 0.5829494138575925, 0.0027530512985225316, 0.004117391403801728, 0.012787042463636844, 0.005707382499262802
2010-05-24, 0.1739813633190066, 0.691703056768559, 0.24035665826710603, 0.07090923104591129, 0.37221183232221877, 0.0, 0.0013724638012672426, 0.009590281847727644, 0.005707382499262802
2010-05-24, 0.1739813633190066, 0.691703056768559, 0.24035665826710603, 0.07090923104591129, 0.37221183232221877, 0.0, 0.0013724638012672426, 0.009590281847727644, 0.005707382499262802
2010-05-24, 0.1739813633190066, 0.691703056768559, 0.24035665826710603, 0.07090923104591129, 0.37221183232221877, 0.0, 0.0013724638012672426, 0.009590281847727644, 0.005707382499262802
2010-05-24, 0.1739813633190066, 0.691703056768559, 0.24035665826710603, 0.07090923104591129, 0.37221183232221877, 0.0, 0.0013724638012672426, 0.009590281847727644, 0.005707382499262802
2010-05-24, 0.1739813633190066, 0.691703056768559, 0.24035665826710603, 0.07090923104591129, 0.37221183232221877, 0.0, 0.0013724638012672426, 0.009590281847727644, 0.005707382499262802
2010-05-24, 0.1739813633190066, 0.691703056768559, 0.24035665826710603, 0.07090923104591129, 0.37221183232221877, 0.0, 0.0013724638012672426, 0.009590281847727644, 0.005707382499262802
2010-05-24, 0.1739813633190066, 0.691703056768559, 0.24035665826710603, 0.07090923104591129, 0.37221183232221877, 0.0, 0.0013724638012672426, 0.009590281847727644, 0.005707382499262802
2010-05-24, 0.1739813633190066, 0.691703056768559, 0.24035665826710603, 0.07090923104591129, 0.37221183232221877, 0.0, 0.0013724638012672426, 0.009590281847727644, 0.005707382499262802
2010-05-24, 0.1739813633190066, 0.691703056768559, 0.24035665826710603, 0.07090923104591129, 0.37221183232221877, 0.0, 0.0013724638012672426, 0.009590281847727644, 0.005707382499262802
2010-05-24, 0.1739813633190066, 0.691703056768559, 0.24035665826710603, 0.07090923104591129, 0.37221183232221877, 0.0, 0.0013724638012672426, 0.009590281847727644, 0.005707382499262802
2010-05-24, 0.2164268763307262, 0.5659388646288209, 0.1705756929637528, 0.26513886391079833, 0.7033708890206631, 0.005506102597045063, 0.008234782807603456, 0.011508338217273172, 0.0011414764998525604
2010-05-24, 0.2164268763307262, 0.5659388646288209, 0.1705756929637528, 0.26513886391079833, 0.7033708890206631, 0.005506102597045063, 0.008234782807603456, 0.011508338217273172, 0.0011414764998525604
2010-05-24, 0.18220138177650316, 0.7336244541484713, 0.1783291335530141, 0.07399224109138562, 0.440633125028509, 0.0027530512985225316, 0.006862319006336213, 0.013426394586818687, 0.00799033549896791
2010-05-24, 0.2022722000045935, 0.6707423580786027, 0.19383601473153708, 0.16031652236466884, 0.5692651553163347, 0.0027530512985225316, 0.004117391403801728, 0.010868986094091329, 0.006278120749189082
2010-04-24, 0.1710197006401363, 0.7965065502183406, 0.03876720294630762, 0.1788145826375151, 0.3366327601149479, 0.0027530512985225316, 0.0013724638012672426, 0.007032873355000272, 0.006278120749189082
2010-04-24, 0.1710197006401363, 0.7965065502183406, 0.03876720294630762, 0.1788145826375151, 0.3366327601149479, 0.0027530512985225316, 0.0013724638012672426, 0.007032873355000272, 0.006278120749189082
2010-04-24, 0.1710197006401363, 0.7965065502183406, 0.03876720294630762, 0.1788145826375151, 0.3366327601149479, 0.0027530512985225316, 0.0013724638012672426, 0.007032873355000272, 0.006278120749189082
2010-04-24, 0.1710197006401363, 0.7965065502183406, 0.03876720294630762, 0.1788145826375151, 0.3366327601149479, 0.0027530512985225316, 0.0013724638012672426, 0.007032873355000272, 0.006278120749189082
2010-04-24, 0.1710197006401363, 0.7965065502183406, 0.03876720294630762, 0.1788145826375151, 0.3366327601149479, 0.0027530512985225316, 0.0013724638012672426, 0.007032873355000272, 0.006278120749189082
2010-04-24, 0.1710197006401363, 0.7965065502183406, 0.03876720294630762, 0.1788145826375151, 0.3366327601149479, 0.0027530512985225316, 0.0013724638012672426, 0.007032873355000272, 0.006278120749189082
2010-04-24, 0.1710197006401363, 0.7965065502183406, 0.03876720294630762, 0.1788145826375151, 0.3366327601149479, 0.0027530512985225316, 0.0013724638012672426, 0.007032873355000272, 0.006278120749189082
2010-04-24, 0.1710197006401363, 0.7965065502183406, 0.03876720294630762, 0.1788145826375151, 0.3366327601149479, 0.0027530512985225316, 0.0013724638012672426, 0.007032873355000272, 0.006278120749189082
2010-04-24, 0.1710197006401363, 0.7965065502183406, 0.03876720294630762, 0.1788145826375151, 0.3366327601149479, 0.0027530512985225316, 0.0013724638012672426, 0.007032873355000272, 0.006278120749189082
2010-04-24, 0.1710197006401363, 0.7965065502183406, 0.03876720294630762, 0.1788145826375151, 0.3366327601149479, 0.0027530512985225316, 0.0013724638012672426, 0.007032873355000272, 0.006278120749189082
2010-04-24, 0.1710197006401363, 0.7965065502183406, 0.03876720294630762, 0.1788145826375151, 0.3366327601149479, 0.0027530512985225316, 0.0013724638012672426, 0.007032873355000272, 0.006278120749189082
2010-04-24, 0.19390948780435516, 0.4820960698689958, 0.0775344058926149, 0.3607121753205048, 0.6048442275236051, 0.011012205194090127, 0.004117391403801728, 0.006393521231818429, 0.0045659059994102415
2010-04-24, 0.19390948780435516, 0.4820960698689958, 0.0775344058926149, 0.3607121753205048, 0.6048442275236051, 0.011012205194090127, 0.004117391403801728, 0.006393521231818429, 0.0045659059994102415
2010-04-24, 0.19390948780435516, 0.4820960698689958, 0.0775344058926149, 0.3607121753205048, 0.6048442275236051, 0.011012205194090127, 0.004117391403801728, 0.006393521231818429, 0.0045659059994102415
2010-04-24, 0.1914831493192334, 0.8384279475982532, 0.015506881178522981, 0.262055853865324, 0.3941066459882314, 0.005506102597045063, 0.0027449276025344853, 0.0089509297245458, 0.0045659059994102415
2010-03-25, 0.17069939408670765, 0.7545851528384281, 0.06978096530335325, 0.19422963286488704, 0.3010536879076768, 0.013765256492612642, 0.005489855205068956, 0.014705098833182372, 0.011985503248451872
2010-03-25, 0.17069939408670765, 0.7545851528384281, 0.06978096530335325, 0.19422963286488704, 0.3010536879076768, 0.013765256492612642, 0.005489855205068956, 0.014705098833182372, 0.011985503248451872
2010-03-25, 0.17069939408670765, 0.7545851528384281, 0.06978096530335325, 0.19422963286488704, 0.3010536879076768, 0.013765256492612642, 0.005489855205068956, 0.014705098833182372, 0.011985503248451872
2010-03-25, 0.17069939408670765, 0.7545851528384281, 0.06978096530335325, 0.19422963286488704, 0.3010536879076768, 0.013765256492612642, 0.005489855205068956, 0.014705098833182372, 0.011985503248451872
2010-03-25, 0.17069939408670765, 0.7545851528384281, 0.06978096530335325, 0.19422963286488704, 0.3010536879076768, 0.013765256492612642, 0.005489855205068956, 0.014705098833182372, 0.011985503248451872
2010-03-25, 0.17069939408670765, 0.7545851528384281, 0.06978096530335325, 0.19422963286488704, 0.3010536879076768, 0.013765256492612642, 0.005489855205068956, 0.014705098833182372, 0.011985503248451872
2010-03-25, 0.17069939408670765, 0.7545851528384281, 0.06978096530335325, 0.19422963286488704, 0.3010536879076768, 0.013765256492612642, 0.005489855205068956, 0.014705098833182372, 0.011985503248451872
2010-03-25, 0.17069939408670765, 0.7545851528384281, 0.06978096530335325, 0.19422963286488704, 0.3010536879076768, 0.013765256492612642, 0.005489855205068956, 0.014705098833182372, 0.011985503248451872
2010-03-25, 0.17069939408670765, 0.7545851528384281, 0.06978096530335325, 0.19422963286488704, 0.3010536879076768, 0.013765256492612642, 0.005489855205068956, 0.014705098833182372, 0.011985503248451872
2010-03-25, 0.17069939408670765, 0.7545851528384281, 0.06978096530335325, 0.19422963286488704, 0.3010536879076768, 0.013765256492612642, 0.005489855205068956, 0.014705098833182372, 0.011985503248451872
2010-03-25, 0.17069939408670765, 0.7545851528384281, 0.06978096530335325, 0.19422963286488704, 0.3010536879076768, 0.013765256492612642, 0.005489855205068956, 0.014705098833182372, 0.011985503248451872
2010-03-25, 0.1749788737870603, 0.48209606986899556, 0.14731537119596816, 0.29905197441101655, 0.41052775623774124, 0.016518307791135174, 0.00274492760253447, 0.02045926794181896, 0.021117315247272343
2010-03-25, 0.1749788737870603, 0.48209606986899556, 0.14731537119596816, 0.29905197441101655, 0.41052775623774124, 0.016518307791135174, 0.00274492760253447, 0.02045926794181896, 0.021117315247272343
2010-03-25, 0.1749788737870603, 0.48209606986899556, 0.14731537119596816, 0.29905197441101655, 0.41052775623774124, 0.016518307791135174, 0.00274492760253447, 0.02045926794181896, 0.021117315247272343
2010-03-25, 0.20411350633541972, 0.6707423580786027, 0.046520643535568944, 0.4100403360480947, 0.4488436801532634, 0.016518307791135174, 0.0068623190063361985, 0.01854121157227343, 0.014839194498083273
2010-02-23, 0.13999709418999845, 0.6707423580786023, 0.07753440589261457, 0.04007913059116687, 0.29831683619942573, 0.016518307791135174, 0.0027449276025344853, 0.0031967606159092146, 0.010844026748599323
2010-02-23, 0.13999709418999845, 0.6707423580786023, 0.07753440589261457, 0.04007913059116687, 0.29831683619942573, 0.016518307791135174, 0.0027449276025344853, 0.0031967606159092146, 0.010844026748599323
2010-02-23, 0.13999709418999845, 0.6707423580786023, 0.07753440589261457, 0.04007913059116687, 0.29831683619942573, 0.016518307791135174, 0.0027449276025344853, 0.0031967606159092146, 0.010844026748599323
2010-02-23, 0.13999709418999845, 0.6707423580786023, 0.07753440589261457, 0.04007913059116687, 0.29831683619942573, 0.016518307791135174, 0.0027449276025344853, 0.0031967606159092146, 0.010844026748599323
2010-02-23, 0.13999709418999845, 0.6707423580786023, 0.07753440589261457, 0.04007913059116687, 0.29831683619942573, 0.016518307791135174, 0.0027449276025344853, 0.0031967606159092146, 0.010844026748599323
2010-02-23, 0.13999709418999845, 0.6707423580786023, 0.07753440589261457, 0.04007913059116687, 0.29831683619942573, 0.016518307791135174, 0.0027449276025344853, 0.0031967606159092146, 0.010844026748599323
2010-02-23, 0.13999709418999845, 0.6707423580786023, 0.07753440589261457, 0.04007913059116687, 0.29831683619942573, 0.016518307791135174, 0.0027449276025344853, 0.0031967606159092146, 0.010844026748599323
2010-02-23, 0.13999709418999845, 0.6707423580786023, 0.07753440589261457, 0.04007913059116687, 0.29831683619942573, 0.016518307791135174, 0.0027449276025344853, 0.0031967606159092146, 0.010844026748599323
2010-02-23, 0.13999709418999845, 0.6707423580786023, 0.07753440589261457, 0.04007913059116687, 0.29831683619942573, 0.016518307791135174, 0.0027449276025344853, 0.0031967606159092146, 0.010844026748599323
2010-02-23, 0.13999709418999845, 0.6707423580786023, 0.07753440589261457, 0.04007913059116687, 0.29831683619942573, 0.016518307791135174, 0.0027449276025344853, 0.0031967606159092146, 0.010844026748599323
2010-02-23, 0.13999709418999845, 0.6707423580786023, 0.07753440589261457, 0.04007913059116687, 0.29831683619942573, 0.016518307791135174, 0.0027449276025344853, 0.0031967606159092146, 0.010844026748599323
2010-02-23, 0.18198879055918435, 0.48209606986899556, 0.10079472766039921, 0.22197672327415685, 0.6075810792318572, 0.016518307791135174, 0.0013724638012672426, 0.009590281847727644, 0.015980670997935834
2010-02-23, 0.18198879055918435, 0.48209606986899556, 0.10079472766039921, 0.22197672327415685, 0.6075810792318572, 0.016518307791135174, 0.0013724638012672426, 0.009590281847727644, 0.015980670997935834
2010-02-23, 0.18198879055918435, 0.48209606986899556, 0.10079472766039921, 0.22197672327415685, 0.6075810792318572, 0.016518307791135174, 0.0013724638012672426, 0.009590281847727644, 0.015980670997935834
2010-02-23, 0.1859888614192126, 0.5868995633187774, 0.20934289591006008, 0.14181846209182203, 0.5090544177347994, 0.016518307791135174, 0.004117391403801728, 0.007032873355000272, 0.013126979748304445
2010-01-24, 0.13994085409835721, 0.48209606986899556, 0.08528784648187622, 0.15723351231919425, 0.35579072207270923, 0.013765256492612642, 0.005489855205068971, 0.009590281847727644, 0.01027328849867303
2010-01-24, 0.13994085409835721, 0.48209606986899556, 0.08528784648187622, 0.15723351231919425, 0.35579072207270923, 0.013765256492612642, 0.005489855205068971, 0.009590281847727644, 0.01027328849867303
2010-01-24, 0.13994085409835721, 0.48209606986899556, 0.08528784648187622, 0.15723351231919425, 0.35579072207270923, 0.013765256492612642, 0.005489855205068971, 0.009590281847727644, 0.01027328849867303
2010-01-24, 0.13994085409835721, 0.48209606986899556, 0.08528784648187622, 0.15723351231919425, 0.35579072207270923, 0.013765256492612642, 0.005489855205068971, 0.009590281847727644, 0.01027328849867303
2010-01-24, 0.13994085409835721, 0.48209606986899556, 0.08528784648187622, 0.15723351231919425, 0.35579072207270923, 0.013765256492612642, 0.005489855205068971, 0.009590281847727644, 0.01027328849867303
2010-01-24, 0.13994085409835721, 0.48209606986899556, 0.08528784648187622, 0.15723351231919425, 0.35579072207270923, 0.013765256492612642, 0.005489855205068971, 0.009590281847727644, 0.01027328849867303
2010-01-24, 0.13994085409835721, 0.48209606986899556, 0.08528784648187622, 0.15723351231919425, 0.35579072207270923, 0.013765256492612642, 0.005489855205068971, 0.009590281847727644, 0.01027328849867303
2010-01-24, 0.13994085409835721, 0.48209606986899556, 0.08528784648187622, 0.15723351231919425, 0.35579072207270923, 0.013765256492612642, 0.005489855205068971, 0.009590281847727644, 0.01027328849867303
2010-01-24, 0.13994085409835721, 0.48209606986899556, 0.08528784648187622, 0.15723351231919425, 0.35579072207270923, 0.013765256492612642, 0.005489855205068971, 0.009590281847727644, 0.01027328849867303
2010-01-24, 0.13994085409835721, 0.48209606986899556, 0.08528784648187622, 0.15723351231919425, 0.35579072207270923, 0.013765256492612642, 0.005489855205068971, 0.009590281847727644, 0.01027328849867303
2010-01-24, 0.13994085409835721, 0.48209606986899556, 0.08528784648187622, 0.15723351231919425, 0.35579072207270923, 0.013765256492612642, 0.005489855205068971, 0.009590281847727644, 0.01027328849867303
2010-01-24, 0.12567223678528597, 0.23056768558951937, 0.09304128707113789, 0.03699612054569308, 0.5637914518998314, 0.016518307791135174, 0.005489855205068971, 0.02301667643454633, 0.03595650974535563
2010-01-24, 0.12567223678528597, 0.23056768558951937, 0.09304128707113789, 0.03699612054569308, 0.5637914518998314, 0.016518307791135174, 0.005489855205068971, 0.02301667643454633, 0.03595650974535563
2010-01-24, 0.12567223678528597, 0.23056768558951937, 0.09304128707113789, 0.03699612054569308, 0.5637914518998314, 0.016518307791135174, 0.005489855205068971, 0.02301667643454633, 0.03595650974535563
2010-01-24, 0.12403899497800237, 0.31441048034934477, 0.054274084124830264, 0.08940729131875783, 0.47347534552752835, 0.013765256492612642, 0.00823478280760344, 0.015344450956364216, 0.02340026824697746
2009-12-25, 0.22740093765638775, 0.5240174672489083, 0.3411513859275056, 0.1880636127739381, 0.6924234821876571, 0.019271359089657707, 0.005489855205068971, 0.018541211572273415, 0.030249127246092824
2009-12-25, 0.26492755870167606, 1.0480349344978166, 0.2015894553207991, 0.12948642190992468, 0.6814760753546505, 0.011012205194090111, 0.006862319006336213, 0.014705098833182358, 0.026253959496608876
2009-12-25, 0.26492755870167606, 1.0480349344978166, 0.2015894553207991, 0.12948642190992468, 0.6814760753546505, 0.011012205194090111, 0.006862319006336213, 0.014705098833182358, 0.026253959496608876
2009-12-25, 0.26492755870167606, 1.0480349344978166, 0.2015894553207991, 0.12948642190992468, 0.6814760753546505, 0.011012205194090111, 0.006862319006336213, 0.014705098833182358, 0.026253959496608876
2009-12-25, 0.26492755870167606, 1.0480349344978166, 0.2015894553207991, 0.12948642190992468, 0.6814760753546505, 0.011012205194090111, 0.006862319006336213, 0.014705098833182358, 0.026253959496608876
2009-12-25, 0.26492755870167606, 1.0480349344978166, 0.2015894553207991, 0.12948642190992468, 0.6814760753546505, 0.011012205194090111, 0.006862319006336213, 0.014705098833182358, 0.026253959496608876
2009-12-25, 0.26492755870167606, 1.0480349344978166, 0.2015894553207991, 0.12948642190992468, 0.6814760753546505, 0.011012205194090111, 0.006862319006336213, 0.014705098833182358, 0.026253959496608876
2009-12-25, 0.26492755870167606, 1.0480349344978166, 0.2015894553207991, 0.12948642190992468, 0.6814760753546505, 0.011012205194090111, 0.006862319006336213, 0.014705098833182358, 0.026253959496608876
2009-12-25, 0.26492755870167606, 1.0480349344978166, 0.2015894553207991, 0.12948642190992468, 0.6814760753546505, 0.011012205194090111, 0.006862319006336213, 0.014705098833182358, 0.026253959496608876
2009-12-25, 0.26492755870167606, 1.0480349344978166, 0.2015894553207991, 0.12948642190992468, 0.6814760753546505, 0.011012205194090111, 0.006862319006336213, 0.014705098833182358, 0.026253959496608876
2009-12-25, 0.26492755870167606, 1.0480349344978166, 0.2015894553207991, 0.12948642190992468, 0.6814760753546505, 0.011012205194090111, 0.006862319006336213, 0.014705098833182358, 0.026253959496608876
2009-12-25, 0.2883306138804582, 0.5659388646288209, 0.35665826710602894, 0.4223723762299923, 0.8894768051817726, 0.027530512985225283, 0.005489855205068971, 0.01406574671000053, 0.025112482996756315
2009-12-25, 0.2883306138804582, 0.5659388646288209, 0.35665826710602894, 0.4223723762299923, 0.8894768051817726, 0.027530512985225283, 0.005489855205068971, 0.01406574671000053, 0.025112482996756315
2009-12-25, 0.2627453763435596, 0.7126637554585155, 0.2481100988563677, 0.30213498445649056, 0.7717921817269535, 0.016518307791135174, 0.006862319006336213, 0.015344450956364216, 0.028536912496313994
2009-12-25, 0.2883306138804582, 0.5659388646288209, 0.35665826710602894, 0.4223723762299923, 0.8894768051817726, 0.027530512985225283, 0.005489855205068971, 0.01406574671000053, 0.025112482996756315
2009-11-25, 0.28998286705325266, 0.9851528384279475, 0.19383601473153708, 0.6998432803226882, 0.36673812890571544, 0.0275305129852253, 0.015097101813939653, 0.0025574084927273717, 0.029107650746240277
2009-11-25, 0.23232415034331516, 1.2157205240174673, 0.1473153711959685, 0.42545538627546664, 0.013684258541258236, 0.022024410388180236, 0.016469565615206898, 0.012787042463636844, 0.005136644249336509
2009-11-25, 0.23232415034331516, 1.2157205240174673, 0.1473153711959685, 0.42545538627546664, 0.013684258541258236, 0.022024410388180236, 0.016469565615206898, 0.012787042463636844, 0.005136644249336509
2009-11-25, 0.23232415034331516, 1.2157205240174673, 0.1473153711959685, 0.42545538627546664, 0.013684258541258236, 0.022024410388180236, 0.016469565615206898, 0.012787042463636844, 0.005136644249336509
2009-11-25, 0.23232415034331516, 1.2157205240174673, 0.1473153711959685, 0.42545538627546664, 0.013684258541258236, 0.022024410388180236, 0.016469565615206898, 0.012787042463636844, 0.005136644249336509
2009-11-25, 0.23232415034331516, 1.2157205240174673, 0.1473153711959685, 0.42545538627546664, 0.013684258541258236, 0.022024410388180236, 0.016469565615206898, 0.012787042463636844, 0.005136644249336509
2009-11-25, 0.23232415034331516, 1.2157205240174673, 0.1473153711959685, 0.42545538627546664, 0.013684258541258236, 0.022024410388180236, 0.016469565615206898, 0.012787042463636844, 0.005136644249336509
2009-11-25, 0.23232415034331516, 1.2157205240174673, 0.1473153711959685, 0.42545538627546664, 0.013684258541258236, 0.022024410388180236, 0.016469565615206898, 0.012787042463636844, 0.005136644249336509
2009-11-25, 0.23232415034331516, 1.2157205240174673, 0.1473153711959685, 0.42545538627546664, 0.013684258541258236, 0.022024410388180236, 0.016469565615206898, 0.012787042463636844, 0.005136644249336509
2009-11-25, 0.23232415034331516, 1.2157205240174673, 0.1473153711959685, 0.42545538627546664, 0.013684258541258236, 0.022024410388180236, 0.016469565615206898, 0.012787042463636844, 0.005136644249336509
2009-11-25, 0.23232415034331516, 1.2157205240174673, 0.1473153711959685, 0.42545538627546664, 0.013684258541258236, 0.022024410388180236, 0.016469565615206898, 0.012787042463636844, 0.005136644249336509
2009-11-25, 0.3152386451937095, 0.6078602620087337, 0.37991858887381286, 0.7954165917323948, 0.6705286685216438, 0.03028356428374783, 0.01372463801267241, 0.0019180563695455428, 0.022258791747124914
2009-11-25, 0.3152386451937095, 0.6078602620087337, 0.37991858887381286, 0.7954165917323948, 0.6705286685216438, 0.03028356428374783, 0.01372463801267241, 0.0019180563695455428, 0.022258791747124914
2009-11-25, 0.25194623392307836, 1.0061135371179037, 0.26361698003489104, 0.4932816072759036, 0.18884276786936083, 0.024777461686702768, 0.017842029416474125, 0.005114816985454743, 0.015980670997935844
2009-11-25, 0.2658938714051048, 1.0270742358078602, 0.3333979453382443, 0.5580248182308662, 0.1423162888290835, 0.024777461686702768, 0.016469565615206898, 0.005114816985454743, 0.019975838747419792
2009-10-26, 0.18792429018921591, 1.110917030567686, 0.09304128707113789, 0.10790535159160437, 0.10947406833006443, 0.03303661558227035, 0.01372463801267241, 0.004475464862272915, 0.030819865496019103
2009-10-26, 0.18792429018921591, 1.110917030567686, 0.09304128707113789, 0.10790535159160437, 0.10947406833006443, 0.03303661558227035, 0.01372463801267241, 0.004475464862272915, 0.030819865496019103
2009-10-26, 0.18792429018921591, 1.110917030567686, 0.09304128707113789, 0.10790535159160437, 0.10947406833006443, 0.03303661558227035, 0.01372463801267241, 0.004475464862272915, 0.030819865496019103
2009-10-26, 0.18792429018921591, 1.110917030567686, 0.09304128707113789, 0.10790535159160437, 0.10947406833006443, 0.03303661558227035, 0.01372463801267241, 0.004475464862272915, 0.030819865496019103
2009-10-26, 0.18792429018921591, 1.110917030567686, 0.09304128707113789, 0.10790535159160437, 0.10947406833006443, 0.03303661558227035, 0.01372463801267241, 0.004475464862272915, 0.030819865496019103
2009-10-26, 0.18792429018921591, 1.110917030567686, 0.09304128707113789, 0.10790535159160437, 0.10947406833006443, 0.03303661558227035, 0.01372463801267241, 0.004475464862272915, 0.030819865496019103
2009-10-26, 0.18792429018921591, 1.110917030567686, 0.09304128707113789, 0.10790535159160437, 0.10947406833006443, 0.03303661558227035, 0.01372463801267241, 0.004475464862272915, 0.030819865496019103
2009-10-26, 0.18792429018921591, 1.110917030567686, 0.09304128707113789, 0.10790535159160437, 0.10947406833006443, 0.03303661558227035, 0.01372463801267241, 0.004475464862272915, 0.030819865496019103
2009-10-26, 0.18792429018921591, 1.110917030567686, 0.09304128707113789, 0.10790535159160437, 0.10947406833006443, 0.03303661558227035, 0.01372463801267241, 0.004475464862272915, 0.030819865496019103
2009-10-26, 0.18792429018921591, 1.110917030567686, 0.09304128707113789, 0.10790535159160437, 0.10947406833006443, 0.03303661558227035, 0.01372463801267241, 0.004475464862272915, 0.030819865496019103
2009-10-26, 0.18792429018921591, 1.110917030567686, 0.09304128707113789, 0.10790535159160437, 0.10947406833006443, 0.03303661558227035, 0.01372463801267241, 0.004475464862272915, 0.030819865496019103
2009-10-26, 0.2198954822655855, 0.7545851528384276, 0.1473153711959685, 0.20656167304678463, 0.5528440450668247, 0.03854271817931539, 0.012352174211405168, 0.012147690340455, 0.03481503324550305
2009-10-26, 0.2198954822655855, 0.7545851528384276, 0.1473153711959685, 0.20656167304678463, 0.5528440450668247, 0.03854271817931539, 0.012352174211405168, 0.012147690340455, 0.03481503324550305
2009-10-26, 0.2198954822655855, 0.7545851528384276, 0.1473153711959685, 0.20656167304678463, 0.5528440450668247, 0.03854271817931539, 0.012352174211405168, 0.012147690340455, 0.03481503324550305
2009-10-26, 0.2191617187434245, 0.9013100436681225, 0.17057569296375244, 0.19422963286488676, 0.399580349404735, 0.03578966688079288, 0.015097101813939653, 0.007032873355000258, 0.029678388996166545
2009-09-26, 0.22120785645383476, 0.9432314410480352, 0.49622019771273473, 0.13873545204634768, 0.10400036491356084, 0.01927135908965769, 0.01646956561520688, 0.014065746710000515, 0.03766872449513447
2009-09-26, 0.22120785645383476, 0.9432314410480352, 0.49622019771273473, 0.13873545204634768, 0.10400036491356084, 0.01927135908965769, 0.01646956561520688, 0.014065746710000515, 0.03766872449513447
2009-09-26, 0.22120785645383476, 0.9432314410480352, 0.49622019771273473, 0.13873545204634768, 0.10400036491356084, 0.01927135908965769, 0.01646956561520688, 0.014065746710000515, 0.03766872449513447
2009-09-26, 0.22120785645383476, 0.9432314410480352, 0.49622019771273473, 0.13873545204634768, 0.10400036491356084, 0.01927135908965769, 0.01646956561520688, 0.014065746710000515, 0.03766872449513447
2009-09-26, 0.22120785645383476, 0.9432314410480352, 0.49622019771273473, 0.13873545204634768, 0.10400036491356084, 0.01927135908965769, 0.01646956561520688, 0.014065746710000515, 0.03766872449513447
2009-09-26, 0.22120785645383476, 0.9432314410480352, 0.49622019771273473, 0.13873545204634768, 0.10400036491356084, 0.01927135908965769, 0.01646956561520688, 0.014065746710000515, 0.03766872449513447
2009-09-26, 0.22120785645383476, 0.9432314410480352, 0.49622019771273473, 0.13873545204634768, 0.10400036491356084, 0.01927135908965769, 0.01646956561520688, 0.014065746710000515, 0.03766872449513447
2009-09-26, 0.22120785645383476, 0.9432314410480352, 0.49622019771273473, 0.13873545204634768, 0.10400036491356084, 0.01927135908965769, 0.01646956561520688, 0.014065746710000515, 0.03766872449513447
2009-09-26, 0.22120785645383476, 0.9432314410480352, 0.49622019771273473, 0.13873545204634768, 0.10400036491356084, 0.01927135908965769, 0.01646956561520688, 0.014065746710000515, 0.03766872449513447
2009-09-26, 0.22120785645383476, 0.9432314410480352, 0.49622019771273473, 0.13873545204634768, 0.10400036491356084, 0.01927135908965769, 0.01646956561520688, 0.014065746710000515, 0.03766872449513447
2009-09-26, 0.22120785645383476, 0.9432314410480352, 0.49622019771273473, 0.13873545204634768, 0.10400036491356084, 0.01927135908965769, 0.01646956561520688, 0.014065746710000515, 0.03766872449513447
2009-09-26, 0.2617777889661323, 0.5868995633187778, 0.6280286877301798, 0.3822932456388249, 0.36126442548921234, 0.024777461686702754, 0.012352174211405184, 0.030688901912728432, 0.06791785174122728
2009-09-26, 0.2617777889661323, 0.5868995633187778, 0.6280286877301798, 0.3822932456388249, 0.36126442548921234, 0.024777461686702754, 0.012352174211405184, 0.030688901912728432, 0.06791785174122728
2009-09-26, 0.2617777889661323, 0.5868995633187778, 0.6280286877301798, 0.3822932456388249, 0.36126442548921234, 0.024777461686702754, 0.012352174211405184, 0.030688901912728432, 0.06791785174122728
2009-09-26, 0.28991823910723435, 0.9432314410480352, 0.40317891064159683, 0.41928936618451795, 0.44336997673676076, 0.022024410388180222, 0.017842029416474125, 0.017901859449091572, 0.052507918993217724
2009-08-27, 0.2250972525845073, 0.7545851528384276, 0.4729598759449501, 0.3267990648202858, 0.1313688819960773, 0.016518307791135188, 0.01646956561520688, 0.02557408492727369, 0.0565030867427017
2009-08-27, 0.2250972525845073, 0.7545851528384276, 0.4729598759449501, 0.3267990648202858, 0.1313688819960773, 0.016518307791135188, 0.01646956561520688, 0.02557408492727369, 0.0565030867427017
2009-08-27, 0.2250972525845073, 0.7545851528384276, 0.4729598759449501, 0.3267990648202858, 0.1313688819960773, 0.016518307791135188, 0.01646956561520688, 0.02557408492727369, 0.0565030867427017
2009-08-27, 0.2250972525845073, 0.7545851528384276, 0.4729598759449501, 0.3267990648202858, 0.1313688819960773, 0.016518307791135188, 0.01646956561520688, 0.02557408492727369, 0.0565030867427017
2009-08-27, 0.2250972525845073, 0.7545851528384276, 0.4729598759449501, 0.3267990648202858, 0.1313688819960773, 0.016518307791135188, 0.01646956561520688, 0.02557408492727369, 0.0565030867427017
2009-08-27, 0.2250972525845073, 0.7545851528384276, 0.4729598759449501, 0.3267990648202858, 0.1313688819960773, 0.016518307791135188, 0.01646956561520688, 0.02557408492727369, 0.0565030867427017
2009-08-27, 0.2250972525845073, 0.7545851528384276, 0.4729598759449501, 0.3267990648202858, 0.1313688819960773, 0.016518307791135188, 0.01646956561520688, 0.02557408492727369, 0.0565030867427017
2009-08-27, 0.2250972525845073, 0.7545851528384276, 0.4729598759449501, 0.3267990648202858, 0.1313688819960773, 0.016518307791135188, 0.01646956561520688, 0.02557408492727369, 0.0565030867427017
2009-08-27, 0.2250972525845073, 0.7545851528384276, 0.4729598759449501, 0.3267990648202858, 0.1313688819960773, 0.016518307791135188, 0.01646956561520688, 0.02557408492727369, 0.0565030867427017
2009-08-27, 0.2250972525845073, 0.7545851528384276, 0.4729598759449501, 0.3267990648202858, 0.1313688819960773, 0.016518307791135188, 0.01646956561520688, 0.02557408492727369, 0.0565030867427017
2009-08-27, 0.2250972525845073, 0.7545851528384276, 0.4729598759449501, 0.3267990648202858, 0.1313688819960773, 0.016518307791135188, 0.01646956561520688, 0.02557408492727369, 0.0565030867427017
2009-08-27, 0.1929936940356098, 0.23056768558951937, 0.6823027718550105, 0.3206330447293371, 0.1997901747023675, 0.024777461686702754, 0.017842029416474125, 0.022377324311364487, 0.045659059994102386
2009-08-27, 0.1929936940356098, 0.23056768558951937, 0.6823027718550105, 0.3206330447293371, 0.1997901747023675, 0.024777461686702754, 0.017842029416474125, 0.022377324311364487, 0.045659059994102386
2009-08-27, 0.1929936940356098, 0.23056768558951937, 0.6823027718550105, 0.3206330447293371, 0.1997901747023675, 0.024777461686702754, 0.017842029416474125, 0.022377324311364487, 0.045659059994102386
2009-08-27, 0.2139707203609269, 0.25152838427947527, 0.790850940104671, 0.360712175320504, 0.20800072982712264, 0.027530512985225283, 0.008234782807603456, 0.019819915818637117, 0.045088321744176096
2009-07-28, 0.18569429775180088, 0.1886462882096067, 0.6978096530335332, 0.030830100454743322, 0.44063312502850877, 0.030283564283747816, 0.012352174211405184, 0.026213437050455517, 0.058786039742406794
2009-07-28, 0.23240616614395626, 0.7126637554585149, 0.6202752471409185, 0.4007913059116709, 0.01642111024951027, 0.022024410388180222, 0.02195942082027585, 0.02173797218818263, 0.04337610699439724
2009-07-28, 0.23240616614395626, 0.7126637554585149, 0.6202752471409185, 0.4007913059116709, 0.01642111024951027, 0.022024410388180222, 0.02195942082027585, 0.02173797218818263, 0.04337610699439724
2009-07-28, 0.23240616614395626, 0.7126637554585149, 0.6202752471409185, 0.4007913059116709, 0.01642111024951027, 0.022024410388180222, 0.02195942082027585, 0.02173797218818263, 0.04337610699439724
2009-07-28, 0.23240616614395626, 0.7126637554585149, 0.6202752471409185, 0.4007913059116709, 0.01642111024951027, 0.022024410388180222, 0.02195942082027585, 0.02173797218818263, 0.04337610699439724
2009-07-28, 0.23240616614395626, 0.7126637554585149, 0.6202752471409185, 0.4007913059116709, 0.01642111024951027, 0.022024410388180222, 0.02195942082027585, 0.02173797218818263, 0.04337610699439724
2009-07-28, 0.23240616614395626, 0.7126637554585149, 0.6202752471409185, 0.4007913059116709, 0.01642111024951027, 0.022024410388180222, 0.02195942082027585, 0.02173797218818263, 0.04337610699439724
2009-07-28, 0.23240616614395626, 0.7126637554585149, 0.6202752471409185, 0.4007913059116709, 0.01642111024951027, 0.022024410388180222, 0.02195942082027585, 0.02173797218818263, 0.04337610699439724
2009-07-28, 0.23240616614395626, 0.7126637554585149, 0.6202752471409185, 0.4007913059116709, 0.01642111024951027, 0.022024410388180222, 0.02195942082027585, 0.02173797218818263, 0.04337610699439724
2009-07-28, 0.23240616614395626, 0.7126637554585149, 0.6202752471409185, 0.4007913059116709, 0.01642111024951027, 0.022024410388180222, 0.02195942082027585, 0.02173797218818263, 0.04337610699439724
2009-07-28, 0.23240616614395626, 0.7126637554585149, 0.6202752471409185, 0.4007913059116709, 0.01642111024951027, 0.022024410388180222, 0.02195942082027585, 0.02173797218818263, 0.04337610699439724
2009-07-28, 0.18569429775180088, 0.1886462882096067, 0.6978096530335332, 0.030830100454743322, 0.44063312502850877, 0.030283564283747816, 0.012352174211405184, 0.026213437050455517, 0.058786039742406794
2009-07-28, 0.18569429775180088, 0.1886462882096067, 0.6978096530335332, 0.030830100454743322, 0.44063312502850877, 0.030283564283747816, 0.012352174211405184, 0.026213437050455517, 0.058786039742406794
2009-07-28, 0.23423892237736388, 0.4401746724890829, 0.6900562124442718, 0.19731264291036055, 0.41326460794599323, 0.030283564283747816, 0.017842029416474125, 0.03132825403591026, 0.05364939549307029
2009-07-28, 0.1899351336819215, 0.35633187772925745, 0.5272339600697806, 0.049328160727590414, 0.4515805318615159, 0.027530512985225283, 0.017842029416474125, 0.026852789173637374, 0.06278120749189074
2009-06-28, 0.22291451281630287, 0.1886462882096076, 0.6357821283194413, 0.0863242812732835, 0.7362131095196829, 0.030283564283747847, 0.02058695701900861, 0.030688901912728432, 0.054790871992922846
2009-06-28, 0.1632097060967991, 0.06288209606986951, 0.534987400659042, 0.3637951853659789, 0.21621128495187777, 0.022024410388180253, 0.024704348422810336, 0.026852789173637374, 0.05422013374299655
2009-06-28, 0.1632097060967991, 0.06288209606986951, 0.534987400659042, 0.3637951853659789, 0.21621128495187777, 0.022024410388180253, 0.024704348422810336, 0.026852789173637374, 0.05422013374299655
2009-06-28, 0.1632097060967991, 0.06288209606986951, 0.534987400659042, 0.3637951853659789, 0.21621128495187777, 0.022024410388180253, 0.024704348422810336, 0.026852789173637374, 0.05422013374299655
2009-06-28, 0.1632097060967991, 0.06288209606986951, 0.534987400659042, 0.3637951853659789, 0.21621128495187777, 0.022024410388180253, 0.024704348422810336, 0.026852789173637374, 0.05422013374299655
2009-06-28, 0.1632097060967991, 0.06288209606986951, 0.534987400659042, 0.3637951853659789, 0.21621128495187777, 0.022024410388180253, 0.024704348422810336, 0.026852789173637374, 0.05422013374299655
2009-06-28, 0.1632097060967991, 0.06288209606986951, 0.534987400659042, 0.3637951853659789, 0.21621128495187777, 0.022024410388180253, 0.024704348422810336, 0.026852789173637374, 0.05422013374299655
2009-06-28, 0.1632097060967991, 0.06288209606986951, 0.534987400659042, 0.3637951853659789, 0.21621128495187777, 0.022024410388180253, 0.024704348422810336, 0.026852789173637374, 0.05422013374299655
2009-06-28, 0.1632097060967991, 0.06288209606986951, 0.534987400659042, 0.3637951853659789, 0.21621128495187777, 0.022024410388180253, 0.024704348422810336, 0.026852789173637374, 0.05422013374299655
2009-06-28, 0.1632097060967991, 0.06288209606986951, 0.534987400659042, 0.3637951853659789, 0.21621128495187777, 0.022024410388180253, 0.024704348422810336, 0.026852789173637374, 0.05422013374299655
2009-06-28, 0.1632097060967991, 0.06288209606986951, 0.534987400659042, 0.3637951853659789, 0.21621128495187777, 0.022024410388180253, 0.024704348422810336, 0.026852789173637374, 0.05422013374299655
2009-06-28, 0.22291451281630287, 0.1886462882096076, 0.6357821283194413, 0.0863242812732835, 0.7362131095196829, 0.030283564283747847, 0.02058695701900861, 0.030688901912728432, 0.054790871992922846
2009-06-28, 0.22291451281630287, 0.1886462882096076, 0.6357821283194413, 0.0863242812732835, 0.7362131095196829, 0.030283564283747847, 0.02058695701900861, 0.030688901912728432, 0.054790871992922846
2009-06-28, 0.17093356293023385, 0.2096069868995635, 0.4574529947664274, 0.2065616730467841, 0.36673812890571544, 0.022024410388180253, 0.02058695701900861, 0.026852789173637374, 0.057644563242554236
2009-06-28, 0.1599868000009859, 0.06288209606986858, 0.5582477224268266, 0.28055391413817027, 0.2545272088673995, 0.03303661558227035, 0.01646956561520688, 0.021098620065000802, 0.05307865724314399
2009-05-29, 0.15054642547224023, 0.0838427947598254, 0.41093235123085814, 0.12640341186445037, 0.46252793869452213, 0.022024410388180253, 0.017842029416474125, 0.02429538068091, 0.05650308674270167
2009-05-29, 0.16112709004504172, 0.06288209606986858, 0.48071331653421207, 0.4439534465483126, 0.1943164712858644, 0.022024410388180253, 0.019214493217741366, 0.01854121157227343, 0.04737127474388119
2009-05-29, 0.16112709004504172, 0.06288209606986858, 0.48071331653421207, 0.4439534465483126, 0.1943164712858644, 0.022024410388180253, 0.019214493217741366, 0.01854121157227343, 0.04737127474388119
2009-05-29, 0.16112709004504172, 0.06288209606986858, 0.48071331653421207, 0.4439534465483126, 0.1943164712858644, 0.022024410388180253, 0.019214493217741366, 0.01854121157227343, 0.04737127474388119
2009-05-29, 0.16112709004504172, 0.06288209606986858, 0.48071331653421207, 0.4439534465483126, 0.1943164712858644, 0.022024410388180253, 0.019214493217741366, 0.01854121157227343, 0.04737127474388119
2009-05-29, 0.16112709004504172, 0.06288209606986858, 0.48071331653421207, 0.4439534465483126, 0.1943164712858644, 0.022024410388180253, 0.019214493217741366, 0.01854121157227343, 0.04737127474388119
2009-05-29, 0.16112709004504172, 0.06288209606986858, 0.48071331653421207, 0.4439534465483126, 0.1943164712858644, 0.022024410388180253, 0.019214493217741366, 0.01854121157227343, 0.04737127474388119
2009-05-29, 0.16112709004504172, 0.06288209606986858, 0.48071331653421207, 0.4439534465483126, 0.1943164712858644, 0.022024410388180253, 0.019214493217741366, 0.01854121157227343, 0.04737127474388119
2009-05-29, 0.16112709004504172, 0.06288209606986858, 0.48071331653421207, 0.4439534465483126, 0.1943164712858644, 0.022024410388180253, 0.019214493217741366, 0.01854121157227343, 0.04737127474388119
2009-05-29, 0.16112709004504172, 0.06288209606986858, 0.48071331653421207, 0.4439534465483126, 0.1943164712858644, 0.022024410388180253, 0.019214493217741366, 0.01854121157227343, 0.04737127474388119
2009-05-29, 0.16112709004504172, 0.06288209606986858, 0.48071331653421207, 0.4439534465483126, 0.1943164712858644, 0.022024410388180253, 0.019214493217741366, 0.01854121157227343, 0.04737127474388119
2009-05-29, 0.1766429599997412, 0.10480349344978128, 0.5194805194805193, 0.08324127122780861, 0.5747388587328381, 0.022024410388180253, 0.02195942082027585, 0.0332463104054558, 0.05364939549307029
2009-05-29, 0.1766429599997412, 0.10480349344978128, 0.5194805194805193, 0.08324127122780861, 0.5747388587328381, 0.022024410388180253, 0.02195942082027585, 0.0332463104054558, 0.05364939549307029
2009-05-29, 0.14203424593265684, 0.020960698689956814, 0.41868579182012017, 0.049328160727590414, 0.5172649728595541, 0.022024410388180253, 0.02195942082027585, 0.030688901912728432, 0.055361610242849114
2009-05-29, 0.1766429599997412, 0.10480349344978128, 0.5194805194805193, 0.08324127122780861, 0.5747388587328381, 0.022024410388180253, 0.02195942082027585, 0.0332463104054558, 0.05364939549307029
2009-04-29, 0.21074800189451925, 0.3982532751091702, 0.48846675712347337, 0.021581070318320874, 0.6212653377731149, 0.03854271817931538, 0.023331884621543095, 0.030049549789546603, 0.0644934222416696
2009-04-29, 0.1704323876280817, 0.14672489082969398, 0.41868579182012017, 0.021581070318320874, 0.6568444099803865, 0.03578966688079288, 0.023331884621543095, 0.01598380307954606, 0.04451758349424983
2009-04-29, 0.1704323876280817, 0.14672489082969398, 0.41868579182012017, 0.021581070318320874, 0.6568444099803865, 0.03578966688079288, 0.023331884621543095, 0.01598380307954606, 0.04451758349424983
2009-04-29, 0.1704323876280817, 0.14672489082969398, 0.41868579182012017, 0.021581070318320874, 0.6568444099803865, 0.03578966688079288, 0.023331884621543095, 0.01598380307954606, 0.04451758349424983
2009-04-29, 0.1704323876280817, 0.14672489082969398, 0.41868579182012017, 0.021581070318320874, 0.6568444099803865, 0.03578966688079288, 0.023331884621543095, 0.01598380307954606, 0.04451758349424983
2009-04-29, 0.1704323876280817, 0.14672489082969398, 0.41868579182012017, 0.021581070318320874, 0.6568444099803865, 0.03578966688079288, 0.023331884621543095, 0.01598380307954606, 0.04451758349424983
2009-04-29, 0.1704323876280817, 0.14672489082969398, 0.41868579182012017, 0.021581070318320874, 0.6568444099803865, 0.03578966688079288, 0.023331884621543095, 0.01598380307954606, 0.04451758349424983
2009-04-29, 0.1704323876280817, 0.14672489082969398, 0.41868579182012017, 0.021581070318320874, 0.6568444099803865, 0.03578966688079288, 0.023331884621543095, 0.01598380307954606, 0.04451758349424983
2009-04-29, 0.1704323876280817, 0.14672489082969398, 0.41868579182012017, 0.021581070318320874, 0.6568444099803865, 0.03578966688079288, 0.023331884621543095, 0.01598380307954606, 0.04451758349424983
2009-04-29, 0.1704323876280817, 0.14672489082969398, 0.41868579182012017, 0.021581070318320874, 0.6568444099803865, 0.03578966688079288, 0.023331884621543095, 0.01598380307954606, 0.04451758349424983
2009-04-29, 0.1704323876280817, 0.14672489082969398, 0.41868579182012017, 0.021581070318320874, 0.6568444099803865, 0.03578966688079288, 0.023331884621543095, 0.01598380307954606, 0.04451758349424983
2009-04-29, 0.18465303967549931, 0.29344978165938795, 0.5504942818375653, 0.052411170773064196, 0.41600145965424434, 0.044048820776360444, 0.02195942082027585, 0.03836112739091055, 0.06049825449218565
2009-04-29, 0.18465303967549931, 0.29344978165938795, 0.5504942818375653, 0.052411170773064196, 0.41600145965424434, 0.044048820776360444, 0.02195942082027585, 0.03836112739091055, 0.06049825449218565
2009-04-29, 0.18774530701238631, 0.29344978165938795, 0.5504942818375653, 0.28363692418364406, 0.22989554349313504, 0.03578966688079288, 0.023331884621543095, 0.02429538068091, 0.061068992742111916
2009-04-29, 0.21169800584522194, 0.35633187772925745, 0.7055630936227951, 0.17881458263751457, 0.3229485015736897, 0.03854271817931538, 0.019214493217741366, 0.023656028557728172, 0.048512751243733776
2009-03-30, 0.22562389358502585, 0.5030567685589524, 0.3954254700523362, 0.34838013513860666, 0.4597910869862701, 0.022024410388180253, 0.019214493217741366, 0.010868986094091315, 0.046229798244028654
2009-03-30, 0.22562389358502585, 0.5030567685589524, 0.3954254700523362, 0.34838013513860666, 0.4597910869862701, 0.022024410388180253, 0.019214493217741366, 0.010868986094091315, 0.046229798244028654
2009-03-30, 0.22562389358502585, 0.5030567685589524, 0.3954254700523362, 0.34838013513860666, 0.4597910869862701, 0.022024410388180253, 0.019214493217741366, 0.010868986094091315, 0.046229798244028654
2009-03-30, 0.22562389358502585, 0.5030567685589524, 0.3954254700523362, 0.34838013513860666, 0.4597910869862701, 0.022024410388180253, 0.019214493217741366, 0.010868986094091315, 0.046229798244028654
2009-03-30, 0.22562389358502585, 0.5030567685589524, 0.3954254700523362, 0.34838013513860666, 0.4597910869862701, 0.022024410388180253, 0.019214493217741366, 0.010868986094091315, 0.046229798244028654
2009-03-30, 0.22562389358502585, 0.5030567685589524, 0.3954254700523362, 0.34838013513860666, 0.4597910869862701, 0.022024410388180253, 0.019214493217741366, 0.010868986094091315, 0.046229798244028654
2009-03-30, 0.22562389358502585, 0.5030567685589524, 0.3954254700523362, 0.34838013513860666, 0.4597910869862701, 0.022024410388180253, 0.019214493217741366, 0.010868986094091315, 0.046229798244028654
2009-03-30, 0.22562389358502585, 0.5030567685589524, 0.3954254700523362, 0.34838013513860666, 0.4597910869862701, 0.022024410388180253, 0.019214493217741366, 0.010868986094091315, 0.046229798244028654
2009-03-30, 0.22562389358502585, 0.5030567685589524, 0.3954254700523362, 0.34838013513860666, 0.4597910869862701, 0.022024410388180253, 0.019214493217741366, 0.010868986094091315, 0.046229798244028654
2009-03-30, 0.22562389358502585, 0.5030567685589524, 0.3954254700523362, 0.34838013513860666, 0.4597910869862701, 0.022024410388180253, 0.019214493217741366, 0.010868986094091315, 0.046229798244028654
2009-03-30, 0.22562389358502585, 0.5030567685589524, 0.3954254700523362, 0.34838013513860666, 0.4597910869862701, 0.022024410388180253, 0.019214493217741366, 0.010868986094091315, 0.046229798244028654
2009-03-30, 0.15694922346308268, 0.0, 0.3489048265167676, 0.049328160727590414, 0.7362131095196829, 0.03303661558227035, 0.01509710181393964, 0.026213437050455545, 0.04680053649395492
2009-03-30, 0.15694922346308268, 0.0, 0.3489048265167676, 0.049328160727590414, 0.7362131095196829, 0.03303661558227035, 0.01509710181393964, 0.026213437050455545, 0.04680053649395492
2009-03-30, 0.15694922346308268, 0.0, 0.3489048265167676, 0.049328160727590414, 0.7362131095196829, 0.03303661558227035, 0.01509710181393964, 0.026213437050455545, 0.04680053649395492
2009-03-30, 0.15826024498373886, 0.14672489082969398, 0.26361698003489104, 0.01233204018189733, 0.7143182958536696, 0.030283564283747816, 0.02058695701900861, 0.026852789173637374, 0.051366442493365166
2009-02-28, 0.1261387984044763, 0.23056768558951937, 0.1473153711959678, 0.10790535159160328, 0.38589609086347676, 0.03854271817931541, 0.013724638012672426, 0.022377324311364487, 0.06278120749189077
2009-02-28, 0.1779205533424563, 0.3982532751091702, 0.17057569296375244, 0.5426097680034935, 0.227158691784884, 0.024777461686702782, 0.019214493217741366, 0.007672225478182115, 0.033102818495724225
2009-02-28, 0.1779205533424563, 0.3982532751091702, 0.17057569296375244, 0.5426097680034935, 0.227158691784884, 0.024777461686702782, 0.019214493217741366, 0.007672225478182115, 0.033102818495724225
2009-02-28, 0.1779205533424563, 0.3982532751091702, 0.17057569296375244, 0.5426097680034935, 0.227158691784884, 0.024777461686702782, 0.019214493217741366, 0.007672225478182115, 0.033102818495724225
2009-02-28, 0.1779205533424563, 0.3982532751091702, 0.17057569296375244, 0.5426097680034935, 0.227158691784884, 0.024777461686702782, 0.019214493217741366, 0.007672225478182115, 0.033102818495724225
2009-02-28, 0.1779205533424563, 0.3982532751091702, 0.17057569296375244, 0.5426097680034935, 0.227158691784884, 0.024777461686702782, 0.019214493217741366, 0.007672225478182115, 0.033102818495724225
2009-02-28, 0.1779205533424563, 0.3982532751091702, 0.17057569296375244, 0.5426097680034935, 0.227158691784884, 0.024777461686702782, 0.019214493217741366, 0.007672225478182115, 0.033102818495724225
2009-02-28, 0.1779205533424563, 0.3982532751091702, 0.17057569296375244, 0.5426097680034935, 0.227158691784884, 0.024777461686702782, 0.019214493217741366, 0.007672225478182115, 0.033102818495724225
2009-02-28, 0.1779205533424563, 0.3982532751091702, 0.17057569296375244, 0.5426097680034935, 0.227158691784884, 0.024777461686702782, 0.019214493217741366, 0.007672225478182115, 0.033102818495724225
2009-02-28, 0.1779205533424563, 0.3982532751091702, 0.17057569296375244, 0.5426097680034935, 0.227158691784884, 0.024777461686702782, 0.019214493217741366, 0.007672225478182115, 0.033102818495724225
2009-02-28, 0.1779205533424563, 0.3982532751091702, 0.17057569296375244, 0.5426097680034935, 0.227158691784884, 0.024777461686702782, 0.019214493217741366, 0.007672225478182115, 0.033102818495724225
2009-02-28, 0.1261387984044763, 0.23056768558951937, 0.1473153711959678, 0.10790535159160328, 0.38589609086347676, 0.03854271817931541, 0.013724638012672426, 0.022377324311364487, 0.06278120749189077
2009-02-28, 0.1261387984044763, 0.23056768558951937, 0.1473153711959678, 0.10790535159160328, 0.38589609086347676, 0.03854271817931541, 0.013724638012672426, 0.022377324311364487, 0.06278120749189077
2009-02-28, 0.1159950344398994, 0.0, 0.28687730180267496, 0.024664080363795755, 0.5063175660265479, 0.03303661558227035, 0.017842029416474125, 0.014705098833182372, 0.0445175834942498
2009-02-28, 0.14633773729132324, 0.1257641921397381, 0.3023841829811976, 0.33296508491123444, 0.2736851708251608, 0.03303661558227035, 0.019214493217741366, 0.02429538068091, 0.05935677799233309
2009-01-29, 0.14382307888009668, 0.1676855895196508, 0.1473153711959678, 0.20039565295583545, 0.5063175660265479, 0.030283564283747816, 0.013724638012672426, 0.02493473280409186, 0.05992751624225938
2009-01-29, 0.1682841419637211, 0.37729257641921427, 0.248110098856367, 0.31755003468386334, 0.29831683619942523, 0.027530512985225283, 0.01646956561520688, 0.01534445095636423, 0.045659059994102386
2009-01-29, 0.1682841419637211, 0.37729257641921427, 0.248110098856367, 0.31755003468386334, 0.29831683619942523, 0.027530512985225283, 0.01646956561520688, 0.01534445095636423, 0.045659059994102386
2009-01-29, 0.1682841419637211, 0.37729257641921427, 0.248110098856367, 0.31755003468386334, 0.29831683619942523, 0.027530512985225283, 0.01646956561520688, 0.01534445095636423, 0.045659059994102386
2009-01-29, 0.1682841419637211, 0.37729257641921427, 0.248110098856367, 0.31755003468386334, 0.29831683619942523, 0.027530512985225283, 0.01646956561520688, 0.01534445095636423, 0.045659059994102386
2009-01-29, 0.1682841419637211, 0.37729257641921427, 0.248110098856367, 0.31755003468386334, 0.29831683619942523, 0.027530512985225283, 0.01646956561520688, 0.01534445095636423, 0.045659059994102386
2009-01-29, 0.1682841419637211, 0.37729257641921427, 0.248110098856367, 0.31755003468386334, 0.29831683619942523, 0.027530512985225283, 0.01646956561520688, 0.01534445095636423, 0.045659059994102386
2009-01-29, 0.1682841419637211, 0.37729257641921427, 0.248110098856367, 0.31755003468386334, 0.29831683619942523, 0.027530512985225283, 0.01646956561520688, 0.01534445095636423, 0.045659059994102386
2009-01-29, 0.1682841419637211, 0.37729257641921427, 0.248110098856367, 0.31755003468386334, 0.29831683619942523, 0.027530512985225283, 0.01646956561520688, 0.01534445095636423, 0.045659059994102386
2009-01-29, 0.1682841419637211, 0.37729257641921427, 0.248110098856367, 0.31755003468386334, 0.29831683619942523, 0.027530512985225283, 0.01646956561520688, 0.01534445095636423, 0.045659059994102386
2009-01-29, 0.1682841419637211, 0.37729257641921427, 0.248110098856367, 0.31755003468386334, 0.29831683619942523, 0.027530512985225283, 0.01646956561520688, 0.01534445095636423, 0.045659059994102386
2009-01-29, 0.14229341008352817, 0.2096069868995635, 0.10854816824966053, 0.024664080363795755, 0.6623181133968896, 0.03578966688079288, 0.012352174211405184, 0.026852789173637374, 0.058215301492480526
2009-01-29, 0.14229341008352817, 0.2096069868995635, 0.10854816824966053, 0.024664080363795755, 0.6623181133968896, 0.03578966688079288, 0.012352174211405184, 0.026852789173637374, 0.058215301492480526
2009-01-29, 0.12376834070784895, 0.10480349344978128, 0.1473153711959678, 0.5364437479125448, 0.09031610637230357, 0.030283564283747816, 0.013724638012672426, 0.020459267941818945, 0.04680053649395495
2009-01-29, 0.1561627857626827, 0.1676855895196508, 0.22484977708858306, 0.38537625568429973, 0.3448433152397031, 0.030283564283747816, 0.01646956561520688, 0.02557408492727369, 0.05422013374299658
2008-12-30, 0.2154556035798198, 0.4401746724890829, 0.5039736383019967, 0.382293245638826, 0.2627377639921546, 0.03303661558227035, 0.019214493217741397, 0.026852789173637374, 0.055361610242849114
2008-12-30, 0.23294221321178687, 0.5659388646288209, 0.6125218065516572, 0.5241117077306485, 0.0793686995392964, 0.030283564283747816, 0.019214493217741397, 0.0012787042463636858, 0.03081986549601908
2008-12-30, 0.23294221321178687, 0.5659388646288209, 0.6125218065516572, 0.5241117077306485, 0.0793686995392964, 0.030283564283747816, 0.019214493217741397, 0.0012787042463636858, 0.03081986549601908
2008-12-30, 0.23294221321178687, 0.5659388646288209, 0.6125218065516572, 0.5241117077306485, 0.0793686995392964, 0.030283564283747816, 0.019214493217741397, 0.0012787042463636858, 0.03081986549601908
2008-12-30, 0.23294221321178687, 0.5659388646288209, 0.6125218065516572, 0.5241117077306485, 0.0793686995392964, 0.030283564283747816, 0.019214493217741397, 0.0012787042463636858, 0.03081986549601908
2008-12-30, 0.23294221321178687, 0.5659388646288209, 0.6125218065516572, 0.5241117077306485, 0.0793686995392964, 0.030283564283747816, 0.019214493217741397, 0.0012787042463636858, 0.03081986549601908
2008-12-30, 0.23294221321178687, 0.5659388646288209, 0.6125218065516572, 0.5241117077306485, 0.0793686995392964, 0.030283564283747816, 0.019214493217741397, 0.0012787042463636858, 0.03081986549601908
2008-12-30, 0.23294221321178687, 0.5659388646288209, 0.6125218065516572, 0.5241117077306485, 0.0793686995392964, 0.030283564283747816, 0.019214493217741397, 0.0012787042463636858, 0.03081986549601908
2008-12-30, 0.23294221321178687, 0.5659388646288209, 0.6125218065516572, 0.5241117077306485, 0.0793686995392964, 0.030283564283747816, 0.019214493217741397, 0.0012787042463636858, 0.03081986549601908
2008-12-30, 0.23294221321178687, 0.5659388646288209, 0.6125218065516572, 0.5241117077306485, 0.0793686995392964, 0.030283564283747816, 0.019214493217741397, 0.0012787042463636858, 0.03081986549601908
2008-12-30, 0.23294221321178687, 0.5659388646288209, 0.6125218065516572, 0.5241117077306485, 0.0793686995392964, 0.030283564283747816, 0.019214493217741397, 0.0012787042463636858, 0.03081986549601908
2008-12-30, 0.2009918795914118, 0.2934497816593889, 0.48071331653421207, 0.11407137168255303, 0.5774757104410891, 0.03303661558227035, 0.017842029416474156, 0.026852789173637374, 0.0644934222416696
2008-12-30, 0.2009918795914118, 0.2934497816593889, 0.48071331653421207, 0.11407137168255303, 0.5774757104410891, 0.03303661558227035, 0.017842029416474156, 0.026852789173637374, 0.0644934222416696
2008-12-30, 0.19110823084911416, 0.2934497816593889, 0.5039736383019967, 0.5456927780489694, 0.05473703416503197, 0.03303661558227035, 0.01646956561520691, 0.02557408492727369, 0.055932348492775404
2008-12-30, 0.19078703604012193, 0.2724890829694321, 0.511727078891258, 0.191146622819413, 0.4023172011129861, 0.03854271817931541, 0.015097101813939669, 0.028770845543182887, 0.06620563699144842
2008-11-30, 0.15973198682084186, 0.14672489082969398, 0.20158945532079842, 0.3637951853659789, 0.46252793869452213, 0.03854271817931541, 0.009607246608870698, 0.01854121157227343, 0.036527247995281904
2008-11-30, 0.1577809599922475, 0.41921397379912606, 0.38767202946307416, 0.08324127122780861, 0.2736851708251608, 0.03578966688079288, 0.010979710410137941, 0.013426394586818687, 0.03823946274506074
2008-11-30, 0.1577809599922475, 0.41921397379912606, 0.38767202946307416, 0.08324127122780861, 0.2736851708251608, 0.03578966688079288, 0.010979710410137941, 0.013426394586818687, 0.03823946274506074
2008-11-30, 0.1577809599922475, 0.41921397379912606, 0.38767202946307416, 0.08324127122780861, 0.2736851708251608, 0.03578966688079288, 0.010979710410137941, 0.013426394586818687, 0.03823946274506074
2008-11-30, 0.1577809599922475, 0.41921397379912606, 0.38767202946307416, 0.08324127122780861, 0.2736851708251608, 0.03578966688079288, 0.010979710410137941, 0.013426394586818687, 0.03823946274506074
2008-11-30, 0.1577809599922475, 0.41921397379912606, 0.38767202946307416, 0.08324127122780861, 0.2736851708251608, 0.03578966688079288, 0.010979710410137941, 0.013426394586818687, 0.03823946274506074
2008-11-30, 0.1577809599922475, 0.41921397379912606, 0.38767202946307416, 0.08324127122780861, 0.2736851708251608, 0.03578966688079288, 0.010979710410137941, 0.013426394586818687, 0.03823946274506074
2008-11-30, 0.1577809599922475, 0.41921397379912606, 0.38767202946307416, 0.08324127122780861, 0.2736851708251608, 0.03578966688079288, 0.010979710410137941, 0.013426394586818687, 0.03823946274506074
2008-11-30, 0.1577809599922475, 0.41921397379912606, 0.38767202946307416, 0.08324127122780861, 0.2736851708251608, 0.03578966688079288, 0.010979710410137941, 0.013426394586818687, 0.03823946274506074
2008-11-30, 0.1577809599922475, 0.41921397379912606, 0.38767202946307416, 0.08324127122780861, 0.2736851708251608, 0.03578966688079288, 0.010979710410137941, 0.013426394586818687, 0.03823946274506074
2008-11-30, 0.1577809599922475, 0.41921397379912606, 0.38767202946307416, 0.08324127122780861, 0.2736851708251608, 0.03578966688079288, 0.010979710410137941, 0.013426394586818687, 0.03823946274506074
2008-11-30, 0.15203194072948198, 0.20960698689956256, 0.2946307423919363, 0.35146314518408156, 0.2600009122839026, 0.04129576947783794, 0.006862319006336213, 0.009590281847727629, 0.042805368744470974
2008-11-30, 0.15203194072948198, 0.20960698689956256, 0.2946307423919363, 0.35146314518408156, 0.2600009122839026, 0.04129576947783794, 0.006862319006336213, 0.009590281847727629, 0.042805368744470974
2008-11-30, 0.1576310498763906, 0.14672489082969398, 0.22484977708858306, 0.40695732600262063, 0.38315923915522476, 0.03854271817931541, 0.008234782807603456, 0.016623155202727915, 0.035956509745355615
2008-11-30, 0.15203194072948198, 0.20960698689956256, 0.2946307423919363, 0.35146314518408156, 0.2600009122839026, 0.04129576947783794, 0.006862319006336213, 0.009590281847727629, 0.042805368744470974
2008-10-31, 0.17810960908780304, 0.2934497816593889, 0.32564450474898227, 0.5456927780489683, 0.16694795420334793, 0.0275305129852253, 0.009607246608870683, 0.016623155202727887, 0.039380939244913295
2008-10-31, 0.12018476931864712, 0.06288209606986858, 0.34890482651676624, 0.2620558538653237, 0.2162112849518768, 0.022024410388180236, 0.00823478280760344, 0.016623155202727887, 0.024541744746830036
2008-10-31, 0.12018476931864712, 0.06288209606986858, 0.34890482651676624, 0.2620558538653237, 0.2162112849518768, 0.022024410388180236, 0.00823478280760344, 0.016623155202727887, 0.024541744746830036
2008-10-31, 0.12018476931864712, 0.06288209606986858, 0.34890482651676624, 0.2620558538653237, 0.2162112849518768, 0.022024410388180236, 0.00823478280760344, 0.016623155202727887, 0.024541744746830036
2008-10-31, 0.12018476931864712, 0.06288209606986858, 0.34890482651676624, 0.2620558538653237, 0.2162112849518768, 0.022024410388180236, 0.00823478280760344, 0.016623155202727887, 0.024541744746830036
2008-10-31, 0.12018476931864712, 0.06288209606986858, 0.34890482651676624, 0.2620558538653237, 0.2162112849518768, 0.022024410388180236, 0.00823478280760344, 0.016623155202727887, 0.024541744746830036
2008-10-31, 0.12018476931864712, 0.06288209606986858, 0.34890482651676624, 0.2620558538653237, 0.2162112849518768, 0.022024410388180236, 0.00823478280760344, 0.016623155202727887, 0.024541744746830036
2008-10-31, 0.12018476931864712, 0.06288209606986858, 0.34890482651676624, 0.2620558538653237, 0.2162112849518768, 0.022024410388180236, 0.00823478280760344, 0.016623155202727887, 0.024541744746830036
2008-10-31, 0.12018476931864712, 0.06288209606986858, 0.34890482651676624, 0.2620558538653237, 0.2162112849518768, 0.022024410388180236, 0.00823478280760344, 0.016623155202727887, 0.024541744746830036
2008-10-31, 0.12018476931864712, 0.06288209606986858, 0.34890482651676624, 0.2620558538653237, 0.2162112849518768, 0.022024410388180236, 0.00823478280760344, 0.016623155202727887, 0.024541744746830036
2008-10-31, 0.12018476931864712, 0.06288209606986858, 0.34890482651676624, 0.2620558538653237, 0.2162112849518768, 0.022024410388180236, 0.00823478280760344, 0.016623155202727887, 0.024541744746830036
2008-10-31, 0.17810960908780304, 0.2934497816593889, 0.32564450474898227, 0.5456927780489683, 0.16694795420334793, 0.0275305129852253, 0.009607246608870683, 0.016623155202727887, 0.039380939244913295
2008-10-31, 0.17810960908780304, 0.2934497816593889, 0.32564450474898227, 0.5456927780489683, 0.16694795420334793, 0.0275305129852253, 0.009607246608870683, 0.016623155202727887, 0.039380939244913295
2008-10-31, 0.1359020229769962, 0.2934497816593889, 0.23260321767784436, 0.4377874264573645, 0.038315923915522666, 0.022024410388180236, 0.010979710410137926, 0.02237732431136446, 0.029678388996166545
2008-10-31, 0.14027967678020864, 0.23056768558952032, 0.2713704206241517, 0.3391311050021837, 0.1997901747023675, 0.016518307791135188, 0.009607246608870683, 0.02557408492727369, 0.029678388996166545
2008-10-01, 0.2794724957916224, 0.5449781659388642, 0.10854816824966053, 0.7029262903681626, 0.8429503261414953, 0.016518307791135174, 0.009607246608870683, 0.005114816985454743, 0.005136644249336509
2008-10-01, 0.2794724957916224, 0.5449781659388642, 0.10854816824966053, 0.7029262903681626, 0.8429503261414953, 0.016518307791135174, 0.009607246608870683, 0.005114816985454743, 0.005136644249336509
2008-10-01, 0.2794724957916224, 0.5449781659388642, 0.10854816824966053, 0.7029262903681626, 0.8429503261414953, 0.016518307791135174, 0.009607246608870683, 0.005114816985454743, 0.005136644249336509
2008-10-01, 0.2794724957916224, 0.5449781659388642, 0.10854816824966053, 0.7029262903681626, 0.8429503261414953, 0.016518307791135174, 0.009607246608870683, 0.005114816985454743, 0.005136644249336509
2008-10-01, 0.2794724957916224, 0.5449781659388642, 0.10854816824966053, 0.7029262903681626, 0.8429503261414953, 0.016518307791135174, 0.009607246608870683, 0.005114816985454743, 0.005136644249336509
2008-10-01, 0.2794724957916224, 0.5449781659388642, 0.10854816824966053, 0.7029262903681626, 0.8429503261414953, 0.016518307791135174, 0.009607246608870683, 0.005114816985454743, 0.005136644249336509
2008-10-01, 0.2794724957916224, 0.5449781659388642, 0.10854816824966053, 0.7029262903681626, 0.8429503261414953, 0.016518307791135174, 0.009607246608870683, 0.005114816985454743, 0.005136644249336509
2008-10-01, 0.2794724957916224, 0.5449781659388642, 0.10854816824966053, 0.7029262903681626, 0.8429503261414953, 0.016518307791135174, 0.009607246608870683, 0.005114816985454743, 0.005136644249336509
2008-10-01, 0.2794724957916224, 0.5449781659388642, 0.10854816824966053, 0.7029262903681626, 0.8429503261414953, 0.016518307791135174, 0.009607246608870683, 0.005114816985454743, 0.005136644249336509
2008-10-01, 0.2794724957916224, 0.5449781659388642, 0.10854816824966053, 0.7029262903681626, 0.8429503261414953, 0.016518307791135174, 0.009607246608870683, 0.005114816985454743, 0.005136644249336509
2008-10-01, 0.2794724957916224, 0.5449781659388642, 0.10854816824966053, 0.7029262903681626, 0.8429503261414953, 0.016518307791135174, 0.009607246608870683, 0.005114816985454743, 0.005136644249336509
2008-10-01, 0.4269523379048768, 0.838427947598253, 0.28687730180267496, 1.008144284870128, 1.2534780823792366, 0.019271359089657707, 0.006862319006336213, 0.0025574084927273717, 0.0
2008-10-01, 0.4269523379048768, 0.838427947598253, 0.28687730180267496, 1.008144284870128, 1.2534780823792366, 0.019271359089657707, 0.006862319006336213, 0.0025574084927273717, 0.0
2008-10-01, 0.4269523379048768, 0.838427947598253, 0.28687730180267496, 1.008144284870128, 1.2534780823792366, 0.019271359089657707, 0.006862319006336213, 0.0025574084927273717, 0.0
2008-10-01, 0.345686900244432, 0.7126637554585149, 0.279123861213413, 0.7769185314595481, 0.9578980978880628, 0.016518307791135174, 0.010979710410137926, 0.005114816985454743, 0.006278120749189069
2008-09-01, 0.3385355490573159, 0.6917030567685595, 0.2558635394456287, 0.7306733807774324, 0.9825297632623273, 0.005506102597045063, 0.010979710410137941, 0.0179018594490916, 0.013126979748304431
2008-09-01, 0.3385355490573159, 0.6917030567685595, 0.2558635394456287, 0.7306733807774324, 0.9825297632623273, 0.005506102597045063, 0.010979710410137941, 0.0179018594490916, 0.013126979748304431
2008-09-01, 0.3385355490573159, 0.6917030567685595, 0.2558635394456287, 0.7306733807774324, 0.9825297632623273, 0.005506102597045063, 0.010979710410137941, 0.0179018594490916, 0.013126979748304431
2008-09-01, 0.3385355490573159, 0.6917030567685595, 0.2558635394456287, 0.7306733807774324, 0.9825297632623273, 0.005506102597045063, 0.010979710410137941, 0.0179018594490916, 0.013126979748304431
2008-09-01, 0.3385355490573159, 0.6917030567685595, 0.2558635394456287, 0.7306733807774324, 0.9825297632623273, 0.005506102597045063, 0.010979710410137941, 0.0179018594490916, 0.013126979748304431
2008-09-01, 0.3385355490573159, 0.6917030567685595, 0.2558635394456287, 0.7306733807774324, 0.9825297632623273, 0.005506102597045063, 0.010979710410137941, 0.0179018594490916, 0.013126979748304431
2008-09-01, 0.3385355490573159, 0.6917030567685595, 0.2558635394456287, 0.7306733807774324, 0.9825297632623273, 0.005506102597045063, 0.010979710410137941, 0.0179018594490916, 0.013126979748304431
2008-09-01, 0.3385355490573159, 0.6917030567685595, 0.2558635394456287, 0.7306733807774324, 0.9825297632623273, 0.005506102597045063, 0.010979710410137941, 0.0179018594490916, 0.013126979748304431
2008-09-01, 0.3385355490573159, 0.6917030567685595, 0.2558635394456287, 0.7306733807774324, 0.9825297632623273, 0.005506102597045063, 0.010979710410137941, 0.0179018594490916, 0.013126979748304431
2008-09-01, 0.3385355490573159, 0.6917030567685595, 0.2558635394456287, 0.7306733807774324, 0.9825297632623273, 0.005506102597045063, 0.010979710410137941, 0.0179018594490916, 0.013126979748304431
2008-09-01, 0.3385355490573159, 0.6917030567685595, 0.2558635394456287, 0.7306733807774324, 0.9825297632623273, 0.005506102597045063, 0.010979710410137941, 0.0179018594490916, 0.013126979748304431
2008-09-01, 0.48565336401907166, 1.048034934497817, 0.3178910641597206, 1.0173933150065513, 1.4696893673311133, 0.011012205194090111, 0.009607246608870698, 0.007032873355000286, 0.0045659059994102415
2008-09-01, 0.48565336401907166, 1.048034934497817, 0.3178910641597206, 1.0173933150065513, 1.4696893673311133, 0.011012205194090111, 0.009607246608870698, 0.007032873355000286, 0.0045659059994102415
2008-09-01, 0.48565336401907166, 1.048034934497817, 0.3178910641597206, 1.0173933150065513, 1.4696893673311133, 0.011012205194090111, 0.009607246608870698, 0.007032873355000286, 0.0045659059994102415
2008-09-01, 0.3758937233012703, 0.6917030567685595, 0.20934289591005972, 0.860159802687357, 1.2069516033389591, 0.0027530512985225316, 0.015097101813939653, 0.010868986094091343, 0.010273288498673042
2008-08-02, 0.40893966495286965, 0.7336244541484718, 0.5039736383019964, 0.804665621868818, 1.1795830862564431, 0.005506102597045063, 0.016469565615206898, 0.0134263945868187, 0.014268456248156992
2008-08-02, 0.40893966495286965, 0.7336244541484718, 0.5039736383019964, 0.804665621868818, 1.1795830862564431, 0.005506102597045063, 0.016469565615206898, 0.0134263945868187, 0.014268456248156992
2008-08-02, 0.40893966495286965, 0.7336244541484718, 0.5039736383019964, 0.804665621868818, 1.1795830862564431, 0.005506102597045063, 0.016469565615206898, 0.0134263945868187, 0.014268456248156992
2008-08-02, 0.40893966495286965, 0.7336244541484718, 0.5039736383019964, 0.804665621868818, 1.1795830862564431, 0.005506102597045063, 0.016469565615206898, 0.0134263945868187, 0.014268456248156992
2008-08-02, 0.40893966495286965, 0.7336244541484718, 0.5039736383019964, 0.804665621868818, 1.1795830862564431, 0.005506102597045063, 0.016469565615206898, 0.0134263945868187, 0.014268456248156992
2008-08-02, 0.40893966495286965, 0.7336244541484718, 0.5039736383019964, 0.804665621868818, 1.1795830862564431, 0.005506102597045063, 0.016469565615206898, 0.0134263945868187, 0.014268456248156992
2008-08-02, 0.40893966495286965, 0.7336244541484718, 0.5039736383019964, 0.804665621868818, 1.1795830862564431, 0.005506102597045063, 0.016469565615206898, 0.0134263945868187, 0.014268456248156992
2008-08-02, 0.40893966495286965, 0.7336244541484718, 0.5039736383019964, 0.804665621868818, 1.1795830862564431, 0.005506102597045063, 0.016469565615206898, 0.0134263945868187, 0.014268456248156992
2008-08-02, 0.40893966495286965, 0.7336244541484718, 0.5039736383019964, 0.804665621868818, 1.1795830862564431, 0.005506102597045063, 0.016469565615206898, 0.0134263945868187, 0.014268456248156992
2008-08-02, 0.40893966495286965, 0.7336244541484718, 0.5039736383019964, 0.804665621868818, 1.1795830862564431, 0.005506102597045063, 0.016469565615206898, 0.0134263945868187, 0.014268456248156992
2008-08-02, 0.40893966495286965, 0.7336244541484718, 0.5039736383019964, 0.804665621868818, 1.1795830862564431, 0.005506102597045063, 0.016469565615206898, 0.0134263945868187, 0.014268456248156992
2008-08-02, 0.4702765939345079, 0.8174672489082971, 0.4109323512308588, 1.0759705058705646, 1.4204260365825845, 0.013765256492612642, 0.010979710410137926, 0.006393521231818429, 0.006278120749189069
2008-08-02, 0.4702765939345079, 0.8174672489082971, 0.4109323512308588, 1.0759705058705646, 1.4204260365825845, 0.013765256492612642, 0.010979710410137926, 0.006393521231818429, 0.006278120749189069
2008-08-02, 0.4702765939345079, 0.8174672489082971, 0.4109323512308588, 1.0759705058705646, 1.4204260365825845, 0.013765256492612642, 0.010979710410137926, 0.006393521231818429, 0.006278120749189069
2008-08-02, 0.38419916762994005, 0.7126637554585159, 0.4496995541771661, 0.7800015415050228, 1.0920038315923917, 0.00825915389556758, 0.015097101813939653, 0.009590281847727658, 0.006278120749189069
2008-07-03, 0.3113975995578335, 0.62882096069869, 0.3178910641597206, 0.6535981296405724, 0.85116088126625, 0.011012205194090127, 0.010979710410137926, 0.010868986094091315, 0.006848858999115362
2008-07-03, 0.30091913765455364, 0.6078602620087337, 0.2403566582671057, 0.6196850191403537, 0.8976873603065273, 0.005506102597045063, 0.012352174211405168, 0.015344450956364216, 0.00856107374889419
2008-07-03, 0.30091913765455364, 0.6078602620087337, 0.2403566582671057, 0.6196850191403537, 0.8976873603065273, 0.005506102597045063, 0.012352174211405168, 0.015344450956364216, 0.00856107374889419
2008-07-03, 0.30091913765455364, 0.6078602620087337, 0.2403566582671057, 0.6196850191403537, 0.8976873603065273, 0.005506102597045063, 0.012352174211405168, 0.015344450956364216, 0.00856107374889419
2008-07-03, 0.30091913765455364, 0.6078602620087337, 0.2403566582671057, 0.6196850191403537, 0.8976873603065273, 0.005506102597045063, 0.012352174211405168, 0.015344450956364216, 0.00856107374889419
2008-07-03, 0.30091913765455364, 0.6078602620087337, 0.2403566582671057, 0.6196850191403537, 0.8976873603065273, 0.005506102597045063, 0.012352174211405168, 0.015344450956364216, 0.00856107374889419
2008-07-03, 0.30091913765455364, 0.6078602620087337, 0.2403566582671057, 0.6196850191403537, 0.8976873603065273, 0.005506102597045063, 0.012352174211405168, 0.015344450956364216, 0.00856107374889419
2008-07-03, 0.30091913765455364, 0.6078602620087337, 0.2403566582671057, 0.6196850191403537, 0.8976873603065273, 0.005506102597045063, 0.012352174211405168, 0.015344450956364216, 0.00856107374889419
2008-07-03, 0.30091913765455364, 0.6078602620087337, 0.2403566582671057, 0.6196850191403537, 0.8976873603065273, 0.005506102597045063, 0.012352174211405168, 0.015344450956364216, 0.00856107374889419
2008-07-03, 0.30091913765455364, 0.6078602620087337, 0.2403566582671057, 0.6196850191403537, 0.8976873603065273, 0.005506102597045063, 0.012352174211405168, 0.015344450956364216, 0.00856107374889419
2008-07-03, 0.30091913765455364, 0.6078602620087337, 0.2403566582671057, 0.6196850191403537, 0.8976873603065273, 0.005506102597045063, 0.012352174211405168, 0.015344450956364216, 0.00856107374889419
2008-07-03, 0.4023791317428793, 0.8384279475982535, 0.29463074239193593, 0.8971559232330496, 1.1467408657574236, 0.016518307791135174, 0.005489855205068956, 0.011508338217273158, 0.00856107374889419
2008-07-03, 0.4023791317428793, 0.8384279475982535, 0.29463074239193593, 0.8971559232330496, 1.1467408657574236, 0.016518307791135174, 0.005489855205068956, 0.011508338217273158, 0.00856107374889419
2008-07-03, 0.3206477355756608, 0.7126637554585155, 0.3023841829811976, 0.6998432803226885, 0.801897550517721, 0.008259153895567594, 0.009607246608870683, 0.01854121157227343, 0.011985503248451872
2008-07-03, 0.30361405780280876, 0.5659388646288209, 0.2713704206241517, 0.7029262903681628, 0.85116088126625, 0.005506102597045063, 0.012352174211405168, 0.007672225478182115, 0.011985503248451872
2008-06-03, 0.3402638768106877, 0.5659388646288209, 0.3023841829811976, 0.7183413405955344, 1.0947406833006432, 0.005506102597045048, 0.00823478280760344, 0.017262507325909743, 0.00970255024874675
2008-06-03, 0.3402638768106877, 0.5659388646288209, 0.3023841829811976, 0.7183413405955344, 1.0947406833006432, 0.005506102597045048, 0.00823478280760344, 0.017262507325909743, 0.00970255024874675
2008-06-03, 0.3402638768106877, 0.5659388646288209, 0.3023841829811976, 0.7183413405955344, 1.0947406833006432, 0.005506102597045048, 0.00823478280760344, 0.017262507325909743, 0.00970255024874675
2008-06-03, 0.3402638768106877, 0.5659388646288209, 0.3023841829811976, 0.7183413405955344, 1.0947406833006432, 0.005506102597045048, 0.00823478280760344, 0.017262507325909743, 0.00970255024874675
2008-06-03, 0.3402638768106877, 0.5659388646288209, 0.3023841829811976, 0.7183413405955344, 1.0947406833006432, 0.005506102597045048, 0.00823478280760344, 0.017262507325909743, 0.00970255024874675
2008-06-03, 0.3402638768106877, 0.5659388646288209, 0.3023841829811976, 0.7183413405955344, 1.0947406833006432, 0.005506102597045048, 0.00823478280760344, 0.017262507325909743, 0.00970255024874675
2008-06-03, 0.3402638768106877, 0.5659388646288209, 0.3023841829811976, 0.7183413405955344, 1.0947406833006432, 0.005506102597045048, 0.00823478280760344, 0.017262507325909743, 0.00970255024874675
2008-06-03, 0.3402638768106877, 0.5659388646288209, 0.3023841829811976, 0.7183413405955344, 1.0947406833006432, 0.005506102597045048, 0.00823478280760344, 0.017262507325909743, 0.00970255024874675
2008-06-03, 0.3402638768106877, 0.5659388646288209, 0.3023841829811976, 0.7183413405955344, 1.0947406833006432, 0.005506102597045048, 0.00823478280760344, 0.017262507325909743, 0.00970255024874675
2008-06-03, 0.3402638768106877, 0.5659388646288209, 0.3023841829811976, 0.7183413405955344, 1.0947406833006432, 0.005506102597045048, 0.00823478280760344, 0.017262507325909743, 0.00970255024874675
2008-06-03, 0.3402638768106877, 0.5659388646288209, 0.3023841829811976, 0.7183413405955344, 1.0947406833006432, 0.005506102597045048, 0.00823478280760344, 0.017262507325909743, 0.00970255024874675
2008-06-03, 0.44007892297833306, 0.7545851528384276, 0.3333979453382436, 0.9434010739151657, 1.4560051087898556, 0.013765256492612642, 0.0, 0.0166231552027279, 0.0028536912496313883
2008-06-03, 0.44007892297833306, 0.7545851528384276, 0.3333979453382436, 0.9434010739151657, 1.4560051087898556, 0.013765256492612642, 0.0, 0.0166231552027279, 0.0028536912496313883
2008-06-03, 0.44007892297833306, 0.7545851528384276, 0.3333979453382436, 0.9434010739151657, 1.4560051087898556, 0.013765256492612642, 0.0, 0.0166231552027279, 0.0028536912496313883
2008-06-03, 0.35941609909309774, 0.6497816593886458, 0.3566582671060282, 0.7368394008683811, 1.0974775350088948, 0.0027530512985225316, 0.0068623190063361985, 0.019819915818637117, 0.005136644249336509
2008-05-04, 0.35758672220751087, 0.5030567685589519, 0.39542547005233586, 0.7769185314595481, 1.1494777174656752, 0.005506102597045048, 0.005489855205068956, 0.01854121157227343, 0.006278120749189069
2008-05-04, 0.35758672220751087, 0.5030567685589519, 0.39542547005233586, 0.7769185314595481, 1.1494777174656752, 0.005506102597045048, 0.005489855205068956, 0.01854121157227343, 0.006278120749189069
2008-05-04, 0.35758672220751087, 0.5030567685589519, 0.39542547005233586, 0.7769185314595481, 1.1494777174656752, 0.005506102597045048, 0.005489855205068956, 0.01854121157227343, 0.006278120749189069
2008-05-04, 0.35758672220751087, 0.5030567685589519, 0.39542547005233586, 0.7769185314595481, 1.1494777174656752, 0.005506102597045048, 0.005489855205068956, 0.01854121157227343, 0.006278120749189069
2008-05-04, 0.35758672220751087, 0.5030567685589519, 0.39542547005233586, 0.7769185314595481, 1.1494777174656752, 0.005506102597045048, 0.005489855205068956, 0.01854121157227343, 0.006278120749189069
2008-05-04, 0.35758672220751087, 0.5030567685589519, 0.39542547005233586, 0.7769185314595481, 1.1494777174656752, 0.005506102597045048, 0.005489855205068956, 0.01854121157227343, 0.006278120749189069
2008-05-04, 0.35758672220751087, 0.5030567685589519, 0.39542547005233586, 0.7769185314595481, 1.1494777174656752, 0.005506102597045048, 0.005489855205068956, 0.01854121157227343, 0.006278120749189069
2008-05-04, 0.35758672220751087, 0.5030567685589519, 0.39542547005233586, 0.7769185314595481, 1.1494777174656752, 0.005506102597045048, 0.005489855205068956, 0.01854121157227343, 0.006278120749189069
2008-05-04, 0.35758672220751087, 0.5030567685589519, 0.39542547005233586, 0.7769185314595481, 1.1494777174656752, 0.005506102597045048, 0.005489855205068956, 0.01854121157227343, 0.006278120749189069
2008-05-04, 0.35758672220751087, 0.5030567685589519, 0.39542547005233586, 0.7769185314595481, 1.1494777174656752, 0.005506102597045048, 0.005489855205068956, 0.01854121157227343, 0.006278120749189069
2008-05-04, 0.35758672220751087, 0.5030567685589519, 0.39542547005233586, 0.7769185314595481, 1.1494777174656752, 0.005506102597045048, 0.005489855205068956, 0.01854121157227343, 0.006278120749189069
2008-05-04, 0.4401814736069825, 0.8803493449781657, 0.3411513859275056, 0.8601598026873574, 1.3930575195000685, 0.016518307791135174, 0.004117391403801728, 0.019819915818637117, 0.006278120749189069
2008-05-04, 0.4401814736069825, 0.8803493449781657, 0.3411513859275056, 0.8601598026873574, 1.3930575195000685, 0.016518307791135174, 0.004117391403801728, 0.019819915818637117, 0.006278120749189069
2008-05-04, 0.4401814736069825, 0.8803493449781657, 0.3411513859275056, 0.8601598026873574, 1.3930575195000685, 0.016518307791135174, 0.004117391403801728, 0.019819915818637117, 0.006278120749189069
2008-05-04, 0.39226899607350274, 0.7336244541484713, 0.3333979453382439, 0.8077486319142926, 1.2261095652967207, 0.005506102597045048, 0.0027449276025344853, 0.02045926794181896, 0.00856107374889419
2008-04-04, 0.38259963765725785, 0.9432314410480352, 0.3644117076952895, 0.6628471597769957, 1.0454773525521144, 0.011012205194090111, 0.0013724638012672426, 0.020459267941818945, 0.011985503248451872
2008-04-04, 0.38259963765725785, 0.9432314410480352, 0.3644117076952895, 0.6628471597769957, 1.0454773525521144, 0.011012205194090111, 0.0013724638012672426, 0.020459267941818945, 0.011985503248451872
2008-04-04, 0.38259963765725785, 0.9432314410480352, 0.3644117076952895, 0.6628471597769957, 1.0454773525521144, 0.011012205194090111, 0.0013724638012672426, 0.020459267941818945, 0.011985503248451872
2008-04-04, 0.38259963765725785, 0.9432314410480352, 0.3644117076952895, 0.6628471597769957, 1.0454773525521144, 0.011012205194090111, 0.0013724638012672426, 0.020459267941818945, 0.011985503248451872
2008-04-04, 0.38259963765725785, 0.9432314410480352, 0.3644117076952895, 0.6628471597769957, 1.0454773525521144, 0.011012205194090111, 0.0013724638012672426, 0.020459267941818945, 0.011985503248451872
2008-04-04, 0.38259963765725785, 0.9432314410480352, 0.3644117076952895, 0.6628471597769957, 1.0454773525521144, 0.011012205194090111, 0.0013724638012672426, 0.020459267941818945, 0.011985503248451872
2008-04-04, 0.38259963765725785, 0.9432314410480352, 0.3644117076952895, 0.6628471597769957, 1.0454773525521144, 0.011012205194090111, 0.0013724638012672426, 0.020459267941818945, 0.011985503248451872
2008-04-04, 0.38259963765725785, 0.9432314410480352, 0.3644117076952895, 0.6628471597769957, 1.0454773525521144, 0.011012205194090111, 0.0013724638012672426, 0.020459267941818945, 0.011985503248451872
2008-04-04, 0.38259963765725785, 0.9432314410480352, 0.3644117076952895, 0.6628471597769957, 1.0454773525521144, 0.011012205194090111, 0.0013724638012672426, 0.020459267941818945, 0.011985503248451872
2008-04-04, 0.38259963765725785, 0.9432314410480352, 0.3644117076952895, 0.6628471597769957, 1.0454773525521144, 0.011012205194090111, 0.0013724638012672426, 0.020459267941818945, 0.011985503248451872
2008-04-04, 0.38259963765725785, 0.9432314410480352, 0.3644117076952895, 0.6628471597769957, 1.0454773525521144, 0.011012205194090111, 0.0013724638012672426, 0.020459267941818945, 0.011985503248451872
2008-04-04, 0.43755701686244175, 0.9432314410480352, 0.3178910641597206, 0.9495670940061146, 1.2425306755462298, 0.016518307791135174, 0.004117391403801728, 0.019180563695455257, 0.007419597249041629
2008-04-04, 0.43755701686244175, 0.9432314410480352, 0.3178910641597206, 0.9495670940061146, 1.2425306755462298, 0.016518307791135174, 0.004117391403801728, 0.019180563695455257, 0.007419597249041629
2008-04-04, 0.43755701686244175, 0.9432314410480352, 0.3178910641597206, 0.9495670940061146, 1.2425306755462298, 0.016518307791135174, 0.004117391403801728, 0.019180563695455257, 0.007419597249041629
2008-04-04, 0.374385598501472, 0.7755458515283845, 0.3566582671060282, 0.7584204711867022, 1.075582721342882, 0.00825915389556758, 0.0, 0.016623155202727887, 0.003995167749483949
2008-03-05, 0.3192051560411032, 0.2934497816593884, 0.4109323512308588, 0.7738355214140739, 1.0153719837613466, 0.013765256492612657, 0.0027449276025344853, 0.02813149342000106, 0.015409932748009551
2008-03-05, 0.2902482334334681, 0.31441048034934477, 0.40317891064159717, 0.6690131798679446, 0.894950508598276, 0.008259153895567594, 0.0013724638012672426, 0.021098620065000802, 0.00970255024874675
2008-03-05, 0.2902482334334681, 0.31441048034934477, 0.40317891064159717, 0.6690131798679446, 0.894950508598276, 0.008259153895567594, 0.0013724638012672426, 0.021098620065000802, 0.00970255024874675
2008-03-05, 0.2902482334334681, 0.31441048034934477, 0.40317891064159717, 0.6690131798679446, 0.894950508598276, 0.008259153895567594, 0.0013724638012672426, 0.021098620065000802, 0.00970255024874675
2008-03-05, 0.2902482334334681, 0.31441048034934477, 0.40317891064159717, 0.6690131798679446, 0.894950508598276, 0.008259153895567594, 0.0013724638012672426, 0.021098620065000802, 0.00970255024874675
2008-03-05, 0.2902482334334681, 0.31441048034934477, 0.40317891064159717, 0.6690131798679446, 0.894950508598276, 0.008259153895567594, 0.0013724638012672426, 0.021098620065000802, 0.00970255024874675
2008-03-05, 0.2902482334334681, 0.31441048034934477, 0.40317891064159717, 0.6690131798679446, 0.894950508598276, 0.008259153895567594, 0.0013724638012672426, 0.021098620065000802, 0.00970255024874675
2008-03-05, 0.2902482334334681, 0.31441048034934477, 0.40317891064159717, 0.6690131798679446, 0.894950508598276, 0.008259153895567594, 0.0013724638012672426, 0.021098620065000802, 0.00970255024874675
2008-03-05, 0.2902482334334681, 0.31441048034934477, 0.40317891064159717, 0.6690131798679446, 0.894950508598276, 0.008259153895567594, 0.0013724638012672426, 0.021098620065000802, 0.00970255024874675
2008-03-05, 0.2902482334334681, 0.31441048034934477, 0.40317891064159717, 0.6690131798679446, 0.894950508598276, 0.008259153895567594, 0.0013724638012672426, 0.021098620065000802, 0.00970255024874675
2008-03-05, 0.2902482334334681, 0.31441048034934477, 0.40317891064159717, 0.6690131798679446, 0.894950508598276, 0.008259153895567594, 0.0013724638012672426, 0.021098620065000802, 0.00970255024874675
2008-03-05, 0.3777623630557082, 0.5868995633187774, 0.4652064353556891, 0.8478277625054594, 1.0837932764676368, 0.016518307791135174, 0.0013724638012672426, 0.015344450956364216, 0.005136644249336509
2008-03-05, 0.3777623630557082, 0.5868995633187774, 0.4652064353556891, 0.8478277625054594, 1.0837932764676368, 0.016518307791135174, 0.0013724638012672426, 0.015344450956364216, 0.005136644249336509
2008-03-05, 0.3343942933779131, 0.3982532751091702, 0.4264392324093818, 0.7245073606864835, 1.0810564247593852, 0.011012205194090127, 0.0013724638012672426, 0.021098620065000802, 0.011414764998525591
2008-03-05, 0.326696925479913, 0.3772925764192138, 0.48846675712347376, 0.7275903707319583, 0.9797929115540754, 0.008259153895567594, 0.0013724638012672426, 0.021098620065000802, 0.00970255024874675
2008-02-04, 0.18118648709591909, 0.0, 0.4341926729986431, 0.5395267579580196, 0.44336997673676076, 0.008259153895567594, 0.005489855205068971, 0.008950929724545786, 0.00970255024874675
2008-02-04, 0.18118648709591909, 0.0, 0.4341926729986431, 0.5395267579580196, 0.44336997673676076, 0.008259153895567594, 0.005489855205068971, 0.008950929724545786, 0.00970255024874675
2008-02-04, 0.18118648709591909, 0.0, 0.4341926729986431, 0.5395267579580196, 0.44336997673676076, 0.008259153895567594, 0.005489855205068971, 0.008950929724545786, 0.00970255024874675
2008-02-04, 0.18118648709591909, 0.0, 0.4341926729986431, 0.5395267579580196, 0.44336997673676076, 0.008259153895567594, 0.005489855205068971, 0.008950929724545786, 0.00970255024874675
2008-02-04, 0.18118648709591909, 0.0, 0.4341926729986431, 0.5395267579580196, 0.44336997673676076, 0.008259153895567594, 0.005489855205068971, 0.008950929724545786, 0.00970255024874675
2008-02-04, 0.18118648709591909, 0.0, 0.4341926729986431, 0.5395267579580196, 0.44336997673676076, 0.008259153895567594, 0.005489855205068971, 0.008950929724545786, 0.00970255024874675
2008-02-04, 0.18118648709591909, 0.0, 0.4341926729986431, 0.5395267579580196, 0.44336997673676076, 0.008259153895567594, 0.005489855205068971, 0.008950929724545786, 0.00970255024874675
2008-02-04, 0.18118648709591909, 0.0, 0.4341926729986431, 0.5395267579580196, 0.44336997673676076, 0.008259153895567594, 0.005489855205068971, 0.008950929724545786, 0.00970255024874675
2008-02-04, 0.18118648709591909, 0.0, 0.4341926729986431, 0.5395267579580196, 0.44336997673676076, 0.008259153895567594, 0.005489855205068971, 0.008950929724545786, 0.00970255024874675
2008-02-04, 0.18118648709591909, 0.0, 0.4341926729986431, 0.5395267579580196, 0.44336997673676076, 0.008259153895567594, 0.005489855205068971, 0.008950929724545786, 0.00970255024874675
2008-02-04, 0.18118648709591909, 0.0, 0.4341926729986431, 0.5395267579580196, 0.44336997673676076, 0.008259153895567594, 0.005489855205068971, 0.008950929724545786, 0.00970255024874675
2008-02-04, 0.2242493398827754, 0.23056768558951984, 0.3566582671060282, 0.7214243506410088, 0.4461068284450123, 0.013765256492612642, 0.008234782807603456, 0.006393521231818415, 0.01084402674859931
2008-02-04, 0.2242493398827754, 0.23056768558951984, 0.3566582671060282, 0.7214243506410088, 0.4461068284450123, 0.013765256492612642, 0.008234782807603456, 0.006393521231818415, 0.01084402674859931
2008-02-04, 0.2242493398827754, 0.23056768558951984, 0.3566582671060282, 0.7214243506410088, 0.4461068284450123, 0.013765256492612642, 0.008234782807603456, 0.006393521231818415, 0.01084402674859931
2008-02-04, 0.18115791562601907, 0.0838427947598254, 0.34115138592750527, 0.5981039488220333, 0.3886329425717283, 0.011012205194090111, 0.006862319006336213, 0.0076722254781821, 0.011985503248451872
2008-01-05, 0.1489125199187048, 0.1886462882096067, 0.1783291335530141, 0.5765228785037124, 0.21347443324362525, 0.005506102597045048, 0.004117391403801728, 0.012147690340455, 0.01255624149837815
2008-01-05, 0.14133026273422183, 0.20960698689956303, 0.18608257414227578, 0.542609768003494, 0.16694795420334793, 0.005506102597045048, 0.0013724638012672426, 0.0076722254781821, 0.01084402674859931
2008-01-05, 0.14133026273422183, 0.20960698689956303, 0.18608257414227578, 0.542609768003494, 0.16694795420334793, 0.005506102597045048, 0.0013724638012672426, 0.0076722254781821, 0.01084402674859931
2008-01-05, 0.14133026273422183, 0.20960698689956303, 0.18608257414227578, 0.542609768003494, 0.16694795420334793, 0.005506102597045048, 0.0013724638012672426, 0.0076722254781821, 0.01084402674859931
2008-01-05, 0.14133026273422183, 0.20960698689956303, 0.18608257414227578, 0.542609768003494, 0.16694795420334793, 0.005506102597045048, 0.0013724638012672426, 0.0076722254781821, 0.01084402674859931
2008-01-05, 0.14133026273422183, 0.20960698689956303, 0.18608257414227578, 0.542609768003494, 0.16694795420334793, 0.005506102597045048, 0.0013724638012672426, 0.0076722254781821, 0.01084402674859931
2008-01-05, 0.14133026273422183, 0.20960698689956303, 0.18608257414227578, 0.542609768003494, 0.16694795420334793, 0.005506102597045048, 0.0013724638012672426, 0.0076722254781821, 0.01084402674859931
2008-01-05, 0.14133026273422183, 0.20960698689956303, 0.18608257414227578, 0.542609768003494, 0.16694795420334793, 0.005506102597045048, 0.0013724638012672426, 0.0076722254781821, 0.01084402674859931
2008-01-05, 0.14133026273422183, 0.20960698689956303, 0.18608257414227578, 0.542609768003494, 0.16694795420334793, 0.005506102597045048, 0.0013724638012672426, 0.0076722254781821, 0.01084402674859931
2008-01-05, 0.14133026273422183, 0.20960698689956303, 0.18608257414227578, 0.542609768003494, 0.16694795420334793, 0.005506102597045048, 0.0013724638012672426, 0.0076722254781821, 0.01084402674859931
2008-01-05, 0.14133026273422183, 0.20960698689956303, 0.18608257414227578, 0.542609768003494, 0.16694795420334793, 0.005506102597045048, 0.0013724638012672426, 0.0076722254781821, 0.01084402674859931
2008-01-05, 0.173198764888393, 0.0419213973799127, 0.23260321767784473, 0.6967602702772139, 0.3749486840304701, 0.011012205194090111, 0.005489855205068956, 0.010868986094091315, 0.011985503248451872
2008-01-05, 0.173198764888393, 0.0419213973799127, 0.23260321767784473, 0.6967602702772139, 0.3749486840304701, 0.011012205194090111, 0.005489855205068956, 0.010868986094091315, 0.011985503248451872
2008-01-05, 0.11564106518898114, 0.0838427947598254, 0.1705756929637528, 0.47170053695758296, 0.16968480591159948, 0.005506102597045048, 0.0027449276025344853, 0.010229633970909473, 0.01084402674859931
2008-01-05, 0.15700889456423375, 0.02096069868995635, 0.24035665826710603, 0.6320170593222515, 0.33389590840669586, 0.00825915389556758, 0.005489855205068956, 0.0076722254781821, 0.007419597249041642
2007-12-06, 0.19599401695287136, 0.06288209606986905, 0.23260321767784436, 0.4377874264573645, 0.7882132919764634, 0.016518307791135174, 0.008234782807603456, 0.010868986094091315, 0.01084402674859931
2007-12-06, 0.1773802627656923, 0.02096069868995635, 0.20158945532079842, 0.3977082958661974, 0.7498973680609407, 0.016518307791135174, 0.008234782807603456, 0.012147690340455, 0.011985503248451872
2007-12-06, 0.1773802627656923, 0.02096069868995635, 0.20158945532079842, 0.3977082958661974, 0.7498973680609407, 0.016518307791135174, 0.008234782807603456, 0.012147690340455, 0.011985503248451872
2007-12-06, 0.1773802627656923, 0.02096069868995635, 0.20158945532079842, 0.3977082958661974, 0.7498973680609407, 0.016518307791135174, 0.008234782807603456, 0.012147690340455, 0.011985503248451872
2007-12-06, 0.1773802627656923, 0.02096069868995635, 0.20158945532079842, 0.3977082958661974, 0.7498973680609407, 0.016518307791135174, 0.008234782807603456, 0.012147690340455, 0.011985503248451872
2007-12-06, 0.1773802627656923, 0.02096069868995635, 0.20158945532079842, 0.3977082958661974, 0.7498973680609407, 0.016518307791135174, 0.008234782807603456, 0.012147690340455, 0.011985503248451872
2007-12-06, 0.1773802627656923, 0.02096069868995635, 0.20158945532079842, 0.3977082958661974, 0.7498973680609407, 0.016518307791135174, 0.008234782807603456, 0.012147690340455, 0.011985503248451872
2007-12-06, 0.1773802627656923, 0.02096069868995635, 0.20158945532079842, 0.3977082958661974, 0.7498973680609407, 0.016518307791135174, 0.008234782807603456, 0.012147690340455, 0.011985503248451872
2007-12-06, 0.1773802627656923, 0.02096069868995635, 0.20158945532079842, 0.3977082958661974, 0.7498973680609407, 0.016518307791135174, 0.008234782807603456, 0.012147690340455, 0.011985503248451872
2007-12-06, 0.1773802627656923, 0.02096069868995635, 0.20158945532079842, 0.3977082958661974, 0.7498973680609407, 0.016518307791135174, 0.008234782807603456, 0.012147690340455, 0.011985503248451872
2007-12-06, 0.1773802627656923, 0.02096069868995635, 0.20158945532079842, 0.3977082958661974, 0.7498973680609407, 0.016518307791135174, 0.008234782807603456, 0.012147690340455, 0.011985503248451872
2007-12-06, 0.24619710640948686, 0.20960698689956325, 0.20158945532079842, 0.5981039488220333, 0.9277927290972953, 0.019271359089657707, 0.008234782807603456, 0.0038361127390910575, 0.0011414764998525604
2007-12-06, 0.24619710640948686, 0.20960698689956325, 0.20158945532079842, 0.5981039488220333, 0.9277927290972953, 0.019271359089657707, 0.008234782807603456, 0.0038361127390910575, 0.0011414764998525604
2007-12-06, 0.15518532712690658, 0.0, 0.18608257414227544, 0.3422141150476583, 0.6732655202298958, 0.013765256492612642, 0.006862319006336213, 0.009590281847727629, 0.00970255024874675
2007-12-06, 0.23346789378004892, 0.16768558951965057, 0.2713704206241517, 0.527194717776122, 0.8593714363910051, 0.019271359089657707, 0.009607246608870683, 0.006393521231818415, 0.00684885899911535
2007-11-06, 0.13599612139251072, 0.12576419213973786, 0.1783291335530141, 0.20347866300131032, 0.5364229348173152, 0.013765256492612642, 0.0013724638012672426, 0.013426394586818687, 0.015409932748009551
2007-11-06, 0.12944813887699805, 0.16768558951965057, 0.16282225237449113, 0.13873545204634796, 0.5282123796925603, 0.013765256492612642, 0.0013724638012672426, 0.012147690340455, 0.01084402674859931
2007-11-06, 0.12944813887699805, 0.16768558951965057, 0.16282225237449113, 0.13873545204634796, 0.5282123796925603, 0.013765256492612642, 0.0013724638012672426, 0.012147690340455, 0.01084402674859931
2007-11-06, 0.12944813887699805, 0.16768558951965057, 0.16282225237449113, 0.13873545204634796, 0.5282123796925603, 0.013765256492612642, 0.0013724638012672426, 0.012147690340455, 0.01084402674859931
2007-11-06, 0.12944813887699805, 0.16768558951965057, 0.16282225237449113, 0.13873545204634796, 0.5282123796925603, 0.013765256492612642, 0.0013724638012672426, 0.012147690340455, 0.01084402674859931
2007-11-06, 0.12944813887699805, 0.16768558951965057, 0.16282225237449113, 0.13873545204634796, 0.5282123796925603, 0.013765256492612642, 0.0013724638012672426, 0.012147690340455, 0.01084402674859931
2007-11-06, 0.12944813887699805, 0.16768558951965057, 0.16282225237449113, 0.13873545204634796, 0.5282123796925603, 0.013765256492612642, 0.0013724638012672426, 0.012147690340455, 0.01084402674859931
2007-11-06, 0.12944813887699805, 0.16768558951965057, 0.16282225237449113, 0.13873545204634796, 0.5282123796925603, 0.013765256492612642, 0.0013724638012672426, 0.012147690340455, 0.01084402674859931
2007-11-06, 0.12944813887699805, 0.16768558951965057, 0.16282225237449113, 0.13873545204634796, 0.5282123796925603, 0.013765256492612642, 0.0013724638012672426, 0.012147690340455, 0.01084402674859931
2007-11-06, 0.12944813887699805, 0.16768558951965057, 0.16282225237449113, 0.13873545204634796, 0.5282123796925603, 0.013765256492612642, 0.0013724638012672426, 0.012147690340455, 0.01084402674859931
2007-11-06, 0.12944813887699805, 0.16768558951965057, 0.16282225237449113, 0.13873545204634796, 0.5282123796925603, 0.013765256492612642, 0.0013724638012672426, 0.012147690340455, 0.01084402674859931
2007-11-06, 0.17171370046467876, 0.06288209606986905, 0.18608257414227544, 0.38537625568429973, 0.6978971856041603, 0.019271359089657707, 0.004117391403801713, 0.008950929724545786, 0.009131811998820471
2007-11-06, 0.17171370046467876, 0.06288209606986905, 0.18608257414227544, 0.38537625568429973, 0.6978971856041603, 0.019271359089657707, 0.004117391403801713, 0.008950929724545786, 0.009131811998820471
2007-11-06, 0.16447086528221286, 0.020960698689956116, 0.16282225237449113, 0.34838013513860694, 0.7307394061031793, 0.019271359089657707, 0.004117391403801713, 0.01406574671000053, 0.015409932748009551
2007-11-06, 0.11768542438276001, 0.10480349344978152, 0.12405504942818385, 0.14798448218277124, 0.5200018245678054, 0.013765256492612642, 0.0027449276025344853, 0.012147690340455, 0.015980670997935834
2007-10-07, 0.13284742722834542, 0.23056768558951962, 0.20934289591006008, 0.1541505022737199, 0.43515942161200566, 0.011012205194090127, 0.006862319006336213, 0.0025574084927273573, 0.013126979748304431
2007-10-07, 0.11701086249258591, 0.2724890829694323, 0.13180849001744516, 0.06166020090948802, 0.4461068284450121, 0.008259153895567594, 0.005489855205068971, 0.0, 0.01027328849867303
2007-10-07, 0.11701086249258591, 0.2724890829694323, 0.13180849001744516, 0.06166020090948802, 0.4461068284450121, 0.008259153895567594, 0.005489855205068971, 0.0, 0.01027328849867303
2007-10-07, 0.11701086249258591, 0.2724890829694323, 0.13180849001744516, 0.06166020090948802, 0.4461068284450121, 0.008259153895567594, 0.005489855205068971, 0.0, 0.01027328849867303
2007-10-07, 0.11701086249258591, 0.2724890829694323, 0.13180849001744516, 0.06166020090948802, 0.4461068284450121, 0.008259153895567594, 0.005489855205068971, 0.0, 0.01027328849867303
2007-10-07, 0.11701086249258591, 0.2724890829694323, 0.13180849001744516, 0.06166020090948802, 0.4461068284450121, 0.008259153895567594, 0.005489855205068971, 0.0, 0.01027328849867303
2007-10-07, 0.11701086249258591, 0.2724890829694323, 0.13180849001744516, 0.06166020090948802, 0.4461068284450121, 0.008259153895567594, 0.005489855205068971, 0.0, 0.01027328849867303
2007-10-07, 0.11701086249258591, 0.2724890829694323, 0.13180849001744516, 0.06166020090948802, 0.4461068284450121, 0.008259153895567594, 0.005489855205068971, 0.0, 0.01027328849867303
2007-10-07, 0.11701086249258591, 0.2724890829694323, 0.13180849001744516, 0.06166020090948802, 0.4461068284450121, 0.008259153895567594, 0.005489855205068971, 0.0, 0.01027328849867303
2007-10-07, 0.11701086249258591, 0.2724890829694323, 0.13180849001744516, 0.06166020090948802, 0.4461068284450121, 0.008259153895567594, 0.005489855205068971, 0.0, 0.01027328849867303
2007-10-07, 0.11701086249258591, 0.2724890829694323, 0.13180849001744516, 0.06166020090948802, 0.4461068284450121, 0.008259153895567594, 0.005489855205068971, 0.0, 0.01027328849867303
2007-10-07, 0.15751432751987204, 0.16768558951965057, 0.18608257414227544, 0.2774709040926959, 0.585686265565844, 0.013765256492612657, 0.009607246608870698, 0.003836112739091043, 0.01598067099793582
2007-10-07, 0.15751432751987204, 0.16768558951965057, 0.18608257414227544, 0.2774709040926959, 0.585686265565844, 0.013765256492612657, 0.009607246608870698, 0.003836112739091043, 0.01598067099793582
2007-10-07, 0.1250273438304672, 0.25152838427947594, 0.1783291335530141, 0.0955733114097065, 0.44063312502850877, 0.011012205194090127, 0.008234782807603456, 0.0006393521231818429, 0.014268456248156992
2007-10-07, 0.11924770627869259, 0.2934497816593887, 0.19383601473153708, 0.049328160727590414, 0.38589609086347654, 0.013765256492612657, 0.006862319006336213, 0.0, 0.01084402674859931
2007-09-07, 0.09790402563759451, 0.12576419213973786, 0.046520643535568944, 0.12948642190992468, 0.45431738356976675, 0.011012205194090127, 0.006862319006336213, 0.0012787042463636858, 0.007990335498967922
2007-09-07, 0.09790402563759451, 0.12576419213973786, 0.046520643535568944, 0.12948642190992468, 0.45431738356976675, 0.011012205194090127, 0.006862319006336213, 0.0012787042463636858, 0.007990335498967922
2007-09-07, 0.09790402563759451, 0.12576419213973786, 0.046520643535568944, 0.12948642190992468, 0.45431738356976675, 0.011012205194090127, 0.006862319006336213, 0.0012787042463636858, 0.007990335498967922
2007-09-07, 0.09790402563759451, 0.12576419213973786, 0.046520643535568944, 0.12948642190992468, 0.45431738356976675, 0.011012205194090127, 0.006862319006336213, 0.0012787042463636858, 0.007990335498967922
2007-09-07, 0.09790402563759451, 0.12576419213973786, 0.046520643535568944, 0.12948642190992468, 0.45431738356976675, 0.011012205194090127, 0.006862319006336213, 0.0012787042463636858, 0.007990335498967922
2007-09-07, 0.09790402563759451, 0.12576419213973786, 0.046520643535568944, 0.12948642190992468, 0.45431738356976675, 0.011012205194090127, 0.006862319006336213, 0.0012787042463636858, 0.007990335498967922
2007-09-07, 0.09790402563759451, 0.12576419213973786, 0.046520643535568944, 0.12948642190992468, 0.45431738356976675, 0.011012205194090127, 0.006862319006336213, 0.0012787042463636858, 0.007990335498967922
2007-09-07, 0.09790402563759451, 0.12576419213973786, 0.046520643535568944, 0.12948642190992468, 0.45431738356976675, 0.011012205194090127, 0.006862319006336213, 0.0012787042463636858, 0.007990335498967922
2007-09-07, 0.09790402563759451, 0.12576419213973786, 0.046520643535568944, 0.12948642190992468, 0.45431738356976675, 0.011012205194090127, 0.006862319006336213, 0.0012787042463636858, 0.007990335498967922
2007-09-07, 0.09790402563759451, 0.12576419213973786, 0.046520643535568944, 0.12948642190992468, 0.45431738356976675, 0.011012205194090127, 0.006862319006336213, 0.0012787042463636858, 0.007990335498967922
2007-09-07, 0.09790402563759451, 0.12576419213973786, 0.046520643535568944, 0.12948642190992468, 0.45431738356976675, 0.011012205194090127, 0.006862319006336213, 0.0012787042463636858, 0.007990335498967922
2007-09-07, 0.1192338056627025, 0.06288209606986905, 0.10079472766039956, 0.2281427433651055, 0.5200018245678054, 0.019271359089657707, 0.008234782807603456, 0.0025574084927273573, 0.011985503248451884
2007-09-07, 0.1192338056627025, 0.06288209606986905, 0.10079472766039956, 0.2281427433651055, 0.5200018245678054, 0.019271359089657707, 0.008234782807603456, 0.0025574084927273573, 0.011985503248451884
2007-09-07, 0.1192338056627025, 0.06288209606986905, 0.10079472766039956, 0.2281427433651055, 0.5200018245678054, 0.019271359089657707, 0.008234782807603456, 0.0025574084927273573, 0.011985503248451884
2007-09-07, 0.09907115355207226, 0.06288209606986905, 0.062027524714091925, 0.12640341186445037, 0.5008438626100443, 0.016518307791135174, 0.006862319006336213, 0.004475464862272886, 0.012556241498378164
2007-08-08, 0.05869891291625603, 0.0838427947598254, 0.09304128707113772, 0.024664080363795207, 0.2271586917848835, 0.016518307791135174, 0.015097101813939653, 0.0012787042463636858, 0.007990335498967922
2007-08-08, 0.05869891291625603, 0.0838427947598254, 0.09304128707113772, 0.024664080363795207, 0.2271586917848835, 0.016518307791135174, 0.015097101813939653, 0.0012787042463636858, 0.007990335498967922
2007-08-08, 0.05869891291625603, 0.0838427947598254, 0.09304128707113772, 0.024664080363795207, 0.2271586917848835, 0.016518307791135174, 0.015097101813939653, 0.0012787042463636858, 0.007990335498967922
2007-08-08, 0.05869891291625603, 0.0838427947598254, 0.09304128707113772, 0.024664080363795207, 0.2271586917848835, 0.016518307791135174, 0.015097101813939653, 0.0012787042463636858, 0.007990335498967922
2007-08-08, 0.05869891291625603, 0.0838427947598254, 0.09304128707113772, 0.024664080363795207, 0.2271586917848835, 0.016518307791135174, 0.015097101813939653, 0.0012787042463636858, 0.007990335498967922
2007-08-08, 0.05869891291625603, 0.0838427947598254, 0.09304128707113772, 0.024664080363795207, 0.2271586917848835, 0.016518307791135174, 0.015097101813939653, 0.0012787042463636858, 0.007990335498967922
2007-08-08, 0.05869891291625603, 0.0838427947598254, 0.09304128707113772, 0.024664080363795207, 0.2271586917848835, 0.016518307791135174, 0.015097101813939653, 0.0012787042463636858, 0.007990335498967922
2007-08-08, 0.05869891291625603, 0.0838427947598254, 0.09304128707113772, 0.024664080363795207, 0.2271586917848835, 0.016518307791135174, 0.015097101813939653, 0.0012787042463636858, 0.007990335498967922
2007-08-08, 0.05869891291625603, 0.0838427947598254, 0.09304128707113772, 0.024664080363795207, 0.2271586917848835, 0.016518307791135174, 0.015097101813939653, 0.0012787042463636858, 0.007990335498967922
2007-08-08, 0.05869891291625603, 0.0838427947598254, 0.09304128707113772, 0.024664080363795207, 0.2271586917848835, 0.016518307791135174, 0.015097101813939653, 0.0012787042463636858, 0.007990335498967922
2007-08-08, 0.05869891291625603, 0.0838427947598254, 0.09304128707113772, 0.024664080363795207, 0.2271586917848835, 0.016518307791135174, 0.015097101813939653, 0.0012787042463636858, 0.007990335498967922
2007-08-08, 0.11498889335384485, 0.06288209606986905, 0.1240550494281835, 0.26513886391079833, 0.41600145965424434, 0.019271359089657707, 0.015097101813939653, 0.0031967606159092003, 0.014268456248156992
2007-08-08, 0.11498889335384485, 0.06288209606986905, 0.1240550494281835, 0.26513886391079833, 0.41600145965424434, 0.019271359089657707, 0.015097101813939653, 0.0031967606159092003, 0.014268456248156992
2007-08-08, 0.11498889335384485, 0.06288209606986905, 0.1240550494281835, 0.26513886391079833, 0.41600145965424434, 0.019271359089657707, 0.015097101813939653, 0.0031967606159092003, 0.014268456248156992
2007-08-08, 0.08379174517679963, 0.0838427947598254, 0.06978096530335325, 0.10173933150065516, 0.37221183232221877, 0.016518307791135174, 0.016469565615206898, 0.0006393521231818429, 0.009131811998820483
2007-07-09, 0.08758224867963925, 0.04192139737991247, 0.023260321767784472, 0.18189759268298944, 0.4269488664872508, 0.00825915389556758, 0.006862319006336213, 0.011508338217273158, 0.0
2007-07-09, 0.08758224867963925, 0.04192139737991247, 0.023260321767784472, 0.18189759268298944, 0.4269488664872508, 0.00825915389556758, 0.006862319006336213, 0.011508338217273158, 0.0
2007-07-09, 0.08758224867963925, 0.04192139737991247, 0.023260321767784472, 0.18189759268298944, 0.4269488664872508, 0.00825915389556758, 0.006862319006336213, 0.011508338217273158, 0.0
2007-07-09, 0.08758224867963925, 0.04192139737991247, 0.023260321767784472, 0.18189759268298944, 0.4269488664872508, 0.00825915389556758, 0.006862319006336213, 0.011508338217273158, 0.0
2007-07-09, 0.08758224867963925, 0.04192139737991247, 0.023260321767784472, 0.18189759268298944, 0.4269488664872508, 0.00825915389556758, 0.006862319006336213, 0.011508338217273158, 0.0
2007-07-09, 0.08758224867963925, 0.04192139737991247, 0.023260321767784472, 0.18189759268298944, 0.4269488664872508, 0.00825915389556758, 0.006862319006336213, 0.011508338217273158, 0.0
2007-07-09, 0.08758224867963925, 0.04192139737991247, 0.023260321767784472, 0.18189759268298944, 0.4269488664872508, 0.00825915389556758, 0.006862319006336213, 0.011508338217273158, 0.0
2007-07-09, 0.08758224867963925, 0.04192139737991247, 0.023260321767784472, 0.18189759268298944, 0.4269488664872508, 0.00825915389556758, 0.006862319006336213, 0.011508338217273158, 0.0
2007-07-09, 0.08758224867963925, 0.04192139737991247, 0.023260321767784472, 0.18189759268298944, 0.4269488664872508, 0.00825915389556758, 0.006862319006336213, 0.011508338217273158, 0.0
2007-07-09, 0.08758224867963925, 0.04192139737991247, 0.023260321767784472, 0.18189759268298944, 0.4269488664872508, 0.00825915389556758, 0.006862319006336213, 0.011508338217273158, 0.0
2007-07-09, 0.08758224867963925, 0.04192139737991247, 0.023260321767784472, 0.18189759268298944, 0.4269488664872508, 0.00825915389556758, 0.006862319006336213, 0.011508338217273158, 0.0
2007-07-09, 0.17109788922145952, 0.18864628820960713, 0.07753440589261473, 0.43470441641189017, 0.6267390411896183, 0.013765256492612642, 0.009607246608870698, 0.011508338217273158, 0.006278120749189069
2007-07-09, 0.17109788922145952, 0.18864628820960713, 0.07753440589261473, 0.43470441641189017, 0.6267390411896183, 0.013765256492612642, 0.009607246608870698, 0.011508338217273158, 0.006278120749189069
2007-07-09, 0.17109788922145952, 0.18864628820960713, 0.07753440589261473, 0.43470441641189017, 0.6267390411896183, 0.013765256492612642, 0.009607246608870698, 0.011508338217273158, 0.006278120749189069
2007-07-09, 0.10206174329727953, 0.04192139737991247, 0.031013762357045963, 0.25280682372890073, 0.4433699767367603, 0.011012205194090111, 0.010979710410137926, 0.01854121157227343, 0.006848858999115362
2007-06-09, 0.07665056817294509, 0.0, 0.015506881178522981, 0.2158107031832079, 0.3448433152397026, 0.00825915389556758, 0.008234782807603456, 0.01598380307954606, 0.0045659059994102415
2007-06-09, 0.07665056817294509, 0.0, 0.015506881178522981, 0.2158107031832079, 0.3448433152397026, 0.00825915389556758, 0.008234782807603456, 0.01598380307954606, 0.0045659059994102415
2007-06-09, 0.07665056817294509, 0.0, 0.015506881178522981, 0.2158107031832079, 0.3448433152397026, 0.00825915389556758, 0.008234782807603456, 0.01598380307954606, 0.0045659059994102415
2007-06-09, 0.07665056817294509, 0.0, 0.015506881178522981, 0.2158107031832079, 0.3448433152397026, 0.00825915389556758, 0.008234782807603456, 0.01598380307954606, 0.0045659059994102415
2007-06-09, 0.07665056817294509, 0.0, 0.015506881178522981, 0.2158107031832079, 0.3448433152397026, 0.00825915389556758, 0.008234782807603456, 0.01598380307954606, 0.0045659059994102415
2007-06-09, 0.07665056817294509, 0.0, 0.015506881178522981, 0.2158107031832079, 0.3448433152397026, 0.00825915389556758, 0.008234782807603456, 0.01598380307954606, 0.0045659059994102415
2007-06-09, 0.07665056817294509, 0.0, 0.015506881178522981, 0.2158107031832079, 0.3448433152397026, 0.00825915389556758, 0.008234782807603456, 0.01598380307954606, 0.0045659059994102415
2007-06-09, 0.07665056817294509, 0.0, 0.015506881178522981, 0.2158107031832079, 0.3448433152397026, 0.00825915389556758, 0.008234782807603456, 0.01598380307954606, 0.0045659059994102415
2007-06-09, 0.07665056817294509, 0.0, 0.015506881178522981, 0.2158107031832079, 0.3448433152397026, 0.00825915389556758, 0.008234782807603456, 0.01598380307954606, 0.0045659059994102415
2007-06-09, 0.07665056817294509, 0.0, 0.015506881178522981, 0.2158107031832079, 0.3448433152397026, 0.00825915389556758, 0.008234782807603456, 0.01598380307954606, 0.0045659059994102415
2007-06-09, 0.07665056817294509, 0.0, 0.015506881178522981, 0.2158107031832079, 0.3448433152397026, 0.00825915389556758, 0.008234782807603456, 0.01598380307954606, 0.0045659059994102415
2007-06-09, 0.12947503402219784, 0.12576419213973786, 0.015506881178522981, 0.3668781954114535, 0.4981070109017925, 0.005506102597045063, 0.009607246608870698, 0.012147690340455, 0.0022829529997051208
2007-06-09, 0.12947503402219784, 0.12576419213973786, 0.015506881178522981, 0.3668781954114535, 0.4981070109017925, 0.005506102597045063, 0.009607246608870698, 0.012147690340455, 0.0022829529997051208
2007-06-09, 0.12947503402219784, 0.12576419213973786, 0.015506881178522981, 0.3668781954114535, 0.4981070109017925, 0.005506102597045063, 0.009607246608870698, 0.012147690340455, 0.0022829529997051208
2007-06-09, 0.10453654865187535, 0.0838427947598254, 0.03101376235704579, 0.2743878940472216, 0.4242120147789992, 0.0027530512985225316, 0.006862319006336213, 0.011508338217273158, 0.0017122147497788405
2007-05-10, 0.14890139082502382, 0.2724890829694323, 0.06978096530335325, 0.25897284381984936, 0.5665283036080827, 0.005506102597045063, 0.005489855205068971, 0.009590281847727629, 0.002853691249631401
2007-05-10, 0.14890139082502382, 0.2724890829694323, 0.06978096530335325, 0.25897284381984936, 0.5665283036080827, 0.005506102597045063, 0.005489855205068971, 0.009590281847727629, 0.002853691249631401
2007-05-10, 0.14890139082502382, 0.2724890829694323, 0.06978096530335325, 0.25897284381984936, 0.5665283036080827, 0.005506102597045063, 0.005489855205068971, 0.009590281847727629, 0.002853691249631401
2007-05-10, 0.14890139082502382, 0.2724890829694323, 0.06978096530335325, 0.25897284381984936, 0.5665283036080827, 0.005506102597045063, 0.005489855205068971, 0.009590281847727629, 0.002853691249631401
2007-05-10, 0.14890139082502382, 0.2724890829694323, 0.06978096530335325, 0.25897284381984936, 0.5665283036080827, 0.005506102597045063, 0.005489855205068971, 0.009590281847727629, 0.002853691249631401
2007-05-10, 0.14890139082502382, 0.2724890829694323, 0.06978096530335325, 0.25897284381984936, 0.5665283036080827, 0.005506102597045063, 0.005489855205068971, 0.009590281847727629, 0.002853691249631401
2007-05-10, 0.14890139082502382, 0.2724890829694323, 0.06978096530335325, 0.25897284381984936, 0.5665283036080827, 0.005506102597045063, 0.005489855205068971, 0.009590281847727629, 0.002853691249631401
2007-05-10, 0.14890139082502382, 0.2724890829694323, 0.06978096530335325, 0.25897284381984936, 0.5665283036080827, 0.005506102597045063, 0.005489855205068971, 0.009590281847727629, 0.002853691249631401
2007-05-10, 0.14890139082502382, 0.2724890829694323, 0.06978096530335325, 0.25897284381984936, 0.5665283036080827, 0.005506102597045063, 0.005489855205068971, 0.009590281847727629, 0.002853691249631401
2007-05-10, 0.14890139082502382, 0.2724890829694323, 0.06978096530335325, 0.25897284381984936, 0.5665283036080827, 0.005506102597045063, 0.005489855205068971, 0.009590281847727629, 0.002853691249631401
2007-05-10, 0.14890139082502382, 0.2724890829694323, 0.06978096530335325, 0.25897284381984936, 0.5665283036080827, 0.005506102597045063, 0.005489855205068971, 0.009590281847727629, 0.002853691249631401
2007-05-10, 0.19950970758452294, 0.4401746724890829, 0.007753440589261319, 0.44395344654831315, 0.6705286685216438, 0.013765256492612657, 0.008234782807603456, 0.007672225478182115, 0.003995167749483949
2007-05-10, 0.19950970758452294, 0.4401746724890829, 0.007753440589261319, 0.44395344654831315, 0.6705286685216438, 0.013765256492612657, 0.008234782807603456, 0.007672225478182115, 0.003995167749483949
2007-05-10, 0.19950970758452294, 0.4401746724890829, 0.007753440589261319, 0.44395344654831315, 0.6705286685216438, 0.013765256492612657, 0.008234782807603456, 0.007672225478182115, 0.003995167749483949
2007-05-10, 0.15523084329866013, 0.33537117903930136, 0.031013762357045963, 0.32988207486576065, 0.5145281211513023, 0.011012205194090127, 0.008234782807603456, 0.008950929724545786, 0.002853691249631401
2007-04-10, 0.14217210535606328, 0.06288209606986905, 0.10079472766039921, 0.38537625568429973, 0.5610546001915796, 0.008259153895567594, 0.006862319006336213, 0.012147690340455, 0.0
2007-04-10, 0.14217210535606328, 0.06288209606986905, 0.10079472766039921, 0.38537625568429973, 0.5610546001915796, 0.008259153895567594, 0.006862319006336213, 0.012147690340455, 0.0
2007-04-10, 0.14217210535606328, 0.06288209606986905, 0.10079472766039921, 0.38537625568429973, 0.5610546001915796, 0.008259153895567594, 0.006862319006336213, 0.012147690340455, 0.0
2007-04-10, 0.14217210535606328, 0.06288209606986905, 0.10079472766039921, 0.38537625568429973, 0.5610546001915796, 0.008259153895567594, 0.006862319006336213, 0.012147690340455, 0.0
2007-04-10, 0.14217210535606328, 0.06288209606986905, 0.10079472766039921, 0.38537625568429973, 0.5610546001915796, 0.008259153895567594, 0.006862319006336213, 0.012147690340455, 0.0
2007-04-10, 0.14217210535606328, 0.06288209606986905, 0.10079472766039921, 0.38537625568429973, 0.5610546001915796, 0.008259153895567594, 0.006862319006336213, 0.012147690340455, 0.0
2007-04-10, 0.14217210535606328, 0.06288209606986905, 0.10079472766039921, 0.38537625568429973, 0.5610546001915796, 0.008259153895567594, 0.006862319006336213, 0.012147690340455, 0.0
2007-04-10, 0.14217210535606328, 0.06288209606986905, 0.10079472766039921, 0.38537625568429973, 0.5610546001915796, 0.008259153895567594, 0.006862319006336213, 0.012147690340455, 0.0
2007-04-10, 0.14217210535606328, 0.06288209606986905, 0.10079472766039921, 0.38537625568429973, 0.5610546001915796, 0.008259153895567594, 0.006862319006336213, 0.012147690340455, 0.0
2007-04-10, 0.14217210535606328, 0.06288209606986905, 0.10079472766039921, 0.38537625568429973, 0.5610546001915796, 0.008259153895567594, 0.006862319006336213, 0.012147690340455, 0.0
2007-04-10, 0.14217210535606328, 0.06288209606986905, 0.10079472766039921, 0.38537625568429973, 0.5610546001915796, 0.008259153895567594, 0.006862319006336213, 0.012147690340455, 0.0
2007-04-10, 0.23101624135914103, 0.314410480349345, 0.007753440589261319, 0.6135189990494053, 0.8840031017652693, 0.011012205194090127, 0.005489855205068971, 0.010229633970909473, 0.0017122147497788405
2007-04-10, 0.23101624135914103, 0.314410480349345, 0.007753440589261319, 0.6135189990494053, 0.8840031017652693, 0.011012205194090127, 0.005489855205068971, 0.010229633970909473, 0.0017122147497788405
2007-04-10, 0.23101624135914103, 0.314410480349345, 0.007753440589261319, 0.6135189990494053, 0.8840031017652693, 0.011012205194090127, 0.005489855205068971, 0.010229633970909473, 0.0017122147497788405
2007-04-10, 0.1739876205176197, 0.20960698689956325, 0.0775344058926149, 0.41312334609356927, 0.6760023719381472, 0.0027530512985225316, 0.0013724638012672426, 0.011508338217273158, 0.0
2007-03-11, 0.17045816713233822, 0.27248908296943253, 0.0232603217677843, 0.3144670246383887, 0.7280025543949278, 0.011012205194090127, 0.0027449276025344853, 0.0025574084927273717, 0.009131811998820471
2007-03-11, 0.17045816713233822, 0.27248908296943253, 0.0232603217677843, 0.3144670246383887, 0.7280025543949278, 0.011012205194090127, 0.0027449276025344853, 0.0025574084927273717, 0.009131811998820471
2007-03-11, 0.17045816713233822, 0.27248908296943253, 0.0232603217677843, 0.3144670246383887, 0.7280025543949278, 0.011012205194090127, 0.0027449276025344853, 0.0025574084927273717, 0.009131811998820471
2007-03-11, 0.17045816713233822, 0.27248908296943253, 0.0232603217677843, 0.3144670246383887, 0.7280025543949278, 0.011012205194090127, 0.0027449276025344853, 0.0025574084927273717, 0.009131811998820471
2007-03-11, 0.17045816713233822, 0.27248908296943253, 0.0232603217677843, 0.3144670246383887, 0.7280025543949278, 0.011012205194090127, 0.0027449276025344853, 0.0025574084927273717, 0.009131811998820471
2007-03-11, 0.17045816713233822, 0.27248908296943253, 0.0232603217677843, 0.3144670246383887, 0.7280025543949278, 0.011012205194090127, 0.0027449276025344853, 0.0025574084927273717, 0.009131811998820471
2007-03-11, 0.17045816713233822, 0.27248908296943253, 0.0232603217677843, 0.3144670246383887, 0.7280025543949278, 0.011012205194090127, 0.0027449276025344853, 0.0025574084927273717, 0.009131811998820471
2007-03-11, 0.17045816713233822, 0.27248908296943253, 0.0232603217677843, 0.3144670246383887, 0.7280025543949278, 0.011012205194090127, 0.0027449276025344853, 0.0025574084927273717, 0.009131811998820471
2007-03-11, 0.17045816713233822, 0.27248908296943253, 0.0232603217677843, 0.3144670246383887, 0.7280025543949278, 0.011012205194090127, 0.0027449276025344853, 0.0025574084927273717, 0.009131811998820471
2007-03-11, 0.17045816713233822, 0.27248908296943253, 0.0232603217677843, 0.3144670246383887, 0.7280025543949278, 0.011012205194090127, 0.0027449276025344853, 0.0025574084927273717, 0.009131811998820471
2007-03-11, 0.17045816713233822, 0.27248908296943253, 0.0232603217677843, 0.3144670246383887, 0.7280025543949278, 0.011012205194090127, 0.0027449276025344853, 0.0025574084927273717, 0.009131811998820471
2007-03-11, 0.22504402913052368, 0.3982532751091704, 0.007753440589261662, 0.5241117077306477, 0.8374766227249922, 0.011012205194090127, 0.005489855205068971, 0.0025574084927273717, 0.013697717998230712
2007-03-11, 0.22504402913052368, 0.3982532751091704, 0.007753440589261662, 0.5241117077306477, 0.8374766227249922, 0.011012205194090127, 0.005489855205068971, 0.0025574084927273717, 0.013697717998230712
2007-03-11, 0.22504402913052368, 0.3982532751091704, 0.007753440589261662, 0.5241117077306477, 0.8374766227249922, 0.011012205194090127, 0.005489855205068971, 0.0025574084927273717, 0.013697717998230712
2007-03-11, 0.1893907868018035, 0.33537117903930136, 0.0, 0.4254553862754669, 0.7307394061031793, 0.008259153895567594, 0.0027449276025344853, 0.0, 0.01255624149837815
2007-02-09, 0.19305692039454092, 0.3982532751091702, 0.007753440589261662, 0.3792102355933508, 0.7307394061031796, 0.013765256492612657, 0.004117391403801728, 0.0031967606159092003, 0.007419597249041642
2007-02-09, 0.19305692039454092, 0.3982532751091702, 0.007753440589261662, 0.3792102355933508, 0.7307394061031796, 0.013765256492612657, 0.004117391403801728, 0.0031967606159092003, 0.007419597249041642
2007-02-09, 0.19305692039454092, 0.3982532751091702, 0.007753440589261662, 0.3792102355933508, 0.7307394061031796, 0.013765256492612657, 0.004117391403801728, 0.0031967606159092003, 0.007419597249041642
2007-02-09, 0.19305692039454092, 0.3982532751091702, 0.007753440589261662, 0.3792102355933508, 0.7307394061031796, 0.013765256492612657, 0.004117391403801728, 0.0031967606159092003, 0.007419597249041642
2007-02-09, 0.19305692039454092, 0.3982532751091702, 0.007753440589261662, 0.3792102355933508, 0.7307394061031796, 0.013765256492612657, 0.004117391403801728, 0.0031967606159092003, 0.007419597249041642
2007-02-09, 0.19305692039454092, 0.3982532751091702, 0.007753440589261662, 0.3792102355933508, 0.7307394061031796, 0.013765256492612657, 0.004117391403801728, 0.0031967606159092003, 0.007419597249041642
2007-02-09, 0.19305692039454092, 0.3982532751091702, 0.007753440589261662, 0.3792102355933508, 0.7307394061031796, 0.013765256492612657, 0.004117391403801728, 0.0031967606159092003, 0.007419597249041642
2007-02-09, 0.19305692039454092, 0.3982532751091702, 0.007753440589261662, 0.3792102355933508, 0.7307394061031796, 0.013765256492612657, 0.004117391403801728, 0.0031967606159092003, 0.007419597249041642
2007-02-09, 0.19305692039454092, 0.3982532751091702, 0.007753440589261662, 0.3792102355933508, 0.7307394061031796, 0.013765256492612657, 0.004117391403801728, 0.0031967606159092003, 0.007419597249041642
2007-02-09, 0.19305692039454092, 0.3982532751091702, 0.007753440589261662, 0.3792102355933508, 0.7307394061031796, 0.013765256492612657, 0.004117391403801728, 0.0031967606159092003, 0.007419597249041642
2007-02-09, 0.19305692039454092, 0.3982532751091702, 0.007753440589261662, 0.3792102355933508, 0.7307394061031796, 0.013765256492612657, 0.004117391403801728, 0.0031967606159092003, 0.007419597249041642
2007-02-09, 0.2609827553198248, 0.5240174672489081, 0.031013762357045963, 0.5765228785037124, 0.9250558773890437, 0.016518307791135174, 0.004117391403801728, 0.0031967606159092003, 0.007419597249041642
2007-02-09, 0.2609827553198248, 0.5240174672489081, 0.031013762357045963, 0.5765228785037124, 0.9250558773890437, 0.016518307791135174, 0.004117391403801728, 0.0031967606159092003, 0.007419597249041642
2007-02-09, 0.2609827553198248, 0.5240174672489081, 0.031013762357045963, 0.5765228785037124, 0.9250558773890437, 0.016518307791135174, 0.004117391403801728, 0.0031967606159092003, 0.007419597249041642
2007-02-09, 0.2204333921567452, 0.5659388646288207, 0.046520643535568944, 0.3792102355933508, 0.741686812936186, 0.016518307791135174, 0.004117391403801728, 0.0031967606159092003, 0.006278120749189082
2007-01-10, 0.20430921712070982, 0.4401746724890829, 0.06202752471409158, 0.3792102355933511, 0.7252657026866762, 0.019271359089657707, 0.004117391403801728, 0.003836112739091043, 0.0005707382499262802
2007-01-10, 0.20430921712070982, 0.4401746724890829, 0.06202752471409158, 0.3792102355933511, 0.7252657026866762, 0.019271359089657707, 0.004117391403801728, 0.003836112739091043, 0.0005707382499262802
2007-01-10, 0.20430921712070982, 0.4401746724890829, 0.06202752471409158, 0.3792102355933511, 0.7252657026866762, 0.019271359089657707, 0.004117391403801728, 0.003836112739091043, 0.0005707382499262802
2007-01-10, 0.20430921712070982, 0.4401746724890829, 0.06202752471409158, 0.3792102355933511, 0.7252657026866762, 0.019271359089657707, 0.004117391403801728, 0.003836112739091043, 0.0005707382499262802
2007-01-10, 0.20430921712070982, 0.4401746724890829, 0.06202752471409158, 0.3792102355933511, 0.7252657026866762, 0.019271359089657707, 0.004117391403801728, 0.003836112739091043, 0.0005707382499262802
2007-01-10, 0.20430921712070982, 0.4401746724890829, 0.06202752471409158, 0.3792102355933511, 0.7252657026866762, 0.019271359089657707, 0.004117391403801728, 0.003836112739091043, 0.0005707382499262802
2007-01-10, 0.20430921712070982, 0.4401746724890829, 0.06202752471409158, 0.3792102355933511, 0.7252657026866762, 0.019271359089657707, 0.004117391403801728, 0.003836112739091043, 0.0005707382499262802
2007-01-10, 0.20430921712070982, 0.4401746724890829, 0.06202752471409158, 0.3792102355933511, 0.7252657026866762, 0.019271359089657707, 0.004117391403801728, 0.003836112739091043, 0.0005707382499262802
2007-01-10, 0.20430921712070982, 0.4401746724890829, 0.06202752471409158, 0.3792102355933511, 0.7252657026866762, 0.019271359089657707, 0.004117391403801728, 0.003836112739091043, 0.0005707382499262802
2007-01-10, 0.20430921712070982, 0.4401746724890829, 0.06202752471409158, 0.3792102355933511, 0.7252657026866762, 0.019271359089657707, 0.004117391403801728, 0.003836112739091043, 0.0005707382499262802
2007-01-10, 0.20430921712070982, 0.4401746724890829, 0.06202752471409158, 0.3792102355933511, 0.7252657026866762, 0.019271359089657707, 0.004117391403801728, 0.003836112739091043, 0.0005707382499262802
2007-01-10, 0.270459600696569, 0.5868995633187771, 0.06202752471409158, 0.5241117077306477, 0.9606349495963147, 0.022024410388180236, 0.005489855205068971, 0.0019180563695455144, 0.0005707382499262802
2007-01-10, 0.270459600696569, 0.5868995633187771, 0.06202752471409158, 0.5241117077306477, 0.9606349495963147, 0.022024410388180236, 0.005489855205068971, 0.0019180563695455144, 0.0005707382499262802
2007-01-10, 0.270459600696569, 0.5868995633187771, 0.06202752471409158, 0.5241117077306477, 0.9606349495963147, 0.022024410388180236, 0.005489855205068971, 0.0019180563695455144, 0.0005707382499262802
2007-01-10, 0.22713561795666085, 0.5030567685589517, 0.0232603217677843, 0.45936849677568536, 0.8073712539342245, 0.019271359089657707, 0.004117391403801728, 0.0006393521231818429, 0.0
2006-12-11, 0.20092543947749164, 0.4192139737991265, 0.015506881178522981, 0.3422141150476583, 0.8018975505177214, 0.011012205194090111, 0.0, 0.014705098833182372, 0.002853691249631401
2006-12-11, 0.20092543947749164, 0.4192139737991265, 0.015506881178522981, 0.3422141150476583, 0.8018975505177214, 0.011012205194090111, 0.0, 0.014705098833182372, 0.002853691249631401
2006-12-11, 0.20092543947749164, 0.4192139737991265, 0.015506881178522981, 0.3422141150476583, 0.8018975505177214, 0.011012205194090111, 0.0, 0.014705098833182372, 0.002853691249631401
2006-12-11, 0.20092543947749164, 0.4192139737991265, 0.015506881178522981, 0.3422141150476583, 0.8018975505177214, 0.011012205194090111, 0.0, 0.014705098833182372, 0.002853691249631401
2006-12-11, 0.20092543947749164, 0.4192139737991265, 0.015506881178522981, 0.3422141150476583, 0.8018975505177214, 0.011012205194090111, 0.0, 0.014705098833182372, 0.002853691249631401
2006-12-11, 0.20092543947749164, 0.4192139737991265, 0.015506881178522981, 0.3422141150476583, 0.8018975505177214, 0.011012205194090111, 0.0, 0.014705098833182372, 0.002853691249631401
2006-12-11, 0.20092543947749164, 0.4192139737991265, 0.015506881178522981, 0.3422141150476583, 0.8018975505177214, 0.011012205194090111, 0.0, 0.014705098833182372, 0.002853691249631401
2006-12-11, 0.20092543947749164, 0.4192139737991265, 0.015506881178522981, 0.3422141150476583, 0.8018975505177214, 0.011012205194090111, 0.0, 0.014705098833182372, 0.002853691249631401
2006-12-11, 0.20092543947749164, 0.4192139737991265, 0.015506881178522981, 0.3422141150476583, 0.8018975505177214, 0.011012205194090111, 0.0, 0.014705098833182372, 0.002853691249631401
2006-12-11, 0.20092543947749164, 0.4192139737991265, 0.015506881178522981, 0.3422141150476583, 0.8018975505177214, 0.011012205194090111, 0.0, 0.014705098833182372, 0.002853691249631401
2006-12-11, 0.20092543947749164, 0.4192139737991265, 0.015506881178522981, 0.3422141150476583, 0.8018975505177214, 0.011012205194090111, 0.0, 0.014705098833182372, 0.002853691249631401
2006-12-11, 0.2941691024046956, 0.6078602620087334, 0.0232603217677843, 0.6412660894586748, 1.0372667974273595, 0.016518307791135174, 0.005489855205068971, 0.01598380307954606, 0.005707382499262802
2006-12-11, 0.2941691024046956, 0.6078602620087334, 0.0232603217677843, 0.6412660894586748, 1.0372667974273595, 0.016518307791135174, 0.005489855205068971, 0.01598380307954606, 0.005707382499262802
2006-12-11, 0.2941691024046956, 0.6078602620087334, 0.0232603217677843, 0.6412660894586748, 1.0372667974273595, 0.016518307791135174, 0.005489855205068971, 0.01598380307954606, 0.005707382499262802
2006-12-11, 0.20562840225903967, 0.3772925764192138, 0.06202752471409158, 0.4223723762299926, 0.755371071477444, 0.00825915389556758, 0.0, 0.013426394586818687, 0.006278120749189069
2006-11-11, 0.2068671890525175, 0.3772925764192138, 0.0465206435355686, 0.3977082958661974, 0.801897550517721, 0.011012205194090111, 0.0013724638012672426, 0.013426394586818687, 0.005707382499262802
2006-11-11, 0.2068671890525175, 0.3772925764192138, 0.0465206435355686, 0.3977082958661974, 0.801897550517721, 0.011012205194090111, 0.0013724638012672426, 0.013426394586818687, 0.005707382499262802
2006-11-11, 0.2068671890525175, 0.3772925764192138, 0.0465206435355686, 0.3977082958661974, 0.801897550517721, 0.011012205194090111, 0.0013724638012672426, 0.013426394586818687, 0.005707382499262802
2006-11-11, 0.2068671890525175, 0.3772925764192138, 0.0465206435355686, 0.3977082958661974, 0.801897550517721, 0.011012205194090111, 0.0013724638012672426, 0.013426394586818687, 0.005707382499262802
2006-11-11, 0.2068671890525175, 0.3772925764192138, 0.0465206435355686, 0.3977082958661974, 0.801897550517721, 0.011012205194090111, 0.0013724638012672426, 0.013426394586818687, 0.005707382499262802
2006-11-11, 0.2068671890525175, 0.3772925764192138, 0.0465206435355686, 0.3977082958661974, 0.801897550517721, 0.011012205194090111, 0.0013724638012672426, 0.013426394586818687, 0.005707382499262802
2006-11-11, 0.2068671890525175, 0.3772925764192138, 0.0465206435355686, 0.3977082958661974, 0.801897550517721, 0.011012205194090111, 0.0013724638012672426, 0.013426394586818687, 0.005707382499262802
2006-11-11, 0.2068671890525175, 0.3772925764192138, 0.0465206435355686, 0.3977082958661974, 0.801897550517721, 0.011012205194090111, 0.0013724638012672426, 0.013426394586818687, 0.005707382499262802
2006-11-11, 0.2068671890525175, 0.3772925764192138, 0.0465206435355686, 0.3977082958661974, 0.801897550517721, 0.011012205194090111, 0.0013724638012672426, 0.013426394586818687, 0.005707382499262802
2006-11-11, 0.2068671890525175, 0.3772925764192138, 0.0465206435355686, 0.3977082958661974, 0.801897550517721, 0.011012205194090111, 0.0013724638012672426, 0.013426394586818687, 0.005707382499262802
2006-11-11, 0.2068671890525175, 0.3772925764192138, 0.0465206435355686, 0.3977082958661974, 0.801897550517721, 0.011012205194090111, 0.0013724638012672426, 0.013426394586818687, 0.005707382499262802
2006-11-11, 0.2881484782371356, 0.5240174672489081, 0.06978096530335325, 0.6258510392313029, 1.0482142042603662, 0.016518307791135174, 0.0027449276025344853, 0.01406574671000053, 0.003995167749483961
2006-11-11, 0.2881484782371356, 0.5240174672489081, 0.06978096530335325, 0.6258510392313029, 1.0482142042603662, 0.016518307791135174, 0.0027449276025344853, 0.01406574671000053, 0.003995167749483961
2006-11-11, 0.2881484782371356, 0.5240174672489081, 0.06978096530335325, 0.6258510392313029, 1.0482142042603662, 0.016518307791135174, 0.0027449276025344853, 0.01406574671000053, 0.003995167749483961
2006-11-11, 0.22123126700981832, 0.35633187772925745, 0.11630160883892218, 0.4871155871849549, 0.7745290334352051, 0.013765256492612642, 0.0013724638012672426, 0.009590281847727629, 0.01084402674859931
2006-10-12, 0.19782987673414185, 0.3772925764192138, 0.11630160883892218, 0.403874315957146, 0.6212653377731149, 0.008259153895567594, 0.004117391403801728, 0.012147690340455, 0.03938093924491332
2006-10-12, 0.19782987673414185, 0.3772925764192138, 0.11630160883892218, 0.403874315957146, 0.6212653377731149, 0.008259153895567594, 0.004117391403801728, 0.012147690340455, 0.03938093924491332
2006-10-12, 0.19782987673414185, 0.3772925764192138, 0.11630160883892218, 0.403874315957146, 0.6212653377731149, 0.008259153895567594, 0.004117391403801728, 0.012147690340455, 0.03938093924491332
2006-10-12, 0.19782987673414185, 0.3772925764192138, 0.11630160883892218, 0.403874315957146, 0.6212653377731149, 0.008259153895567594, 0.004117391403801728, 0.012147690340455, 0.03938093924491332
2006-10-12, 0.19782987673414185, 0.3772925764192138, 0.11630160883892218, 0.403874315957146, 0.6212653377731149, 0.008259153895567594, 0.004117391403801728, 0.012147690340455, 0.03938093924491332
2006-10-12, 0.19782987673414185, 0.3772925764192138, 0.11630160883892218, 0.403874315957146, 0.6212653377731149, 0.008259153895567594, 0.004117391403801728, 0.012147690340455, 0.03938093924491332
2006-10-12, 0.19782987673414185, 0.3772925764192138, 0.11630160883892218, 0.403874315957146, 0.6212653377731149, 0.008259153895567594, 0.004117391403801728, 0.012147690340455, 0.03938093924491332
2006-10-12, 0.19782987673414185, 0.3772925764192138, 0.11630160883892218, 0.403874315957146, 0.6212653377731149, 0.008259153895567594, 0.004117391403801728, 0.012147690340455, 0.03938093924491332
2006-10-12, 0.19782987673414185, 0.3772925764192138, 0.11630160883892218, 0.403874315957146, 0.6212653377731149, 0.008259153895567594, 0.004117391403801728, 0.012147690340455, 0.03938093924491332
2006-10-12, 0.19782987673414185, 0.3772925764192138, 0.11630160883892218, 0.403874315957146, 0.6212653377731149, 0.008259153895567594, 0.004117391403801728, 0.012147690340455, 0.03938093924491332
2006-10-12, 0.19782987673414185, 0.3772925764192138, 0.11630160883892218, 0.403874315957146, 0.6212653377731149, 0.008259153895567594, 0.004117391403801728, 0.012147690340455, 0.03938093924491332
2006-10-12, 0.2754036904743795, 0.5449781659388646, 0.13180849001744516, 0.6104359890039307, 0.8429503261414951, 0.013765256492612657, 0.0, 0.015344450956364216, 0.043946845244323546
2006-10-12, 0.2754036904743795, 0.5449781659388646, 0.13180849001744516, 0.6104359890039307, 0.8429503261414951, 0.013765256492612657, 0.0, 0.015344450956364216, 0.043946845244323546
2006-10-12, 0.2754036904743795, 0.5449781659388646, 0.13180849001744516, 0.6104359890039307, 0.8429503261414951, 0.013765256492612657, 0.0, 0.015344450956364216, 0.043946845244323546
2006-10-12, 0.21382440556274104, 0.3772925764192138, 0.1783291335530141, 0.4747835470030573, 0.61305478264836, 0.011012205194090127, 0.0027449276025344853, 0.013426394586818687, 0.039951677494839584
2006-09-12, 0.18211624242369492, 0.2724890829694321, 0.10079472766039921, 0.4285383963209412, 0.5884231172740958, 0.016518307791135174, 0.004117391403801728, 0.008950929724545786, 0.0370979862452082
2006-09-12, 0.18211624242369492, 0.2724890829694321, 0.10079472766039921, 0.4285383963209412, 0.5884231172740958, 0.016518307791135174, 0.004117391403801728, 0.008950929724545786, 0.0370979862452082
2006-09-12, 0.18211624242369492, 0.2724890829694321, 0.10079472766039921, 0.4285383963209412, 0.5884231172740958, 0.016518307791135174, 0.004117391403801728, 0.008950929724545786, 0.0370979862452082
2006-09-12, 0.18211624242369492, 0.2724890829694321, 0.10079472766039921, 0.4285383963209412, 0.5884231172740958, 0.016518307791135174, 0.004117391403801728, 0.008950929724545786, 0.0370979862452082
2006-09-12, 0.18211624242369492, 0.2724890829694321, 0.10079472766039921, 0.4285383963209412, 0.5884231172740958, 0.016518307791135174, 0.004117391403801728, 0.008950929724545786, 0.0370979862452082
2006-09-12, 0.18211624242369492, 0.2724890829694321, 0.10079472766039921, 0.4285383963209412, 0.5884231172740958, 0.016518307791135174, 0.004117391403801728, 0.008950929724545786, 0.0370979862452082
2006-09-12, 0.18211624242369492, 0.2724890829694321, 0.10079472766039921, 0.4285383963209412, 0.5884231172740958, 0.016518307791135174, 0.004117391403801728, 0.008950929724545786, 0.0370979862452082
2006-09-12, 0.18211624242369492, 0.2724890829694321, 0.10079472766039921, 0.4285383963209412, 0.5884231172740958, 0.016518307791135174, 0.004117391403801728, 0.008950929724545786, 0.0370979862452082
2006-09-12, 0.18211624242369492, 0.2724890829694321, 0.10079472766039921, 0.4285383963209412, 0.5884231172740958, 0.016518307791135174, 0.004117391403801728, 0.008950929724545786, 0.0370979862452082
2006-09-12, 0.18211624242369492, 0.2724890829694321, 0.10079472766039921, 0.4285383963209412, 0.5884231172740958, 0.016518307791135174, 0.004117391403801728, 0.008950929724545786, 0.0370979862452082
2006-09-12, 0.18211624242369492, 0.2724890829694321, 0.10079472766039921, 0.4285383963209412, 0.5884231172740958, 0.016518307791135174, 0.004117391403801728, 0.008950929724545786, 0.0370979862452082
2006-09-12, 0.26137640002388846, 0.4192139737991265, 0.11630160883892218, 0.6690131798679444, 0.8155818090589794, 0.016518307791135174, 0.0, 0.012147690340455, 0.042234630494544706
2006-09-12, 0.26137640002388846, 0.4192139737991265, 0.11630160883892218, 0.6690131798679444, 0.8155818090589794, 0.016518307791135174, 0.0, 0.012147690340455, 0.042234630494544706
2006-09-12, 0.26137640002388846, 0.4192139737991265, 0.11630160883892218, 0.6690131798679444, 0.8155818090589794, 0.016518307791135174, 0.0, 0.012147690340455, 0.042234630494544706
2006-09-12, 0.19899099646650825, 0.2096069868995635, 0.14731537119596816, 0.48403257713948056, 0.684212927062902, 0.013765256492612642, 0.0027449276025344853, 0.010868986094091315, 0.03938093924491332
2006-08-13, 0.1887643591627923, 0.2096069868995635, 0.08528784648187622, 0.5179456876396987, 0.6294758928978699, 0.005506102597045063, 0.005489855205068971, 0.013426394586818687, 0.04337610699439727
2006-08-13, 0.1887643591627923, 0.2096069868995635, 0.08528784648187622, 0.5179456876396987, 0.6294758928978699, 0.005506102597045063, 0.005489855205068971, 0.013426394586818687, 0.04337610699439727
2006-08-13, 0.1887643591627923, 0.2096069868995635, 0.08528784648187622, 0.5179456876396987, 0.6294758928978699, 0.005506102597045063, 0.005489855205068971, 0.013426394586818687, 0.04337610699439727
2006-08-13, 0.1887643591627923, 0.2096069868995635, 0.08528784648187622, 0.5179456876396987, 0.6294758928978699, 0.005506102597045063, 0.005489855205068971, 0.013426394586818687, 0.04337610699439727
2006-08-13, 0.1887643591627923, 0.2096069868995635, 0.08528784648187622, 0.5179456876396987, 0.6294758928978699, 0.005506102597045063, 0.005489855205068971, 0.013426394586818687, 0.04337610699439727
2006-08-13, 0.1887643591627923, 0.2096069868995635, 0.08528784648187622, 0.5179456876396987, 0.6294758928978699, 0.005506102597045063, 0.005489855205068971, 0.013426394586818687, 0.04337610699439727
2006-08-13, 0.1887643591627923, 0.2096069868995635, 0.08528784648187622, 0.5179456876396987, 0.6294758928978699, 0.005506102597045063, 0.005489855205068971, 0.013426394586818687, 0.04337610699439727
2006-08-13, 0.1887643591627923, 0.2096069868995635, 0.08528784648187622, 0.5179456876396987, 0.6294758928978699, 0.005506102597045063, 0.005489855205068971, 0.013426394586818687, 0.04337610699439727
2006-08-13, 0.1887643591627923, 0.2096069868995635, 0.08528784648187622, 0.5179456876396987, 0.6294758928978699, 0.005506102597045063, 0.005489855205068971, 0.013426394586818687, 0.04337610699439727
2006-08-13, 0.1887643591627923, 0.2096069868995635, 0.08528784648187622, 0.5179456876396987, 0.6294758928978699, 0.005506102597045063, 0.005489855205068971, 0.013426394586818687, 0.04337610699439727
2006-08-13, 0.1887643591627923, 0.2096069868995635, 0.08528784648187622, 0.5179456876396987, 0.6294758928978699, 0.005506102597045063, 0.005489855205068971, 0.013426394586818687, 0.04337610699439727
2006-08-13, 0.25635631344704457, 0.4401746724890833, 0.06978096530335325, 0.6011869588675076, 0.8785293983487664, 0.011012205194090127, 0.004117391403801728, 0.008950929724545786, 0.0370979862452082
2006-08-13, 0.25635631344704457, 0.4401746724890833, 0.06978096530335325, 0.6011869588675076, 0.8785293983487664, 0.011012205194090127, 0.004117391403801728, 0.008950929724545786, 0.0370979862452082
2006-08-13, 0.25635631344704457, 0.4401746724890833, 0.06978096530335325, 0.6011869588675076, 0.8785293983487664, 0.011012205194090127, 0.004117391403801728, 0.008950929724545786, 0.0370979862452082
2006-08-13, 0.19236923942427653, 0.14672489082969445, 0.10854816824966086, 0.5179456876396987, 0.7061077407289149, 0.005506102597045063, 0.006862319006336213, 0.009590281847727629, 0.03766872449513447
2006-07-14, 0.13750487391767352, 0.10480349344978175, 0.046520643535568944, 0.4377874264573645, 0.454317383569767, 0.022024410388180236, 0.009607246608870683, 0.014705098833182372, 0.01027328849867303
2006-07-14, 0.13750487391767352, 0.10480349344978175, 0.046520643535568944, 0.4377874264573645, 0.454317383569767, 0.022024410388180236, 0.009607246608870683, 0.014705098833182372, 0.01027328849867303
2006-07-14, 0.13750487391767352, 0.10480349344978175, 0.046520643535568944, 0.4377874264573645, 0.454317383569767, 0.022024410388180236, 0.009607246608870683, 0.014705098833182372, 0.01027328849867303
2006-07-14, 0.13750487391767352, 0.10480349344978175, 0.046520643535568944, 0.4377874264573645, 0.454317383569767, 0.022024410388180236, 0.009607246608870683, 0.014705098833182372, 0.01027328849867303
2006-07-14, 0.13750487391767352, 0.10480349344978175, 0.046520643535568944, 0.4377874264573645, 0.454317383569767, 0.022024410388180236, 0.009607246608870683, 0.014705098833182372, 0.01027328849867303
2006-07-14, 0.13750487391767352, 0.10480349344978175, 0.046520643535568944, 0.4377874264573645, 0.454317383569767, 0.022024410388180236, 0.009607246608870683, 0.014705098833182372, 0.01027328849867303
2006-07-14, 0.13750487391767352, 0.10480349344978175, 0.046520643535568944, 0.4377874264573645, 0.454317383569767, 0.022024410388180236, 0.009607246608870683, 0.014705098833182372, 0.01027328849867303
2006-07-14, 0.13750487391767352, 0.10480349344978175, 0.046520643535568944, 0.4377874264573645, 0.454317383569767, 0.022024410388180236, 0.009607246608870683, 0.014705098833182372, 0.01027328849867303
2006-07-14, 0.13750487391767352, 0.10480349344978175, 0.046520643535568944, 0.4377874264573645, 0.454317383569767, 0.022024410388180236, 0.009607246608870683, 0.014705098833182372, 0.01027328849867303
2006-07-14, 0.13750487391767352, 0.10480349344978175, 0.046520643535568944, 0.4377874264573645, 0.454317383569767, 0.022024410388180236, 0.009607246608870683, 0.014705098833182372, 0.01027328849867303
2006-07-14, 0.13750487391767352, 0.10480349344978175, 0.046520643535568944, 0.4377874264573645, 0.454317383569767, 0.022024410388180236, 0.009607246608870683, 0.014705098833182372, 0.01027328849867303
2006-07-14, 0.21059709869880067, 0.27248908296943253, 0.09304128707113789, 0.5580248182308662, 0.7088445924371665, 0.024777461686702768, 0.009607246608870683, 0.013426394586818687, 0.0045659059994102285
2006-07-14, 0.21059709869880067, 0.27248908296943253, 0.09304128707113789, 0.5580248182308662, 0.7088445924371665, 0.024777461686702768, 0.009607246608870683, 0.013426394586818687, 0.0045659059994102285
2006-07-14, 0.21059709869880067, 0.27248908296943253, 0.09304128707113789, 0.5580248182308662, 0.7088445924371665, 0.024777461686702768, 0.009607246608870683, 0.013426394586818687, 0.0045659059994102285
2006-07-14, 0.13734019442665693, 0.02096069868995635, 0.03876720294630762, 0.4038743159571463, 0.5829494138575925, 0.019271359089657707, 0.010979710410137926, 0.012787042463636844, 0.009131811998820471
2006-06-14, 0.12701842697108312, 0.0419213973799127, 0.08528784648187622, 0.3514631451840813, 0.47621219723577984, 0.024777461686702768, 0.012352174211405168, 0.012147690340455, 0.011985503248451872
2006-06-14, 0.12780324002575216, 0.1257641921397381, 0.06978096530335325, 0.3144670246383885, 0.44336997673676054, 0.0275305129852253, 0.015097101813939653, 0.012147690340455, 0.014268456248156992
2006-06-14, 0.12780324002575216, 0.1257641921397381, 0.06978096530335325, 0.3144670246383885, 0.44336997673676054, 0.0275305129852253, 0.015097101813939653, 0.012147690340455, 0.014268456248156992
2006-06-14, 0.12780324002575216, 0.1257641921397381, 0.06978096530335325, 0.3144670246383885, 0.44336997673676054, 0.0275305129852253, 0.015097101813939653, 0.012147690340455, 0.014268456248156992
2006-06-14, 0.12780324002575216, 0.1257641921397381, 0.06978096530335325, 0.3144670246383885, 0.44336997673676054, 0.0275305129852253, 0.015097101813939653, 0.012147690340455, 0.014268456248156992
2006-06-14, 0.12780324002575216, 0.1257641921397381, 0.06978096530335325, 0.3144670246383885, 0.44336997673676054, 0.0275305129852253, 0.015097101813939653, 0.012147690340455, 0.014268456248156992
2006-06-14, 0.12780324002575216, 0.1257641921397381, 0.06978096530335325, 0.3144670246383885, 0.44336997673676054, 0.0275305129852253, 0.015097101813939653, 0.012147690340455, 0.014268456248156992
2006-06-14, 0.12780324002575216, 0.1257641921397381, 0.06978096530335325, 0.3144670246383885, 0.44336997673676054, 0.0275305129852253, 0.015097101813939653, 0.012147690340455, 0.014268456248156992
2006-06-14, 0.12780324002575216, 0.1257641921397381, 0.06978096530335325, 0.3144670246383885, 0.44336997673676054, 0.0275305129852253, 0.015097101813939653, 0.012147690340455, 0.014268456248156992
2006-06-14, 0.12780324002575216, 0.1257641921397381, 0.06978096530335325, 0.3144670246383885, 0.44336997673676054, 0.0275305129852253, 0.015097101813939653, 0.012147690340455, 0.014268456248156992
2006-06-14, 0.12780324002575216, 0.1257641921397381, 0.06978096530335325, 0.3144670246383885, 0.44336997673676054, 0.0275305129852253, 0.015097101813939653, 0.012147690340455, 0.014268456248156992
2006-06-14, 0.2093016788292224, 0.2934497816593884, 0.054274084124830264, 0.5456927780489683, 0.7143182958536698, 0.03028356428374783, 0.012352174211405168, 0.0166231552027279, 0.007419597249041629
2006-06-14, 0.2093016788292224, 0.2934497816593884, 0.054274084124830264, 0.5456927780489683, 0.7143182958536698, 0.03028356428374783, 0.012352174211405168, 0.0166231552027279, 0.007419597249041629
2006-06-14, 0.13293790135176387, 0.10480349344978175, 0.10079472766039921, 0.33604809495670934, 0.4570542352780188, 0.024777461686702768, 0.012352174211405168, 0.01854121157227343, 0.009131811998820471
2006-06-14, 0.13164284496470022, 0.0838427947598254, 0.08528784648187622, 0.37304421550240213, 0.4461068284450123, 0.0275305129852253, 0.012352174211405168, 0.014705098833182372, 0.01027328849867303
2006-05-15, 0.10651519497310495, 0.27248908296943253, 0.031013762357045963, 0.03699612054569281, 0.43515942161200566, 0.0275305129852253, 0.01372463801267241, 0.024934732804091846, 0.01027328849867303
2006-05-15, 0.11203960831171066, 0.2934497816593889, 0.046520643535568944, 0.08632428127328322, 0.39136979427997987, 0.0275305129852253, 0.012352174211405168, 0.02621343705045553, 0.01255624149837815
2006-05-15, 0.11203960831171066, 0.2934497816593889, 0.046520643535568944, 0.08632428127328322, 0.39136979427997987, 0.0275305129852253, 0.012352174211405168, 0.02621343705045553, 0.01255624149837815
2006-05-15, 0.11203960831171066, 0.2934497816593889, 0.046520643535568944, 0.08632428127328322, 0.39136979427997987, 0.0275305129852253, 0.012352174211405168, 0.02621343705045553, 0.01255624149837815
2006-05-15, 0.11203960831171066, 0.2934497816593889, 0.046520643535568944, 0.08632428127328322, 0.39136979427997987, 0.0275305129852253, 0.012352174211405168, 0.02621343705045553, 0.01255624149837815
2006-05-15, 0.11203960831171066, 0.2934497816593889, 0.046520643535568944, 0.08632428127328322, 0.39136979427997987, 0.0275305129852253, 0.012352174211405168, 0.02621343705045553, 0.01255624149837815
2006-05-15, 0.11203960831171066, 0.2934497816593889, 0.046520643535568944, 0.08632428127328322, 0.39136979427997987, 0.0275305129852253, 0.012352174211405168, 0.02621343705045553, 0.01255624149837815
2006-05-15, 0.11203960831171066, 0.2934497816593889, 0.046520643535568944, 0.08632428127328322, 0.39136979427997987, 0.0275305129852253, 0.012352174211405168, 0.02621343705045553, 0.01255624149837815
2006-05-15, 0.11203960831171066, 0.2934497816593889, 0.046520643535568944, 0.08632428127328322, 0.39136979427997987, 0.0275305129852253, 0.012352174211405168, 0.02621343705045553, 0.01255624149837815
2006-05-15, 0.11203960831171066, 0.2934497816593889, 0.046520643535568944, 0.08632428127328322, 0.39136979427997987, 0.0275305129852253, 0.012352174211405168, 0.02621343705045553, 0.01255624149837815
2006-05-15, 0.11203960831171066, 0.2934497816593889, 0.046520643535568944, 0.08632428127328322, 0.39136979427997987, 0.0275305129852253, 0.012352174211405168, 0.02621343705045553, 0.01255624149837815
2006-05-15, 0.15456792222002355, 0.4401746724890831, 0.09304128707113789, 0.11407137168255249, 0.5200018245678054, 0.03028356428374783, 0.009607246608870698, 0.023656028557728158, 0.005707382499262789
2006-05-15, 0.15456792222002355, 0.4401746724890831, 0.09304128707113789, 0.11407137168255249, 0.5200018245678054, 0.03028356428374783, 0.009607246608870698, 0.023656028557728158, 0.005707382499262789
2006-05-15, 0.158232882640516, 0.4192139737991267, 0.062027524714091925, 0.21272769313773332, 0.4981070109017925, 0.0275305129852253, 0.010979710410137926, 0.02557408492727369, 0.00970255024874675
2006-05-15, 0.11493260471029375, 0.31441048034934527, 0.007753440589261319, 0.06782622100043668, 0.4597910869862701, 0.0275305129852253, 0.012352174211405168, 0.022377324311364473, 0.007419597249041629
