Date,TotalError,SP500_LongAll20y-0.25,SP500_LongAll20y-0.1,SP500_LongAll20y-0.01,SP500_LongAll20y-0.005,SP500_Hedged20y-0.25,SP500_Hedged20y-0.1,SP500_Hedged20y-0.01,SP500_Hedged20y-0.005,
2025-12-31, 0.32854621120606015, 0.8174672489082967, 0.4264392324093818, 0.45936849677568536, 0.8648451398075082, 0.00825915389556758, 0.0013724638012672426, 0.02493473280409186, 0.025683221246682594
2025-12-31, 0.12802682667118348, 0.35633187772925745, 0.27912386121341365, 0.13256943195539875, 0.18610591616110927, 0.016518307791135174, 0.0, 0.036443071021365014, 0.017122147497788405
2025-12-31, 0.12802682667118348, 0.35633187772925745, 0.27912386121341365, 0.13256943195539875, 0.18610591616110927, 0.016518307791135174, 0.0, 0.036443071021365014, 0.017122147497788405
2025-12-31, 0.12802682667118348, 0.35633187772925745, 0.27912386121341365, 0.13256943195539875, 0.18610591616110927, 0.016518307791135174, 0.0, 0.036443071021365014, 0.017122147497788405
2025-12-31, 0.12802682667118348, 0.35633187772925745, 0.27912386121341365, 0.13256943195539875, 0.18610591616110927, 0.016518307791135174, 0.0, 0.036443071021365014, 0.017122147497788405
2025-12-31, 0.12802682667118348, 0.35633187772925745, 0.27912386121341365, 0.13256943195539875, 0.18610591616110927, 0.016518307791135174, 0.0, 0.036443071021365014, 0.017122147497788405
2025-12-31, 0.12802682667118348, 0.35633187772925745, 0.27912386121341365, 0.13256943195539875, 0.18610591616110927, 0.016518307791135174, 0.0, 0.036443071021365014, 0.017122147497788405
2025-12-31, 0.12802682667118348, 0.35633187772925745, 0.27912386121341365, 0.13256943195539875, 0.18610591616110927, 0.016518307791135174, 0.0, 0.036443071021365014, 0.017122147497788405
2025-12-31, 0.12802682667118348, 0.35633187772925745, 0.27912386121341365, 0.13256943195539875, 0.18610591616110927, 0.016518307791135174, 0.0, 0.036443071021365014, 0.017122147497788405
2025-12-31, 0.12802682667118348, 0.35633187772925745, 0.27912386121341365, 0.13256943195539875, 0.18610591616110927, 0.016518307791135174, 0.0, 0.036443071021365014, 0.017122147497788405
2025-12-31, 0.12802682667118348, 0.35633187772925745, 0.27912386121341365, 0.13256943195539875, 0.18610591616110927, 0.016518307791135174, 0.0, 0.036443071021365014, 0.017122147497788405
2025-12-31, 0.11788991032168403, 0.25152838427947594, 0.28687730180267496, 0.1264034118644501, 0.19705332299411596, 0.022024410388180222, 0.0027449276025344853, 0.03708242314454686, 0.019405100497493527
2025-12-31, 0.21025603138728635, 0.46113537117903947, 0.054274084124830604, 0.6258510392313029, 0.44884368015326387, 0.035789666880792874, 0.004117391403801728, 0.043475944376365275, 0.008561073748894215
2025-12-31, 0.11765241796215478, 0.10480349344978152, 0.28687730180267496, 0.38229324563882516, 0.08484240295579999, 0.027530512985225283, 0.0027449276025344853, 0.03900047951409239, 0.013126979748304431
2025-12-31, 0.12318742086682831, 0.10480349344978152, 0.24035665826710603, 0.3545461552295556, 0.2107375815353737, 0.024777461686702754, 0.0, 0.037721775267728706, 0.012556241498378164
2025-12-01, 0.11613019831253733, 0.0, 0.23260321767784436, 0.3977082958661974, 0.22989554349313504, 0.022024410388180222, 0.0013724638012672426, 0.03516436677500133, 0.010273288498673042
2025-12-01, 0.11315248964087482, 0.2934497816593887, 0.31013762357045926, 0.16956555250109184, 0.06294758928978711, 0.01927135908965769, 0.00274492760253447, 0.029410197666364744, 0.017692885747714673
2025-12-01, 0.11315248964087482, 0.2934497816593887, 0.31013762357045926, 0.16956555250109184, 0.06294758928978711, 0.01927135908965769, 0.00274492760253447, 0.029410197666364744, 0.017692885747714673
2025-12-01, 0.11315248964087482, 0.2934497816593887, 0.31013762357045926, 0.16956555250109184, 0.06294758928978711, 0.01927135908965769, 0.00274492760253447, 0.029410197666364744, 0.017692885747714673
2025-12-01, 0.11315248964087482, 0.2934497816593887, 0.31013762357045926, 0.16956555250109184, 0.06294758928978711, 0.01927135908965769, 0.00274492760253447, 0.029410197666364744, 0.017692885747714673
2025-12-01, 0.11315248964087482, 0.2934497816593887, 0.31013762357045926, 0.16956555250109184, 0.06294758928978711, 0.01927135908965769, 0.00274492760253447, 0.029410197666364744, 0.017692885747714673
2025-12-01, 0.11315248964087482, 0.2934497816593887, 0.31013762357045926, 0.16956555250109184, 0.06294758928978711, 0.01927135908965769, 0.00274492760253447, 0.029410197666364744, 0.017692885747714673
2025-12-01, 0.11315248964087482, 0.2934497816593887, 0.31013762357045926, 0.16956555250109184, 0.06294758928978711, 0.01927135908965769, 0.00274492760253447, 0.029410197666364744, 0.017692885747714673
2025-12-01, 0.11315248964087482, 0.2934497816593887, 0.31013762357045926, 0.16956555250109184, 0.06294758928978711, 0.01927135908965769, 0.00274492760253447, 0.029410197666364744, 0.017692885747714673
2025-12-01, 0.11315248964087482, 0.2934497816593887, 0.31013762357045926, 0.16956555250109184, 0.06294758928978711, 0.01927135908965769, 0.00274492760253447, 0.029410197666364744, 0.017692885747714673
2025-12-01, 0.11315248964087482, 0.2934497816593887, 0.31013762357045926, 0.16956555250109184, 0.06294758928978711, 0.01927135908965769, 0.00274492760253447, 0.029410197666364744, 0.017692885747714673
2025-12-01, 0.1186259159593941, 0.2934497816593887, 0.31789106415972096, 0.08632428127328322, 0.18610591616110927, 0.01927135908965769, 0.0013724638012672426, 0.03260695828227396, 0.011985503248451872
2025-12-01, 0.11126501932898303, 0.06288209606986905, 0.32564450474898227, 0.3576291652750299, 0.07936869953929689, 0.013765256492612642, 0.00274492760253447, 0.0332463104054558, 0.014839194498083285
2025-12-01, 0.11348368031537408, 0.12576419213973786, 0.2791238612134133, 0.26513886391079833, 0.16421110249509638, 0.022024410388180222, 0.00274492760253447, 0.03516436677500133, 0.013697717998230724
2025-12-01, 0.32553349628205475, 0.7965065502183406, 0.40317891064159717, 0.4439534465483134, 0.9031610637230306, 0.00825915389556758, 0.004117391403801713, 0.01598380307954606, 0.029107650746240277
2025-11-01, 0.11727035913558655, 0.2724890829694323, 0.30238418298119796, 0.18806361277393838, 0.10947406833006443, 0.016518307791135174, 0.0027449276025344853, 0.03963983163727422, 0.006848858999115362
2025-11-01, 0.11769688699146517, 0.31441048034934477, 0.28687730180267496, 0.2003956529558357, 0.07663184783104485, 0.016518307791135174, 0.0013724638012672426, 0.03452501465181949, 0.01084402674859931
2025-11-01, 0.11769688699146517, 0.31441048034934477, 0.28687730180267496, 0.2003956529558357, 0.07663184783104485, 0.016518307791135174, 0.0013724638012672426, 0.03452501465181949, 0.01084402674859931
2025-11-01, 0.11769688699146517, 0.31441048034934477, 0.28687730180267496, 0.2003956529558357, 0.07663184783104485, 0.016518307791135174, 0.0013724638012672426, 0.03452501465181949, 0.01084402674859931
2025-11-01, 0.11769688699146517, 0.31441048034934477, 0.28687730180267496, 0.2003956529558357, 0.07663184783104485, 0.016518307791135174, 0.0013724638012672426, 0.03452501465181949, 0.01084402674859931
2025-11-01, 0.11769688699146517, 0.31441048034934477, 0.28687730180267496, 0.2003956529558357, 0.07663184783104485, 0.016518307791135174, 0.0013724638012672426, 0.03452501465181949, 0.01084402674859931
2025-11-01, 0.11769688699146517, 0.31441048034934477, 0.28687730180267496, 0.2003956529558357, 0.07663184783104485, 0.016518307791135174, 0.0013724638012672426, 0.03452501465181949, 0.01084402674859931
2025-11-01, 0.11769688699146517, 0.31441048034934477, 0.28687730180267496, 0.2003956529558357, 0.07663184783104485, 0.016518307791135174, 0.0013724638012672426, 0.03452501465181949, 0.01084402674859931
2025-11-01, 0.11769688699146517, 0.31441048034934477, 0.28687730180267496, 0.2003956529558357, 0.07663184783104485, 0.016518307791135174, 0.0013724638012672426, 0.03452501465181949, 0.01084402674859931
2025-11-01, 0.11769688699146517, 0.31441048034934477, 0.28687730180267496, 0.2003956529558357, 0.07663184783104485, 0.016518307791135174, 0.0013724638012672426, 0.03452501465181949, 0.01084402674859931
2025-11-01, 0.11769688699146517, 0.31441048034934477, 0.28687730180267496, 0.2003956529558357, 0.07663184783104485, 0.016518307791135174, 0.0013724638012672426, 0.03452501465181949, 0.01084402674859931
2025-11-01, 0.33526390043766496, 1.0061135371179037, 0.41868579182012017, 0.3792102355933511, 0.8183186607672309, 0.005506102597045048, 0.004117391403801728, 0.015344450956364216, 0.03481503324550305
2025-11-01, 0.22086634624693444, 0.35633187772925773, 0.054274084124830264, 0.7306733807774324, 0.539159786525567, 0.027530512985225283, 0.00274492760253447, 0.050508817731365535, 0.005707382499262802
2025-11-01, 0.13434285773408675, 0.08384279475982516, 0.24811009885636737, 0.3514631451840813, 0.3174747981571866, 0.024777461686702754, 0.00274492760253447, 0.043475944376365275, 0.0028536912496313883
2025-11-01, 0.1627527132943278, 0.5030567685589519, 0.3333979453382439, 0.006166020090948939, 0.3995803494047345, 0.013765256492612642, 0.0013724638012672426, 0.02813149342000106, 0.016551409247862112
2025-10-02, 0.11939163588637916, 0.2934497816593884, 0.32564450474898227, 0.20347866300131032, 0.060210737581535556, 0.022024410388180236, 0.0013724638012672426, 0.030688901912728432, 0.018263623997640942
2025-10-02, 0.12113385470697816, 0.33537117903930114, 0.31789106415972096, 0.2250597333196312, 0.019157961957761333, 0.024777461686702768, 0.0027449276025344853, 0.038361127390910535, 0.005707382499262802
2025-10-02, 0.12113385470697816, 0.33537117903930114, 0.31789106415972096, 0.2250597333196312, 0.019157961957761333, 0.024777461686702768, 0.0027449276025344853, 0.038361127390910535, 0.005707382499262802
2025-10-02, 0.12113385470697816, 0.33537117903930114, 0.31789106415972096, 0.2250597333196312, 0.019157961957761333, 0.024777461686702768, 0.0027449276025344853, 0.038361127390910535, 0.005707382499262802
2025-10-02, 0.12113385470697816, 0.33537117903930114, 0.31789106415972096, 0.2250597333196312, 0.019157961957761333, 0.024777461686702768, 0.0027449276025344853, 0.038361127390910535, 0.005707382499262802
2025-10-02, 0.12113385470697816, 0.33537117903930114, 0.31789106415972096, 0.2250597333196312, 0.019157961957761333, 0.024777461686702768, 0.0027449276025344853, 0.038361127390910535, 0.005707382499262802
2025-10-02, 0.12113385470697816, 0.33537117903930114, 0.31789106415972096, 0.2250597333196312, 0.019157961957761333, 0.024777461686702768, 0.0027449276025344853, 0.038361127390910535, 0.005707382499262802
2025-10-02, 0.12113385470697816, 0.33537117903930114, 0.31789106415972096, 0.2250597333196312, 0.019157961957761333, 0.024777461686702768, 0.0027449276025344853, 0.038361127390910535, 0.005707382499262802
2025-10-02, 0.12113385470697816, 0.33537117903930114, 0.31789106415972096, 0.2250597333196312, 0.019157961957761333, 0.024777461686702768, 0.0027449276025344853, 0.038361127390910535, 0.005707382499262802
2025-10-02, 0.12113385470697816, 0.33537117903930114, 0.31789106415972096, 0.2250597333196312, 0.019157961957761333, 0.024777461686702768, 0.0027449276025344853, 0.038361127390910535, 0.005707382499262802
2025-10-02, 0.12113385470697816, 0.33537117903930114, 0.31789106415972096, 0.2250597333196312, 0.019157961957761333, 0.024777461686702768, 0.0027449276025344853, 0.038361127390910535, 0.005707382499262802
2025-10-02, 0.32378022488999075, 0.9851528384279475, 0.4419461135879045, 0.3514631451840813, 0.7498973680609407, 0.013765256492612642, 0.0013724638012672426, 0.019819915818637103, 0.026824697746535144
2025-10-02, 0.2040429559449318, 0.2096069868995635, 0.10854816824966086, 0.6412660894586748, 0.5856862655658442, 0.03303661558227035, 0.00823478280760344, 0.04539400074591079, 0.0005707382499262929
2025-10-02, 0.1650916405835177, 0.0, 0.255863539445629, 0.5271947177761224, 0.4597910869862701, 0.027530512985225283, 0.0027449276025344853, 0.04475464862272896, 0.0028536912496313883
2025-10-02, 0.2050019860958733, 0.6707423580786027, 0.3954254700523355, 0.10482234154612949, 0.39684349769648297, 0.019271359089657707, 0.004117391403801728, 0.03452501465181949, 0.014268456248156992
2025-09-02, 0.12798790751600161, 0.3982532751091702, 0.37991858887381286, 0.12023739177350169, 0.057473885873284, 0.013765256492612642, 0.0027449276025344853, 0.0332463104054558, 0.018263623997640942
2025-09-02, 0.15520017283804594, 0.4401746724890829, 0.38767202946307416, 0.2836369241836446, 0.06568444099803865, 0.013765256492612642, 0.0013724638012672426, 0.033885662528637644, 0.015409932748009551
2025-09-02, 0.15520017283804594, 0.4401746724890829, 0.38767202946307416, 0.2836369241836446, 0.06568444099803865, 0.013765256492612642, 0.0013724638012672426, 0.033885662528637644, 0.015409932748009551
2025-09-02, 0.15520017283804594, 0.4401746724890829, 0.38767202946307416, 0.2836369241836446, 0.06568444099803865, 0.013765256492612642, 0.0013724638012672426, 0.033885662528637644, 0.015409932748009551
2025-09-02, 0.15520017283804594, 0.4401746724890829, 0.38767202946307416, 0.2836369241836446, 0.06568444099803865, 0.013765256492612642, 0.0013724638012672426, 0.033885662528637644, 0.015409932748009551
2025-09-02, 0.15520017283804594, 0.4401746724890829, 0.38767202946307416, 0.2836369241836446, 0.06568444099803865, 0.013765256492612642, 0.0013724638012672426, 0.033885662528637644, 0.015409932748009551
2025-09-02, 0.15520017283804594, 0.4401746724890829, 0.38767202946307416, 0.2836369241836446, 0.06568444099803865, 0.013765256492612642, 0.0013724638012672426, 0.033885662528637644, 0.015409932748009551
2025-09-02, 0.15520017283804594, 0.4401746724890829, 0.38767202946307416, 0.2836369241836446, 0.06568444099803865, 0.013765256492612642, 0.0013724638012672426, 0.033885662528637644, 0.015409932748009551
2025-09-02, 0.15520017283804594, 0.4401746724890829, 0.38767202946307416, 0.2836369241836446, 0.06568444099803865, 0.013765256492612642, 0.0013724638012672426, 0.033885662528637644, 0.015409932748009551
2025-09-02, 0.15520017283804594, 0.4401746724890829, 0.38767202946307416, 0.2836369241836446, 0.06568444099803865, 0.013765256492612642, 0.0013724638012672426, 0.033885662528637644, 0.015409932748009551
2025-09-02, 0.15520017283804594, 0.4401746724890829, 0.38767202946307416, 0.2836369241836446, 0.06568444099803865, 0.013765256492612642, 0.0013724638012672426, 0.033885662528637644, 0.015409932748009551
2025-09-02, 0.34169356017389235, 1.1528384279475983, 0.49622019771273507, 0.28980294427459324, 0.7471605163526889, 0.0027530512985225316, 0.0, 0.023656028557728158, 0.021117315247272353
2025-09-02, 0.19851736850078566, 0.2724890829694323, 0.3256445047489826, 0.45936849677568536, 0.46800164211102524, 0.01927135908965769, 0.0013724638012672426, 0.04027918376045606, 0.0017122147497788279
2025-09-02, 0.1827139259426027, 0.1676855895196508, 0.1473153711959685, 0.6412660894586748, 0.42968571819550255, 0.022024410388180222, 0.004117391403801728, 0.04219724013000159, 0.007419597249041629
2025-09-02, 0.2306388515327066, 0.7545851528384276, 0.4341926729986431, 0.10173933150065516, 0.4953701591935407, 0.00825915389556758, 0.0013724638012672426, 0.031328254035910275, 0.018263623997640942
2025-08-03, 0.1636445401023187, 0.5030567685589519, 0.5039736383019964, 0.16339953241014318, 0.05473703416503246, 0.011012205194090127, 0.004117391403801728, 0.03004954978954659, 0.038810200994987026
2025-08-03, 0.1339916160333976, 0.48209606986899556, 0.32564450474898227, 0.1664825424556175, 0.021894813666012883, 0.011012205194090127, 0.004117391403801728, 0.023016676434546315, 0.03766872449513447
2025-08-03, 0.1339916160333976, 0.48209606986899556, 0.32564450474898227, 0.1664825424556175, 0.021894813666012883, 0.011012205194090127, 0.004117391403801728, 0.023016676434546315, 0.03766872449513447
2025-08-03, 0.1339916160333976, 0.48209606986899556, 0.32564450474898227, 0.1664825424556175, 0.021894813666012883, 0.011012205194090127, 0.004117391403801728, 0.023016676434546315, 0.03766872449513447
2025-08-03, 0.1339916160333976, 0.48209606986899556, 0.32564450474898227, 0.1664825424556175, 0.021894813666012883, 0.011012205194090127, 0.004117391403801728, 0.023016676434546315, 0.03766872449513447
2025-08-03, 0.1339916160333976, 0.48209606986899556, 0.32564450474898227, 0.1664825424556175, 0.021894813666012883, 0.011012205194090127, 0.004117391403801728, 0.023016676434546315, 0.03766872449513447
2025-08-03, 0.1339916160333976, 0.48209606986899556, 0.32564450474898227, 0.1664825424556175, 0.021894813666012883, 0.011012205194090127, 0.004117391403801728, 0.023016676434546315, 0.03766872449513447
2025-08-03, 0.1339916160333976, 0.48209606986899556, 0.32564450474898227, 0.1664825424556175, 0.021894813666012883, 0.011012205194090127, 0.004117391403801728, 0.023016676434546315, 0.03766872449513447
2025-08-03, 0.1339916160333976, 0.48209606986899556, 0.32564450474898227, 0.1664825424556175, 0.021894813666012883, 0.011012205194090127, 0.004117391403801728, 0.023016676434546315, 0.03766872449513447
2025-08-03, 0.1339916160333976, 0.48209606986899556, 0.32564450474898227, 0.1664825424556175, 0.021894813666012883, 0.011012205194090127, 0.004117391403801728, 0.023016676434546315, 0.03766872449513447
2025-08-03, 0.1339916160333976, 0.48209606986899556, 0.32564450474898227, 0.1664825424556175, 0.021894813666012883, 0.011012205194090127, 0.004117391403801728, 0.023016676434546315, 0.03766872449513447
2025-08-03, 0.3069042371004088, 0.9222707423580785, 0.4574529947664274, 0.2743878940472216, 0.7581079231856953, 0.0, 0.0, 0.017901859449091586, 0.025112482996756315
2025-08-03, 0.17288554512528326, 0.6078602620087337, 0.38767202946307416, 0.06782622100043668, 0.2545272088673995, 0.011012205194090127, 0.004117391403801728, 0.019819915818637103, 0.030249127246092824
2025-08-03, 0.19742276971982659, 0.14672489082969445, 0.15506881178522947, 0.6566811396860468, 0.49810701090179277, 0.022024410388180236, 0.010979710410137926, 0.03900047951409238, 0.0507957042434389
2025-08-03, 0.17571780537461798, 0.04192139737991247, 0.18608257414227544, 0.6196850191403537, 0.4597910869862706, 0.016518307791135174, 0.004117391403801728, 0.03196760615909212, 0.045659059994102386
2025-07-04, 0.11516513124758626, 0.2934497816593889, 0.08528784648187657, 0.3206330447293374, 0.1423162888290835, 0.013765256492612642, 0.0, 0.0287708455431829, 0.03709798624520817
2025-07-04, 0.11516513124758626, 0.2934497816593889, 0.08528784648187657, 0.3206330447293374, 0.1423162888290835, 0.013765256492612642, 0.0, 0.0287708455431829, 0.03709798624520817
2025-07-04, 0.11516513124758626, 0.2934497816593889, 0.08528784648187657, 0.3206330447293374, 0.1423162888290835, 0.013765256492612642, 0.0, 0.0287708455431829, 0.03709798624520817
2025-07-04, 0.11516513124758626, 0.2934497816593889, 0.08528784648187657, 0.3206330447293374, 0.1423162888290835, 0.013765256492612642, 0.0, 0.0287708455431829, 0.03709798624520817
2025-07-04, 0.11516513124758626, 0.2934497816593889, 0.08528784648187657, 0.3206330447293374, 0.1423162888290835, 0.013765256492612642, 0.0, 0.0287708455431829, 0.03709798624520817
2025-07-04, 0.11516513124758626, 0.2934497816593889, 0.08528784648187657, 0.3206330447293374, 0.1423162888290835, 0.013765256492612642, 0.0, 0.0287708455431829, 0.03709798624520817
2025-07-04, 0.11516513124758626, 0.2934497816593889, 0.08528784648187657, 0.3206330447293374, 0.1423162888290835, 0.013765256492612642, 0.0, 0.0287708455431829, 0.03709798624520817
2025-07-04, 0.11516513124758626, 0.2934497816593889, 0.08528784648187657, 0.3206330447293374, 0.1423162888290835, 0.013765256492612642, 0.0, 0.0287708455431829, 0.03709798624520817
2025-07-04, 0.11516513124758626, 0.2934497816593889, 0.08528784648187657, 0.3206330447293374, 0.1423162888290835, 0.013765256492612642, 0.0, 0.0287708455431829, 0.03709798624520817
2025-07-04, 0.11516513124758626, 0.2934497816593889, 0.08528784648187657, 0.3206330447293374, 0.1423162888290835, 0.013765256492612642, 0.0, 0.0287708455431829, 0.03709798624520817
2025-07-04, 0.11516513124758626, 0.2934497816593889, 0.08528784648187657, 0.3206330447293374, 0.1423162888290835, 0.013765256492612642, 0.0, 0.0287708455431829, 0.03709798624520817
2025-07-04, 0.19302442595098848, 0.9432314410480348, 0.0232603217677843, 0.055494180818539074, 0.45705423527801853, 0.00825915389556758, 0.0, 0.024934732804091846, 0.03196134199587167
2025-07-04, 0.11853987874455117, 0.33537117903930114, 0.10854816824966086, 0.3452971250931326, 0.07389499612279331, 0.013765256492612642, 0.0013724638012672426, 0.030688901912728432, 0.039380939244913295
2025-07-04, 0.27375485605070005, 0.2934497816593887, 0.2636169800348907, 0.8570767926418827, 0.6431601514391279, 0.024777461686702754, 0.005489855205068971, 0.0453940007459108, 0.05707382499262797
2025-07-04, 0.2829262126075257, 1.0899563318777292, 0.06978096530335325, 0.2836369241836446, 0.7772658851434566, 0.005506102597045063, 0.0013724638012672426, 0.015344450956364216, 0.020546576997346074
2025-06-04, 0.1386754793754232, 0.5659388646288207, 0.10854816824966086, 0.3360480949567096, 0.05473703416503197, 0.00825915389556758, 0.0013724638012672426, 0.023656028557728172, 0.01084402674859931
2025-06-04, 0.1386754793754232, 0.5659388646288207, 0.10854816824966086, 0.3360480949567096, 0.05473703416503197, 0.00825915389556758, 0.0013724638012672426, 0.023656028557728172, 0.01084402674859931
2025-06-04, 0.1386754793754232, 0.5659388646288207, 0.10854816824966086, 0.3360480949567096, 0.05473703416503197, 0.00825915389556758, 0.0013724638012672426, 0.023656028557728172, 0.01084402674859931
2025-06-04, 0.1386754793754232, 0.5659388646288207, 0.10854816824966086, 0.3360480949567096, 0.05473703416503197, 0.00825915389556758, 0.0013724638012672426, 0.023656028557728172, 0.01084402674859931
2025-06-04, 0.1386754793754232, 0.5659388646288207, 0.10854816824966086, 0.3360480949567096, 0.05473703416503197, 0.00825915389556758, 0.0013724638012672426, 0.023656028557728172, 0.01084402674859931
2025-06-04, 0.1386754793754232, 0.5659388646288207, 0.10854816824966086, 0.3360480949567096, 0.05473703416503197, 0.00825915389556758, 0.0013724638012672426, 0.023656028557728172, 0.01084402674859931
2025-06-04, 0.1386754793754232, 0.5659388646288207, 0.10854816824966086, 0.3360480949567096, 0.05473703416503197, 0.00825915389556758, 0.0013724638012672426, 0.023656028557728172, 0.01084402674859931
2025-06-04, 0.1386754793754232, 0.5659388646288207, 0.10854816824966086, 0.3360480949567096, 0.05473703416503197, 0.00825915389556758, 0.0013724638012672426, 0.023656028557728172, 0.01084402674859931
2025-06-04, 0.1386754793754232, 0.5659388646288207, 0.10854816824966086, 0.3360480949567096, 0.05473703416503197, 0.00825915389556758, 0.0013724638012672426, 0.023656028557728172, 0.01084402674859931
2025-06-04, 0.1386754793754232, 0.5659388646288207, 0.10854816824966086, 0.3360480949567096, 0.05473703416503197, 0.00825915389556758, 0.0013724638012672426, 0.023656028557728172, 0.01084402674859931
2025-06-04, 0.1386754793754232, 0.5659388646288207, 0.10854816824966086, 0.3360480949567096, 0.05473703416503197, 0.00825915389556758, 0.0013724638012672426, 0.023656028557728172, 0.01084402674859931
2025-06-04, 0.3079740067514837, 1.3834061135371178, 0.062027524714091925, 0.2158107031832079, 0.7526342197691922, 0.0, 0.0027449276025344853, 0.014065746710000543, 0.033102818495724225
2025-06-04, 0.15955294287926872, 0.5659388646288207, 0.015506881178522981, 0.40079130591167167, 0.24084295032614172, 0.011012205194090111, 0.0, 0.02749214129681923, 0.014839194498083285
2025-06-04, 0.14047090596673828, 0.7336244541484715, 0.10079472766039921, 0.15106749222824528, 0.09031610637230308, 0.00825915389556758, 0.0, 0.024295380680910018, 0.015409932748009551
2025-06-04, 0.17462912749967927, 0.02096069868995635, 0.255863539445629, 0.613518999049405, 0.4324225699037541, 0.024777461686702754, 0.005489855205068971, 0.037721775267728706, 0.006278120749189094
2025-05-05, 0.18108253039701816, 0.6707423580786027, 0.14731537119596816, 0.40695732600262036, 0.16421110249509638, 0.013765256492612642, 0.0027449276025344853, 0.022377324311364487, 0.020546576997346085
2025-05-05, 0.18108253039701816, 0.6707423580786027, 0.14731537119596816, 0.40695732600262036, 0.16421110249509638, 0.013765256492612642, 0.0027449276025344853, 0.022377324311364487, 0.020546576997346085
2025-05-05, 0.18108253039701816, 0.6707423580786027, 0.14731537119596816, 0.40695732600262036, 0.16421110249509638, 0.013765256492612642, 0.0027449276025344853, 0.022377324311364487, 0.020546576997346085
2025-05-05, 0.18108253039701816, 0.6707423580786027, 0.14731537119596816, 0.40695732600262036, 0.16421110249509638, 0.013765256492612642, 0.0027449276025344853, 0.022377324311364487, 0.020546576997346085
2025-05-05, 0.18108253039701816, 0.6707423580786027, 0.14731537119596816, 0.40695732600262036, 0.16421110249509638, 0.013765256492612642, 0.0027449276025344853, 0.022377324311364487, 0.020546576997346085
2025-05-05, 0.18108253039701816, 0.6707423580786027, 0.14731537119596816, 0.40695732600262036, 0.16421110249509638, 0.013765256492612642, 0.0027449276025344853, 0.022377324311364487, 0.020546576997346085
2025-05-05, 0.18108253039701816, 0.6707423580786027, 0.14731537119596816, 0.40695732600262036, 0.16421110249509638, 0.013765256492612642, 0.0027449276025344853, 0.022377324311364487, 0.020546576997346085
2025-05-05, 0.18108253039701816, 0.6707423580786027, 0.14731537119596816, 0.40695732600262036, 0.16421110249509638, 0.013765256492612642, 0.0027449276025344853, 0.022377324311364487, 0.020546576997346085
2025-05-05, 0.18108253039701816, 0.6707423580786027, 0.14731537119596816, 0.40695732600262036, 0.16421110249509638, 0.013765256492612642, 0.0027449276025344853, 0.022377324311364487, 0.020546576997346085
2025-05-05, 0.18108253039701816, 0.6707423580786027, 0.14731537119596816, 0.40695732600262036, 0.16421110249509638, 0.013765256492612642, 0.0027449276025344853, 0.022377324311364487, 0.020546576997346085
2025-05-05, 0.18108253039701816, 0.6707423580786027, 0.14731537119596816, 0.40695732600262036, 0.16421110249509638, 0.013765256492612642, 0.0027449276025344853, 0.022377324311364487, 0.020546576997346085
2025-05-05, 0.2694716954939749, 1.1528384279475983, 0.24035665826710603, 0.17264856254656644, 0.539159786525567, 0.0027530512985225316, 0.0013724638012672426, 0.019819915818637117, 0.026824697746535155
2025-05-05, 0.17024054126277297, 0.7336244541484713, 0.1783291335530141, 0.271304884001747, 0.12315832687132217, 0.013765256492612642, 0.0027449276025344853, 0.02301667643454633, 0.015980670997935844
2025-05-05, 0.16061770124597605, 0.33537117903930114, 0.0232603217677843, 0.613518999049405, 0.2545272088673995, 0.016518307791135174, 0.004117391403801728, 0.026213437050455545, 0.011414764998525603
2025-05-05, 0.20032944847490083, 0.10480349344978152, 0.031013762357045963, 0.7553374611412276, 0.6431601514391279, 0.022024410388180222, 0.006862319006336213, 0.037721775267728706, 0.0017122147497788533
2025-04-05, 0.17054869816276982, 0.33537117903930136, 0.13180849001744552, 0.6166020090948796, 0.1997901747023675, 0.011012205194090111, 0.005489855205068971, 0.02493473280409186, 0.03938093924491331
2025-04-05, 0.16176569747209088, 0.5240174672489085, 0.20934289591006008, 0.3206330447293377, 0.16968480591159948, 0.011012205194090111, 0.0027449276025344853, 0.02301667643454633, 0.03367355674565051
2025-04-05, 0.16176569747209088, 0.5240174672489085, 0.20934289591006008, 0.3206330447293377, 0.16968480591159948, 0.011012205194090111, 0.0027449276025344853, 0.02301667643454633, 0.03367355674565051
2025-04-05, 0.16176569747209088, 0.5240174672489085, 0.20934289591006008, 0.3206330447293377, 0.16968480591159948, 0.011012205194090111, 0.0027449276025344853, 0.02301667643454633, 0.03367355674565051
2025-04-05, 0.16176569747209088, 0.5240174672489085, 0.20934289591006008, 0.3206330447293377, 0.16968480591159948, 0.011012205194090111, 0.0027449276025344853, 0.02301667643454633, 0.03367355674565051
2025-04-05, 0.16176569747209088, 0.5240174672489085, 0.20934289591006008, 0.3206330447293377, 0.16968480591159948, 0.011012205194090111, 0.0027449276025344853, 0.02301667643454633, 0.03367355674565051
2025-04-05, 0.16176569747209088, 0.5240174672489085, 0.20934289591006008, 0.3206330447293377, 0.16968480591159948, 0.011012205194090111, 0.0027449276025344853, 0.02301667643454633, 0.03367355674565051
2025-04-05, 0.16176569747209088, 0.5240174672489085, 0.20934289591006008, 0.3206330447293377, 0.16968480591159948, 0.011012205194090111, 0.0027449276025344853, 0.02301667643454633, 0.03367355674565051
2025-04-05, 0.16176569747209088, 0.5240174672489085, 0.20934289591006008, 0.3206330447293377, 0.16968480591159948, 0.011012205194090111, 0.0027449276025344853, 0.02301667643454633, 0.03367355674565051
2025-04-05, 0.16176569747209088, 0.5240174672489085, 0.20934289591006008, 0.3206330447293377, 0.16968480591159948, 0.011012205194090111, 0.0027449276025344853, 0.02301667643454633, 0.03367355674565051
2025-04-05, 0.16176569747209088, 0.5240174672489085, 0.20934289591006008, 0.3206330447293377, 0.16968480591159948, 0.011012205194090111, 0.0027449276025344853, 0.02301667643454633, 0.03367355674565051
2025-04-05, 0.16035529542865623, 0.5240174672489085, 0.1705756929637528, 0.20039565295583597, 0.3174747981571866, 0.011012205194090111, 0.0027449276025344853, 0.022377324311364487, 0.034244294995576775
2025-04-05, 0.2625960741529595, 0.880349344978166, 0.23260321767784473, 0.19422963286488704, 0.752634219769192, 0.0027530512985225316, 0.0013724638012672426, 0.0134263945868187, 0.023400268246977475
2025-04-05, 0.16227126298823735, 0.0838427947598254, 0.06978096530335359, 0.7676695013231252, 0.27642202253341236, 0.019271359089657707, 0.009607246608870698, 0.028770845543182915, 0.04280536874447099
2025-04-05, 0.14453625583610788, 0.06288209606986905, 0.09304128707113789, 0.6628471597769957, 0.24905350545089638, 0.019271359089657707, 0.008234782807603456, 0.025574084927273703, 0.03538577149542933
2025-03-06, 0.2488242048802818, 0.25152838427947594, 0.0, 0.6720961899134187, 0.9934771700953338, 0.011012205194090111, 0.006862319006336213, 0.023656028557728172, 0.03196134199587165
2025-03-06, 0.10267806293797173, 0.020960698689956116, 0.015506881178522981, 0.21272769313773332, 0.5172649728595539, 0.005506102597045048, 0.0027449276025344853, 0.02045926794181896, 0.026253959496608862
2025-03-06, 0.10267806293797173, 0.020960698689956116, 0.015506881178522981, 0.21272769313773332, 0.5172649728595539, 0.005506102597045048, 0.0027449276025344853, 0.02045926794181896, 0.026253959496608862
2025-03-06, 0.10267806293797173, 0.020960698689956116, 0.015506881178522981, 0.21272769313773332, 0.5172649728595539, 0.005506102597045048, 0.0027449276025344853, 0.02045926794181896, 0.026253959496608862
2025-03-06, 0.10267806293797173, 0.020960698689956116, 0.015506881178522981, 0.21272769313773332, 0.5172649728595539, 0.005506102597045048, 0.0027449276025344853, 0.02045926794181896, 0.026253959496608862
2025-03-06, 0.10267806293797173, 0.020960698689956116, 0.015506881178522981, 0.21272769313773332, 0.5172649728595539, 0.005506102597045048, 0.0027449276025344853, 0.02045926794181896, 0.026253959496608862
2025-03-06, 0.10267806293797173, 0.020960698689956116, 0.015506881178522981, 0.21272769313773332, 0.5172649728595539, 0.005506102597045048, 0.0027449276025344853, 0.02045926794181896, 0.026253959496608862
2025-03-06, 0.10267806293797173, 0.020960698689956116, 0.015506881178522981, 0.21272769313773332, 0.5172649728595539, 0.005506102597045048, 0.0027449276025344853, 0.02045926794181896, 0.026253959496608862
2025-03-06, 0.10267806293797173, 0.020960698689956116, 0.015506881178522981, 0.21272769313773332, 0.5172649728595539, 0.005506102597045048, 0.0027449276025344853, 0.02045926794181896, 0.026253959496608862
2025-03-06, 0.10267806293797173, 0.020960698689956116, 0.015506881178522981, 0.21272769313773332, 0.5172649728595539, 0.005506102597045048, 0.0027449276025344853, 0.02045926794181896, 0.026253959496608862
2025-03-06, 0.10267806293797173, 0.020960698689956116, 0.015506881178522981, 0.21272769313773332, 0.5172649728595539, 0.005506102597045048, 0.0027449276025344853, 0.02045926794181896, 0.026253959496608862
2025-03-06, 0.14485308211745754, 0.0419213973799127, 0.015506881178522981, 0.3545461552295556, 0.6896866304794054, 0.005506102597045048, 0.006862319006336213, 0.01854121157227343, 0.026253959496608862
2025-03-06, 0.11587406399222433, 0.06288209606986905, 0.031013762357045963, 0.2558898337743748, 0.5172649728595539, 0.005506102597045048, 0.0027449276025344853, 0.024295380680910018, 0.02739543599646141
2025-03-06, 0.1356942892110839, 0.4820960698689958, 0.0232603217677843, 0.32988207486576065, 0.21621128495187705, 0.008259153895567594, 0.0, 0.012147690340455016, 0.013697717998230712
2025-03-06, 0.07185773557054609, 0.25152838427947594, 0.015506881178522981, 0.033913110500218474, 0.23810609861788992, 0.0, 0.004117391403801728, 0.013426394586818687, 0.018263623997640952
2025-02-04, 0.05786464142709005, 0.16768558951965057, 0.11630160883892218, 0.07707525113685995, 0.06294758928978686, 0.0, 0.0013724638012672426, 0.014705098833182372, 0.022829529997051182
2025-02-04, 0.12995664817482203, 0.0419213973799127, 0.10079472766039921, 0.3422141150476583, 0.49537015919354094, 0.005506102597045063, 0.005489855205068971, 0.019819915818637117, 0.028536912496313984
2025-02-04, 0.12995664817482203, 0.0419213973799127, 0.10079472766039921, 0.3422141150476583, 0.49537015919354094, 0.005506102597045063, 0.005489855205068971, 0.019819915818637117, 0.028536912496313984
2025-02-04, 0.12995664817482203, 0.0419213973799127, 0.10079472766039921, 0.3422141150476583, 0.49537015919354094, 0.005506102597045063, 0.005489855205068971, 0.019819915818637117, 0.028536912496313984
2025-02-04, 0.12995664817482203, 0.0419213973799127, 0.10079472766039921, 0.3422141150476583, 0.49537015919354094, 0.005506102597045063, 0.005489855205068971, 0.019819915818637117, 0.028536912496313984
2025-02-04, 0.12995664817482203, 0.0419213973799127, 0.10079472766039921, 0.3422141150476583, 0.49537015919354094, 0.005506102597045063, 0.005489855205068971, 0.019819915818637117, 0.028536912496313984
2025-02-04, 0.12995664817482203, 0.0419213973799127, 0.10079472766039921, 0.3422141150476583, 0.49537015919354094, 0.005506102597045063, 0.005489855205068971, 0.019819915818637117, 0.028536912496313984
2025-02-04, 0.12995664817482203, 0.0419213973799127, 0.10079472766039921, 0.3422141150476583, 0.49537015919354094, 0.005506102597045063, 0.005489855205068971, 0.019819915818637117, 0.028536912496313984
2025-02-04, 0.12995664817482203, 0.0419213973799127, 0.10079472766039921, 0.3422141150476583, 0.49537015919354094, 0.005506102597045063, 0.005489855205068971, 0.019819915818637117, 0.028536912496313984
2025-02-04, 0.12995664817482203, 0.0419213973799127, 0.10079472766039921, 0.3422141150476583, 0.49537015919354094, 0.005506102597045063, 0.005489855205068971, 0.019819915818637117, 0.028536912496313984
2025-02-04, 0.12995664817482203, 0.0419213973799127, 0.10079472766039921, 0.3422141150476583, 0.49537015919354094, 0.005506102597045063, 0.005489855205068971, 0.019819915818637117, 0.028536912496313984
2025-02-04, 0.05537365338553477, 0.16768558951965057, 0.046520643535568944, 0.15723351231919425, 0.027368517082515986, 0.0, 0.0013724638012672426, 0.01598380307954606, 0.026824697746535144
2025-02-04, 0.08351190798786294, 0.20960698689956325, 0.0232603217677843, 0.25897284381984936, 0.1395794371208322, 0.005506102597045048, 0.0027449276025344853, 0.009590281847727644, 0.018834362247567234
2025-02-04, 0.08310746757196885, 0.2934497816593887, 0.06978096530335325, 0.18498060272846378, 0.0766318478310451, 0.0027530512985225165, 0.0013724638012672426, 0.015344450956364216, 0.02054657699734606
2025-02-04, 0.1331957863305446, 0.3772925764192138, 0.06978096530335325, 0.31138401459291415, 0.26273776399215437, 0.011012205194090111, 0.0013724638012672426, 0.010868986094091329, 0.021117315247272343
2025-01-05, 0.065440051207161, 0.23056768558951984, 0.10079472766039921, 0.1264034118644501, 0.038315923915522666, 0.0027530512985225316, 0.0027449276025344853, 0.007672225478182115, 0.014268456248156992
2025-01-05, 0.09526266699108182, 0.0, 0.062027524714091925, 0.20656167304678463, 0.44336997673676054, 0.008259153895567594, 0.005489855205068971, 0.014705098833182372, 0.02168805349719862
2025-01-05, 0.09526266699108182, 0.0, 0.062027524714091925, 0.20656167304678463, 0.44336997673676054, 0.008259153895567594, 0.005489855205068971, 0.014705098833182372, 0.02168805349719862
2025-01-05, 0.09526266699108182, 0.0, 0.062027524714091925, 0.20656167304678463, 0.44336997673676054, 0.008259153895567594, 0.005489855205068971, 0.014705098833182372, 0.02168805349719862
2025-01-05, 0.09526266699108182, 0.0, 0.062027524714091925, 0.20656167304678463, 0.44336997673676054, 0.008259153895567594, 0.005489855205068971, 0.014705098833182372, 0.02168805349719862
2025-01-05, 0.09526266699108182, 0.0, 0.062027524714091925, 0.20656167304678463, 0.44336997673676054, 0.008259153895567594, 0.005489855205068971, 0.014705098833182372, 0.02168805349719862
2025-01-05, 0.09526266699108182, 0.0, 0.062027524714091925, 0.20656167304678463, 0.44336997673676054, 0.008259153895567594, 0.005489855205068971, 0.014705098833182372, 0.02168805349719862
2025-01-05, 0.09526266699108182, 0.0, 0.062027524714091925, 0.20656167304678463, 0.44336997673676054, 0.008259153895567594, 0.005489855205068971, 0.014705098833182372, 0.02168805349719862
2025-01-05, 0.09526266699108182, 0.0, 0.062027524714091925, 0.20656167304678463, 0.44336997673676054, 0.008259153895567594, 0.005489855205068971, 0.014705098833182372, 0.02168805349719862
2025-01-05, 0.09526266699108182, 0.0, 0.062027524714091925, 0.20656167304678463, 0.44336997673676054, 0.008259153895567594, 0.005489855205068971, 0.014705098833182372, 0.02168805349719862
2025-01-05, 0.09526266699108182, 0.0, 0.062027524714091925, 0.20656167304678463, 0.44336997673676054, 0.008259153895567594, 0.005489855205068971, 0.014705098833182372, 0.02168805349719862
2025-01-05, 0.08849452763701499, 0.2934497816593887, 0.10079472766039921, 0.22814274336510523, 0.06021073758153531, 0.0027530512985225316, 0.0013724638012672426, 0.006393521231818429, 0.014839194498083273
2025-01-05, 0.08571069583592361, 0.2934497816593887, 0.06978096530335325, 0.21581070318320764, 0.07389499612279331, 0.005506102597045063, 0.0027449276025344853, 0.010229633970909487, 0.014268456248156992
2025-01-05, 0.15278646139388713, 0.4401746724890831, 0.1550688117852298, 0.3452971250931323, 0.25179035715914794, 0.005506102597045048, 0.0013724638012672426, 0.007672225478182115, 0.015409932748009551
2025-01-05, 0.23768040697024684, 0.3772925764192138, 0.023260321767784472, 0.6196850191403542, 0.8046344022259726, 0.019271359089657707, 0.00823478280760344, 0.021098620065000802, 0.02796617424638769
2024-12-06, 0.1215504125597227, 0.46113537117903924, 0.16282225237449113, 0.2373917735015285, 0.08210555124754819, 0.0027530512985225316, 0.004117391403801728, 0.0089509297245458, 0.013126979748304431
2024-12-06, 0.13637769932778931, 0.16768558951965057, 0.13180849001744516, 0.18498060272846403, 0.5692651553163345, 0.0027530512985225165, 0.004117391403801728, 0.012147690340455, 0.018263623997640952
2024-12-06, 0.13637769932778931, 0.16768558951965057, 0.13180849001744516, 0.18498060272846403, 0.5692651553163345, 0.0027530512985225165, 0.004117391403801728, 0.012147690340455, 0.018263623997640952
2024-12-06, 0.13637769932778931, 0.16768558951965057, 0.13180849001744516, 0.18498060272846403, 0.5692651553163345, 0.0027530512985225165, 0.004117391403801728, 0.012147690340455, 0.018263623997640952
2024-12-06, 0.13637769932778931, 0.16768558951965057, 0.13180849001744516, 0.18498060272846403, 0.5692651553163345, 0.0027530512985225165, 0.004117391403801728, 0.012147690340455, 0.018263623997640952
2024-12-06, 0.13637769932778931, 0.16768558951965057, 0.13180849001744516, 0.18498060272846403, 0.5692651553163345, 0.0027530512985225165, 0.004117391403801728, 0.012147690340455, 0.018263623997640952
2024-12-06, 0.13637769932778931, 0.16768558951965057, 0.13180849001744516, 0.18498060272846403, 0.5692651553163345, 0.0027530512985225165, 0.004117391403801728, 0.012147690340455, 0.018263623997640952
2024-12-06, 0.13637769932778931, 0.16768558951965057, 0.13180849001744516, 0.18498060272846403, 0.5692651553163345, 0.0027530512985225165, 0.004117391403801728, 0.012147690340455, 0.018263623997640952
2024-12-06, 0.13637769932778931, 0.16768558951965057, 0.13180849001744516, 0.18498060272846403, 0.5692651553163345, 0.0027530512985225165, 0.004117391403801728, 0.012147690340455, 0.018263623997640952
2024-12-06, 0.13637769932778931, 0.16768558951965057, 0.13180849001744516, 0.18498060272846403, 0.5692651553163345, 0.0027530512985225165, 0.004117391403801728, 0.012147690340455, 0.018263623997640952
2024-12-06, 0.13637769932778931, 0.16768558951965057, 0.13180849001744516, 0.18498060272846403, 0.5692651553163345, 0.0027530512985225165, 0.004117391403801728, 0.012147690340455, 0.018263623997640952
2024-12-06, 0.10461819685510038, 0.4192139737991265, 0.17057569296375263, 0.22505973331963092, 0.0, 0.0027530512985225316, 0.0027449276025344853, 0.005754169108636586, 0.01084402674859931
2024-12-06, 0.10004131450581545, 0.3982532751091702, 0.11630160883892218, 0.24047478354700286, 0.01642111024950954, 0.0027530512985225316, 0.004117391403801728, 0.008311577601363957, 0.013697717998230712
2024-12-06, 0.12276151868543522, 0.5240174672489083, 0.14731537119596816, 0.28671993422911896, 0.0, 0.0027530512985225316, 0.004117391403801728, 0.005754169108636586, 0.011414764998525591
2024-12-06, 0.22601446730922983, 0.2724890829694324, 0.0775344058926149, 0.5179456876396991, 0.8812662500570175, 0.013765256492612642, 0.012352174211405168, 0.012787042463636844, 0.019975838747419792
2024-11-06, 0.10825809420091002, 0.3982532751091702, 0.1783291335530141, 0.2497238136834261, 0.010947406833006441, 0.0027530512985225165, 0.004117391403801728, 0.007672225478182115, 0.014268456248156992
2024-11-06, 0.13708797188222344, 0.10480349344978152, 0.10079472766039921, 0.2250597333196312, 0.6157916343566118, 0.011012205194090111, 0.009607246608870683, 0.010229633970909487, 0.019405100497493513
2024-11-06, 0.13708797188222344, 0.10480349344978152, 0.10079472766039921, 0.2250597333196312, 0.6157916343566118, 0.011012205194090111, 0.009607246608870683, 0.010229633970909487, 0.019405100497493513
2024-11-06, 0.13708797188222344, 0.10480349344978152, 0.10079472766039921, 0.2250597333196312, 0.6157916343566118, 0.011012205194090111, 0.009607246608870683, 0.010229633970909487, 0.019405100497493513
2024-11-06, 0.13708797188222344, 0.10480349344978152, 0.10079472766039921, 0.2250597333196312, 0.6157916343566118, 0.011012205194090111, 0.009607246608870683, 0.010229633970909487, 0.019405100497493513
2024-11-06, 0.13708797188222344, 0.10480349344978152, 0.10079472766039921, 0.2250597333196312, 0.6157916343566118, 0.011012205194090111, 0.009607246608870683, 0.010229633970909487, 0.019405100497493513
2024-11-06, 0.13708797188222344, 0.10480349344978152, 0.10079472766039921, 0.2250597333196312, 0.6157916343566118, 0.011012205194090111, 0.009607246608870683, 0.010229633970909487, 0.019405100497493513
2024-11-06, 0.13708797188222344, 0.10480349344978152, 0.10079472766039921, 0.2250597333196312, 0.6157916343566118, 0.011012205194090111, 0.009607246608870683, 0.010229633970909487, 0.019405100497493513
2024-11-06, 0.13708797188222344, 0.10480349344978152, 0.10079472766039921, 0.2250597333196312, 0.6157916343566118, 0.011012205194090111, 0.009607246608870683, 0.010229633970909487, 0.019405100497493513
2024-11-06, 0.13708797188222344, 0.10480349344978152, 0.10079472766039921, 0.2250597333196312, 0.6157916343566118, 0.011012205194090111, 0.009607246608870683, 0.010229633970909487, 0.019405100497493513
2024-11-06, 0.13708797188222344, 0.10480349344978152, 0.10079472766039921, 0.2250597333196312, 0.6157916343566118, 0.011012205194090111, 0.009607246608870683, 0.010229633970909487, 0.019405100497493513
2024-11-06, 0.10749559494879231, 0.3772925764192138, 0.17057569296375263, 0.17264856254656616, 0.11768462345481931, 0.0, 0.0027449276025344853, 0.007032873355000272, 0.011985503248451872
2024-11-06, 0.1098410673526414, 0.33537117903930114, 0.17057569296375263, 0.006166020090948665, 0.3256853532819415, 0.005506102597045048, 0.0068623190063361985, 0.010868986094091329, 0.017692885747714673
2024-11-06, 0.2345095359110669, 0.23056768558951973, 0.09304128707113789, 0.5395267579580196, 0.9469506910550564, 0.019271359089657696, 0.015097101813939653, 0.012787042463636844, 0.018834362247567234
2024-11-06, 0.15853622380745938, 0.5449781659388644, 0.1783291335530141, 0.36071217532050454, 0.16421110249509638, 0.0027530512985225316, 0.0, 0.007032873355000272, 0.01027328849867303
2024-10-07, 0.07670868809808983, 0.2934497816593887, 0.06978096530335325, 0.20656167304678463, 0.032842220499019324, 0.0, 0.004117391403801728, 0.0006393521231818429, 0.006278120749189069
2024-10-07, 0.12404754291945233, 0.02096069868995635, 0.1240550494281835, 0.19114662281941272, 0.6294758928978701, 0.00825915389556758, 0.0068623190063361985, 0.0019180563695455287, 0.00970255024874675
2024-10-07, 0.12404754291945233, 0.02096069868995635, 0.1240550494281835, 0.19114662281941272, 0.6294758928978701, 0.00825915389556758, 0.0068623190063361985, 0.0019180563695455287, 0.00970255024874675
2024-10-07, 0.12404754291945233, 0.02096069868995635, 0.1240550494281835, 0.19114662281941272, 0.6294758928978701, 0.00825915389556758, 0.0068623190063361985, 0.0019180563695455287, 0.00970255024874675
2024-10-07, 0.12404754291945233, 0.02096069868995635, 0.1240550494281835, 0.19114662281941272, 0.6294758928978701, 0.00825915389556758, 0.0068623190063361985, 0.0019180563695455287, 0.00970255024874675
2024-10-07, 0.12404754291945233, 0.02096069868995635, 0.1240550494281835, 0.19114662281941272, 0.6294758928978701, 0.00825915389556758, 0.0068623190063361985, 0.0019180563695455287, 0.00970255024874675
2024-10-07, 0.12404754291945233, 0.02096069868995635, 0.1240550494281835, 0.19114662281941272, 0.6294758928978701, 0.00825915389556758, 0.0068623190063361985, 0.0019180563695455287, 0.00970255024874675
2024-10-07, 0.12404754291945233, 0.02096069868995635, 0.1240550494281835, 0.19114662281941272, 0.6294758928978701, 0.00825915389556758, 0.0068623190063361985, 0.0019180563695455287, 0.00970255024874675
2024-10-07, 0.12404754291945233, 0.02096069868995635, 0.1240550494281835, 0.19114662281941272, 0.6294758928978701, 0.00825915389556758, 0.0068623190063361985, 0.0019180563695455287, 0.00970255024874675
2024-10-07, 0.12404754291945233, 0.02096069868995635, 0.1240550494281835, 0.19114662281941272, 0.6294758928978701, 0.00825915389556758, 0.0068623190063361985, 0.0019180563695455287, 0.00970255024874675
2024-10-07, 0.12404754291945233, 0.02096069868995635, 0.1240550494281835, 0.19114662281941272, 0.6294758928978701, 0.00825915389556758, 0.0068623190063361985, 0.0019180563695455287, 0.00970255024874675
2024-10-07, 0.09155115054729962, 0.33537117903930136, 0.1085481682496607, 0.22197672327415657, 0.054737034165032214, 0.0027530512985225316, 0.0027449276025344853, 0.0, 0.006278120749189069
2024-10-07, 0.09218339757443461, 0.33537117903930136, 0.1085481682496607, 0.16339953241014318, 0.11494777174656777, 0.0027530512985225316, 0.0027449276025344853, 0.0, 0.00970255024874675
2024-10-07, 0.08005715814619309, 0.2934497816593887, 0.10079472766039921, 0.20964468309225898, 0.021894813666012883, 0.0027530512985225316, 0.0013724638012672426, 0.0025574084927273717, 0.00799033549896791
2024-10-07, 0.13852494835274554, 0.4401746724890831, 0.14731537119596816, 0.332965084911235, 0.17515850932810284, 0.005506102597045063, 0.0013724638012672426, 0.0, 0.005707382499262789
2024-09-07, 0.1156312258244237, 0.2934497816593887, 0.24035665826710603, 0.21581070318320764, 0.16147425078684485, 0.005506102597045063, 0.0027449276025344853, 0.0, 0.005707382499262789
2024-09-07, 0.15608755882323475, 0.02096069868995635, 0.2636169800348907, 0.25280682372890073, 0.6896866304794054, 0.0027530512985225165, 0.009607246608870683, 0.0012787042463636858, 0.00799033549896791
2024-09-07, 0.15608755882323475, 0.02096069868995635, 0.2636169800348907, 0.25280682372890073, 0.6896866304794054, 0.0027530512985225165, 0.009607246608870683, 0.0012787042463636858, 0.00799033549896791
2024-09-07, 0.15608755882323475, 0.02096069868995635, 0.2636169800348907, 0.25280682372890073, 0.6896866304794054, 0.0027530512985225165, 0.009607246608870683, 0.0012787042463636858, 0.00799033549896791
2024-09-07, 0.15608755882323475, 0.02096069868995635, 0.2636169800348907, 0.25280682372890073, 0.6896866304794054, 0.0027530512985225165, 0.009607246608870683, 0.0012787042463636858, 0.00799033549896791
2024-09-07, 0.15608755882323475, 0.02096069868995635, 0.2636169800348907, 0.25280682372890073, 0.6896866304794054, 0.0027530512985225165, 0.009607246608870683, 0.0012787042463636858, 0.00799033549896791
2024-09-07, 0.15608755882323475, 0.02096069868995635, 0.2636169800348907, 0.25280682372890073, 0.6896866304794054, 0.0027530512985225165, 0.009607246608870683, 0.0012787042463636858, 0.00799033549896791
2024-09-07, 0.15608755882323475, 0.02096069868995635, 0.2636169800348907, 0.25280682372890073, 0.6896866304794054, 0.0027530512985225165, 0.009607246608870683, 0.0012787042463636858, 0.00799033549896791
2024-09-07, 0.15608755882323475, 0.02096069868995635, 0.2636169800348907, 0.25280682372890073, 0.6896866304794054, 0.0027530512985225165, 0.009607246608870683, 0.0012787042463636858, 0.00799033549896791
2024-09-07, 0.15608755882323475, 0.02096069868995635, 0.2636169800348907, 0.25280682372890073, 0.6896866304794054, 0.0027530512985225165, 0.009607246608870683, 0.0012787042463636858, 0.00799033549896791
2024-09-07, 0.15608755882323475, 0.02096069868995635, 0.2636169800348907, 0.25280682372890073, 0.6896866304794054, 0.0027530512985225165, 0.009607246608870683, 0.0012787042463636858, 0.00799033549896791
2024-09-07, 0.09909972275935384, 0.2724890829694323, 0.271370420624152, 0.10173933150065488, 0.12315832687132242, 0.008259153895567594, 0.0027449276025344853, 0.0044754648622729, 0.00856107374889419
2024-09-07, 0.10715438797391845, 0.2724890829694323, 0.2636169800348907, 0.11407137168255249, 0.18063221274460617, 0.011012205194090127, 0.0013724638012672426, 0.0031967606159092146, 0.01084402674859931
2024-09-07, 0.09419822778177757, 0.23056768558951962, 0.271370420624152, 0.14490147213729662, 0.08757925466405153, 0.005506102597045063, 0.004117391403801728, 0.0038361127390910575, 0.005707382499262789
2024-09-07, 0.10469087829111091, 0.2934497816593887, 0.271370420624152, 0.17264856254656616, 0.0766318478310451, 0.008259153895567594, 0.004117391403801728, 0.0019180563695455287, 0.009131811998820471
2024-08-08, 0.04786158647935938, 0.2934497816593887, 0.015506881178522981, 0.052411170773064744, 0.010947406833006441, 0.005506102597045063, 0.0013724638012672426, 0.0025574084927273717, 0.0011414764998525476
2024-08-08, 0.1566120033420224, 0.06288209606986905, 0.0775344058926149, 0.480949567094006, 0.6075810792318572, 0.005506102597045048, 0.009607246608870683, 0.0025574084927273717, 0.006278120749189069
2024-08-08, 0.1566120033420224, 0.06288209606986905, 0.0775344058926149, 0.480949567094006, 0.6075810792318572, 0.005506102597045048, 0.009607246608870683, 0.0025574084927273717, 0.006278120749189069
2024-08-08, 0.1566120033420224, 0.06288209606986905, 0.0775344058926149, 0.480949567094006, 0.6075810792318572, 0.005506102597045048, 0.009607246608870683, 0.0025574084927273717, 0.006278120749189069
2024-08-08, 0.1566120033420224, 0.06288209606986905, 0.0775344058926149, 0.480949567094006, 0.6075810792318572, 0.005506102597045048, 0.009607246608870683, 0.0025574084927273717, 0.006278120749189069
2024-08-08, 0.1566120033420224, 0.06288209606986905, 0.0775344058926149, 0.480949567094006, 0.6075810792318572, 0.005506102597045048, 0.009607246608870683, 0.0025574084927273717, 0.006278120749189069
2024-08-08, 0.1566120033420224, 0.06288209606986905, 0.0775344058926149, 0.480949567094006, 0.6075810792318572, 0.005506102597045048, 0.009607246608870683, 0.0025574084927273717, 0.006278120749189069
2024-08-08, 0.1566120033420224, 0.06288209606986905, 0.0775344058926149, 0.480949567094006, 0.6075810792318572, 0.005506102597045048, 0.009607246608870683, 0.0025574084927273717, 0.006278120749189069
2024-08-08, 0.1566120033420224, 0.06288209606986905, 0.0775344058926149, 0.480949567094006, 0.6075810792318572, 0.005506102597045048, 0.009607246608870683, 0.0025574084927273717, 0.006278120749189069
2024-08-08, 0.1566120033420224, 0.06288209606986905, 0.0775344058926149, 0.480949567094006, 0.6075810792318572, 0.005506102597045048, 0.009607246608870683, 0.0025574084927273717, 0.006278120749189069
2024-08-08, 0.1566120033420224, 0.06288209606986905, 0.0775344058926149, 0.480949567094006, 0.6075810792318572, 0.005506102597045048, 0.009607246608870683, 0.0025574084927273717, 0.006278120749189069
2024-08-08, 0.0513125342730549, 0.23056768558951962, 0.0232603217677843, 0.10790535159160382, 0.030105368790767778, 0.005506102597045063, 0.0027449276025344853, 0.0012787042463636858, 0.009131811998820471
2024-08-08, 0.05338607572539783, 0.25152838427947594, 0.03876720294630728, 0.04007913059116714, 0.07663184783104485, 0.011012205194090127, 0.0027449276025344853, 0.005754169108636586, 0.0005707382499262802
2024-08-08, 0.04059150556122758, 0.23056768558951962, 0.015506881178522981, 0.006166020090948665, 0.05747388587328376, 0.008259153895567594, 0.0, 0.0044754648622729, 0.002282952999705108
2024-08-08, 0.3099512165722164, 0.4192139737991265, 0.09304128707113789, 0.9403180638696913, 0.9852666149705789, 0.016518307791135167, 0.012352174211405168, 0.0031967606159092146, 0.00970255024874675
2024-07-09, 0.0796618984488864, 0.31441048034934477, 0.03876720294630745, 0.07090923104591129, 0.16694795420334807, 0.01376525649261265, 0.0027449276025344853, 0.0166231552027279, 0.013126979748304445
2024-07-09, 0.15377486683856206, 0.04192139737991247, 0.0, 0.44703645659378777, 0.7115814441454181, 0.0027530512985225316, 0.005489855205068971, 0.013426394586818687, 0.007990335498967922
2024-07-09, 0.15377486683856206, 0.04192139737991247, 0.0, 0.44703645659378777, 0.7115814441454181, 0.0027530512985225316, 0.005489855205068971, 0.013426394586818687, 0.007990335498967922
2024-07-09, 0.15377486683856206, 0.04192139737991247, 0.0, 0.44703645659378777, 0.7115814441454181, 0.0027530512985225316, 0.005489855205068971, 0.013426394586818687, 0.007990335498967922
2024-07-09, 0.15377486683856206, 0.04192139737991247, 0.0, 0.44703645659378777, 0.7115814441454181, 0.0027530512985225316, 0.005489855205068971, 0.013426394586818687, 0.007990335498967922
2024-07-09, 0.15377486683856206, 0.04192139737991247, 0.0, 0.44703645659378777, 0.7115814441454181, 0.0027530512985225316, 0.005489855205068971, 0.013426394586818687, 0.007990335498967922
2024-07-09, 0.15377486683856206, 0.04192139737991247, 0.0, 0.44703645659378777, 0.7115814441454181, 0.0027530512985225316, 0.005489855205068971, 0.013426394586818687, 0.007990335498967922
2024-07-09, 0.15377486683856206, 0.04192139737991247, 0.0, 0.44703645659378777, 0.7115814441454181, 0.0027530512985225316, 0.005489855205068971, 0.013426394586818687, 0.007990335498967922
2024-07-09, 0.15377486683856206, 0.04192139737991247, 0.0, 0.44703645659378777, 0.7115814441454181, 0.0027530512985225316, 0.005489855205068971, 0.013426394586818687, 0.007990335498967922
2024-07-09, 0.15377486683856206, 0.04192139737991247, 0.0, 0.44703645659378777, 0.7115814441454181, 0.0027530512985225316, 0.005489855205068971, 0.013426394586818687, 0.007990335498967922
2024-07-09, 0.15377486683856206, 0.04192139737991247, 0.0, 0.44703645659378777, 0.7115814441454181, 0.0027530512985225316, 0.005489855205068971, 0.013426394586818687, 0.007990335498967922
2024-07-09, 0.07527368043241404, 0.31441048034934477, 0.015506881178522981, 0.05241117077306488, 0.1778953610363545, 0.01376525649261265, 0.0013724638012672426, 0.01598380307954606, 0.010844026748599323
2024-07-09, 0.09671721155489789, 0.2934497816593884, 0.015506881178522981, 0.12948642190992468, 0.29557998449117356, 0.011012205194090118, 0.0013724638012672426, 0.015344450956364216, 0.011985503248451884
2024-07-09, 0.32835491013626844, 0.2934497816593888, 0.007753440589261491, 1.0173933150065513, 1.278109747753501, 0.008259153895567587, 0.012352174211405168, 0.008950929724545786, 0.0005707382499262802
2024-07-09, 0.2065376738176919, 0.02096069868995635, 0.0, 0.6628471597769957, 0.9387401359303016, 0.0027530512985225316, 0.006862319006336213, 0.012147690340455, 0.007990335498967922
2024-06-09, 0.059295925970804415, 0.0838427947598254, 0.046520643535568944, 0.08324127122780875, 0.21894813666012872, 0.019271359089657707, 0.004117391403801728, 0.012147690340455016, 0.006278120749189069
2024-06-09, 0.17754284132125223, 0.12576419213973786, 0.031013762357045963, 0.4871155871849548, 0.7526342197691921, 0.0055061025970450555, 0.010979710410137926, 0.0044754648622729, 0.002853691249631401
2024-06-09, 0.17754284132125223, 0.12576419213973786, 0.031013762357045963, 0.4871155871849548, 0.7526342197691921, 0.0055061025970450555, 0.010979710410137926, 0.0044754648622729, 0.002853691249631401
2024-06-09, 0.17754284132125223, 0.12576419213973786, 0.031013762357045963, 0.4871155871849548, 0.7526342197691921, 0.0055061025970450555, 0.010979710410137926, 0.0044754648622729, 0.002853691249631401
2024-06-09, 0.17754284132125223, 0.12576419213973786, 0.031013762357045963, 0.4871155871849548, 0.7526342197691921, 0.0055061025970450555, 0.010979710410137926, 0.0044754648622729, 0.002853691249631401
2024-06-09, 0.17754284132125223, 0.12576419213973786, 0.031013762357045963, 0.4871155871849548, 0.7526342197691921, 0.0055061025970450555, 0.010979710410137926, 0.0044754648622729, 0.002853691249631401
2024-06-09, 0.17754284132125223, 0.12576419213973786, 0.031013762357045963, 0.4871155871849548, 0.7526342197691921, 0.0055061025970450555, 0.010979710410137926, 0.0044754648622729, 0.002853691249631401
2024-06-09, 0.17754284132125223, 0.12576419213973786, 0.031013762357045963, 0.4871155871849548, 0.7526342197691921, 0.0055061025970450555, 0.010979710410137926, 0.0044754648622729, 0.002853691249631401
2024-06-09, 0.17754284132125223, 0.12576419213973786, 0.031013762357045963, 0.4871155871849548, 0.7526342197691921, 0.0055061025970450555, 0.010979710410137926, 0.0044754648622729, 0.002853691249631401
2024-06-09, 0.17754284132125223, 0.12576419213973786, 0.031013762357045963, 0.4871155871849548, 0.7526342197691921, 0.0055061025970450555, 0.010979710410137926, 0.0044754648622729, 0.002853691249631401
2024-06-09, 0.17754284132125223, 0.12576419213973786, 0.031013762357045963, 0.4871155871849548, 0.7526342197691921, 0.0055061025970450555, 0.010979710410137926, 0.0044754648622729, 0.002853691249631401
2024-06-09, 0.06102650001063584, 0.0838427947598254, 0.06978096530335341, 0.09557331140970636, 0.20526387811887048, 0.013765256492612642, 0.004117391403801728, 0.009590281847727644, 0.006278120749189069
2024-06-09, 0.05613460119563071, 0.23056768558951984, 0.0775344058926149, 0.0030830100454743324, 0.09305295808055451, 0.022024410388180236, 0.0027449276025344853, 0.011508338217273172, 0.00856107374889419
2024-06-09, 0.29131717851609457, 0.35633187772925745, 0.023260321767784472, 0.8539937825964082, 1.0673721662181272, 0.005506102597045063, 0.016469565615206898, 0.007032873355000272, 0.0005707382499262802
2024-06-09, 0.05857614938921438, 0.1676855895196508, 0.031013762357045963, 0.05549418081853921, 0.17515850932810295, 0.019271359089657707, 0.004117391403801728, 0.009590281847727644, 0.006278120749189069
2024-05-10, 0.04521450396580742, 0.06288209606986905, 0.0232603217677843, 0.052411170773064744, 0.1833690644528576, 0.011012205194090118, 0.006862319006336213, 0.012787042463636858, 0.009131811998820471
2024-05-10, 0.21619242656066137, 0.25152838427947594, 0.03101376235704579, 0.5549418081853917, 0.8703188432240114, 0.0, 0.012352174211405168, 0.007672225478182115, 0.0017122147497788405
2024-05-10, 0.21619242656066137, 0.25152838427947594, 0.03101376235704579, 0.5549418081853917, 0.8703188432240114, 0.0, 0.012352174211405168, 0.007672225478182115, 0.0017122147497788405
2024-05-10, 0.21619242656066137, 0.25152838427947594, 0.03101376235704579, 0.5549418081853917, 0.8703188432240114, 0.0, 0.012352174211405168, 0.007672225478182115, 0.0017122147497788405
2024-05-10, 0.21619242656066137, 0.25152838427947594, 0.03101376235704579, 0.5549418081853917, 0.8703188432240114, 0.0, 0.012352174211405168, 0.007672225478182115, 0.0017122147497788405
2024-05-10, 0.21619242656066137, 0.25152838427947594, 0.03101376235704579, 0.5549418081853917, 0.8703188432240114, 0.0, 0.012352174211405168, 0.007672225478182115, 0.0017122147497788405
2024-05-10, 0.21619242656066137, 0.25152838427947594, 0.03101376235704579, 0.5549418081853917, 0.8703188432240114, 0.0, 0.012352174211405168, 0.007672225478182115, 0.0017122147497788405
2024-05-10, 0.21619242656066137, 0.25152838427947594, 0.03101376235704579, 0.5549418081853917, 0.8703188432240114, 0.0, 0.012352174211405168, 0.007672225478182115, 0.0017122147497788405
2024-05-10, 0.21619242656066137, 0.25152838427947594, 0.03101376235704579, 0.5549418081853917, 0.8703188432240114, 0.0, 0.012352174211405168, 0.007672225478182115, 0.0017122147497788405
2024-05-10, 0.21619242656066137, 0.25152838427947594, 0.03101376235704579, 0.5549418081853917, 0.8703188432240114, 0.0, 0.012352174211405168, 0.007672225478182115, 0.0017122147497788405
2024-05-10, 0.21619242656066137, 0.25152838427947594, 0.03101376235704579, 0.5549418081853917, 0.8703188432240114, 0.0, 0.012352174211405168, 0.007672225478182115, 0.0017122147497788405
2024-05-10, 0.030952364772573602, 0.06288209606986905, 0.007753440589261491, 0.027747090409269537, 0.1149477717465674, 0.011012205194090118, 0.005489855205068971, 0.011508338217273172, 0.006278120749189069
2024-05-10, 0.03805292577197676, 0.0419213973799127, 0.0232603217677843, 0.046245150682115946, 0.15052684395383853, 0.011012205194090118, 0.009607246608870698, 0.012147690340455016, 0.00970255024874675
2024-05-10, 0.05363380442316837, 0.1886462882096069, 0.031013762357045963, 0.02158107031832074, 0.14505314053733517, 0.008259153895567587, 0.009607246608870698, 0.014065746710000543, 0.01084402674859931
2024-05-10, 0.050927338759728547, 0.0419213973799127, 0.03876720294630728, 0.06782622100043682, 0.21894813666012872, 0.011012205194090118, 0.008234782807603456, 0.012147690340455016, 0.00856107374889419
2024-04-10, 0.07234529043420043, 0.3982532751091704, 0.03876720294630745, 0.015415050227371935, 0.07663184783104497, 0.011012205194090118, 0.0027449276025344853, 0.021098620065000802, 0.014839194498083273
2024-04-10, 0.18723908816798374, 0.1676855895196508, 0.10079472766039921, 0.45936849677568525, 0.7252657026866761, 0.0055061025970450555, 0.010979710410137926, 0.019180563695455274, 0.009131811998820471
2024-04-10, 0.18723908816798374, 0.1676855895196508, 0.10079472766039921, 0.45936849677568525, 0.7252657026866761, 0.0055061025970450555, 0.010979710410137926, 0.019180563695455274, 0.009131811998820471
2024-04-10, 0.18723908816798374, 0.1676855895196508, 0.10079472766039921, 0.45936849677568525, 0.7252657026866761, 0.0055061025970450555, 0.010979710410137926, 0.019180563695455274, 0.009131811998820471
2024-04-10, 0.18723908816798374, 0.1676855895196508, 0.10079472766039921, 0.45936849677568525, 0.7252657026866761, 0.0055061025970450555, 0.010979710410137926, 0.019180563695455274, 0.009131811998820471
2024-04-10, 0.18723908816798374, 0.1676855895196508, 0.10079472766039921, 0.45936849677568525, 0.7252657026866761, 0.0055061025970450555, 0.010979710410137926, 0.019180563695455274, 0.009131811998820471
2024-04-10, 0.18723908816798374, 0.1676855895196508, 0.10079472766039921, 0.45936849677568525, 0.7252657026866761, 0.0055061025970450555, 0.010979710410137926, 0.019180563695455274, 0.009131811998820471
2024-04-10, 0.18723908816798374, 0.1676855895196508, 0.10079472766039921, 0.45936849677568525, 0.7252657026866761, 0.0055061025970450555, 0.010979710410137926, 0.019180563695455274, 0.009131811998820471
2024-04-10, 0.18723908816798374, 0.1676855895196508, 0.10079472766039921, 0.45936849677568525, 0.7252657026866761, 0.0055061025970450555, 0.010979710410137926, 0.019180563695455274, 0.009131811998820471
2024-04-10, 0.18723908816798374, 0.1676855895196508, 0.10079472766039921, 0.45936849677568525, 0.7252657026866761, 0.0055061025970450555, 0.010979710410137926, 0.019180563695455274, 0.009131811998820471
2024-04-10, 0.18723908816798374, 0.1676855895196508, 0.10079472766039921, 0.45936849677568525, 0.7252657026866761, 0.0055061025970450555, 0.010979710410137926, 0.019180563695455274, 0.009131811998820471
2024-04-10, 0.09628491046443581, 0.4401746724890831, 0.0775344058926149, 0.049328160727590414, 0.1560005473703416, 0.008259153895567587, 0.004117391403801728, 0.021737972188182644, 0.013126979748304431
2024-04-10, 0.0840508313717403, 0.4401746724890831, 0.0775344058926149, 0.00924903013642327, 0.09031610637230296, 0.01651830779113518, 0.0027449276025344853, 0.02045926794181896, 0.015409932748009551
2024-04-10, 0.2723260943364377, 0.16768558951965057, 0.046520643535568944, 0.8632428127328315, 1.0618984628016241, 0.011012205194090111, 0.015097101813939653, 0.010868986094091315, 0.0022829529997051208
2024-04-10, 0.12100260700428342, 0.2934497816593887, 0.03876720294630745, 0.18498060272846392, 0.4077909045294896, 0.005506102597045063, 0.0068623190063361985, 0.019819915818637117, 0.01084402674859931
2024-03-11, 0.02985150602667625, 0.0419213973799127, 0.046520643535568944, 0.006166020090948802, 0.09305295808055476, 0.011012205194090111, 0.0, 0.023016676434546315, 0.01712214749778839
2024-03-11, 0.20224008250343303, 0.23056768558951962, 0.11630160883892218, 0.4747835470030573, 0.7800027368517083, 0.0, 0.004117391403801728, 0.012147690340455, 0.0
2024-03-11, 0.20224008250343303, 0.23056768558951962, 0.11630160883892218, 0.4747835470030573, 0.7800027368517083, 0.0, 0.004117391403801728, 0.012147690340455, 0.0
2024-03-11, 0.20224008250343303, 0.23056768558951962, 0.11630160883892218, 0.4747835470030573, 0.7800027368517083, 0.0, 0.004117391403801728, 0.012147690340455, 0.0
2024-03-11, 0.20224008250343303, 0.23056768558951962, 0.11630160883892218, 0.4747835470030573, 0.7800027368517083, 0.0, 0.004117391403801728, 0.012147690340455, 0.0
2024-03-11, 0.20224008250343303, 0.23056768558951962, 0.11630160883892218, 0.4747835470030573, 0.7800027368517083, 0.0, 0.004117391403801728, 0.012147690340455, 0.0
2024-03-11, 0.20224008250343303, 0.23056768558951962, 0.11630160883892218, 0.4747835470030573, 0.7800027368517083, 0.0, 0.004117391403801728, 0.012147690340455, 0.0
2024-03-11, 0.20224008250343303, 0.23056768558951962, 0.11630160883892218, 0.4747835470030573, 0.7800027368517083, 0.0, 0.004117391403801728, 0.012147690340455, 0.0
2024-03-11, 0.20224008250343303, 0.23056768558951962, 0.11630160883892218, 0.4747835470030573, 0.7800027368517083, 0.0, 0.004117391403801728, 0.012147690340455, 0.0
2024-03-11, 0.20224008250343303, 0.23056768558951962, 0.11630160883892218, 0.4747835470030573, 0.7800027368517083, 0.0, 0.004117391403801728, 0.012147690340455, 0.0
2024-03-11, 0.20224008250343303, 0.23056768558951962, 0.11630160883892218, 0.4747835470030573, 0.7800027368517083, 0.0, 0.004117391403801728, 0.012147690340455, 0.0
2024-03-11, 0.059195530125471414, 0.18864628820960713, 0.0852878464818764, 0.015415050227371935, 0.12863203028782563, 0.011012205194090111, 0.0013724638012672426, 0.024934732804091846, 0.018263623997640952
2024-03-11, 0.04866841872630065, 0.10480349344978175, 0.10079472766039921, 0.02158107031832074, 0.1094740683300643, 0.013765256492612642, 0.0, 0.022377324311364473, 0.016551409247862112
2024-03-11, 0.06233214891420183, 0.10480349344978175, 0.0852878464818764, 0.04007913059116714, 0.2134744332436254, 0.011012205194090111, 0.0013724638012672426, 0.024934732804091846, 0.017692885747714673
2024-03-11, 0.0764957237392482, 0.14672489082969445, 0.10079472766039921, 0.07090923104591101, 0.2408429503261416, 0.013765256492612642, 0.0, 0.022377324311364473, 0.016551409247862112
2024-02-10, 0.05745940928622026, 0.25152838427947594, 0.031013762357045963, 0.04316214063664148, 0.09031610637230308, 0.008259153895567587, 0.004117391403801728, 0.009590281847727629, 0.021688053497198635
2024-02-10, 0.18247280991214312, 0.02096069868995635, 0.0775344058926149, 0.5826888985946611, 0.7526342197691922, 0.0027530512985225316, 0.008234782807603456, 0.0012787042463636858, 0.013697717998230712
2024-02-10, 0.18247280991214312, 0.02096069868995635, 0.0775344058926149, 0.5826888985946611, 0.7526342197691922, 0.0027530512985225316, 0.008234782807603456, 0.0012787042463636858, 0.013697717998230712
2024-02-10, 0.18247280991214312, 0.02096069868995635, 0.0775344058926149, 0.5826888985946611, 0.7526342197691922, 0.0027530512985225316, 0.008234782807603456, 0.0012787042463636858, 0.013697717998230712
2024-02-10, 0.18247280991214312, 0.02096069868995635, 0.0775344058926149, 0.5826888985946611, 0.7526342197691922, 0.0027530512985225316, 0.008234782807603456, 0.0012787042463636858, 0.013697717998230712
2024-02-10, 0.18247280991214312, 0.02096069868995635, 0.0775344058926149, 0.5826888985946611, 0.7526342197691922, 0.0027530512985225316, 0.008234782807603456, 0.0012787042463636858, 0.013697717998230712
2024-02-10, 0.18247280991214312, 0.02096069868995635, 0.0775344058926149, 0.5826888985946611, 0.7526342197691922, 0.0027530512985225316, 0.008234782807603456, 0.0012787042463636858, 0.013697717998230712
2024-02-10, 0.18247280991214312, 0.02096069868995635, 0.0775344058926149, 0.5826888985946611, 0.7526342197691922, 0.0027530512985225316, 0.008234782807603456, 0.0012787042463636858, 0.013697717998230712
2024-02-10, 0.18247280991214312, 0.02096069868995635, 0.0775344058926149, 0.5826888985946611, 0.7526342197691922, 0.0027530512985225316, 0.008234782807603456, 0.0012787042463636858, 0.013697717998230712
2024-02-10, 0.18247280991214312, 0.02096069868995635, 0.0775344058926149, 0.5826888985946611, 0.7526342197691922, 0.0027530512985225316, 0.008234782807603456, 0.0012787042463636858, 0.013697717998230712
2024-02-10, 0.18247280991214312, 0.02096069868995635, 0.0775344058926149, 0.5826888985946611, 0.7526342197691922, 0.0027530512985225316, 0.008234782807603456, 0.0012787042463636858, 0.013697717998230712
2024-02-10, 0.05610593043315375, 0.1886462882096069, 0.031013762357045963, 0.04007913059116714, 0.14505314053733528, 0.0055061025970450555, 0.005489855205068971, 0.010229633970909473, 0.022829529997051193
2024-02-10, 0.08059939735657369, 0.20960698689956325, 0.046520643535568944, 0.12640341186445037, 0.22442184007663193, 0.0055061025970450555, 0.004117391403801728, 0.0076722254781821, 0.020546576997346074
2024-02-10, 0.295263402635219, 0.3982532751091702, 0.0775344058926149, 0.8509107725509338, 1.0016877252200886, 0.01376525649261265, 0.012352174211405177, 0.007032873355000272, 0.0005707382499262802
2024-02-10, 0.08241200000112184, 0.20960698689956325, 0.062027524714091925, 0.1418184620918223, 0.20800072982712217, 0.0055061025970450555, 0.004117391403801728, 0.0076722254781821, 0.020546576997346074
2024-01-11, 0.10347029805663227, 0.33537117903930114, 0.16282225237449113, 0.12640341186445037, 0.1587373990785933, 0.008259153895567587, 0.00274492760253447, 0.008311577601363944, 0.025112482996756315
2024-01-11, 0.1893536421021409, 0.0, 0.10079472766039921, 0.6351000693677261, 0.7608447748939471, 0.0, 0.004117391403801713, 0.0025574084927273717, 0.011414764998525603
2024-01-11, 0.1893536421021409, 0.0, 0.10079472766039921, 0.6351000693677261, 0.7608447748939471, 0.0, 0.004117391403801713, 0.0025574084927273717, 0.011414764998525603
2024-01-11, 0.1893536421021409, 0.0, 0.10079472766039921, 0.6351000693677261, 0.7608447748939471, 0.0, 0.004117391403801713, 0.0025574084927273717, 0.011414764998525603
2024-01-11, 0.1893536421021409, 0.0, 0.10079472766039921, 0.6351000693677261, 0.7608447748939471, 0.0, 0.004117391403801713, 0.0025574084927273717, 0.011414764998525603
2024-01-11, 0.1893536421021409, 0.0, 0.10079472766039921, 0.6351000693677261, 0.7608447748939471, 0.0, 0.004117391403801713, 0.0025574084927273717, 0.011414764998525603
2024-01-11, 0.1893536421021409, 0.0, 0.10079472766039921, 0.6351000693677261, 0.7608447748939471, 0.0, 0.004117391403801713, 0.0025574084927273717, 0.011414764998525603
2024-01-11, 0.1893536421021409, 0.0, 0.10079472766039921, 0.6351000693677261, 0.7608447748939471, 0.0, 0.004117391403801713, 0.0025574084927273717, 0.011414764998525603
2024-01-11, 0.1893536421021409, 0.0, 0.10079472766039921, 0.6351000693677261, 0.7608447748939471, 0.0, 0.004117391403801713, 0.0025574084927273717, 0.011414764998525603
2024-01-11, 0.1893536421021409, 0.0, 0.10079472766039921, 0.6351000693677261, 0.7608447748939471, 0.0, 0.004117391403801713, 0.0025574084927273717, 0.011414764998525603
2024-01-11, 0.1893536421021409, 0.0, 0.10079472766039921, 0.6351000693677261, 0.7608447748939471, 0.0, 0.004117391403801713, 0.0025574084927273717, 0.011414764998525603
2024-01-11, 0.08749416252250583, 0.25152838427947594, 0.12405504942818385, 0.1079053515916041, 0.16968480591159973, 0.008259153895567587, 0.00274492760253447, 0.008950929724545786, 0.026824697746535155
2024-01-11, 0.1005006331216024, 0.33537117903930114, 0.09304128707113789, 0.1079053515916041, 0.21621128495187705, 0.011012205194090118, 0.004117391403801713, 0.008950929724545786, 0.027395435996461437
2024-01-11, 0.0988425240140789, 0.25152838427947594, 0.13180849001744516, 0.13256943195539903, 0.2271586917848835, 0.008259153895567587, 0.005489855205068956, 0.0076722254781821, 0.026253959496608876
2024-01-11, 0.11000914047962596, 0.2934497816593884, 0.13956193060670682, 0.1541505022737199, 0.24905350545089638, 0.008259153895567587, 0.00274492760253447, 0.008311577601363944, 0.024541744746830036
2023-12-12, 0.06724668539307663, 0.18864628820960713, 0.2170963364993214, 0.006166020090948665, 0.08210555124754819, 0.011012205194090127, 0.0013724638012672426, 0.007032873355000258, 0.024541744746830036
2023-12-12, 0.21638078126450278, 0.08384279475982516, 0.20934289591006008, 0.5919379287310844, 0.8265292158919858, 0.0, 0.005489855205068956, 0.0019180563695455287, 0.011985503248451884
2023-12-12, 0.21638078126450278, 0.08384279475982516, 0.20934289591006008, 0.5919379287310844, 0.8265292158919858, 0.0, 0.005489855205068956, 0.0019180563695455287, 0.011985503248451884
2023-12-12, 0.21638078126450278, 0.08384279475982516, 0.20934289591006008, 0.5919379287310844, 0.8265292158919858, 0.0, 0.005489855205068956, 0.0019180563695455287, 0.011985503248451884
2023-12-12, 0.21638078126450278, 0.08384279475982516, 0.20934289591006008, 0.5919379287310844, 0.8265292158919858, 0.0, 0.005489855205068956, 0.0019180563695455287, 0.011985503248451884
2023-12-12, 0.21638078126450278, 0.08384279475982516, 0.20934289591006008, 0.5919379287310844, 0.8265292158919858, 0.0, 0.005489855205068956, 0.0019180563695455287, 0.011985503248451884
2023-12-12, 0.21638078126450278, 0.08384279475982516, 0.20934289591006008, 0.5919379287310844, 0.8265292158919858, 0.0, 0.005489855205068956, 0.0019180563695455287, 0.011985503248451884
2023-12-12, 0.21638078126450278, 0.08384279475982516, 0.20934289591006008, 0.5919379287310844, 0.8265292158919858, 0.0, 0.005489855205068956, 0.0019180563695455287, 0.011985503248451884
2023-12-12, 0.21638078126450278, 0.08384279475982516, 0.20934289591006008, 0.5919379287310844, 0.8265292158919858, 0.0, 0.005489855205068956, 0.0019180563695455287, 0.011985503248451884
2023-12-12, 0.21638078126450278, 0.08384279475982516, 0.20934289591006008, 0.5919379287310844, 0.8265292158919858, 0.0, 0.005489855205068956, 0.0019180563695455287, 0.011985503248451884
2023-12-12, 0.21638078126450278, 0.08384279475982516, 0.20934289591006008, 0.5919379287310844, 0.8265292158919858, 0.0, 0.005489855205068956, 0.0019180563695455287, 0.011985503248451884
2023-12-12, 0.08281517185483368, 0.1676855895196508, 0.24811009885636737, 0.06166020090948802, 0.14231628882908376, 0.011012205194090127, 0.0013724638012672275, 0.006393521231818415, 0.023971006496903754
2023-12-12, 0.1032427545154561, 0.27248908296943253, 0.20158945532079842, 0.07399224109138562, 0.23810609861788992, 0.008259153895567594, 0.0, 0.006393521231818415, 0.025112482996756315
2023-12-12, 0.10432290953500045, 0.18864628820960713, 0.24035665826710603, 0.11098836163707843, 0.2545272088673995, 0.008259153895567594, 0.0013724638012672275, 0.007032873355000258, 0.023400268246977475
2023-12-12, 0.10839027616119426, 0.2096069868995635, 0.22484977708858306, 0.11098836163707843, 0.27915887424166413, 0.011012205194090127, 0.0, 0.006393521231818415, 0.025112482996756315
2023-11-12, 0.08455994182813814, 0.02096069868995635, 0.34115138592750527, 0.08015826118233456, 0.18063221274460617, 0.005506102597045063, 0.0068623190063361985, 0.006393521231818415, 0.034815033245503064
2023-11-12, 0.25620788277620105, 0.20960698689956303, 0.32564450474898227, 0.5703568584127638, 0.9031610637230308, 0.0055061025970450555, 0.012352174211405168, 0.0019180563695455287, 0.021117315247272353
2023-11-12, 0.25620788277620105, 0.20960698689956303, 0.32564450474898227, 0.5703568584127638, 0.9031610637230308, 0.0055061025970450555, 0.012352174211405168, 0.0019180563695455287, 0.021117315247272353
2023-11-12, 0.25620788277620105, 0.20960698689956303, 0.32564450474898227, 0.5703568584127638, 0.9031610637230308, 0.0055061025970450555, 0.012352174211405168, 0.0019180563695455287, 0.021117315247272353
2023-11-12, 0.25620788277620105, 0.20960698689956303, 0.32564450474898227, 0.5703568584127638, 0.9031610637230308, 0.0055061025970450555, 0.012352174211405168, 0.0019180563695455287, 0.021117315247272353
2023-11-12, 0.25620788277620105, 0.20960698689956303, 0.32564450474898227, 0.5703568584127638, 0.9031610637230308, 0.0055061025970450555, 0.012352174211405168, 0.0019180563695455287, 0.021117315247272353
2023-11-12, 0.25620788277620105, 0.20960698689956303, 0.32564450474898227, 0.5703568584127638, 0.9031610637230308, 0.0055061025970450555, 0.012352174211405168, 0.0019180563695455287, 0.021117315247272353
2023-11-12, 0.25620788277620105, 0.20960698689956303, 0.32564450474898227, 0.5703568584127638, 0.9031610637230308, 0.0055061025970450555, 0.012352174211405168, 0.0019180563695455287, 0.021117315247272353
2023-11-12, 0.25620788277620105, 0.20960698689956303, 0.32564450474898227, 0.5703568584127638, 0.9031610637230308, 0.0055061025970450555, 0.012352174211405168, 0.0019180563695455287, 0.021117315247272353
2023-11-12, 0.25620788277620105, 0.20960698689956303, 0.32564450474898227, 0.5703568584127638, 0.9031610637230308, 0.0055061025970450555, 0.012352174211405168, 0.0019180563695455287, 0.021117315247272353
2023-11-12, 0.25620788277620105, 0.20960698689956303, 0.32564450474898227, 0.5703568584127638, 0.9031610637230308, 0.0055061025970450555, 0.012352174211405168, 0.0019180563695455287, 0.021117315247272353
2023-11-12, 0.0919629315971876, 0.0419213973799127, 0.32564450474898227, 0.09249030136423189, 0.22442184007663193, 0.005506102597045063, 0.0068623190063361985, 0.005754169108636572, 0.033102818495724225
2023-11-12, 0.3631783215722724, 0.5449781659388644, 0.34115138592750527, 0.8971559232330498, 1.075582721342882, 0.013765256492612642, 0.015097101813939653, 0.01598380307954606, 0.0017122147497788405
2023-11-12, 0.13507621015074, 0.10480349344978128, 0.3489048265167666, 0.23122575341057985, 0.3585275737809608, 0.0027530512985225316, 0.0068623190063361985, 0.0012787042463636858, 0.026253959496608862
2023-11-12, 0.12521349571012313, 0.06288209606986858, 0.3489048265167666, 0.19114662281941272, 0.35305387036445746, 0.005506102597045063, 0.005489855205068971, 0.004475464862272886, 0.030249127246092824
2023-10-13, 0.06422179242221916, 0.02096069868995635, 0.0775344058926149, 0.2250597333196312, 0.1724216576198513, 0.0055061025970450555, 0.004117391403801728, 0.007032873355000258, 0.0011414764998525604
2023-10-13, 0.20528116063647628, 0.48209606986899556, 0.11630160883892218, 0.49019859723042924, 0.5063175660265474, 0.008259153895567587, 0.006862319006336213, 0.007672225478182115, 0.024541744746830022
2023-10-13, 0.20528116063647628, 0.48209606986899556, 0.11630160883892218, 0.49019859723042924, 0.5063175660265474, 0.008259153895567587, 0.006862319006336213, 0.007672225478182115, 0.024541744746830022
2023-10-13, 0.20528116063647628, 0.48209606986899556, 0.11630160883892218, 0.49019859723042924, 0.5063175660265474, 0.008259153895567587, 0.006862319006336213, 0.007672225478182115, 0.024541744746830022
2023-10-13, 0.20528116063647628, 0.48209606986899556, 0.11630160883892218, 0.49019859723042924, 0.5063175660265474, 0.008259153895567587, 0.006862319006336213, 0.007672225478182115, 0.024541744746830022
2023-10-13, 0.20528116063647628, 0.48209606986899556, 0.11630160883892218, 0.49019859723042924, 0.5063175660265474, 0.008259153895567587, 0.006862319006336213, 0.007672225478182115, 0.024541744746830022
2023-10-13, 0.20528116063647628, 0.48209606986899556, 0.11630160883892218, 0.49019859723042924, 0.5063175660265474, 0.008259153895567587, 0.006862319006336213, 0.007672225478182115, 0.024541744746830022
2023-10-13, 0.20528116063647628, 0.48209606986899556, 0.11630160883892218, 0.49019859723042924, 0.5063175660265474, 0.008259153895567587, 0.006862319006336213, 0.007672225478182115, 0.024541744746830022
2023-10-13, 0.20528116063647628, 0.48209606986899556, 0.11630160883892218, 0.49019859723042924, 0.5063175660265474, 0.008259153895567587, 0.006862319006336213, 0.007672225478182115, 0.024541744746830022
2023-10-13, 0.20528116063647628, 0.48209606986899556, 0.11630160883892218, 0.49019859723042924, 0.5063175660265474, 0.008259153895567587, 0.006862319006336213, 0.007672225478182115, 0.024541744746830022
2023-10-13, 0.20528116063647628, 0.48209606986899556, 0.11630160883892218, 0.49019859723042924, 0.5063175660265474, 0.008259153895567587, 0.006862319006336213, 0.007672225478182115, 0.024541744746830022
2023-10-13, 0.06338967131766789, 0.06288209606986905, 0.10079472766039921, 0.16031652236466884, 0.16694795420334793, 0.0055061025970450555, 0.004117391403801728, 0.0025574084927273717, 0.003995167749483961
2023-10-13, 0.12184940470535002, 0.18864628820960713, 0.16282225237449113, 0.28055391413817027, 0.3311590566984446, 0.002753051298522524, 0.0013724638012672426, 0.0006393521231818429, 0.006848858999115362
2023-10-13, 0.38413338217362947, 0.7965065502183406, 0.21709633649932172, 0.9125709734604218, 1.0591616110933724, 0.016518307791135174, 0.01372463801267242, 0.019819915818637117, 0.037668724495134455
2023-10-13, 0.18515122411248774, 0.2934497816593889, 0.10854816824966086, 0.4408704365028391, 0.6048442275236053, 0.008259153895567587, 0.005489855205068971, 0.0031967606159092146, 0.016551409247862112
2023-09-13, 0.03789639186950076, 0.1257641921397381, 0.09304128707113789, 0.0339131105002182, 0.032842220499019324, 0.0055061025970450555, 0.0013724638012672426, 0.009590281847727644, 0.0011414764998525604
2023-09-13, 0.20660868723469072, 0.6078602620087337, 0.10854816824966086, 0.3576291652750302, 0.5200018245678056, 0.011012205194090118, 0.004117391403801728, 0.024295380680910018, 0.019405100497493513
2023-09-13, 0.20660868723469072, 0.6078602620087337, 0.10854816824966086, 0.3576291652750302, 0.5200018245678056, 0.011012205194090118, 0.004117391403801728, 0.024295380680910018, 0.019405100497493513
2023-09-13, 0.20660868723469072, 0.6078602620087337, 0.10854816824966086, 0.3576291652750302, 0.5200018245678056, 0.011012205194090118, 0.004117391403801728, 0.024295380680910018, 0.019405100497493513
2023-09-13, 0.20660868723469072, 0.6078602620087337, 0.10854816824966086, 0.3576291652750302, 0.5200018245678056, 0.011012205194090118, 0.004117391403801728, 0.024295380680910018, 0.019405100497493513
2023-09-13, 0.20660868723469072, 0.6078602620087337, 0.10854816824966086, 0.3576291652750302, 0.5200018245678056, 0.011012205194090118, 0.004117391403801728, 0.024295380680910018, 0.019405100497493513
2023-09-13, 0.20660868723469072, 0.6078602620087337, 0.10854816824966086, 0.3576291652750302, 0.5200018245678056, 0.011012205194090118, 0.004117391403801728, 0.024295380680910018, 0.019405100497493513
2023-09-13, 0.20660868723469072, 0.6078602620087337, 0.10854816824966086, 0.3576291652750302, 0.5200018245678056, 0.011012205194090118, 0.004117391403801728, 0.024295380680910018, 0.019405100497493513
2023-09-13, 0.20660868723469072, 0.6078602620087337, 0.10854816824966086, 0.3576291652750302, 0.5200018245678056, 0.011012205194090118, 0.004117391403801728, 0.024295380680910018, 0.019405100497493513
2023-09-13, 0.20660868723469072, 0.6078602620087337, 0.10854816824966086, 0.3576291652750302, 0.5200018245678056, 0.011012205194090118, 0.004117391403801728, 0.024295380680910018, 0.019405100497493513
2023-09-13, 0.20660868723469072, 0.6078602620087337, 0.10854816824966086, 0.3576291652750302, 0.5200018245678056, 0.011012205194090118, 0.004117391403801728, 0.024295380680910018, 0.019405100497493513
2023-09-13, 0.041450637973585065, 0.10480349344978175, 0.0775344058926149, 0.018498060272846267, 0.11494777174656752, 0.002753051298522524, 0.004117391403801728, 0.0089509297245458, 0.0
2023-09-13, 0.3526421294904319, 0.9641921397379911, 0.1705756929637528, 0.7491714410502789, 0.8456871778497469, 0.016518307791135174, 0.006862319006336213, 0.033885662528637644, 0.03424429499557678
2023-09-13, 0.10918465981416825, 0.31441048034934477, 0.08528784648187622, 0.20964468309225898, 0.24084295032614148, 0.0, 0.0013724638012672426, 0.012787042463636844, 0.009131811998820471
2023-09-13, 0.05950820433464922, 0.2515283842794757, 0.12405504942818385, 0.0215810703183206, 0.05200018245678066, 0.008259153895567587, 0.005489855205068956, 0.010868986094091315, 0.0022829529997051208
2023-08-14, 0.10316631402156698, 0.20960698689956303, 0.03876720294630762, 0.19422963286488704, 0.3640012771974639, 0.0, 0.0013724638012672426, 0.012787042463636844, 0.0045659059994102415
2023-08-14, 0.09626064065132325, 0.18864628820960713, 0.08528784648187657, 0.18189759268298972, 0.24631665374264483, 0.011012205194090118, 0.00274492760253447, 0.026213437050455545, 0.027966174246387702
2023-08-14, 0.09626064065132325, 0.18864628820960713, 0.08528784648187657, 0.18189759268298972, 0.24631665374264483, 0.011012205194090118, 0.00274492760253447, 0.026213437050455545, 0.027966174246387702
2023-08-14, 0.09626064065132325, 0.18864628820960713, 0.08528784648187657, 0.18189759268298972, 0.24631665374264483, 0.011012205194090118, 0.00274492760253447, 0.026213437050455545, 0.027966174246387702
2023-08-14, 0.09626064065132325, 0.18864628820960713, 0.08528784648187657, 0.18189759268298972, 0.24631665374264483, 0.011012205194090118, 0.00274492760253447, 0.026213437050455545, 0.027966174246387702
2023-08-14, 0.09626064065132325, 0.18864628820960713, 0.08528784648187657, 0.18189759268298972, 0.24631665374264483, 0.011012205194090118, 0.00274492760253447, 0.026213437050455545, 0.027966174246387702
2023-08-14, 0.09626064065132325, 0.18864628820960713, 0.08528784648187657, 0.18189759268298972, 0.24631665374264483, 0.011012205194090118, 0.00274492760253447, 0.026213437050455545, 0.027966174246387702
2023-08-14, 0.09626064065132325, 0.18864628820960713, 0.08528784648187657, 0.18189759268298972, 0.24631665374264483, 0.011012205194090118, 0.00274492760253447, 0.026213437050455545, 0.027966174246387702
2023-08-14, 0.09626064065132325, 0.18864628820960713, 0.08528784648187657, 0.18189759268298972, 0.24631665374264483, 0.011012205194090118, 0.00274492760253447, 0.026213437050455545, 0.027966174246387702
2023-08-14, 0.09626064065132325, 0.18864628820960713, 0.08528784648187657, 0.18189759268298972, 0.24631665374264483, 0.011012205194090118, 0.00274492760253447, 0.026213437050455545, 0.027966174246387702
2023-08-14, 0.09626064065132325, 0.18864628820960713, 0.08528784648187657, 0.18189759268298972, 0.24631665374264483, 0.011012205194090118, 0.00274492760253447, 0.026213437050455545, 0.027966174246387702
2023-08-14, 0.06719235128922454, 0.1257641921397381, 0.13956193060670682, 0.15106749222824556, 0.06294758928978711, 0.008259153895567594, 0.00274492760253447, 0.02493473280409186, 0.0222587917471249
2023-08-14, 0.09666182032981746, 0.27248908296943253, 0.14731537119596816, 0.12640341186445037, 0.16421110249509638, 0.008259153895567594, 0.0013724638012672275, 0.02813149342000106, 0.0251124829967563
2023-08-14, 0.05471449370516103, 0.10480349344978175, 0.0775344058926149, 0.10173933150065516, 0.09305295808055464, 0.011012205194090118, 0.00274492760253447, 0.026852789173637374, 0.019975838747419792
2023-08-14, 0.0734692873367122, 0.10480349344978175, 0.12405504942818385, 0.1788145826375151, 0.11494777174656752, 0.008259153895567594, 0.0, 0.03004954978954659, 0.026824697746535144
2023-07-15, 0.1018630038300963, 0.3353711790393016, 0.08528784648187657, 0.21889371322868253, 0.10126351320530928, 0.011012205194090111, 0.00823478280760344, 0.02173797218818263, 0.033102818495724225
2023-07-15, 0.1255521115713694, 0.31441048034934527, 0.046520643535568944, 0.32679906482028637, 0.25726406057565104, 0.011012205194090111, 0.004117391403801728, 0.019180563695455257, 0.0251124829967563
2023-07-15, 0.1255521115713694, 0.31441048034934527, 0.046520643535568944, 0.32679906482028637, 0.25726406057565104, 0.011012205194090111, 0.004117391403801728, 0.019180563695455257, 0.0251124829967563
2023-07-15, 0.1255521115713694, 0.31441048034934527, 0.046520643535568944, 0.32679906482028637, 0.25726406057565104, 0.011012205194090111, 0.004117391403801728, 0.019180563695455257, 0.0251124829967563
2023-07-15, 0.1255521115713694, 0.31441048034934527, 0.046520643535568944, 0.32679906482028637, 0.25726406057565104, 0.011012205194090111, 0.004117391403801728, 0.019180563695455257, 0.0251124829967563
2023-07-15, 0.1255521115713694, 0.31441048034934527, 0.046520643535568944, 0.32679906482028637, 0.25726406057565104, 0.011012205194090111, 0.004117391403801728, 0.019180563695455257, 0.0251124829967563
2023-07-15, 0.1255521115713694, 0.31441048034934527, 0.046520643535568944, 0.32679906482028637, 0.25726406057565104, 0.011012205194090111, 0.004117391403801728, 0.019180563695455257, 0.0251124829967563
2023-07-15, 0.1255521115713694, 0.31441048034934527, 0.046520643535568944, 0.32679906482028637, 0.25726406057565104, 0.011012205194090111, 0.004117391403801728, 0.019180563695455257, 0.0251124829967563
2023-07-15, 0.1255521115713694, 0.31441048034934527, 0.046520643535568944, 0.32679906482028637, 0.25726406057565104, 0.011012205194090111, 0.004117391403801728, 0.019180563695455257, 0.0251124829967563
2023-07-15, 0.1255521115713694, 0.31441048034934527, 0.046520643535568944, 0.32679906482028637, 0.25726406057565104, 0.011012205194090111, 0.004117391403801728, 0.019180563695455257, 0.0251124829967563
2023-07-15, 0.1255521115713694, 0.31441048034934527, 0.046520643535568944, 0.32679906482028637, 0.25726406057565104, 0.011012205194090111, 0.004117391403801728, 0.019180563695455257, 0.0251124829967563
2023-07-15, 0.05181325087924554, 0.06288209606986905, 0.0232603217677843, 0.08015826118233428, 0.23810609861788992, 0.0, 0.004117391403801728, 0.0025574084927273573, 0.003424429499557681
2023-07-15, 0.06533518454457057, 0.02096069868995635, 0.0775344058926149, 0.15723351231919425, 0.2545272088673997, 0.0, 0.0027449276025344853, 0.005114816985454729, 0.0045659059994102415
2023-07-15, 0.07300135697519207, 0.18864628820960713, 0.023260321767784645, 0.18189759268298972, 0.1368425854125804, 0.00825915389556758, 0.006862319006336213, 0.01598380307954606, 0.022258791747124914
2023-07-15, 0.04768489606254503, 0.1676855895196508, 0.0775344058926149, 0.033913110500218474, 0.049263330748528865, 0.011012205194090111, 0.00823478280760344, 0.012147690340455, 0.021688053497198635
2023-06-15, 0.05558447729565812, 0.0838427947598254, 0.015506881178522981, 0.17264856254656644, 0.13410573370432885, 0.00825915389556758, 0.008234782807603456, 0.008950929724545786, 0.013126979748304431
2023-06-15, 0.13369549598579572, 0.3353711790393016, 0.062027524714091925, 0.31755003468386334, 0.28736942936641857, 0.00825915389556758, 0.006862319006336213, 0.023016676434546315, 0.029107650746240263
2023-06-15, 0.13369549598579572, 0.3353711790393016, 0.062027524714091925, 0.31755003468386334, 0.28736942936641857, 0.00825915389556758, 0.006862319006336213, 0.023016676434546315, 0.029107650746240263
2023-06-15, 0.13369549598579572, 0.3353711790393016, 0.062027524714091925, 0.31755003468386334, 0.28736942936641857, 0.00825915389556758, 0.006862319006336213, 0.023016676434546315, 0.029107650746240263
2023-06-15, 0.13369549598579572, 0.3353711790393016, 0.062027524714091925, 0.31755003468386334, 0.28736942936641857, 0.00825915389556758, 0.006862319006336213, 0.023016676434546315, 0.029107650746240263
2023-06-15, 0.13369549598579572, 0.3353711790393016, 0.062027524714091925, 0.31755003468386334, 0.28736942936641857, 0.00825915389556758, 0.006862319006336213, 0.023016676434546315, 0.029107650746240263
2023-06-15, 0.13369549598579572, 0.3353711790393016, 0.062027524714091925, 0.31755003468386334, 0.28736942936641857, 0.00825915389556758, 0.006862319006336213, 0.023016676434546315, 0.029107650746240263
2023-06-15, 0.13369549598579572, 0.3353711790393016, 0.062027524714091925, 0.31755003468386334, 0.28736942936641857, 0.00825915389556758, 0.006862319006336213, 0.023016676434546315, 0.029107650746240263
2023-06-15, 0.13369549598579572, 0.3353711790393016, 0.062027524714091925, 0.31755003468386334, 0.28736942936641857, 0.00825915389556758, 0.006862319006336213, 0.023016676434546315, 0.029107650746240263
2023-06-15, 0.13369549598579572, 0.3353711790393016, 0.062027524714091925, 0.31755003468386334, 0.28736942936641857, 0.00825915389556758, 0.006862319006336213, 0.023016676434546315, 0.029107650746240263
2023-06-15, 0.13369549598579572, 0.3353711790393016, 0.062027524714091925, 0.31755003468386334, 0.28736942936641857, 0.00825915389556758, 0.006862319006336213, 0.023016676434546315, 0.029107650746240263
2023-06-15, 0.047624094140607795, 0.2096069868995635, 0.023260321767784645, 0.08015826118233456, 0.027368517082515986, 0.00825915389556758, 0.005489855205068971, 0.010868986094091315, 0.015980670997935834
2023-06-15, 0.04800113984822469, 0.1676855895196508, 0.007753440589261662, 0.12332040181897604, 0.04105277562377422, 0.011012205194090111, 0.005489855205068971, 0.013426394586818687, 0.014268456248156992
2023-06-15, 0.05850005170871802, 0.02096069868995635, 0.031013762357045963, 0.20347866300131032, 0.16421110249509638, 0.00825915389556758, 0.004117391403801728, 0.01598380307954606, 0.019975838747419792
2023-06-15, 0.07078732311280185, 0.1257641921397381, 0.023260321767784645, 0.2250597333196312, 0.1313688819960773, 0.00825915389556758, 0.0027449276025344853, 0.023016676434546315, 0.026824697746535144
2023-05-16, 0.1183441605086991, 0.3772925764192138, 0.3256445047489826, 0.18189759268298944, 0.016421110249509784, 0.008259153895567594, 0.0, 0.017262507325909743, 0.019975838747419792
2023-05-16, 0.1600610396154382, 0.3772925764192138, 0.3411513859275056, 0.13873545204634768, 0.35579072207270923, 0.013765256492612642, 0.004117391403801728, 0.021098620065000788, 0.028536912496313984
2023-05-16, 0.1600610396154382, 0.3772925764192138, 0.3411513859275056, 0.13873545204634768, 0.35579072207270923, 0.013765256492612642, 0.004117391403801728, 0.021098620065000788, 0.028536912496313984
2023-05-16, 0.1600610396154382, 0.3772925764192138, 0.3411513859275056, 0.13873545204634768, 0.35579072207270923, 0.013765256492612642, 0.004117391403801728, 0.021098620065000788, 0.028536912496313984
2023-05-16, 0.1600610396154382, 0.3772925764192138, 0.3411513859275056, 0.13873545204634768, 0.35579072207270923, 0.013765256492612642, 0.004117391403801728, 0.021098620065000788, 0.028536912496313984
2023-05-16, 0.1600610396154382, 0.3772925764192138, 0.3411513859275056, 0.13873545204634768, 0.35579072207270923, 0.013765256492612642, 0.004117391403801728, 0.021098620065000788, 0.028536912496313984
2023-05-16, 0.1600610396154382, 0.3772925764192138, 0.3411513859275056, 0.13873545204634768, 0.35579072207270923, 0.013765256492612642, 0.004117391403801728, 0.021098620065000788, 0.028536912496313984
2023-05-16, 0.1600610396154382, 0.3772925764192138, 0.3411513859275056, 0.13873545204634768, 0.35579072207270923, 0.013765256492612642, 0.004117391403801728, 0.021098620065000788, 0.028536912496313984
2023-05-16, 0.1600610396154382, 0.3772925764192138, 0.3411513859275056, 0.13873545204634768, 0.35579072207270923, 0.013765256492612642, 0.004117391403801728, 0.021098620065000788, 0.028536912496313984
2023-05-16, 0.1600610396154382, 0.3772925764192138, 0.3411513859275056, 0.13873545204634768, 0.35579072207270923, 0.013765256492612642, 0.004117391403801728, 0.021098620065000788, 0.028536912496313984
2023-05-16, 0.1600610396154382, 0.3772925764192138, 0.3411513859275056, 0.13873545204634768, 0.35579072207270923, 0.013765256492612642, 0.004117391403801728, 0.021098620065000788, 0.028536912496313984
2023-05-16, 0.10991665984356967, 0.3772925764192138, 0.31789106415972096, 0.10790535159160382, 0.03284222049901957, 0.008259153895567594, 0.0027449276025344853, 0.014705098833182372, 0.017692885747714673
2023-05-16, 0.11460970897474657, 0.33537117903930114, 0.2636169800348907, 0.006166020090949212, 0.26547461570040615, 0.011012205194090111, 0.004117391403801728, 0.013426394586818687, 0.017692885747714673
2023-05-16, 0.10791974495764593, 0.35633187772925745, 0.2481100988563677, 0.04007913059116742, 0.16421110249509638, 0.011012205194090111, 0.0027449276025344853, 0.019180563695455257, 0.02168805349719862
2023-05-16, 0.12319941135669096, 0.4192139737991265, 0.255863539445629, 0.08940729131875783, 0.16694795420334793, 0.005506102597045063, 0.0013724638012672426, 0.020459267941818945, 0.026824697746535144
2023-04-16, 0.1020829540355114, 0.1886462882096076, 0.27912386121341365, 0.07090923104591129, 0.2162112849518773, 0.005506102597045063, 0.005489855205068956, 0.021098620065000788, 0.029678388996166545
2023-04-16, 0.15576713132480977, 0.14672489082969492, 0.28687730180267496, 0.19731264291036166, 0.5501071933585736, 0.011012205194090127, 0.00823478280760344, 0.017901859449091572, 0.027966174246387702
2023-04-16, 0.15576713132480977, 0.14672489082969492, 0.28687730180267496, 0.19731264291036166, 0.5501071933585736, 0.011012205194090127, 0.00823478280760344, 0.017901859449091572, 0.027966174246387702
2023-04-16, 0.15576713132480977, 0.14672489082969492, 0.28687730180267496, 0.19731264291036166, 0.5501071933585736, 0.011012205194090127, 0.00823478280760344, 0.017901859449091572, 0.027966174246387702
2023-04-16, 0.15576713132480977, 0.14672489082969492, 0.28687730180267496, 0.19731264291036166, 0.5501071933585736, 0.011012205194090127, 0.00823478280760344, 0.017901859449091572, 0.027966174246387702
2023-04-16, 0.15576713132480977, 0.14672489082969492, 0.28687730180267496, 0.19731264291036166, 0.5501071933585736, 0.011012205194090127, 0.00823478280760344, 0.017901859449091572, 0.027966174246387702
2023-04-16, 0.15576713132480977, 0.14672489082969492, 0.28687730180267496, 0.19731264291036166, 0.5501071933585736, 0.011012205194090127, 0.00823478280760344, 0.017901859449091572, 0.027966174246387702
2023-04-16, 0.15576713132480977, 0.14672489082969492, 0.28687730180267496, 0.19731264291036166, 0.5501071933585736, 0.011012205194090127, 0.00823478280760344, 0.017901859449091572, 0.027966174246387702
2023-04-16, 0.15576713132480977, 0.14672489082969492, 0.28687730180267496, 0.19731264291036166, 0.5501071933585736, 0.011012205194090127, 0.00823478280760344, 0.017901859449091572, 0.027966174246387702
2023-04-16, 0.15576713132480977, 0.14672489082969492, 0.28687730180267496, 0.19731264291036166, 0.5501071933585736, 0.011012205194090127, 0.00823478280760344, 0.017901859449091572, 0.027966174246387702
2023-04-16, 0.15576713132480977, 0.14672489082969492, 0.28687730180267496, 0.19731264291036166, 0.5501071933585736, 0.011012205194090127, 0.00823478280760344, 0.017901859449091572, 0.027966174246387702
2023-04-16, 0.12103145089272237, 0.1886462882096076, 0.20158945532079842, 0.19731264291036166, 0.3256853532819417, 0.005506102597045063, 0.0068623190063361985, 0.019819915818637103, 0.022829529997051182
2023-04-16, 0.13926656127381223, 0.31441048034934527, 0.2481100988563677, 0.14798448218277124, 0.3475801669479546, 0.005506102597045063, 0.00823478280760344, 0.016623155202727887, 0.025683221246682583
2023-04-16, 0.11775636433401325, 0.1886462882096076, 0.20934289591005972, 0.12640341186445037, 0.36126442548921234, 0.0027530512985225316, 0.005489855205068956, 0.017901859449091572, 0.030249127246092824
2023-04-16, 0.12202039458692812, 0.1257641921397381, 0.28687730180267496, 0.16339953241014343, 0.342106463531451, 0.0027530512985225316, 0.005489855205068956, 0.022377324311364473, 0.027395435996461423
2023-03-17, 0.15747167463392328, 0.0838427947598254, 0.48846675712347337, 0.21272769313773385, 0.42421201477899945, 0.0027530512985225316, 0.004117391403801728, 0.01854121157227343, 0.0251124829967563
2023-03-17, 0.17698388298457093, 0.0838427947598254, 0.38767202946307416, 0.3083010045474398, 0.5774757104410897, 0.005506102597045063, 0.006862319006336213, 0.021098620065000802, 0.0251124829967563
2023-03-17, 0.17698388298457093, 0.0838427947598254, 0.38767202946307416, 0.3083010045474398, 0.5774757104410897, 0.005506102597045063, 0.006862319006336213, 0.021098620065000802, 0.0251124829967563
2023-03-17, 0.17698388298457093, 0.0838427947598254, 0.38767202946307416, 0.3083010045474398, 0.5774757104410897, 0.005506102597045063, 0.006862319006336213, 0.021098620065000802, 0.0251124829967563
2023-03-17, 0.17698388298457093, 0.0838427947598254, 0.38767202946307416, 0.3083010045474398, 0.5774757104410897, 0.005506102597045063, 0.006862319006336213, 0.021098620065000802, 0.0251124829967563
2023-03-17, 0.17698388298457093, 0.0838427947598254, 0.38767202946307416, 0.3083010045474398, 0.5774757104410897, 0.005506102597045063, 0.006862319006336213, 0.021098620065000802, 0.0251124829967563
2023-03-17, 0.17698388298457093, 0.0838427947598254, 0.38767202946307416, 0.3083010045474398, 0.5774757104410897, 0.005506102597045063, 0.006862319006336213, 0.021098620065000802, 0.0251124829967563
2023-03-17, 0.17698388298457093, 0.0838427947598254, 0.38767202946307416, 0.3083010045474398, 0.5774757104410897, 0.005506102597045063, 0.006862319006336213, 0.021098620065000802, 0.0251124829967563
2023-03-17, 0.17698388298457093, 0.0838427947598254, 0.38767202946307416, 0.3083010045474398, 0.5774757104410897, 0.005506102597045063, 0.006862319006336213, 0.021098620065000802, 0.0251124829967563
2023-03-17, 0.17698388298457093, 0.0838427947598254, 0.38767202946307416, 0.3083010045474398, 0.5774757104410897, 0.005506102597045063, 0.006862319006336213, 0.021098620065000802, 0.0251124829967563
2023-03-17, 0.17698388298457093, 0.0838427947598254, 0.38767202946307416, 0.3083010045474398, 0.5774757104410897, 0.005506102597045063, 0.006862319006336213, 0.021098620065000802, 0.0251124829967563
2023-03-17, 0.1464685452977453, 0.0, 0.38767202946307416, 0.2898029442745938, 0.4515805318615154, 0.0027530512985225316, 0.004117391403801728, 0.014705098833182387, 0.021117315247272343
2023-03-17, 0.12660339696536485, 0.10480349344978221, 0.3333979453382436, 0.13256943195539958, 0.39136979427998037, 0.0027530512985225316, 0.005489855205068971, 0.017901859449091586, 0.024541744746830022
2023-03-17, 0.12499469901191165, 0.0419213973799127, 0.3644117076952895, 0.22197672327415685, 0.33389590840669636, 0.005506102597045063, 0.004117391403801728, 0.012147690340455016, 0.015980670997935834
2023-03-17, 0.15151045820863893, 0.23056768558951937, 0.41868579182012017, 0.16339953241014343, 0.35579072207270923, 0.005506102597045063, 0.0027449276025344853, 0.01598380307954606, 0.019405100497493513
2023-02-15, 0.1335951030038268, 0.23056768558951937, 0.19383601473153708, 0.20039565295583545, 0.39684349769648347, 0.005506102597045063, 0.0068623190063361985, 0.015344450956364216, 0.0194051004974935
2023-02-15, 0.12234821674556509, 0.020960698689955884, 0.2015894553207991, 0.28671993422911896, 0.41052775623774124, 0.005506102597045063, 0.005489855205068956, 0.021737972188182644, 0.026253959496608862
2023-02-15, 0.12234821674556509, 0.020960698689955884, 0.2015894553207991, 0.28671993422911896, 0.41052775623774124, 0.005506102597045063, 0.005489855205068956, 0.021737972188182644, 0.026253959496608862
2023-02-15, 0.12234821674556509, 0.020960698689955884, 0.2015894553207991, 0.28671993422911896, 0.41052775623774124, 0.005506102597045063, 0.005489855205068956, 0.021737972188182644, 0.026253959496608862
2023-02-15, 0.12234821674556509, 0.020960698689955884, 0.2015894553207991, 0.28671993422911896, 0.41052775623774124, 0.005506102597045063, 0.005489855205068956, 0.021737972188182644, 0.026253959496608862
2023-02-15, 0.12234821674556509, 0.020960698689955884, 0.2015894553207991, 0.28671993422911896, 0.41052775623774124, 0.005506102597045063, 0.005489855205068956, 0.021737972188182644, 0.026253959496608862
2023-02-15, 0.12234821674556509, 0.020960698689955884, 0.2015894553207991, 0.28671993422911896, 0.41052775623774124, 0.005506102597045063, 0.005489855205068956, 0.021737972188182644, 0.026253959496608862
2023-02-15, 0.12234821674556509, 0.020960698689955884, 0.2015894553207991, 0.28671993422911896, 0.41052775623774124, 0.005506102597045063, 0.005489855205068956, 0.021737972188182644, 0.026253959496608862
2023-02-15, 0.12234821674556509, 0.020960698689955884, 0.2015894553207991, 0.28671993422911896, 0.41052775623774124, 0.005506102597045063, 0.005489855205068956, 0.021737972188182644, 0.026253959496608862
2023-02-15, 0.12234821674556509, 0.020960698689955884, 0.2015894553207991, 0.28671993422911896, 0.41052775623774124, 0.005506102597045063, 0.005489855205068956, 0.021737972188182644, 0.026253959496608862
2023-02-15, 0.12234821674556509, 0.020960698689955884, 0.2015894553207991, 0.28671993422911896, 0.41052775623774124, 0.005506102597045063, 0.005489855205068956, 0.021737972188182644, 0.026253959496608862
2023-02-15, 0.146843346630223, 0.0838427947598254, 0.17057569296375313, 0.38537625568429973, 0.47347534552752835, 0.005506102597045063, 0.005489855205068956, 0.023656028557728172, 0.026824697746535144
2023-02-15, 0.15742680857035188, 0.0838427947598254, 0.1473153711959685, 0.36071217532050454, 0.6157916343566118, 0.005506102597045063, 0.0068623190063361985, 0.01598380307954606, 0.02340026824697746
2023-02-15, 0.1874137098210531, 0.2724890829694321, 0.10079472766039921, 0.4347044164118896, 0.596633672398851, 0.011012205194090127, 0.010979710410137926, 0.033885662528637644, 0.03881020099498701
2023-02-15, 0.1361005011139532, 0.5449781659388651, 0.2481100988563677, 0.07707525113685995, 0.19705332299411596, 0.005506102597045048, 0.004117391403801713, 0.005114816985454743, 0.00684885899911535
2023-01-16, 0.13750923613295246, 0.2515283842794762, 0.13180849001744516, 0.2620558538653237, 0.40505405282123763, 0.0027530512985225316, 0.012352174211405168, 0.018541211572273415, 0.01598067099793582
2023-01-16, 0.13750923613295246, 0.2515283842794762, 0.13180849001744516, 0.2620558538653237, 0.40505405282123763, 0.0027530512985225316, 0.012352174211405168, 0.018541211572273415, 0.01598067099793582
2023-01-16, 0.13750923613295246, 0.2515283842794762, 0.13180849001744516, 0.2620558538653237, 0.40505405282123763, 0.0027530512985225316, 0.012352174211405168, 0.018541211572273415, 0.01598067099793582
2023-01-16, 0.13750923613295246, 0.2515283842794762, 0.13180849001744516, 0.2620558538653237, 0.40505405282123763, 0.0027530512985225316, 0.012352174211405168, 0.018541211572273415, 0.01598067099793582
2023-01-16, 0.13750923613295246, 0.2515283842794762, 0.13180849001744516, 0.2620558538653237, 0.40505405282123763, 0.0027530512985225316, 0.012352174211405168, 0.018541211572273415, 0.01598067099793582
2023-01-16, 0.13750923613295246, 0.2515283842794762, 0.13180849001744516, 0.2620558538653237, 0.40505405282123763, 0.0027530512985225316, 0.012352174211405168, 0.018541211572273415, 0.01598067099793582
2023-01-16, 0.13750923613295246, 0.2515283842794762, 0.13180849001744516, 0.2620558538653237, 0.40505405282123763, 0.0027530512985225316, 0.012352174211405168, 0.018541211572273415, 0.01598067099793582
2023-01-16, 0.13750923613295246, 0.2515283842794762, 0.13180849001744516, 0.2620558538653237, 0.40505405282123763, 0.0027530512985225316, 0.012352174211405168, 0.018541211572273415, 0.01598067099793582
2023-01-16, 0.13750923613295246, 0.2515283842794762, 0.13180849001744516, 0.2620558538653237, 0.40505405282123763, 0.0027530512985225316, 0.012352174211405168, 0.018541211572273415, 0.01598067099793582
2023-01-16, 0.13750923613295246, 0.2515283842794762, 0.13180849001744516, 0.2620558538653237, 0.40505405282123763, 0.0027530512985225316, 0.012352174211405168, 0.018541211572273415, 0.01598067099793582
2023-01-16, 0.13750923613295246, 0.2515283842794762, 0.13180849001744516, 0.2620558538653237, 0.40505405282123763, 0.0027530512985225316, 0.012352174211405168, 0.018541211572273415, 0.01598067099793582
2023-01-16, 0.06956904096733052, 0.2724890829694321, 0.17832913355301377, 0.012332040181897878, 0.06294758928978662, 0.005506102597045048, 0.00823478280760344, 0.012147690340455, 0.0045659059994102285
2023-01-16, 0.06899656325306307, 0.20960698689956256, 0.1395619306067065, 0.04624515068211553, 0.13410573370432838, 0.0027530512985225316, 0.009607246608870683, 0.008950929724545786, 0.0011414764998525476
2023-01-16, 0.052480589408626335, 0.16768558951964987, 0.1395619306067065, 0.009249030136422996, 0.08210555124754795, 0.0027530512985225316, 0.009607246608870683, 0.008311577601363944, 0.0005707382499262802
2023-01-16, 0.22583925212004682, 0.2934497816593889, 0.1395619306067065, 0.5086966575032752, 0.7471605163526887, 0.013765256492612642, 0.019214493217741383, 0.040918535883637905, 0.04394684524432354
2022-12-17, 0.09972734919549071, 0.5449781659388642, 0.19383601473153708, 0.03083010045474442, 0.010947406833006686, 0.005506102597045048, 0.004117391403801713, 0.007032873355000258, 0.0005707382499262802
2022-12-17, 0.14611368844295786, 0.2724890829694321, 0.1473153711959685, 0.2620558538653237, 0.43515942161200566, 0.0027530512985225316, 0.0013724638012672426, 0.024934732804091846, 0.022829529997051182
2022-12-17, 0.14611368844295786, 0.2724890829694321, 0.1473153711959685, 0.2620558538653237, 0.43515942161200566, 0.0027530512985225316, 0.0013724638012672426, 0.024934732804091846, 0.022829529997051182
2022-12-17, 0.14611368844295786, 0.2724890829694321, 0.1473153711959685, 0.2620558538653237, 0.43515942161200566, 0.0027530512985225316, 0.0013724638012672426, 0.024934732804091846, 0.022829529997051182
2022-12-17, 0.14611368844295786, 0.2724890829694321, 0.1473153711959685, 0.2620558538653237, 0.43515942161200566, 0.0027530512985225316, 0.0013724638012672426, 0.024934732804091846, 0.022829529997051182
2022-12-17, 0.14611368844295786, 0.2724890829694321, 0.1473153711959685, 0.2620558538653237, 0.43515942161200566, 0.0027530512985225316, 0.0013724638012672426, 0.024934732804091846, 0.022829529997051182
2022-12-17, 0.14611368844295786, 0.2724890829694321, 0.1473153711959685, 0.2620558538653237, 0.43515942161200566, 0.0027530512985225316, 0.0013724638012672426, 0.024934732804091846, 0.022829529997051182
2022-12-17, 0.14611368844295786, 0.2724890829694321, 0.1473153711959685, 0.2620558538653237, 0.43515942161200566, 0.0027530512985225316, 0.0013724638012672426, 0.024934732804091846, 0.022829529997051182
2022-12-17, 0.14611368844295786, 0.2724890829694321, 0.1473153711959685, 0.2620558538653237, 0.43515942161200566, 0.0027530512985225316, 0.0013724638012672426, 0.024934732804091846, 0.022829529997051182
2022-12-17, 0.14611368844295786, 0.2724890829694321, 0.1473153711959685, 0.2620558538653237, 0.43515942161200566, 0.0027530512985225316, 0.0013724638012672426, 0.024934732804091846, 0.022829529997051182
2022-12-17, 0.14611368844295786, 0.2724890829694321, 0.1473153711959685, 0.2620558538653237, 0.43515942161200566, 0.0027530512985225316, 0.0013724638012672426, 0.024934732804091846, 0.022829529997051182
2022-12-17, 0.07676236454099261, 0.37729257641921427, 0.10079472766039921, 0.009249030136422996, 0.11768462345481907, 0.0027530512985225165, 0.0, 0.005754169108636572, 0.0005707382499262802
2022-12-17, 0.08413663959225977, 0.3982532751091702, 0.1473153711959685, 0.03083010045474442, 0.0793686995392964, 0.00825915389556758, 0.0013724638012672426, 0.0025574084927273573, 0.005136644249336521
2022-12-17, 0.10924627972398174, 0.48209606986899556, 0.13180849001744516, 0.09249030136423161, 0.1532636956620897, 0.0027530512985225165, 0.0027449276025344853, 0.0076722254781821, 0.0011414764998525476
2022-12-17, 0.11264434085695621, 0.6078602620087337, 0.2015894553207991, 0.012332040181897878, 0.06294758928978662, 0.005506102597045048, 0.0027449276025344853, 0.007032873355000258, 0.0011414764998525604
2022-11-17, 0.08837272733081163, 0.3982532751091702, 0.21709633649932172, 0.012332040181897878, 0.05747388587328352, 0.00825915389556758, 0.0027449276025344853, 0.005114816985454743, 0.005707382499262789
2022-11-17, 0.13410314382562252, 0.1257641921397381, 0.10079472766039921, 0.3175500346838628, 0.45705423527801853, 0.019271359089657707, 0.008234782807603456, 0.017901859449091586, 0.026253959496608862
2022-11-17, 0.13410314382562252, 0.1257641921397381, 0.10079472766039921, 0.3175500346838628, 0.45705423527801853, 0.019271359089657707, 0.008234782807603456, 0.017901859449091586, 0.026253959496608862
2022-11-17, 0.13410314382562252, 0.1257641921397381, 0.10079472766039921, 0.3175500346838628, 0.45705423527801853, 0.019271359089657707, 0.008234782807603456, 0.017901859449091586, 0.026253959496608862
2022-11-17, 0.13410314382562252, 0.1257641921397381, 0.10079472766039921, 0.3175500346838628, 0.45705423527801853, 0.019271359089657707, 0.008234782807603456, 0.017901859449091586, 0.026253959496608862
2022-11-17, 0.13410314382562252, 0.1257641921397381, 0.10079472766039921, 0.3175500346838628, 0.45705423527801853, 0.019271359089657707, 0.008234782807603456, 0.017901859449091586, 0.026253959496608862
2022-11-17, 0.13410314382562252, 0.1257641921397381, 0.10079472766039921, 0.3175500346838628, 0.45705423527801853, 0.019271359089657707, 0.008234782807603456, 0.017901859449091586, 0.026253959496608862
2022-11-17, 0.13410314382562252, 0.1257641921397381, 0.10079472766039921, 0.3175500346838628, 0.45705423527801853, 0.019271359089657707, 0.008234782807603456, 0.017901859449091586, 0.026253959496608862
2022-11-17, 0.13410314382562252, 0.1257641921397381, 0.10079472766039921, 0.3175500346838628, 0.45705423527801853, 0.019271359089657707, 0.008234782807603456, 0.017901859449091586, 0.026253959496608862
2022-11-17, 0.13410314382562252, 0.1257641921397381, 0.10079472766039921, 0.3175500346838628, 0.45705423527801853, 0.019271359089657707, 0.008234782807603456, 0.017901859449091586, 0.026253959496608862
2022-11-17, 0.13410314382562252, 0.1257641921397381, 0.10079472766039921, 0.3175500346838628, 0.45705423527801853, 0.019271359089657707, 0.008234782807603456, 0.017901859449091586, 0.026253959496608862
2022-11-17, 0.0866437375808393, 0.419213973799127, 0.13180849001744516, 0.01849806027284654, 0.10673721662181239, 0.00825915389556758, 0.0013724638012672426, 0.0038361127390910575, 0.0034244294995576683
2022-11-17, 0.08303009856662996, 0.2096069868995635, 0.13956193060670719, 0.11715438172802682, 0.16694795420334793, 0.011012205194090111, 0.0013724638012672426, 0.008311577601363957, 0.01027328849867303
2022-11-17, 0.2703063370561186, 0.6078602620087337, 0.023260321767783955, 0.5487757880944426, 0.8703188432240113, 0.027530512985225283, 0.012352174211405168, 0.030688901912728432, 0.04166389224461842
2022-11-17, 0.07602970068452988, 0.0, 0.18608257414227578, 0.12948642190992468, 0.24357980203439278, 0.016518307791135174, 0.006862319006336213, 0.010868986094091315, 0.014839194498083273
2022-10-18, 0.04221209273999038, 0.020960698689955884, 0.062027524714091925, 0.03699612054569253, 0.16421110249509688, 0.008259153895567594, 0.006862319006336213, 0.01726250732590973, 0.021117315247272353
2022-10-18, 0.09830163039692137, 0.31441048034934477, 0.0, 0.10482234154612949, 0.2928431327829221, 0.011012205194090127, 0.006862319006336213, 0.02621343705045553, 0.030249127246092824
2022-10-18, 0.09830163039692137, 0.31441048034934477, 0.0, 0.10482234154612949, 0.2928431327829221, 0.011012205194090127, 0.006862319006336213, 0.02621343705045553, 0.030249127246092824
2022-10-18, 0.09830163039692137, 0.31441048034934477, 0.0, 0.10482234154612949, 0.2928431327829221, 0.011012205194090127, 0.006862319006336213, 0.02621343705045553, 0.030249127246092824
2022-10-18, 0.09830163039692137, 0.31441048034934477, 0.0, 0.10482234154612949, 0.2928431327829221, 0.011012205194090127, 0.006862319006336213, 0.02621343705045553, 0.030249127246092824
2022-10-18, 0.09830163039692137, 0.31441048034934477, 0.0, 0.10482234154612949, 0.2928431327829221, 0.011012205194090127, 0.006862319006336213, 0.02621343705045553, 0.030249127246092824
2022-10-18, 0.09830163039692137, 0.31441048034934477, 0.0, 0.10482234154612949, 0.2928431327829221, 0.011012205194090127, 0.006862319006336213, 0.02621343705045553, 0.030249127246092824
2022-10-18, 0.09830163039692137, 0.31441048034934477, 0.0, 0.10482234154612949, 0.2928431327829221, 0.011012205194090127, 0.006862319006336213, 0.02621343705045553, 0.030249127246092824
2022-10-18, 0.09830163039692137, 0.31441048034934477, 0.0, 0.10482234154612949, 0.2928431327829221, 0.011012205194090127, 0.006862319006336213, 0.02621343705045553, 0.030249127246092824
2022-10-18, 0.09830163039692137, 0.31441048034934477, 0.0, 0.10482234154612949, 0.2928431327829221, 0.011012205194090127, 0.006862319006336213, 0.02621343705045553, 0.030249127246092824
2022-10-18, 0.09830163039692137, 0.31441048034934477, 0.0, 0.10482234154612949, 0.2928431327829221, 0.011012205194090127, 0.006862319006336213, 0.02621343705045553, 0.030249127246092824
2022-10-18, 0.051198646769643634, 0.0419213973799127, 0.12405504942818385, 0.01233204018189733, 0.18610591616110975, 0.005506102597045063, 0.005489855205068971, 0.015344450956364216, 0.018834362247567234
2022-10-18, 0.05800246620056033, 0.1886462882096076, 0.054274084124830604, 0.03083010045474442, 0.14231628882908398, 0.008259153895567594, 0.006862319006336213, 0.013426394586818687, 0.019405100497493513
2022-10-18, 0.042986397966790664, 0.1257641921397381, 0.10079472766039921, 0.012332040181897878, 0.057473885873284, 0.005506102597045063, 0.005489855205068971, 0.01598380307954606, 0.020546576997346074
2022-10-18, 0.03842053553000237, 0.020960698689956814, 0.062027524714091925, 0.13873545204634824, 0.04378962733202528, 0.0027530512985225316, 0.005489855205068971, 0.015344450956364216, 0.018263623997640952
2022-09-18, 0.04587422047920975, 0.1886462882096067, 0.0, 0.07399224109138562, 0.057473885873284, 0.013765256492612642, 0.005489855205068971, 0.012787042463636844, 0.014839194498083273
2022-09-18, 0.09963690675583874, 0.06288209606986951, 0.007753440589261319, 0.24047478354700338, 0.4214751630707479, 0.0027530512985225316, 0.010979710410137926, 0.021098620065000788, 0.029678388996166545
2022-09-18, 0.09963690675583874, 0.06288209606986951, 0.007753440589261319, 0.24047478354700338, 0.4214751630707479, 0.0027530512985225316, 0.010979710410137926, 0.021098620065000788, 0.029678388996166545
2022-09-18, 0.09963690675583874, 0.06288209606986951, 0.007753440589261319, 0.24047478354700338, 0.4214751630707479, 0.0027530512985225316, 0.010979710410137926, 0.021098620065000788, 0.029678388996166545
2022-09-18, 0.09963690675583874, 0.06288209606986951, 0.007753440589261319, 0.24047478354700338, 0.4214751630707479, 0.0027530512985225316, 0.010979710410137926, 0.021098620065000788, 0.029678388996166545
2022-09-18, 0.09963690675583874, 0.06288209606986951, 0.007753440589261319, 0.24047478354700338, 0.4214751630707479, 0.0027530512985225316, 0.010979710410137926, 0.021098620065000788, 0.029678388996166545
2022-09-18, 0.09963690675583874, 0.06288209606986951, 0.007753440589261319, 0.24047478354700338, 0.4214751630707479, 0.0027530512985225316, 0.010979710410137926, 0.021098620065000788, 0.029678388996166545
2022-09-18, 0.09963690675583874, 0.06288209606986951, 0.007753440589261319, 0.24047478354700338, 0.4214751630707479, 0.0027530512985225316, 0.010979710410137926, 0.021098620065000788, 0.029678388996166545
2022-09-18, 0.09963690675583874, 0.06288209606986951, 0.007753440589261319, 0.24047478354700338, 0.4214751630707479, 0.0027530512985225316, 0.010979710410137926, 0.021098620065000788, 0.029678388996166545
2022-09-18, 0.09963690675583874, 0.06288209606986951, 0.007753440589261319, 0.24047478354700338, 0.4214751630707479, 0.0027530512985225316, 0.010979710410137926, 0.021098620065000788, 0.029678388996166545
2022-09-18, 0.09963690675583874, 0.06288209606986951, 0.007753440589261319, 0.24047478354700338, 0.4214751630707479, 0.0027530512985225316, 0.010979710410137926, 0.021098620065000788, 0.029678388996166545
2022-09-18, 0.059666825608563005, 0.2724890829694321, 0.023260321767784645, 0.09557331140970594, 0.03284222049901908, 0.011012205194090111, 0.005489855205068971, 0.01726250732590973, 0.019405100497493513
2022-09-18, 0.055808274663306574, 0.1676855895196508, 0.023260321767784645, 0.12640341186445037, 0.08757925466405105, 0.00825915389556758, 0.006862319006336213, 0.012147690340455, 0.014268456248156992
2022-09-18, 0.06887431342263131, 0.1886462882096067, 0.054274084124830604, 0.1726485625465659, 0.09305295808055464, 0.011012205194090111, 0.006862319006336213, 0.010229633970909473, 0.014268456248156992
2022-09-18, 0.06401040536491377, 0.0838427947598254, 0.062027524714091925, 0.2219767232741563, 0.10673721662181239, 0.00825915389556758, 0.00823478280760344, 0.009590281847727629, 0.011414764998525591
2022-08-19, 0.11501045741906522, 0.6078602620087337, 0.054274084124830604, 0.21581070318320764, 0.013684258541258236, 0.005506102597045048, 0.0013724638012672426, 0.009590281847727629, 0.011985503248451872
2022-08-19, 0.1268639431635475, 0.48209606986899556, 0.0, 0.006166020090948665, 0.47621219723577984, 0.0, 0.0013724638012672426, 0.021098620065000788, 0.027966174246387702
2022-08-19, 0.1268639431635475, 0.48209606986899556, 0.0, 0.006166020090948665, 0.47621219723577984, 0.0, 0.0013724638012672426, 0.021098620065000788, 0.027966174246387702
2022-08-19, 0.1268639431635475, 0.48209606986899556, 0.0, 0.006166020090948665, 0.47621219723577984, 0.0, 0.0013724638012672426, 0.021098620065000788, 0.027966174246387702
2022-08-19, 0.1268639431635475, 0.48209606986899556, 0.0, 0.006166020090948665, 0.47621219723577984, 0.0, 0.0013724638012672426, 0.021098620065000788, 0.027966174246387702
2022-08-19, 0.1268639431635475, 0.48209606986899556, 0.0, 0.006166020090948665, 0.47621219723577984, 0.0, 0.0013724638012672426, 0.021098620065000788, 0.027966174246387702
2022-08-19, 0.1268639431635475, 0.48209606986899556, 0.0, 0.006166020090948665, 0.47621219723577984, 0.0, 0.0013724638012672426, 0.021098620065000788, 0.027966174246387702
2022-08-19, 0.1268639431635475, 0.48209606986899556, 0.0, 0.006166020090948665, 0.47621219723577984, 0.0, 0.0013724638012672426, 0.021098620065000788, 0.027966174246387702
2022-08-19, 0.1268639431635475, 0.48209606986899556, 0.0, 0.006166020090948665, 0.47621219723577984, 0.0, 0.0013724638012672426, 0.021098620065000788, 0.027966174246387702
2022-08-19, 0.1268639431635475, 0.48209606986899556, 0.0, 0.006166020090948665, 0.47621219723577984, 0.0, 0.0013724638012672426, 0.021098620065000788, 0.027966174246387702
2022-08-19, 0.1268639431635475, 0.48209606986899556, 0.0, 0.006166020090948665, 0.47621219723577984, 0.0, 0.0013724638012672426, 0.021098620065000788, 0.027966174246387702
2022-08-19, 0.13706029486264174, 0.6917030567685586, 0.07753440589261457, 0.24047478354700313, 0.05747388587328352, 0.005506102597045048, 0.0, 0.008950929724545786, 0.014839194498083273
2022-08-19, 0.1494170157630663, 0.6707423580786027, 0.054274084124830604, 0.3545461552295559, 0.09578980978880619, 0.005506102597045048, 0.0013724638012672426, 0.005114816985454729, 0.007990335498967922
2022-08-19, 0.11974967939822734, 0.5868995633187774, 0.06978096530335325, 0.2343087634560542, 0.03831592391552218, 0.0027530512985225316, 0.0013724638012672426, 0.010868986094091315, 0.013697717998230712
2022-08-19, 0.11161406181223983, 0.5449781659388646, 0.007753440589261319, 0.2743878940472213, 0.027368517082515986, 0.00825915389556758, 0.0027449276025344853, 0.010868986094091315, 0.016551409247862112
2022-07-20, 0.13195538642827412, 0.6707423580786023, 0.031013762357045963, 0.30521799450196546, 0.021894813666012883, 0.0027530512985225316, 0.0013724638012672426, 0.008950929724545786, 0.013697717998230712
2022-07-20, 0.10297959627136391, 0.3982532751091702, 0.062027524714091925, 0.08015826118233428, 0.23536924690963815, 0.005506102597045063, 0.005489855205068971, 0.015344450956364216, 0.021688053497198635
2022-07-20, 0.10297959627136391, 0.3982532751091702, 0.062027524714091925, 0.08015826118233428, 0.23536924690963815, 0.005506102597045063, 0.005489855205068971, 0.015344450956364216, 0.021688053497198635
2022-07-20, 0.10297959627136391, 0.3982532751091702, 0.062027524714091925, 0.08015826118233428, 0.23536924690963815, 0.005506102597045063, 0.005489855205068971, 0.015344450956364216, 0.021688053497198635
2022-07-20, 0.10297959627136391, 0.3982532751091702, 0.062027524714091925, 0.08015826118233428, 0.23536924690963815, 0.005506102597045063, 0.005489855205068971, 0.015344450956364216, 0.021688053497198635
2022-07-20, 0.10297959627136391, 0.3982532751091702, 0.062027524714091925, 0.08015826118233428, 0.23536924690963815, 0.005506102597045063, 0.005489855205068971, 0.015344450956364216, 0.021688053497198635
2022-07-20, 0.10297959627136391, 0.3982532751091702, 0.062027524714091925, 0.08015826118233428, 0.23536924690963815, 0.005506102597045063, 0.005489855205068971, 0.015344450956364216, 0.021688053497198635
2022-07-20, 0.10297959627136391, 0.3982532751091702, 0.062027524714091925, 0.08015826118233428, 0.23536924690963815, 0.005506102597045063, 0.005489855205068971, 0.015344450956364216, 0.021688053497198635
2022-07-20, 0.10297959627136391, 0.3982532751091702, 0.062027524714091925, 0.08015826118233428, 0.23536924690963815, 0.005506102597045063, 0.005489855205068971, 0.015344450956364216, 0.021688053497198635
2022-07-20, 0.10297959627136391, 0.3982532751091702, 0.062027524714091925, 0.08015826118233428, 0.23536924690963815, 0.005506102597045063, 0.005489855205068971, 0.015344450956364216, 0.021688053497198635
2022-07-20, 0.10297959627136391, 0.3982532751091702, 0.062027524714091925, 0.08015826118233428, 0.23536924690963815, 0.005506102597045063, 0.005489855205068971, 0.015344450956364216, 0.021688053497198635
2022-07-20, 0.08640219650284972, 0.20960698689956303, 0.0775344058926149, 0.021581070318320874, 0.33389590840669586, 0.005506102597045063, 0.005489855205068971, 0.015344450956364216, 0.022258791747124914
2022-07-20, 0.1371434421322851, 0.4401746724890829, 0.031013762357045963, 0.049328160727590414, 0.5282123796925603, 0.0027530512985225316, 0.0013724638012672426, 0.019180563695455257, 0.0251124829967563
2022-07-20, 0.10594381744145369, 0.31441048034934477, 0.062027524714091925, 0.04007913059116742, 0.3804223874469732, 0.005506102597045063, 0.006862319006336213, 0.01598380307954606, 0.022258791747124914
2022-07-20, 0.09612598782923538, 0.2934497816593884, 0.10854816824966086, 0.06166020090948774, 0.25726406057565104, 0.0, 0.0013724638012672426, 0.020459267941818945, 0.026253959496608862
2022-06-20, 0.11967370342309598, 0.35633187772925745, 0.10854816824966086, 0.15106749222824556, 0.2791588742416639, 0.00825915389556758, 0.0027449276025344853, 0.020459267941818945, 0.030819865496019103
2022-06-20, 0.1155955065531466, 0.3772925764192138, 0.13180849001744552, 0.021581070318320874, 0.34758016694795413, 0.00825915389556758, 0.0, 0.01598380307954606, 0.022258791747124914
2022-06-20, 0.1155955065531466, 0.3772925764192138, 0.13180849001744552, 0.021581070318320874, 0.34758016694795413, 0.00825915389556758, 0.0, 0.01598380307954606, 0.022258791747124914
2022-06-20, 0.1155955065531466, 0.3772925764192138, 0.13180849001744552, 0.021581070318320874, 0.34758016694795413, 0.00825915389556758, 0.0, 0.01598380307954606, 0.022258791747124914
2022-06-20, 0.1155955065531466, 0.3772925764192138, 0.13180849001744552, 0.021581070318320874, 0.34758016694795413, 0.00825915389556758, 0.0, 0.01598380307954606, 0.022258791747124914
2022-06-20, 0.1155955065531466, 0.3772925764192138, 0.13180849001744552, 0.021581070318320874, 0.34758016694795413, 0.00825915389556758, 0.0, 0.01598380307954606, 0.022258791747124914
2022-06-20, 0.1155955065531466, 0.3772925764192138, 0.13180849001744552, 0.021581070318320874, 0.34758016694795413, 0.00825915389556758, 0.0, 0.01598380307954606, 0.022258791747124914
2022-06-20, 0.1155955065531466, 0.3772925764192138, 0.13180849001744552, 0.021581070318320874, 0.34758016694795413, 0.00825915389556758, 0.0, 0.01598380307954606, 0.022258791747124914
2022-06-20, 0.1155955065531466, 0.3772925764192138, 0.13180849001744552, 0.021581070318320874, 0.34758016694795413, 0.00825915389556758, 0.0, 0.01598380307954606, 0.022258791747124914
2022-06-20, 0.1155955065531466, 0.3772925764192138, 0.13180849001744552, 0.021581070318320874, 0.34758016694795413, 0.00825915389556758, 0.0, 0.01598380307954606, 0.022258791747124914
2022-06-20, 0.1155955065531466, 0.3772925764192138, 0.13180849001744552, 0.021581070318320874, 0.34758016694795413, 0.00825915389556758, 0.0, 0.01598380307954606, 0.022258791747124914
2022-06-20, 0.19651927379876505, 0.775545851528384, 0.054274084124830604, 0.4624515068211597, 0.2600009122839028, 0.0027530512985225316, 0.0027449276025344853, 0.006393521231818415, 0.007990335498967922
2022-06-20, 0.16815624242310037, 0.2934497816593889, 0.1783291335530141, 0.21272769313773332, 0.5774757104410891, 0.016518307791135174, 0.006862319006336213, 0.02621343705045553, 0.03367355674565051
2022-06-20, 0.13639840399412742, 0.5659388646288209, 0.12405504942818385, 0.12640341186445037, 0.23536924690963815, 0.0027530512985225165, 0.0, 0.01726250732590973, 0.019405100497493513
2022-06-20, 0.1268494103996972, 0.14672489082969445, 0.0775344058926149, 0.13873545204634768, 0.5747388587328376, 0.013765256492612642, 0.004117391403801728, 0.024934732804091846, 0.03424429499557678
2022-05-21, 0.1012696262776079, 0.35633187772925745, 0.15506881178522947, 0.12023739177350143, 0.13410573370432885, 0.005506102597045063, 0.0013724638012672426, 0.014705098833182387, 0.022829529997051193
2022-05-21, 0.1012696262776079, 0.35633187772925745, 0.15506881178522947, 0.12023739177350143, 0.13410573370432885, 0.005506102597045063, 0.0013724638012672426, 0.014705098833182387, 0.022829529997051193
2022-05-21, 0.1012696262776079, 0.35633187772925745, 0.15506881178522947, 0.12023739177350143, 0.13410573370432885, 0.005506102597045063, 0.0013724638012672426, 0.014705098833182387, 0.022829529997051193
2022-05-21, 0.1012696262776079, 0.35633187772925745, 0.15506881178522947, 0.12023739177350143, 0.13410573370432885, 0.005506102597045063, 0.0013724638012672426, 0.014705098833182387, 0.022829529997051193
2022-05-21, 0.1012696262776079, 0.35633187772925745, 0.15506881178522947, 0.12023739177350143, 0.13410573370432885, 0.005506102597045063, 0.0013724638012672426, 0.014705098833182387, 0.022829529997051193
2022-05-21, 0.1012696262776079, 0.35633187772925745, 0.15506881178522947, 0.12023739177350143, 0.13410573370432885, 0.005506102597045063, 0.0013724638012672426, 0.014705098833182387, 0.022829529997051193
2022-05-21, 0.1012696262776079, 0.35633187772925745, 0.15506881178522947, 0.12023739177350143, 0.13410573370432885, 0.005506102597045063, 0.0013724638012672426, 0.014705098833182387, 0.022829529997051193
2022-05-21, 0.1012696262776079, 0.35633187772925745, 0.15506881178522947, 0.12023739177350143, 0.13410573370432885, 0.005506102597045063, 0.0013724638012672426, 0.014705098833182387, 0.022829529997051193
2022-05-21, 0.1012696262776079, 0.35633187772925745, 0.15506881178522947, 0.12023739177350143, 0.13410573370432885, 0.005506102597045063, 0.0013724638012672426, 0.014705098833182387, 0.022829529997051193
2022-05-21, 0.1012696262776079, 0.35633187772925745, 0.15506881178522947, 0.12023739177350143, 0.13410573370432885, 0.005506102597045063, 0.0013724638012672426, 0.014705098833182387, 0.022829529997051193
2022-05-21, 0.1012696262776079, 0.35633187772925745, 0.15506881178522947, 0.12023739177350143, 0.13410573370432885, 0.005506102597045063, 0.0013724638012672426, 0.014705098833182387, 0.022829529997051193
2022-05-21, 0.19119970160603572, 0.838427947598253, 0.031013762357045963, 0.4162063561390436, 0.2162112849518768, 0.0027530512985225316, 0.004117391403801728, 0.008311577601363957, 0.01255624149837815
2022-05-21, 0.12098070695744634, 0.3982532751091702, 0.17057569296375244, 0.08632428127328295, 0.2627377639921546, 0.008259153895567594, 0.0027449276025344853, 0.017262507325909743, 0.021688053497198635
2022-05-21, 0.10691352812560206, 0.4401746724890829, 0.17057569296375244, 0.18806361277393838, 0.027368517082515986, 0.0027530512985225316, 0.0013724638012672426, 0.009590281847727644, 0.015409932748009551
2022-05-21, 0.15650811283329097, 0.14672489082969445, 0.22484977708858306, 0.2558898337743751, 0.5418966382338185, 0.013765256492612642, 0.005489855205068971, 0.02749214129681923, 0.03595650974535563
2022-04-21, 0.13135626764081168, 0.02096069868995635, 0.10079472766039956, 0.33604809495670934, 0.5391597865255667, 0.0, 0.00274492760253447, 0.019180563695455257, 0.03196134199587165
2022-04-21, 0.13135626764081168, 0.02096069868995635, 0.10079472766039956, 0.33604809495670934, 0.5391597865255667, 0.0, 0.00274492760253447, 0.019180563695455257, 0.03196134199587165
2022-04-21, 0.13135626764081168, 0.02096069868995635, 0.10079472766039956, 0.33604809495670934, 0.5391597865255667, 0.0, 0.00274492760253447, 0.019180563695455257, 0.03196134199587165
2022-04-21, 0.13135626764081168, 0.02096069868995635, 0.10079472766039956, 0.33604809495670934, 0.5391597865255667, 0.0, 0.00274492760253447, 0.019180563695455257, 0.03196134199587165
2022-04-21, 0.13135626764081168, 0.02096069868995635, 0.10079472766039956, 0.33604809495670934, 0.5391597865255667, 0.0, 0.00274492760253447, 0.019180563695455257, 0.03196134199587165
2022-04-21, 0.13135626764081168, 0.02096069868995635, 0.10079472766039956, 0.33604809495670934, 0.5391597865255667, 0.0, 0.00274492760253447, 0.019180563695455257, 0.03196134199587165
2022-04-21, 0.13135626764081168, 0.02096069868995635, 0.10079472766039956, 0.33604809495670934, 0.5391597865255667, 0.0, 0.00274492760253447, 0.019180563695455257, 0.03196134199587165
2022-04-21, 0.13135626764081168, 0.02096069868995635, 0.10079472766039956, 0.33604809495670934, 0.5391597865255667, 0.0, 0.00274492760253447, 0.019180563695455257, 0.03196134199587165
2022-04-21, 0.13135626764081168, 0.02096069868995635, 0.10079472766039956, 0.33604809495670934, 0.5391597865255667, 0.0, 0.00274492760253447, 0.019180563695455257, 0.03196134199587165
2022-04-21, 0.13135626764081168, 0.02096069868995635, 0.10079472766039956, 0.33604809495670934, 0.5391597865255667, 0.0, 0.00274492760253447, 0.019180563695455257, 0.03196134199587165
2022-04-21, 0.13135626764081168, 0.02096069868995635, 0.10079472766039956, 0.33604809495670934, 0.5391597865255667, 0.0, 0.00274492760253447, 0.019180563695455257, 0.03196134199587165
2022-04-21, 0.0813971446260633, 0.27248908296943253, 0.03876720294630762, 0.09249030136423189, 0.2271586917848835, 0.0027530512985225165, 0.004117391403801713, 0.0025574084927273717, 0.01084402674859931
2022-04-21, 0.07107487146807707, 0.10480349344978175, 0.10854816824966086, 0.08632428127328295, 0.24357980203439303, 0.0027530512985225165, 0.005489855205068956, 0.005114816985454729, 0.011985503248451872
2022-04-21, 0.06763316483424836, 0.14672489082969445, 0.062027524714091925, 0.08632428127328295, 0.22168498836838038, 0.005506102597045048, 0.004117391403801713, 0.003836112739091043, 0.01084402674859931
2022-04-21, 0.11414508791733094, 0.2515283842794762, 0.0775344058926149, 0.1418184620918223, 0.41052775623774124, 0.005506102597045048, 0.0068623190063361985, 0.005114816985454729, 0.014268456248156992
2022-03-22, 0.05169816838605431, 0.0419213973799127, 0.10079472766039956, 0.04624515068211608, 0.20800072982712217, 0.0, 0.0013724638012672426, 0.003836112739091043, 0.011414764998525591
2022-03-22, 0.14387060963430565, 0.10480349344978175, 0.062027524714091925, 0.38537625568429973, 0.558317748483328, 0.005506102597045063, 0.0013724638012672426, 0.009590281847727629, 0.023971006496903743
2022-03-22, 0.14387060963430565, 0.10480349344978175, 0.062027524714091925, 0.38537625568429973, 0.558317748483328, 0.005506102597045063, 0.0013724638012672426, 0.009590281847727629, 0.023971006496903743
2022-03-22, 0.14387060963430565, 0.10480349344978175, 0.062027524714091925, 0.38537625568429973, 0.558317748483328, 0.005506102597045063, 0.0013724638012672426, 0.009590281847727629, 0.023971006496903743
2022-03-22, 0.14387060963430565, 0.10480349344978175, 0.062027524714091925, 0.38537625568429973, 0.558317748483328, 0.005506102597045063, 0.0013724638012672426, 0.009590281847727629, 0.023971006496903743
2022-03-22, 0.14387060963430565, 0.10480349344978175, 0.062027524714091925, 0.38537625568429973, 0.558317748483328, 0.005506102597045063, 0.0013724638012672426, 0.009590281847727629, 0.023971006496903743
2022-03-22, 0.14387060963430565, 0.10480349344978175, 0.062027524714091925, 0.38537625568429973, 0.558317748483328, 0.005506102597045063, 0.0013724638012672426, 0.009590281847727629, 0.023971006496903743
2022-03-22, 0.14387060963430565, 0.10480349344978175, 0.062027524714091925, 0.38537625568429973, 0.558317748483328, 0.005506102597045063, 0.0013724638012672426, 0.009590281847727629, 0.023971006496903743
2022-03-22, 0.14387060963430565, 0.10480349344978175, 0.062027524714091925, 0.38537625568429973, 0.558317748483328, 0.005506102597045063, 0.0013724638012672426, 0.009590281847727629, 0.023971006496903743
2022-03-22, 0.14387060963430565, 0.10480349344978175, 0.062027524714091925, 0.38537625568429973, 0.558317748483328, 0.005506102597045063, 0.0013724638012672426, 0.009590281847727629, 0.023971006496903743
2022-03-22, 0.14387060963430565, 0.10480349344978175, 0.062027524714091925, 0.38537625568429973, 0.558317748483328, 0.005506102597045063, 0.0013724638012672426, 0.009590281847727629, 0.023971006496903743
2022-03-22, 0.046638735574381814, 0.14672489082969398, 0.0, 0.05857719086401368, 0.1505268439538384, 0.0027530512985225316, 0.004117391403801728, 0.0012787042463636858, 0.009131811998820471
2022-03-22, 0.06034861316133015, 0.12576419213973764, 0.03876720294630762, 0.04316214063664148, 0.2545272088673995, 0.0027530512985225316, 0.004117391403801728, 0.0, 0.013697717998230712
2022-03-22, 0.06642888329582447, 0.02096069868995635, 0.0775344058926149, 0.12023739177350143, 0.2955799844911737, 0.0027530512985225316, 0.0027449276025344853, 0.0019180563695455287, 0.00970255024874675
2022-03-22, 0.07532671691075996, 0.08384279475982494, 0.06978096530335359, 0.11098836163707843, 0.32021164986543815, 0.0, 0.0027449276025344853, 0.0019180563695455287, 0.013126979748304431
2022-02-20, 0.06439709348213773, 0.06288209606986905, 0.20158945532079875, 0.006166020090948665, 0.20800072982712217, 0.005506102597045063, 0.00274492760253447, 0.008311577601363944, 0.01997583874741978
2022-02-20, 0.17530529983215906, 0.18864628820960713, 0.18608257414227578, 0.36996120545692784, 0.599370524107102, 0.00825915389556758, 0.004117391403801713, 0.019180563695455257, 0.026824697746535144
2022-02-20, 0.17530529983215906, 0.18864628820960713, 0.18608257414227578, 0.36996120545692784, 0.599370524107102, 0.00825915389556758, 0.004117391403801713, 0.019180563695455257, 0.026824697746535144
2022-02-20, 0.17530529983215906, 0.18864628820960713, 0.18608257414227578, 0.36996120545692784, 0.599370524107102, 0.00825915389556758, 0.004117391403801713, 0.019180563695455257, 0.026824697746535144
2022-02-20, 0.17530529983215906, 0.18864628820960713, 0.18608257414227578, 0.36996120545692784, 0.599370524107102, 0.00825915389556758, 0.004117391403801713, 0.019180563695455257, 0.026824697746535144
2022-02-20, 0.17530529983215906, 0.18864628820960713, 0.18608257414227578, 0.36996120545692784, 0.599370524107102, 0.00825915389556758, 0.004117391403801713, 0.019180563695455257, 0.026824697746535144
2022-02-20, 0.17530529983215906, 0.18864628820960713, 0.18608257414227578, 0.36996120545692784, 0.599370524107102, 0.00825915389556758, 0.004117391403801713, 0.019180563695455257, 0.026824697746535144
2022-02-20, 0.17530529983215906, 0.18864628820960713, 0.18608257414227578, 0.36996120545692784, 0.599370524107102, 0.00825915389556758, 0.004117391403801713, 0.019180563695455257, 0.026824697746535144
2022-02-20, 0.17530529983215906, 0.18864628820960713, 0.18608257414227578, 0.36996120545692784, 0.599370524107102, 0.00825915389556758, 0.004117391403801713, 0.019180563695455257, 0.026824697746535144
2022-02-20, 0.17530529983215906, 0.18864628820960713, 0.18608257414227578, 0.36996120545692784, 0.599370524107102, 0.00825915389556758, 0.004117391403801713, 0.019180563695455257, 0.026824697746535144
2022-02-20, 0.17530529983215906, 0.18864628820960713, 0.18608257414227578, 0.36996120545692784, 0.599370524107102, 0.00825915389556758, 0.004117391403801713, 0.019180563695455257, 0.026824697746535144
2022-02-20, 0.052135163824122324, 0.06288209606986905, 0.12405504942818385, 0.012332040181897604, 0.18610591616110927, 0.00825915389556758, 0.0, 0.005754169108636572, 0.01769288574771466
2022-02-20, 0.055025359863575075, 0.06288209606986905, 0.20158945532079875, 0.006166020090948939, 0.13957943712083196, 0.005506102597045063, 0.00274492760253447, 0.005754169108636572, 0.01598067099793582
2022-02-20, 0.07090927324577287, 0.14672489082969398, 0.19383601473153708, 0.00924903013642327, 0.18610591616110927, 0.005506102597045063, 0.004117391403801713, 0.005754169108636572, 0.01598067099793582
2022-02-20, 0.07270482123609032, 0.16768558951965032, 0.18608257414227578, 0.003083010045474606, 0.1915796195776126, 0.005506102597045063, 0.004117391403801713, 0.007032873355000258, 0.0165514092478621
2022-01-21, 0.06405434997138956, 0.23056768558951984, 0.14731537119596816, 0.0030830100454743324, 0.10400036491356109, 0.00825915389556758, 0.004117391403801713, 0.0076722254781821, 0.007419597249041642
2022-01-21, 0.12854994042372778, 0.02096069868995635, 0.1550688117852298, 0.28055391413817027, 0.5227386762760572, 0.011012205194090111, 0.00274492760253447, 0.015344450956364216, 0.019975838747419792
2022-01-21, 0.12854994042372778, 0.02096069868995635, 0.1550688117852298, 0.28055391413817027, 0.5227386762760572, 0.011012205194090111, 0.00274492760253447, 0.015344450956364216, 0.019975838747419792
2022-01-21, 0.12854994042372778, 0.02096069868995635, 0.1550688117852298, 0.28055391413817027, 0.5227386762760572, 0.011012205194090111, 0.00274492760253447, 0.015344450956364216, 0.019975838747419792
2022-01-21, 0.12854994042372778, 0.02096069868995635, 0.1550688117852298, 0.28055391413817027, 0.5227386762760572, 0.011012205194090111, 0.00274492760253447, 0.015344450956364216, 0.019975838747419792
2022-01-21, 0.12854994042372778, 0.02096069868995635, 0.1550688117852298, 0.28055391413817027, 0.5227386762760572, 0.011012205194090111, 0.00274492760253447, 0.015344450956364216, 0.019975838747419792
2022-01-21, 0.12854994042372778, 0.02096069868995635, 0.1550688117852298, 0.28055391413817027, 0.5227386762760572, 0.011012205194090111, 0.00274492760253447, 0.015344450956364216, 0.019975838747419792
2022-01-21, 0.12854994042372778, 0.02096069868995635, 0.1550688117852298, 0.28055391413817027, 0.5227386762760572, 0.011012205194090111, 0.00274492760253447, 0.015344450956364216, 0.019975838747419792
2022-01-21, 0.12854994042372778, 0.02096069868995635, 0.1550688117852298, 0.28055391413817027, 0.5227386762760572, 0.011012205194090111, 0.00274492760253447, 0.015344450956364216, 0.019975838747419792
2022-01-21, 0.12854994042372778, 0.02096069868995635, 0.1550688117852298, 0.28055391413817027, 0.5227386762760572, 0.011012205194090111, 0.00274492760253447, 0.015344450956364216, 0.019975838747419792
2022-01-21, 0.12854994042372778, 0.02096069868995635, 0.1550688117852298, 0.28055391413817027, 0.5227386762760572, 0.011012205194090111, 0.00274492760253447, 0.015344450956364216, 0.019975838747419792
2022-01-21, 0.0812825883637104, 0.23056768558951984, 0.19383601473153708, 0.06166020090948774, 0.13410573370432885, 0.00825915389556758, 0.00274492760253447, 0.0076722254781821, 0.011414764998525603
2022-01-21, 0.07793299335946625, 0.2096069868995635, 0.19383601473153708, 0.05857719086401341, 0.13410573370432885, 0.005506102597045063, 0.00274492760253447, 0.0076722254781821, 0.011414764998525603
2022-01-21, 0.0779173447340041, 0.27248908296943253, 0.14731537119596816, 0.03699612054569281, 0.13136888199607707, 0.005506102597045063, 0.00274492760253447, 0.011508338217273158, 0.015409932748009551
2022-01-21, 0.05595511592485318, 0.10480349344978175, 0.18608257414227578, 0.003083010045474606, 0.11494777174656752, 0.00825915389556758, 0.004117391403801713, 0.011508338217273158, 0.014839194498083273
2021-12-22, 0.07692544733644098, 0.35633187772925773, 0.03876720294630762, 0.10790535159160382, 0.08210555124754844, 0.00825915389556758, 0.0013724638012672426, 0.006393521231818415, 0.014268456248156992
2021-12-22, 0.09950091520323708, 0.14672489082969445, 0.06978096530335325, 0.1079053515916041, 0.41600145965424457, 0.013765256492612642, 0.0013724638012672426, 0.015344450956364216, 0.0251124829967563
2021-12-22, 0.09950091520323708, 0.14672489082969445, 0.06978096530335325, 0.1079053515916041, 0.41600145965424457, 0.013765256492612642, 0.0013724638012672426, 0.015344450956364216, 0.0251124829967563
2021-12-22, 0.09950091520323708, 0.14672489082969445, 0.06978096530335325, 0.1079053515916041, 0.41600145965424457, 0.013765256492612642, 0.0013724638012672426, 0.015344450956364216, 0.0251124829967563
2021-12-22, 0.09950091520323708, 0.14672489082969445, 0.06978096530335325, 0.1079053515916041, 0.41600145965424457, 0.013765256492612642, 0.0013724638012672426, 0.015344450956364216, 0.0251124829967563
2021-12-22, 0.09950091520323708, 0.14672489082969445, 0.06978096530335325, 0.1079053515916041, 0.41600145965424457, 0.013765256492612642, 0.0013724638012672426, 0.015344450956364216, 0.0251124829967563
2021-12-22, 0.09950091520323708, 0.14672489082969445, 0.06978096530335325, 0.1079053515916041, 0.41600145965424457, 0.013765256492612642, 0.0013724638012672426, 0.015344450956364216, 0.0251124829967563
2021-12-22, 0.09950091520323708, 0.14672489082969445, 0.06978096530335325, 0.1079053515916041, 0.41600145965424457, 0.013765256492612642, 0.0013724638012672426, 0.015344450956364216, 0.0251124829967563
2021-12-22, 0.09950091520323708, 0.14672489082969445, 0.06978096530335325, 0.1079053515916041, 0.41600145965424457, 0.013765256492612642, 0.0013724638012672426, 0.015344450956364216, 0.0251124829967563
2021-12-22, 0.09950091520323708, 0.14672489082969445, 0.06978096530335325, 0.1079053515916041, 0.41600145965424457, 0.013765256492612642, 0.0013724638012672426, 0.015344450956364216, 0.0251124829967563
2021-12-22, 0.09950091520323708, 0.14672489082969445, 0.06978096530335325, 0.1079053515916041, 0.41600145965424457, 0.013765256492612642, 0.0013724638012672426, 0.015344450956364216, 0.0251124829967563
2021-12-22, 0.08524431117504791, 0.2724890829694323, 0.11630160883892218, 0.10790535159160382, 0.14505314053733528, 0.00825915389556758, 0.00274492760253447, 0.011508338217273158, 0.01769288574771466
2021-12-22, 0.08602384806126924, 0.37729257641921404, 0.0775344058926149, 0.12332040181897576, 0.07389499612279354, 0.005506102597045048, 0.0013724638012672426, 0.012147690340455, 0.01712214749778838
2021-12-22, 0.0802850294932557, 0.33537117903930136, 0.0775344058926149, 0.14798448218277097, 0.05200018245678066, 0.005506102597045048, 0.0013724638012672426, 0.0076722254781821, 0.014839194498083273
2021-12-22, 0.077315176718769, 0.25152838427947594, 0.10079472766039921, 0.21889371322868226, 0.01915796195776109, 0.0027530512985225165, 0.00274492760253447, 0.008950929724545786, 0.013697717998230712
2021-11-22, 0.05727845357297738, 0.1467248908296942, 0.062027524714091925, 0.20347866300131032, 0.013684258541257993, 0.005506102597045063, 0.0013724638012672426, 0.008311577601363944, 0.01712214749778839
2021-11-22, 0.0671845292107921, 0.0838427947598254, 0.015506881178522981, 0.00924903013642327, 0.383159239155225, 0.011012205194090118, 0.0013724638012672426, 0.012787042463636844, 0.02054657699734606
2021-11-22, 0.0671845292107921, 0.0838427947598254, 0.015506881178522981, 0.00924903013642327, 0.383159239155225, 0.011012205194090118, 0.0013724638012672426, 0.012787042463636844, 0.02054657699734606
2021-11-22, 0.0671845292107921, 0.0838427947598254, 0.015506881178522981, 0.00924903013642327, 0.383159239155225, 0.011012205194090118, 0.0013724638012672426, 0.012787042463636844, 0.02054657699734606
2021-11-22, 0.0671845292107921, 0.0838427947598254, 0.015506881178522981, 0.00924903013642327, 0.383159239155225, 0.011012205194090118, 0.0013724638012672426, 0.012787042463636844, 0.02054657699734606
2021-11-22, 0.0671845292107921, 0.0838427947598254, 0.015506881178522981, 0.00924903013642327, 0.383159239155225, 0.011012205194090118, 0.0013724638012672426, 0.012787042463636844, 0.02054657699734606
2021-11-22, 0.0671845292107921, 0.0838427947598254, 0.015506881178522981, 0.00924903013642327, 0.383159239155225, 0.011012205194090118, 0.0013724638012672426, 0.012787042463636844, 0.02054657699734606
2021-11-22, 0.0671845292107921, 0.0838427947598254, 0.015506881178522981, 0.00924903013642327, 0.383159239155225, 0.011012205194090118, 0.0013724638012672426, 0.012787042463636844, 0.02054657699734606
2021-11-22, 0.0671845292107921, 0.0838427947598254, 0.015506881178522981, 0.00924903013642327, 0.383159239155225, 0.011012205194090118, 0.0013724638012672426, 0.012787042463636844, 0.02054657699734606
2021-11-22, 0.0671845292107921, 0.0838427947598254, 0.015506881178522981, 0.00924903013642327, 0.383159239155225, 0.011012205194090118, 0.0013724638012672426, 0.012787042463636844, 0.02054657699734606
2021-11-22, 0.0671845292107921, 0.0838427947598254, 0.015506881178522981, 0.00924903013642327, 0.383159239155225, 0.011012205194090118, 0.0013724638012672426, 0.012787042463636844, 0.02054657699734606
2021-11-22, 0.05935596613365371, 0.25152838427947594, 0.031013762357045963, 0.1541505022737199, 0.010947406833006441, 0.0027530512985225316, 0.0013724638012672426, 0.0076722254781821, 0.015409932748009551
2021-11-22, 0.05591748450813418, 0.16768558951965057, 0.05427408412483043, 0.18189759268298944, 0.013684258541258236, 0.005506102597045063, 0.0, 0.008311577601363944, 0.015980670997935834
2021-11-22, 0.04507398109010623, 0.08384279475982516, 0.015506881178522981, 0.006166020090948665, 0.21621128495187705, 0.005506102597045063, 0.0013724638012672426, 0.010868986094091315, 0.021117315247272343
2021-11-22, 0.05506544198760161, 0.0419213973799127, 0.03876720294630745, 0.049328160727590414, 0.26273776399215437, 0.005506102597045063, 0.0013724638012672426, 0.01406574671000053, 0.026824697746535144
2021-10-23, 0.044959756017204054, 0.0419213973799127, 0.0, 0.012332040181897604, 0.2682114674086575, 0.0027530512985225316, 0.004117391403801728, 0.011508338217273158, 0.01883436224756722
2021-10-23, 0.10599765390313567, 0.0419213973799127, 0.046520643535568944, 0.18498060272846378, 0.5254755279843087, 0.0027530512985225316, 0.0027449276025344853, 0.017901859449091586, 0.025683221246682583
2021-10-23, 0.10599765390313567, 0.0419213973799127, 0.046520643535568944, 0.18498060272846378, 0.5254755279843087, 0.0027530512985225316, 0.0027449276025344853, 0.017901859449091586, 0.025683221246682583
2021-10-23, 0.10599765390313567, 0.0419213973799127, 0.046520643535568944, 0.18498060272846378, 0.5254755279843087, 0.0027530512985225316, 0.0027449276025344853, 0.017901859449091586, 0.025683221246682583
2021-10-23, 0.10599765390313567, 0.0419213973799127, 0.046520643535568944, 0.18498060272846378, 0.5254755279843087, 0.0027530512985225316, 0.0027449276025344853, 0.017901859449091586, 0.025683221246682583
2021-10-23, 0.10599765390313567, 0.0419213973799127, 0.046520643535568944, 0.18498060272846378, 0.5254755279843087, 0.0027530512985225316, 0.0027449276025344853, 0.017901859449091586, 0.025683221246682583
2021-10-23, 0.10599765390313567, 0.0419213973799127, 0.046520643535568944, 0.18498060272846378, 0.5254755279843087, 0.0027530512985225316, 0.0027449276025344853, 0.017901859449091586, 0.025683221246682583
2021-10-23, 0.10599765390313567, 0.0419213973799127, 0.046520643535568944, 0.18498060272846378, 0.5254755279843087, 0.0027530512985225316, 0.0027449276025344853, 0.017901859449091586, 0.025683221246682583
2021-10-23, 0.10599765390313567, 0.0419213973799127, 0.046520643535568944, 0.18498060272846378, 0.5254755279843087, 0.0027530512985225316, 0.0027449276025344853, 0.017901859449091586, 0.025683221246682583
2021-10-23, 0.10599765390313567, 0.0419213973799127, 0.046520643535568944, 0.18498060272846378, 0.5254755279843087, 0.0027530512985225316, 0.0027449276025344853, 0.017901859449091586, 0.025683221246682583
2021-10-23, 0.10599765390313567, 0.0419213973799127, 0.046520643535568944, 0.18498060272846378, 0.5254755279843087, 0.0027530512985225316, 0.0027449276025344853, 0.017901859449091586, 0.025683221246682583
2021-10-23, 0.05098074989582622, 0.0838427947598254, 0.03876720294630728, 0.0, 0.25179035715914794, 0.0027530512985225316, 0.004117391403801728, 0.008311577601363944, 0.018263623997640942
2021-10-23, 0.06753930801998417, 0.0838427947598254, 0.03876720294630728, 0.030830100454744144, 0.33936961182319925, 0.0027530512985225316, 0.0013724638012672426, 0.01598380307954606, 0.027395435996461423
2021-10-23, 0.07184331839100624, 0.2724890829694323, 0.007753440589261662, 0.08940729131875755, 0.16694795420334793, 0.0027530512985225316, 0.004117391403801728, 0.009590281847727629, 0.02168805349719862
2021-10-23, 0.054795078046775685, 0.18864628820960713, 0.0232603217677843, 0.1449014721372969, 0.05200018245678042, 0.005506102597045063, 0.0027449276025344853, 0.007032873355000258, 0.014268456248156992
2021-09-23, 0.06658328915020266, 0.06288209606986905, 0.054274084124830264, 0.03083010045474387, 0.3503170186562057, 0.0, 0.0013724638012672426, 0.009590281847727629, 0.02340026824697746
2021-09-23, 0.07003574169566748, 0.06288209606986905, 0.046520643535568944, 0.07090923104591101, 0.342106463531451, 0.0027530512985225316, 0.0, 0.013426394586818687, 0.02168805349719862
2021-09-23, 0.07003574169566748, 0.06288209606986905, 0.046520643535568944, 0.07090923104591101, 0.342106463531451, 0.0027530512985225316, 0.0, 0.013426394586818687, 0.02168805349719862
2021-09-23, 0.07003574169566748, 0.06288209606986905, 0.046520643535568944, 0.07090923104591101, 0.342106463531451, 0.0027530512985225316, 0.0, 0.013426394586818687, 0.02168805349719862
2021-09-23, 0.07003574169566748, 0.06288209606986905, 0.046520643535568944, 0.07090923104591101, 0.342106463531451, 0.0027530512985225316, 0.0, 0.013426394586818687, 0.02168805349719862
2021-09-23, 0.07003574169566748, 0.06288209606986905, 0.046520643535568944, 0.07090923104591101, 0.342106463531451, 0.0027530512985225316, 0.0, 0.013426394586818687, 0.02168805349719862
2021-09-23, 0.07003574169566748, 0.06288209606986905, 0.046520643535568944, 0.07090923104591101, 0.342106463531451, 0.0027530512985225316, 0.0, 0.013426394586818687, 0.02168805349719862
2021-09-23, 0.07003574169566748, 0.06288209606986905, 0.046520643535568944, 0.07090923104591101, 0.342106463531451, 0.0027530512985225316, 0.0, 0.013426394586818687, 0.02168805349719862
2021-09-23, 0.07003574169566748, 0.06288209606986905, 0.046520643535568944, 0.07090923104591101, 0.342106463531451, 0.0027530512985225316, 0.0, 0.013426394586818687, 0.02168805349719862
2021-09-23, 0.07003574169566748, 0.06288209606986905, 0.046520643535568944, 0.07090923104591101, 0.342106463531451, 0.0027530512985225316, 0.0, 0.013426394586818687, 0.02168805349719862
2021-09-23, 0.07003574169566748, 0.06288209606986905, 0.046520643535568944, 0.07090923104591101, 0.342106463531451, 0.0027530512985225316, 0.0, 0.013426394586818687, 0.02168805349719862
2021-09-23, 0.07153731085030336, 0.0838427947598254, 0.09304128707113789, 0.052411170773064744, 0.3010536879076768, 0.005506102597045063, 0.0027449276025344853, 0.010868986094091315, 0.022829529997051182
2021-09-23, 0.06161023624750185, 0.0838427947598254, 0.0775344058926149, 0.01849806027284654, 0.27094831911690903, 0.005506102597045063, 0.0, 0.010868986094091315, 0.025683221246682583
2021-09-23, 0.050003158620376305, 0.0419213973799127, 0.015506881178522981, 0.04624515068211608, 0.2600009122839026, 0.005506102597045063, 0.0, 0.010868986094091315, 0.01997583874741978
2021-09-23, 0.06583132496804218, 0.02096069868995635, 0.06978096530335325, 0.049328160727590414, 0.33389590840669614, 0.0027530512985225316, 0.0, 0.01854121157227343, 0.03139060374594537
2021-08-24, 0.09761119766323707, 0.2724890829694321, 0.16282225237449147, 0.20656167304678463, 0.08210555124754844, 0.0027530512985225316, 0.0013724638012672426, 0.01854121157227343, 0.034244294995576775
2021-08-24, 0.07127810792406432, 0.10480349344978152, 0.12405504942818385, 0.12640341186445037, 0.16421110249509638, 0.0027530512985225316, 0.004117391403801728, 0.015344450956364216, 0.028536912496313984
2021-08-24, 0.07127810792406432, 0.10480349344978152, 0.12405504942818385, 0.12640341186445037, 0.16421110249509638, 0.0027530512985225316, 0.004117391403801728, 0.015344450956364216, 0.028536912496313984
2021-08-24, 0.07127810792406432, 0.10480349344978152, 0.12405504942818385, 0.12640341186445037, 0.16421110249509638, 0.0027530512985225316, 0.004117391403801728, 0.015344450956364216, 0.028536912496313984
2021-08-24, 0.07127810792406432, 0.10480349344978152, 0.12405504942818385, 0.12640341186445037, 0.16421110249509638, 0.0027530512985225316, 0.004117391403801728, 0.015344450956364216, 0.028536912496313984
2021-08-24, 0.07127810792406432, 0.10480349344978152, 0.12405504942818385, 0.12640341186445037, 0.16421110249509638, 0.0027530512985225316, 0.004117391403801728, 0.015344450956364216, 0.028536912496313984
2021-08-24, 0.07127810792406432, 0.10480349344978152, 0.12405504942818385, 0.12640341186445037, 0.16421110249509638, 0.0027530512985225316, 0.004117391403801728, 0.015344450956364216, 0.028536912496313984
2021-08-24, 0.07127810792406432, 0.10480349344978152, 0.12405504942818385, 0.12640341186445037, 0.16421110249509638, 0.0027530512985225316, 0.004117391403801728, 0.015344450956364216, 0.028536912496313984
2021-08-24, 0.07127810792406432, 0.10480349344978152, 0.12405504942818385, 0.12640341186445037, 0.16421110249509638, 0.0027530512985225316, 0.004117391403801728, 0.015344450956364216, 0.028536912496313984
2021-08-24, 0.07127810792406432, 0.10480349344978152, 0.12405504942818385, 0.12640341186445037, 0.16421110249509638, 0.0027530512985225316, 0.004117391403801728, 0.015344450956364216, 0.028536912496313984
2021-08-24, 0.07127810792406432, 0.10480349344978152, 0.12405504942818385, 0.12640341186445037, 0.16421110249509638, 0.0027530512985225316, 0.004117391403801728, 0.015344450956364216, 0.028536912496313984
2021-08-24, 0.09733750898097795, 0.20960698689956325, 0.17832913355301447, 0.10482234154612949, 0.2326323952013866, 0.0027530512985225316, 0.004117391403801728, 0.017901859449091586, 0.028536912496313984
2021-08-24, 0.07181783076295359, 0.08384279475982516, 0.10854816824966086, 0.19114662281941272, 0.1368425854125804, 0.008259153895567587, 0.006862319006336213, 0.012787042463636844, 0.026253959496608862
2021-08-24, 0.08110388968055506, 0.1467248908296942, 0.20158945532079875, 0.052411170773064744, 0.20252702641061907, 0.0, 0.004117391403801728, 0.01406574671000053, 0.027395435996461423
2021-08-24, 0.10757060191099792, 0.14672489082969445, 0.10079472766039956, 0.10482234154612949, 0.44884368015326387, 0.011012205194090118, 0.005489855205068971, 0.0166231552027279, 0.026253959496608862
2021-07-25, 0.08548449462007893, 0.1467248908296942, 0.2170963364993214, 0.12332040181897604, 0.15052684395383864, 0.005506102597045063, 0.00823478280760344, 0.015344450956364216, 0.01712214749778839
2021-07-25, 0.08548449462007893, 0.1467248908296942, 0.2170963364993214, 0.12332040181897604, 0.15052684395383864, 0.005506102597045063, 0.00823478280760344, 0.015344450956364216, 0.01712214749778839
2021-07-25, 0.08548449462007893, 0.1467248908296942, 0.2170963364993214, 0.12332040181897604, 0.15052684395383864, 0.005506102597045063, 0.00823478280760344, 0.015344450956364216, 0.01712214749778839
2021-07-25, 0.08548449462007893, 0.1467248908296942, 0.2170963364993214, 0.12332040181897604, 0.15052684395383864, 0.005506102597045063, 0.00823478280760344, 0.015344450956364216, 0.01712214749778839
2021-07-25, 0.08548449462007893, 0.1467248908296942, 0.2170963364993214, 0.12332040181897604, 0.15052684395383864, 0.005506102597045063, 0.00823478280760344, 0.015344450956364216, 0.01712214749778839
2021-07-25, 0.08548449462007893, 0.1467248908296942, 0.2170963364993214, 0.12332040181897604, 0.15052684395383864, 0.005506102597045063, 0.00823478280760344, 0.015344450956364216, 0.01712214749778839
2021-07-25, 0.08548449462007893, 0.1467248908296942, 0.2170963364993214, 0.12332040181897604, 0.15052684395383864, 0.005506102597045063, 0.00823478280760344, 0.015344450956364216, 0.01712214749778839
2021-07-25, 0.08548449462007893, 0.1467248908296942, 0.2170963364993214, 0.12332040181897604, 0.15052684395383864, 0.005506102597045063, 0.00823478280760344, 0.015344450956364216, 0.01712214749778839
2021-07-25, 0.08548449462007893, 0.1467248908296942, 0.2170963364993214, 0.12332040181897604, 0.15052684395383864, 0.005506102597045063, 0.00823478280760344, 0.015344450956364216, 0.01712214749778839
2021-07-25, 0.08548449462007893, 0.1467248908296942, 0.2170963364993214, 0.12332040181897604, 0.15052684395383864, 0.005506102597045063, 0.00823478280760344, 0.015344450956364216, 0.01712214749778839
2021-07-25, 0.08548449462007893, 0.1467248908296942, 0.2170963364993214, 0.12332040181897604, 0.15052684395383864, 0.005506102597045063, 0.00823478280760344, 0.015344450956364216, 0.01712214749778839
2021-07-25, 0.1751839203537337, 0.48209606986899556, 0.1783291335530141, 0.45936849677568536, 0.25179035715914794, 0.0027530512985225165, 0.005489855205068971, 0.010229633970909473, 0.011414764998525591
2021-07-25, 0.07104831819874359, 0.12576419213973786, 0.16282225237449113, 0.015415050227371935, 0.21347443324362525, 0.005506102597045063, 0.00823478280760344, 0.0166231552027279, 0.02054657699734606
2021-07-25, 0.07897622299395556, 0.0419213973799127, 0.1550688117852298, 0.08632428127328322, 0.28189572594991547, 0.011012205194090127, 0.00823478280760344, 0.021098620065000788, 0.026253959496608862
2021-07-25, 0.1811326824724749, 0.314410480349345, 0.10079472766039921, 0.30521799450196546, 0.6267390411896185, 0.019271359089657714, 0.012352174211405168, 0.03260695828227396, 0.037668724495134455
2021-06-25, 0.09570082175291478, 0.1676855895196508, 0.24035665826710603, 0.012332040181897604, 0.29831683619942523, 0.005506102597045063, 0.00823478280760344, 0.0166231552027279, 0.016551409247862112
2021-06-25, 0.07970632953544428, 0.0838427947598254, 0.17832913355301447, 0.07707525113685995, 0.25726406057565104, 0.008259153895567587, 0.01372463801267241, 0.008311577601363944, 0.01084402674859931
2021-06-25, 0.07970632953544428, 0.0838427947598254, 0.17832913355301447, 0.07707525113685995, 0.25726406057565104, 0.008259153895567587, 0.01372463801267241, 0.008311577601363944, 0.01084402674859931
2021-06-25, 0.07970632953544428, 0.0838427947598254, 0.17832913355301447, 0.07707525113685995, 0.25726406057565104, 0.008259153895567587, 0.01372463801267241, 0.008311577601363944, 0.01084402674859931
2021-06-25, 0.07970632953544428, 0.0838427947598254, 0.17832913355301447, 0.07707525113685995, 0.25726406057565104, 0.008259153895567587, 0.01372463801267241, 0.008311577601363944, 0.01084402674859931
2021-06-25, 0.07970632953544428, 0.0838427947598254, 0.17832913355301447, 0.07707525113685995, 0.25726406057565104, 0.008259153895567587, 0.01372463801267241, 0.008311577601363944, 0.01084402674859931
2021-06-25, 0.07970632953544428, 0.0838427947598254, 0.17832913355301447, 0.07707525113685995, 0.25726406057565104, 0.008259153895567587, 0.01372463801267241, 0.008311577601363944, 0.01084402674859931
2021-06-25, 0.07970632953544428, 0.0838427947598254, 0.17832913355301447, 0.07707525113685995, 0.25726406057565104, 0.008259153895567587, 0.01372463801267241, 0.008311577601363944, 0.01084402674859931
2021-06-25, 0.07970632953544428, 0.0838427947598254, 0.17832913355301447, 0.07707525113685995, 0.25726406057565104, 0.008259153895567587, 0.01372463801267241, 0.008311577601363944, 0.01084402674859931
2021-06-25, 0.07970632953544428, 0.0838427947598254, 0.17832913355301447, 0.07707525113685995, 0.25726406057565104, 0.008259153895567587, 0.01372463801267241, 0.008311577601363944, 0.01084402674859931
2021-06-25, 0.07970632953544428, 0.0838427947598254, 0.17832913355301447, 0.07707525113685995, 0.25726406057565104, 0.008259153895567587, 0.01372463801267241, 0.008311577601363944, 0.01084402674859931
2021-06-25, 0.2279048447687404, 0.5240174672489085, 0.22484977708858306, 0.5734398684582381, 0.48168590065228295, 0.005506102597045063, 0.009607246608870683, 0.0012787042463636858, 0.002853691249631401
2021-06-25, 0.07929671322892307, 0.1676855895196508, 0.21709633649932172, 0.19731264291036138, 0.008210555124754892, 0.005506102597045063, 0.012352174211405168, 0.010229633970909473, 0.015980670997935834
2021-06-25, 0.1880741129561548, 0.25152838427947594, 0.16282225237449147, 0.3144670246383885, 0.6951603338959087, 0.016518307791135174, 0.016469565615206898, 0.023656028557728158, 0.023971006496903743
2021-06-25, 0.060187947610447615, 0.0838427947598254, 0.1473153711959685, 0.13873545204634796, 0.07389499612279354, 0.008259153895567587, 0.01372463801267241, 0.008311577601363944, 0.007419597249041629
2021-05-26, 0.10526104211543383, 0.23056768558951962, 0.2636169800348903, 0.17573157259204078, 0.12863203028782574, 0.0, 0.012352174211405168, 0.01406574671000053, 0.01712214749778839
2021-05-26, 0.05955505250410692, 0.12576419213973786, 0.24035665826710603, 0.030830100454744144, 0.041052775623773734, 0.0027530512985225316, 0.010979710410137926, 0.012147690340455, 0.01255624149837815
2021-05-26, 0.05955505250410692, 0.12576419213973786, 0.24035665826710603, 0.030830100454744144, 0.041052775623773734, 0.0027530512985225316, 0.010979710410137926, 0.012147690340455, 0.01255624149837815
2021-05-26, 0.05955505250410692, 0.12576419213973786, 0.24035665826710603, 0.030830100454744144, 0.041052775623773734, 0.0027530512985225316, 0.010979710410137926, 0.012147690340455, 0.01255624149837815
2021-05-26, 0.05955505250410692, 0.12576419213973786, 0.24035665826710603, 0.030830100454744144, 0.041052775623773734, 0.0027530512985225316, 0.010979710410137926, 0.012147690340455, 0.01255624149837815
2021-05-26, 0.05955505250410692, 0.12576419213973786, 0.24035665826710603, 0.030830100454744144, 0.041052775623773734, 0.0027530512985225316, 0.010979710410137926, 0.012147690340455, 0.01255624149837815
2021-05-26, 0.05955505250410692, 0.12576419213973786, 0.24035665826710603, 0.030830100454744144, 0.041052775623773734, 0.0027530512985225316, 0.010979710410137926, 0.012147690340455, 0.01255624149837815
2021-05-26, 0.05955505250410692, 0.12576419213973786, 0.24035665826710603, 0.030830100454744144, 0.041052775623773734, 0.0027530512985225316, 0.010979710410137926, 0.012147690340455, 0.01255624149837815
2021-05-26, 0.05955505250410692, 0.12576419213973786, 0.24035665826710603, 0.030830100454744144, 0.041052775623773734, 0.0027530512985225316, 0.010979710410137926, 0.012147690340455, 0.01255624149837815
2021-05-26, 0.05955505250410692, 0.12576419213973786, 0.24035665826710603, 0.030830100454744144, 0.041052775623773734, 0.0027530512985225316, 0.010979710410137926, 0.012147690340455, 0.01255624149837815
2021-05-26, 0.05955505250410692, 0.12576419213973786, 0.24035665826710603, 0.030830100454744144, 0.041052775623773734, 0.0027530512985225316, 0.010979710410137926, 0.012147690340455, 0.01255624149837815
2021-05-26, 0.06753490138409354, 0.23056768558951962, 0.24035665826710603, 0.015415050227371935, 0.008210555124755135, 0.0, 0.010979710410137926, 0.015344450956364216, 0.0194051004974935
2021-05-26, 0.283845543363067, 0.7755458515283842, 0.3566582671060282, 0.5456927780489685, 0.5720020070245863, 0.011012205194090111, 0.006862319006336213, 0.0012787042463636858, 0.0017122147497788405
2021-05-26, 0.15841001719166153, 0.314410480349345, 0.14731537119596816, 0.30830100454743953, 0.41873831136249584, 0.008259153895567587, 0.01372463801267241, 0.026852789173637374, 0.029678388996166545
2021-05-26, 0.12429802023716797, 0.0, 0.2791238612134133, 0.262055853865324, 0.3886329425717283, 0.0055061025970450555, 0.012352174211405168, 0.020459267941818945, 0.026253959496608862
2021-04-26, 0.05195479290416125, 0.06288209606986905, 0.19383601473153708, 0.00924903013642327, 0.10673721662181239, 0.0027530512985225165, 0.010979710410137926, 0.011508338217273172, 0.017692885747714673
2021-04-26, 0.05195479290416125, 0.06288209606986905, 0.19383601473153708, 0.00924903013642327, 0.10673721662181239, 0.0027530512985225165, 0.010979710410137926, 0.011508338217273172, 0.017692885747714673
2021-04-26, 0.05195479290416125, 0.06288209606986905, 0.19383601473153708, 0.00924903013642327, 0.10673721662181239, 0.0027530512985225165, 0.010979710410137926, 0.011508338217273172, 0.017692885747714673
2021-04-26, 0.05195479290416125, 0.06288209606986905, 0.19383601473153708, 0.00924903013642327, 0.10673721662181239, 0.0027530512985225165, 0.010979710410137926, 0.011508338217273172, 0.017692885747714673
2021-04-26, 0.05195479290416125, 0.06288209606986905, 0.19383601473153708, 0.00924903013642327, 0.10673721662181239, 0.0027530512985225165, 0.010979710410137926, 0.011508338217273172, 0.017692885747714673
2021-04-26, 0.05195479290416125, 0.06288209606986905, 0.19383601473153708, 0.00924903013642327, 0.10673721662181239, 0.0027530512985225165, 0.010979710410137926, 0.011508338217273172, 0.017692885747714673
2021-04-26, 0.05195479290416125, 0.06288209606986905, 0.19383601473153708, 0.00924903013642327, 0.10673721662181239, 0.0027530512985225165, 0.010979710410137926, 0.011508338217273172, 0.017692885747714673
2021-04-26, 0.05195479290416125, 0.06288209606986905, 0.19383601473153708, 0.00924903013642327, 0.10673721662181239, 0.0027530512985225165, 0.010979710410137926, 0.011508338217273172, 0.017692885747714673
2021-04-26, 0.05195479290416125, 0.06288209606986905, 0.19383601473153708, 0.00924903013642327, 0.10673721662181239, 0.0027530512985225165, 0.010979710410137926, 0.011508338217273172, 0.017692885747714673
2021-04-26, 0.05195479290416125, 0.06288209606986905, 0.19383601473153708, 0.00924903013642327, 0.10673721662181239, 0.0027530512985225165, 0.010979710410137926, 0.011508338217273172, 0.017692885747714673
2021-04-26, 0.05195479290416125, 0.06288209606986905, 0.19383601473153708, 0.00924903013642327, 0.10673721662181239, 0.0027530512985225165, 0.010979710410137926, 0.011508338217273172, 0.017692885747714673
2021-04-26, 0.24608048070528413, 0.6707423580786027, 0.20934289591006008, 0.5210286976851733, 0.5473703416503218, 0.005506102597045063, 0.009607246608870698, 0.004475464862272886, 0.0005707382499262802
2021-04-26, 0.06706569662457507, 0.0419213973799127, 0.24035665826710603, 0.0030830100454743324, 0.2107375815353737, 0.0, 0.008234782807603456, 0.012787042463636858, 0.0194051004974935
2021-04-26, 0.06217983222147196, 0.0838427947598254, 0.20158945532079875, 0.16956555250109184, 0.005473703416503099, 0.0027530512985225316, 0.006862319006336213, 0.010229633970909487, 0.01712214749778839
2021-04-26, 0.22776556007606188, 0.48209606986899556, 0.0775344058926149, 0.5302777278215964, 0.6595812616886376, 0.011012205194090111, 0.012352174211405168, 0.02301667643454633, 0.026253959496608862
2021-03-27, 0.06778404961152112, 0.2934497816593884, 0.046520643535568944, 0.14490147213729634, 0.019157961957761333, 0.0027530512985225316, 0.005489855205068971, 0.008311577601363944, 0.02168805349719862
2021-03-27, 0.06778404961152112, 0.2934497816593884, 0.046520643535568944, 0.14490147213729634, 0.019157961957761333, 0.0027530512985225316, 0.005489855205068971, 0.008311577601363944, 0.02168805349719862
2021-03-27, 0.06778404961152112, 0.2934497816593884, 0.046520643535568944, 0.14490147213729634, 0.019157961957761333, 0.0027530512985225316, 0.005489855205068971, 0.008311577601363944, 0.02168805349719862
2021-03-27, 0.06778404961152112, 0.2934497816593884, 0.046520643535568944, 0.14490147213729634, 0.019157961957761333, 0.0027530512985225316, 0.005489855205068971, 0.008311577601363944, 0.02168805349719862
2021-03-27, 0.06778404961152112, 0.2934497816593884, 0.046520643535568944, 0.14490147213729634, 0.019157961957761333, 0.0027530512985225316, 0.005489855205068971, 0.008311577601363944, 0.02168805349719862
2021-03-27, 0.06778404961152112, 0.2934497816593884, 0.046520643535568944, 0.14490147213729634, 0.019157961957761333, 0.0027530512985225316, 0.005489855205068971, 0.008311577601363944, 0.02168805349719862
2021-03-27, 0.06778404961152112, 0.2934497816593884, 0.046520643535568944, 0.14490147213729634, 0.019157961957761333, 0.0027530512985225316, 0.005489855205068971, 0.008311577601363944, 0.02168805349719862
2021-03-27, 0.06778404961152112, 0.2934497816593884, 0.046520643535568944, 0.14490147213729634, 0.019157961957761333, 0.0027530512985225316, 0.005489855205068971, 0.008311577601363944, 0.02168805349719862
2021-03-27, 0.06778404961152112, 0.2934497816593884, 0.046520643535568944, 0.14490147213729634, 0.019157961957761333, 0.0027530512985225316, 0.005489855205068971, 0.008311577601363944, 0.02168805349719862
2021-03-27, 0.06778404961152112, 0.2934497816593884, 0.046520643535568944, 0.14490147213729634, 0.019157961957761333, 0.0027530512985225316, 0.005489855205068971, 0.008311577601363944, 0.02168805349719862
2021-03-27, 0.06778404961152112, 0.2934497816593884, 0.046520643535568944, 0.14490147213729634, 0.019157961957761333, 0.0027530512985225316, 0.005489855205068971, 0.008311577601363944, 0.02168805349719862
2021-03-27, 0.22217020472746565, 0.691703056768559, 0.13180849001744516, 0.4840325771394803, 0.454317383569767, 0.0027530512985225316, 0.004117391403801728, 0.0006393521231818429, 0.00799033549896791
2021-03-27, 0.07326718934741816, 0.2934497816593884, 0.08528784648187622, 0.15106749222824556, 0.016421110249509784, 0.0027530512985225316, 0.006862319006336213, 0.005754169108636572, 0.024541744746830022
2021-03-27, 0.13257624419140487, 0.25152838427947594, 0.054274084124830604, 0.2343087634560542, 0.42968571819550255, 0.013765256492612642, 0.008234782807603456, 0.02429538068091, 0.044517583494249814
2021-03-27, 0.06820943540105162, 0.06288209606986905, 0.046520643535568944, 0.06782622100043695, 0.3120010947406835, 0.00825915389556758, 0.006862319006336213, 0.012787042463636844, 0.028536912496313984
2021-02-25, 0.4100321093139261, 1.1318777292576419, 0.3411513859275056, 0.579605888549187, 1.1166354969666556, 0.011012205194090111, 0.009607246608870698, 0.03900047951409239, 0.051366442493365166
2021-02-25, 0.4100321093139261, 1.1318777292576419, 0.3411513859275056, 0.579605888549187, 1.1166354969666556, 0.011012205194090111, 0.009607246608870698, 0.03900047951409239, 0.051366442493365166
2021-02-25, 0.4100321093139261, 1.1318777292576419, 0.3411513859275056, 0.579605888549187, 1.1166354969666556, 0.011012205194090111, 0.009607246608870698, 0.03900047951409239, 0.051366442493365166
2021-02-25, 0.4100321093139261, 1.1318777292576419, 0.3411513859275056, 0.579605888549187, 1.1166354969666556, 0.011012205194090111, 0.009607246608870698, 0.03900047951409239, 0.051366442493365166
2021-02-25, 0.4100321093139261, 1.1318777292576419, 0.3411513859275056, 0.579605888549187, 1.1166354969666556, 0.011012205194090111, 0.009607246608870698, 0.03900047951409239, 0.051366442493365166
2021-02-25, 0.4100321093139261, 1.1318777292576419, 0.3411513859275056, 0.579605888549187, 1.1166354969666556, 0.011012205194090111, 0.009607246608870698, 0.03900047951409239, 0.051366442493365166
2021-02-25, 0.4100321093139261, 1.1318777292576419, 0.3411513859275056, 0.579605888549187, 1.1166354969666556, 0.011012205194090111, 0.009607246608870698, 0.03900047951409239, 0.051366442493365166
2021-02-25, 0.4100321093139261, 1.1318777292576419, 0.3411513859275056, 0.579605888549187, 1.1166354969666556, 0.011012205194090111, 0.009607246608870698, 0.03900047951409239, 0.051366442493365166
2021-02-25, 0.4100321093139261, 1.1318777292576419, 0.3411513859275056, 0.579605888549187, 1.1166354969666556, 0.011012205194090111, 0.009607246608870698, 0.03900047951409239, 0.051366442493365166
2021-02-25, 0.4100321093139261, 1.1318777292576419, 0.3411513859275056, 0.579605888549187, 1.1166354969666556, 0.011012205194090111, 0.009607246608870698, 0.03900047951409239, 0.051366442493365166
2021-02-25, 0.4100321093139261, 1.1318777292576419, 0.3411513859275056, 0.579605888549187, 1.1166354969666556, 0.011012205194090111, 0.009607246608870698, 0.03900047951409239, 0.051366442493365166
2021-02-25, 0.6601851644682701, 2.1589519650655022, 0.7055630936227951, 0.8385787323690365, 1.5435843634539066, 0.0, 0.004117391403801728, 0.014705098833182387, 0.015980670997935834
2021-02-25, 0.35532411362394556, 1.1318777292576419, 0.41868579182012017, 0.2620558538653237, 0.9250558773890433, 0.00825915389556758, 0.006862319006336213, 0.03900047951409239, 0.0507957042434389
2021-02-25, 0.3666832687436551, 1.194759825327511, 0.35665826710602894, 0.3884592657297741, 0.8976873603065268, 0.00825915389556758, 0.008234782807603456, 0.03260695828227396, 0.04680053649395492
2021-02-25, 0.08859637494323319, 0.23056768558951984, 0.023260321767784645, 0.012332040181897878, 0.27094831911690875, 0.019271359089657696, 0.006862319006336213, 0.06905002930363899, 0.07647892549012147
2021-01-26, 0.2076858143504206, 0.6078602620087337, 0.05427408412482992, 0.14798448218277124, 0.6924234821876571, 0.019271359089657707, 0.006862319006336213, 0.056902338963183974, 0.0759081872401952
2021-01-26, 0.46569432936668526, 1.2995633187772928, 0.27137042062415234, 0.6628471597769957, 1.3930575195000685, 0.013765256492612642, 0.009607246608870698, 0.03196760615909212, 0.04337610699439724
2021-01-26, 0.46569432936668526, 1.2995633187772928, 0.27137042062415234, 0.6628471597769957, 1.3930575195000685, 0.013765256492612642, 0.009607246608870698, 0.03196760615909212, 0.04337610699439724
2021-01-26, 0.46569432936668526, 1.2995633187772928, 0.27137042062415234, 0.6628471597769957, 1.3930575195000685, 0.013765256492612642, 0.009607246608870698, 0.03196760615909212, 0.04337610699439724
2021-01-26, 0.46569432936668526, 1.2995633187772928, 0.27137042062415234, 0.6628471597769957, 1.3930575195000685, 0.013765256492612642, 0.009607246608870698, 0.03196760615909212, 0.04337610699439724
2021-01-26, 0.46569432936668526, 1.2995633187772928, 0.27137042062415234, 0.6628471597769957, 1.3930575195000685, 0.013765256492612642, 0.009607246608870698, 0.03196760615909212, 0.04337610699439724
2021-01-26, 0.46569432936668526, 1.2995633187772928, 0.27137042062415234, 0.6628471597769957, 1.3930575195000685, 0.013765256492612642, 0.009607246608870698, 0.03196760615909212, 0.04337610699439724
2021-01-26, 0.46569432936668526, 1.2995633187772928, 0.27137042062415234, 0.6628471597769957, 1.3930575195000685, 0.013765256492612642, 0.009607246608870698, 0.03196760615909212, 0.04337610699439724
2021-01-26, 0.46569432936668526, 1.2995633187772928, 0.27137042062415234, 0.6628471597769957, 1.3930575195000685, 0.013765256492612642, 0.009607246608870698, 0.03196760615909212, 0.04337610699439724
2021-01-26, 0.46569432936668526, 1.2995633187772928, 0.27137042062415234, 0.6628471597769957, 1.3930575195000685, 0.013765256492612642, 0.009607246608870698, 0.03196760615909212, 0.04337610699439724
2021-01-26, 0.46569432936668526, 1.2995633187772928, 0.27137042062415234, 0.6628471597769957, 1.3930575195000685, 0.013765256492612642, 0.009607246608870698, 0.03196760615909212, 0.04337610699439724
2021-01-26, 0.17202684614380886, 0.48209606986899556, 0.08528784648187589, 0.0030830100454743324, 0.6294758928978701, 0.02202441038818023, 0.010979710410137926, 0.06393521231818423, 0.07933261673975288
2021-01-26, 0.1893156279933122, 0.6078602620087337, 0.023260321767783955, 0.1973126429103611, 0.5254755279843083, 0.019271359089657707, 0.009607246608870698, 0.0575416910863658, 0.07419597249041635
2021-01-26, 0.20239295448255598, 0.4401746724890829, 0.0930412870711372, 0.2219767232741563, 0.6951603338959083, 0.019271359089657707, 0.009607246608870698, 0.0645745644413661, 0.07533744899026891
2021-01-26, 0.25301423621133057, 0.6707423580786027, 0.06978096530335325, 0.274387894047221, 0.8484240295579979, 0.019271359089657707, 0.010979710410137926, 0.056902338963183974, 0.07362523424049008
2020-12-27, 0.17629412088046414, 0.6707423580786027, 0.03876720294630728, 0.08324127122780861, 0.4707384938192763, 0.01651830779113518, 0.012352174211405168, 0.051787521977729234, 0.06620563699144845
2020-12-27, 0.4041492850763522, 1.3624454148471619, 0.3489048265167669, 0.49636461732137793, 0.9469506910550567, 0.0027530512985225316, 0.010979710410137926, 0.02941019766636476, 0.03538577149542933
2020-12-27, 0.4041492850763522, 1.3624454148471619, 0.3489048265167669, 0.49636461732137793, 0.9469506910550567, 0.0027530512985225316, 0.010979710410137926, 0.02941019766636476, 0.03538577149542933
2020-12-27, 0.4041492850763522, 1.3624454148471619, 0.3489048265167669, 0.49636461732137793, 0.9469506910550567, 0.0027530512985225316, 0.010979710410137926, 0.02941019766636476, 0.03538577149542933
2020-12-27, 0.4041492850763522, 1.3624454148471619, 0.3489048265167669, 0.49636461732137793, 0.9469506910550567, 0.0027530512985225316, 0.010979710410137926, 0.02941019766636476, 0.03538577149542933
2020-12-27, 0.4041492850763522, 1.3624454148471619, 0.3489048265167669, 0.49636461732137793, 0.9469506910550567, 0.0027530512985225316, 0.010979710410137926, 0.02941019766636476, 0.03538577149542933
2020-12-27, 0.4041492850763522, 1.3624454148471619, 0.3489048265167669, 0.49636461732137793, 0.9469506910550567, 0.0027530512985225316, 0.010979710410137926, 0.02941019766636476, 0.03538577149542933
2020-12-27, 0.4041492850763522, 1.3624454148471619, 0.3489048265167669, 0.49636461732137793, 0.9469506910550567, 0.0027530512985225316, 0.010979710410137926, 0.02941019766636476, 0.03538577149542933
2020-12-27, 0.4041492850763522, 1.3624454148471619, 0.3489048265167669, 0.49636461732137793, 0.9469506910550567, 0.0027530512985225316, 0.010979710410137926, 0.02941019766636476, 0.03538577149542933
2020-12-27, 0.4041492850763522, 1.3624454148471619, 0.3489048265167669, 0.49636461732137793, 0.9469506910550567, 0.0027530512985225316, 0.010979710410137926, 0.02941019766636476, 0.03538577149542933
2020-12-27, 0.4041492850763522, 1.3624454148471619, 0.3489048265167669, 0.49636461732137793, 0.9469506910550567, 0.0027530512985225316, 0.010979710410137926, 0.02941019766636476, 0.03538577149542933
2020-12-27, 0.2040626481944055, 0.5030567685589519, 0.06202752471409124, 0.19422963286488676, 0.7252657026866758, 0.01376525649261265, 0.010979710410137926, 0.057541691086365816, 0.06563489874152216
2020-12-27, 0.15231917690325297, 0.6707423580786027, 0.05427408412482992, 0.10173933150065516, 0.24357980203439328, 0.01376525649261265, 0.010979710410137926, 0.054984282593638446, 0.06848858999115356
2020-12-27, 0.18149254889462826, 0.6078602620087337, 0.015506881178522638, 0.08940729131875783, 0.5966336723988505, 0.01376525649261265, 0.010979710410137926, 0.049869465608183706, 0.06791785174122728
2020-12-27, 0.20947813975140672, 0.7965065502183408, 0.13956193060670719, 0.21272769313773332, 0.39684349769648297, 0.011012205194090127, 0.008234782807603456, 0.049869465608183706, 0.061068992742111916
2020-11-27, 0.06741139062301256, 0.16768558951965032, 0.06202752471409124, 0.09865632145518083, 0.046526479040277804, 0.022024410388180236, 0.00823478280760344, 0.06393521231818425, 0.0702008047409324
2020-11-27, 0.33207239356772517, 1.0480349344978166, 0.23260321767784506, 0.3637951853659789, 0.905897915431283, 0.01376525649261265, 0.00823478280760344, 0.03516436677500133, 0.049083489493660044
2020-11-27, 0.33207239356772517, 1.0480349344978166, 0.23260321767784506, 0.3637951853659789, 0.905897915431283, 0.01376525649261265, 0.00823478280760344, 0.03516436677500133, 0.049083489493660044
2020-11-27, 0.33207239356772517, 1.0480349344978166, 0.23260321767784506, 0.3637951853659789, 0.905897915431283, 0.01376525649261265, 0.00823478280760344, 0.03516436677500133, 0.049083489493660044
2020-11-27, 0.33207239356772517, 1.0480349344978166, 0.23260321767784506, 0.3637951853659789, 0.905897915431283, 0.01376525649261265, 0.00823478280760344, 0.03516436677500133, 0.049083489493660044
2020-11-27, 0.33207239356772517, 1.0480349344978166, 0.23260321767784506, 0.3637951853659789, 0.905897915431283, 0.01376525649261265, 0.00823478280760344, 0.03516436677500133, 0.049083489493660044
2020-11-27, 0.33207239356772517, 1.0480349344978166, 0.23260321767784506, 0.3637951853659789, 0.905897915431283, 0.01376525649261265, 0.00823478280760344, 0.03516436677500133, 0.049083489493660044
2020-11-27, 0.33207239356772517, 1.0480349344978166, 0.23260321767784506, 0.3637951853659789, 0.905897915431283, 0.01376525649261265, 0.00823478280760344, 0.03516436677500133, 0.049083489493660044
2020-11-27, 0.33207239356772517, 1.0480349344978166, 0.23260321767784506, 0.3637951853659789, 0.905897915431283, 0.01376525649261265, 0.00823478280760344, 0.03516436677500133, 0.049083489493660044
2020-11-27, 0.33207239356772517, 1.0480349344978166, 0.23260321767784506, 0.3637951853659789, 0.905897915431283, 0.01376525649261265, 0.00823478280760344, 0.03516436677500133, 0.049083489493660044
2020-11-27, 0.33207239356772517, 1.0480349344978166, 0.23260321767784506, 0.3637951853659789, 0.905897915431283, 0.01376525649261265, 0.00823478280760344, 0.03516436677500133, 0.049083489493660044
2020-11-27, 0.1066678104290405, 0.2934497816593884, 0.03876720294630728, 0.24972381368342583, 0.11768462345482004, 0.022024410388180236, 0.012352174211405168, 0.05370557834727476, 0.06563489874152216
2020-11-27, 0.651296950050898, 2.2008733624454146, 0.6435355689087032, 0.7368394008683807, 1.595584545910688, 0.0027530512985225316, 0.0068623190063361985, 0.010229633970909487, 0.013697717998230712
2020-11-27, 0.4583573783517263, 1.4253275109170302, 0.42643923240938214, 0.5364437479125453, 1.2124253067554633, 0.008259153895567594, 0.009607246608870683, 0.019819915818637117, 0.028536912496313984
2020-11-27, 0.23118221013494789, 0.7126637554585149, 0.11630160883892253, 0.30521799450196546, 0.5911599689823474, 0.019271359089657714, 0.012352174211405168, 0.042836592253183446, 0.04965422774358634
2020-10-28, 0.16873490371230807, 0.35633187772925795, 0.22484977708858306, 0.15723351231919477, 0.44610682844501187, 0.027530512985225294, 0.00823478280760344, 0.0588203953327295, 0.07077154299085867
2020-10-28, 0.2953917326120195, 1.1528384279475983, 0.19383601473153708, 0.2281427433651055, 0.6595812616886376, 0.019271359089657707, 0.005489855205068956, 0.04347594437636529, 0.06049825449218565
2020-10-28, 0.2953917326120195, 1.1528384279475983, 0.19383601473153708, 0.2281427433651055, 0.6595812616886376, 0.019271359089657707, 0.005489855205068956, 0.04347594437636529, 0.06049825449218565
2020-10-28, 0.2953917326120195, 1.1528384279475983, 0.19383601473153708, 0.2281427433651055, 0.6595812616886376, 0.019271359089657707, 0.005489855205068956, 0.04347594437636529, 0.06049825449218565
2020-10-28, 0.2953917326120195, 1.1528384279475983, 0.19383601473153708, 0.2281427433651055, 0.6595812616886376, 0.019271359089657707, 0.005489855205068956, 0.04347594437636529, 0.06049825449218565
2020-10-28, 0.2953917326120195, 1.1528384279475983, 0.19383601473153708, 0.2281427433651055, 0.6595812616886376, 0.019271359089657707, 0.005489855205068956, 0.04347594437636529, 0.06049825449218565
2020-10-28, 0.2953917326120195, 1.1528384279475983, 0.19383601473153708, 0.2281427433651055, 0.6595812616886376, 0.019271359089657707, 0.005489855205068956, 0.04347594437636529, 0.06049825449218565
2020-10-28, 0.2953917326120195, 1.1528384279475983, 0.19383601473153708, 0.2281427433651055, 0.6595812616886376, 0.019271359089657707, 0.005489855205068956, 0.04347594437636529, 0.06049825449218565
2020-10-28, 0.2953917326120195, 1.1528384279475983, 0.19383601473153708, 0.2281427433651055, 0.6595812616886376, 0.019271359089657707, 0.005489855205068956, 0.04347594437636529, 0.06049825449218565
2020-10-28, 0.2953917326120195, 1.1528384279475983, 0.19383601473153708, 0.2281427433651055, 0.6595812616886376, 0.019271359089657707, 0.005489855205068956, 0.04347594437636529, 0.06049825449218565
2020-10-28, 0.2953917326120195, 1.1528384279475983, 0.19383601473153708, 0.2281427433651055, 0.6595812616886376, 0.019271359089657707, 0.005489855205068956, 0.04347594437636529, 0.06049825449218565
2020-10-28, 0.13443398999533762, 0.4192139737991265, 0.0465206435355686, 0.07399224109138562, 0.3886329425717288, 0.027530512985225294, 0.0068623190063361985, 0.05050881773136555, 0.062210469241964474
2020-10-28, 0.10546685835288293, 0.48209606986899556, 0.015506881178522638, 0.16031652236466856, 0.043789627332025766, 0.027530512985225294, 0.009607246608870683, 0.0466727049922745, 0.058215301492480526
2020-10-28, 0.14155347203168836, 0.5030567685589519, 0.05427408412482992, 0.2065616730467852, 0.1997901747023675, 0.02477746168670276, 0.00823478280760344, 0.057541691086365816, 0.07819114023990031
2020-10-28, 0.1580603858940297, 0.5030567685589519, 0.06978096530335325, 0.1942296328648873, 0.3229485015736897, 0.027530512985225294, 0.00823478280760344, 0.06393521231818425, 0.07476671074034263
2020-09-28, 0.1693502232876541, 0.5659388646288209, 0.08528784648187657, 0.16956555250109157, 0.37768553573872166, 0.030283564283747816, 0.005489855205068971, 0.054344930470456604, 0.06620563699144845
2020-09-28, 0.3953632431786726, 1.467248908296943, 0.27912386121341365, 0.30521799450196546, 1.0098982803448429, 0.02202441038818023, 0.004117391403801728, 0.031328254035910275, 0.04394684524432354
2020-09-28, 0.3953632431786726, 1.467248908296943, 0.27912386121341365, 0.30521799450196546, 1.0098982803448429, 0.02202441038818023, 0.004117391403801728, 0.031328254035910275, 0.04394684524432354
2020-09-28, 0.3953632431786726, 1.467248908296943, 0.27912386121341365, 0.30521799450196546, 1.0098982803448429, 0.02202441038818023, 0.004117391403801728, 0.031328254035910275, 0.04394684524432354
2020-09-28, 0.3953632431786726, 1.467248908296943, 0.27912386121341365, 0.30521799450196546, 1.0098982803448429, 0.02202441038818023, 0.004117391403801728, 0.031328254035910275, 0.04394684524432354
2020-09-28, 0.3953632431786726, 1.467248908296943, 0.27912386121341365, 0.30521799450196546, 1.0098982803448429, 0.02202441038818023, 0.004117391403801728, 0.031328254035910275, 0.04394684524432354
2020-09-28, 0.3953632431786726, 1.467248908296943, 0.27912386121341365, 0.30521799450196546, 1.0098982803448429, 0.02202441038818023, 0.004117391403801728, 0.031328254035910275, 0.04394684524432354
2020-09-28, 0.3953632431786726, 1.467248908296943, 0.27912386121341365, 0.30521799450196546, 1.0098982803448429, 0.02202441038818023, 0.004117391403801728, 0.031328254035910275, 0.04394684524432354
2020-09-28, 0.3953632431786726, 1.467248908296943, 0.27912386121341365, 0.30521799450196546, 1.0098982803448429, 0.02202441038818023, 0.004117391403801728, 0.031328254035910275, 0.04394684524432354
2020-09-28, 0.3953632431786726, 1.467248908296943, 0.27912386121341365, 0.30521799450196546, 1.0098982803448429, 0.02202441038818023, 0.004117391403801728, 0.031328254035910275, 0.04394684524432354
2020-09-28, 0.3953632431786726, 1.467248908296943, 0.27912386121341365, 0.30521799450196546, 1.0098982803448429, 0.02202441038818023, 0.004117391403801728, 0.031328254035910275, 0.04394684524432354
2020-09-28, 0.16297161208555488, 0.5868995633187774, 0.19383601473153708, 0.21889371322868198, 0.169684805911599, 0.027530512985225294, 0.004117391403801728, 0.048590761361820015, 0.05422013374299658
2020-09-28, 0.6325069902144337, 2.242794759825327, 0.5737546036053499, 0.7306733807774326, 1.4669525156228618, 0.011012205194090111, 0.0027449276025344853, 0.012147690340455016, 0.01997583874741978
2020-09-28, 0.17976046001640625, 0.7336244541484713, 0.062027524714091925, 0.024664080363795207, 0.46252793869452113, 0.027530512985225294, 0.006862319006336213, 0.051787521977729234, 0.06905932824107984
2020-09-28, 0.20670316991774942, 0.8803493449781657, 0.062027524714091925, 0.14181846209182258, 0.4269488664872505, 0.02477746168670276, 0.004117391403801728, 0.04795140923863817, 0.06563489874152216
2020-08-29, 0.166610327318233, 0.6707423580786025, 0.08528784648187622, 0.11407137168255249, 0.27642202253341186, 0.02477746168670276, 0.0013724638012672426, 0.07288614204273003, 0.08732295223872077
2020-08-29, 0.40436748028152647, 1.3414847161572052, 0.20934289591005972, 0.5611078282763405, 1.0098982803448429, 0.02202441038818023, 0.004117391403801728, 0.033885662528637644, 0.05307865724314402
2020-08-29, 0.40436748028152647, 1.3414847161572052, 0.20934289591005972, 0.5611078282763405, 1.0098982803448429, 0.02202441038818023, 0.004117391403801728, 0.033885662528637644, 0.05307865724314402
2020-08-29, 0.40436748028152647, 1.3414847161572052, 0.20934289591005972, 0.5611078282763405, 1.0098982803448429, 0.02202441038818023, 0.004117391403801728, 0.033885662528637644, 0.05307865724314402
2020-08-29, 0.40436748028152647, 1.3414847161572052, 0.20934289591005972, 0.5611078282763405, 1.0098982803448429, 0.02202441038818023, 0.004117391403801728, 0.033885662528637644, 0.05307865724314402
2020-08-29, 0.40436748028152647, 1.3414847161572052, 0.20934289591005972, 0.5611078282763405, 1.0098982803448429, 0.02202441038818023, 0.004117391403801728, 0.033885662528637644, 0.05307865724314402
2020-08-29, 0.40436748028152647, 1.3414847161572052, 0.20934289591005972, 0.5611078282763405, 1.0098982803448429, 0.02202441038818023, 0.004117391403801728, 0.033885662528637644, 0.05307865724314402
2020-08-29, 0.40436748028152647, 1.3414847161572052, 0.20934289591005972, 0.5611078282763405, 1.0098982803448429, 0.02202441038818023, 0.004117391403801728, 0.033885662528637644, 0.05307865724314402
2020-08-29, 0.40436748028152647, 1.3414847161572052, 0.20934289591005972, 0.5611078282763405, 1.0098982803448429, 0.02202441038818023, 0.004117391403801728, 0.033885662528637644, 0.05307865724314402
2020-08-29, 0.40436748028152647, 1.3414847161572052, 0.20934289591005972, 0.5611078282763405, 1.0098982803448429, 0.02202441038818023, 0.004117391403801728, 0.033885662528637644, 0.05307865724314402
2020-08-29, 0.40436748028152647, 1.3414847161572052, 0.20934289591005972, 0.5611078282763405, 1.0098982803448429, 0.02202441038818023, 0.004117391403801728, 0.033885662528637644, 0.05307865724314402
2020-08-29, 0.2094310357227201, 0.6497816593886462, 0.11630160883892218, 0.1541505022737199, 0.6130547826483598, 0.02477746168670276, 0.0027449276025344853, 0.052426874100911076, 0.062210469241964474
2020-08-29, 0.17872531531706906, 0.7545851528384279, 0.11630160883892218, 0.12023739177350169, 0.28189572594991597, 0.030283564283747816, 0.006862319006336213, 0.05114816985454739, 0.06848858999115356
2020-08-29, 0.10766690734933855, 0.6288209606986898, 0.0232603217677843, 0.01849806027284654, 0.013684258541258236, 0.02477746168670276, 0.004117391403801728, 0.06713197293409347, 0.0810448314895317
2020-08-29, 0.12295851665752079, 0.7545851528384279, 0.0, 0.06474321095496262, 0.013684258541258236, 0.02477746168670276, 0.004117391403801728, 0.054984282593638446, 0.06677637524137471
2020-07-30, 0.15883699123973807, 0.5868995633187774, 0.12405504942818316, 0.20347866300131087, 0.20252702641061857, 0.019271359089657707, 0.005489855205068971, 0.05306622622409292, 0.07590818724019519
2020-07-30, 0.25057320986103515, 1.1318777292576419, 0.18608257414227578, 0.08940729131875728, 0.4953701591935407, 0.011012205194090118, 0.006862319006336205, 0.03260695828227396, 0.051366442493365166
2020-07-30, 0.25057320986103515, 1.1318777292576419, 0.18608257414227578, 0.08940729131875728, 0.4953701591935407, 0.011012205194090118, 0.006862319006336205, 0.03260695828227396, 0.051366442493365166
2020-07-30, 0.25057320986103515, 1.1318777292576419, 0.18608257414227578, 0.08940729131875728, 0.4953701591935407, 0.011012205194090118, 0.006862319006336205, 0.03260695828227396, 0.051366442493365166
2020-07-30, 0.25057320986103515, 1.1318777292576419, 0.18608257414227578, 0.08940729131875728, 0.4953701591935407, 0.011012205194090118, 0.006862319006336205, 0.03260695828227396, 0.051366442493365166
2020-07-30, 0.25057320986103515, 1.1318777292576419, 0.18608257414227578, 0.08940729131875728, 0.4953701591935407, 0.011012205194090118, 0.006862319006336205, 0.03260695828227396, 0.051366442493365166
2020-07-30, 0.25057320986103515, 1.1318777292576419, 0.18608257414227578, 0.08940729131875728, 0.4953701591935407, 0.011012205194090118, 0.006862319006336205, 0.03260695828227396, 0.051366442493365166
2020-07-30, 0.25057320986103515, 1.1318777292576419, 0.18608257414227578, 0.08940729131875728, 0.4953701591935407, 0.011012205194090118, 0.006862319006336205, 0.03260695828227396, 0.051366442493365166
2020-07-30, 0.25057320986103515, 1.1318777292576419, 0.18608257414227578, 0.08940729131875728, 0.4953701591935407, 0.011012205194090118, 0.006862319006336205, 0.03260695828227396, 0.051366442493365166
2020-07-30, 0.25057320986103515, 1.1318777292576419, 0.18608257414227578, 0.08940729131875728, 0.4953701591935407, 0.011012205194090118, 0.006862319006336205, 0.03260695828227396, 0.051366442493365166
2020-07-30, 0.25057320986103515, 1.1318777292576419, 0.18608257414227578, 0.08940729131875728, 0.4953701591935407, 0.011012205194090118, 0.006862319006336205, 0.03260695828227396, 0.051366442493365166
2020-07-30, 0.15919419680377175, 0.6707423580786023, 0.07753440589261457, 0.0339131105002182, 0.3311590566984448, 0.016518307791135174, 0.004117391403801728, 0.061377803825456864, 0.07819114023990031
2020-07-30, 0.5556665027029917, 2.137991266375545, 0.4884667571234741, 0.6196850191403539, 1.1658988277151845, 0.0, 0.0013724638012672426, 0.010229633970909473, 0.02168805349719862
2020-07-30, 0.13878509482633195, 0.7545851528384276, 0.07753440589261525, 0.10790535159160382, 0.043789627332025766, 0.013765256492612642, 0.0027449276025344853, 0.046033352869092645, 0.06392268399174332
2020-07-30, 0.1904888310749128, 0.838427947598253, 0.015506881178523325, 0.14490147213729634, 0.399580349404735, 0.011012205194090118, 0.0027449276025344853, 0.04667270499227449, 0.06506416049159587
2020-06-30, 0.22095014641790894, 0.7126637554585155, 0.023260321767783955, 0.24355779359247717, 0.6322127446061211, 0.01651830779113518, 0.0013724638012672426, 0.0575416910863658, 0.08047409323960543
2020-06-30, 0.33963367390051413, 1.1528384279475983, 0.18608257414227578, 0.5395267579580196, 0.736213109519682, 0.011012205194090118, 0.0013724638012672426, 0.03580371889818317, 0.054220133742996564
2020-06-30, 0.33963367390051413, 1.1528384279475983, 0.18608257414227578, 0.5395267579580196, 0.736213109519682, 0.011012205194090118, 0.0013724638012672426, 0.03580371889818317, 0.054220133742996564
2020-06-30, 0.33963367390051413, 1.1528384279475983, 0.18608257414227578, 0.5395267579580196, 0.736213109519682, 0.011012205194090118, 0.0013724638012672426, 0.03580371889818317, 0.054220133742996564
2020-06-30, 0.33963367390051413, 1.1528384279475983, 0.18608257414227578, 0.5395267579580196, 0.736213109519682, 0.011012205194090118, 0.0013724638012672426, 0.03580371889818317, 0.054220133742996564
2020-06-30, 0.33963367390051413, 1.1528384279475983, 0.18608257414227578, 0.5395267579580196, 0.736213109519682, 0.011012205194090118, 0.0013724638012672426, 0.03580371889818317, 0.054220133742996564
2020-06-30, 0.33963367390051413, 1.1528384279475983, 0.18608257414227578, 0.5395267579580196, 0.736213109519682, 0.011012205194090118, 0.0013724638012672426, 0.03580371889818317, 0.054220133742996564
2020-06-30, 0.33963367390051413, 1.1528384279475983, 0.18608257414227578, 0.5395267579580196, 0.736213109519682, 0.011012205194090118, 0.0013724638012672426, 0.03580371889818317, 0.054220133742996564
2020-06-30, 0.33963367390051413, 1.1528384279475983, 0.18608257414227578, 0.5395267579580196, 0.736213109519682, 0.011012205194090118, 0.0013724638012672426, 0.03580371889818317, 0.054220133742996564
2020-06-30, 0.33963367390051413, 1.1528384279475983, 0.18608257414227578, 0.5395267579580196, 0.736213109519682, 0.011012205194090118, 0.0013724638012672426, 0.03580371889818317, 0.054220133742996564
2020-06-30, 0.33963367390051413, 1.1528384279475983, 0.18608257414227578, 0.5395267579580196, 0.736213109519682, 0.011012205194090118, 0.0013724638012672426, 0.03580371889818317, 0.054220133742996564
2020-06-30, 0.15757959585325726, 0.5868995633187774, 0.015506881178523325, 0.16648254245561778, 0.33936961182319897, 0.019271359089657707, 0.0, 0.054344930470456604, 0.0787618784898266
2020-06-30, 0.25363713955913847, 0.7126637554585155, 0.07753440589261457, 0.3391311050021837, 0.7581079231856953, 0.01651830779113518, 0.0013724638012672426, 0.052426874100911076, 0.07134228124078494
2020-06-30, 0.3935238309525001, 1.320524017467249, 0.31789106415972096, 0.3884592657297741, 1.0482142042603655, 0.008259153895567594, 0.0013724638012672426, 0.022377324311364487, 0.041093153994692135
2020-06-30, 0.5037506613381142, 1.844541484716157, 0.37991858887381286, 0.6227680291858283, 1.1467408657574232, 0.005506102597045063, 0.0027449276025344853, 0.008950929724545786, 0.018834362247567234
2020-05-31, 0.22692915612164635, 0.775545851528384, 0.20934289591005972, 0.23122575341057985, 0.44610682844501187, 0.016518307791135174, 0.0013724638012672426, 0.05370557834727476, 0.081615569739458
2020-05-31, 0.3376914962246218, 1.0480349344978166, 0.19383601473153708, 0.37612722554787675, 0.9825297632623273, 0.01376525649261265, 0.0, 0.036443071021365014, 0.050795704243438884
2020-05-31, 0.3376914962246218, 1.0480349344978166, 0.19383601473153708, 0.37612722554787675, 0.9825297632623273, 0.01376525649261265, 0.0, 0.036443071021365014, 0.050795704243438884
2020-05-31, 0.3376914962246218, 1.0480349344978166, 0.19383601473153708, 0.37612722554787675, 0.9825297632623273, 0.01376525649261265, 0.0, 0.036443071021365014, 0.050795704243438884
2020-05-31, 0.3376914962246218, 1.0480349344978166, 0.19383601473153708, 0.37612722554787675, 0.9825297632623273, 0.01376525649261265, 0.0, 0.036443071021365014, 0.050795704243438884
2020-05-31, 0.3376914962246218, 1.0480349344978166, 0.19383601473153708, 0.37612722554787675, 0.9825297632623273, 0.01376525649261265, 0.0, 0.036443071021365014, 0.050795704243438884
2020-05-31, 0.3376914962246218, 1.0480349344978166, 0.19383601473153708, 0.37612722554787675, 0.9825297632623273, 0.01376525649261265, 0.0, 0.036443071021365014, 0.050795704243438884
2020-05-31, 0.3376914962246218, 1.0480349344978166, 0.19383601473153708, 0.37612722554787675, 0.9825297632623273, 0.01376525649261265, 0.0, 0.036443071021365014, 0.050795704243438884
2020-05-31, 0.3376914962246218, 1.0480349344978166, 0.19383601473153708, 0.37612722554787675, 0.9825297632623273, 0.01376525649261265, 0.0, 0.036443071021365014, 0.050795704243438884
2020-05-31, 0.3376914962246218, 1.0480349344978166, 0.19383601473153708, 0.37612722554787675, 0.9825297632623273, 0.01376525649261265, 0.0, 0.036443071021365014, 0.050795704243438884
2020-05-31, 0.3376914962246218, 1.0480349344978166, 0.19383601473153708, 0.37612722554787675, 0.9825297632623273, 0.01376525649261265, 0.0, 0.036443071021365014, 0.050795704243438884
2020-05-31, 0.15304305918639616, 0.4401746724890829, 0.054274084124830604, 0.16031652236466856, 0.4378962733202577, 0.016518307791135174, 0.0013724638012672426, 0.049869465608183706, 0.06392268399174332
2020-05-31, 0.18825701161646263, 0.5449781659388646, 0.05427408412482992, 0.18189759268298944, 0.5884231172740964, 0.016518307791135174, 0.004117391403801728, 0.05306622622409292, 0.06278120749189076
2020-05-31, 0.24147639320861797, 0.7965065502183404, 0.023260321767783955, 0.3576291652750302, 0.6130547826483608, 0.016518307791135174, 0.0, 0.051787521977729234, 0.0730544959905638
2020-05-31, 0.27494967684345617, 0.9432314410480348, 0.3489048265167669, 0.15106749222824556, 0.6130547826483608, 0.01376525649261265, 0.0027449276025344853, 0.054344930470456604, 0.0724837577406375
2020-05-01, 0.15894447461310846, 0.31441048034934477, 0.062027524714091925, 0.10173933150065516, 0.6486338548556314, 0.016518307791135174, 0.002744927602534478, 0.052426874100911076, 0.07305449599056378
2020-05-01, 0.23519328514931767, 0.6497816593886458, 0.20158945532079842, 0.29288595432006814, 0.6185284860648639, 0.011012205194090118, 0.00411739140380172, 0.04027918376045606, 0.06335194574181703
2020-05-01, 0.23519328514931767, 0.6497816593886458, 0.20158945532079842, 0.29288595432006814, 0.6185284860648639, 0.011012205194090118, 0.00411739140380172, 0.04027918376045606, 0.06335194574181703
2020-05-01, 0.23519328514931767, 0.6497816593886458, 0.20158945532079842, 0.29288595432006814, 0.6185284860648639, 0.011012205194090118, 0.00411739140380172, 0.04027918376045606, 0.06335194574181703
2020-05-01, 0.23519328514931767, 0.6497816593886458, 0.20158945532079842, 0.29288595432006814, 0.6185284860648639, 0.011012205194090118, 0.00411739140380172, 0.04027918376045606, 0.06335194574181703
2020-05-01, 0.23519328514931767, 0.6497816593886458, 0.20158945532079842, 0.29288595432006814, 0.6185284860648639, 0.011012205194090118, 0.00411739140380172, 0.04027918376045606, 0.06335194574181703
2020-05-01, 0.23519328514931767, 0.6497816593886458, 0.20158945532079842, 0.29288595432006814, 0.6185284860648639, 0.011012205194090118, 0.00411739140380172, 0.04027918376045606, 0.06335194574181703
2020-05-01, 0.23519328514931767, 0.6497816593886458, 0.20158945532079842, 0.29288595432006814, 0.6185284860648639, 0.011012205194090118, 0.00411739140380172, 0.04027918376045606, 0.06335194574181703
2020-05-01, 0.23519328514931767, 0.6497816593886458, 0.20158945532079842, 0.29288595432006814, 0.6185284860648639, 0.011012205194090118, 0.00411739140380172, 0.04027918376045606, 0.06335194574181703
2020-05-01, 0.23519328514931767, 0.6497816593886458, 0.20158945532079842, 0.29288595432006814, 0.6185284860648639, 0.011012205194090118, 0.00411739140380172, 0.04027918376045606, 0.06335194574181703
2020-05-01, 0.23519328514931767, 0.6497816593886458, 0.20158945532079842, 0.29288595432006814, 0.6185284860648639, 0.011012205194090118, 0.00411739140380172, 0.04027918376045606, 0.06335194574181703
2020-05-01, 0.17021404103702306, 0.14672489082969398, 0.015506881178523325, 0.410040336048095, 0.6349495963143732, 0.016518307791135174, 0.001372463801267235, 0.054984282593638446, 0.08161556973945801
2020-05-01, 0.15760361107790308, 0.14672489082969398, 0.1550688117852298, 0.28055391413817027, 0.5501071933585736, 0.016518307791135174, 0.002744927602534478, 0.043475944376365275, 0.06563489874152216
2020-05-01, 0.13121283634111228, 0.0419213973799127, 0.13956193060670719, 0.0863242812732835, 0.6486338548556314, 0.016518307791135174, 0.002744927602534478, 0.051787521977729234, 0.062210469241964474
2020-05-01, 0.1758899499868098, 0.12576419213973764, 0.07753440589261525, 0.3977082958661976, 0.6541075582721345, 0.016518307791135174, 0.002744927602534478, 0.05626298684000212, 0.07647892549012147
2020-04-01, 0.20128720434405614, 0.46113537117903924, 0.5194805194805193, 0.11407137168255249, 0.3694749806139665, 0.016518307791135174, 0.0013724638012672426, 0.05690233896318396, 0.07134228124078494
2020-04-01, 0.43173921580640445, 1.0061135371179037, 0.829618143050979, 0.49019859723042924, 1.0016877252200875, 0.011012205194090118, 0.00411739140380172, 0.04667270499227449, 0.06449342224166961
2020-04-01, 0.43173921580640445, 1.0061135371179037, 0.829618143050979, 0.49019859723042924, 1.0016877252200875, 0.011012205194090118, 0.00411739140380172, 0.04667270499227449, 0.06449342224166961
2020-04-01, 0.43173921580640445, 1.0061135371179037, 0.829618143050979, 0.49019859723042924, 1.0016877252200875, 0.011012205194090118, 0.00411739140380172, 0.04667270499227449, 0.06449342224166961
2020-04-01, 0.43173921580640445, 1.0061135371179037, 0.829618143050979, 0.49019859723042924, 1.0016877252200875, 0.011012205194090118, 0.00411739140380172, 0.04667270499227449, 0.06449342224166961
2020-04-01, 0.43173921580640445, 1.0061135371179037, 0.829618143050979, 0.49019859723042924, 1.0016877252200875, 0.011012205194090118, 0.00411739140380172, 0.04667270499227449, 0.06449342224166961
2020-04-01, 0.43173921580640445, 1.0061135371179037, 0.829618143050979, 0.49019859723042924, 1.0016877252200875, 0.011012205194090118, 0.00411739140380172, 0.04667270499227449, 0.06449342224166961
2020-04-01, 0.43173921580640445, 1.0061135371179037, 0.829618143050979, 0.49019859723042924, 1.0016877252200875, 0.011012205194090118, 0.00411739140380172, 0.04667270499227449, 0.06449342224166961
2020-04-01, 0.43173921580640445, 1.0061135371179037, 0.829618143050979, 0.49019859723042924, 1.0016877252200875, 0.011012205194090118, 0.00411739140380172, 0.04667270499227449, 0.06449342224166961
2020-04-01, 0.43173921580640445, 1.0061135371179037, 0.829618143050979, 0.49019859723042924, 1.0016877252200875, 0.011012205194090118, 0.00411739140380172, 0.04667270499227449, 0.06449342224166961
2020-04-01, 0.43173921580640445, 1.0061135371179037, 0.829618143050979, 0.49019859723042924, 1.0016877252200875, 0.011012205194090118, 0.00411739140380172, 0.04667270499227449, 0.06449342224166961
2020-04-01, 0.18945212316228707, 0.5240174672489083, 0.5194805194805193, 0.012332040181897878, 0.31473794644893455, 0.019271359089657707, 0.0, 0.049869465608183706, 0.07590818724019519
2020-04-01, 0.24281998463345988, 0.5030567685589519, 0.5349874006590424, 0.3576291652750302, 0.4077909045294892, 0.019271359089657707, 0.0027449276025344853, 0.048590761361820015, 0.06848858999115356
2020-04-01, 0.2737483375033338, 0.6497816593886464, 0.5194805194805193, 0.20347866300131032, 0.6787392236463979, 0.016518307791135174, 0.0, 0.051787521977729234, 0.07020080474093239
2020-04-01, 0.28536740227839946, 0.6497816593886464, 0.4729598759449504, 0.3144670246383885, 0.7033708890206624, 0.013765256492612642, 0.00411739140380172, 0.05370557834727476, 0.07077154299085868
2020-03-02, 0.10145576353512671, 0.14672489082969445, 0.20934289591006008, 0.0339131105002182, 0.3804223874469737, 0.011012205194090111, 0.0013724638012672426, 0.008311577601363957, 0.02054657699734606
2020-03-02, 0.12671877195193004, 0.33537117903930136, 0.3333979453382439, 0.18189759268298972, 0.14505314053733553, 0.008259153895567587, 0.0, 0.0006393521231818429, 0.009131811998820471
2020-03-02, 0.12671877195193004, 0.33537117903930136, 0.3333979453382439, 0.18189759268298972, 0.14505314053733553, 0.008259153895567587, 0.0, 0.0006393521231818429, 0.009131811998820471
2020-03-02, 0.12671877195193004, 0.33537117903930136, 0.3333979453382439, 0.18189759268298972, 0.14505314053733553, 0.008259153895567587, 0.0, 0.0006393521231818429, 0.009131811998820471
2020-03-02, 0.12671877195193004, 0.33537117903930136, 0.3333979453382439, 0.18189759268298972, 0.14505314053733553, 0.008259153895567587, 0.0, 0.0006393521231818429, 0.009131811998820471
2020-03-02, 0.12671877195193004, 0.33537117903930136, 0.3333979453382439, 0.18189759268298972, 0.14505314053733553, 0.008259153895567587, 0.0, 0.0006393521231818429, 0.009131811998820471
2020-03-02, 0.12671877195193004, 0.33537117903930136, 0.3333979453382439, 0.18189759268298972, 0.14505314053733553, 0.008259153895567587, 0.0, 0.0006393521231818429, 0.009131811998820471
2020-03-02, 0.12671877195193004, 0.33537117903930136, 0.3333979453382439, 0.18189759268298972, 0.14505314053733553, 0.008259153895567587, 0.0, 0.0006393521231818429, 0.009131811998820471
2020-03-02, 0.12671877195193004, 0.33537117903930136, 0.3333979453382439, 0.18189759268298972, 0.14505314053733553, 0.008259153895567587, 0.0, 0.0006393521231818429, 0.009131811998820471
2020-03-02, 0.12671877195193004, 0.33537117903930136, 0.3333979453382439, 0.18189759268298972, 0.14505314053733553, 0.008259153895567587, 0.0, 0.0006393521231818429, 0.009131811998820471
2020-03-02, 0.12671877195193004, 0.33537117903930136, 0.3333979453382439, 0.18189759268298972, 0.14505314053733553, 0.008259153895567587, 0.0, 0.0006393521231818429, 0.009131811998820471
2020-03-02, 0.12104793471021491, 0.23056768558951984, 0.30238418298119796, 0.06166020090948802, 0.32294850157369015, 0.013765256492612642, 0.0013724638012672426, 0.013426394586818687, 0.0222587917471249
2020-03-02, 0.09202765098482196, 0.0419213973799127, 0.255863539445629, 0.0, 0.39684349769648347, 0.008259153895567587, 0.0, 0.012787042463636844, 0.02054657699734606
2020-03-02, 0.10746114894758466, 0.2515283842794762, 0.28687730180267496, 0.04007913059116742, 0.23263239520138707, 0.011012205194090111, 0.0013724638012672426, 0.012787042463636844, 0.02340026824697746
2020-03-02, 0.10662404475607294, 0.2096069868995635, 0.3411513859275056, 0.009249030136422996, 0.2545272088674, 0.011012205194090111, 0.0013724638012672426, 0.008950929724545786, 0.01712214749778839
2020-02-01, 0.04961018970001056, 0.0, 0.054274084124830604, 0.12948642190992468, 0.17515850932810306, 0.008259153895567587, 0.0, 0.010868986094091322, 0.018834362247567234
2020-02-01, 0.08397949930601721, 0.20960698689956325, 0.10079472766039956, 0.2836369241836446, 0.05747388587328376, 0.005506102597045063, 0.0, 0.005114816985454736, 0.00970255024874675
2020-02-01, 0.08397949930601721, 0.20960698689956325, 0.10079472766039956, 0.2836369241836446, 0.05747388587328376, 0.005506102597045063, 0.0, 0.005114816985454736, 0.00970255024874675
2020-02-01, 0.08397949930601721, 0.20960698689956325, 0.10079472766039956, 0.2836369241836446, 0.05747388587328376, 0.005506102597045063, 0.0, 0.005114816985454736, 0.00970255024874675
2020-02-01, 0.08397949930601721, 0.20960698689956325, 0.10079472766039956, 0.2836369241836446, 0.05747388587328376, 0.005506102597045063, 0.0, 0.005114816985454736, 0.00970255024874675
2020-02-01, 0.08397949930601721, 0.20960698689956325, 0.10079472766039956, 0.2836369241836446, 0.05747388587328376, 0.005506102597045063, 0.0, 0.005114816985454736, 0.00970255024874675
2020-02-01, 0.08397949930601721, 0.20960698689956325, 0.10079472766039956, 0.2836369241836446, 0.05747388587328376, 0.005506102597045063, 0.0, 0.005114816985454736, 0.00970255024874675
2020-02-01, 0.08397949930601721, 0.20960698689956325, 0.10079472766039956, 0.2836369241836446, 0.05747388587328376, 0.005506102597045063, 0.0, 0.005114816985454736, 0.00970255024874675
2020-02-01, 0.08397949930601721, 0.20960698689956325, 0.10079472766039956, 0.2836369241836446, 0.05747388587328376, 0.005506102597045063, 0.0, 0.005114816985454736, 0.00970255024874675
2020-02-01, 0.08397949930601721, 0.20960698689956325, 0.10079472766039956, 0.2836369241836446, 0.05747388587328376, 0.005506102597045063, 0.0, 0.005114816985454736, 0.00970255024874675
2020-02-01, 0.08397949930601721, 0.20960698689956325, 0.10079472766039956, 0.2836369241836446, 0.05747388587328376, 0.005506102597045063, 0.0, 0.005114816985454736, 0.00970255024874675
2020-02-01, 0.06814793458151484, 0.06288209606986905, 0.062027524714091925, 0.0, 0.3886329425717283, 0.008259153895567587, 0.0013724638012672426, 0.00831157760136395, 0.013697717998230712
2020-02-01, 0.06569426118725254, 0.10480349344978152, 0.0775344058926149, 0.06782622100043668, 0.24357980203439328, 0.005506102597045063, 0.0013724638012672426, 0.008950929724545793, 0.015980670997935834
2020-02-01, 0.163070322585353, 0.5030567685589519, 0.17832913355301447, 0.4285383963209412, 0.18610591616110927, 0.002753051298522524, 0.0013724638012672426, 0.0038361127390910575, 0.0005707382499262802
2020-02-01, 0.09972061711422599, 0.25152838427947594, 0.13180849001744552, 0.3576291652750302, 0.04105277562377422, 0.0027530512985225316, 0.0013724638012672426, 0.0019180563695455216, 0.00970255024874675
2020-01-02, 0.08245999447302499, 0.1676855895196508, 0.03876720294630728, 0.07399224109138534, 0.3256853532819412, 0.011012205194090118, 0.001372463801267235, 0.0166231552027279, 0.024541744746830022
2020-01-02, 0.07477258679021588, 0.06288209606986905, 0.0775344058926149, 0.3514631451840813, 0.07389499612279354, 0.0055061025970450555, 0.0027449276025344853, 0.007032873355000272, 0.01712214749778839
2020-01-02, 0.07477258679021588, 0.06288209606986905, 0.0775344058926149, 0.3514631451840813, 0.07389499612279354, 0.0055061025970450555, 0.0027449276025344853, 0.007032873355000272, 0.01712214749778839
2020-01-02, 0.07477258679021588, 0.06288209606986905, 0.0775344058926149, 0.3514631451840813, 0.07389499612279354, 0.0055061025970450555, 0.0027449276025344853, 0.007032873355000272, 0.01712214749778839
2020-01-02, 0.07477258679021588, 0.06288209606986905, 0.0775344058926149, 0.3514631451840813, 0.07389499612279354, 0.0055061025970450555, 0.0027449276025344853, 0.007032873355000272, 0.01712214749778839
2020-01-02, 0.07477258679021588, 0.06288209606986905, 0.0775344058926149, 0.3514631451840813, 0.07389499612279354, 0.0055061025970450555, 0.0027449276025344853, 0.007032873355000272, 0.01712214749778839
2020-01-02, 0.07477258679021588, 0.06288209606986905, 0.0775344058926149, 0.3514631451840813, 0.07389499612279354, 0.0055061025970450555, 0.0027449276025344853, 0.007032873355000272, 0.01712214749778839
2020-01-02, 0.07477258679021588, 0.06288209606986905, 0.0775344058926149, 0.3514631451840813, 0.07389499612279354, 0.0055061025970450555, 0.0027449276025344853, 0.007032873355000272, 0.01712214749778839
2020-01-02, 0.07477258679021588, 0.06288209606986905, 0.0775344058926149, 0.3514631451840813, 0.07389499612279354, 0.0055061025970450555, 0.0027449276025344853, 0.007032873355000272, 0.01712214749778839
2020-01-02, 0.07477258679021588, 0.06288209606986905, 0.0775344058926149, 0.3514631451840813, 0.07389499612279354, 0.0055061025970450555, 0.0027449276025344853, 0.007032873355000272, 0.01712214749778839
2020-01-02, 0.07477258679021588, 0.06288209606986905, 0.0775344058926149, 0.3514631451840813, 0.07389499612279354, 0.0055061025970450555, 0.0027449276025344853, 0.007032873355000272, 0.01712214749778839
2020-01-02, 0.08880245034785249, 0.10480349344978152, 0.13956193060670682, 0.3052179945019652, 0.12042147516307063, 0.0055061025970450555, 0.0, 0.011508338217273158, 0.02340026824697746
2020-01-02, 0.07665886959702918, 0.12576419213973786, 0.12405504942818385, 0.3052179945019652, 0.03284222049901908, 0.0055061025970450555, 0.0, 0.0044754648622729, 0.015409932748009551
2020-01-02, 0.15555952297485895, 0.33537117903930136, 0.1705756929637528, 0.5333607378670707, 0.1915796195776126, 0.0, 0.0027449276025344853, 0.0, 0.01084402674859931
2020-01-02, 0.2293586722526299, 0.5030567685589519, 0.16282225237449113, 0.6844282300953163, 0.4652647904027734, 0.008259153895567594, 0.005489855205068971, 0.0038361127390910575, 0.0017122147497788405
2019-12-03, 0.0988345477719269, 0.48209606986899556, 0.015506881178522981, 0.08015826118233428, 0.17515850932810284, 0.008259153895567587, 0.0, 0.008950929724545786, 0.02054657699734606
2019-12-03, 0.0988345477719269, 0.48209606986899556, 0.015506881178522981, 0.08015826118233428, 0.17515850932810284, 0.008259153895567587, 0.0, 0.008950929724545786, 0.02054657699734606
2019-12-03, 0.0988345477719269, 0.48209606986899556, 0.015506881178522981, 0.08015826118233428, 0.17515850932810284, 0.008259153895567587, 0.0, 0.008950929724545786, 0.02054657699734606
2019-12-03, 0.0988345477719269, 0.48209606986899556, 0.015506881178522981, 0.08015826118233428, 0.17515850932810284, 0.008259153895567587, 0.0, 0.008950929724545786, 0.02054657699734606
2019-12-03, 0.0988345477719269, 0.48209606986899556, 0.015506881178522981, 0.08015826118233428, 0.17515850932810284, 0.008259153895567587, 0.0, 0.008950929724545786, 0.02054657699734606
2019-12-03, 0.0988345477719269, 0.48209606986899556, 0.015506881178522981, 0.08015826118233428, 0.17515850932810284, 0.008259153895567587, 0.0, 0.008950929724545786, 0.02054657699734606
2019-12-03, 0.0988345477719269, 0.48209606986899556, 0.015506881178522981, 0.08015826118233428, 0.17515850932810284, 0.008259153895567587, 0.0, 0.008950929724545786, 0.02054657699734606
2019-12-03, 0.0988345477719269, 0.48209606986899556, 0.015506881178522981, 0.08015826118233428, 0.17515850932810284, 0.008259153895567587, 0.0, 0.008950929724545786, 0.02054657699734606
2019-12-03, 0.0988345477719269, 0.48209606986899556, 0.015506881178522981, 0.08015826118233428, 0.17515850932810284, 0.008259153895567587, 0.0, 0.008950929724545786, 0.02054657699734606
2019-12-03, 0.0988345477719269, 0.48209606986899556, 0.015506881178522981, 0.08015826118233428, 0.17515850932810284, 0.008259153895567587, 0.0, 0.008950929724545786, 0.02054657699734606
2019-12-03, 0.0988345477719269, 0.48209606986899556, 0.015506881178522981, 0.08015826118233428, 0.17515850932810284, 0.008259153895567587, 0.0, 0.008950929724545786, 0.02054657699734606
2019-12-03, 0.18419249728593506, 0.9013100436681221, 0.13180849001744516, 0.30521799450196546, 0.11768462345481931, 0.0, 0.004117391403801728, 0.0025574084927273717, 0.01084402674859931
2019-12-03, 0.08344579472921493, 0.35633187772925745, 0.03876720294630728, 0.012332040181897604, 0.2134744332436255, 0.008259153895567587, 0.0, 0.012147690340455, 0.026253959496608862
2019-12-03, 0.09342381118165122, 0.35633187772925745, 0.046520643535568944, 0.033913110500218474, 0.2600009122839028, 0.011012205194090118, 0.0, 0.012787042463636844, 0.026824697746535144
2019-12-03, 0.11825808477343565, 0.12576419213973786, 0.015506881178522981, 0.2373917735015285, 0.49263330748528944, 0.016518307791135174, 0.00411739140380172, 0.02045926794181896, 0.03367355674565051
2019-11-03, 0.12485270063943396, 0.5240174672489081, 0.11630160883892218, 0.01541505022737221, 0.30652739132418017, 0.005506102597045063, 0.0013724638012672426, 0.01598380307954606, 0.013697717998230712
2019-11-03, 0.11514152155207308, 0.48209606986899534, 0.10079472766039921, 0.006166020090948665, 0.28463257765816724, 0.0027530512985225316, 0.004117391403801728, 0.021737972188182644, 0.018834362247567234
2019-11-03, 0.11514152155207308, 0.48209606986899534, 0.10079472766039921, 0.006166020090948665, 0.28463257765816724, 0.0027530512985225316, 0.004117391403801728, 0.021737972188182644, 0.018834362247567234
2019-11-03, 0.11514152155207308, 0.48209606986899534, 0.10079472766039921, 0.006166020090948665, 0.28463257765816724, 0.0027530512985225316, 0.004117391403801728, 0.021737972188182644, 0.018834362247567234
2019-11-03, 0.11514152155207308, 0.48209606986899534, 0.10079472766039921, 0.006166020090948665, 0.28463257765816724, 0.0027530512985225316, 0.004117391403801728, 0.021737972188182644, 0.018834362247567234
2019-11-03, 0.11514152155207308, 0.48209606986899534, 0.10079472766039921, 0.006166020090948665, 0.28463257765816724, 0.0027530512985225316, 0.004117391403801728, 0.021737972188182644, 0.018834362247567234
2019-11-03, 0.11514152155207308, 0.48209606986899534, 0.10079472766039921, 0.006166020090948665, 0.28463257765816724, 0.0027530512985225316, 0.004117391403801728, 0.021737972188182644, 0.018834362247567234
2019-11-03, 0.11514152155207308, 0.48209606986899534, 0.10079472766039921, 0.006166020090948665, 0.28463257765816724, 0.0027530512985225316, 0.004117391403801728, 0.021737972188182644, 0.018834362247567234
2019-11-03, 0.11514152155207308, 0.48209606986899534, 0.10079472766039921, 0.006166020090948665, 0.28463257765816724, 0.0027530512985225316, 0.004117391403801728, 0.021737972188182644, 0.018834362247567234
2019-11-03, 0.11514152155207308, 0.48209606986899534, 0.10079472766039921, 0.006166020090948665, 0.28463257765816724, 0.0027530512985225316, 0.004117391403801728, 0.021737972188182644, 0.018834362247567234
2019-11-03, 0.11514152155207308, 0.48209606986899534, 0.10079472766039921, 0.006166020090948665, 0.28463257765816724, 0.0027530512985225316, 0.004117391403801728, 0.021737972188182644, 0.018834362247567234
2019-11-03, 0.17542052989013485, 0.8593886462882097, 0.1395619306067065, 0.2959689643655422, 0.08757925466405153, 0.011012205194090111, 0.0068623190063361985, 0.0012787042463636858, 0.0017122147497788405
2019-11-03, 0.12187495919927537, 0.48209606986899534, 0.08528784648187622, 0.04007913059116714, 0.34210646353145074, 0.0027530512985225316, 0.0027449276025344853, 0.010229633970909487, 0.00970255024874675
2019-11-03, 0.1448231271146981, 0.0419213973799127, 0.062027524714091925, 0.33913110500218396, 0.6431601514391281, 0.016518307791135174, 0.0013724638012672426, 0.028770845543182915, 0.025683221246682583
2019-11-03, 0.13084475847362537, 0.6917030567685588, 0.046520643535568944, 0.22197672327415657, 0.06842129270628997, 0.0, 0.004117391403801728, 0.008311577601363957, 0.005707382499262802
2019-10-04, 0.06589920627881221, 0.10480349344978175, 0.0232603217677843, 0.06474321095496208, 0.30926424303243144, 0.0027530512985225316, 0.009607246608870683, 0.0019180563695455287, 0.01084402674859931
2019-10-04, 0.06589920627881221, 0.10480349344978175, 0.0232603217677843, 0.06474321095496208, 0.30926424303243144, 0.0027530512985225316, 0.009607246608870683, 0.0019180563695455287, 0.01084402674859931
2019-10-04, 0.06589920627881221, 0.10480349344978175, 0.0232603217677843, 0.06474321095496208, 0.30926424303243144, 0.0027530512985225316, 0.009607246608870683, 0.0019180563695455287, 0.01084402674859931
2019-10-04, 0.06589920627881221, 0.10480349344978175, 0.0232603217677843, 0.06474321095496208, 0.30926424303243144, 0.0027530512985225316, 0.009607246608870683, 0.0019180563695455287, 0.01084402674859931
2019-10-04, 0.06589920627881221, 0.10480349344978175, 0.0232603217677843, 0.06474321095496208, 0.30926424303243144, 0.0027530512985225316, 0.009607246608870683, 0.0019180563695455287, 0.01084402674859931
2019-10-04, 0.06589920627881221, 0.10480349344978175, 0.0232603217677843, 0.06474321095496208, 0.30926424303243144, 0.0027530512985225316, 0.009607246608870683, 0.0019180563695455287, 0.01084402674859931
2019-10-04, 0.06589920627881221, 0.10480349344978175, 0.0232603217677843, 0.06474321095496208, 0.30926424303243144, 0.0027530512985225316, 0.009607246608870683, 0.0019180563695455287, 0.01084402674859931
2019-10-04, 0.06589920627881221, 0.10480349344978175, 0.0232603217677843, 0.06474321095496208, 0.30926424303243144, 0.0027530512985225316, 0.009607246608870683, 0.0019180563695455287, 0.01084402674859931
2019-10-04, 0.06589920627881221, 0.10480349344978175, 0.0232603217677843, 0.06474321095496208, 0.30926424303243144, 0.0027530512985225316, 0.009607246608870683, 0.0019180563695455287, 0.01084402674859931
2019-10-04, 0.06589920627881221, 0.10480349344978175, 0.0232603217677843, 0.06474321095496208, 0.30926424303243144, 0.0027530512985225316, 0.009607246608870683, 0.0019180563695455287, 0.01084402674859931
2019-10-04, 0.06589920627881221, 0.10480349344978175, 0.0232603217677843, 0.06474321095496208, 0.30926424303243144, 0.0027530512985225316, 0.009607246608870683, 0.0019180563695455287, 0.01084402674859931
2019-10-04, 0.09935576600035068, 0.3982532751091702, 0.03876720294630728, 0.28671993422911896, 0.041052775623773734, 0.005506102597045063, 0.01372463801267241, 0.005114816985454743, 0.005707382499262789
2019-10-04, 0.08543831978791805, 0.06288209606986905, 0.14731537119596816, 0.03083010045474387, 0.3995803494047345, 0.005506102597045048, 0.009607246608870683, 0.0089509297245458, 0.01883436224756722
2019-10-04, 0.07887060869989555, 0.1886462882096067, 0.03876720294630728, 0.049328160727590414, 0.3229485015736897, 0.005506102597045048, 0.00823478280760344, 0.0038361127390910575, 0.013697717998230712
2019-10-04, 0.13587078556896068, 0.1676855895196508, 0.11630160883892218, 0.08015826118233428, 0.654107558272134, 0.013765256492612642, 0.00823478280760344, 0.02045926794181896, 0.02625395949660885
2019-09-04, 0.0803715075585469, 0.0838427947598254, 0.10854816824966086, 0.1541505022737199, 0.2600009122839026, 0.005506102597045048, 0.005489855205068971, 0.008311577601363957, 0.01712214749778838
2019-09-04, 0.0803715075585469, 0.0838427947598254, 0.10854816824966086, 0.1541505022737199, 0.2600009122839026, 0.005506102597045048, 0.005489855205068971, 0.008311577601363957, 0.01712214749778838
2019-09-04, 0.0803715075585469, 0.0838427947598254, 0.10854816824966086, 0.1541505022737199, 0.2600009122839026, 0.005506102597045048, 0.005489855205068971, 0.008311577601363957, 0.01712214749778838
2019-09-04, 0.0803715075585469, 0.0838427947598254, 0.10854816824966086, 0.1541505022737199, 0.2600009122839026, 0.005506102597045048, 0.005489855205068971, 0.008311577601363957, 0.01712214749778838
2019-09-04, 0.0803715075585469, 0.0838427947598254, 0.10854816824966086, 0.1541505022737199, 0.2600009122839026, 0.005506102597045048, 0.005489855205068971, 0.008311577601363957, 0.01712214749778838
2019-09-04, 0.0803715075585469, 0.0838427947598254, 0.10854816824966086, 0.1541505022737199, 0.2600009122839026, 0.005506102597045048, 0.005489855205068971, 0.008311577601363957, 0.01712214749778838
2019-09-04, 0.0803715075585469, 0.0838427947598254, 0.10854816824966086, 0.1541505022737199, 0.2600009122839026, 0.005506102597045048, 0.005489855205068971, 0.008311577601363957, 0.01712214749778838
2019-09-04, 0.0803715075585469, 0.0838427947598254, 0.10854816824966086, 0.1541505022737199, 0.2600009122839026, 0.005506102597045048, 0.005489855205068971, 0.008311577601363957, 0.01712214749778838
2019-09-04, 0.0803715075585469, 0.0838427947598254, 0.10854816824966086, 0.1541505022737199, 0.2600009122839026, 0.005506102597045048, 0.005489855205068971, 0.008311577601363957, 0.01712214749778838
2019-09-04, 0.0803715075585469, 0.0838427947598254, 0.10854816824966086, 0.1541505022737199, 0.2600009122839026, 0.005506102597045048, 0.005489855205068971, 0.008311577601363957, 0.01712214749778838
2019-09-04, 0.0803715075585469, 0.0838427947598254, 0.10854816824966086, 0.1541505022737199, 0.2600009122839026, 0.005506102597045048, 0.005489855205068971, 0.008311577601363957, 0.01712214749778838
2019-09-04, 0.12124049178244489, 0.5659388646288209, 0.015506881178522981, 0.3514631451840813, 0.021894813666012883, 0.0027530512985225316, 0.008234782807603456, 0.0012787042463636858, 0.0028536912496313883
2019-09-04, 0.09488070296425626, 0.0838427947598254, 0.062027524714091925, 0.009249030136422996, 0.572002007024586, 0.0027530512985225316, 0.008234782807603456, 0.0089509297245458, 0.011985503248451872
2019-09-04, 0.10856425357899847, 0.33537117903930114, 0.08528784648187622, 0.13873545204634768, 0.27642202253341236, 0.0027530512985225316, 0.006862319006336213, 0.007672225478182115, 0.01540993274800954
2019-09-04, 0.07623259000084114, 0.14672489082969445, 0.09304128707113789, 0.07707525113685995, 0.27094831911690875, 0.005506102597045048, 0.006862319006336213, 0.0, 0.00970255024874675
2019-08-05, 0.13846895971970807, 0.6288209606986898, 0.0, 0.24355779359247773, 0.1888427678693613, 0.011012205194090111, 0.008234782807603456, 0.009590281847727629, 0.01769288574771466
2019-08-05, 0.1394827050112047, 0.6707423580786025, 0.031013762357045963, 0.12023739177350169, 0.24905350545089638, 0.011012205194090111, 0.006862319006336213, 0.006393521231818429, 0.02054657699734606
2019-08-05, 0.1394827050112047, 0.6707423580786025, 0.031013762357045963, 0.12023739177350169, 0.24905350545089638, 0.011012205194090111, 0.006862319006336213, 0.006393521231818429, 0.02054657699734606
2019-08-05, 0.1394827050112047, 0.6707423580786025, 0.031013762357045963, 0.12023739177350169, 0.24905350545089638, 0.011012205194090111, 0.006862319006336213, 0.006393521231818429, 0.02054657699734606
2019-08-05, 0.1394827050112047, 0.6707423580786025, 0.031013762357045963, 0.12023739177350169, 0.24905350545089638, 0.011012205194090111, 0.006862319006336213, 0.006393521231818429, 0.02054657699734606
2019-08-05, 0.1394827050112047, 0.6707423580786025, 0.031013762357045963, 0.12023739177350169, 0.24905350545089638, 0.011012205194090111, 0.006862319006336213, 0.006393521231818429, 0.02054657699734606
2019-08-05, 0.1394827050112047, 0.6707423580786025, 0.031013762357045963, 0.12023739177350169, 0.24905350545089638, 0.011012205194090111, 0.006862319006336213, 0.006393521231818429, 0.02054657699734606
2019-08-05, 0.1394827050112047, 0.6707423580786025, 0.031013762357045963, 0.12023739177350169, 0.24905350545089638, 0.011012205194090111, 0.006862319006336213, 0.006393521231818429, 0.02054657699734606
2019-08-05, 0.1394827050112047, 0.6707423580786025, 0.031013762357045963, 0.12023739177350169, 0.24905350545089638, 0.011012205194090111, 0.006862319006336213, 0.006393521231818429, 0.02054657699734606
2019-08-05, 0.1394827050112047, 0.6707423580786025, 0.031013762357045963, 0.12023739177350169, 0.24905350545089638, 0.011012205194090111, 0.006862319006336213, 0.006393521231818429, 0.02054657699734606
2019-08-05, 0.1394827050112047, 0.6707423580786025, 0.031013762357045963, 0.12023739177350169, 0.24905350545089638, 0.011012205194090111, 0.006862319006336213, 0.006393521231818429, 0.02054657699734606
2019-08-05, 0.26229371586353273, 1.1318777292576416, 0.13956193060670682, 0.5271947177761224, 0.2791588742416639, 0.0027530512985225316, 0.009607246608870698, 0.0019180563695455287, 0.006278120749189069
2019-08-05, 0.17178696216270603, 0.20960698689956325, 0.15506881178522947, 0.23122575341057985, 0.7115814441454185, 0.02477746168670276, 0.0013724638012672426, 0.017262507325909743, 0.02340026824697746
2019-08-05, 0.18080931955606433, 0.880349344978166, 0.11630160883892253, 0.26822187395627295, 0.14505314053733553, 0.005506102597045063, 0.008234782807603456, 0.005114816985454743, 0.01769288574771466
2019-08-05, 0.1430228462008758, 0.33537117903930136, 0.0232603217677843, 0.1479844821827707, 0.572002007024586, 0.016518307791135174, 0.0027449276025344853, 0.0166231552027279, 0.02967838899616653
2019-07-06, 0.13815427798511123, 0.6078602620087337, 0.062027524714091925, 0.2158107031832082, 0.18336906445285772, 0.00825915389556758, 0.004117391403801728, 0.0089509297245458, 0.014839194498083273
2019-07-06, 0.1418981735362285, 0.5659388646288209, 0.09304128707113789, 0.25897284381984964, 0.18063221274460617, 0.00825915389556758, 0.004117391403801728, 0.007672225478182115, 0.016551409247862112
2019-07-06, 0.1418981735362285, 0.5659388646288209, 0.09304128707113789, 0.25897284381984964, 0.18063221274460617, 0.00825915389556758, 0.004117391403801728, 0.007672225478182115, 0.016551409247862112
2019-07-06, 0.1418981735362285, 0.5659388646288209, 0.09304128707113789, 0.25897284381984964, 0.18063221274460617, 0.00825915389556758, 0.004117391403801728, 0.007672225478182115, 0.016551409247862112
2019-07-06, 0.1418981735362285, 0.5659388646288209, 0.09304128707113789, 0.25897284381984964, 0.18063221274460617, 0.00825915389556758, 0.004117391403801728, 0.007672225478182115, 0.016551409247862112
2019-07-06, 0.1418981735362285, 0.5659388646288209, 0.09304128707113789, 0.25897284381984964, 0.18063221274460617, 0.00825915389556758, 0.004117391403801728, 0.007672225478182115, 0.016551409247862112
2019-07-06, 0.1418981735362285, 0.5659388646288209, 0.09304128707113789, 0.25897284381984964, 0.18063221274460617, 0.00825915389556758, 0.004117391403801728, 0.007672225478182115, 0.016551409247862112
2019-07-06, 0.1418981735362285, 0.5659388646288209, 0.09304128707113789, 0.25897284381984964, 0.18063221274460617, 0.00825915389556758, 0.004117391403801728, 0.007672225478182115, 0.016551409247862112
2019-07-06, 0.1418981735362285, 0.5659388646288209, 0.09304128707113789, 0.25897284381984964, 0.18063221274460617, 0.00825915389556758, 0.004117391403801728, 0.007672225478182115, 0.016551409247862112
2019-07-06, 0.1418981735362285, 0.5659388646288209, 0.09304128707113789, 0.25897284381984964, 0.18063221274460617, 0.00825915389556758, 0.004117391403801728, 0.007672225478182115, 0.016551409247862112
2019-07-06, 0.1418981735362285, 0.5659388646288209, 0.09304128707113789, 0.25897284381984964, 0.18063221274460617, 0.00825915389556758, 0.004117391403801728, 0.007672225478182115, 0.016551409247862112
2019-07-06, 0.27724254421893335, 1.1528384279475983, 0.015506881178522981, 0.6936772602317398, 0.3311590566984446, 0.008259153895567594, 0.008234782807603456, 0.0025574084927273717, 0.005707382499262789
2019-07-06, 0.1660190053631741, 0.1886462882096069, 0.30238418298119796, 0.17881458263751457, 0.5856862655658442, 0.02202441038818023, 0.0013724638012672426, 0.017262507325909743, 0.03196134199587167
2019-07-06, 0.1571553843773767, 0.8174672489082967, 0.015506881178522981, 0.2774709040926962, 0.11221092003831597, 0.0027530512985225316, 0.004117391403801728, 0.008311577601363957, 0.0194051004974935
2019-07-06, 0.16561543929447925, 0.4401746724890829, 0.1550688117852298, 0.05857719086401341, 0.6103179309401088, 0.013765256492612642, 0.005489855205068971, 0.014705098833182372, 0.02682469774653513
2019-06-06, 0.15166812758118955, 0.6078602620087334, 0.06202752471409158, 0.252806823728901, 0.2545272088673995, 0.00825915389556758, 0.005489855205068971, 0.006393521231818429, 0.015980670997935834
2019-06-06, 0.14002215043316454, 0.5449781659388644, 0.09304128707113754, 0.191146622819413, 0.24631665374264483, 0.005506102597045048, 0.005489855205068971, 0.010868986094091315, 0.022829529997051182
2019-06-06, 0.14002215043316454, 0.5449781659388644, 0.09304128707113754, 0.191146622819413, 0.24631665374264483, 0.005506102597045048, 0.005489855205068971, 0.010868986094091315, 0.022829529997051182
2019-06-06, 0.14002215043316454, 0.5449781659388644, 0.09304128707113754, 0.191146622819413, 0.24631665374264483, 0.005506102597045048, 0.005489855205068971, 0.010868986094091315, 0.022829529997051182
2019-06-06, 0.14002215043316454, 0.5449781659388644, 0.09304128707113754, 0.191146622819413, 0.24631665374264483, 0.005506102597045048, 0.005489855205068971, 0.010868986094091315, 0.022829529997051182
2019-06-06, 0.14002215043316454, 0.5449781659388644, 0.09304128707113754, 0.191146622819413, 0.24631665374264483, 0.005506102597045048, 0.005489855205068971, 0.010868986094091315, 0.022829529997051182
2019-06-06, 0.14002215043316454, 0.5449781659388644, 0.09304128707113754, 0.191146622819413, 0.24631665374264483, 0.005506102597045048, 0.005489855205068971, 0.010868986094091315, 0.022829529997051182
2019-06-06, 0.14002215043316454, 0.5449781659388644, 0.09304128707113754, 0.191146622819413, 0.24631665374264483, 0.005506102597045048, 0.005489855205068971, 0.010868986094091315, 0.022829529997051182
2019-06-06, 0.14002215043316454, 0.5449781659388644, 0.09304128707113754, 0.191146622819413, 0.24631665374264483, 0.005506102597045048, 0.005489855205068971, 0.010868986094091315, 0.022829529997051182
2019-06-06, 0.14002215043316454, 0.5449781659388644, 0.09304128707113754, 0.191146622819413, 0.24631665374264483, 0.005506102597045048, 0.005489855205068971, 0.010868986094091315, 0.022829529997051182
2019-06-06, 0.14002215043316454, 0.5449781659388644, 0.09304128707113754, 0.191146622819413, 0.24631665374264483, 0.005506102597045048, 0.005489855205068971, 0.010868986094091315, 0.022829529997051182
2019-06-06, 0.2541953936499744, 1.0480349344978164, 0.007753440589261319, 0.6166020090948798, 0.33936961182319925, 0.005506102597045063, 0.009607246608870698, 0.0038361127390910575, 0.0028536912496313883
2019-06-06, 0.14467416449080606, 0.44017467248908265, 0.06202752471409158, 0.0339131105002182, 0.5802125621493411, 0.011012205194090111, 0.004117391403801728, 0.007672225478182115, 0.018263623997640942
2019-06-06, 0.1686337878972157, 0.12576419213973786, 0.2170963364993214, 0.14490147213729634, 0.7936869953929665, 0.02202441038818023, 0.0013724638012672426, 0.01854121157227343, 0.02568322124668257
2019-06-06, 0.12016950190532233, 0.4192139737991267, 0.11630160883892218, 0.13256943195539958, 0.24905350545089638, 0.005506102597045048, 0.006862319006336213, 0.009590281847727629, 0.0222587917471249
2019-05-07, 0.1476547589987936, 0.5030567685589519, 0.255863539445629, 0.3021349844564911, 0.07389499612279331, 0.005506102597045063, 0.0027449276025344853, 0.01406574671000053, 0.023971006496903743
2019-05-07, 0.1960777131987383, 0.62882096069869, 0.34115138592750527, 0.2836369241836449, 0.27642202253341236, 0.005506102597045063, 0.0013724638012672426, 0.008311577601363957, 0.02340026824697746
2019-05-07, 0.1960777131987383, 0.62882096069869, 0.34115138592750527, 0.2836369241836449, 0.27642202253341236, 0.005506102597045063, 0.0013724638012672426, 0.008311577601363957, 0.02340026824697746
2019-05-07, 0.1960777131987383, 0.62882096069869, 0.34115138592750527, 0.2836369241836449, 0.27642202253341236, 0.005506102597045063, 0.0013724638012672426, 0.008311577601363957, 0.02340026824697746
2019-05-07, 0.1960777131987383, 0.62882096069869, 0.34115138592750527, 0.2836369241836449, 0.27642202253341236, 0.005506102597045063, 0.0013724638012672426, 0.008311577601363957, 0.02340026824697746
2019-05-07, 0.1960777131987383, 0.62882096069869, 0.34115138592750527, 0.2836369241836449, 0.27642202253341236, 0.005506102597045063, 0.0013724638012672426, 0.008311577601363957, 0.02340026824697746
2019-05-07, 0.1960777131987383, 0.62882096069869, 0.34115138592750527, 0.2836369241836449, 0.27642202253341236, 0.005506102597045063, 0.0013724638012672426, 0.008311577601363957, 0.02340026824697746
2019-05-07, 0.1960777131987383, 0.62882096069869, 0.34115138592750527, 0.2836369241836449, 0.27642202253341236, 0.005506102597045063, 0.0013724638012672426, 0.008311577601363957, 0.02340026824697746
2019-05-07, 0.1960777131987383, 0.62882096069869, 0.34115138592750527, 0.2836369241836449, 0.27642202253341236, 0.005506102597045063, 0.0013724638012672426, 0.008311577601363957, 0.02340026824697746
2019-05-07, 0.1960777131987383, 0.62882096069869, 0.34115138592750527, 0.2836369241836449, 0.27642202253341236, 0.005506102597045063, 0.0013724638012672426, 0.008311577601363957, 0.02340026824697746
2019-05-07, 0.1960777131987383, 0.62882096069869, 0.34115138592750527, 0.2836369241836449, 0.27642202253341236, 0.005506102597045063, 0.0013724638012672426, 0.008311577601363957, 0.02340026824697746
2019-05-07, 0.1718387604171148, 0.5449781659388646, 0.28687730180267496, 0.14798448218277124, 0.3448433152397026, 0.005506102597045063, 0.0, 0.01598380307954606, 0.028536912496313984
2019-05-07, 0.1323531635644121, 0.3982532751091702, 0.19383601473153708, 0.14181846209182258, 0.2928431327829221, 0.008259153895567594, 0.0013724638012672426, 0.007032873355000272, 0.015409932748009551
2019-05-07, 0.14496522083290567, 0.5240174672489083, 0.2170963364993214, 0.22197672327415685, 0.15600054737034175, 0.005506102597045063, 0.005489855205068971, 0.010229633970909473, 0.0194051004974935
2019-05-07, 0.2941988735840116, 1.0480349344978166, 0.30238418298119796, 0.6535981296405727, 0.3256853532819412, 0.00825915389556758, 0.006862319006336213, 0.0019180563695455287, 0.00684885899911535
2019-04-07, 0.15337834532763314, 0.4192139737991267, 0.2946307423919363, 0.09249030136423216, 0.3804223874469737, 0.0027530512985225316, 0.0027449276025344853, 0.010229633970909473, 0.02454174474683001
2019-04-07, 0.13370629030821804, 0.4192139737991267, 0.2636169800348903, 0.20656167304678463, 0.16968480591159948, 0.0, 0.0013724638012672426, 0.0006393521231818429, 0.00856107374889419
2019-04-07, 0.13370629030821804, 0.4192139737991267, 0.2636169800348903, 0.20656167304678463, 0.16968480591159948, 0.0, 0.0013724638012672426, 0.0006393521231818429, 0.00856107374889419
2019-04-07, 0.13370629030821804, 0.4192139737991267, 0.2636169800348903, 0.20656167304678463, 0.16968480591159948, 0.0, 0.0013724638012672426, 0.0006393521231818429, 0.00856107374889419
2019-04-07, 0.13370629030821804, 0.4192139737991267, 0.2636169800348903, 0.20656167304678463, 0.16968480591159948, 0.0, 0.0013724638012672426, 0.0006393521231818429, 0.00856107374889419
2019-04-07, 0.13370629030821804, 0.4192139737991267, 0.2636169800348903, 0.20656167304678463, 0.16968480591159948, 0.0, 0.0013724638012672426, 0.0006393521231818429, 0.00856107374889419
2019-04-07, 0.13370629030821804, 0.4192139737991267, 0.2636169800348903, 0.20656167304678463, 0.16968480591159948, 0.0, 0.0013724638012672426, 0.0006393521231818429, 0.00856107374889419
2019-04-07, 0.13370629030821804, 0.4192139737991267, 0.2636169800348903, 0.20656167304678463, 0.16968480591159948, 0.0, 0.0013724638012672426, 0.0006393521231818429, 0.00856107374889419
2019-04-07, 0.13370629030821804, 0.4192139737991267, 0.2636169800348903, 0.20656167304678463, 0.16968480591159948, 0.0, 0.0013724638012672426, 0.0006393521231818429, 0.00856107374889419
2019-04-07, 0.13370629030821804, 0.4192139737991267, 0.2636169800348903, 0.20656167304678463, 0.16968480591159948, 0.0, 0.0013724638012672426, 0.0006393521231818429, 0.00856107374889419
2019-04-07, 0.13370629030821804, 0.4192139737991267, 0.2636169800348903, 0.20656167304678463, 0.16968480591159948, 0.0, 0.0013724638012672426, 0.0006393521231818429, 0.00856107374889419
2019-04-07, 0.13187812935387183, 0.4192139737991267, 0.3023841829811976, 0.1880636127739381, 0.12315832687132217, 0.0027530512985225316, 0.0, 0.005754169108636586, 0.013697717998230712
2019-04-07, 0.27863914362845094, 0.9013100436681223, 0.3023841829811976, 0.6875112401407909, 0.30105368790767706, 0.016518307791135174, 0.008234782807603456, 0.006393521231818429, 0.005707382499262789
2019-04-07, 0.12241457433413426, 0.12576419213973786, 0.06202752471409158, 0.1449014721372969, 0.5856862655658442, 0.013765256492612642, 0.0013724638012672426, 0.017262507325909743, 0.028536912496313984
2019-04-07, 0.08428345346534293, 0.0, 0.18608257414227544, 0.0030830100454743324, 0.44610682844501187, 0.008259153895567587, 0.00274492760253447, 0.010868986094091315, 0.01712214749778838
2019-03-08, 0.1716068340335174, 0.23056768558951984, 0.31013762357045926, 0.12640341186445037, 0.6541075582721345, 0.008259153895567587, 0.0, 0.01598380307954606, 0.027395435996461423
2019-03-08, 0.1656674515060085, 0.5659388646288209, 0.23260321767784436, 0.11098836163707815, 0.37768553573872216, 0.0027530512985225316, 0.0027449276025344853, 0.011508338217273158, 0.021117315247272343
2019-03-08, 0.1656674515060085, 0.5659388646288209, 0.23260321767784436, 0.11098836163707815, 0.37768553573872216, 0.0027530512985225316, 0.0027449276025344853, 0.011508338217273158, 0.021117315247272343
2019-03-08, 0.1656674515060085, 0.5659388646288209, 0.23260321767784436, 0.11098836163707815, 0.37768553573872216, 0.0027530512985225316, 0.0027449276025344853, 0.011508338217273158, 0.021117315247272343
2019-03-08, 0.1656674515060085, 0.5659388646288209, 0.23260321767784436, 0.11098836163707815, 0.37768553573872216, 0.0027530512985225316, 0.0027449276025344853, 0.011508338217273158, 0.021117315247272343
2019-03-08, 0.1656674515060085, 0.5659388646288209, 0.23260321767784436, 0.11098836163707815, 0.37768553573872216, 0.0027530512985225316, 0.0027449276025344853, 0.011508338217273158, 0.021117315247272343
2019-03-08, 0.1656674515060085, 0.5659388646288209, 0.23260321767784436, 0.11098836163707815, 0.37768553573872216, 0.0027530512985225316, 0.0027449276025344853, 0.011508338217273158, 0.021117315247272343
2019-03-08, 0.1656674515060085, 0.5659388646288209, 0.23260321767784436, 0.11098836163707815, 0.37768553573872216, 0.0027530512985225316, 0.0027449276025344853, 0.011508338217273158, 0.021117315247272343
2019-03-08, 0.1656674515060085, 0.5659388646288209, 0.23260321767784436, 0.11098836163707815, 0.37768553573872216, 0.0027530512985225316, 0.0027449276025344853, 0.011508338217273158, 0.021117315247272343
2019-03-08, 0.1656674515060085, 0.5659388646288209, 0.23260321767784436, 0.11098836163707815, 0.37768553573872216, 0.0027530512985225316, 0.0027449276025344853, 0.011508338217273158, 0.021117315247272343
2019-03-08, 0.1656674515060085, 0.5659388646288209, 0.23260321767784436, 0.11098836163707815, 0.37768553573872216, 0.0027530512985225316, 0.0027449276025344853, 0.011508338217273158, 0.021117315247272343
2019-03-08, 0.15280767957674127, 0.46113537117903924, 0.24035665826710603, 0.21272769313773332, 0.2682114674086577, 0.0, 0.004117391403801728, 0.010229633970909473, 0.02568322124668257
2019-03-08, 0.1556589370843161, 0.5449781659388646, 0.24035665826710603, 0.16031652236466856, 0.2682114674086577, 0.0027530512985225316, 0.0013724638012672426, 0.009590281847727629, 0.01769288574771466
2019-03-08, 0.13540255973856916, 0.5030567685589519, 0.09304128707113789, 0.06782622100043695, 0.3831592391552252, 0.0027530512985225316, 0.0027449276025344853, 0.0089509297245458, 0.02168805349719862
2019-03-08, 0.1586815281939678, 0.5240174672489083, 0.17057569296375244, 0.024664080363795207, 0.5145281211513025, 0.0, 0.0027449276025344853, 0.0089509297245458, 0.023971006496903743
2019-02-06, 0.14301780228133976, 0.31441048034934527, 0.31789106415972096, 0.0339131105002182, 0.4378962733202572, 0.005506102597045063, 0.0027449276025344853, 0.0089509297245458, 0.022829529997051182
2019-02-06, 0.1641251869420916, 0.5240174672489083, 0.31789106415972096, 0.20039565295583597, 0.21894813666012886, 0.005506102597045063, 0.005489855205068971, 0.012787042463636844, 0.02796617424638769
2019-02-06, 0.1641251869420916, 0.5240174672489083, 0.31789106415972096, 0.20039565295583597, 0.21894813666012886, 0.005506102597045063, 0.005489855205068971, 0.012787042463636844, 0.02796617424638769
2019-02-06, 0.1641251869420916, 0.5240174672489083, 0.31789106415972096, 0.20039565295583597, 0.21894813666012886, 0.005506102597045063, 0.005489855205068971, 0.012787042463636844, 0.02796617424638769
2019-02-06, 0.1641251869420916, 0.5240174672489083, 0.31789106415972096, 0.20039565295583597, 0.21894813666012886, 0.005506102597045063, 0.005489855205068971, 0.012787042463636844, 0.02796617424638769
2019-02-06, 0.1641251869420916, 0.5240174672489083, 0.31789106415972096, 0.20039565295583597, 0.21894813666012886, 0.005506102597045063, 0.005489855205068971, 0.012787042463636844, 0.02796617424638769
2019-02-06, 0.1641251869420916, 0.5240174672489083, 0.31789106415972096, 0.20039565295583597, 0.21894813666012886, 0.005506102597045063, 0.005489855205068971, 0.012787042463636844, 0.02796617424638769
2019-02-06, 0.1641251869420916, 0.5240174672489083, 0.31789106415972096, 0.20039565295583597, 0.21894813666012886, 0.005506102597045063, 0.005489855205068971, 0.012787042463636844, 0.02796617424638769
2019-02-06, 0.1641251869420916, 0.5240174672489083, 0.31789106415972096, 0.20039565295583597, 0.21894813666012886, 0.005506102597045063, 0.005489855205068971, 0.012787042463636844, 0.02796617424638769
2019-02-06, 0.1641251869420916, 0.5240174672489083, 0.31789106415972096, 0.20039565295583597, 0.21894813666012886, 0.005506102597045063, 0.005489855205068971, 0.012787042463636844, 0.02796617424638769
2019-02-06, 0.1641251869420916, 0.5240174672489083, 0.31789106415972096, 0.20039565295583597, 0.21894813666012886, 0.005506102597045063, 0.005489855205068971, 0.012787042463636844, 0.02796617424638769
2019-02-06, 0.16719083932629175, 0.3353711790393016, 0.3489048265167669, 0.11407137168255249, 0.49810701090179277, 0.008259153895567594, 0.0027449276025344853, 0.0089509297245458, 0.021117315247272343
2019-02-06, 0.13241291869842783, 0.31441048034934527, 0.34115138592750527, 0.11407137168255303, 0.25726406057565104, 0.005506102597045063, 0.0027449276025344853, 0.007032873355000272, 0.01712214749778838
2019-02-06, 0.14262061568913753, 0.37729257641921427, 0.2791238612134133, 0.049328160727590414, 0.3886329425717283, 0.005506102597045063, 0.004117391403801728, 0.014705098833182372, 0.0222587917471249
2019-02-06, 0.19879462674105988, 0.7965065502183408, 0.271370420624152, 0.3977082958661976, 0.09031610637230308, 0.016518307791135174, 0.008234782807603456, 0.0, 0.00970255024874675
2019-01-07, 0.1227394612203182, 0.39825327510917063, 0.20158945532079875, 0.0, 0.35579072207270923, 0.0, 0.0013724638012672426, 0.01406574671000053, 0.010844026748599323
2019-01-07, 0.1482290486533146, 0.48209606986899556, 0.22484977708858306, 0.024664080363795207, 0.4324225699037541, 0.0027530512985225316, 0.0027449276025344853, 0.008311577601363944, 0.007990335498967922
2019-01-07, 0.1482290486533146, 0.48209606986899556, 0.22484977708858306, 0.024664080363795207, 0.4324225699037541, 0.0027530512985225316, 0.0027449276025344853, 0.008311577601363944, 0.007990335498967922
2019-01-07, 0.1482290486533146, 0.48209606986899556, 0.22484977708858306, 0.024664080363795207, 0.4324225699037541, 0.0027530512985225316, 0.0027449276025344853, 0.008311577601363944, 0.007990335498967922
2019-01-07, 0.1482290486533146, 0.48209606986899556, 0.22484977708858306, 0.024664080363795207, 0.4324225699037541, 0.0027530512985225316, 0.0027449276025344853, 0.008311577601363944, 0.007990335498967922
2019-01-07, 0.1482290486533146, 0.48209606986899556, 0.22484977708858306, 0.024664080363795207, 0.4324225699037541, 0.0027530512985225316, 0.0027449276025344853, 0.008311577601363944, 0.007990335498967922
2019-01-07, 0.1482290486533146, 0.48209606986899556, 0.22484977708858306, 0.024664080363795207, 0.4324225699037541, 0.0027530512985225316, 0.0027449276025344853, 0.008311577601363944, 0.007990335498967922
2019-01-07, 0.1482290486533146, 0.48209606986899556, 0.22484977708858306, 0.024664080363795207, 0.4324225699037541, 0.0027530512985225316, 0.0027449276025344853, 0.008311577601363944, 0.007990335498967922
2019-01-07, 0.1482290486533146, 0.48209606986899556, 0.22484977708858306, 0.024664080363795207, 0.4324225699037541, 0.0027530512985225316, 0.0027449276025344853, 0.008311577601363944, 0.007990335498967922
2019-01-07, 0.1482290486533146, 0.48209606986899556, 0.22484977708858306, 0.024664080363795207, 0.4324225699037541, 0.0027530512985225316, 0.0027449276025344853, 0.008311577601363944, 0.007990335498967922
2019-01-07, 0.1482290486533146, 0.48209606986899556, 0.22484977708858306, 0.024664080363795207, 0.4324225699037541, 0.0027530512985225316, 0.0027449276025344853, 0.008311577601363944, 0.007990335498967922
2019-01-07, 0.14694558641113956, 0.2934497816593889, 0.1783291335530141, 0.08940729131875728, 0.5856862655658442, 0.0027530512985225316, 0.0013724638012672426, 0.010868986094091315, 0.013697717998230712
2019-01-07, 0.146953923405291, 0.37729257641921427, 0.18608257414227578, 0.0030830100454743324, 0.5856862655658442, 0.0027530512985225316, 0.0013724638012672426, 0.010229633970909473, 0.009131811998820483
2019-01-07, 0.15817258073868828, 0.10480349344978175, 0.3333979453382439, 0.16956555250109157, 0.6048442275236057, 0.013765256492612642, 0.004117391403801713, 0.0166231552027279, 0.018263623997640952
2019-01-07, 0.18539527806333028, 0.9432314410480352, 0.09304128707113789, 0.332965084911235, 0.08757925466405105, 0.011012205194090111, 0.006862319006336213, 0.004475464862272886, 0.003995167749483961
2018-12-08, 0.19651401082450598, 0.5868995633187771, 0.49622019771273507, 0.1541505022737199, 0.312001094740683, 0.0055061025970450555, 0.0027449276025344853, 0.008311577601363944, 0.006278120749189082
2018-12-08, 0.18814671327884888, 0.6497816593886462, 0.4264392324093818, 0.12023739177350169, 0.284632577658167, 0.002753051298522524, 0.00274492760253447, 0.008311577601363944, 0.010273288498673042
2018-12-08, 0.18814671327884888, 0.6497816593886462, 0.4264392324093818, 0.12023739177350169, 0.284632577658167, 0.002753051298522524, 0.00274492760253447, 0.008311577601363944, 0.010273288498673042
2018-12-08, 0.18814671327884888, 0.6497816593886462, 0.4264392324093818, 0.12023739177350169, 0.284632577658167, 0.002753051298522524, 0.00274492760253447, 0.008311577601363944, 0.010273288498673042
2018-12-08, 0.18814671327884888, 0.6497816593886462, 0.4264392324093818, 0.12023739177350169, 0.284632577658167, 0.002753051298522524, 0.00274492760253447, 0.008311577601363944, 0.010273288498673042
2018-12-08, 0.18814671327884888, 0.6497816593886462, 0.4264392324093818, 0.12023739177350169, 0.284632577658167, 0.002753051298522524, 0.00274492760253447, 0.008311577601363944, 0.010273288498673042
2018-12-08, 0.18814671327884888, 0.6497816593886462, 0.4264392324093818, 0.12023739177350169, 0.284632577658167, 0.002753051298522524, 0.00274492760253447, 0.008311577601363944, 0.010273288498673042
2018-12-08, 0.18814671327884888, 0.6497816593886462, 0.4264392324093818, 0.12023739177350169, 0.284632577658167, 0.002753051298522524, 0.00274492760253447, 0.008311577601363944, 0.010273288498673042
2018-12-08, 0.18814671327884888, 0.6497816593886462, 0.4264392324093818, 0.12023739177350169, 0.284632577658167, 0.002753051298522524, 0.00274492760253447, 0.008311577601363944, 0.010273288498673042
2018-12-08, 0.18814671327884888, 0.6497816593886462, 0.4264392324093818, 0.12023739177350169, 0.284632577658167, 0.002753051298522524, 0.00274492760253447, 0.008311577601363944, 0.010273288498673042
2018-12-08, 0.18814671327884888, 0.6497816593886462, 0.4264392324093818, 0.12023739177350169, 0.284632577658167, 0.002753051298522524, 0.00274492760253447, 0.008311577601363944, 0.010273288498673042
2018-12-08, 0.16079515166268774, 0.5030567685589517, 0.4264392324093818, 0.1942296328648873, 0.13410573370432838, 0.002753051298522524, 0.0, 0.011508338217273158, 0.014268456248156992
2018-12-08, 0.1935925755599234, 0.6497816593886462, 0.48071331653421207, 0.13256943195539903, 0.2545272088673995, 0.0055061025970450555, 0.0013724638012672426, 0.013426394586818687, 0.010844026748599323
2018-12-08, 0.17982956281734402, 0.5659388646288207, 0.4419461135879048, 0.2558898337743751, 0.14505314053733506, 0.002753051298522524, 0.0, 0.012787042463636844, 0.014268456248156992
2018-12-08, 0.1285016739632777, 0.12576419213973786, 0.3256445047489826, 0.049328160727590414, 0.4898964557770376, 0.008259153895567587, 0.005489855205068956, 0.012787042463636844, 0.010844026748599323
2018-11-08, 0.10226928026128099, 0.06288209606986905, 0.271370420624152, 0.13873545204634768, 0.3174747981571866, 0.002753051298522524, 0.004117391403801728, 0.0025574084927273717, 0.018263623997640942
2018-11-08, 0.14975162068006906, 0.25152838427947594, 0.3256445047489826, 0.49019859723042897, 0.11221092003831597, 0.005506102597045063, 0.0013724638012672426, 0.0012787042463636858, 0.01027328849867303
2018-11-08, 0.14975162068006906, 0.25152838427947594, 0.3256445047489826, 0.49019859723042897, 0.11221092003831597, 0.005506102597045063, 0.0013724638012672426, 0.0012787042463636858, 0.01027328849867303
2018-11-08, 0.14975162068006906, 0.25152838427947594, 0.3256445047489826, 0.49019859723042897, 0.11221092003831597, 0.005506102597045063, 0.0013724638012672426, 0.0012787042463636858, 0.01027328849867303
2018-11-08, 0.14975162068006906, 0.25152838427947594, 0.3256445047489826, 0.49019859723042897, 0.11221092003831597, 0.005506102597045063, 0.0013724638012672426, 0.0012787042463636858, 0.01027328849867303
2018-11-08, 0.14975162068006906, 0.25152838427947594, 0.3256445047489826, 0.49019859723042897, 0.11221092003831597, 0.005506102597045063, 0.0013724638012672426, 0.0012787042463636858, 0.01027328849867303
2018-11-08, 0.14975162068006906, 0.25152838427947594, 0.3256445047489826, 0.49019859723042897, 0.11221092003831597, 0.005506102597045063, 0.0013724638012672426, 0.0012787042463636858, 0.01027328849867303
2018-11-08, 0.14975162068006906, 0.25152838427947594, 0.3256445047489826, 0.49019859723042897, 0.11221092003831597, 0.005506102597045063, 0.0013724638012672426, 0.0012787042463636858, 0.01027328849867303
2018-11-08, 0.14975162068006906, 0.25152838427947594, 0.3256445047489826, 0.49019859723042897, 0.11221092003831597, 0.005506102597045063, 0.0013724638012672426, 0.0012787042463636858, 0.01027328849867303
2018-11-08, 0.14975162068006906, 0.25152838427947594, 0.3256445047489826, 0.49019859723042897, 0.11221092003831597, 0.005506102597045063, 0.0013724638012672426, 0.0012787042463636858, 0.01027328849867303
2018-11-08, 0.14975162068006906, 0.25152838427947594, 0.3256445047489826, 0.49019859723042897, 0.11221092003831597, 0.005506102597045063, 0.0013724638012672426, 0.0012787042463636858, 0.01027328849867303
2018-11-08, 0.10174494089420687, 0.0838427947598254, 0.27912386121341365, 0.15106749222824503, 0.27094831911690925, 0.0, 0.0027449276025344853, 0.005114816985454729, 0.021117315247272343
2018-11-08, 0.3369728657404876, 0.8174672489082969, 0.45745299476642776, 0.8324127122780872, 0.5583177484833278, 0.01651830779113518, 0.0027449276025344853, 0.010868986094091329, 0.0
2018-11-08, 0.09404226092654852, 0.1467248908296942, 0.1705756929637528, 0.07707525113685995, 0.3229485015736897, 0.0055061025970450555, 0.005489855205068971, 0.005754169108636572, 0.018263623997640942
2018-11-08, 0.10602718095593783, 0.0838427947598254, 0.3489048265167669, 0.12023739177350115, 0.2736851708251608, 0.002753051298522524, 0.0027449276025344853, 0.0006393521231818429, 0.015409932748009551
2018-10-09, 0.10795904498869645, 0.18864628820960713, 0.12405504942818368, 0.4254553862754672, 0.07936869953929689, 0.011012205194090111, 0.010979710410137934, 0.007032873355000258, 0.01712214749778839
2018-10-09, 0.12395784630573053, 0.33537117903930114, 0.2791238612134135, 0.11407137168255276, 0.25179035715914816, 0.0, 0.0027449276025344853, 0.0, 0.008561073748894203
2018-10-09, 0.12395784630573053, 0.33537117903930114, 0.2791238612134135, 0.11407137168255276, 0.25179035715914816, 0.0, 0.0027449276025344853, 0.0, 0.008561073748894203
2018-10-09, 0.12395784630573053, 0.33537117903930114, 0.2791238612134135, 0.11407137168255276, 0.25179035715914816, 0.0, 0.0027449276025344853, 0.0, 0.008561073748894203
2018-10-09, 0.12395784630573053, 0.33537117903930114, 0.2791238612134135, 0.11407137168255276, 0.25179035715914816, 0.0, 0.0027449276025344853, 0.0, 0.008561073748894203
2018-10-09, 0.12395784630573053, 0.33537117903930114, 0.2791238612134135, 0.11407137168255276, 0.25179035715914816, 0.0, 0.0027449276025344853, 0.0, 0.008561073748894203
2018-10-09, 0.12395784630573053, 0.33537117903930114, 0.2791238612134135, 0.11407137168255276, 0.25179035715914816, 0.0, 0.0027449276025344853, 0.0, 0.008561073748894203
2018-10-09, 0.12395784630573053, 0.33537117903930114, 0.2791238612134135, 0.11407137168255276, 0.25179035715914816, 0.0, 0.0027449276025344853, 0.0, 0.008561073748894203
2018-10-09, 0.12395784630573053, 0.33537117903930114, 0.2791238612134135, 0.11407137168255276, 0.25179035715914816, 0.0, 0.0027449276025344853, 0.0, 0.008561073748894203
2018-10-09, 0.12395784630573053, 0.33537117903930114, 0.2791238612134135, 0.11407137168255276, 0.25179035715914816, 0.0, 0.0027449276025344853, 0.0, 0.008561073748894203
2018-10-09, 0.12395784630573053, 0.33537117903930114, 0.2791238612134135, 0.11407137168255276, 0.25179035715914816, 0.0, 0.0027449276025344853, 0.0, 0.008561073748894203
2018-10-09, 0.09917660053959727, 0.10480349344978175, 0.14731537119596833, 0.456285486730211, 0.03831592391552218, 0.011012205194090111, 0.009607246608870692, 0.008950929724545786, 0.01712214749778839
2018-10-09, 0.08725006538961487, 0.02096069868995635, 0.22484977708858322, 0.38845926572977435, 0.02463166537426492, 0.008259153895567587, 0.009607246608870692, 0.006393521231818415, 0.014839194498083273
2018-10-09, 0.09638258115937388, 0.02096069868995635, 0.21709633649932156, 0.4316214063664158, 0.06294758928978711, 0.008259153895567587, 0.008234782807603449, 0.0076722254781821, 0.014268456248156992
2018-10-09, 0.25387131902838067, 0.6917030567685588, 0.27137042062415184, 0.24355779359247745, 0.8018975505177214, 0.01376525649261265, 0.0, 0.006393521231818429, 0.0022829529997051208
2018-09-09, 0.09971844667940967, 0.02096069868995635, 0.2093428959100599, 0.4408704365028388, 0.08210555124754844, 0.01376525649261265, 0.009607246608870692, 0.005114816985454729, 0.015980670997935834
2018-09-09, 0.14070992436730353, 0.3982532751091704, 0.31013762357045943, 0.052411170773064744, 0.3448433152397026, 0.005506102597045063, 0.004117391403801728, 0.0012787042463636858, 0.009131811998820483
2018-09-09, 0.14070992436730353, 0.3982532751091704, 0.31013762357045943, 0.052411170773064744, 0.3448433152397026, 0.005506102597045063, 0.004117391403801728, 0.0012787042463636858, 0.009131811998820483
2018-09-09, 0.14070992436730353, 0.3982532751091704, 0.31013762357045943, 0.052411170773064744, 0.3448433152397026, 0.005506102597045063, 0.004117391403801728, 0.0012787042463636858, 0.009131811998820483
2018-09-09, 0.14070992436730353, 0.3982532751091704, 0.31013762357045943, 0.052411170773064744, 0.3448433152397026, 0.005506102597045063, 0.004117391403801728, 0.0012787042463636858, 0.009131811998820483
2018-09-09, 0.14070992436730353, 0.3982532751091704, 0.31013762357045943, 0.052411170773064744, 0.3448433152397026, 0.005506102597045063, 0.004117391403801728, 0.0012787042463636858, 0.009131811998820483
2018-09-09, 0.14070992436730353, 0.3982532751091704, 0.31013762357045943, 0.052411170773064744, 0.3448433152397026, 0.005506102597045063, 0.004117391403801728, 0.0012787042463636858, 0.009131811998820483
2018-09-09, 0.14070992436730353, 0.3982532751091704, 0.31013762357045943, 0.052411170773064744, 0.3448433152397026, 0.005506102597045063, 0.004117391403801728, 0.0012787042463636858, 0.009131811998820483
2018-09-09, 0.14070992436730353, 0.3982532751091704, 0.31013762357045943, 0.052411170773064744, 0.3448433152397026, 0.005506102597045063, 0.004117391403801728, 0.0012787042463636858, 0.009131811998820483
2018-09-09, 0.14070992436730353, 0.3982532751091704, 0.31013762357045943, 0.052411170773064744, 0.3448433152397026, 0.005506102597045063, 0.004117391403801728, 0.0012787042463636858, 0.009131811998820483
2018-09-09, 0.14070992436730353, 0.3982532751091704, 0.31013762357045943, 0.052411170773064744, 0.3448433152397026, 0.005506102597045063, 0.004117391403801728, 0.0012787042463636858, 0.009131811998820483
2018-09-09, 0.09920089004247637, 0.10480349344978152, 0.17832913355301394, 0.4439534465483134, 0.016421110249509298, 0.01376525649261265, 0.005489855205068971, 0.010868986094091315, 0.019975838747419792
2018-09-09, 0.28201654705312085, 0.7545851528384279, 0.403178910641597, 0.2774709040926959, 0.8046344022259726, 0.0055061025970450555, 0.001372463801267235, 0.007672225478182115, 0.0017122147497788405
2018-09-09, 0.10069428436247704, 0.0419213973799127, 0.19383601473153692, 0.3977082958661974, 0.1368425854125804, 0.011012205194090118, 0.005489855205068971, 0.004475464862272886, 0.014268456248156992
2018-09-09, 0.11115711338605389, 0.1886462882096069, 0.25586353944562884, 0.2497238136834261, 0.1751585093281026, 0.008259153895567587, 0.004117391403801728, 0.0006393521231818429, 0.006848858999115362
2018-08-10, 0.06783952530474026, 0.020960698689956116, 0.007753440589261319, 0.4316214063664158, 0.05200018245678042, 0.011012205194090118, 0.004117391403801728, 0.003836112739091043, 0.011414764998525591
2018-08-10, 0.12646490068268992, 0.4401746724890829, 0.13180849001744552, 0.16031652236466884, 0.26273776399215437, 0.0027530512985225316, 0.0013724638012672426, 0.0, 0.01255624149837815
2018-08-10, 0.12646490068268992, 0.4401746724890829, 0.13180849001744552, 0.16031652236466884, 0.26273776399215437, 0.0027530512985225316, 0.0013724638012672426, 0.0, 0.01255624149837815
2018-08-10, 0.12646490068268992, 0.4401746724890829, 0.13180849001744552, 0.16031652236466884, 0.26273776399215437, 0.0027530512985225316, 0.0013724638012672426, 0.0, 0.01255624149837815
2018-08-10, 0.12646490068268992, 0.4401746724890829, 0.13180849001744552, 0.16031652236466884, 0.26273776399215437, 0.0027530512985225316, 0.0013724638012672426, 0.0, 0.01255624149837815
2018-08-10, 0.12646490068268992, 0.4401746724890829, 0.13180849001744552, 0.16031652236466884, 0.26273776399215437, 0.0027530512985225316, 0.0013724638012672426, 0.0, 0.01255624149837815
2018-08-10, 0.12646490068268992, 0.4401746724890829, 0.13180849001744552, 0.16031652236466884, 0.26273776399215437, 0.0027530512985225316, 0.0013724638012672426, 0.0, 0.01255624149837815
2018-08-10, 0.12646490068268992, 0.4401746724890829, 0.13180849001744552, 0.16031652236466884, 0.26273776399215437, 0.0027530512985225316, 0.0013724638012672426, 0.0, 0.01255624149837815
2018-08-10, 0.12646490068268992, 0.4401746724890829, 0.13180849001744552, 0.16031652236466884, 0.26273776399215437, 0.0027530512985225316, 0.0013724638012672426, 0.0, 0.01255624149837815
2018-08-10, 0.12646490068268992, 0.4401746724890829, 0.13180849001744552, 0.16031652236466884, 0.26273776399215437, 0.0027530512985225316, 0.0013724638012672426, 0.0, 0.01255624149837815
2018-08-10, 0.12646490068268992, 0.4401746724890829, 0.13180849001744552, 0.16031652236466884, 0.26273776399215437, 0.0027530512985225316, 0.0013724638012672426, 0.0, 0.01255624149837815
2018-08-10, 0.08512260918378821, 0.0419213973799127, 0.03876720294630762, 0.46553451686663405, 0.09305295808055464, 0.011012205194090118, 0.004117391403801728, 0.008311577601363944, 0.018263623997640952
2018-08-10, 0.07288432519129967, 0.0, 0.007753440589261319, 0.43470441641189017, 0.10126351320530977, 0.011012205194090118, 0.004117391403801728, 0.0076722254781821, 0.016551409247862112
2018-08-10, 0.09530776715563963, 0.02096069868995635, 0.007753440589261319, 0.5611078282763405, 0.1313688819960773, 0.011012205194090118, 0.004117391403801728, 0.009590281847727629, 0.016551409247862112
2018-08-10, 0.2568744687367121, 0.8174672489082967, 0.1783291335530141, 0.26822187395627267, 0.7717921817269533, 0.0055061025970450555, 0.0013724638012672426, 0.008311577601363957, 0.003995167749483949
2018-07-11, 0.07112458905353117, 0.06288209606986882, 0.023260321767784645, 0.4377874264573645, 0.008210555124755135, 0.008259153895567587, 0.006862319006336205, 0.005754169108636586, 0.015980670997935834
2018-07-11, 0.13167225391096676, 0.4401746724890829, 0.1473153711959685, 0.18498060272846378, 0.26273776399215437, 0.002753051298522524, 0.002744927602534478, 0.006393521231818415, 0.006278120749189082
2018-07-11, 0.13167225391096676, 0.4401746724890829, 0.1473153711959685, 0.18498060272846378, 0.26273776399215437, 0.002753051298522524, 0.002744927602534478, 0.006393521231818415, 0.006278120749189082
2018-07-11, 0.13167225391096676, 0.4401746724890829, 0.1473153711959685, 0.18498060272846378, 0.26273776399215437, 0.002753051298522524, 0.002744927602534478, 0.006393521231818415, 0.006278120749189082
2018-07-11, 0.13167225391096676, 0.4401746724890829, 0.1473153711959685, 0.18498060272846378, 0.26273776399215437, 0.002753051298522524, 0.002744927602534478, 0.006393521231818415, 0.006278120749189082
2018-07-11, 0.13167225391096676, 0.4401746724890829, 0.1473153711959685, 0.18498060272846378, 0.26273776399215437, 0.002753051298522524, 0.002744927602534478, 0.006393521231818415, 0.006278120749189082
2018-07-11, 0.13167225391096676, 0.4401746724890829, 0.1473153711959685, 0.18498060272846378, 0.26273776399215437, 0.002753051298522524, 0.002744927602534478, 0.006393521231818415, 0.006278120749189082
2018-07-11, 0.13167225391096676, 0.4401746724890829, 0.1473153711959685, 0.18498060272846378, 0.26273776399215437, 0.002753051298522524, 0.002744927602534478, 0.006393521231818415, 0.006278120749189082
2018-07-11, 0.13167225391096676, 0.4401746724890829, 0.1473153711959685, 0.18498060272846378, 0.26273776399215437, 0.002753051298522524, 0.002744927602534478, 0.006393521231818415, 0.006278120749189082
2018-07-11, 0.13167225391096676, 0.4401746724890829, 0.1473153711959685, 0.18498060272846378, 0.26273776399215437, 0.002753051298522524, 0.002744927602534478, 0.006393521231818415, 0.006278120749189082
2018-07-11, 0.13167225391096676, 0.4401746724890829, 0.1473153711959685, 0.18498060272846378, 0.26273776399215437, 0.002753051298522524, 0.002744927602534478, 0.006393521231818415, 0.006278120749189082
2018-07-11, 0.07216788397252652, 0.08384279475982516, 0.023260321767784645, 0.3915422757752484, 0.03284222049901957, 0.013765256492612642, 0.006862319006336205, 0.006393521231818429, 0.018834362247567234
2018-07-11, 0.07698969092837601, 0.1886462882096069, 0.10854816824966086, 0.28055391413817027, 0.005473703416503099, 0.008259153895567587, 0.00411739140380172, 0.0031967606159092146, 0.01712214749778839
2018-07-11, 0.28209296656591454, 1.0061135371179037, 0.23260321767784473, 0.2497238136834261, 0.7416868129361858, 0.008259153895567587, 0.0, 0.011508338217273158, 0.00684885899911535
2018-07-11, 0.18488191182950658, 0.7126637554585151, 0.19383601473153708, 0.033913110500218474, 0.5254755279843087, 0.0027530512985225316, 0.001372463801267235, 0.004475464862272886, 0.0045659059994102415
2018-06-11, 0.0844805710405183, 0.16768558951965057, 0.015506881178522981, 0.38229324563882544, 0.05473703416503246, 0.011012205194090111, 0.010979710410137934, 0.010229633970909487, 0.02340026824697746
2018-06-11, 0.13366761639060032, 0.48209606986899556, 0.1473153711959685, 0.1418184620918223, 0.27368517082516103, 0.0055061025970450555, 0.008234782807603449, 0.003836112739091043, 0.006848858999115362
2018-06-11, 0.13366761639060032, 0.48209606986899556, 0.1473153711959685, 0.1418184620918223, 0.27368517082516103, 0.0055061025970450555, 0.008234782807603449, 0.003836112739091043, 0.006848858999115362
2018-06-11, 0.13366761639060032, 0.48209606986899556, 0.1473153711959685, 0.1418184620918223, 0.27368517082516103, 0.0055061025970450555, 0.008234782807603449, 0.003836112739091043, 0.006848858999115362
2018-06-11, 0.13366761639060032, 0.48209606986899556, 0.1473153711959685, 0.1418184620918223, 0.27368517082516103, 0.0055061025970450555, 0.008234782807603449, 0.003836112739091043, 0.006848858999115362
2018-06-11, 0.13366761639060032, 0.48209606986899556, 0.1473153711959685, 0.1418184620918223, 0.27368517082516103, 0.0055061025970450555, 0.008234782807603449, 0.003836112739091043, 0.006848858999115362
2018-06-11, 0.13366761639060032, 0.48209606986899556, 0.1473153711959685, 0.1418184620918223, 0.27368517082516103, 0.0055061025970450555, 0.008234782807603449, 0.003836112739091043, 0.006848858999115362
2018-06-11, 0.13366761639060032, 0.48209606986899556, 0.1473153711959685, 0.1418184620918223, 0.27368517082516103, 0.0055061025970450555, 0.008234782807603449, 0.003836112739091043, 0.006848858999115362
2018-06-11, 0.13366761639060032, 0.48209606986899556, 0.1473153711959685, 0.1418184620918223, 0.27368517082516103, 0.0055061025970450555, 0.008234782807603449, 0.003836112739091043, 0.006848858999115362
2018-06-11, 0.13366761639060032, 0.48209606986899556, 0.1473153711959685, 0.1418184620918223, 0.27368517082516103, 0.0055061025970450555, 0.008234782807603449, 0.003836112739091043, 0.006848858999115362
2018-06-11, 0.13366761639060032, 0.48209606986899556, 0.1473153711959685, 0.1418184620918223, 0.27368517082516103, 0.0055061025970450555, 0.008234782807603449, 0.003836112739091043, 0.006848858999115362
2018-06-11, 0.08224322249348583, 0.1467248908296942, 0.023260321767784645, 0.36379518536597916, 0.07115814441454224, 0.013765256492612642, 0.009607246608870692, 0.010229633970909487, 0.019405100497493513
2018-06-11, 0.09408606661064453, 0.2724890829694323, 0.007753440589261662, 0.410040336048095, 0.016421110249509784, 0.011012205194090111, 0.009607246608870692, 0.007672225478182115, 0.017692885747714673
2018-06-11, 0.29299610039417, 1.1109170305676856, 0.20158945532079875, 0.2281427433651055, 0.7745290334352054, 0.008259153895567587, 0.0027449276025344853, 0.011508338217273158, 0.006278120749189069
2018-06-11, 0.1738003105289534, 0.7545851528384279, 0.16282225237449113, 0.03083010045474387, 0.4296857181955028, 0.0, 0.006862319006336205, 0.004475464862272886, 0.0011414764998525604
2018-05-12, 0.11539322022297115, 0.29344978165938856, 0.054274084124830604, 0.5056136474578015, 0.016421110249509298, 0.01376525649261265, 0.005489855205068963, 0.009590281847727644, 0.024541744746830022
2018-05-12, 0.157076688062912, 0.6917030567685589, 0.1473153711959685, 0.1788145826375151, 0.22442184007663193, 0.0027530512985225316, 0.00411739140380172, 0.0006393521231818429, 0.006848858999115362
2018-05-12, 0.157076688062912, 0.6917030567685589, 0.1473153711959685, 0.1788145826375151, 0.22442184007663193, 0.0027530512985225316, 0.00411739140380172, 0.0006393521231818429, 0.006848858999115362
2018-05-12, 0.157076688062912, 0.6917030567685589, 0.1473153711959685, 0.1788145826375151, 0.22442184007663193, 0.0027530512985225316, 0.00411739140380172, 0.0006393521231818429, 0.006848858999115362
2018-05-12, 0.157076688062912, 0.6917030567685589, 0.1473153711959685, 0.1788145826375151, 0.22442184007663193, 0.0027530512985225316, 0.00411739140380172, 0.0006393521231818429, 0.006848858999115362
2018-05-12, 0.157076688062912, 0.6917030567685589, 0.1473153711959685, 0.1788145826375151, 0.22442184007663193, 0.0027530512985225316, 0.00411739140380172, 0.0006393521231818429, 0.006848858999115362
2018-05-12, 0.157076688062912, 0.6917030567685589, 0.1473153711959685, 0.1788145826375151, 0.22442184007663193, 0.0027530512985225316, 0.00411739140380172, 0.0006393521231818429, 0.006848858999115362
2018-05-12, 0.157076688062912, 0.6917030567685589, 0.1473153711959685, 0.1788145826375151, 0.22442184007663193, 0.0027530512985225316, 0.00411739140380172, 0.0006393521231818429, 0.006848858999115362
2018-05-12, 0.157076688062912, 0.6917030567685589, 0.1473153711959685, 0.1788145826375151, 0.22442184007663193, 0.0027530512985225316, 0.00411739140380172, 0.0006393521231818429, 0.006848858999115362
2018-05-12, 0.157076688062912, 0.6917030567685589, 0.1473153711959685, 0.1788145826375151, 0.22442184007663193, 0.0027530512985225316, 0.00411739140380172, 0.0006393521231818429, 0.006848858999115362
2018-05-12, 0.157076688062912, 0.6917030567685589, 0.1473153711959685, 0.1788145826375151, 0.22442184007663193, 0.0027530512985225316, 0.00411739140380172, 0.0006393521231818429, 0.006848858999115362
2018-05-12, 0.1255692062105759, 0.33537117903930125, 0.0775344058926149, 0.4778665570485319, 0.0684212927062902, 0.011012205194090118, 0.005489855205068963, 0.008311577601363957, 0.020546576997346074
2018-05-12, 0.11736624585907339, 0.2724890829694322, 0.10079472766039956, 0.43470441641189017, 0.0793686995392964, 0.011012205194090118, 0.006862319006336205, 0.010868986094091329, 0.022829529997051193
2018-05-12, 0.10137312895190836, 0.29344978165938856, 0.054274084124830604, 0.410040336048095, 0.005473703416503586, 0.008259153895567587, 0.006862319006336205, 0.011508338217273172, 0.021117315247272353
2018-05-12, 0.10495862955836673, 0.3144104803493449, 0.10079472766039956, 0.37304421550240213, 0.002736851708252036, 0.008259153895567587, 0.006862319006336205, 0.009590281847727644, 0.023971006496903743
2018-04-12, 0.12465703190572495, 0.2724890829694324, 0.28687730180267496, 0.3113840145929144, 0.08757925466405153, 0.008259153895567587, 0.002744927602534478, 0.010229633970909487, 0.017692885747714673
2018-04-12, 0.13568936359879732, 0.46113537117903936, 0.2636169800348903, 0.052411170773064744, 0.2928431327829221, 0.005506102597045063, 0.0013724638012672426, 0.0006393521231818429, 0.00799033549896791
2018-04-12, 0.13568936359879732, 0.46113537117903936, 0.2636169800348903, 0.052411170773064744, 0.2928431327829221, 0.005506102597045063, 0.0013724638012672426, 0.0006393521231818429, 0.00799033549896791
2018-04-12, 0.13568936359879732, 0.46113537117903936, 0.2636169800348903, 0.052411170773064744, 0.2928431327829221, 0.005506102597045063, 0.0013724638012672426, 0.0006393521231818429, 0.00799033549896791
2018-04-12, 0.13568936359879732, 0.46113537117903936, 0.2636169800348903, 0.052411170773064744, 0.2928431327829221, 0.005506102597045063, 0.0013724638012672426, 0.0006393521231818429, 0.00799033549896791
2018-04-12, 0.13568936359879732, 0.46113537117903936, 0.2636169800348903, 0.052411170773064744, 0.2928431327829221, 0.005506102597045063, 0.0013724638012672426, 0.0006393521231818429, 0.00799033549896791
2018-04-12, 0.13568936359879732, 0.46113537117903936, 0.2636169800348903, 0.052411170773064744, 0.2928431327829221, 0.005506102597045063, 0.0013724638012672426, 0.0006393521231818429, 0.00799033549896791
2018-04-12, 0.13568936359879732, 0.46113537117903936, 0.2636169800348903, 0.052411170773064744, 0.2928431327829221, 0.005506102597045063, 0.0013724638012672426, 0.0006393521231818429, 0.00799033549896791
2018-04-12, 0.13568936359879732, 0.46113537117903936, 0.2636169800348903, 0.052411170773064744, 0.2928431327829221, 0.005506102597045063, 0.0013724638012672426, 0.0006393521231818429, 0.00799033549896791
2018-04-12, 0.13568936359879732, 0.46113537117903936, 0.2636169800348903, 0.052411170773064744, 0.2928431327829221, 0.005506102597045063, 0.0013724638012672426, 0.0006393521231818429, 0.00799033549896791
2018-04-12, 0.13568936359879732, 0.46113537117903936, 0.2636169800348903, 0.052411170773064744, 0.2928431327829221, 0.005506102597045063, 0.0013724638012672426, 0.0006393521231818429, 0.00799033549896791
2018-04-12, 0.10714628603864172, 0.2724890829694324, 0.22484977708858306, 0.3144670246383887, 0.005473703416503099, 0.008259153895567587, 0.005489855205068963, 0.009590281847727644, 0.016551409247862112
2018-04-12, 0.10831803093511123, 0.18864628820960702, 0.24811009885636737, 0.32988207486576065, 0.06294758928978711, 0.011012205194090118, 0.005489855205068963, 0.0044754648622729, 0.015980670997935834
2018-04-12, 0.1323198258543728, 0.3144104803493451, 0.255863539445629, 0.4377874264573645, 0.013684258541258236, 0.005506102597045063, 0.002744927602534478, 0.010868986094091329, 0.017692885747714673
2018-04-12, 0.23473353759273471, 0.817467248908297, 0.4264392324093818, 0.07707525113685995, 0.5446334899420701, 0.002753051298522524, 0.0013724638012672426, 0.0012787042463636858, 0.006848858999115362
2018-03-13, 0.06799529567981227, 0.06288209606986893, 0.05427408412483043, 0.2743878940472213, 0.11494777174656752, 0.008259153895567587, 0.005489855205068963, 0.008311577601363944, 0.015409932748009551
2018-03-13, 0.12329060267624549, 0.37729257641921393, 0.12405504942818368, 0.08324127122780889, 0.3831592391552252, 0.0, 0.008234782807603449, 0.0006393521231818429, 0.009702550248746764
2018-03-13, 0.12329060267624549, 0.37729257641921393, 0.12405504942818368, 0.08324127122780889, 0.3831592391552252, 0.0, 0.008234782807603449, 0.0006393521231818429, 0.009702550248746764
2018-03-13, 0.12329060267624549, 0.37729257641921393, 0.12405504942818368, 0.08324127122780889, 0.3831592391552252, 0.0, 0.008234782807603449, 0.0006393521231818429, 0.009702550248746764
2018-03-13, 0.12329060267624549, 0.37729257641921393, 0.12405504942818368, 0.08324127122780889, 0.3831592391552252, 0.0, 0.008234782807603449, 0.0006393521231818429, 0.009702550248746764
2018-03-13, 0.12329060267624549, 0.37729257641921393, 0.12405504942818368, 0.08324127122780889, 0.3831592391552252, 0.0, 0.008234782807603449, 0.0006393521231818429, 0.009702550248746764
2018-03-13, 0.12329060267624549, 0.37729257641921393, 0.12405504942818368, 0.08324127122780889, 0.3831592391552252, 0.0, 0.008234782807603449, 0.0006393521231818429, 0.009702550248746764
2018-03-13, 0.12329060267624549, 0.37729257641921393, 0.12405504942818368, 0.08324127122780889, 0.3831592391552252, 0.0, 0.008234782807603449, 0.0006393521231818429, 0.009702550248746764
2018-03-13, 0.12329060267624549, 0.37729257641921393, 0.12405504942818368, 0.08324127122780889, 0.3831592391552252, 0.0, 0.008234782807603449, 0.0006393521231818429, 0.009702550248746764
2018-03-13, 0.12329060267624549, 0.37729257641921393, 0.12405504942818368, 0.08324127122780889, 0.3831592391552252, 0.0, 0.008234782807603449, 0.0006393521231818429, 0.009702550248746764
2018-03-13, 0.12329060267624549, 0.37729257641921393, 0.12405504942818368, 0.08324127122780889, 0.3831592391552252, 0.0, 0.008234782807603449, 0.0006393521231818429, 0.009702550248746764
2018-03-13, 0.07690104999381188, 0.08384279475982528, 0.09304128707113789, 0.30521799450196546, 0.10947406833006443, 0.008259153895567587, 0.00411739140380172, 0.003836112739091043, 0.007419597249041642
2018-03-13, 0.08385767848515575, 0.1467248908296942, 0.09304128707113789, 0.19731264291036138, 0.19705332299411596, 0.0055061025970450555, 0.006862319006336205, 0.008950929724545786, 0.015409932748009551
2018-03-13, 0.09040650246076927, 0.1886462882096069, 0.12405504942818368, 0.21889371322868226, 0.15600054737034175, 0.0055061025970450555, 0.006862319006336205, 0.009590281847727629, 0.013697717998230712
2018-03-13, 0.1053223196978925, 0.20960698689956325, 0.15506881178522963, 0.2743878940472213, 0.16694795420334843, 0.0055061025970450555, 0.005489855205068963, 0.009590281847727629, 0.015980670997935834
2018-02-11, 0.08142769289065614, 0.04192139737991258, 0.20934289591006008, 0.22505973331963092, 0.12042147516307111, 0.011012205194090118, 0.005489855205068963, 0.015344450956364216, 0.022829529997051193
2018-02-11, 0.1460590106319573, 0.37729257641921393, 0.31789106415972096, 0.024664080363795207, 0.4214751630707479, 0.0027530512985225316, 0.006862319006336205, 0.003836112739091043, 0.013697717998230712
2018-02-11, 0.1460590106319573, 0.37729257641921393, 0.31789106415972096, 0.024664080363795207, 0.4214751630707479, 0.0027530512985225316, 0.006862319006336205, 0.003836112739091043, 0.013697717998230712
2018-02-11, 0.1460590106319573, 0.37729257641921393, 0.31789106415972096, 0.024664080363795207, 0.4214751630707479, 0.0027530512985225316, 0.006862319006336205, 0.003836112739091043, 0.013697717998230712
2018-02-11, 0.1460590106319573, 0.37729257641921393, 0.31789106415972096, 0.024664080363795207, 0.4214751630707479, 0.0027530512985225316, 0.006862319006336205, 0.003836112739091043, 0.013697717998230712
2018-02-11, 0.1460590106319573, 0.37729257641921393, 0.31789106415972096, 0.024664080363795207, 0.4214751630707479, 0.0027530512985225316, 0.006862319006336205, 0.003836112739091043, 0.013697717998230712
2018-02-11, 0.1460590106319573, 0.37729257641921393, 0.31789106415972096, 0.024664080363795207, 0.4214751630707479, 0.0027530512985225316, 0.006862319006336205, 0.003836112739091043, 0.013697717998230712
2018-02-11, 0.1460590106319573, 0.37729257641921393, 0.31789106415972096, 0.024664080363795207, 0.4214751630707479, 0.0027530512985225316, 0.006862319006336205, 0.003836112739091043, 0.013697717998230712
2018-02-11, 0.1460590106319573, 0.37729257641921393, 0.31789106415972096, 0.024664080363795207, 0.4214751630707479, 0.0027530512985225316, 0.006862319006336205, 0.003836112739091043, 0.013697717998230712
2018-02-11, 0.1460590106319573, 0.37729257641921393, 0.31789106415972096, 0.024664080363795207, 0.4214751630707479, 0.0027530512985225316, 0.006862319006336205, 0.003836112739091043, 0.013697717998230712
2018-02-11, 0.1460590106319573, 0.37729257641921393, 0.31789106415972096, 0.024664080363795207, 0.4214751630707479, 0.0027530512985225316, 0.006862319006336205, 0.003836112739091043, 0.013697717998230712
2018-02-11, 0.07949481145831053, 0.0, 0.20934289591006008, 0.26513886391079833, 0.11768462345481907, 0.008259153895567587, 0.00411739140380172, 0.010868986094091315, 0.020546576997346074
2018-02-11, 0.09543115146087487, 0.0419213973799127, 0.20158945532079858, 0.45320247668473645, 0.021894813666012883, 0.013765256492612642, 0.0013724638012672426, 0.010868986094091315, 0.018834362247567234
2018-02-11, 0.35661007517153037, 0.7965065502183405, 0.44194611358790464, 0.4932816072759037, 1.0947406833006434, 0.008259153895567587, 0.009607246608870692, 0.005114816985454743, 0.003424429499557681
2018-02-11, 0.21956782131599895, 0.48209606986899545, 0.3799185888738127, 0.19731264291036138, 0.6787392236463989, 0.0027530512985225316, 0.008234782807603449, 0.0006393521231818429, 0.006848858999115362
2018-01-12, 0.1476136152214226, 0.10480349344978168, 0.05427408412483043, 0.37304421550240213, 0.6075810792318572, 0.008259153895567587, 0.0, 0.01981991581863711, 0.013126979748304431
2018-01-12, 0.10360340671071347, 0.12576419213973797, 0.13956193060670666, 0.15106749222824556, 0.3831592391552252, 0.0055061025970450555, 0.0, 0.014065746710000536, 0.00970255024874675
2018-01-12, 0.10360340671071347, 0.12576419213973797, 0.13956193060670666, 0.15106749222824556, 0.3831592391552252, 0.0055061025970450555, 0.0, 0.014065746710000536, 0.00970255024874675
2018-01-12, 0.10360340671071347, 0.12576419213973797, 0.13956193060670666, 0.15106749222824556, 0.3831592391552252, 0.0055061025970450555, 0.0, 0.014065746710000536, 0.00970255024874675
2018-01-12, 0.10360340671071347, 0.12576419213973797, 0.13956193060670666, 0.15106749222824556, 0.3831592391552252, 0.0055061025970450555, 0.0, 0.014065746710000536, 0.00970255024874675
2018-01-12, 0.10360340671071347, 0.12576419213973797, 0.13956193060670666, 0.15106749222824556, 0.3831592391552252, 0.0055061025970450555, 0.0, 0.014065746710000536, 0.00970255024874675
2018-01-12, 0.10360340671071347, 0.12576419213973797, 0.13956193060670666, 0.15106749222824556, 0.3831592391552252, 0.0055061025970450555, 0.0, 0.014065746710000536, 0.00970255024874675
2018-01-12, 0.10360340671071347, 0.12576419213973797, 0.13956193060670666, 0.15106749222824556, 0.3831592391552252, 0.0055061025970450555, 0.0, 0.014065746710000536, 0.00970255024874675
2018-01-12, 0.10360340671071347, 0.12576419213973797, 0.13956193060670666, 0.15106749222824556, 0.3831592391552252, 0.0055061025970450555, 0.0, 0.014065746710000536, 0.00970255024874675
2018-01-12, 0.10360340671071347, 0.12576419213973797, 0.13956193060670666, 0.15106749222824556, 0.3831592391552252, 0.0055061025970450555, 0.0, 0.014065746710000536, 0.00970255024874675
2018-01-12, 0.10360340671071347, 0.12576419213973797, 0.13956193060670666, 0.15106749222824556, 0.3831592391552252, 0.0055061025970450555, 0.0, 0.014065746710000536, 0.00970255024874675
2018-01-12, 0.11493991095176778, 0.10480349344978163, 0.13180849001744516, 0.17573157259204078, 0.4789490489440314, 0.0055061025970450555, 0.0013724638012672426, 0.012787042463636851, 0.00856107374889419
2018-01-12, 0.0797707776826189, 0.12576419213973797, 0.1085481682496607, 0.021581070318320874, 0.36126442548921234, 0.0, 0.0013724638012672426, 0.012787042463636851, 0.00684885899911535
2018-01-12, 0.09319153846224032, 0.3144104803493449, 0.16282225237449113, 0.1541505022737199, 0.09852666149705798, 0.0, 0.0027449276025344853, 0.00831157760136395, 0.0045659059994102285
2018-01-12, 0.1491960702098524, 0.4192139737991266, 0.15506881178522963, 0.36687819541145333, 0.2381060986178898, 0.0055061025970450555, 0.0027449276025344853, 0.0031967606159092076, 0.002853691249631401
2017-12-13, 0.0880618244926254, 0.251528384279476, 0.07753440589261473, 0.05857719086401368, 0.29831683619942523, 0.005506102597045063, 0.009607246608870692, 0.0, 0.003424429499557681
2017-12-13, 0.1066248222874227, 0.251528384279476, 0.07753440589261473, 0.12948642190992468, 0.3776855357387219, 0.0027530512985225316, 0.008234782807603449, 0.0006393521231818287, 0.005136644249336521
2017-12-13, 0.1066248222874227, 0.251528384279476, 0.07753440589261473, 0.12948642190992468, 0.3776855357387219, 0.0027530512985225316, 0.008234782807603449, 0.0006393521231818287, 0.005136644249336521
2017-12-13, 0.1066248222874227, 0.251528384279476, 0.07753440589261473, 0.12948642190992468, 0.3776855357387219, 0.0027530512985225316, 0.008234782807603449, 0.0006393521231818287, 0.005136644249336521
2017-12-13, 0.1066248222874227, 0.251528384279476, 0.07753440589261473, 0.12948642190992468, 0.3776855357387219, 0.0027530512985225316, 0.008234782807603449, 0.0006393521231818287, 0.005136644249336521
2017-12-13, 0.1066248222874227, 0.251528384279476, 0.07753440589261473, 0.12948642190992468, 0.3776855357387219, 0.0027530512985225316, 0.008234782807603449, 0.0006393521231818287, 0.005136644249336521
2017-12-13, 0.1066248222874227, 0.251528384279476, 0.07753440589261473, 0.12948642190992468, 0.3776855357387219, 0.0027530512985225316, 0.008234782807603449, 0.0006393521231818287, 0.005136644249336521
2017-12-13, 0.1066248222874227, 0.251528384279476, 0.07753440589261473, 0.12948642190992468, 0.3776855357387219, 0.0027530512985225316, 0.008234782807603449, 0.0006393521231818287, 0.005136644249336521
2017-12-13, 0.1066248222874227, 0.251528384279476, 0.07753440589261473, 0.12948642190992468, 0.3776855357387219, 0.0027530512985225316, 0.008234782807603449, 0.0006393521231818287, 0.005136644249336521
2017-12-13, 0.1066248222874227, 0.251528384279476, 0.07753440589261473, 0.12948642190992468, 0.3776855357387219, 0.0027530512985225316, 0.008234782807603449, 0.0006393521231818287, 0.005136644249336521
2017-12-13, 0.1066248222874227, 0.251528384279476, 0.07753440589261473, 0.12948642190992468, 0.3776855357387219, 0.0027530512985225316, 0.008234782807603449, 0.0006393521231818287, 0.005136644249336521
2017-12-13, 0.0736483175191951, 0.27248908296943225, 0.03876720294630728, 0.05549418081853921, 0.20526387811887062, 0.0027530512985225316, 0.006862319006336205, 0.0012787042463636715, 0.006278120749189082
2017-12-13, 0.08998692395245544, 0.2934497816593886, 0.06978096530335325, 0.03083010045474401, 0.31473794644893477, 0.0027530512985225316, 0.005489855205068971, 0.0, 0.002853691249631401
2017-12-13, 0.12505287357324732, 0.04192139737991264, 0.0232603217677843, 0.3267990648202861, 0.5665283036080827, 0.01376525649261265, 0.010979710410137934, 0.005754169108636572, 0.011414764998525591
2017-12-13, 0.13253254239602108, 0.4820960698689956, 0.06978096530335325, 0.3391311050021838, 0.15052684395383853, 0.002753051298522524, 0.006862319006336205, 0.005114816985454743, 0.003995167749483961
2017-11-13, 0.06598233263767143, 0.16768558951965068, 0.031013762357045963, 0.0030830100454743324, 0.30652739132418017, 0.002753051298522524, 0.008234782807603449, 0.0, 0.008561073748894203
2017-11-13, 0.09478862787831764, 0.18864628820960702, 0.0775344058926149, 0.08940729131875755, 0.3776855357387219, 0.0, 0.006862319006336213, 0.004475464862272886, 0.013697717998230712
2017-11-13, 0.09478862787831764, 0.18864628820960702, 0.0775344058926149, 0.08940729131875755, 0.3776855357387219, 0.0, 0.006862319006336213, 0.004475464862272886, 0.013697717998230712
2017-11-13, 0.09478862787831764, 0.18864628820960702, 0.0775344058926149, 0.08940729131875755, 0.3776855357387219, 0.0, 0.006862319006336213, 0.004475464862272886, 0.013697717998230712
2017-11-13, 0.09478862787831764, 0.18864628820960702, 0.0775344058926149, 0.08940729131875755, 0.3776855357387219, 0.0, 0.006862319006336213, 0.004475464862272886, 0.013697717998230712
2017-11-13, 0.09478862787831764, 0.18864628820960702, 0.0775344058926149, 0.08940729131875755, 0.3776855357387219, 0.0, 0.006862319006336213, 0.004475464862272886, 0.013697717998230712
2017-11-13, 0.09478862787831764, 0.18864628820960702, 0.0775344058926149, 0.08940729131875755, 0.3776855357387219, 0.0, 0.006862319006336213, 0.004475464862272886, 0.013697717998230712
2017-11-13, 0.09478862787831764, 0.18864628820960702, 0.0775344058926149, 0.08940729131875755, 0.3776855357387219, 0.0, 0.006862319006336213, 0.004475464862272886, 0.013697717998230712
2017-11-13, 0.09478862787831764, 0.18864628820960702, 0.0775344058926149, 0.08940729131875755, 0.3776855357387219, 0.0, 0.006862319006336213, 0.004475464862272886, 0.013697717998230712
2017-11-13, 0.09478862787831764, 0.18864628820960702, 0.0775344058926149, 0.08940729131875755, 0.3776855357387219, 0.0, 0.006862319006336213, 0.004475464862272886, 0.013697717998230712
2017-11-13, 0.09478862787831764, 0.18864628820960702, 0.0775344058926149, 0.08940729131875755, 0.3776855357387219, 0.0, 0.006862319006336213, 0.004475464862272886, 0.013697717998230712
2017-11-13, 0.06759282101192643, 0.14672489082969434, 0.015506881178522981, 0.08940729131875755, 0.26273776399215437, 0.0055061025970450555, 0.008234782807603449, 0.0006393521231818287, 0.011985503248451884
2017-11-13, 0.07760925845951051, 0.25152838427947594, 0.05427408412483043, 0.12948642190992482, 0.16968480591159973, 0.0, 0.005489855205068971, 0.0012787042463636715, 0.009131811998820483
2017-11-13, 0.06924383276826322, 0.2724890829694323, 0.03876720294630745, 0.2219767232741567, 0.0027368517082515496, 0.0, 0.006862319006336213, 0.0025574084927273717, 0.008561073748894203
2017-11-13, 0.08890936917432947, 0.33537117903930125, 0.046520643535568944, 0.26513886391079833, 0.04652647904027744, 0.0027530512985225316, 0.005489855205068971, 0.0031967606159092146, 0.006278120749189082
2017-10-14, 0.09375890207680386, 0.10480349344978163, 0.062027524714091925, 0.08940729131875742, 0.47621219723577984, 0.0027530512985225316, 0.002744927602534478, 0.0012787042463636715, 0.01084402674859931
2017-10-14, 0.09008467335331907, 0.06288209606986893, 0.06978096530335341, 0.14181846209182217, 0.41052775623774124, 0.005506102597045063, 0.0013724638012672426, 0.0076722254781821, 0.021117315247272343
2017-10-14, 0.09008467335331907, 0.06288209606986893, 0.06978096530335341, 0.14181846209182217, 0.41052775623774124, 0.005506102597045063, 0.0013724638012672426, 0.0076722254781821, 0.021117315247272343
2017-10-14, 0.09008467335331907, 0.06288209606986893, 0.06978096530335341, 0.14181846209182217, 0.41052775623774124, 0.005506102597045063, 0.0013724638012672426, 0.0076722254781821, 0.021117315247272343
2017-10-14, 0.09008467335331907, 0.06288209606986893, 0.06978096530335341, 0.14181846209182217, 0.41052775623774124, 0.005506102597045063, 0.0013724638012672426, 0.0076722254781821, 0.021117315247272343
2017-10-14, 0.09008467335331907, 0.06288209606986893, 0.06978096530335341, 0.14181846209182217, 0.41052775623774124, 0.005506102597045063, 0.0013724638012672426, 0.0076722254781821, 0.021117315247272343
2017-10-14, 0.09008467335331907, 0.06288209606986893, 0.06978096530335341, 0.14181846209182217, 0.41052775623774124, 0.005506102597045063, 0.0013724638012672426, 0.0076722254781821, 0.021117315247272343
2017-10-14, 0.09008467335331907, 0.06288209606986893, 0.06978096530335341, 0.14181846209182217, 0.41052775623774124, 0.005506102597045063, 0.0013724638012672426, 0.0076722254781821, 0.021117315247272343
2017-10-14, 0.09008467335331907, 0.06288209606986893, 0.06978096530335341, 0.14181846209182217, 0.41052775623774124, 0.005506102597045063, 0.0013724638012672426, 0.0076722254781821, 0.021117315247272343
2017-10-14, 0.09008467335331907, 0.06288209606986893, 0.06978096530335341, 0.14181846209182217, 0.41052775623774124, 0.005506102597045063, 0.0013724638012672426, 0.0076722254781821, 0.021117315247272343
2017-10-14, 0.09008467335331907, 0.06288209606986893, 0.06978096530335341, 0.14181846209182217, 0.41052775623774124, 0.005506102597045063, 0.0013724638012672426, 0.0076722254781821, 0.021117315247272343
2017-10-14, 0.09012001113859996, 0.04192139737991258, 0.0775344058926149, 0.15415050227371976, 0.42147516307074767, 0.005506102597045063, 0.00411739140380172, 0.0025574084927273573, 0.013697717998230712
2017-10-14, 0.18828647216895583, 0.23056768558951968, 0.06978096530335341, 0.45320247668473657, 0.7115814441454182, 0.011012205194090118, 0.005489855205068963, 0.006393521231818415, 0.018263623997640942
2017-10-14, 0.1392764813258209, 0.4192139737991266, 0.10854816824966086, 0.3545461552295559, 0.21621128495187694, 0.0055061025970450555, 0.0013724638012672426, 0.007672225478182115, 0.0011414764998525476
2017-10-14, 0.07624029936292055, 0.2724890829694323, 0.11630160883892236, 0.1726485625465663, 0.032842220499019324, 0.0, 0.0013724638012672426, 0.0, 0.014268456248156992
2017-09-14, 0.04094192045605705, 0.06288209606986893, 0.023260321767784472, 0.14490147213729676, 0.08484240295579974, 0.0, 0.002744927602534478, 0.0031967606159092146, 0.005707382499262802
2017-09-14, 0.08735930815628581, 0.06288209606986905, 0.03876720294630745, 0.1479844821827711, 0.4269488664872508, 0.0055061025970450555, 0.002744927602534478, 0.0031967606159092003, 0.010844026748599323
2017-09-14, 0.08735930815628581, 0.06288209606986905, 0.03876720294630745, 0.1479844821827711, 0.4269488664872508, 0.0055061025970450555, 0.002744927602534478, 0.0031967606159092003, 0.010844026748599323
2017-09-14, 0.08735930815628581, 0.06288209606986905, 0.03876720294630745, 0.1479844821827711, 0.4269488664872508, 0.0055061025970450555, 0.002744927602534478, 0.0031967606159092003, 0.010844026748599323
2017-09-14, 0.08735930815628581, 0.06288209606986905, 0.03876720294630745, 0.1479844821827711, 0.4269488664872508, 0.0055061025970450555, 0.002744927602534478, 0.0031967606159092003, 0.010844026748599323
2017-09-14, 0.08735930815628581, 0.06288209606986905, 0.03876720294630745, 0.1479844821827711, 0.4269488664872508, 0.0055061025970450555, 0.002744927602534478, 0.0031967606159092003, 0.010844026748599323
2017-09-14, 0.08735930815628581, 0.06288209606986905, 0.03876720294630745, 0.1479844821827711, 0.4269488664872508, 0.0055061025970450555, 0.002744927602534478, 0.0031967606159092003, 0.010844026748599323
2017-09-14, 0.08735930815628581, 0.06288209606986905, 0.03876720294630745, 0.1479844821827711, 0.4269488664872508, 0.0055061025970450555, 0.002744927602534478, 0.0031967606159092003, 0.010844026748599323
2017-09-14, 0.08735930815628581, 0.06288209606986905, 0.03876720294630745, 0.1479844821827711, 0.4269488664872508, 0.0055061025970450555, 0.002744927602534478, 0.0031967606159092003, 0.010844026748599323
2017-09-14, 0.08735930815628581, 0.06288209606986905, 0.03876720294630745, 0.1479844821827711, 0.4269488664872508, 0.0055061025970450555, 0.002744927602534478, 0.0031967606159092003, 0.010844026748599323
2017-09-14, 0.08735930815628581, 0.06288209606986905, 0.03876720294630745, 0.1479844821827711, 0.4269488664872508, 0.0055061025970450555, 0.002744927602534478, 0.0031967606159092003, 0.010844026748599323
2017-09-14, 0.047913448261222936, 0.12576419213973797, 0.023260321767784472, 0.15106749222824556, 0.07115814441454175, 0.0, 0.0013724638012672426, 0.0038361127390910575, 0.006848858999115362
2017-09-14, 0.04309689126546131, 0.08384279475982528, 0.04652064353556877, 0.20347866300131032, 0.0027368517082515496, 0.0, 0.0, 0.0019180563695455287, 0.006278120749189082
2017-09-14, 0.07779791903532957, 0.29344978165938856, 0.09304128707113772, 0.20656167304678477, 0.019157961957761333, 0.0027530512985225316, 0.0, 0.0, 0.007419597249041642
2017-09-14, 0.1974379673467034, 0.2934497816593887, 0.046520643535568944, 0.44087043650283897, 0.7444236646444373, 0.011012205194090111, 0.00411739140380172, 0.013426394586818687, 0.025683221246682594
2017-08-15, 0.11832913320537698, 0.2724890829694322, 0.09304128707113772, 0.2158107031832079, 0.355790722072709, 0.0055061025970450555, 0.0, 0.0, 0.003995167749483961
2017-08-15, 0.0546967844319065, 0.0838427947598254, 0.007753440589261491, 0.15723351231919425, 0.16694795420334818, 0.002753051298522524, 0.0013724638012672426, 0.005114816985454729, 0.01255624149837815
2017-08-15, 0.0546967844319065, 0.0838427947598254, 0.007753440589261491, 0.15723351231919425, 0.16694795420334818, 0.002753051298522524, 0.0013724638012672426, 0.005114816985454729, 0.01255624149837815
2017-08-15, 0.0546967844319065, 0.0838427947598254, 0.007753440589261491, 0.15723351231919425, 0.16694795420334818, 0.002753051298522524, 0.0013724638012672426, 0.005114816985454729, 0.01255624149837815
2017-08-15, 0.0546967844319065, 0.0838427947598254, 0.007753440589261491, 0.15723351231919425, 0.16694795420334818, 0.002753051298522524, 0.0013724638012672426, 0.005114816985454729, 0.01255624149837815
2017-08-15, 0.0546967844319065, 0.0838427947598254, 0.007753440589261491, 0.15723351231919425, 0.16694795420334818, 0.002753051298522524, 0.0013724638012672426, 0.005114816985454729, 0.01255624149837815
2017-08-15, 0.0546967844319065, 0.0838427947598254, 0.007753440589261491, 0.15723351231919425, 0.16694795420334818, 0.002753051298522524, 0.0013724638012672426, 0.005114816985454729, 0.01255624149837815
2017-08-15, 0.0546967844319065, 0.0838427947598254, 0.007753440589261491, 0.15723351231919425, 0.16694795420334818, 0.002753051298522524, 0.0013724638012672426, 0.005114816985454729, 0.01255624149837815
2017-08-15, 0.0546967844319065, 0.0838427947598254, 0.007753440589261491, 0.15723351231919425, 0.16694795420334818, 0.002753051298522524, 0.0013724638012672426, 0.005114816985454729, 0.01255624149837815
2017-08-15, 0.0546967844319065, 0.0838427947598254, 0.007753440589261491, 0.15723351231919425, 0.16694795420334818, 0.002753051298522524, 0.0013724638012672426, 0.005114816985454729, 0.01255624149837815
2017-08-15, 0.0546967844319065, 0.0838427947598254, 0.007753440589261491, 0.15723351231919425, 0.16694795420334818, 0.002753051298522524, 0.0013724638012672426, 0.005114816985454729, 0.01255624149837815
2017-08-15, 0.05031701820100375, 0.02096069868995635, 0.03876720294630728, 0.18806361277393838, 0.1368425854125804, 0.0, 0.0013724638012672426, 0.005114816985454729, 0.011414764998525591
2017-08-15, 0.16539070363054373, 0.314410480349345, 0.007753440589261491, 0.5364437479125453, 0.4242120147789992, 0.005506102597045063, 0.0027449276025344853, 0.011508338217273158, 0.020546576997346074
2017-08-15, 0.16927696032359962, 0.35633187772925756, 0.07753440589261473, 0.3514631451840814, 0.5555808967750764, 0.008259153895567587, 0.0, 0.0044754648622729, 0.0005707382499262802
2017-08-15, 0.0880058535824951, 0.0838427947598254, 0.04652064353556877, 0.3083010045474398, 0.23810609861788992, 0.0027530512985225316, 0.0013724638012672426, 0.008311577601363944, 0.014839194498083273
2017-07-16, 0.08589209809811567, 0.12576419213973797, 0.007753440589261491, 0.39462528582072287, 0.13410573370432885, 0.0, 0.0013724638012672426, 0.006393521231818415, 0.01712214749778838
2017-07-16, 0.05793412197573168, 0.10480349344978163, 0.0, 0.3144670246383886, 0.024631665374264432, 0.0, 0.002744927602534478, 0.0025574084927273573, 0.014268456248156992
2017-07-16, 0.05793412197573168, 0.10480349344978163, 0.0, 0.3144670246383886, 0.024631665374264432, 0.0, 0.002744927602534478, 0.0025574084927273573, 0.014268456248156992
2017-07-16, 0.05793412197573168, 0.10480349344978163, 0.0, 0.3144670246383886, 0.024631665374264432, 0.0, 0.002744927602534478, 0.0025574084927273573, 0.014268456248156992
2017-07-16, 0.05793412197573168, 0.10480349344978163, 0.0, 0.3144670246383886, 0.024631665374264432, 0.0, 0.002744927602534478, 0.0025574084927273573, 0.014268456248156992
2017-07-16, 0.05793412197573168, 0.10480349344978163, 0.0, 0.3144670246383886, 0.024631665374264432, 0.0, 0.002744927602534478, 0.0025574084927273573, 0.014268456248156992
2017-07-16, 0.05793412197573168, 0.10480349344978163, 0.0, 0.3144670246383886, 0.024631665374264432, 0.0, 0.002744927602534478, 0.0025574084927273573, 0.014268456248156992
2017-07-16, 0.05793412197573168, 0.10480349344978163, 0.0, 0.3144670246383886, 0.024631665374264432, 0.0, 0.002744927602534478, 0.0025574084927273573, 0.014268456248156992
2017-07-16, 0.05793412197573168, 0.10480349344978163, 0.0, 0.3144670246383886, 0.024631665374264432, 0.0, 0.002744927602534478, 0.0025574084927273573, 0.014268456248156992
2017-07-16, 0.05793412197573168, 0.10480349344978163, 0.0, 0.3144670246383886, 0.024631665374264432, 0.0, 0.002744927602534478, 0.0025574084927273573, 0.014268456248156992
2017-07-16, 0.05793412197573168, 0.10480349344978163, 0.0, 0.3144670246383886, 0.024631665374264432, 0.0, 0.002744927602534478, 0.0025574084927273573, 0.014268456248156992
2017-07-16, 0.1207728400855197, 0.2724890829694322, 0.054274084124830264, 0.08940729131875742, 0.530949231400812, 0.008259153895567587, 0.0027449276025344853, 0.0006393521231818429, 0.007419597249041629
2017-07-16, 0.06510380212125327, 0.0419213973799127, 0.031013762357045963, 0.35762916527503036, 0.06568444099803865, 0.0027530512985225316, 0.0013724638012672426, 0.004475464862272886, 0.01598067099793582
2017-07-16, 0.18097444596959947, 0.314410480349345, 0.007753440589261491, 0.6628471597769956, 0.41600145965424457, 0.008259153895567587, 0.00411739140380172, 0.012147690340455, 0.0222587917471249
2017-07-16, 0.0743638841352189, 0.14672489082969434, 0.046520643535568944, 0.03699612054569281, 0.342106463531451, 0.0055061025970450555, 0.0013724638012672426, 0.0025574084927273573, 0.013126979748304431
2017-06-16, 0.062152237592671467, 0.02096069868995635, 0.10079472766039921, 0.2281427433651055, 0.11221092003831597, 0.008259153895567587, 0.0, 0.010868986094091315, 0.01598067099793582
2017-06-16, 0.062152237592671467, 0.02096069868995635, 0.10079472766039921, 0.2281427433651055, 0.11221092003831597, 0.008259153895567587, 0.0, 0.010868986094091315, 0.01598067099793582
2017-06-16, 0.062152237592671467, 0.02096069868995635, 0.10079472766039921, 0.2281427433651055, 0.11221092003831597, 0.008259153895567587, 0.0, 0.010868986094091315, 0.01598067099793582
2017-06-16, 0.062152237592671467, 0.02096069868995635, 0.10079472766039921, 0.2281427433651055, 0.11221092003831597, 0.008259153895567587, 0.0, 0.010868986094091315, 0.01598067099793582
2017-06-16, 0.062152237592671467, 0.02096069868995635, 0.10079472766039921, 0.2281427433651055, 0.11221092003831597, 0.008259153895567587, 0.0, 0.010868986094091315, 0.01598067099793582
2017-06-16, 0.062152237592671467, 0.02096069868995635, 0.10079472766039921, 0.2281427433651055, 0.11221092003831597, 0.008259153895567587, 0.0, 0.010868986094091315, 0.01598067099793582
2017-06-16, 0.062152237592671467, 0.02096069868995635, 0.10079472766039921, 0.2281427433651055, 0.11221092003831597, 0.008259153895567587, 0.0, 0.010868986094091315, 0.01598067099793582
2017-06-16, 0.062152237592671467, 0.02096069868995635, 0.10079472766039921, 0.2281427433651055, 0.11221092003831597, 0.008259153895567587, 0.0, 0.010868986094091315, 0.01598067099793582
2017-06-16, 0.062152237592671467, 0.02096069868995635, 0.10079472766039921, 0.2281427433651055, 0.11221092003831597, 0.008259153895567587, 0.0, 0.010868986094091315, 0.01598067099793582
2017-06-16, 0.062152237592671467, 0.02096069868995635, 0.10079472766039921, 0.2281427433651055, 0.11221092003831597, 0.008259153895567587, 0.0, 0.010868986094091315, 0.01598067099793582
2017-06-16, 0.062152237592671467, 0.02096069868995635, 0.10079472766039921, 0.2281427433651055, 0.11221092003831597, 0.008259153895567587, 0.0, 0.010868986094091315, 0.01598067099793582
2017-06-16, 0.15557400186735681, 0.23056768558951973, 0.15506881178522963, 0.5611078282763405, 0.2818957259499157, 0.0027530512985225316, 0.0013724638012672426, 0.0038361127390910575, 0.00799033549896791
2017-06-16, 0.07045149831366519, 0.02096069868995635, 0.1085481682496607, 0.12332040181897604, 0.27642202253341236, 0.008259153895567587, 0.002744927602534478, 0.010229633970909473, 0.013126979748304431
2017-06-16, 0.15736647118772015, 0.3144104803493449, 0.007753440589261491, 0.2497238136834261, 0.6185284860648633, 0.016518307791135174, 0.005489855205068963, 0.01854121157227343, 0.027966174246387702
2017-06-16, 0.06947605019395611, 0.0838427947598254, 0.09304128707113772, 0.3206330447293374, 0.024631665374264432, 0.0055061025970450555, 0.0013724638012672426, 0.010229633970909473, 0.0165514092478621
2017-05-17, 0.07131908080245009, 0.0838427947598254, 0.1085481682496607, 0.17573157259204078, 0.1587373990785933, 0.016518307791135174, 0.002744927602534478, 0.009590281847727629, 0.014839194498083273
2017-05-17, 0.07131908080245009, 0.0838427947598254, 0.1085481682496607, 0.17573157259204078, 0.1587373990785933, 0.016518307791135174, 0.002744927602534478, 0.009590281847727629, 0.014839194498083273
2017-05-17, 0.07131908080245009, 0.0838427947598254, 0.1085481682496607, 0.17573157259204078, 0.1587373990785933, 0.016518307791135174, 0.002744927602534478, 0.009590281847727629, 0.014839194498083273
2017-05-17, 0.07131908080245009, 0.0838427947598254, 0.1085481682496607, 0.17573157259204078, 0.1587373990785933, 0.016518307791135174, 0.002744927602534478, 0.009590281847727629, 0.014839194498083273
2017-05-17, 0.07131908080245009, 0.0838427947598254, 0.1085481682496607, 0.17573157259204078, 0.1587373990785933, 0.016518307791135174, 0.002744927602534478, 0.009590281847727629, 0.014839194498083273
2017-05-17, 0.07131908080245009, 0.0838427947598254, 0.1085481682496607, 0.17573157259204078, 0.1587373990785933, 0.016518307791135174, 0.002744927602534478, 0.009590281847727629, 0.014839194498083273
2017-05-17, 0.07131908080245009, 0.0838427947598254, 0.1085481682496607, 0.17573157259204078, 0.1587373990785933, 0.016518307791135174, 0.002744927602534478, 0.009590281847727629, 0.014839194498083273
2017-05-17, 0.07131908080245009, 0.0838427947598254, 0.1085481682496607, 0.17573157259204078, 0.1587373990785933, 0.016518307791135174, 0.002744927602534478, 0.009590281847727629, 0.014839194498083273
2017-05-17, 0.07131908080245009, 0.0838427947598254, 0.1085481682496607, 0.17573157259204078, 0.1587373990785933, 0.016518307791135174, 0.002744927602534478, 0.009590281847727629, 0.014839194498083273
2017-05-17, 0.07131908080245009, 0.0838427947598254, 0.1085481682496607, 0.17573157259204078, 0.1587373990785933, 0.016518307791135174, 0.002744927602534478, 0.009590281847727629, 0.014839194498083273
2017-05-17, 0.07131908080245009, 0.0838427947598254, 0.1085481682496607, 0.17573157259204078, 0.1587373990785933, 0.016518307791135174, 0.002744927602534478, 0.009590281847727629, 0.014839194498083273
2017-05-17, 0.20944332582056238, 0.4192139737991266, 0.11630160883892218, 0.6474321095496237, 0.47621219723577984, 0.008259153895567587, 0.0, 0.0012787042463636858, 0.00684885899911535
2017-05-17, 0.07455024496093243, 0.0838427947598254, 0.10079472766039921, 0.1788145826375151, 0.18336906445285772, 0.016518307791135174, 0.0013724638012672426, 0.013426394586818687, 0.018263623997640942
2017-05-17, 0.09361140890768424, 0.20960698689956325, 0.007753440589261491, 0.10482234154612949, 0.3503170186562059, 0.02477746168670276, 0.008234782807603449, 0.01598380307954606, 0.027395435996461423
2017-05-17, 0.08887200834218238, 0.08384279475982528, 0.06202752471409175, 0.055494180818539074, 0.44884368015326365, 0.016518307791135174, 0.0013724638012672426, 0.0166231552027279, 0.026253959496608862
2017-04-17, 0.0755834378454465, 0.0419213973799127, 0.09304128707113789, 0.28980294427459324, 0.1532636956620902, 0.008259153895567587, 0.0, 0.006393521231818429, 0.011985503248451872
2017-04-17, 0.0755834378454465, 0.0419213973799127, 0.09304128707113789, 0.28980294427459324, 0.1532636956620902, 0.008259153895567587, 0.0, 0.006393521231818429, 0.011985503248451872
2017-04-17, 0.0755834378454465, 0.0419213973799127, 0.09304128707113789, 0.28980294427459324, 0.1532636956620902, 0.008259153895567587, 0.0, 0.006393521231818429, 0.011985503248451872
2017-04-17, 0.0755834378454465, 0.0419213973799127, 0.09304128707113789, 0.28980294427459324, 0.1532636956620902, 0.008259153895567587, 0.0, 0.006393521231818429, 0.011985503248451872
2017-04-17, 0.0755834378454465, 0.0419213973799127, 0.09304128707113789, 0.28980294427459324, 0.1532636956620902, 0.008259153895567587, 0.0, 0.006393521231818429, 0.011985503248451872
2017-04-17, 0.0755834378454465, 0.0419213973799127, 0.09304128707113789, 0.28980294427459324, 0.1532636956620902, 0.008259153895567587, 0.0, 0.006393521231818429, 0.011985503248451872
2017-04-17, 0.0755834378454465, 0.0419213973799127, 0.09304128707113789, 0.28980294427459324, 0.1532636956620902, 0.008259153895567587, 0.0, 0.006393521231818429, 0.011985503248451872
2017-04-17, 0.0755834378454465, 0.0419213973799127, 0.09304128707113789, 0.28980294427459324, 0.1532636956620902, 0.008259153895567587, 0.0, 0.006393521231818429, 0.011985503248451872
2017-04-17, 0.0755834378454465, 0.0419213973799127, 0.09304128707113789, 0.28980294427459324, 0.1532636956620902, 0.008259153895567587, 0.0, 0.006393521231818429, 0.011985503248451872
2017-04-17, 0.0755834378454465, 0.0419213973799127, 0.09304128707113789, 0.28980294427459324, 0.1532636956620902, 0.008259153895567587, 0.0, 0.006393521231818429, 0.011985503248451872
2017-04-17, 0.0755834378454465, 0.0419213973799127, 0.09304128707113789, 0.28980294427459324, 0.1532636956620902, 0.008259153895567587, 0.0, 0.006393521231818429, 0.011985503248451872
2017-04-17, 0.07996948989191921, 0.23056768558951962, 0.046520643535568944, 0.06474321095496234, 0.2791588742416639, 0.0027530512985225316, 0.00411739140380172, 0.0044754648622729, 0.007419597249041629
2017-04-17, 0.0829930682135892, 0.0, 0.023260321767784472, 0.3206330447293374, 0.2873694293664188, 0.011012205194090118, 0.0013724638012672426, 0.008311577601363944, 0.011985503248451872
2017-04-17, 0.08090484516230194, 0.02096069868995635, 0.015506881178522981, 0.2743878940472213, 0.30105368790767706, 0.011012205194090118, 0.0013724638012672426, 0.006393521231818429, 0.0165514092478621
2017-04-17, 0.17325172887240714, 0.16768558951965068, 0.007753440589261491, 0.6011869588675076, 0.5555808967750765, 0.016518307791135174, 0.0027449276025344853, 0.013426394586818687, 0.021117315247272343
2017-03-18, 0.07328900343715151, 0.0419213973799127, 0.10854816824966086, 0.2373917735015285, 0.18336906445285772, 0.002753051298522524, 0.0, 0.0031967606159092146, 0.009131811998820471
2017-03-18, 0.07328900343715151, 0.0419213973799127, 0.10854816824966086, 0.2373917735015285, 0.18336906445285772, 0.002753051298522524, 0.0, 0.0031967606159092146, 0.009131811998820471
2017-03-18, 0.07328900343715151, 0.0419213973799127, 0.10854816824966086, 0.2373917735015285, 0.18336906445285772, 0.002753051298522524, 0.0, 0.0031967606159092146, 0.009131811998820471
2017-03-18, 0.07328900343715151, 0.0419213973799127, 0.10854816824966086, 0.2373917735015285, 0.18336906445285772, 0.002753051298522524, 0.0, 0.0031967606159092146, 0.009131811998820471
2017-03-18, 0.07328900343715151, 0.0419213973799127, 0.10854816824966086, 0.2373917735015285, 0.18336906445285772, 0.002753051298522524, 0.0, 0.0031967606159092146, 0.009131811998820471
2017-03-18, 0.07328900343715151, 0.0419213973799127, 0.10854816824966086, 0.2373917735015285, 0.18336906445285772, 0.002753051298522524, 0.0, 0.0031967606159092146, 0.009131811998820471
2017-03-18, 0.07328900343715151, 0.0419213973799127, 0.10854816824966086, 0.2373917735015285, 0.18336906445285772, 0.002753051298522524, 0.0, 0.0031967606159092146, 0.009131811998820471
2017-03-18, 0.07328900343715151, 0.0419213973799127, 0.10854816824966086, 0.2373917735015285, 0.18336906445285772, 0.002753051298522524, 0.0, 0.0031967606159092146, 0.009131811998820471
2017-03-18, 0.07328900343715151, 0.0419213973799127, 0.10854816824966086, 0.2373917735015285, 0.18336906445285772, 0.002753051298522524, 0.0, 0.0031967606159092146, 0.009131811998820471
2017-03-18, 0.07328900343715151, 0.0419213973799127, 0.10854816824966086, 0.2373917735015285, 0.18336906445285772, 0.002753051298522524, 0.0, 0.0031967606159092146, 0.009131811998820471
2017-03-18, 0.07328900343715151, 0.0419213973799127, 0.10854816824966086, 0.2373917735015285, 0.18336906445285772, 0.002753051298522524, 0.0, 0.0031967606159092146, 0.009131811998820471
2017-03-18, 0.12454533175455836, 0.314410480349345, 0.06978096530335341, 0.1603165223646687, 0.4378962733202572, 0.005506102597045063, 0.0027449276025344853, 0.0, 0.005707382499262789
2017-03-18, 0.06363508232678289, 0.0, 0.046520643535568944, 0.27747090409269565, 0.16694795420334818, 0.002753051298522524, 0.0, 0.005114816985454743, 0.01027328849867303
2017-03-18, 0.08438375373331335, 0.08384279475982528, 0.03876720294630745, 0.31755003468386306, 0.20526387811887062, 0.0055061025970450555, 0.004117391403801728, 0.005754169108636586, 0.014268456248156992
2017-03-18, 0.17174730663563736, 0.2724890829694323, 0.023260321767784472, 0.5919379287310844, 0.4515805318615154, 0.008259153895567587, 0.006862319006336205, 0.007032873355000258, 0.01255624149837815
2017-02-16, 0.10570910107363594, 0.06288209606986905, 0.12405504942818368, 0.34221411504765814, 0.2873694293664188, 0.008259153895567587, 0.0013724638012672426, 0.006393521231818429, 0.013126979748304431
2017-02-16, 0.09123397426150874, 0.0, 0.11630160883892236, 0.39462528582072287, 0.1970533229941157, 0.008259153895567587, 0.0013724638012672426, 0.0025574084927273717, 0.00970255024874675
2017-02-16, 0.09123397426150874, 0.0, 0.11630160883892236, 0.39462528582072287, 0.1970533229941157, 0.008259153895567587, 0.0013724638012672426, 0.0025574084927273717, 0.00970255024874675
2017-02-16, 0.09123397426150874, 0.0, 0.11630160883892236, 0.39462528582072287, 0.1970533229941157, 0.008259153895567587, 0.0013724638012672426, 0.0025574084927273717, 0.00970255024874675
2017-02-16, 0.09123397426150874, 0.0, 0.11630160883892236, 0.39462528582072287, 0.1970533229941157, 0.008259153895567587, 0.0013724638012672426, 0.0025574084927273717, 0.00970255024874675
2017-02-16, 0.09123397426150874, 0.0, 0.11630160883892236, 0.39462528582072287, 0.1970533229941157, 0.008259153895567587, 0.0013724638012672426, 0.0025574084927273717, 0.00970255024874675
2017-02-16, 0.09123397426150874, 0.0, 0.11630160883892236, 0.39462528582072287, 0.1970533229941157, 0.008259153895567587, 0.0013724638012672426, 0.0025574084927273717, 0.00970255024874675
2017-02-16, 0.09123397426150874, 0.0, 0.11630160883892236, 0.39462528582072287, 0.1970533229941157, 0.008259153895567587, 0.0013724638012672426, 0.0025574084927273717, 0.00970255024874675
2017-02-16, 0.09123397426150874, 0.0, 0.11630160883892236, 0.39462528582072287, 0.1970533229941157, 0.008259153895567587, 0.0013724638012672426, 0.0025574084927273717, 0.00970255024874675
2017-02-16, 0.09123397426150874, 0.0, 0.11630160883892236, 0.39462528582072287, 0.1970533229941157, 0.008259153895567587, 0.0013724638012672426, 0.0025574084927273717, 0.00970255024874675
2017-02-16, 0.09123397426150874, 0.0, 0.11630160883892236, 0.39462528582072287, 0.1970533229941157, 0.008259153895567587, 0.0013724638012672426, 0.0025574084927273717, 0.00970255024874675
2017-02-16, 0.13701126506487085, 0.35633187772925773, 0.10854816824966086, 0.1726485625465663, 0.4378962733202572, 0.0027530512985225316, 0.006862319006336205, 0.0019180563695455287, 0.009131811998820471
2017-02-16, 0.057077123027865294, 0.0419213973799127, 0.05427408412483043, 0.2343087634560543, 0.10126351320530953, 0.0055061025970450555, 0.0027449276025344853, 0.005754169108636586, 0.01084402674859931
2017-02-16, 0.05519020438946048, 0.1257641921397381, 0.11630160883892236, 0.1233204018189759, 0.05747388587328376, 0.0055061025970450555, 0.0027449276025344853, 0.0012787042463636858, 0.009131811998820471
2017-02-16, 0.2094350153375596, 0.2934497816593887, 0.023260321767784472, 0.6443490995041493, 0.6595812616886376, 0.016518307791135174, 0.005489855205068963, 0.013426394586818687, 0.0194051004974935
2017-01-17, 0.07607351759496646, 0.10480349344978152, 0.15506881178522963, 0.027747090409269537, 0.29831683619942523, 0.0027530512985225316, 0.006862319006336205, 0.0044754648622729, 0.00856107374889419
2017-01-17, 0.08740088670072811, 0.06288209606986905, 0.13956193060670682, 0.13256943195539903, 0.33936961182319947, 0.008259153895567587, 0.006862319006336205, 0.0, 0.00970255024874675
2017-01-17, 0.08740088670072811, 0.06288209606986905, 0.13956193060670682, 0.13256943195539903, 0.33936961182319947, 0.008259153895567587, 0.006862319006336205, 0.0, 0.00970255024874675
2017-01-17, 0.08740088670072811, 0.06288209606986905, 0.13956193060670682, 0.13256943195539903, 0.33936961182319947, 0.008259153895567587, 0.006862319006336205, 0.0, 0.00970255024874675
2017-01-17, 0.08740088670072811, 0.06288209606986905, 0.13956193060670682, 0.13256943195539903, 0.33936961182319947, 0.008259153895567587, 0.006862319006336205, 0.0, 0.00970255024874675
2017-01-17, 0.08740088670072811, 0.06288209606986905, 0.13956193060670682, 0.13256943195539903, 0.33936961182319947, 0.008259153895567587, 0.006862319006336205, 0.0, 0.00970255024874675
2017-01-17, 0.08740088670072811, 0.06288209606986905, 0.13956193060670682, 0.13256943195539903, 0.33936961182319947, 0.008259153895567587, 0.006862319006336205, 0.0, 0.00970255024874675
2017-01-17, 0.08740088670072811, 0.06288209606986905, 0.13956193060670682, 0.13256943195539903, 0.33936961182319947, 0.008259153895567587, 0.006862319006336205, 0.0, 0.00970255024874675
2017-01-17, 0.08740088670072811, 0.06288209606986905, 0.13956193060670682, 0.13256943195539903, 0.33936961182319947, 0.008259153895567587, 0.006862319006336205, 0.0, 0.00970255024874675
2017-01-17, 0.08740088670072811, 0.06288209606986905, 0.13956193060670682, 0.13256943195539903, 0.33936961182319947, 0.008259153895567587, 0.006862319006336205, 0.0, 0.00970255024874675
2017-01-17, 0.08740088670072811, 0.06288209606986905, 0.13956193060670682, 0.13256943195539903, 0.33936961182319947, 0.008259153895567587, 0.006862319006336205, 0.0, 0.00970255024874675
2017-01-17, 0.08947258557965837, 0.1886462882096069, 0.20158945532079858, 0.08015826118233456, 0.22442184007663193, 0.0027530512985225316, 0.008234782807603449, 0.0025574084927273717, 0.007419597249041642
2017-01-17, 0.0654854260938458, 0.0838427947598254, 0.14731537119596833, 0.027747090409269537, 0.24357980203439303, 0.0027530512985225316, 0.008234782807603449, 0.0012787042463636858, 0.009131811998820471
2017-01-17, 0.06362493439224932, 0.0, 0.10854816824966086, 0.024664080363795207, 0.34758016694795435, 0.0027530512985225316, 0.010979710410137934, 0.0019180563695455287, 0.01255624149837815
2017-01-17, 0.10147654641212421, 0.0838427947598254, 0.17057569296375263, 0.1264034118644501, 0.41052775623774124, 0.0027530512985225316, 0.008234782807603449, 0.0031967606159092146, 0.006278120749189082
2016-12-18, 0.1131418308967936, 0.314410480349345, 0.08528784648187622, 0.006166020090948665, 0.4707384938192765, 0.002753051298522524, 0.01372463801267242, 0.0006393521231818429, 0.011414764998525591
2016-12-18, 0.10182048781540219, 0.23056768558951962, 0.08528784648187622, 0.015415050227371935, 0.4515805318615154, 0.011012205194090111, 0.008234782807603449, 0.0044754648622729, 0.007990335498967922
2016-12-18, 0.10182048781540219, 0.23056768558951962, 0.08528784648187622, 0.015415050227371935, 0.4515805318615154, 0.011012205194090111, 0.008234782807603449, 0.0044754648622729, 0.007990335498967922
2016-12-18, 0.10182048781540219, 0.23056768558951962, 0.08528784648187622, 0.015415050227371935, 0.4515805318615154, 0.011012205194090111, 0.008234782807603449, 0.0044754648622729, 0.007990335498967922
2016-12-18, 0.10182048781540219, 0.23056768558951962, 0.08528784648187622, 0.015415050227371935, 0.4515805318615154, 0.011012205194090111, 0.008234782807603449, 0.0044754648622729, 0.007990335498967922
2016-12-18, 0.10182048781540219, 0.23056768558951962, 0.08528784648187622, 0.015415050227371935, 0.4515805318615154, 0.011012205194090111, 0.008234782807603449, 0.0044754648622729, 0.007990335498967922
2016-12-18, 0.10182048781540219, 0.23056768558951962, 0.08528784648187622, 0.015415050227371935, 0.4515805318615154, 0.011012205194090111, 0.008234782807603449, 0.0044754648622729, 0.007990335498967922
2016-12-18, 0.10182048781540219, 0.23056768558951962, 0.08528784648187622, 0.015415050227371935, 0.4515805318615154, 0.011012205194090111, 0.008234782807603449, 0.0044754648622729, 0.007990335498967922
2016-12-18, 0.10182048781540219, 0.23056768558951962, 0.08528784648187622, 0.015415050227371935, 0.4515805318615154, 0.011012205194090111, 0.008234782807603449, 0.0044754648622729, 0.007990335498967922
2016-12-18, 0.10182048781540219, 0.23056768558951962, 0.08528784648187622, 0.015415050227371935, 0.4515805318615154, 0.011012205194090111, 0.008234782807603449, 0.0044754648622729, 0.007990335498967922
2016-12-18, 0.10182048781540219, 0.23056768558951962, 0.08528784648187622, 0.015415050227371935, 0.4515805318615154, 0.011012205194090111, 0.008234782807603449, 0.0044754648622729, 0.007990335498967922
2016-12-18, 0.0796174299781569, 0.10480349344978175, 0.0775344058926149, 0.0030830100454743324, 0.4132646079459928, 0.008259153895567587, 0.009607246608870692, 0.0038361127390910575, 0.016551409247862112
2016-12-18, 0.104581982328569, 0.1676855895196508, 0.062027524714091925, 0.06474321095496234, 0.5035807143182959, 0.008259153895567587, 0.009607246608870692, 0.0019180563695455287, 0.018834362247567234
2016-12-18, 0.09206414063553814, 0.14672489082969445, 0.007753440589261319, 0.08632428127328322, 0.46252793869452186, 0.008259153895567587, 0.008234782807603449, 0.0012787042463636858, 0.015409932748009551
2016-12-18, 0.08614908860498251, 0.18864628820960713, 0.0775344058926149, 0.027747090409269537, 0.3585275737809608, 0.011012205194090111, 0.009607246608870692, 0.0012787042463636858, 0.014839194498083273
2016-11-18, 0.0838836016405741, 0.12576419213973786, 0.06978096530335359, 0.03699612054569281, 0.413264607945993, 0.0027530512985225316, 0.010979710410137934, 0.006393521231818415, 0.005136644249336521
2016-11-18, 0.08002443004781334, 0.04192139737991247, 0.0232603217677843, 0.08940729131875755, 0.4597910869862703, 0.0027530512985225316, 0.01372463801267241, 0.0019180563695455287, 0.007419597249041642
2016-11-18, 0.08002443004781334, 0.04192139737991247, 0.0232603217677843, 0.08940729131875755, 0.4597910869862703, 0.0027530512985225316, 0.01372463801267241, 0.0019180563695455287, 0.007419597249041642
2016-11-18, 0.08002443004781334, 0.04192139737991247, 0.0232603217677843, 0.08940729131875755, 0.4597910869862703, 0.0027530512985225316, 0.01372463801267241, 0.0019180563695455287, 0.007419597249041642
2016-11-18, 0.08002443004781334, 0.04192139737991247, 0.0232603217677843, 0.08940729131875755, 0.4597910869862703, 0.0027530512985225316, 0.01372463801267241, 0.0019180563695455287, 0.007419597249041642
2016-11-18, 0.08002443004781334, 0.04192139737991247, 0.0232603217677843, 0.08940729131875755, 0.4597910869862703, 0.0027530512985225316, 0.01372463801267241, 0.0019180563695455287, 0.007419597249041642
2016-11-18, 0.08002443004781334, 0.04192139737991247, 0.0232603217677843, 0.08940729131875755, 0.4597910869862703, 0.0027530512985225316, 0.01372463801267241, 0.0019180563695455287, 0.007419597249041642
2016-11-18, 0.08002443004781334, 0.04192139737991247, 0.0232603217677843, 0.08940729131875755, 0.4597910869862703, 0.0027530512985225316, 0.01372463801267241, 0.0019180563695455287, 0.007419597249041642
2016-11-18, 0.08002443004781334, 0.04192139737991247, 0.0232603217677843, 0.08940729131875755, 0.4597910869862703, 0.0027530512985225316, 0.01372463801267241, 0.0019180563695455287, 0.007419597249041642
2016-11-18, 0.08002443004781334, 0.04192139737991247, 0.0232603217677843, 0.08940729131875755, 0.4597910869862703, 0.0027530512985225316, 0.01372463801267241, 0.0019180563695455287, 0.007419597249041642
2016-11-18, 0.08002443004781334, 0.04192139737991247, 0.0232603217677843, 0.08940729131875755, 0.4597910869862703, 0.0027530512985225316, 0.01372463801267241, 0.0019180563695455287, 0.007419597249041642
2016-11-18, 0.1249111247246368, 0.48209606986899534, 0.023260321767784645, 0.3206330447293374, 0.13136888199607707, 0.013765256492612642, 0.019214493217741383, 0.008950929724545786, 0.0
2016-11-18, 0.063316526108909, 0.16768558951965057, 0.0, 0.049328160727590414, 0.2600009122839028, 0.002753051298522524, 0.015097101813939653, 0.0076722254781821, 0.003995167749483961
2016-11-18, 0.2081928775088168, 0.314410480349345, 0.015506881178522981, 0.4871155871849549, 0.8046344022259726, 0.011012205194090118, 0.005489855205068963, 0.005114816985454743, 0.022258791747124914
2016-11-18, 0.08980433714539665, 0.314410480349345, 0.046520643535568944, 0.08632428127328322, 0.24357980203439328, 0.002753051298522524, 0.015097101813939653, 0.005754169108636572, 0.003995167749483961
2016-10-19, 0.12487742851059168, 0.5659388646288209, 0.06978096530335325, 0.06782622100043668, 0.2736851708251608, 0.002753051298522524, 0.008234782807603449, 0.010229633970909487, 0.0005707382499262802
2016-10-19, 0.1377657008094552, 0.37729257641921404, 0.1240550494281835, 0.11407137168255276, 0.4652647904027734, 0.0027530512985225316, 0.006862319006336205, 0.0038361127390910575, 0.00799033549896791
2016-10-19, 0.1377657008094552, 0.37729257641921404, 0.1240550494281835, 0.11407137168255276, 0.4652647904027734, 0.0027530512985225316, 0.006862319006336205, 0.0038361127390910575, 0.00799033549896791
2016-10-19, 0.1377657008094552, 0.37729257641921404, 0.1240550494281835, 0.11407137168255276, 0.4652647904027734, 0.0027530512985225316, 0.006862319006336205, 0.0038361127390910575, 0.00799033549896791
2016-10-19, 0.1377657008094552, 0.37729257641921404, 0.1240550494281835, 0.11407137168255276, 0.4652647904027734, 0.0027530512985225316, 0.006862319006336205, 0.0038361127390910575, 0.00799033549896791
2016-10-19, 0.1377657008094552, 0.37729257641921404, 0.1240550494281835, 0.11407137168255276, 0.4652647904027734, 0.0027530512985225316, 0.006862319006336205, 0.0038361127390910575, 0.00799033549896791
2016-10-19, 0.1377657008094552, 0.37729257641921404, 0.1240550494281835, 0.11407137168255276, 0.4652647904027734, 0.0027530512985225316, 0.006862319006336205, 0.0038361127390910575, 0.00799033549896791
2016-10-19, 0.1377657008094552, 0.37729257641921404, 0.1240550494281835, 0.11407137168255276, 0.4652647904027734, 0.0027530512985225316, 0.006862319006336205, 0.0038361127390910575, 0.00799033549896791
2016-10-19, 0.1377657008094552, 0.37729257641921404, 0.1240550494281835, 0.11407137168255276, 0.4652647904027734, 0.0027530512985225316, 0.006862319006336205, 0.0038361127390910575, 0.00799033549896791
2016-10-19, 0.1377657008094552, 0.37729257641921404, 0.1240550494281835, 0.11407137168255276, 0.4652647904027734, 0.0027530512985225316, 0.006862319006336205, 0.0038361127390910575, 0.00799033549896791
2016-10-19, 0.1377657008094552, 0.37729257641921404, 0.1240550494281835, 0.11407137168255276, 0.4652647904027734, 0.0027530512985225316, 0.006862319006336205, 0.0038361127390910575, 0.00799033549896791
2016-10-19, 0.1376687793495902, 0.62882096069869, 0.06978096530335325, 0.03699612054569281, 0.33936961182319947, 0.002753051298522524, 0.010979710410137934, 0.011508338217273172, 0.0011414764998525604
2016-10-19, 0.12469173321593985, 0.6707423580786027, 0.054274084124830264, 0.055494180818539074, 0.1915796195776126, 0.002753051298522524, 0.009607246608870692, 0.010229633970909487, 0.002853691249631401
2016-10-19, 0.11902569193908843, 0.5240174672489083, 0.054274084124830264, 0.033913110500218474, 0.31473794644893505, 0.002753051298522524, 0.010979710410137934, 0.006393521231818429, 0.005136644249336509
2016-10-19, 0.12744997256612253, 0.5868995633187774, 0.10079472766039921, 0.0030830100454743324, 0.3037905396159286, 0.002753051298522524, 0.009607246608870692, 0.006393521231818429, 0.006278120749189069
2016-09-19, 0.13831756343812585, 0.5449781659388646, 0.15506881178522947, 0.021581070318320874, 0.36126442548921234, 0.0, 0.009607246608870692, 0.0031967606159092146, 0.01084402674859931
2016-09-19, 0.154213544350165, 0.4401746724890831, 0.16282225237449113, 0.1541505022737199, 0.454317383569767, 0.002753051298522524, 0.008234782807603449, 0.0038361127390910575, 0.007419597249041629
2016-09-19, 0.154213544350165, 0.4401746724890831, 0.16282225237449113, 0.1541505022737199, 0.454317383569767, 0.002753051298522524, 0.008234782807603449, 0.0038361127390910575, 0.007419597249041629
2016-09-19, 0.154213544350165, 0.4401746724890831, 0.16282225237449113, 0.1541505022737199, 0.454317383569767, 0.002753051298522524, 0.008234782807603449, 0.0038361127390910575, 0.007419597249041629
2016-09-19, 0.154213544350165, 0.4401746724890831, 0.16282225237449113, 0.1541505022737199, 0.454317383569767, 0.002753051298522524, 0.008234782807603449, 0.0038361127390910575, 0.007419597249041629
2016-09-19, 0.154213544350165, 0.4401746724890831, 0.16282225237449113, 0.1541505022737199, 0.454317383569767, 0.002753051298522524, 0.008234782807603449, 0.0038361127390910575, 0.007419597249041629
2016-09-19, 0.154213544350165, 0.4401746724890831, 0.16282225237449113, 0.1541505022737199, 0.454317383569767, 0.002753051298522524, 0.008234782807603449, 0.0038361127390910575, 0.007419597249041629
2016-09-19, 0.154213544350165, 0.4401746724890831, 0.16282225237449113, 0.1541505022737199, 0.454317383569767, 0.002753051298522524, 0.008234782807603449, 0.0038361127390910575, 0.007419597249041629
2016-09-19, 0.154213544350165, 0.4401746724890831, 0.16282225237449113, 0.1541505022737199, 0.454317383569767, 0.002753051298522524, 0.008234782807603449, 0.0038361127390910575, 0.007419597249041629
2016-09-19, 0.154213544350165, 0.4401746724890831, 0.16282225237449113, 0.1541505022737199, 0.454317383569767, 0.002753051298522524, 0.008234782807603449, 0.0038361127390910575, 0.007419597249041629
2016-09-19, 0.154213544350165, 0.4401746724890831, 0.16282225237449113, 0.1541505022737199, 0.454317383569767, 0.002753051298522524, 0.008234782807603449, 0.0038361127390910575, 0.007419597249041629
2016-09-19, 0.140653673259941, 0.5868995633187774, 0.1240550494281835, 0.03699612054569281, 0.34758016694795435, 0.0, 0.009607246608870692, 0.006393521231818429, 0.013697717998230712
2016-09-19, 0.13690048932594487, 0.5449781659388646, 0.17057569296375244, 0.04007913059116714, 0.31473794644893505, 0.0, 0.008234782807603449, 0.005754169108636586, 0.01084402674859931
2016-09-19, 0.201164461850244, 0.14672489082969445, 0.20934289591006008, 0.4747835470030573, 0.7444236646444373, 0.013765256492612642, 0.0013724638012672426, 0.0006393521231818429, 0.018263623997640942
2016-09-19, 0.1710463689983824, 0.8593886462882094, 0.16282225237449113, 0.26822187395627267, 0.04652647904027732, 0.008259153895567587, 0.012352174211405177, 0.010229633970909487, 0.0005707382499262802
2016-08-20, 0.15663711220647508, 0.5868995633187776, 0.15506881178522947, 0.16956555250109184, 0.3202116498654384, 0.0055061025970450555, 0.012352174211405177, 0.0006393521231818429, 0.0028536912496313883
2016-08-20, 0.1291499476577172, 0.35633187772925773, 0.20158945532079842, 0.12948642190992468, 0.3120010947406832, 0.0, 0.012352174211405177, 0.008311577601363957, 0.013126979748304431
2016-08-20, 0.1291499476577172, 0.35633187772925773, 0.20158945532079842, 0.12948642190992468, 0.3120010947406832, 0.0, 0.012352174211405177, 0.008311577601363957, 0.013126979748304431
2016-08-20, 0.1291499476577172, 0.35633187772925773, 0.20158945532079842, 0.12948642190992468, 0.3120010947406832, 0.0, 0.012352174211405177, 0.008311577601363957, 0.013126979748304431
2016-08-20, 0.1291499476577172, 0.35633187772925773, 0.20158945532079842, 0.12948642190992468, 0.3120010947406832, 0.0, 0.012352174211405177, 0.008311577601363957, 0.013126979748304431
2016-08-20, 0.1291499476577172, 0.35633187772925773, 0.20158945532079842, 0.12948642190992468, 0.3120010947406832, 0.0, 0.012352174211405177, 0.008311577601363957, 0.013126979748304431
2016-08-20, 0.1291499476577172, 0.35633187772925773, 0.20158945532079842, 0.12948642190992468, 0.3120010947406832, 0.0, 0.012352174211405177, 0.008311577601363957, 0.013126979748304431
2016-08-20, 0.1291499476577172, 0.35633187772925773, 0.20158945532079842, 0.12948642190992468, 0.3120010947406832, 0.0, 0.012352174211405177, 0.008311577601363957, 0.013126979748304431
2016-08-20, 0.1291499476577172, 0.35633187772925773, 0.20158945532079842, 0.12948642190992468, 0.3120010947406832, 0.0, 0.012352174211405177, 0.008311577601363957, 0.013126979748304431
2016-08-20, 0.1291499476577172, 0.35633187772925773, 0.20158945532079842, 0.12948642190992468, 0.3120010947406832, 0.0, 0.012352174211405177, 0.008311577601363957, 0.013126979748304431
2016-08-20, 0.1291499476577172, 0.35633187772925773, 0.20158945532079842, 0.12948642190992468, 0.3120010947406832, 0.0, 0.012352174211405177, 0.008311577601363957, 0.013126979748304431
2016-08-20, 0.18092268429910022, 0.4192139737991267, 0.18608257414227544, 0.3206330447293371, 0.4981070109017925, 0.0027530512985225316, 0.010979710410137934, 0.0044754648622729, 0.005136644249336509
2016-08-20, 0.16311192296015245, 0.6917030567685588, 0.20934289591006008, 0.20964468309225925, 0.16147425078684485, 0.011012205194090111, 0.015097101813939662, 0.0031967606159092146, 0.003424429499557681
2016-08-20, 0.16848528988253042, 0.5240174672489085, 0.18608257414227544, 0.23122575341057985, 0.38589609086347654, 0.0, 0.010979710410137934, 0.005114816985454743, 0.0045659059994102285
2016-08-20, 0.17663913952831795, 0.0838427947598254, 0.22484977708858306, 0.45320247668473645, 0.6021073758153538, 0.01376525649261265, 0.0013724638012672426, 0.013426394586818687, 0.02054657699734606
2016-07-21, 0.1236760916585777, 0.5030567685589519, 0.13180849001744516, 0.15415050227372018, 0.17515850932810306, 0.002753051298522524, 0.008234782807603449, 0.005114816985454743, 0.009131811998820471
2016-07-21, 0.1236760916585777, 0.5030567685589519, 0.13180849001744516, 0.15415050227372018, 0.17515850932810306, 0.002753051298522524, 0.008234782807603449, 0.005114816985454743, 0.009131811998820471
2016-07-21, 0.1236760916585777, 0.5030567685589519, 0.13180849001744516, 0.15415050227372018, 0.17515850932810306, 0.002753051298522524, 0.008234782807603449, 0.005114816985454743, 0.009131811998820471
2016-07-21, 0.1236760916585777, 0.5030567685589519, 0.13180849001744516, 0.15415050227372018, 0.17515850932810306, 0.002753051298522524, 0.008234782807603449, 0.005114816985454743, 0.009131811998820471
2016-07-21, 0.1236760916585777, 0.5030567685589519, 0.13180849001744516, 0.15415050227372018, 0.17515850932810306, 0.002753051298522524, 0.008234782807603449, 0.005114816985454743, 0.009131811998820471
2016-07-21, 0.1236760916585777, 0.5030567685589519, 0.13180849001744516, 0.15415050227372018, 0.17515850932810306, 0.002753051298522524, 0.008234782807603449, 0.005114816985454743, 0.009131811998820471
2016-07-21, 0.1236760916585777, 0.5030567685589519, 0.13180849001744516, 0.15415050227372018, 0.17515850932810306, 0.002753051298522524, 0.008234782807603449, 0.005114816985454743, 0.009131811998820471
2016-07-21, 0.1236760916585777, 0.5030567685589519, 0.13180849001744516, 0.15415050227372018, 0.17515850932810306, 0.002753051298522524, 0.008234782807603449, 0.005114816985454743, 0.009131811998820471
2016-07-21, 0.1236760916585777, 0.5030567685589519, 0.13180849001744516, 0.15415050227372018, 0.17515850932810306, 0.002753051298522524, 0.008234782807603449, 0.005114816985454743, 0.009131811998820471
2016-07-21, 0.1236760916585777, 0.5030567685589519, 0.13180849001744516, 0.15415050227372018, 0.17515850932810306, 0.002753051298522524, 0.008234782807603449, 0.005114816985454743, 0.009131811998820471
2016-07-21, 0.1236760916585777, 0.5030567685589519, 0.13180849001744516, 0.15415050227372018, 0.17515850932810306, 0.002753051298522524, 0.008234782807603449, 0.005114816985454743, 0.009131811998820471
2016-07-21, 0.23932328416682971, 0.9641921397379911, 0.10079472766039921, 0.5333607378670709, 0.2873694293664188, 0.011012205194090118, 0.01372463801267242, 0.0012787042463636858, 0.002853691249631401
2016-07-21, 0.1426730201183788, 0.46113537117903924, 0.1395619306067065, 0.16956555250109212, 0.33936961182319947, 0.0055061025970450555, 0.006862319006336205, 0.005114816985454743, 0.014268456248156992
2016-07-21, 0.13681991992304068, 0.5030567685589519, 0.14731537119596816, 0.262055853865324, 0.16147425078684485, 0.0, 0.009607246608870692, 0.0019180563695455287, 0.009131811998820471
2016-07-21, 0.1553635636109534, 0.0, 0.255863539445629, 0.28671993422911896, 0.6458970031473794, 0.013765256492612642, 0.0, 0.017262507325909743, 0.02340026824697746
2016-06-21, 0.11426119607500586, 0.5449781659388646, 0.1783291335530141, 0.0030830100454743324, 0.16147425078684485, 0.0055061025970450555, 0.005489855205068963, 0.008950929724545786, 0.006278120749189069
2016-06-21, 0.11426119607500586, 0.5449781659388646, 0.1783291335530141, 0.0030830100454743324, 0.16147425078684485, 0.0055061025970450555, 0.005489855205068963, 0.008950929724545786, 0.006278120749189069
2016-06-21, 0.11426119607500586, 0.5449781659388646, 0.1783291335530141, 0.0030830100454743324, 0.16147425078684485, 0.0055061025970450555, 0.005489855205068963, 0.008950929724545786, 0.006278120749189069
2016-06-21, 0.11426119607500586, 0.5449781659388646, 0.1783291335530141, 0.0030830100454743324, 0.16147425078684485, 0.0055061025970450555, 0.005489855205068963, 0.008950929724545786, 0.006278120749189069
2016-06-21, 0.11426119607500586, 0.5449781659388646, 0.1783291335530141, 0.0030830100454743324, 0.16147425078684485, 0.0055061025970450555, 0.005489855205068963, 0.008950929724545786, 0.006278120749189069
2016-06-21, 0.11426119607500586, 0.5449781659388646, 0.1783291335530141, 0.0030830100454743324, 0.16147425078684485, 0.0055061025970450555, 0.005489855205068963, 0.008950929724545786, 0.006278120749189069
2016-06-21, 0.11426119607500586, 0.5449781659388646, 0.1783291335530141, 0.0030830100454743324, 0.16147425078684485, 0.0055061025970450555, 0.005489855205068963, 0.008950929724545786, 0.006278120749189069
2016-06-21, 0.11426119607500586, 0.5449781659388646, 0.1783291335530141, 0.0030830100454743324, 0.16147425078684485, 0.0055061025970450555, 0.005489855205068963, 0.008950929724545786, 0.006278120749189069
2016-06-21, 0.11426119607500586, 0.5449781659388646, 0.1783291335530141, 0.0030830100454743324, 0.16147425078684485, 0.0055061025970450555, 0.005489855205068963, 0.008950929724545786, 0.006278120749189069
2016-06-21, 0.11426119607500586, 0.5449781659388646, 0.1783291335530141, 0.0030830100454743324, 0.16147425078684485, 0.0055061025970450555, 0.005489855205068963, 0.008950929724545786, 0.006278120749189069
2016-06-21, 0.11426119607500586, 0.5449781659388646, 0.1783291335530141, 0.0030830100454743324, 0.16147425078684485, 0.0055061025970450555, 0.005489855205068963, 0.008950929724545786, 0.006278120749189069
2016-06-21, 0.19117823752821947, 0.8593886462882094, 0.13180849001744516, 0.28055391413817027, 0.2271586917848835, 0.011012205194090118, 0.015097101813939662, 0.003836112739091043, 0.0005707382499262675
2016-06-21, 0.10561867385017915, 0.46113537117903924, 0.24811009885636737, 0.00924903013642327, 0.09305295808055464, 0.0055061025970450555, 0.009607246608870692, 0.010868986094091315, 0.007419597249041629
2016-06-21, 0.12703519595036195, 0.8593886462882094, 0.06978096530335325, 0.04007913059116714, 0.02736851708251623, 0.002753051298522524, 0.008234782807603449, 0.006393521231818415, 0.002282952999705108
2016-06-21, 0.1688279599431548, 0.0419213973799127, 0.271370420624152, 0.44395344654831315, 0.5391597865255665, 0.016518307791135174, 0.0027449276025344853, 0.017262507325909743, 0.01769288574771466
2016-05-22, 0.10245474499247074, 0.23056768558951984, 0.1240550494281835, 0.12332040181897604, 0.31473794644893505, 0.0, 0.008234782807603449, 0.009590281847727629, 0.009131811998820471
2016-05-22, 0.09185968867655768, 0.10480349344978175, 0.18608257414227544, 0.16339953241014318, 0.25726406057565104, 0.005506102597045063, 0.006862319006336205, 0.006393521231818415, 0.0045659059994102285
2016-05-22, 0.09185968867655768, 0.10480349344978175, 0.18608257414227544, 0.16339953241014318, 0.25726406057565104, 0.005506102597045063, 0.006862319006336205, 0.006393521231818415, 0.0045659059994102285
2016-05-22, 0.09185968867655768, 0.10480349344978175, 0.18608257414227544, 0.16339953241014318, 0.25726406057565104, 0.005506102597045063, 0.006862319006336205, 0.006393521231818415, 0.0045659059994102285
2016-05-22, 0.09185968867655768, 0.10480349344978175, 0.18608257414227544, 0.16339953241014318, 0.25726406057565104, 0.005506102597045063, 0.006862319006336205, 0.006393521231818415, 0.0045659059994102285
2016-05-22, 0.09185968867655768, 0.10480349344978175, 0.18608257414227544, 0.16339953241014318, 0.25726406057565104, 0.005506102597045063, 0.006862319006336205, 0.006393521231818415, 0.0045659059994102285
2016-05-22, 0.09185968867655768, 0.10480349344978175, 0.18608257414227544, 0.16339953241014318, 0.25726406057565104, 0.005506102597045063, 0.006862319006336205, 0.006393521231818415, 0.0045659059994102285
2016-05-22, 0.09185968867655768, 0.10480349344978175, 0.18608257414227544, 0.16339953241014318, 0.25726406057565104, 0.005506102597045063, 0.006862319006336205, 0.006393521231818415, 0.0045659059994102285
2016-05-22, 0.09185968867655768, 0.10480349344978175, 0.18608257414227544, 0.16339953241014318, 0.25726406057565104, 0.005506102597045063, 0.006862319006336205, 0.006393521231818415, 0.0045659059994102285
2016-05-22, 0.09185968867655768, 0.10480349344978175, 0.18608257414227544, 0.16339953241014318, 0.25726406057565104, 0.005506102597045063, 0.006862319006336205, 0.006393521231818415, 0.0045659059994102285
2016-05-22, 0.09185968867655768, 0.10480349344978175, 0.18608257414227544, 0.16339953241014318, 0.25726406057565104, 0.005506102597045063, 0.006862319006336205, 0.006393521231818415, 0.0045659059994102285
2016-05-22, 0.1751986368803603, 0.5659388646288209, 0.15506881178522947, 0.32988207486576065, 0.3202116498654384, 0.011012205194090111, 0.012352174211405177, 0.0025574084927273573, 0.0045659059994102415
2016-05-22, 0.09466009189789387, 0.02096069868995635, 0.18608257414227544, 0.2127276931377336, 0.29831683619942523, 0.005506102597045063, 0.005489855205068963, 0.012787042463636844, 0.01540993274800954
2016-05-22, 0.22808230629732526, 0.3982532751091702, 0.3178910641597206, 0.40079130591167195, 0.6458970031473794, 0.01376525649261265, 0.0, 0.022377324311364473, 0.025683221246682583
2016-05-22, 0.07700686141699914, 0.0419213973799127, 0.1783291335530141, 0.11098836163707843, 0.2545272088673995, 0.005506102597045063, 0.005489855205068963, 0.009590281847727629, 0.00970255024874675
2016-04-22, 0.14299061409998817, 0.4401746724890829, 0.22484977708858306, 0.13565244200087337, 0.32021164986543815, 0.008259153895567587, 0.002744927602534478, 0.005754169108636586, 0.006278120749189069
2016-04-22, 0.11250176098401392, 0.48209606986899556, 0.1783291335530141, 0.07707525113685995, 0.12315832687132217, 0.0055061025970450555, 0.006862319006336205, 0.012147690340455016, 0.014839194498083259
2016-04-22, 0.11250176098401392, 0.48209606986899556, 0.1783291335530141, 0.07707525113685995, 0.12315832687132217, 0.0055061025970450555, 0.006862319006336205, 0.012147690340455016, 0.014839194498083259
2016-04-22, 0.11250176098401392, 0.48209606986899556, 0.1783291335530141, 0.07707525113685995, 0.12315832687132217, 0.0055061025970450555, 0.006862319006336205, 0.012147690340455016, 0.014839194498083259
2016-04-22, 0.11250176098401392, 0.48209606986899556, 0.1783291335530141, 0.07707525113685995, 0.12315832687132217, 0.0055061025970450555, 0.006862319006336205, 0.012147690340455016, 0.014839194498083259
2016-04-22, 0.11250176098401392, 0.48209606986899556, 0.1783291335530141, 0.07707525113685995, 0.12315832687132217, 0.0055061025970450555, 0.006862319006336205, 0.012147690340455016, 0.014839194498083259
2016-04-22, 0.11250176098401392, 0.48209606986899556, 0.1783291335530141, 0.07707525113685995, 0.12315832687132217, 0.0055061025970450555, 0.006862319006336205, 0.012147690340455016, 0.014839194498083259
2016-04-22, 0.11250176098401392, 0.48209606986899556, 0.1783291335530141, 0.07707525113685995, 0.12315832687132217, 0.0055061025970450555, 0.006862319006336205, 0.012147690340455016, 0.014839194498083259
2016-04-22, 0.11250176098401392, 0.48209606986899556, 0.1783291335530141, 0.07707525113685995, 0.12315832687132217, 0.0055061025970450555, 0.006862319006336205, 0.012147690340455016, 0.014839194498083259
2016-04-22, 0.11250176098401392, 0.48209606986899556, 0.1783291335530141, 0.07707525113685995, 0.12315832687132217, 0.0055061025970450555, 0.006862319006336205, 0.012147690340455016, 0.014839194498083259
2016-04-22, 0.11250176098401392, 0.48209606986899556, 0.1783291335530141, 0.07707525113685995, 0.12315832687132217, 0.0055061025970450555, 0.006862319006336205, 0.012147690340455016, 0.014839194498083259
2016-04-22, 0.0925486768559417, 0.4192139737991265, 0.18608257414227544, 0.03699612054569281, 0.07389499612279331, 0.002753051298522524, 0.005489855205068963, 0.005114816985454743, 0.01084402674859931
2016-04-22, 0.12337485678240527, 0.6707423580786027, 0.1240550494281835, 0.06474321095496234, 0.11221092003831597, 0.002753051298522524, 0.002744927602534478, 0.005754169108636586, 0.003995167749483949
2016-04-22, 0.12781272500697005, 0.5659388646288209, 0.20158945532079842, 0.06474321095496234, 0.16421110249509638, 0.0055061025970450555, 0.005489855205068963, 0.007032873355000272, 0.00799033549896791
2016-04-22, 0.14629718550483214, 0.62882096069869, 0.14731537119596816, 0.14490147213729662, 0.22442184007663146, 0.0055061025970450555, 0.002744927602534478, 0.006393521231818429, 0.01027328849867303
2016-03-23, 0.11062678946352378, 0.5449781659388646, 0.20934289591006008, 0.01849806027284654, 0.08210555124754795, 0.002753051298522524, 0.0027449276025344853, 0.021737972188182644, 0.002853691249631401
2016-03-23, 0.10788565189285579, 0.5030567685589519, 0.22484977708858306, 0.027747090409269537, 0.0793686995392964, 0.0, 0.0, 0.027492141296819216, 0.0005707382499262802
2016-03-23, 0.10788565189285579, 0.5030567685589519, 0.22484977708858306, 0.027747090409269537, 0.0793686995392964, 0.0, 0.0, 0.027492141296819216, 0.0005707382499262802
2016-03-23, 0.10788565189285579, 0.5030567685589519, 0.22484977708858306, 0.027747090409269537, 0.0793686995392964, 0.0, 0.0, 0.027492141296819216, 0.0005707382499262802
2016-03-23, 0.10788565189285579, 0.5030567685589519, 0.22484977708858306, 0.027747090409269537, 0.0793686995392964, 0.0, 0.0, 0.027492141296819216, 0.0005707382499262802
2016-03-23, 0.10788565189285579, 0.5030567685589519, 0.22484977708858306, 0.027747090409269537, 0.0793686995392964, 0.0, 0.0, 0.027492141296819216, 0.0005707382499262802
2016-03-23, 0.10788565189285579, 0.5030567685589519, 0.22484977708858306, 0.027747090409269537, 0.0793686995392964, 0.0, 0.0, 0.027492141296819216, 0.0005707382499262802
2016-03-23, 0.10788565189285579, 0.5030567685589519, 0.22484977708858306, 0.027747090409269537, 0.0793686995392964, 0.0, 0.0, 0.027492141296819216, 0.0005707382499262802
2016-03-23, 0.10788565189285579, 0.5030567685589519, 0.22484977708858306, 0.027747090409269537, 0.0793686995392964, 0.0, 0.0, 0.027492141296819216, 0.0005707382499262802
2016-03-23, 0.10788565189285579, 0.5030567685589519, 0.22484977708858306, 0.027747090409269537, 0.0793686995392964, 0.0, 0.0, 0.027492141296819216, 0.0005707382499262802
2016-03-23, 0.10788565189285579, 0.5030567685589519, 0.22484977708858306, 0.027747090409269537, 0.0793686995392964, 0.0, 0.0, 0.027492141296819216, 0.0005707382499262802
2016-03-23, 0.26086988863793753, 1.0061135371179037, 0.16282225237449113, 0.40079130591167167, 0.44884368015326387, 0.01376525649261265, 0.004117391403801713, 0.03452501465181949, 0.015980670997935834
2016-03-23, 0.13968641898465164, 0.0419213973799127, 0.3489048265167669, 0.29905197441101683, 0.3886329425717283, 0.008259153895567587, 0.006862319006336213, 0.009590281847727644, 0.01426845624815698
2016-03-23, 0.1419718282418562, 0.3982532751091702, 0.21709633649932172, 0.20039565295583597, 0.284632577658167, 0.005506102597045063, 0.0013724638012672426, 0.021098620065000802, 0.007419597249041629
2016-03-23, 0.14751570925213917, 0.7965065502183408, 0.11630160883892218, 0.12640341186445037, 0.09578980978880643, 0.0055061025970450555, 0.0013724638012672426, 0.03196760615909212, 0.006278120749189082
2016-02-22, 0.15405663456470192, 0.7336244541484715, 0.22484977708858306, 0.04316214063664148, 0.19705332299411596, 0.0027530512985225316, 0.0013724638012672426, 0.02621343705045553, 0.003424429499557681
2016-02-22, 0.15405663456470192, 0.7336244541484715, 0.22484977708858306, 0.04316214063664148, 0.19705332299411596, 0.0027530512985225316, 0.0013724638012672426, 0.02621343705045553, 0.003424429499557681
2016-02-22, 0.15405663456470192, 0.7336244541484715, 0.22484977708858306, 0.04316214063664148, 0.19705332299411596, 0.0027530512985225316, 0.0013724638012672426, 0.02621343705045553, 0.003424429499557681
2016-02-22, 0.15405663456470192, 0.7336244541484715, 0.22484977708858306, 0.04316214063664148, 0.19705332299411596, 0.0027530512985225316, 0.0013724638012672426, 0.02621343705045553, 0.003424429499557681
2016-02-22, 0.15405663456470192, 0.7336244541484715, 0.22484977708858306, 0.04316214063664148, 0.19705332299411596, 0.0027530512985225316, 0.0013724638012672426, 0.02621343705045553, 0.003424429499557681
2016-02-22, 0.15405663456470192, 0.7336244541484715, 0.22484977708858306, 0.04316214063664148, 0.19705332299411596, 0.0027530512985225316, 0.0013724638012672426, 0.02621343705045553, 0.003424429499557681
2016-02-22, 0.15405663456470192, 0.7336244541484715, 0.22484977708858306, 0.04316214063664148, 0.19705332299411596, 0.0027530512985225316, 0.0013724638012672426, 0.02621343705045553, 0.003424429499557681
2016-02-22, 0.15405663456470192, 0.7336244541484715, 0.22484977708858306, 0.04316214063664148, 0.19705332299411596, 0.0027530512985225316, 0.0013724638012672426, 0.02621343705045553, 0.003424429499557681
2016-02-22, 0.15405663456470192, 0.7336244541484715, 0.22484977708858306, 0.04316214063664148, 0.19705332299411596, 0.0027530512985225316, 0.0013724638012672426, 0.02621343705045553, 0.003424429499557681
2016-02-22, 0.15405663456470192, 0.7336244541484715, 0.22484977708858306, 0.04316214063664148, 0.19705332299411596, 0.0027530512985225316, 0.0013724638012672426, 0.02621343705045553, 0.003424429499557681
2016-02-22, 0.15405663456470192, 0.7336244541484715, 0.22484977708858306, 0.04316214063664148, 0.19705332299411596, 0.0027530512985225316, 0.0013724638012672426, 0.02621343705045553, 0.003424429499557681
2016-02-22, 0.2195218139433544, 1.02707423580786, 0.18608257414227578, 0.2250597333196312, 0.26273776399215415, 0.0055061025970450555, 0.004117391403801728, 0.031328254035910275, 0.014268456248156992
2016-02-22, 0.15593559830258394, 0.7336244541484715, 0.21709633649932172, 0.06474321095496234, 0.20252702641061907, 0.0027530512985225316, 0.0013724638012672426, 0.023656028557728172, 0.0017122147497788405
2016-02-22, 0.20538082604690736, 0.46113537117903897, 0.18608257414227578, 0.43470441641189017, 0.5227386762760572, 0.01376525649261265, 0.004117391403801728, 0.010229633970909473, 0.01027328849867303
2016-02-22, 0.14888828371748536, 0.8384279475982532, 0.23260321767784473, 0.049328160727590414, 0.03557907220727112, 0.0, 0.0027449276025344853, 0.02557408492727369, 0.006848858999115362
2016-01-23, 0.14758220346000753, 0.6707423580786025, 0.271370420624152, 0.14798448218277124, 0.0766318478310451, 0.0, 0.0, 0.012787042463636858, 0.0011414764998525604
2016-01-23, 0.14230687223884625, 0.6707423580786025, 0.31013762357045926, 0.11407137168255276, 0.021894813666012883, 0.005506102597045063, 0.0027449276025344853, 0.012787042463636858, 0.0005707382499262802
2016-01-23, 0.14230687223884625, 0.6707423580786025, 0.31013762357045926, 0.11407137168255276, 0.021894813666012883, 0.005506102597045063, 0.0027449276025344853, 0.012787042463636858, 0.0005707382499262802
2016-01-23, 0.14230687223884625, 0.6707423580786025, 0.31013762357045926, 0.11407137168255276, 0.021894813666012883, 0.005506102597045063, 0.0027449276025344853, 0.012787042463636858, 0.0005707382499262802
2016-01-23, 0.14230687223884625, 0.6707423580786025, 0.31013762357045926, 0.11407137168255276, 0.021894813666012883, 0.005506102597045063, 0.0027449276025344853, 0.012787042463636858, 0.0005707382499262802
2016-01-23, 0.14230687223884625, 0.6707423580786025, 0.31013762357045926, 0.11407137168255276, 0.021894813666012883, 0.005506102597045063, 0.0027449276025344853, 0.012787042463636858, 0.0005707382499262802
2016-01-23, 0.14230687223884625, 0.6707423580786025, 0.31013762357045926, 0.11407137168255276, 0.021894813666012883, 0.005506102597045063, 0.0027449276025344853, 0.012787042463636858, 0.0005707382499262802
2016-01-23, 0.14230687223884625, 0.6707423580786025, 0.31013762357045926, 0.11407137168255276, 0.021894813666012883, 0.005506102597045063, 0.0027449276025344853, 0.012787042463636858, 0.0005707382499262802
2016-01-23, 0.14230687223884625, 0.6707423580786025, 0.31013762357045926, 0.11407137168255276, 0.021894813666012883, 0.005506102597045063, 0.0027449276025344853, 0.012787042463636858, 0.0005707382499262802
2016-01-23, 0.14230687223884625, 0.6707423580786025, 0.31013762357045926, 0.11407137168255276, 0.021894813666012883, 0.005506102597045063, 0.0027449276025344853, 0.012787042463636858, 0.0005707382499262802
2016-01-23, 0.14230687223884625, 0.6707423580786025, 0.31013762357045926, 0.11407137168255276, 0.021894813666012883, 0.005506102597045063, 0.0027449276025344853, 0.012787042463636858, 0.0005707382499262802
2016-01-23, 0.13127383473771476, 0.6497816593886462, 0.271370420624152, 0.08940729131875755, 0.013684258541257993, 0.005506102597045063, 0.0027449276025344853, 0.01598380307954606, 0.0017122147497788405
2016-01-23, 0.1422186958193087, 0.7126637554585151, 0.2481100988563677, 0.03083010045474387, 0.11768462345481882, 0.005506102597045063, 0.004117391403801728, 0.01598380307954606, 0.002853691249631401
2016-01-23, 0.1351332839341295, 0.6497816593886462, 0.28687730180267496, 0.015415050227371935, 0.10673721662181263, 0.0027530512985225316, 0.0013724638012672426, 0.014705098833182387, 0.003424429499557681
2016-01-23, 0.13228169328504227, 0.4192139737991267, 0.27912386121341365, 0.08324127122780861, 0.23810609861788992, 0.008259153895567587, 0.005489855205068971, 0.01854121157227343, 0.006278120749189082
2015-12-24, 0.0928647319471101, 0.3982532751091704, 0.10079472766039921, 0.052411170773064744, 0.16421110249509638, 0.005506102597045063, 0.0027449276025344853, 0.012147690340455016, 0.006848858999115362
2015-12-24, 0.10372715606138518, 0.4820960698689958, 0.046520643535568944, 0.22197672327415657, 0.049263330748529115, 0.008259153895567587, 0.005489855205068971, 0.012787042463636858, 0.003424429499557681
2015-12-24, 0.10372715606138518, 0.4820960698689958, 0.046520643535568944, 0.22197672327415657, 0.049263330748529115, 0.008259153895567587, 0.005489855205068971, 0.012787042463636858, 0.003424429499557681
2015-12-24, 0.10372715606138518, 0.4820960698689958, 0.046520643535568944, 0.22197672327415657, 0.049263330748529115, 0.008259153895567587, 0.005489855205068971, 0.012787042463636858, 0.003424429499557681
2015-12-24, 0.10372715606138518, 0.4820960698689958, 0.046520643535568944, 0.22197672327415657, 0.049263330748529115, 0.008259153895567587, 0.005489855205068971, 0.012787042463636858, 0.003424429499557681
2015-12-24, 0.10372715606138518, 0.4820960698689958, 0.046520643535568944, 0.22197672327415657, 0.049263330748529115, 0.008259153895567587, 0.005489855205068971, 0.012787042463636858, 0.003424429499557681
2015-12-24, 0.10372715606138518, 0.4820960698689958, 0.046520643535568944, 0.22197672327415657, 0.049263330748529115, 0.008259153895567587, 0.005489855205068971, 0.012787042463636858, 0.003424429499557681
2015-12-24, 0.10372715606138518, 0.4820960698689958, 0.046520643535568944, 0.22197672327415657, 0.049263330748529115, 0.008259153895567587, 0.005489855205068971, 0.012787042463636858, 0.003424429499557681
2015-12-24, 0.10372715606138518, 0.4820960698689958, 0.046520643535568944, 0.22197672327415657, 0.049263330748529115, 0.008259153895567587, 0.005489855205068971, 0.012787042463636858, 0.003424429499557681
2015-12-24, 0.10372715606138518, 0.4820960698689958, 0.046520643535568944, 0.22197672327415657, 0.049263330748529115, 0.008259153895567587, 0.005489855205068971, 0.012787042463636858, 0.003424429499557681
2015-12-24, 0.10372715606138518, 0.4820960698689958, 0.046520643535568944, 0.22197672327415657, 0.049263330748529115, 0.008259153895567587, 0.005489855205068971, 0.012787042463636858, 0.003424429499557681
2015-12-24, 0.2696853061326965, 0.9641921397379913, 0.007753440589261662, 0.5826888985946611, 0.5692651553163345, 0.0055061025970450555, 0.009607246608870698, 0.0019180563695455287, 0.0165514092478621
2015-12-24, 0.08273309105243586, 0.16768558951965057, 0.10854816824966086, 0.11098836163707843, 0.22989554349313504, 0.016518307791135174, 0.00411739140380172, 0.017262507325909743, 0.006848858999115362
2015-12-24, 0.07766392542797743, 0.33537117903930136, 0.09304128707113789, 0.0, 0.16147425078684485, 0.011012205194090118, 0.0, 0.014705098833182387, 0.005707382499262802
2015-12-24, 0.0838253784905849, 0.37729257641921404, 0.08528784648187622, 0.0030830100454743324, 0.1751585093281026, 0.011012205194090118, 0.0, 0.01534445095636423, 0.003424429499557681
2015-11-24, 0.07015608506065103, 0.2724890829694323, 0.0232603217677843, 0.03699612054569253, 0.19705332299411596, 0.011012205194090111, 0.0013724638012672426, 0.012787042463636858, 0.006278120749189082
2015-11-24, 0.08573848396167429, 0.33537117903930136, 0.007753440589261319, 0.2743878940472213, 0.04105277562377422, 0.011012205194090111, 0.0027449276025344853, 0.009590281847727644, 0.003995167749483949
2015-11-24, 0.08573848396167429, 0.33537117903930136, 0.007753440589261319, 0.2743878940472213, 0.04105277562377422, 0.011012205194090111, 0.0027449276025344853, 0.009590281847727644, 0.003995167749483949
2015-11-24, 0.08573848396167429, 0.33537117903930136, 0.007753440589261319, 0.2743878940472213, 0.04105277562377422, 0.011012205194090111, 0.0027449276025344853, 0.009590281847727644, 0.003995167749483949
2015-11-24, 0.08573848396167429, 0.33537117903930136, 0.007753440589261319, 0.2743878940472213, 0.04105277562377422, 0.011012205194090111, 0.0027449276025344853, 0.009590281847727644, 0.003995167749483949
2015-11-24, 0.08573848396167429, 0.33537117903930136, 0.007753440589261319, 0.2743878940472213, 0.04105277562377422, 0.011012205194090111, 0.0027449276025344853, 0.009590281847727644, 0.003995167749483949
2015-11-24, 0.08573848396167429, 0.33537117903930136, 0.007753440589261319, 0.2743878940472213, 0.04105277562377422, 0.011012205194090111, 0.0027449276025344853, 0.009590281847727644, 0.003995167749483949
2015-11-24, 0.08573848396167429, 0.33537117903930136, 0.007753440589261319, 0.2743878940472213, 0.04105277562377422, 0.011012205194090111, 0.0027449276025344853, 0.009590281847727644, 0.003995167749483949
2015-11-24, 0.08573848396167429, 0.33537117903930136, 0.007753440589261319, 0.2743878940472213, 0.04105277562377422, 0.011012205194090111, 0.0027449276025344853, 0.009590281847727644, 0.003995167749483949
2015-11-24, 0.08573848396167429, 0.33537117903930136, 0.007753440589261319, 0.2743878940472213, 0.04105277562377422, 0.011012205194090111, 0.0027449276025344853, 0.009590281847727644, 0.003995167749483949
2015-11-24, 0.08573848396167429, 0.33537117903930136, 0.007753440589261319, 0.2743878940472213, 0.04105277562377422, 0.011012205194090111, 0.0027449276025344853, 0.009590281847727644, 0.003995167749483949
2015-11-24, 0.07064163048377063, 0.23056768558951962, 0.015506881178522981, 0.07090923104591129, 0.1997901747023675, 0.013765256492612642, 0.0013724638012672426, 0.022377324311364487, 0.010844026748599323
2015-11-24, 0.0616601318099685, 0.0838427947598254, 0.007753440589261319, 0.06474321095496234, 0.2736851708251608, 0.019271359089657696, 0.005489855205068963, 0.023656028557728172, 0.014839194498083273
2015-11-24, 0.28985624528410703, 0.9851528384279478, 0.10854816824966086, 0.6073529789584563, 0.585686265565844, 0.008259153895567594, 0.008234782807603456, 0.0019180563695455287, 0.013697717998230712
2015-11-24, 0.05146827890611813, 0.0419213973799127, 0.03876720294630728, 0.05857719086401368, 0.21894813666012886, 0.016518307791135174, 0.0013724638012672426, 0.023656028557728172, 0.011985503248451884
2015-10-25, 0.10062783815054101, 0.14672489082969445, 0.03876720294630728, 0.1541505022737199, 0.4077909045294897, 0.019271359089657707, 0.002744927602534478, 0.02301667643454633, 0.012556241498378164
2015-10-25, 0.0854710480264238, 0.3982532751091704, 0.0, 0.14798448218277097, 0.10400036491356109, 0.011012205194090118, 0.0027449276025344853, 0.014065746710000543, 0.005707382499262802
2015-10-25, 0.0854710480264238, 0.3982532751091704, 0.0, 0.14798448218277097, 0.10400036491356109, 0.011012205194090118, 0.0027449276025344853, 0.014065746710000543, 0.005707382499262802
2015-10-25, 0.0854710480264238, 0.3982532751091704, 0.0, 0.14798448218277097, 0.10400036491356109, 0.011012205194090118, 0.0027449276025344853, 0.014065746710000543, 0.005707382499262802
2015-10-25, 0.0854710480264238, 0.3982532751091704, 0.0, 0.14798448218277097, 0.10400036491356109, 0.011012205194090118, 0.0027449276025344853, 0.014065746710000543, 0.005707382499262802
2015-10-25, 0.0854710480264238, 0.3982532751091704, 0.0, 0.14798448218277097, 0.10400036491356109, 0.011012205194090118, 0.0027449276025344853, 0.014065746710000543, 0.005707382499262802
2015-10-25, 0.0854710480264238, 0.3982532751091704, 0.0, 0.14798448218277097, 0.10400036491356109, 0.011012205194090118, 0.0027449276025344853, 0.014065746710000543, 0.005707382499262802
2015-10-25, 0.0854710480264238, 0.3982532751091704, 0.0, 0.14798448218277097, 0.10400036491356109, 0.011012205194090118, 0.0027449276025344853, 0.014065746710000543, 0.005707382499262802
2015-10-25, 0.0854710480264238, 0.3982532751091704, 0.0, 0.14798448218277097, 0.10400036491356109, 0.011012205194090118, 0.0027449276025344853, 0.014065746710000543, 0.005707382499262802
2015-10-25, 0.0854710480264238, 0.3982532751091704, 0.0, 0.14798448218277097, 0.10400036491356109, 0.011012205194090118, 0.0027449276025344853, 0.014065746710000543, 0.005707382499262802
2015-10-25, 0.0854710480264238, 0.3982532751091704, 0.0, 0.14798448218277097, 0.10400036491356109, 0.011012205194090118, 0.0027449276025344853, 0.014065746710000543, 0.005707382499262802
2015-10-25, 0.08101702073248958, 0.33537117903930136, 0.046520643535568944, 0.22814274336510523, 0.005473703416503099, 0.013765256492612642, 0.0013724638012672426, 0.014065746710000543, 0.003424429499557681
2015-10-25, 0.07920061551061744, 0.314410480349345, 0.03876720294630762, 0.1541505022737199, 0.09305295808055464, 0.013765256492612642, 0.0027449276025344853, 0.012147690340455016, 0.0045659059994102415
2015-10-25, 0.2513771503445262, 0.7965065502183406, 0.09304128707113789, 0.5518587981399172, 0.5473703416503216, 0.0027530512985225316, 0.006862319006336213, 0.0006393521231818429, 0.011985503248451872
2015-10-25, 0.08140510483796942, 0.1257641921397381, 0.023260321767784645, 0.1325694319553993, 0.3229485015736897, 0.019271359089657707, 0.002744927602534478, 0.017262507325909743, 0.007419597249041642
2015-09-25, 0.09397560405845279, 0.33537117903930136, 0.19383601473153708, 0.006166020090948665, 0.16421110249509638, 0.01376525649261265, 0.00411739140380172, 0.011508338217273158, 0.022829529997051182
2015-09-25, 0.13728129940481287, 0.48209606986899534, 0.24035665826710603, 0.28055391413817027, 0.04652647904027732, 0.01651830779113518, 0.00411739140380172, 0.006393521231818415, 0.02168805349719862
2015-09-25, 0.13728129940481287, 0.48209606986899534, 0.24035665826710603, 0.28055391413817027, 0.04652647904027732, 0.01651830779113518, 0.00411739140380172, 0.006393521231818415, 0.02168805349719862
2015-09-25, 0.13728129940481287, 0.48209606986899534, 0.24035665826710603, 0.28055391413817027, 0.04652647904027732, 0.01651830779113518, 0.00411739140380172, 0.006393521231818415, 0.02168805349719862
2015-09-25, 0.13728129940481287, 0.48209606986899534, 0.24035665826710603, 0.28055391413817027, 0.04652647904027732, 0.01651830779113518, 0.00411739140380172, 0.006393521231818415, 0.02168805349719862
2015-09-25, 0.13728129940481287, 0.48209606986899534, 0.24035665826710603, 0.28055391413817027, 0.04652647904027732, 0.01651830779113518, 0.00411739140380172, 0.006393521231818415, 0.02168805349719862
2015-09-25, 0.13728129940481287, 0.48209606986899534, 0.24035665826710603, 0.28055391413817027, 0.04652647904027732, 0.01651830779113518, 0.00411739140380172, 0.006393521231818415, 0.02168805349719862
2015-09-25, 0.13728129940481287, 0.48209606986899534, 0.24035665826710603, 0.28055391413817027, 0.04652647904027732, 0.01651830779113518, 0.00411739140380172, 0.006393521231818415, 0.02168805349719862
2015-09-25, 0.13728129940481287, 0.48209606986899534, 0.24035665826710603, 0.28055391413817027, 0.04652647904027732, 0.01651830779113518, 0.00411739140380172, 0.006393521231818415, 0.02168805349719862
2015-09-25, 0.13728129940481287, 0.48209606986899534, 0.24035665826710603, 0.28055391413817027, 0.04652647904027732, 0.01651830779113518, 0.00411739140380172, 0.006393521231818415, 0.02168805349719862
2015-09-25, 0.13728129940481287, 0.48209606986899534, 0.24035665826710603, 0.28055391413817027, 0.04652647904027732, 0.01651830779113518, 0.00411739140380172, 0.006393521231818415, 0.02168805349719862
2015-09-25, 0.10044843270444899, 0.2934497816593887, 0.21709633649932172, 0.09249030136423216, 0.1368425854125804, 0.019271359089657707, 0.00411739140380172, 0.01406574671000053, 0.026253959496608862
2015-09-25, 0.1004879257016728, 0.314410480349345, 0.20934289591006008, 0.12948642190992468, 0.10126351320530928, 0.01651830779113518, 0.002744927602534478, 0.009590281847727629, 0.02054657699734606
2015-09-25, 0.2616312458851197, 0.880349344978166, 0.14731537119596816, 0.527194717776122, 0.5227386762760572, 0.0, 0.009607246608870692, 0.0012787042463636858, 0.0045659059994102285
2015-09-25, 0.0931324518942816, 0.12576419213973786, 0.2791238612134133, 0.006166020090948665, 0.2600009122839026, 0.024777461686702768, 0.0013724638012672426, 0.020459267941818945, 0.027395435996461423
2015-08-26, 0.12343869602147493, 0.10480349344978175, 0.10854816824966086, 0.4747835470030573, 0.22989554349313504, 0.027530512985225283, 0.00411739140380172, 0.012147690340455, 0.025683221246682583
2015-08-26, 0.09779682130811346, 0.314410480349345, 0.031013762357045963, 0.20964468309225898, 0.18063221274460617, 0.019271359089657696, 0.0027449276025344853, 0.006393521231818415, 0.018263623997640942
2015-08-26, 0.09779682130811346, 0.314410480349345, 0.031013762357045963, 0.20964468309225898, 0.18063221274460617, 0.019271359089657696, 0.0027449276025344853, 0.006393521231818415, 0.018263623997640942
2015-08-26, 0.09779682130811346, 0.314410480349345, 0.031013762357045963, 0.20964468309225898, 0.18063221274460617, 0.019271359089657696, 0.0027449276025344853, 0.006393521231818415, 0.018263623997640942
2015-08-26, 0.09779682130811346, 0.314410480349345, 0.031013762357045963, 0.20964468309225898, 0.18063221274460617, 0.019271359089657696, 0.0027449276025344853, 0.006393521231818415, 0.018263623997640942
2015-08-26, 0.09779682130811346, 0.314410480349345, 0.031013762357045963, 0.20964468309225898, 0.18063221274460617, 0.019271359089657696, 0.0027449276025344853, 0.006393521231818415, 0.018263623997640942
2015-08-26, 0.09779682130811346, 0.314410480349345, 0.031013762357045963, 0.20964468309225898, 0.18063221274460617, 0.019271359089657696, 0.0027449276025344853, 0.006393521231818415, 0.018263623997640942
2015-08-26, 0.09779682130811346, 0.314410480349345, 0.031013762357045963, 0.20964468309225898, 0.18063221274460617, 0.019271359089657696, 0.0027449276025344853, 0.006393521231818415, 0.018263623997640942
2015-08-26, 0.09779682130811346, 0.314410480349345, 0.031013762357045963, 0.20964468309225898, 0.18063221274460617, 0.019271359089657696, 0.0027449276025344853, 0.006393521231818415, 0.018263623997640942
2015-08-26, 0.09779682130811346, 0.314410480349345, 0.031013762357045963, 0.20964468309225898, 0.18063221274460617, 0.019271359089657696, 0.0027449276025344853, 0.006393521231818415, 0.018263623997640942
2015-08-26, 0.09779682130811346, 0.314410480349345, 0.031013762357045963, 0.20964468309225898, 0.18063221274460617, 0.019271359089657696, 0.0027449276025344853, 0.006393521231818415, 0.018263623997640942
2015-08-26, 0.07624381088531042, 0.25152838427947594, 0.046520643535568944, 0.2466408036379518, 0.019157961957761333, 0.019271359089657696, 0.0027449276025344853, 0.006393521231818415, 0.01769288574771466
2015-08-26, 0.09248791199161703, 0.314410480349345, 0.015506881178522981, 0.28671993422911896, 0.08210555124754819, 0.016518307791135167, 0.004117391403801728, 0.005114816985454729, 0.01540993274800954
2015-08-26, 0.07103550197996678, 0.20960698689956325, 0.007753440589261662, 0.14798448218277124, 0.16147425078684485, 0.019271359089657696, 0.0013724638012672426, 0.0025574084927273717, 0.018263623997640942
2015-08-26, 0.14843196387666677, 0.5240174672489081, 0.015506881178522981, 0.06166020090948802, 0.558317748483328, 0.013765256492612642, 0.005489855205068971, 0.0012787042463636858, 0.007419597249041629
2015-07-27, 0.09160688179849041, 0.10480349344978175, 0.1550688117852298, 0.13565244200087365, 0.30105368790767706, 0.01651830779113518, 0.005489855205068963, 0.0, 0.014268456248156992
2015-07-27, 0.11027113456348381, 0.1257641921397381, 0.0775344058926149, 0.22197672327415657, 0.426948866487251, 0.01651830779113518, 0.001372463801267235, 0.0006393521231818429, 0.011414764998525591
2015-07-27, 0.11027113456348381, 0.1257641921397381, 0.0775344058926149, 0.22197672327415657, 0.426948866487251, 0.01651830779113518, 0.001372463801267235, 0.0006393521231818429, 0.011414764998525591
2015-07-27, 0.11027113456348381, 0.1257641921397381, 0.0775344058926149, 0.22197672327415657, 0.426948866487251, 0.01651830779113518, 0.001372463801267235, 0.0006393521231818429, 0.011414764998525591
2015-07-27, 0.11027113456348381, 0.1257641921397381, 0.0775344058926149, 0.22197672327415657, 0.426948866487251, 0.01651830779113518, 0.001372463801267235, 0.0006393521231818429, 0.011414764998525591
2015-07-27, 0.11027113456348381, 0.1257641921397381, 0.0775344058926149, 0.22197672327415657, 0.426948866487251, 0.01651830779113518, 0.001372463801267235, 0.0006393521231818429, 0.011414764998525591
2015-07-27, 0.11027113456348381, 0.1257641921397381, 0.0775344058926149, 0.22197672327415657, 0.426948866487251, 0.01651830779113518, 0.001372463801267235, 0.0006393521231818429, 0.011414764998525591
2015-07-27, 0.11027113456348381, 0.1257641921397381, 0.0775344058926149, 0.22197672327415657, 0.426948866487251, 0.01651830779113518, 0.001372463801267235, 0.0006393521231818429, 0.011414764998525591
2015-07-27, 0.11027113456348381, 0.1257641921397381, 0.0775344058926149, 0.22197672327415657, 0.426948866487251, 0.01651830779113518, 0.001372463801267235, 0.0006393521231818429, 0.011414764998525591
2015-07-27, 0.11027113456348381, 0.1257641921397381, 0.0775344058926149, 0.22197672327415657, 0.426948866487251, 0.01651830779113518, 0.001372463801267235, 0.0006393521231818429, 0.011414764998525591
2015-07-27, 0.11027113456348381, 0.1257641921397381, 0.0775344058926149, 0.22197672327415657, 0.426948866487251, 0.01651830779113518, 0.001372463801267235, 0.0006393521231818429, 0.011414764998525591
2015-07-27, 0.10336782237205913, 0.35633187772925773, 0.11630160883892253, 0.2281427433651055, 0.10126351320530953, 0.005506102597045063, 0.006862319006336205, 0.005114816985454743, 0.007419597249041629
2015-07-27, 0.10653100603961957, 0.02096069868995635, 0.09304128707113789, 0.20964468309225898, 0.4898964557770379, 0.019271359089657714, 0.002744927602534478, 0.0012787042463636858, 0.01540993274800954
2015-07-27, 0.08495222533984341, 0.33537117903930136, 0.08528784648187657, 0.18806361277393838, 0.04652647904027732, 0.008259153895567594, 0.006862319006336205, 0.006393521231818429, 0.0028536912496313883
2015-07-27, 0.09536604001406952, 0.3982532751091704, 0.0775344058926149, 0.19422963286488704, 0.07115814441454175, 0.005506102597045063, 0.006862319006336205, 0.007672225478182115, 0.0017122147497788279
2015-06-27, 0.08086033523238947, 0.33537117903930136, 0.10079472766039921, 0.12023739177350169, 0.07115814441454175, 0.0027530512985225316, 0.008234782807603456, 0.0031967606159092146, 0.005136644249336521
2015-06-27, 0.09399467708837851, 0.06288209606986905, 0.15506881178522963, 0.1788145826375151, 0.3256853532819415, 0.01376525649261265, 0.005489855205068971, 0.005114816985454729, 0.005136644249336521
2015-06-27, 0.09399467708837851, 0.06288209606986905, 0.15506881178522963, 0.1788145826375151, 0.3256853532819415, 0.01376525649261265, 0.005489855205068971, 0.005114816985454729, 0.005136644249336521
2015-06-27, 0.09399467708837851, 0.06288209606986905, 0.15506881178522963, 0.1788145826375151, 0.3256853532819415, 0.01376525649261265, 0.005489855205068971, 0.005114816985454729, 0.005136644249336521
2015-06-27, 0.09399467708837851, 0.06288209606986905, 0.15506881178522963, 0.1788145826375151, 0.3256853532819415, 0.01376525649261265, 0.005489855205068971, 0.005114816985454729, 0.005136644249336521
2015-06-27, 0.09399467708837851, 0.06288209606986905, 0.15506881178522963, 0.1788145826375151, 0.3256853532819415, 0.01376525649261265, 0.005489855205068971, 0.005114816985454729, 0.005136644249336521
2015-06-27, 0.09399467708837851, 0.06288209606986905, 0.15506881178522963, 0.1788145826375151, 0.3256853532819415, 0.01376525649261265, 0.005489855205068971, 0.005114816985454729, 0.005136644249336521
2015-06-27, 0.09399467708837851, 0.06288209606986905, 0.15506881178522963, 0.1788145826375151, 0.3256853532819415, 0.01376525649261265, 0.005489855205068971, 0.005114816985454729, 0.005136644249336521
2015-06-27, 0.09399467708837851, 0.06288209606986905, 0.15506881178522963, 0.1788145826375151, 0.3256853532819415, 0.01376525649261265, 0.005489855205068971, 0.005114816985454729, 0.005136644249336521
2015-06-27, 0.09399467708837851, 0.06288209606986905, 0.15506881178522963, 0.1788145826375151, 0.3256853532819415, 0.01376525649261265, 0.005489855205068971, 0.005114816985454729, 0.005136644249336521
2015-06-27, 0.09399467708837851, 0.06288209606986905, 0.15506881178522963, 0.1788145826375151, 0.3256853532819415, 0.01376525649261265, 0.005489855205068971, 0.005114816985454729, 0.005136644249336521
2015-06-27, 0.07163709531171585, 0.2934497816593887, 0.10854816824966086, 0.10482234154612977, 0.049263330748528865, 0.0027530512985225316, 0.006862319006336213, 0.005114816985454743, 0.0022829529997051208
2015-06-27, 0.07620661968974912, 0.2934497816593887, 0.10079472766039921, 0.12640341186445037, 0.07115814441454175, 0.0, 0.008234782807603456, 0.0044754648622729, 0.005136644249336521
2015-06-27, 0.050720608491416866, 0.14672489082969445, 0.10079472766039921, 0.00924903013642327, 0.13410573370432885, 0.008259153895567594, 0.005489855205068971, 0.0, 0.0011414764998525604
2015-06-27, 0.053359150530860655, 0.18864628820960713, 0.046520643535568944, 0.027747090409269537, 0.14778999224558684, 0.008259153895567594, 0.005489855205068971, 0.0012787042463636858, 0.0011414764998525604
2015-05-28, 0.08255326101195123, 0.37729257641921404, 0.17057569296375263, 0.06782622100043695, 0.030105368790767778, 0.005506102597045063, 0.005489855205068971, 0.0019180563695455287, 0.0017122147497788405
2015-05-28, 0.1237862391573277, 0.1676855895196508, 0.15506881178522963, 0.24047478354700286, 0.39136979427997987, 0.01376525649261265, 0.004117391403801728, 0.006393521231818415, 0.011414764998525591
2015-05-28, 0.1237862391573277, 0.1676855895196508, 0.15506881178522963, 0.24047478354700286, 0.39136979427997987, 0.01376525649261265, 0.004117391403801728, 0.006393521231818415, 0.011414764998525591
2015-05-28, 0.1237862391573277, 0.1676855895196508, 0.15506881178522963, 0.24047478354700286, 0.39136979427997987, 0.01376525649261265, 0.004117391403801728, 0.006393521231818415, 0.011414764998525591
2015-05-28, 0.1237862391573277, 0.1676855895196508, 0.15506881178522963, 0.24047478354700286, 0.39136979427997987, 0.01376525649261265, 0.004117391403801728, 0.006393521231818415, 0.011414764998525591
2015-05-28, 0.1237862391573277, 0.1676855895196508, 0.15506881178522963, 0.24047478354700286, 0.39136979427997987, 0.01376525649261265, 0.004117391403801728, 0.006393521231818415, 0.011414764998525591
2015-05-28, 0.1237862391573277, 0.1676855895196508, 0.15506881178522963, 0.24047478354700286, 0.39136979427997987, 0.01376525649261265, 0.004117391403801728, 0.006393521231818415, 0.011414764998525591
2015-05-28, 0.1237862391573277, 0.1676855895196508, 0.15506881178522963, 0.24047478354700286, 0.39136979427997987, 0.01376525649261265, 0.004117391403801728, 0.006393521231818415, 0.011414764998525591
2015-05-28, 0.1237862391573277, 0.1676855895196508, 0.15506881178522963, 0.24047478354700286, 0.39136979427997987, 0.01376525649261265, 0.004117391403801728, 0.006393521231818415, 0.011414764998525591
2015-05-28, 0.1237862391573277, 0.1676855895196508, 0.15506881178522963, 0.24047478354700286, 0.39136979427997987, 0.01376525649261265, 0.004117391403801728, 0.006393521231818415, 0.011414764998525591
2015-05-28, 0.1237862391573277, 0.1676855895196508, 0.15506881178522963, 0.24047478354700286, 0.39136979427997987, 0.01376525649261265, 0.004117391403801728, 0.006393521231818415, 0.011414764998525591
2015-05-28, 0.08192029261142976, 0.3982532751091704, 0.10854816824966086, 0.01541505022737221, 0.11768462345481907, 0.008259153895567594, 0.005489855205068971, 0.0, 0.0017122147497788405
2015-05-28, 0.11767001479849454, 0.4820960698689958, 0.14731537119596816, 0.18498060272846403, 0.10126351320530953, 0.005506102597045063, 0.008234782807603456, 0.005114816985454743, 0.006848858999115362
2015-05-28, 0.15865047913064442, 0.02096069868995635, 0.16282225237449113, 0.4470364565937875, 0.5966336723988505, 0.022024410388180236, 0.0, 0.008311577601363944, 0.011414764998525591
2015-05-28, 0.08358528656663249, 0.3982532751091704, 0.15506881178522963, 0.08015826118233456, 0.008210555124754892, 0.008259153895567594, 0.005489855205068971, 0.006393521231818429, 0.006848858999115362
2015-04-28, 0.07008380206668152, 0.2724890829694323, 0.11630160883892218, 0.1079053515916041, 0.04652647904027732, 0.00825915389556758, 0.005489855205068971, 0.0025574084927273717, 0.0011414764998525604
2015-04-28, 0.12339123570906588, 0.16768558951965057, 0.1085481682496607, 0.2343087634560542, 0.45705423527801853, 0.011012205194090111, 0.0027449276025344853, 0.0006393521231818287, 0.005136644249336521
2015-04-28, 0.12339123570906588, 0.16768558951965057, 0.1085481682496607, 0.2343087634560542, 0.45705423527801853, 0.011012205194090111, 0.0027449276025344853, 0.0006393521231818287, 0.005136644249336521
2015-04-28, 0.12339123570906588, 0.16768558951965057, 0.1085481682496607, 0.2343087634560542, 0.45705423527801853, 0.011012205194090111, 0.0027449276025344853, 0.0006393521231818287, 0.005136644249336521
2015-04-28, 0.12339123570906588, 0.16768558951965057, 0.1085481682496607, 0.2343087634560542, 0.45705423527801853, 0.011012205194090111, 0.0027449276025344853, 0.0006393521231818287, 0.005136644249336521
2015-04-28, 0.12339123570906588, 0.16768558951965057, 0.1085481682496607, 0.2343087634560542, 0.45705423527801853, 0.011012205194090111, 0.0027449276025344853, 0.0006393521231818287, 0.005136644249336521
2015-04-28, 0.12339123570906588, 0.16768558951965057, 0.1085481682496607, 0.2343087634560542, 0.45705423527801853, 0.011012205194090111, 0.0027449276025344853, 0.0006393521231818287, 0.005136644249336521
2015-04-28, 0.12339123570906588, 0.16768558951965057, 0.1085481682496607, 0.2343087634560542, 0.45705423527801853, 0.011012205194090111, 0.0027449276025344853, 0.0006393521231818287, 0.005136644249336521
2015-04-28, 0.12339123570906588, 0.16768558951965057, 0.1085481682496607, 0.2343087634560542, 0.45705423527801853, 0.011012205194090111, 0.0027449276025344853, 0.0006393521231818287, 0.005136644249336521
2015-04-28, 0.12339123570906588, 0.16768558951965057, 0.1085481682496607, 0.2343087634560542, 0.45705423527801853, 0.011012205194090111, 0.0027449276025344853, 0.0006393521231818287, 0.005136644249336521
2015-04-28, 0.12339123570906588, 0.16768558951965057, 0.1085481682496607, 0.2343087634560542, 0.45705423527801853, 0.011012205194090111, 0.0027449276025344853, 0.0006393521231818287, 0.005136644249336521
2015-04-28, 0.07233661234035679, 0.2934497816593887, 0.1085481682496607, 0.08632428127328322, 0.07389499612279331, 0.005506102597045048, 0.005489855205068971, 0.0031967606159092146, 0.0022829529997051208
2015-04-28, 0.07596347614934962, 0.2934497816593887, 0.10079472766039921, 0.04316214063664148, 0.1505268439538384, 0.00825915389556758, 0.004117391403801728, 0.005114816985454743, 0.0022829529997051208
2015-04-28, 0.17353257786075837, 0.1257641921397381, 0.17057569296375244, 0.4408704365028388, 0.6157916343566118, 0.019271359089657696, 0.002744927602534478, 0.006393521231818415, 0.00684885899911535
2015-04-28, 0.10775553031146849, 0.48209606986899556, 0.09304128707113772, 0.1541505022737199, 0.10673721662181263, 0.005506102597045048, 0.005489855205068971, 0.007032873355000272, 0.007990335498967922
2015-03-29, 0.09799403308769186, 0.3982532751091704, 0.06978096530335359, 0.012332040181897604, 0.27642202253341236, 0.005506102597045063, 0.006862319006336213, 0.010229633970909473, 0.0045659059994102415
2015-03-29, 0.12039480919507085, 0.2934497816593887, 0.10079472766039956, 0.18806361277393838, 0.355790722072709, 0.011012205194090127, 0.0027449276025344853, 0.009590281847727644, 0.0017122147497788405
2015-03-29, 0.12039480919507085, 0.2934497816593887, 0.10079472766039956, 0.18806361277393838, 0.355790722072709, 0.011012205194090127, 0.0027449276025344853, 0.009590281847727644, 0.0017122147497788405
2015-03-29, 0.12039480919507085, 0.2934497816593887, 0.10079472766039956, 0.18806361277393838, 0.355790722072709, 0.011012205194090127, 0.0027449276025344853, 0.009590281847727644, 0.0017122147497788405
2015-03-29, 0.12039480919507085, 0.2934497816593887, 0.10079472766039956, 0.18806361277393838, 0.355790722072709, 0.011012205194090127, 0.0027449276025344853, 0.009590281847727644, 0.0017122147497788405
2015-03-29, 0.12039480919507085, 0.2934497816593887, 0.10079472766039956, 0.18806361277393838, 0.355790722072709, 0.011012205194090127, 0.0027449276025344853, 0.009590281847727644, 0.0017122147497788405
2015-03-29, 0.12039480919507085, 0.2934497816593887, 0.10079472766039956, 0.18806361277393838, 0.355790722072709, 0.011012205194090127, 0.0027449276025344853, 0.009590281847727644, 0.0017122147497788405
2015-03-29, 0.12039480919507085, 0.2934497816593887, 0.10079472766039956, 0.18806361277393838, 0.355790722072709, 0.011012205194090127, 0.0027449276025344853, 0.009590281847727644, 0.0017122147497788405
2015-03-29, 0.12039480919507085, 0.2934497816593887, 0.10079472766039956, 0.18806361277393838, 0.355790722072709, 0.011012205194090127, 0.0027449276025344853, 0.009590281847727644, 0.0017122147497788405
2015-03-29, 0.12039480919507085, 0.2934497816593887, 0.10079472766039956, 0.18806361277393838, 0.355790722072709, 0.011012205194090127, 0.0027449276025344853, 0.009590281847727644, 0.0017122147497788405
2015-03-29, 0.12039480919507085, 0.2934497816593887, 0.10079472766039956, 0.18806361277393838, 0.355790722072709, 0.011012205194090127, 0.0027449276025344853, 0.009590281847727644, 0.0017122147497788405
2015-03-29, 0.0749834155907478, 0.37729257641921404, 0.09304128707113789, 0.04316214063664148, 0.06568444099803841, 0.0027530512985225316, 0.005489855205068971, 0.009590281847727644, 0.002853691249631401
2015-03-29, 0.09639568807682268, 0.37729257641921404, 0.12405504942818385, 0.08940729131875755, 0.1505268439538384, 0.005506102597045063, 0.008234782807603456, 0.012147690340455, 0.003995167749483961
2015-03-29, 0.1135088667849043, 0.5030567685589519, 0.11630160883892253, 0.20656167304678463, 0.043789627332025766, 0.0027530512985225316, 0.006862319006336213, 0.017901859449091586, 0.010844026748599323
2015-03-29, 0.14789226250902968, 0.10480349344978175, 0.18608257414227578, 0.30521799450196546, 0.558317748483328, 0.01651830779113518, 0.0027449276025344853, 0.008311577601363957, 0.0011414764998525604
2015-02-27, 0.06949343805649102, 0.35633187772925773, 0.13956193060670682, 0.012332040181897604, 0.021894813666012883, 0.0027530512985225316, 0.006862319006336213, 0.012787042463636844, 0.003424429499557681
2015-02-27, 0.11756191004222208, 0.23056768558951984, 0.14731537119596833, 0.19731264291036138, 0.33936961182319947, 0.011012205194090127, 0.004117391403801728, 0.010229633970909473, 0.0005707382499262802
2015-02-27, 0.11756191004222208, 0.23056768558951984, 0.14731537119596833, 0.19731264291036138, 0.33936961182319947, 0.011012205194090127, 0.004117391403801728, 0.010229633970909473, 0.0005707382499262802
2015-02-27, 0.11756191004222208, 0.23056768558951984, 0.14731537119596833, 0.19731264291036138, 0.33936961182319947, 0.011012205194090127, 0.004117391403801728, 0.010229633970909473, 0.0005707382499262802
2015-02-27, 0.11756191004222208, 0.23056768558951984, 0.14731537119596833, 0.19731264291036138, 0.33936961182319947, 0.011012205194090127, 0.004117391403801728, 0.010229633970909473, 0.0005707382499262802
2015-02-27, 0.11756191004222208, 0.23056768558951984, 0.14731537119596833, 0.19731264291036138, 0.33936961182319947, 0.011012205194090127, 0.004117391403801728, 0.010229633970909473, 0.0005707382499262802
2015-02-27, 0.11756191004222208, 0.23056768558951984, 0.14731537119596833, 0.19731264291036138, 0.33936961182319947, 0.011012205194090127, 0.004117391403801728, 0.010229633970909473, 0.0005707382499262802
2015-02-27, 0.11756191004222208, 0.23056768558951984, 0.14731537119596833, 0.19731264291036138, 0.33936961182319947, 0.011012205194090127, 0.004117391403801728, 0.010229633970909473, 0.0005707382499262802
2015-02-27, 0.11756191004222208, 0.23056768558951984, 0.14731537119596833, 0.19731264291036138, 0.33936961182319947, 0.011012205194090127, 0.004117391403801728, 0.010229633970909473, 0.0005707382499262802
2015-02-27, 0.11756191004222208, 0.23056768558951984, 0.14731537119596833, 0.19731264291036138, 0.33936961182319947, 0.011012205194090127, 0.004117391403801728, 0.010229633970909473, 0.0005707382499262802
2015-02-27, 0.11756191004222208, 0.23056768558951984, 0.14731537119596833, 0.19731264291036138, 0.33936961182319947, 0.011012205194090127, 0.004117391403801728, 0.010229633970909473, 0.0005707382499262802
2015-02-27, 0.06827575334931442, 0.33537117903930136, 0.13180849001744535, 0.015415050227371935, 0.032842220499019324, 0.005506102597045063, 0.005489855205068971, 0.01406574671000053, 0.005707382499262802
2015-02-27, 0.09818472637685277, 0.2934497816593887, 0.12405504942818385, 0.1171543817280271, 0.22168498836838038, 0.008259153895567594, 0.0027449276025344853, 0.014705098833182372, 0.003424429499557681
2015-02-27, 0.0668376767109321, 0.33537117903930136, 0.10854816824966086, 0.04624515068211581, 0.010947406833006199, 0.0027530512985225316, 0.006862319006336213, 0.01598380307954606, 0.007990335498967922
2015-02-27, 0.10458968491786574, 0.4820960698689958, 0.10854816824966086, 0.11098836163707843, 0.10673721662181263, 0.0, 0.006862319006336213, 0.01406574671000053, 0.007419597249041642
2015-01-28, 0.09828555613751208, 0.4192139737991265, 0.14731537119596816, 0.18498060272846378, 0.002736851708251793, 0.005506102597045063, 0.0, 0.01854121157227343, 0.007990335498967922
2015-01-28, 0.09535036325290713, 0.25152838427947594, 0.15506881178522963, 0.012332040181897604, 0.32021164986543815, 0.011012205194090127, 0.0, 0.011508338217273172, 0.0011414764998525604
2015-01-28, 0.09535036325290713, 0.25152838427947594, 0.15506881178522963, 0.012332040181897604, 0.32021164986543815, 0.011012205194090127, 0.0, 0.011508338217273172, 0.0011414764998525604
2015-01-28, 0.09535036325290713, 0.25152838427947594, 0.15506881178522963, 0.012332040181897604, 0.32021164986543815, 0.011012205194090127, 0.0, 0.011508338217273172, 0.0011414764998525604
2015-01-28, 0.09535036325290713, 0.25152838427947594, 0.15506881178522963, 0.012332040181897604, 0.32021164986543815, 0.011012205194090127, 0.0, 0.011508338217273172, 0.0011414764998525604
2015-01-28, 0.09535036325290713, 0.25152838427947594, 0.15506881178522963, 0.012332040181897604, 0.32021164986543815, 0.011012205194090127, 0.0, 0.011508338217273172, 0.0011414764998525604
2015-01-28, 0.09535036325290713, 0.25152838427947594, 0.15506881178522963, 0.012332040181897604, 0.32021164986543815, 0.011012205194090127, 0.0, 0.011508338217273172, 0.0011414764998525604
2015-01-28, 0.09535036325290713, 0.25152838427947594, 0.15506881178522963, 0.012332040181897604, 0.32021164986543815, 0.011012205194090127, 0.0, 0.011508338217273172, 0.0011414764998525604
2015-01-28, 0.09535036325290713, 0.25152838427947594, 0.15506881178522963, 0.012332040181897604, 0.32021164986543815, 0.011012205194090127, 0.0, 0.011508338217273172, 0.0011414764998525604
2015-01-28, 0.09535036325290713, 0.25152838427947594, 0.15506881178522963, 0.012332040181897604, 0.32021164986543815, 0.011012205194090127, 0.0, 0.011508338217273172, 0.0011414764998525604
2015-01-28, 0.09535036325290713, 0.25152838427947594, 0.15506881178522963, 0.012332040181897604, 0.32021164986543815, 0.011012205194090127, 0.0, 0.011508338217273172, 0.0011414764998525604
2015-01-28, 0.10689867404958037, 0.314410480349345, 0.13956193060670682, 0.04007913059116742, 0.33389590840669636, 0.01376525649261265, 0.0027449276025344853, 0.009590281847727644, 0.0011414764998525604
2015-01-28, 0.17423211309318845, 0.6288209606986898, 0.11630160883892218, 0.3637951853659789, 0.2600009122839028, 0.0, 0.0027449276025344853, 0.015344450956364216, 0.006848858999115362
2015-01-28, 0.0965429901039209, 0.3772925764192138, 0.12405504942818385, 0.05857719086401341, 0.18610591616110952, 0.011012205194090127, 0.0013724638012672426, 0.012787042463636844, 0.0011414764998525604
2015-01-28, 0.10841425744139292, 0.48209606986899556, 0.11630160883892218, 0.20347866300131004, 0.038315923915522666, 0.008259153895567594, 0.0013724638012672426, 0.01406574671000053, 0.003424429499557681
2014-12-29, 0.09341592808334555, 0.2934497816593887, 0.03876720294630728, 0.15106749222824556, 0.23810609861788992, 0.008259153895567594, 0.0027449276025344853, 0.011508338217273172, 0.003424429499557681
2014-12-29, 0.09341592808334555, 0.2934497816593887, 0.03876720294630728, 0.15106749222824556, 0.23810609861788992, 0.008259153895567594, 0.0027449276025344853, 0.011508338217273172, 0.003424429499557681
2014-12-29, 0.09341592808334555, 0.2934497816593887, 0.03876720294630728, 0.15106749222824556, 0.23810609861788992, 0.008259153895567594, 0.0027449276025344853, 0.011508338217273172, 0.003424429499557681
2014-12-29, 0.09341592808334555, 0.2934497816593887, 0.03876720294630728, 0.15106749222824556, 0.23810609861788992, 0.008259153895567594, 0.0027449276025344853, 0.011508338217273172, 0.003424429499557681
2014-12-29, 0.09341592808334555, 0.2934497816593887, 0.03876720294630728, 0.15106749222824556, 0.23810609861788992, 0.008259153895567594, 0.0027449276025344853, 0.011508338217273172, 0.003424429499557681
2014-12-29, 0.09341592808334555, 0.2934497816593887, 0.03876720294630728, 0.15106749222824556, 0.23810609861788992, 0.008259153895567594, 0.0027449276025344853, 0.011508338217273172, 0.003424429499557681
2014-12-29, 0.09341592808334555, 0.2934497816593887, 0.03876720294630728, 0.15106749222824556, 0.23810609861788992, 0.008259153895567594, 0.0027449276025344853, 0.011508338217273172, 0.003424429499557681
2014-12-29, 0.09341592808334555, 0.2934497816593887, 0.03876720294630728, 0.15106749222824556, 0.23810609861788992, 0.008259153895567594, 0.0027449276025344853, 0.011508338217273172, 0.003424429499557681
2014-12-29, 0.09341592808334555, 0.2934497816593887, 0.03876720294630728, 0.15106749222824556, 0.23810609861788992, 0.008259153895567594, 0.0027449276025344853, 0.011508338217273172, 0.003424429499557681
2014-12-29, 0.09341592808334555, 0.2934497816593887, 0.03876720294630728, 0.15106749222824556, 0.23810609861788992, 0.008259153895567594, 0.0027449276025344853, 0.011508338217273172, 0.003424429499557681
2014-12-29, 0.09341592808334555, 0.2934497816593887, 0.03876720294630728, 0.15106749222824556, 0.23810609861788992, 0.008259153895567594, 0.0027449276025344853, 0.011508338217273172, 0.003424429499557681
2014-12-29, 0.1313285784567311, 0.6497816593886464, 0.031013762357045963, 0.1418184620918223, 0.19431647128586416, 0.0027530512985225316, 0.004117391403801728, 0.01598380307954606, 0.010844026748599323
2014-12-29, 0.07847589911901193, 0.2934497816593887, 0.0, 0.10790535159160382, 0.20252702641061907, 0.008259153895567594, 0.0013724638012672426, 0.010868986094091329, 0.003424429499557681
2014-12-29, 0.10140454608414307, 0.37729257641921404, 0.015506881178522981, 0.13565244200087337, 0.2600009122839028, 0.008259153895567594, 0.0013724638012672426, 0.010868986094091329, 0.002282952999705108
2014-12-29, 0.13520181774598242, 0.06288209606986905, 0.06202752471409175, 0.4162063561390436, 0.5063175660265476, 0.01651830779113518, 0.006862319006336205, 0.010229633970909487, 0.0005707382499262675
2014-11-29, 0.07630691453125397, 0.25152838427947594, 0.03876720294630745, 0.0955733114097065, 0.20526387811887062, 0.0055061025970450555, 0.0013724638012672426, 0.009590281847727644, 0.002853691249631401
2014-11-29, 0.07949639776557134, 0.16768558951965057, 0.062027524714091925, 0.11098836163707843, 0.27915887424166413, 0.0027530512985225316, 0.0, 0.012787042463636844, 0.0005707382499262802
2014-11-29, 0.07949639776557134, 0.16768558951965057, 0.062027524714091925, 0.11098836163707843, 0.27915887424166413, 0.0027530512985225316, 0.0, 0.012787042463636844, 0.0005707382499262802
2014-11-29, 0.07949639776557134, 0.16768558951965057, 0.062027524714091925, 0.11098836163707843, 0.27915887424166413, 0.0027530512985225316, 0.0, 0.012787042463636844, 0.0005707382499262802
2014-11-29, 0.07949639776557134, 0.16768558951965057, 0.062027524714091925, 0.11098836163707843, 0.27915887424166413, 0.0027530512985225316, 0.0, 0.012787042463636844, 0.0005707382499262802
2014-11-29, 0.07949639776557134, 0.16768558951965057, 0.062027524714091925, 0.11098836163707843, 0.27915887424166413, 0.0027530512985225316, 0.0, 0.012787042463636844, 0.0005707382499262802
2014-11-29, 0.07949639776557134, 0.16768558951965057, 0.062027524714091925, 0.11098836163707843, 0.27915887424166413, 0.0027530512985225316, 0.0, 0.012787042463636844, 0.0005707382499262802
2014-11-29, 0.07949639776557134, 0.16768558951965057, 0.062027524714091925, 0.11098836163707843, 0.27915887424166413, 0.0027530512985225316, 0.0, 0.012787042463636844, 0.0005707382499262802
2014-11-29, 0.07949639776557134, 0.16768558951965057, 0.062027524714091925, 0.11098836163707843, 0.27915887424166413, 0.0027530512985225316, 0.0, 0.012787042463636844, 0.0005707382499262802
2014-11-29, 0.07949639776557134, 0.16768558951965057, 0.062027524714091925, 0.11098836163707843, 0.27915887424166413, 0.0027530512985225316, 0.0, 0.012787042463636844, 0.0005707382499262802
2014-11-29, 0.07949639776557134, 0.16768558951965057, 0.062027524714091925, 0.11098836163707843, 0.27915887424166413, 0.0027530512985225316, 0.0, 0.012787042463636844, 0.0005707382499262802
2014-11-29, 0.1257833203407884, 0.5240174672489083, 0.0, 0.18806361277393824, 0.25726406057565104, 0.008259153895567594, 0.004117391403801728, 0.01598380307954606, 0.008561073748894203
2014-11-29, 0.13692886454194375, 0.06288209606986905, 0.0852878464818764, 0.46553451686663405, 0.4515805318615154, 0.013765256492612642, 0.005489855205068963, 0.005754169108636586, 0.005136644249336509
2014-11-29, 0.05358890426725331, 0.2934497816593884, 0.023260321767784472, 0.0339131105002182, 0.05200018245678066, 0.0027530512985225316, 0.0, 0.015344450956364216, 0.007990335498967922
2014-11-29, 0.07733753614130243, 0.3982532751091702, 0.0, 0.10482234154612949, 0.09578980978880619, 0.0027530512985225316, 0.0013724638012672426, 0.013426394586818687, 0.0022829529997051208
2014-10-30, 0.0715451003956587, 0.4192139737991265, 0.031013762357045963, 0.05857719086401341, 0.043789627332025766, 0.0027530512985225316, 0.0013724638012672426, 0.012787042463636844, 0.002853691249631401
2014-10-30, 0.08313749891962262, 0.31441048034934477, 0.015506881178522981, 0.13565244200087365, 0.18336906445285772, 0.0027530512985225316, 0.0027449276025344853, 0.0089509297245458, 0.0017122147497788405
2014-10-30, 0.08313749891962262, 0.31441048034934477, 0.015506881178522981, 0.13565244200087365, 0.18336906445285772, 0.0027530512985225316, 0.0027449276025344853, 0.0089509297245458, 0.0017122147497788405
2014-10-30, 0.08313749891962262, 0.31441048034934477, 0.015506881178522981, 0.13565244200087365, 0.18336906445285772, 0.0027530512985225316, 0.0027449276025344853, 0.0089509297245458, 0.0017122147497788405
2014-10-30, 0.08313749891962262, 0.31441048034934477, 0.015506881178522981, 0.13565244200087365, 0.18336906445285772, 0.0027530512985225316, 0.0027449276025344853, 0.0089509297245458, 0.0017122147497788405
2014-10-30, 0.08313749891962262, 0.31441048034934477, 0.015506881178522981, 0.13565244200087365, 0.18336906445285772, 0.0027530512985225316, 0.0027449276025344853, 0.0089509297245458, 0.0017122147497788405
2014-10-30, 0.08313749891962262, 0.31441048034934477, 0.015506881178522981, 0.13565244200087365, 0.18336906445285772, 0.0027530512985225316, 0.0027449276025344853, 0.0089509297245458, 0.0017122147497788405
2014-10-30, 0.08313749891962262, 0.31441048034934477, 0.015506881178522981, 0.13565244200087365, 0.18336906445285772, 0.0027530512985225316, 0.0027449276025344853, 0.0089509297245458, 0.0017122147497788405
2014-10-30, 0.08313749891962262, 0.31441048034934477, 0.015506881178522981, 0.13565244200087365, 0.18336906445285772, 0.0027530512985225316, 0.0027449276025344853, 0.0089509297245458, 0.0017122147497788405
2014-10-30, 0.08313749891962262, 0.31441048034934477, 0.015506881178522981, 0.13565244200087365, 0.18336906445285772, 0.0027530512985225316, 0.0027449276025344853, 0.0089509297245458, 0.0017122147497788405
2014-10-30, 0.08313749891962262, 0.31441048034934477, 0.015506881178522981, 0.13565244200087365, 0.18336906445285772, 0.0027530512985225316, 0.0027449276025344853, 0.0089509297245458, 0.0017122147497788405
2014-10-30, 0.0788325945321801, 0.48209606986899556, 0.03876720294630745, 0.04007913059116714, 0.043789627332025766, 0.005506102597045063, 0.005489855205068971, 0.011508338217273172, 0.003424429499557681
2014-10-30, 0.06528274459051774, 0.3772925764192138, 0.007753440589261491, 0.06782622100043668, 0.05200018245678066, 0.0027530512985225316, 0.0, 0.01406574671000053, 0.0005707382499262802
2014-10-30, 0.07187502987841027, 0.4192139737991265, 0.023260321767784472, 0.03699612054569281, 0.07936869953929665, 0.0027530512985225316, 0.0027449276025344853, 0.0089509297245458, 0.0017122147497788405
2014-10-30, 0.08884123870857596, 0.3982532751091702, 0.054274084124830264, 0.08632428127328322, 0.1532636956620902, 0.005506102597045063, 0.0013724638012672426, 0.008311577601363957, 0.0034244294995576683
2014-09-30, 0.06973314786902844, 0.23056768558951962, 0.10079472766039937, 0.12023739177350143, 0.09578980978880643, 0.0027530512985225316, 0.0027449276025344853, 0.0038361127390910575, 0.0011414764998525604
2014-09-30, 0.048377366178505965, 0.16768558951965057, 0.10079472766039937, 0.033913110500218474, 0.0766318478310451, 0.0, 0.0013724638012672426, 0.0031967606159092146, 0.0034244294995576683
2014-09-30, 0.048377366178505965, 0.16768558951965057, 0.10079472766039937, 0.033913110500218474, 0.0766318478310451, 0.0, 0.0013724638012672426, 0.0031967606159092146, 0.0034244294995576683
2014-09-30, 0.048377366178505965, 0.16768558951965057, 0.10079472766039937, 0.033913110500218474, 0.0766318478310451, 0.0, 0.0013724638012672426, 0.0031967606159092146, 0.0034244294995576683
2014-09-30, 0.048377366178505965, 0.16768558951965057, 0.10079472766039937, 0.033913110500218474, 0.0766318478310451, 0.0, 0.0013724638012672426, 0.0031967606159092146, 0.0034244294995576683
2014-09-30, 0.048377366178505965, 0.16768558951965057, 0.10079472766039937, 0.033913110500218474, 0.0766318478310451, 0.0, 0.0013724638012672426, 0.0031967606159092146, 0.0034244294995576683
2014-09-30, 0.048377366178505965, 0.16768558951965057, 0.10079472766039937, 0.033913110500218474, 0.0766318478310451, 0.0, 0.0013724638012672426, 0.0031967606159092146, 0.0034244294995576683
2014-09-30, 0.048377366178505965, 0.16768558951965057, 0.10079472766039937, 0.033913110500218474, 0.0766318478310451, 0.0, 0.0013724638012672426, 0.0031967606159092146, 0.0034244294995576683
2014-09-30, 0.048377366178505965, 0.16768558951965057, 0.10079472766039937, 0.033913110500218474, 0.0766318478310451, 0.0, 0.0013724638012672426, 0.0031967606159092146, 0.0034244294995576683
2014-09-30, 0.048377366178505965, 0.16768558951965057, 0.10079472766039937, 0.033913110500218474, 0.0766318478310451, 0.0, 0.0013724638012672426, 0.0031967606159092146, 0.0034244294995576683
2014-09-30, 0.048377366178505965, 0.16768558951965057, 0.10079472766039937, 0.033913110500218474, 0.0766318478310451, 0.0, 0.0013724638012672426, 0.0031967606159092146, 0.0034244294995576683
2014-09-30, 0.05319845248835375, 0.25152838427947594, 0.0775344058926149, 0.00924903013642327, 0.07115814441454175, 0.0027530512985225316, 0.004117391403801728, 0.006393521231818429, 0.002853691249631401
2014-09-30, 0.08020069505712306, 0.0, 0.13180849001744535, 0.19114662281941272, 0.29831683619942523, 0.005506102597045063, 0.005489855205068971, 0.0019180563695455287, 0.007419597249041629
2014-09-30, 0.15152016659891018, 0.4192139737991265, 0.0775344058926149, 0.3267990648202861, 0.36126442548921234, 0.00825915389556758, 0.0013724638012672275, 0.010868986094091315, 0.006848858999115362
2014-09-30, 0.1220077743506513, 0.10480349344978175, 0.13180849001744535, 0.3144670246383887, 0.39684349769648325, 0.008259153895567594, 0.009607246608870698, 0.0, 0.01027328849867303
2014-08-31, 0.05349918167252133, 0.12576419213973786, 0.046520643535568944, 0.04007913059116714, 0.20800072982712217, 0.0, 0.0013724638012672275, 0.005114816985454743, 0.0011414764998525604
2014-08-31, 0.05349918167252133, 0.12576419213973786, 0.046520643535568944, 0.04007913059116714, 0.20800072982712217, 0.0, 0.0013724638012672275, 0.005114816985454743, 0.0011414764998525604
2014-08-31, 0.05349918167252133, 0.12576419213973786, 0.046520643535568944, 0.04007913059116714, 0.20800072982712217, 0.0, 0.0013724638012672275, 0.005114816985454743, 0.0011414764998525604
2014-08-31, 0.05349918167252133, 0.12576419213973786, 0.046520643535568944, 0.04007913059116714, 0.20800072982712217, 0.0, 0.0013724638012672275, 0.005114816985454743, 0.0011414764998525604
2014-08-31, 0.05349918167252133, 0.12576419213973786, 0.046520643535568944, 0.04007913059116714, 0.20800072982712217, 0.0, 0.0013724638012672275, 0.005114816985454743, 0.0011414764998525604
2014-08-31, 0.05349918167252133, 0.12576419213973786, 0.046520643535568944, 0.04007913059116714, 0.20800072982712217, 0.0, 0.0013724638012672275, 0.005114816985454743, 0.0011414764998525604
2014-08-31, 0.05349918167252133, 0.12576419213973786, 0.046520643535568944, 0.04007913059116714, 0.20800072982712217, 0.0, 0.0013724638012672275, 0.005114816985454743, 0.0011414764998525604
2014-08-31, 0.05349918167252133, 0.12576419213973786, 0.046520643535568944, 0.04007913059116714, 0.20800072982712217, 0.0, 0.0013724638012672275, 0.005114816985454743, 0.0011414764998525604
2014-08-31, 0.05349918167252133, 0.12576419213973786, 0.046520643535568944, 0.04007913059116714, 0.20800072982712217, 0.0, 0.0013724638012672275, 0.005114816985454743, 0.0011414764998525604
2014-08-31, 0.05349918167252133, 0.12576419213973786, 0.046520643535568944, 0.04007913059116714, 0.20800072982712217, 0.0, 0.0013724638012672275, 0.005114816985454743, 0.0011414764998525604
2014-08-31, 0.05349918167252133, 0.12576419213973786, 0.046520643535568944, 0.04007913059116714, 0.20800072982712217, 0.0, 0.0013724638012672275, 0.005114816985454743, 0.0011414764998525604
2014-08-31, 0.1742080555896655, 0.4192139737991265, 0.10079472766039921, 0.38845926572977424, 0.454317383569767, 0.011012205194090111, 0.0013724638012672426, 0.012787042463636844, 0.005707382499262789
2014-08-31, 0.03682690892957253, 0.0838427947598254, 0.046520643535568944, 0.03699612054569281, 0.11221092003831597, 0.0027530512985225316, 0.004117391403801713, 0.007032873355000272, 0.0011414764998525604
2014-08-31, 0.051990434085559506, 0.16768558951965057, 0.05427408412483043, 0.12948642190992468, 0.049263330748528865, 0.0, 0.004117391403801713, 0.007672225478182115, 0.0034244294995576683
2014-08-31, 0.11198746125673446, 0.0838427947598254, 0.0775344058926149, 0.3391311050021837, 0.36673812890571544, 0.011012205194090118, 0.00823478280760344, 0.0025574084927273717, 0.006848858999115362
2014-08-01, 0.05337996233093718, 0.1676855895196508, 0.031013762357045963, 0.07707525113685995, 0.13957943712083196, 0.0027530512985225316, 0.0027449276025344853, 0.0044754648622729, 0.0017122147497788405
2014-08-01, 0.05290385532269718, 0.14672489082969445, 0.007753440589261491, 0.052411170773064744, 0.1997901747023675, 0.0027530512985225165, 0.004117391403801728, 0.005114816985454743, 0.0045659059994102415
2014-08-01, 0.05290385532269718, 0.14672489082969445, 0.007753440589261491, 0.052411170773064744, 0.1997901747023675, 0.0027530512985225165, 0.004117391403801728, 0.005114816985454743, 0.0045659059994102415
2014-08-01, 0.05290385532269718, 0.14672489082969445, 0.007753440589261491, 0.052411170773064744, 0.1997901747023675, 0.0027530512985225165, 0.004117391403801728, 0.005114816985454743, 0.0045659059994102415
2014-08-01, 0.05290385532269718, 0.14672489082969445, 0.007753440589261491, 0.052411170773064744, 0.1997901747023675, 0.0027530512985225165, 0.004117391403801728, 0.005114816985454743, 0.0045659059994102415
2014-08-01, 0.05290385532269718, 0.14672489082969445, 0.007753440589261491, 0.052411170773064744, 0.1997901747023675, 0.0027530512985225165, 0.004117391403801728, 0.005114816985454743, 0.0045659059994102415
2014-08-01, 0.05290385532269718, 0.14672489082969445, 0.007753440589261491, 0.052411170773064744, 0.1997901747023675, 0.0027530512985225165, 0.004117391403801728, 0.005114816985454743, 0.0045659059994102415
2014-08-01, 0.05290385532269718, 0.14672489082969445, 0.007753440589261491, 0.052411170773064744, 0.1997901747023675, 0.0027530512985225165, 0.004117391403801728, 0.005114816985454743, 0.0045659059994102415
2014-08-01, 0.05290385532269718, 0.14672489082969445, 0.007753440589261491, 0.052411170773064744, 0.1997901747023675, 0.0027530512985225165, 0.004117391403801728, 0.005114816985454743, 0.0045659059994102415
2014-08-01, 0.05290385532269718, 0.14672489082969445, 0.007753440589261491, 0.052411170773064744, 0.1997901747023675, 0.0027530512985225165, 0.004117391403801728, 0.005114816985454743, 0.0045659059994102415
2014-08-01, 0.05290385532269718, 0.14672489082969445, 0.007753440589261491, 0.052411170773064744, 0.1997901747023675, 0.0027530512985225165, 0.004117391403801728, 0.005114816985454743, 0.0045659059994102415
2014-08-01, 0.14782196529359223, 0.48209606986899556, 0.05427408412483043, 0.2959689643655422, 0.3174747981571866, 0.013765256492612657, 0.0, 0.012147690340455016, 0.006848858999115362
2014-08-01, 0.129483098968836, 0.16768558951965057, 0.031013762357045963, 0.37304421550240213, 0.4378962733202572, 0.00825915389556758, 0.010979710410137926, 0.0012787042463636715, 0.005707382499262802
2014-08-01, 0.0701649719336507, 0.0419213973799127, 0.007753440589261491, 0.2281427433651055, 0.2682114674086577, 0.005506102597045048, 0.0068623190063361985, 0.0006393521231818429, 0.0022829529997051208
2014-08-01, 0.0674319610752209, 0.314410480349345, 0.015506881178522981, 0.09865632145518055, 0.09031610637230308, 0.008259153895567594, 0.0, 0.008311577601363957, 0.003995167749483961
2014-07-02, 0.04972469502120225, 0.0419213973799127, 0.10079472766039937, 0.052411170773064744, 0.1970533229941157, 0.0, 0.0, 0.0044754648622729, 0.0011414764998525604
2014-07-02, 0.04972469502120225, 0.0419213973799127, 0.10079472766039937, 0.052411170773064744, 0.1970533229941157, 0.0, 0.0, 0.0044754648622729, 0.0011414764998525604
2014-07-02, 0.04972469502120225, 0.0419213973799127, 0.10079472766039937, 0.052411170773064744, 0.1970533229941157, 0.0, 0.0, 0.0044754648622729, 0.0011414764998525604
2014-07-02, 0.04972469502120225, 0.0419213973799127, 0.10079472766039937, 0.052411170773064744, 0.1970533229941157, 0.0, 0.0, 0.0044754648622729, 0.0011414764998525604
2014-07-02, 0.04972469502120225, 0.0419213973799127, 0.10079472766039937, 0.052411170773064744, 0.1970533229941157, 0.0, 0.0, 0.0044754648622729, 0.0011414764998525604
2014-07-02, 0.04972469502120225, 0.0419213973799127, 0.10079472766039937, 0.052411170773064744, 0.1970533229941157, 0.0, 0.0, 0.0044754648622729, 0.0011414764998525604
2014-07-02, 0.04972469502120225, 0.0419213973799127, 0.10079472766039937, 0.052411170773064744, 0.1970533229941157, 0.0, 0.0, 0.0044754648622729, 0.0011414764998525604
2014-07-02, 0.04972469502120225, 0.0419213973799127, 0.10079472766039937, 0.052411170773064744, 0.1970533229941157, 0.0, 0.0, 0.0044754648622729, 0.0011414764998525604
2014-07-02, 0.04972469502120225, 0.0419213973799127, 0.10079472766039937, 0.052411170773064744, 0.1970533229941157, 0.0, 0.0, 0.0044754648622729, 0.0011414764998525604
2014-07-02, 0.04972469502120225, 0.0419213973799127, 0.10079472766039937, 0.052411170773064744, 0.1970533229941157, 0.0, 0.0, 0.0044754648622729, 0.0011414764998525604
2014-07-02, 0.04972469502120225, 0.0419213973799127, 0.10079472766039937, 0.052411170773064744, 0.1970533229941157, 0.0, 0.0, 0.0044754648622729, 0.0011414764998525604
2014-07-02, 0.1598256776475337, 0.3772925764192138, 0.1860825741422756, 0.2898029442745935, 0.39136979427997987, 0.011012205194090127, 0.004117391403801728, 0.011508338217273172, 0.007419597249041629
2014-07-02, 0.06726584236127782, 0.0419213973799127, 0.17057569296375263, 0.14490147213729662, 0.16147425078684485, 0.005506102597045048, 0.0013724638012672275, 0.0089509297245458, 0.003424429499557681
2014-07-02, 0.03910668737891656, 0.10480349344978152, 0.15506881178522963, 0.009249030136422996, 0.02736851708251623, 0.0027530512985225165, 0.0013724638012672275, 0.007672225478182115, 0.0045659059994102415
2014-07-02, 0.1425629427009069, 0.18864628820960702, 0.06978096530335341, 0.4285383963209412, 0.4242120147789992, 0.013765256492612642, 0.0068623190063361985, 0.0012787042463636858, 0.007419597249041642
2014-06-02, 0.0651595725396319, 0.0, 0.13180849001744516, 0.31138401459291415, 0.06021073758153531, 0.0027530512985225316, 0.0027449276025344853, 0.0089509297245458, 0.003424429499557681
2014-06-02, 0.07958512242626391, 0.12576419213973786, 0.08528784648187622, 0.14798448218277097, 0.25726406057565104, 0.005506102597045048, 0.005489855205068956, 0.007672225478182115, 0.0017122147497788405
2014-06-02, 0.07958512242626391, 0.12576419213973786, 0.08528784648187622, 0.14798448218277097, 0.25726406057565104, 0.005506102597045048, 0.005489855205068956, 0.007672225478182115, 0.0017122147497788405
2014-06-02, 0.07958512242626391, 0.12576419213973786, 0.08528784648187622, 0.14798448218277097, 0.25726406057565104, 0.005506102597045048, 0.005489855205068956, 0.007672225478182115, 0.0017122147497788405
2014-06-02, 0.07958512242626391, 0.12576419213973786, 0.08528784648187622, 0.14798448218277097, 0.25726406057565104, 0.005506102597045048, 0.005489855205068956, 0.007672225478182115, 0.0017122147497788405
2014-06-02, 0.07958512242626391, 0.12576419213973786, 0.08528784648187622, 0.14798448218277097, 0.25726406057565104, 0.005506102597045048, 0.005489855205068956, 0.007672225478182115, 0.0017122147497788405
2014-06-02, 0.07958512242626391, 0.12576419213973786, 0.08528784648187622, 0.14798448218277097, 0.25726406057565104, 0.005506102597045048, 0.005489855205068956, 0.007672225478182115, 0.0017122147497788405
2014-06-02, 0.07958512242626391, 0.12576419213973786, 0.08528784648187622, 0.14798448218277097, 0.25726406057565104, 0.005506102597045048, 0.005489855205068956, 0.007672225478182115, 0.0017122147497788405
2014-06-02, 0.07958512242626391, 0.12576419213973786, 0.08528784648187622, 0.14798448218277097, 0.25726406057565104, 0.005506102597045048, 0.005489855205068956, 0.007672225478182115, 0.0017122147497788405
2014-06-02, 0.07958512242626391, 0.12576419213973786, 0.08528784648187622, 0.14798448218277097, 0.25726406057565104, 0.005506102597045048, 0.005489855205068956, 0.007672225478182115, 0.0017122147497788405
2014-06-02, 0.07958512242626391, 0.12576419213973786, 0.08528784648187622, 0.14798448218277097, 0.25726406057565104, 0.005506102597045048, 0.005489855205068956, 0.007672225478182115, 0.0017122147497788405
2014-06-02, 0.0641909800326965, 0.10480349344978152, 0.07753440589261473, 0.2466408036379518, 0.07115814441454175, 0.005506102597045048, 0.004117391403801728, 0.0031967606159092146, 0.0005707382499262802
2014-06-02, 0.10960383785758399, 0.1886462882096069, 0.11630160883892218, 0.40079130591167167, 0.1505268439538384, 0.0027530512985225316, 0.0013724638012672426, 0.009590281847727644, 0.00684885899911535
2014-06-02, 0.16090567308406856, 0.23056768558951962, 0.10079472766039921, 0.2836369241836446, 0.6376864480226248, 0.013765256492612642, 0.009607246608870683, 0.0031967606159092003, 0.00799033549896791
2014-06-02, 0.17122735685930374, 0.3772925764192138, 0.054274084124830264, 0.5641908383218147, 0.3503170186562059, 0.008259153895567594, 0.0027449276025344853, 0.007032873355000272, 0.005707382499262802
2014-05-03, 0.06706936329692481, 0.06288209606986905, 0.11630160883892218, 0.20964468309225898, 0.1368425854125804, 0.0027530512985225316, 0.0013724638012672426, 0.0044754648622729, 0.0022829529997051208
2014-05-03, 0.06411872791624501, 0.06288209606986882, 0.06978096530335325, 0.08632428127328295, 0.27915887424166413, 0.005506102597045048, 0.0027449276025344853, 0.0025574084927273717, 0.003995167749483961
2014-05-03, 0.06411872791624501, 0.06288209606986882, 0.06978096530335325, 0.08632428127328295, 0.27915887424166413, 0.005506102597045048, 0.0027449276025344853, 0.0025574084927273717, 0.003995167749483961
2014-05-03, 0.06411872791624501, 0.06288209606986882, 0.06978096530335325, 0.08632428127328295, 0.27915887424166413, 0.005506102597045048, 0.0027449276025344853, 0.0025574084927273717, 0.003995167749483961
2014-05-03, 0.06411872791624501, 0.06288209606986882, 0.06978096530335325, 0.08632428127328295, 0.27915887424166413, 0.005506102597045048, 0.0027449276025344853, 0.0025574084927273717, 0.003995167749483961
2014-05-03, 0.06411872791624501, 0.06288209606986882, 0.06978096530335325, 0.08632428127328295, 0.27915887424166413, 0.005506102597045048, 0.0027449276025344853, 0.0025574084927273717, 0.003995167749483961
2014-05-03, 0.06411872791624501, 0.06288209606986882, 0.06978096530335325, 0.08632428127328295, 0.27915887424166413, 0.005506102597045048, 0.0027449276025344853, 0.0025574084927273717, 0.003995167749483961
2014-05-03, 0.06411872791624501, 0.06288209606986882, 0.06978096530335325, 0.08632428127328295, 0.27915887424166413, 0.005506102597045048, 0.0027449276025344853, 0.0025574084927273717, 0.003995167749483961
2014-05-03, 0.06411872791624501, 0.06288209606986882, 0.06978096530335325, 0.08632428127328295, 0.27915887424166413, 0.005506102597045048, 0.0027449276025344853, 0.0025574084927273717, 0.003995167749483961
2014-05-03, 0.06411872791624501, 0.06288209606986882, 0.06978096530335325, 0.08632428127328295, 0.27915887424166413, 0.005506102597045048, 0.0027449276025344853, 0.0025574084927273717, 0.003995167749483961
2014-05-03, 0.06411872791624501, 0.06288209606986882, 0.06978096530335325, 0.08632428127328295, 0.27915887424166413, 0.005506102597045048, 0.0027449276025344853, 0.0025574084927273717, 0.003995167749483961
2014-05-03, 0.05345471636717099, 0.02096069868995635, 0.0, 0.015415050227371935, 0.3749486840304703, 0.005506102597045048, 0.004117391403801728, 0.0038361127390910575, 0.002853691249631401
2014-05-03, 0.05411387393900658, 0.02096069868995635, 0.09304128707113772, 0.015415050227371935, 0.29010628107467057, 0.005506102597045048, 0.0027449276025344853, 0.0, 0.005136644249336521
2014-05-03, 0.0626667026275287, 0.06288209606986882, 0.08528784648187622, 0.0339131105002182, 0.30652739132418017, 0.005506102597045048, 0.0013724638012672426, 0.0012787042463636858, 0.0045659059994102415
2014-05-03, 0.15042172930659786, 0.23056768558951984, 0.1085481682496607, 0.5241117077306476, 0.3174747981571866, 0.008259153895567594, 0.0027449276025344853, 0.007672225478182115, 0.003995167749483961
2014-04-03, 0.060515544441011405, 0.0, 0.10079472766039937, 0.18189759268298944, 0.18884276786936108, 0.005506102597045063, 0.0027449276025344853, 0.0031967606159092146, 0.0011414764998525604
2014-04-03, 0.035863335496583354, 0.02096069868995635, 0.015506881178522981, 0.08324127122780889, 0.1587373990785933, 0.0027530512985225316, 0.0, 0.0, 0.005707382499262802
2014-04-03, 0.035863335496583354, 0.02096069868995635, 0.015506881178522981, 0.08324127122780889, 0.1587373990785933, 0.0027530512985225316, 0.0, 0.0, 0.005707382499262802
2014-04-03, 0.035863335496583354, 0.02096069868995635, 0.015506881178522981, 0.08324127122780889, 0.1587373990785933, 0.0027530512985225316, 0.0, 0.0, 0.005707382499262802
2014-04-03, 0.035863335496583354, 0.02096069868995635, 0.015506881178522981, 0.08324127122780889, 0.1587373990785933, 0.0027530512985225316, 0.0, 0.0, 0.005707382499262802
2014-04-03, 0.035863335496583354, 0.02096069868995635, 0.015506881178522981, 0.08324127122780889, 0.1587373990785933, 0.0027530512985225316, 0.0, 0.0, 0.005707382499262802
2014-04-03, 0.035863335496583354, 0.02096069868995635, 0.015506881178522981, 0.08324127122780889, 0.1587373990785933, 0.0027530512985225316, 0.0, 0.0, 0.005707382499262802
2014-04-03, 0.035863335496583354, 0.02096069868995635, 0.015506881178522981, 0.08324127122780889, 0.1587373990785933, 0.0027530512985225316, 0.0, 0.0, 0.005707382499262802
2014-04-03, 0.035863335496583354, 0.02096069868995635, 0.015506881178522981, 0.08324127122780889, 0.1587373990785933, 0.0027530512985225316, 0.0, 0.0, 0.005707382499262802
2014-04-03, 0.035863335496583354, 0.02096069868995635, 0.015506881178522981, 0.08324127122780889, 0.1587373990785933, 0.0027530512985225316, 0.0, 0.0, 0.005707382499262802
2014-04-03, 0.035863335496583354, 0.02096069868995635, 0.015506881178522981, 0.08324127122780889, 0.1587373990785933, 0.0027530512985225316, 0.0, 0.0, 0.005707382499262802
2014-04-03, 0.130180954877797, 0.33537117903930136, 0.0775344058926149, 0.2836369241836446, 0.3229485015736897, 0.011012205194090111, 0.004117391403801728, 0.005114816985454743, 0.0017122147497788405
2014-04-03, 0.03961847606897503, 0.0838427947598254, 0.05427408412483043, 0.08940729131875755, 0.0766318478310451, 0.005506102597045063, 0.0013724638012672426, 0.0019180563695455144, 0.003995167749483961
2014-04-03, 0.17973748925842087, 0.23056768558951962, 0.10079472766039937, 0.4624515068211597, 0.6130547826483603, 0.016518307791135174, 0.008234782807603456, 0.0, 0.006278120749189082
2014-04-03, 0.05364199725262699, 0.0838427947598254, 0.0775344058926149, 0.13873545204634796, 0.12589517857957397, 0.0, 0.0, 0.0025574084927273717, 0.0005707382499262802
2014-03-04, 0.07394912151659733, 0.02096069868995635, 0.16282225237449113, 0.16031652236466884, 0.22442184007663193, 0.008259153895567594, 0.009607246608870683, 0.0006393521231818429, 0.0045659059994102415
2014-03-04, 0.07394912151659733, 0.02096069868995635, 0.16282225237449113, 0.16031652236466884, 0.22442184007663193, 0.008259153895567594, 0.009607246608870683, 0.0006393521231818429, 0.0045659059994102415
2014-03-04, 0.07394912151659733, 0.02096069868995635, 0.16282225237449113, 0.16031652236466884, 0.22442184007663193, 0.008259153895567594, 0.009607246608870683, 0.0006393521231818429, 0.0045659059994102415
2014-03-04, 0.07394912151659733, 0.02096069868995635, 0.16282225237449113, 0.16031652236466884, 0.22442184007663193, 0.008259153895567594, 0.009607246608870683, 0.0006393521231818429, 0.0045659059994102415
2014-03-04, 0.07394912151659733, 0.02096069868995635, 0.16282225237449113, 0.16031652236466884, 0.22442184007663193, 0.008259153895567594, 0.009607246608870683, 0.0006393521231818429, 0.0045659059994102415
2014-03-04, 0.07394912151659733, 0.02096069868995635, 0.16282225237449113, 0.16031652236466884, 0.22442184007663193, 0.008259153895567594, 0.009607246608870683, 0.0006393521231818429, 0.0045659059994102415
2014-03-04, 0.07394912151659733, 0.02096069868995635, 0.16282225237449113, 0.16031652236466884, 0.22442184007663193, 0.008259153895567594, 0.009607246608870683, 0.0006393521231818429, 0.0045659059994102415
2014-03-04, 0.07394912151659733, 0.02096069868995635, 0.16282225237449113, 0.16031652236466884, 0.22442184007663193, 0.008259153895567594, 0.009607246608870683, 0.0006393521231818429, 0.0045659059994102415
2014-03-04, 0.07394912151659733, 0.02096069868995635, 0.16282225237449113, 0.16031652236466884, 0.22442184007663193, 0.008259153895567594, 0.009607246608870683, 0.0006393521231818429, 0.0045659059994102415
2014-03-04, 0.07394912151659733, 0.02096069868995635, 0.16282225237449113, 0.16031652236466884, 0.22442184007663193, 0.008259153895567594, 0.009607246608870683, 0.0006393521231818429, 0.0045659059994102415
2014-03-04, 0.07394912151659733, 0.02096069868995635, 0.16282225237449113, 0.16031652236466884, 0.22442184007663193, 0.008259153895567594, 0.009607246608870683, 0.0006393521231818429, 0.0045659059994102415
2014-03-04, 0.10657060418867194, 0.33537117903930136, 0.1085481682496607, 0.1880636127739381, 0.20800072982712217, 0.0027530512985225165, 0.005489855205068956, 0.0031967606159092146, 0.0011414764998525604
2014-03-04, 0.09067489747948886, 0.0419213973799127, 0.1783291335530141, 0.1572335123191945, 0.3256853532819415, 0.008259153895567594, 0.010979710410137926, 0.0012787042463636858, 0.0017122147497788405
2014-03-04, 0.0706114677296538, 0.1257641921397381, 0.13956193060670666, 0.09249030136423216, 0.18610591616110952, 0.008259153895567594, 0.00823478280760344, 0.0044754648622729, 0.0
2014-03-04, 0.04484315372273531, 0.1257641921397381, 0.14731537119596816, 0.03699612054569253, 0.02736851708251623, 0.005506102597045063, 0.009607246608870683, 0.0044754648622729, 0.0017122147497788405
2014-02-02, 0.06364445985017785, 0.020960698689956116, 0.11630160883892218, 0.04624515068211608, 0.3120010947406835, 0.005506102597045063, 0.0068623190063361985, 0.0012787042463636858, 0.0
2014-02-02, 0.10518670826417101, 0.08384279475982516, 0.15506881178522963, 0.15723351231919425, 0.42147516307074767, 0.008259153895567594, 0.010979710410137926, 0.0006393521231818429, 0.003995167749483961
2014-02-02, 0.10518670826417101, 0.08384279475982516, 0.15506881178522963, 0.15723351231919425, 0.42147516307074767, 0.008259153895567594, 0.010979710410137926, 0.0006393521231818429, 0.003995167749483961
2014-02-02, 0.10518670826417101, 0.08384279475982516, 0.15506881178522963, 0.15723351231919425, 0.42147516307074767, 0.008259153895567594, 0.010979710410137926, 0.0006393521231818429, 0.003995167749483961
2014-02-02, 0.10518670826417101, 0.08384279475982516, 0.15506881178522963, 0.15723351231919425, 0.42147516307074767, 0.008259153895567594, 0.010979710410137926, 0.0006393521231818429, 0.003995167749483961
2014-02-02, 0.10518670826417101, 0.08384279475982516, 0.15506881178522963, 0.15723351231919425, 0.42147516307074767, 0.008259153895567594, 0.010979710410137926, 0.0006393521231818429, 0.003995167749483961
2014-02-02, 0.10518670826417101, 0.08384279475982516, 0.15506881178522963, 0.15723351231919425, 0.42147516307074767, 0.008259153895567594, 0.010979710410137926, 0.0006393521231818429, 0.003995167749483961
2014-02-02, 0.10518670826417101, 0.08384279475982516, 0.15506881178522963, 0.15723351231919425, 0.42147516307074767, 0.008259153895567594, 0.010979710410137926, 0.0006393521231818429, 0.003995167749483961
2014-02-02, 0.10518670826417101, 0.08384279475982516, 0.15506881178522963, 0.15723351231919425, 0.42147516307074767, 0.008259153895567594, 0.010979710410137926, 0.0006393521231818429, 0.003995167749483961
2014-02-02, 0.10518670826417101, 0.08384279475982516, 0.15506881178522963, 0.15723351231919425, 0.42147516307074767, 0.008259153895567594, 0.010979710410137926, 0.0006393521231818429, 0.003995167749483961
2014-02-02, 0.10518670826417101, 0.08384279475982516, 0.15506881178522963, 0.15723351231919425, 0.42147516307074767, 0.008259153895567594, 0.010979710410137926, 0.0006393521231818429, 0.003995167749483961
2014-02-02, 0.06020382893268143, 0.020960698689956116, 0.13180849001744516, 0.06166020090948802, 0.24905350545089638, 0.005506102597045063, 0.00823478280760344, 0.0038361127390910575, 0.0005707382499262802
2014-02-02, 0.052395421530420684, 0.10480349344978175, 0.10079472766039921, 0.06782622100043668, 0.12863203028782574, 0.0027530512985225316, 0.00823478280760344, 0.0038361127390910575, 0.0022829529997051208
2014-02-02, 0.08679784508968036, 0.2096069868995635, 0.17057569296375263, 0.23739177350152865, 0.0684212927062902, 0.0, 0.004117391403801713, 0.0025574084927273717, 0.0017122147497788405
2014-02-02, 0.21730065665718762, 0.31441048034934477, 0.20934289591006008, 0.3915422757752487, 0.777265885143457, 0.016518307791135174, 0.01784202941647414, 0.0006393521231818429, 0.01084402674859931
2014-01-03, 0.0735925925209869, 0.23056768558951962, 0.16282225237449113, 0.11098836163707843, 0.07389499612279354, 0.0, 0.005489855205068956, 0.0038361127390910575, 0.0011414764998525604
2014-01-03, 0.08311643713069898, 0.0419213973799127, 0.1783291335530141, 0.08940729131875755, 0.33389590840669636, 0.008259153895567594, 0.0068623190063361985, 0.005114816985454743, 0.0011414764998525604
2014-01-03, 0.08311643713069898, 0.0419213973799127, 0.1783291335530141, 0.08940729131875755, 0.33389590840669636, 0.008259153895567594, 0.0068623190063361985, 0.005114816985454743, 0.0011414764998525604
2014-01-03, 0.08311643713069898, 0.0419213973799127, 0.1783291335530141, 0.08940729131875755, 0.33389590840669636, 0.008259153895567594, 0.0068623190063361985, 0.005114816985454743, 0.0011414764998525604
2014-01-03, 0.08311643713069898, 0.0419213973799127, 0.1783291335530141, 0.08940729131875755, 0.33389590840669636, 0.008259153895567594, 0.0068623190063361985, 0.005114816985454743, 0.0011414764998525604
2014-01-03, 0.08311643713069898, 0.0419213973799127, 0.1783291335530141, 0.08940729131875755, 0.33389590840669636, 0.008259153895567594, 0.0068623190063361985, 0.005114816985454743, 0.0011414764998525604
2014-01-03, 0.08311643713069898, 0.0419213973799127, 0.1783291335530141, 0.08940729131875755, 0.33389590840669636, 0.008259153895567594, 0.0068623190063361985, 0.005114816985454743, 0.0011414764998525604
2014-01-03, 0.08311643713069898, 0.0419213973799127, 0.1783291335530141, 0.08940729131875755, 0.33389590840669636, 0.008259153895567594, 0.0068623190063361985, 0.005114816985454743, 0.0011414764998525604
2014-01-03, 0.08311643713069898, 0.0419213973799127, 0.1783291335530141, 0.08940729131875755, 0.33389590840669636, 0.008259153895567594, 0.0068623190063361985, 0.005114816985454743, 0.0011414764998525604
2014-01-03, 0.08311643713069898, 0.0419213973799127, 0.1783291335530141, 0.08940729131875755, 0.33389590840669636, 0.008259153895567594, 0.0068623190063361985, 0.005114816985454743, 0.0011414764998525604
2014-01-03, 0.08311643713069898, 0.0419213973799127, 0.1783291335530141, 0.08940729131875755, 0.33389590840669636, 0.008259153895567594, 0.0068623190063361985, 0.005114816985454743, 0.0011414764998525604
2014-01-03, 0.06919417795525307, 0.1676855895196508, 0.14731537119596816, 0.09865632145518083, 0.11768462345481931, 0.005506102597045063, 0.00823478280760344, 0.0044754648622729, 0.003995167749483961
2014-01-03, 0.0689158574438675, 0.14672489082969445, 0.16282225237449113, 0.04316214063664148, 0.18063221274460617, 0.005506102597045063, 0.0068623190063361985, 0.0044754648622729, 0.0011414764998525604
2014-01-03, 0.07808671036169407, 0.14672489082969445, 0.19383601473153708, 0.006166020090948665, 0.26273776399215437, 0.0027530512985225316, 0.005489855205068956, 0.0012787042463636715, 0.005707382499262802
2014-01-03, 0.22283409549971567, 0.25152838427947594, 0.20934289591006008, 0.456285486730211, 0.8292660676002374, 0.016518307791135174, 0.015097101813939653, 0.0006393521231818429, 0.003995167749483961
2013-12-04, 0.04602293308909204, 0.04192139737991247, 0.06978096530335341, 0.07399224109138534, 0.17242165761985154, 0.0027530512985225316, 0.004117391403801728, 0.0031967606159092146, 0.0
2013-12-04, 0.08140448583997324, 0.1467248908296942, 0.0852878464818764, 0.05549418081853935, 0.3448433152397028, 0.008259153895567594, 0.005489855205068971, 0.0, 0.005136644249336521
2013-12-04, 0.08140448583997324, 0.1467248908296942, 0.0852878464818764, 0.05549418081853935, 0.3448433152397028, 0.008259153895567594, 0.005489855205068971, 0.0, 0.005136644249336521
2013-12-04, 0.08140448583997324, 0.1467248908296942, 0.0852878464818764, 0.05549418081853935, 0.3448433152397028, 0.008259153895567594, 0.005489855205068971, 0.0, 0.005136644249336521
2013-12-04, 0.08140448583997324, 0.1467248908296942, 0.0852878464818764, 0.05549418081853935, 0.3448433152397028, 0.008259153895567594, 0.005489855205068971, 0.0, 0.005136644249336521
2013-12-04, 0.08140448583997324, 0.1467248908296942, 0.0852878464818764, 0.05549418081853935, 0.3448433152397028, 0.008259153895567594, 0.005489855205068971, 0.0, 0.005136644249336521
2013-12-04, 0.08140448583997324, 0.1467248908296942, 0.0852878464818764, 0.05549418081853935, 0.3448433152397028, 0.008259153895567594, 0.005489855205068971, 0.0, 0.005136644249336521
2013-12-04, 0.08140448583997324, 0.1467248908296942, 0.0852878464818764, 0.05549418081853935, 0.3448433152397028, 0.008259153895567594, 0.005489855205068971, 0.0, 0.005136644249336521
2013-12-04, 0.08140448583997324, 0.1467248908296942, 0.0852878464818764, 0.05549418081853935, 0.3448433152397028, 0.008259153895567594, 0.005489855205068971, 0.0, 0.005136644249336521
2013-12-04, 0.08140448583997324, 0.1467248908296942, 0.0852878464818764, 0.05549418081853935, 0.3448433152397028, 0.008259153895567594, 0.005489855205068971, 0.0, 0.005136644249336521
2013-12-04, 0.08140448583997324, 0.1467248908296942, 0.0852878464818764, 0.05549418081853935, 0.3448433152397028, 0.008259153895567594, 0.005489855205068971, 0.0, 0.005136644249336521
2013-12-04, 0.044701727621230064, 0.02096069868995635, 0.046520643535568944, 0.08015826118233428, 0.19705332299411596, 0.0027530512985225316, 0.004117391403801728, 0.0031967606159092146, 0.002853691249631401
2013-12-04, 0.04995122104334529, 0.0419213973799127, 0.09304128707113789, 0.22197672327415657, 0.03557907220727088, 0.0027530512985225165, 0.0, 0.0031967606159092146, 0.0011414764998525604
2013-12-04, 0.07417259208542419, 0.14672489082969445, 0.05427408412483043, 0.25897284381984936, 0.11768462345481907, 0.0027530512985225165, 0.0013724638012672426, 0.007032873355000272, 0.0045659059994102415
2013-12-04, 0.033697130529094524, 0.02096069868995635, 0.06978096530335341, 0.15106749222824542, 0.021894813666012883, 0.0, 0.0027449276025344853, 0.0025574084927273717, 0.0005707382499262802
2013-11-04, 0.04141593743504424, 0.02096069868995635, 0.1395619306067065, 0.06474321095496234, 0.09852666149705773, 0.0, 0.0, 0.006393521231818429, 0.0011414764998525604
2013-11-04, 0.13573087874043097, 0.2724890829694323, 0.14731537119596796, 0.2558898337743751, 0.3886329425717283, 0.011012205194090111, 0.0027449276025344853, 0.0031967606159092146, 0.0045659059994102415
2013-11-04, 0.13573087874043097, 0.2724890829694323, 0.14731537119596796, 0.2558898337743751, 0.3886329425717283, 0.011012205194090111, 0.0027449276025344853, 0.0031967606159092146, 0.0045659059994102415
2013-11-04, 0.13573087874043097, 0.2724890829694323, 0.14731537119596796, 0.2558898337743751, 0.3886329425717283, 0.011012205194090111, 0.0027449276025344853, 0.0031967606159092146, 0.0045659059994102415
2013-11-04, 0.13573087874043097, 0.2724890829694323, 0.14731537119596796, 0.2558898337743751, 0.3886329425717283, 0.011012205194090111, 0.0027449276025344853, 0.0031967606159092146, 0.0045659059994102415
2013-11-04, 0.13573087874043097, 0.2724890829694323, 0.14731537119596796, 0.2558898337743751, 0.3886329425717283, 0.011012205194090111, 0.0027449276025344853, 0.0031967606159092146, 0.0045659059994102415
2013-11-04, 0.13573087874043097, 0.2724890829694323, 0.14731537119596796, 0.2558898337743751, 0.3886329425717283, 0.011012205194090111, 0.0027449276025344853, 0.0031967606159092146, 0.0045659059994102415
2013-11-04, 0.13573087874043097, 0.2724890829694323, 0.14731537119596796, 0.2558898337743751, 0.3886329425717283, 0.011012205194090111, 0.0027449276025344853, 0.0031967606159092146, 0.0045659059994102415
2013-11-04, 0.13573087874043097, 0.2724890829694323, 0.14731537119596796, 0.2558898337743751, 0.3886329425717283, 0.011012205194090111, 0.0027449276025344853, 0.0031967606159092146, 0.0045659059994102415
2013-11-04, 0.13573087874043097, 0.2724890829694323, 0.14731537119596796, 0.2558898337743751, 0.3886329425717283, 0.011012205194090111, 0.0027449276025344853, 0.0031967606159092146, 0.0045659059994102415
2013-11-04, 0.13573087874043097, 0.2724890829694323, 0.14731537119596796, 0.2558898337743751, 0.3886329425717283, 0.011012205194090111, 0.0027449276025344853, 0.0031967606159092146, 0.0045659059994102415
2013-11-04, 0.05593860116714978, 0.06288209606986905, 0.18608257414227544, 0.1079053515916041, 0.08757925466405153, 0.0, 0.0, 0.0019180563695455287, 0.0011414764998525604
2013-11-04, 0.06400668547144285, 0.0838427947598254, 0.131808490017445, 0.16339953241014318, 0.12315832687132242, 0.005506102597045063, 0.0, 0.0031967606159092146, 0.0011414764998525604
2013-11-04, 0.03852568114648372, 0.0838427947598254, 0.15506881178522947, 0.024664080363795207, 0.032842220499019324, 0.005506102597045063, 0.0013724638012672426, 0.0031967606159092146, 0.0017122147497788405
2013-11-04, 0.046355852592496055, 0.0838427947598254, 0.15506881178522947, 0.04007913059116714, 0.07936869953929665, 0.0027530512985225316, 0.004117391403801728, 0.0044754648622729, 0.0011414764998525604
2013-10-05, 0.03021709458272367, 0.06288209606986905, 0.03876720294630762, 0.08940729131875755, 0.030105368790767778, 0.0027530512985225316, 0.0068623190063361985, 0.006393521231818429, 0.0045659059994102415
2013-10-05, 0.10024395076421636, 0.20960698689956325, 0.13956193060670682, 0.05857719086401368, 0.3804223874469737, 0.0, 0.00823478280760344, 0.0038361127390910575, 0.0017122147497788405
2013-10-05, 0.10024395076421636, 0.20960698689956325, 0.13956193060670682, 0.05857719086401368, 0.3804223874469737, 0.0, 0.00823478280760344, 0.0038361127390910575, 0.0017122147497788405
2013-10-05, 0.10024395076421636, 0.20960698689956325, 0.13956193060670682, 0.05857719086401368, 0.3804223874469737, 0.0, 0.00823478280760344, 0.0038361127390910575, 0.0017122147497788405
2013-10-05, 0.10024395076421636, 0.20960698689956325, 0.13956193060670682, 0.05857719086401368, 0.3804223874469737, 0.0, 0.00823478280760344, 0.0038361127390910575, 0.0017122147497788405
2013-10-05, 0.10024395076421636, 0.20960698689956325, 0.13956193060670682, 0.05857719086401368, 0.3804223874469737, 0.0, 0.00823478280760344, 0.0038361127390910575, 0.0017122147497788405
2013-10-05, 0.10024395076421636, 0.20960698689956325, 0.13956193060670682, 0.05857719086401368, 0.3804223874469737, 0.0, 0.00823478280760344, 0.0038361127390910575, 0.0017122147497788405
2013-10-05, 0.10024395076421636, 0.20960698689956325, 0.13956193060670682, 0.05857719086401368, 0.3804223874469737, 0.0, 0.00823478280760344, 0.0038361127390910575, 0.0017122147497788405
2013-10-05, 0.10024395076421636, 0.20960698689956325, 0.13956193060670682, 0.05857719086401368, 0.3804223874469737, 0.0, 0.00823478280760344, 0.0038361127390910575, 0.0017122147497788405
2013-10-05, 0.10024395076421636, 0.20960698689956325, 0.13956193060670682, 0.05857719086401368, 0.3804223874469737, 0.0, 0.00823478280760344, 0.0038361127390910575, 0.0017122147497788405
2013-10-05, 0.10024395076421636, 0.20960698689956325, 0.13956193060670682, 0.05857719086401368, 0.3804223874469737, 0.0, 0.00823478280760344, 0.0038361127390910575, 0.0017122147497788405
2013-10-05, 0.048460122094324334, 0.06288209606986905, 0.10854816824966086, 0.15106749222824556, 0.04652647904027732, 0.0027530512985225316, 0.0068623190063361985, 0.0044754648622729, 0.0045659059994102415
2013-10-05, 0.048558703891014875, 0.10480349344978175, 0.0775344058926149, 0.1664825424556175, 0.021894813666012883, 0.005506102597045063, 0.005489855205068956, 0.0044754648622729, 0.0022829529997051208
2013-10-05, 0.042457882262390174, 0.04192139737991247, 0.11630160883892236, 0.049328160727590414, 0.11768462345481907, 0.0027530512985225316, 0.004117391403801713, 0.0012787042463636858, 0.006278120749189082
2013-10-05, 0.09328261715426592, 0.1676855895196508, 0.13180849001744535, 0.26822187395627267, 0.1587373990785933, 0.011012205194090127, 0.00274492760253447, 0.0031967606159092146, 0.002853691249631401
2013-09-05, 0.045651391073931936, 0.06288209606986905, 0.09304128707113789, 0.1757315725920405, 0.0027368517082515496, 0.008259153895567594, 0.01372463801267241, 0.0025574084927273717, 0.006278120749189069
2013-09-05, 0.08955336652035169, 0.12576419213973786, 0.10079472766039937, 0.10173933150065516, 0.3585275737809608, 0.005506102597045063, 0.016469565615206898, 0.0019180563695455287, 0.005707382499262789
2013-09-05, 0.08955336652035169, 0.12576419213973786, 0.10079472766039937, 0.10173933150065516, 0.3585275737809608, 0.005506102597045063, 0.016469565615206898, 0.0019180563695455287, 0.005707382499262789
2013-09-05, 0.08955336652035169, 0.12576419213973786, 0.10079472766039937, 0.10173933150065516, 0.3585275737809608, 0.005506102597045063, 0.016469565615206898, 0.0019180563695455287, 0.005707382499262789
2013-09-05, 0.08955336652035169, 0.12576419213973786, 0.10079472766039937, 0.10173933150065516, 0.3585275737809608, 0.005506102597045063, 0.016469565615206898, 0.0019180563695455287, 0.005707382499262789
2013-09-05, 0.08955336652035169, 0.12576419213973786, 0.10079472766039937, 0.10173933150065516, 0.3585275737809608, 0.005506102597045063, 0.016469565615206898, 0.0019180563695455287, 0.005707382499262789
2013-09-05, 0.08955336652035169, 0.12576419213973786, 0.10079472766039937, 0.10173933150065516, 0.3585275737809608, 0.005506102597045063, 0.016469565615206898, 0.0019180563695455287, 0.005707382499262789
2013-09-05, 0.08955336652035169, 0.12576419213973786, 0.10079472766039937, 0.10173933150065516, 0.3585275737809608, 0.005506102597045063, 0.016469565615206898, 0.0019180563695455287, 0.005707382499262789
2013-09-05, 0.08955336652035169, 0.12576419213973786, 0.10079472766039937, 0.10173933150065516, 0.3585275737809608, 0.005506102597045063, 0.016469565615206898, 0.0019180563695455287, 0.005707382499262789
2013-09-05, 0.08955336652035169, 0.12576419213973786, 0.10079472766039937, 0.10173933150065516, 0.3585275737809608, 0.005506102597045063, 0.016469565615206898, 0.0019180563695455287, 0.005707382499262789
2013-09-05, 0.08955336652035169, 0.12576419213973786, 0.10079472766039937, 0.10173933150065516, 0.3585275737809608, 0.005506102597045063, 0.016469565615206898, 0.0019180563695455287, 0.005707382499262789
2013-09-05, 0.06003563242822025, 0.10480349344978175, 0.10854816824966086, 0.13256943195539903, 0.11221092003831597, 0.005506102597045063, 0.01372463801267241, 0.0006393521231818429, 0.002282952999705108
2013-09-05, 0.04947409413400736, 0.06288209606986905, 0.06978096530335341, 0.1788145826375151, 0.06021073758153531, 0.008259153895567594, 0.012352174211405168, 0.0006393521231818429, 0.0028536912496313883
2013-09-05, 0.0488451311498163, 0.0838427947598254, 0.10079472766039937, 0.1633995324101429, 0.013684258541257993, 0.013765256492612642, 0.012352174211405168, 0.0006393521231818429, 0.002282952999705108
2013-09-05, 0.04169989282619179, 0.0419213973799127, 0.0775344058926149, 0.15106749222824556, 0.03557907220727088, 0.011012205194090111, 0.012352174211405168, 0.0012787042463636858, 0.0028536912496313883
2013-08-06, 0.0823133317144735, 0.25152838427947594, 0.0775344058926149, 0.24664080363795207, 0.04105277562377422, 0.008259153895567594, 0.010979710410137941, 0.0076722254781821, 0.014839194498083273
2013-08-06, 0.08391496577555105, 0.02096069868995635, 0.12405504942818385, 0.024664080363795207, 0.454317383569767, 0.0027530512985225316, 0.013724638012672426, 0.010868986094091315, 0.01997583874741978
2013-08-06, 0.08391496577555105, 0.02096069868995635, 0.12405504942818385, 0.024664080363795207, 0.454317383569767, 0.0027530512985225316, 0.013724638012672426, 0.010868986094091315, 0.01997583874741978
2013-08-06, 0.08391496577555105, 0.02096069868995635, 0.12405504942818385, 0.024664080363795207, 0.454317383569767, 0.0027530512985225316, 0.013724638012672426, 0.010868986094091315, 0.01997583874741978
2013-08-06, 0.08391496577555105, 0.02096069868995635, 0.12405504942818385, 0.024664080363795207, 0.454317383569767, 0.0027530512985225316, 0.013724638012672426, 0.010868986094091315, 0.01997583874741978
2013-08-06, 0.08391496577555105, 0.02096069868995635, 0.12405504942818385, 0.024664080363795207, 0.454317383569767, 0.0027530512985225316, 0.013724638012672426, 0.010868986094091315, 0.01997583874741978
2013-08-06, 0.08391496577555105, 0.02096069868995635, 0.12405504942818385, 0.024664080363795207, 0.454317383569767, 0.0027530512985225316, 0.013724638012672426, 0.010868986094091315, 0.01997583874741978
2013-08-06, 0.08391496577555105, 0.02096069868995635, 0.12405504942818385, 0.024664080363795207, 0.454317383569767, 0.0027530512985225316, 0.013724638012672426, 0.010868986094091315, 0.01997583874741978
2013-08-06, 0.08391496577555105, 0.02096069868995635, 0.12405504942818385, 0.024664080363795207, 0.454317383569767, 0.0027530512985225316, 0.013724638012672426, 0.010868986094091315, 0.01997583874741978
2013-08-06, 0.08391496577555105, 0.02096069868995635, 0.12405504942818385, 0.024664080363795207, 0.454317383569767, 0.0027530512985225316, 0.013724638012672426, 0.010868986094091315, 0.01997583874741978
2013-08-06, 0.08391496577555105, 0.02096069868995635, 0.12405504942818385, 0.024664080363795207, 0.454317383569767, 0.0027530512985225316, 0.013724638012672426, 0.010868986094091315, 0.01997583874741978
2013-08-06, 0.07595071330177362, 0.1886462882096069, 0.12405504942818385, 0.22197672327415685, 0.024631665374264432, 0.011012205194090111, 0.012352174211405184, 0.008950929724545786, 0.015980670997935834
2013-08-06, 0.06981884818659376, 0.14672489082969445, 0.10079472766039937, 0.23430876345605445, 0.030105368790767778, 0.013765256492612642, 0.010979710410137941, 0.007032873355000258, 0.014839194498083273
2013-08-06, 0.06464417080557563, 0.06288209606986905, 0.10854816824966086, 0.2281427433651055, 0.07389499612279331, 0.005506102597045063, 0.015097101813939669, 0.0076722254781821, 0.015409932748009551
2013-08-06, 0.054279465726230075, 0.02096069868995635, 0.13956193060670666, 0.1171543817280271, 0.10947406833006443, 0.005506102597045063, 0.013724638012672426, 0.009590281847727629, 0.018263623997640942
2013-07-07, 0.045640905670801646, 0.06288209606986905, 0.0775344058926149, 0.055494180818539074, 0.13410573370432885, 0.005506102597045063, 0.008234782807603456, 0.0076722254781821, 0.013697717998230712
2013-07-07, 0.07503453485088213, 0.1467248908296942, 0.0852878464818764, 0.003083010045474606, 0.3174747981571866, 0.0027530512985225316, 0.010979710410137926, 0.013426394586818687, 0.02054657699734606
2013-07-07, 0.07503453485088213, 0.1467248908296942, 0.0852878464818764, 0.003083010045474606, 0.3174747981571866, 0.0027530512985225316, 0.010979710410137926, 0.013426394586818687, 0.02054657699734606
2013-07-07, 0.07503453485088213, 0.1467248908296942, 0.0852878464818764, 0.003083010045474606, 0.3174747981571866, 0.0027530512985225316, 0.010979710410137926, 0.013426394586818687, 0.02054657699734606
2013-07-07, 0.07503453485088213, 0.1467248908296942, 0.0852878464818764, 0.003083010045474606, 0.3174747981571866, 0.0027530512985225316, 0.010979710410137926, 0.013426394586818687, 0.02054657699734606
2013-07-07, 0.07503453485088213, 0.1467248908296942, 0.0852878464818764, 0.003083010045474606, 0.3174747981571866, 0.0027530512985225316, 0.010979710410137926, 0.013426394586818687, 0.02054657699734606
2013-07-07, 0.07503453485088213, 0.1467248908296942, 0.0852878464818764, 0.003083010045474606, 0.3174747981571866, 0.0027530512985225316, 0.010979710410137926, 0.013426394586818687, 0.02054657699734606
2013-07-07, 0.07503453485088213, 0.1467248908296942, 0.0852878464818764, 0.003083010045474606, 0.3174747981571866, 0.0027530512985225316, 0.010979710410137926, 0.013426394586818687, 0.02054657699734606
2013-07-07, 0.07503453485088213, 0.1467248908296942, 0.0852878464818764, 0.003083010045474606, 0.3174747981571866, 0.0027530512985225316, 0.010979710410137926, 0.013426394586818687, 0.02054657699734606
2013-07-07, 0.07503453485088213, 0.1467248908296942, 0.0852878464818764, 0.003083010045474606, 0.3174747981571866, 0.0027530512985225316, 0.010979710410137926, 0.013426394586818687, 0.02054657699734606
2013-07-07, 0.07503453485088213, 0.1467248908296942, 0.0852878464818764, 0.003083010045474606, 0.3174747981571866, 0.0027530512985225316, 0.010979710410137926, 0.013426394586818687, 0.02054657699734606
2013-07-07, 0.0477903718855891, 0.0419213973799127, 0.0775344058926149, 0.12332040181897576, 0.10673721662181287, 0.005506102597045063, 0.010979710410137926, 0.0031967606159092003, 0.013126979748304431
2013-07-07, 0.049286250021361694, 0.0419213973799127, 0.046520643535568944, 0.055494180818539074, 0.2080007298271224, 0.005506102597045063, 0.010979710410137926, 0.007032873355000258, 0.01883436224756722
2013-07-07, 0.2032562003898425, 0.35633187772925745, 0.13180849001744535, 0.4316214063664158, 0.6486338548556312, 0.008259153895567587, 0.01784202941647414, 0.012147690340455, 0.0194051004974935
2013-07-07, 0.09865602989758288, 0.18864628820960713, 0.03876720294630762, 0.3298820748657604, 0.1970533229941157, 0.013765256492612642, 0.008234782807603456, 0.0031967606159092003, 0.00970255024874675
2013-06-07, 0.05618355972748099, 0.10480349344978175, 0.007753440589261662, 0.01849806027284654, 0.27915887424166413, 0.011012205194090118, 0.012352174211405168, 0.004475464862272886, 0.011414764998525591
2013-06-07, 0.08779271091388072, 0.06288209606986882, 0.054274084124830604, 0.13565244200087365, 0.4077909045294897, 0.0055061025970450555, 0.01372463801267241, 0.0076722254781821, 0.014839194498083273
2013-06-07, 0.08779271091388072, 0.06288209606986882, 0.054274084124830604, 0.13565244200087365, 0.4077909045294897, 0.0055061025970450555, 0.01372463801267241, 0.0076722254781821, 0.014839194498083273
2013-06-07, 0.08779271091388072, 0.06288209606986882, 0.054274084124830604, 0.13565244200087365, 0.4077909045294897, 0.0055061025970450555, 0.01372463801267241, 0.0076722254781821, 0.014839194498083273
2013-06-07, 0.08779271091388072, 0.06288209606986882, 0.054274084124830604, 0.13565244200087365, 0.4077909045294897, 0.0055061025970450555, 0.01372463801267241, 0.0076722254781821, 0.014839194498083273
2013-06-07, 0.08779271091388072, 0.06288209606986882, 0.054274084124830604, 0.13565244200087365, 0.4077909045294897, 0.0055061025970450555, 0.01372463801267241, 0.0076722254781821, 0.014839194498083273
2013-06-07, 0.08779271091388072, 0.06288209606986882, 0.054274084124830604, 0.13565244200087365, 0.4077909045294897, 0.0055061025970450555, 0.01372463801267241, 0.0076722254781821, 0.014839194498083273
2013-06-07, 0.08779271091388072, 0.06288209606986882, 0.054274084124830604, 0.13565244200087365, 0.4077909045294897, 0.0055061025970450555, 0.01372463801267241, 0.0076722254781821, 0.014839194498083273
2013-06-07, 0.08779271091388072, 0.06288209606986882, 0.054274084124830604, 0.13565244200087365, 0.4077909045294897, 0.0055061025970450555, 0.01372463801267241, 0.0076722254781821, 0.014839194498083273
2013-06-07, 0.08779271091388072, 0.06288209606986882, 0.054274084124830604, 0.13565244200087365, 0.4077909045294897, 0.0055061025970450555, 0.01372463801267241, 0.0076722254781821, 0.014839194498083273
2013-06-07, 0.08779271091388072, 0.06288209606986882, 0.054274084124830604, 0.13565244200087365, 0.4077909045294897, 0.0055061025970450555, 0.01372463801267241, 0.0076722254781821, 0.014839194498083273
2013-06-07, 0.049190914289741525, 0.14672489082969445, 0.007753440589261662, 0.015415050227371935, 0.17789536103635462, 0.011012205194090118, 0.012352174211405168, 0.006393521231818415, 0.01598067099793582
2013-06-07, 0.07291747702961096, 0.23056768558951984, 0.007753440589261319, 0.09249030136423189, 0.20526387811887062, 0.01651830779113518, 0.008234782807603456, 0.0076722254781821, 0.014839194498083273
2013-06-07, 0.051214560622619185, 0.0419213973799127, 0.046520643535568944, 0.024664080363794933, 0.2545272088673997, 0.011012205194090118, 0.010979710410137941, 0.006393521231818415, 0.013697717998230712
2013-06-07, 0.06748050561088413, 0.0419213973799127, 0.015506881178522981, 0.09249030136423216, 0.342106463531451, 0.011012205194090118, 0.01372463801267241, 0.0076722254781821, 0.015409932748009551
2013-05-08, 0.07448706002385302, 0.2724890829694323, 0.015506881178522981, 0.01541505022737221, 0.26273776399215437, 0.013765256492612642, 0.012352174211405168, 0.0019180563695455287, 0.0017122147497788405
2013-05-08, 0.09760884666778864, 0.10480349344978175, 0.023260321767784645, 0.20656167304678463, 0.4187383113624961, 0.008259153895567587, 0.012352174211405168, 0.005754169108636572, 0.0011414764998525604
2013-05-08, 0.09760884666778864, 0.10480349344978175, 0.023260321767784645, 0.20656167304678463, 0.4187383113624961, 0.008259153895567587, 0.012352174211405168, 0.005754169108636572, 0.0011414764998525604
2013-05-08, 0.09760884666778864, 0.10480349344978175, 0.023260321767784645, 0.20656167304678463, 0.4187383113624961, 0.008259153895567587, 0.012352174211405168, 0.005754169108636572, 0.0011414764998525604
2013-05-08, 0.09760884666778864, 0.10480349344978175, 0.023260321767784645, 0.20656167304678463, 0.4187383113624961, 0.008259153895567587, 0.012352174211405168, 0.005754169108636572, 0.0011414764998525604
2013-05-08, 0.09760884666778864, 0.10480349344978175, 0.023260321767784645, 0.20656167304678463, 0.4187383113624961, 0.008259153895567587, 0.012352174211405168, 0.005754169108636572, 0.0011414764998525604
2013-05-08, 0.09760884666778864, 0.10480349344978175, 0.023260321767784645, 0.20656167304678463, 0.4187383113624961, 0.008259153895567587, 0.012352174211405168, 0.005754169108636572, 0.0011414764998525604
2013-05-08, 0.09760884666778864, 0.10480349344978175, 0.023260321767784645, 0.20656167304678463, 0.4187383113624961, 0.008259153895567587, 0.012352174211405168, 0.005754169108636572, 0.0011414764998525604
2013-05-08, 0.09760884666778864, 0.10480349344978175, 0.023260321767784645, 0.20656167304678463, 0.4187383113624961, 0.008259153895567587, 0.012352174211405168, 0.005754169108636572, 0.0011414764998525604
2013-05-08, 0.09760884666778864, 0.10480349344978175, 0.023260321767784645, 0.20656167304678463, 0.4187383113624961, 0.008259153895567587, 0.012352174211405168, 0.005754169108636572, 0.0011414764998525604
2013-05-08, 0.09760884666778864, 0.10480349344978175, 0.023260321767784645, 0.20656167304678463, 0.4187383113624961, 0.008259153895567587, 0.012352174211405168, 0.005754169108636572, 0.0011414764998525604
2013-05-08, 0.0871540714533904, 0.25152838427947594, 0.023260321767784645, 0.06166020090948802, 0.3256853532819412, 0.016518307791135174, 0.009607246608870683, 0.003836112739091043, 0.005136644249336509
2013-05-08, 0.06696062962540411, 0.2096069868995635, 0.054274084124830604, 0.012332040181897604, 0.2271586917848835, 0.016518307791135174, 0.009607246608870683, 0.004475464862272886, 0.0017122147497788405
2013-05-08, 0.08692926971293137, 0.37729257641921404, 0.10079472766039921, 0.03083010045474387, 0.1587373990785933, 0.013765256492612642, 0.009607246608870683, 0.003836112739091043, 0.0005707382499262802
2013-05-08, 0.14931176169462598, 0.08384279475982516, 0.007753440589261662, 0.3915422757752487, 0.6732655202298956, 0.0055061025970450555, 0.01372463801267241, 0.010868986094091315, 0.00799033549896791
2013-04-08, 0.07051653009274425, 0.1886462882096069, 0.054274084124830604, 0.01849806027284654, 0.24631665374264458, 0.0055061025970450555, 0.012352174211405168, 0.013426394586818687, 0.0251124829967563
2013-04-08, 0.0862430889864514, 0.06288209606986882, 0.0775344058926149, 0.13565244200087337, 0.35852757378096056, 0.0, 0.015097101813939653, 0.013426394586818687, 0.026824697746535144
2013-04-08, 0.0862430889864514, 0.06288209606986882, 0.0775344058926149, 0.13565244200087337, 0.35852757378096056, 0.0, 0.015097101813939653, 0.013426394586818687, 0.026824697746535144
2013-04-08, 0.0862430889864514, 0.06288209606986882, 0.0775344058926149, 0.13565244200087337, 0.35852757378096056, 0.0, 0.015097101813939653, 0.013426394586818687, 0.026824697746535144
2013-04-08, 0.0862430889864514, 0.06288209606986882, 0.0775344058926149, 0.13565244200087337, 0.35852757378096056, 0.0, 0.015097101813939653, 0.013426394586818687, 0.026824697746535144
2013-04-08, 0.0862430889864514, 0.06288209606986882, 0.0775344058926149, 0.13565244200087337, 0.35852757378096056, 0.0, 0.015097101813939653, 0.013426394586818687, 0.026824697746535144
2013-04-08, 0.0862430889864514, 0.06288209606986882, 0.0775344058926149, 0.13565244200087337, 0.35852757378096056, 0.0, 0.015097101813939653, 0.013426394586818687, 0.026824697746535144
2013-04-08, 0.0862430889864514, 0.06288209606986882, 0.0775344058926149, 0.13565244200087337, 0.35852757378096056, 0.0, 0.015097101813939653, 0.013426394586818687, 0.026824697746535144
2013-04-08, 0.0862430889864514, 0.06288209606986882, 0.0775344058926149, 0.13565244200087337, 0.35852757378096056, 0.0, 0.015097101813939653, 0.013426394586818687, 0.026824697746535144
2013-04-08, 0.0862430889864514, 0.06288209606986882, 0.0775344058926149, 0.13565244200087337, 0.35852757378096056, 0.0, 0.015097101813939653, 0.013426394586818687, 0.026824697746535144
2013-04-08, 0.0862430889864514, 0.06288209606986882, 0.0775344058926149, 0.13565244200087337, 0.35852757378096056, 0.0, 0.015097101813939653, 0.013426394586818687, 0.026824697746535144
2013-04-08, 0.0793702785034347, 0.20960698689956325, 0.08528784648187657, 0.03083010045474387, 0.2545272088673995, 0.0055061025970450555, 0.01372463801267241, 0.011508338217273158, 0.023971006496903743
2013-04-08, 0.0827298560261971, 0.23056768558951962, 0.09304128707113789, 0.006166020090948939, 0.28463257765816724, 0.0027530512985225316, 0.010979710410137926, 0.010868986094091315, 0.022829529997051182
2013-04-08, 0.09662957841002226, 0.35633187772925773, 0.12405504942818385, 0.1788145826375151, 0.0684212927062902, 0.011012205194090118, 0.009607246608870683, 0.007672225478182115, 0.01712214749778839
2013-04-08, 0.1686284138416463, 0.18864628820960713, 0.03876720294630762, 0.3514631451840813, 0.7061077407289149, 0.0027530512985225316, 0.017842029416474132, 0.0166231552027279, 0.026824697746535144
2013-03-09, 0.06401973192703553, 0.20960698689956325, 0.03876720294630728, 0.030830100454744144, 0.1915796195776126, 0.005506102597045063, 0.012352174211405168, 0.006393521231818429, 0.01712214749778839
2013-03-09, 0.09896557518596344, 0.23056768558951962, 0.03876720294630728, 0.11098836163707815, 0.36673812890571544, 0.0, 0.015097101813939653, 0.009590281847727629, 0.019975838747419792
2013-03-09, 0.09896557518596344, 0.23056768558951962, 0.03876720294630728, 0.11098836163707815, 0.36673812890571544, 0.0, 0.015097101813939653, 0.009590281847727629, 0.019975838747419792
2013-03-09, 0.09896557518596344, 0.23056768558951962, 0.03876720294630728, 0.11098836163707815, 0.36673812890571544, 0.0, 0.015097101813939653, 0.009590281847727629, 0.019975838747419792
2013-03-09, 0.09896557518596344, 0.23056768558951962, 0.03876720294630728, 0.11098836163707815, 0.36673812890571544, 0.0, 0.015097101813939653, 0.009590281847727629, 0.019975838747419792
2013-03-09, 0.09896557518596344, 0.23056768558951962, 0.03876720294630728, 0.11098836163707815, 0.36673812890571544, 0.0, 0.015097101813939653, 0.009590281847727629, 0.019975838747419792
2013-03-09, 0.09896557518596344, 0.23056768558951962, 0.03876720294630728, 0.11098836163707815, 0.36673812890571544, 0.0, 0.015097101813939653, 0.009590281847727629, 0.019975838747419792
2013-03-09, 0.09896557518596344, 0.23056768558951962, 0.03876720294630728, 0.11098836163707815, 0.36673812890571544, 0.0, 0.015097101813939653, 0.009590281847727629, 0.019975838747419792
2013-03-09, 0.09896557518596344, 0.23056768558951962, 0.03876720294630728, 0.11098836163707815, 0.36673812890571544, 0.0, 0.015097101813939653, 0.009590281847727629, 0.019975838747419792
2013-03-09, 0.09896557518596344, 0.23056768558951962, 0.03876720294630728, 0.11098836163707815, 0.36673812890571544, 0.0, 0.015097101813939653, 0.009590281847727629, 0.019975838747419792
2013-03-09, 0.09896557518596344, 0.23056768558951962, 0.03876720294630728, 0.11098836163707815, 0.36673812890571544, 0.0, 0.015097101813939653, 0.009590281847727629, 0.019975838747419792
2013-03-09, 0.07461377694217877, 0.314410480349345, 0.03876720294630728, 0.021581070318320874, 0.1778953610363544, 0.005506102597045063, 0.015097101813939653, 0.007672225478182115, 0.015980670997935834
2013-03-09, 0.06591545766054735, 0.314410480349345, 0.023260321767784645, 0.052411170773064744, 0.09305295808055464, 0.011012205194090118, 0.01372463801267241, 0.005754169108636586, 0.013697717998230712
2013-03-09, 0.06589622156656234, 0.25152838427947594, 0.03876720294630728, 0.07707525113685995, 0.11221092003831597, 0.011012205194090118, 0.012352174211405168, 0.007672225478182115, 0.016551409247862112
2013-03-09, 0.09429688878407072, 0.46113537117903947, 0.007753440589261319, 0.033913110500218474, 0.20526387811887062, 0.011012205194090118, 0.012352174211405168, 0.006393521231818429, 0.016551409247862112
2013-02-07, 0.07674763845349258, 0.2934497816593887, 0.046520643535568944, 0.0030830100454743324, 0.2271586917848835, 0.005506102597045063, 0.010979710410137926, 0.009590281847727629, 0.017692885747714673
2013-02-07, 0.08472319700432998, 0.10480349344978152, 0.015506881178522981, 0.12948642190992468, 0.3749486840304703, 0.0, 0.01372463801267241, 0.015344450956364216, 0.023971006496903743
2013-02-07, 0.08472319700432998, 0.10480349344978152, 0.015506881178522981, 0.12948642190992468, 0.3749486840304703, 0.0, 0.01372463801267241, 0.015344450956364216, 0.023971006496903743
2013-02-07, 0.08472319700432998, 0.10480349344978152, 0.015506881178522981, 0.12948642190992468, 0.3749486840304703, 0.0, 0.01372463801267241, 0.015344450956364216, 0.023971006496903743
2013-02-07, 0.08472319700432998, 0.10480349344978152, 0.015506881178522981, 0.12948642190992468, 0.3749486840304703, 0.0, 0.01372463801267241, 0.015344450956364216, 0.023971006496903743
2013-02-07, 0.08472319700432998, 0.10480349344978152, 0.015506881178522981, 0.12948642190992468, 0.3749486840304703, 0.0, 0.01372463801267241, 0.015344450956364216, 0.023971006496903743
2013-02-07, 0.08472319700432998, 0.10480349344978152, 0.015506881178522981, 0.12948642190992468, 0.3749486840304703, 0.0, 0.01372463801267241, 0.015344450956364216, 0.023971006496903743
2013-02-07, 0.08472319700432998, 0.10480349344978152, 0.015506881178522981, 0.12948642190992468, 0.3749486840304703, 0.0, 0.01372463801267241, 0.015344450956364216, 0.023971006496903743
2013-02-07, 0.08472319700432998, 0.10480349344978152, 0.015506881178522981, 0.12948642190992468, 0.3749486840304703, 0.0, 0.01372463801267241, 0.015344450956364216, 0.023971006496903743
2013-02-07, 0.08472319700432998, 0.10480349344978152, 0.015506881178522981, 0.12948642190992468, 0.3749486840304703, 0.0, 0.01372463801267241, 0.015344450956364216, 0.023971006496903743
2013-02-07, 0.08472319700432998, 0.10480349344978152, 0.015506881178522981, 0.12948642190992468, 0.3749486840304703, 0.0, 0.01372463801267241, 0.015344450956364216, 0.023971006496903743
2013-02-07, 0.07798945520863133, 0.2724890829694323, 0.08528784648187622, 0.012332040181897604, 0.20800072982712217, 0.005506102597045063, 0.01372463801267241, 0.008311577601363957, 0.018263623997640952
2013-02-07, 0.06782681234739861, 0.25152838427947594, 0.06978096530335325, 0.07707525113685995, 0.09578980978880643, 0.008259153895567587, 0.010979710410137926, 0.011508338217273158, 0.017692885747714673
2013-02-07, 0.11442924031119983, 0.46113537117903897, 0.08528784648187622, 0.2158107031832079, 0.10673721662181263, 0.01651830779113518, 0.0068623190063361985, 0.007672225478182115, 0.015409932748009551
2013-02-07, 0.17048927887757304, 0.18864628820960713, 0.03876720294630762, 0.38229324563882516, 0.6732655202298956, 0.008259153895567587, 0.01784202941647414, 0.021737972188182644, 0.033102818495724225
2013-01-08, 0.06880553024585492, 0.25152838427947594, 0.062027524714091925, 0.06474321095496234, 0.1423162888290835, 0.0027530512985225316, 0.010979710410137926, 0.006393521231818415, 0.009702550248746764
2013-01-08, 0.11330465505731808, 0.0, 0.10854816824966053, 0.25897284381984964, 0.49263330748528944, 0.0055061025970450555, 0.012352174211405168, 0.009590281847727629, 0.018834362247567234
2013-01-08, 0.11330465505731808, 0.0, 0.10854816824966053, 0.25897284381984964, 0.49263330748528944, 0.0055061025970450555, 0.012352174211405168, 0.009590281847727629, 0.018834362247567234
2013-01-08, 0.11330465505731808, 0.0, 0.10854816824966053, 0.25897284381984964, 0.49263330748528944, 0.0055061025970450555, 0.012352174211405168, 0.009590281847727629, 0.018834362247567234
2013-01-08, 0.11330465505731808, 0.0, 0.10854816824966053, 0.25897284381984964, 0.49263330748528944, 0.0055061025970450555, 0.012352174211405168, 0.009590281847727629, 0.018834362247567234
2013-01-08, 0.11330465505731808, 0.0, 0.10854816824966053, 0.25897284381984964, 0.49263330748528944, 0.0055061025970450555, 0.012352174211405168, 0.009590281847727629, 0.018834362247567234
2013-01-08, 0.11330465505731808, 0.0, 0.10854816824966053, 0.25897284381984964, 0.49263330748528944, 0.0055061025970450555, 0.012352174211405168, 0.009590281847727629, 0.018834362247567234
2013-01-08, 0.11330465505731808, 0.0, 0.10854816824966053, 0.25897284381984964, 0.49263330748528944, 0.0055061025970450555, 0.012352174211405168, 0.009590281847727629, 0.018834362247567234
2013-01-08, 0.11330465505731808, 0.0, 0.10854816824966053, 0.25897284381984964, 0.49263330748528944, 0.0055061025970450555, 0.012352174211405168, 0.009590281847727629, 0.018834362247567234
2013-01-08, 0.11330465505731808, 0.0, 0.10854816824966053, 0.25897284381984964, 0.49263330748528944, 0.0055061025970450555, 0.012352174211405168, 0.009590281847727629, 0.018834362247567234
2013-01-08, 0.11330465505731808, 0.0, 0.10854816824966053, 0.25897284381984964, 0.49263330748528944, 0.0055061025970450555, 0.012352174211405168, 0.009590281847727629, 0.018834362247567234
2013-01-08, 0.06167163794887312, 0.1886462882096069, 0.06978096530335325, 0.09865632145518055, 0.10400036491356109, 0.0027530512985225316, 0.00823478280760344, 0.007032873355000258, 0.014268456248156992
2013-01-08, 0.09387351571842825, 0.25152838427947594, 0.11630160883892218, 0.049328160727590414, 0.3010536879076768, 0.0027530512985225316, 0.012352174211405168, 0.005114816985454729, 0.01255624149837815
2013-01-08, 0.07587659819099488, 0.2934497816593887, 0.0775344058926149, 0.12948642190992468, 0.07389499612279331, 0.005506102597045063, 0.009607246608870683, 0.003836112739091043, 0.013697717998230712
2013-01-08, 0.05947816778912661, 0.25152838427947594, 0.06978096530335325, 0.09249030136423189, 0.038315923915522423, 0.0027530512985225316, 0.010979710410137926, 0.0025574084927273573, 0.007419597249041642
2012-12-09, 0.0900791044983926, 0.4401746724890831, 0.10079472766039956, 0.049328160727590414, 0.10126351320530953, 0.011012205194090111, 0.012352174211405184, 0.0, 0.005707382499262802
2012-12-09, 0.12075371757467897, 0.16768558951965057, 0.10079472766039956, 0.20347866300131004, 0.44884368015326365, 0.0027530512985225316, 0.016469565615206898, 0.008311577601363957, 0.017692885747714673
2012-12-09, 0.12075371757467897, 0.16768558951965057, 0.10079472766039956, 0.20347866300131004, 0.44884368015326365, 0.0027530512985225316, 0.016469565615206898, 0.008311577601363957, 0.017692885747714673
2012-12-09, 0.12075371757467897, 0.16768558951965057, 0.10079472766039956, 0.20347866300131004, 0.44884368015326365, 0.0027530512985225316, 0.016469565615206898, 0.008311577601363957, 0.017692885747714673
2012-12-09, 0.12075371757467897, 0.16768558951965057, 0.10079472766039956, 0.20347866300131004, 0.44884368015326365, 0.0027530512985225316, 0.016469565615206898, 0.008311577601363957, 0.017692885747714673
2012-12-09, 0.12075371757467897, 0.16768558951965057, 0.10079472766039956, 0.20347866300131004, 0.44884368015326365, 0.0027530512985225316, 0.016469565615206898, 0.008311577601363957, 0.017692885747714673
2012-12-09, 0.12075371757467897, 0.16768558951965057, 0.10079472766039956, 0.20347866300131004, 0.44884368015326365, 0.0027530512985225316, 0.016469565615206898, 0.008311577601363957, 0.017692885747714673
2012-12-09, 0.12075371757467897, 0.16768558951965057, 0.10079472766039956, 0.20347866300131004, 0.44884368015326365, 0.0027530512985225316, 0.016469565615206898, 0.008311577601363957, 0.017692885747714673
2012-12-09, 0.12075371757467897, 0.16768558951965057, 0.10079472766039956, 0.20347866300131004, 0.44884368015326365, 0.0027530512985225316, 0.016469565615206898, 0.008311577601363957, 0.017692885747714673
2012-12-09, 0.12075371757467897, 0.16768558951965057, 0.10079472766039956, 0.20347866300131004, 0.44884368015326365, 0.0027530512985225316, 0.016469565615206898, 0.008311577601363957, 0.017692885747714673
2012-12-09, 0.12075371757467897, 0.16768558951965057, 0.10079472766039956, 0.20347866300131004, 0.44884368015326365, 0.0027530512985225316, 0.016469565615206898, 0.008311577601363957, 0.017692885747714673
2012-12-09, 0.08797993223610537, 0.3982532751091704, 0.11630160883892253, 0.15106749222824556, 0.0027368517082515496, 0.013765256492612642, 0.013724638012672426, 0.0, 0.007990335498967922
2012-12-09, 0.09202705157156535, 0.4401746724890831, 0.11630160883892253, 0.1418184620918223, 0.008210555124754892, 0.011012205194090111, 0.012352174211405184, 0.0006393521231818429, 0.005707382499262802
2012-12-09, 0.24232154541913717, 0.23056768558951962, 0.255863539445629, 0.5395267579580196, 0.8511608812662502, 0.0055061025970450555, 0.01784202941647414, 0.014705098833182372, 0.023400268246977475
2012-12-09, 0.124939554712665, 0.5659388646288207, 0.11630160883892253, 0.20039565295583597, 0.07936869953929665, 0.019271359089657707, 0.010979710410137941, 0.003836112739091043, 0.003424429499557681
2012-11-09, 0.09144753221245439, 0.35633187772925745, 0.18608257414227544, 0.04624515068211581, 0.10947406833006418, 0.013765256492612642, 0.012352174211405184, 0.0044754648622729, 0.002853691249631401
2012-11-09, 0.14044397288667362, 0.14672489082969445, 0.1783291335530141, 0.2959689643655422, 0.4707384938192765, 0.005506102597045063, 0.015097101813939653, 0.0031967606159092146, 0.00799033549896791
2012-11-09, 0.14044397288667362, 0.14672489082969445, 0.1783291335530141, 0.2959689643655422, 0.4707384938192765, 0.005506102597045063, 0.015097101813939653, 0.0031967606159092146, 0.00799033549896791
2012-11-09, 0.14044397288667362, 0.14672489082969445, 0.1783291335530141, 0.2959689643655422, 0.4707384938192765, 0.005506102597045063, 0.015097101813939653, 0.0031967606159092146, 0.00799033549896791
2012-11-09, 0.14044397288667362, 0.14672489082969445, 0.1783291335530141, 0.2959689643655422, 0.4707384938192765, 0.005506102597045063, 0.015097101813939653, 0.0031967606159092146, 0.00799033549896791
2012-11-09, 0.14044397288667362, 0.14672489082969445, 0.1783291335530141, 0.2959689643655422, 0.4707384938192765, 0.005506102597045063, 0.015097101813939653, 0.0031967606159092146, 0.00799033549896791
2012-11-09, 0.14044397288667362, 0.14672489082969445, 0.1783291335530141, 0.2959689643655422, 0.4707384938192765, 0.005506102597045063, 0.015097101813939653, 0.0031967606159092146, 0.00799033549896791
2012-11-09, 0.14044397288667362, 0.14672489082969445, 0.1783291335530141, 0.2959689643655422, 0.4707384938192765, 0.005506102597045063, 0.015097101813939653, 0.0031967606159092146, 0.00799033549896791
2012-11-09, 0.14044397288667362, 0.14672489082969445, 0.1783291335530141, 0.2959689643655422, 0.4707384938192765, 0.005506102597045063, 0.015097101813939653, 0.0031967606159092146, 0.00799033549896791
2012-11-09, 0.14044397288667362, 0.14672489082969445, 0.1783291335530141, 0.2959689643655422, 0.4707384938192765, 0.005506102597045063, 0.015097101813939653, 0.0031967606159092146, 0.00799033549896791
2012-11-09, 0.14044397288667362, 0.14672489082969445, 0.1783291335530141, 0.2959689643655422, 0.4707384938192765, 0.005506102597045063, 0.015097101813939653, 0.0031967606159092146, 0.00799033549896791
2012-11-09, 0.09526231377340763, 0.3982532751091702, 0.16282225237449113, 0.012332040181897604, 0.1587373990785933, 0.013765256492612642, 0.012352174211405184, 0.0038361127390910575, 0.0
2012-11-09, 0.10616366982795664, 0.33537117903930114, 0.1783291335530141, 0.07707525113685995, 0.22989554349313504, 0.011012205194090111, 0.012352174211405184, 0.0012787042463636858, 0.003995167749483961
2012-11-09, 0.0930734864853047, 0.5240174672489083, 0.1550688117852298, 0.0030830100454743324, 0.030105368790767535, 0.016518307791135174, 0.009607246608870698, 0.0044754648622729, 0.0017122147497788405
2012-11-09, 0.10948857218181404, 0.5030567685589519, 0.1783291335530141, 0.13873545204634768, 0.02736851708251623, 0.013765256492612642, 0.009607246608870698, 0.0044754648622729, 0.0005707382499262802
2012-10-10, 0.10844904128957197, 0.48209606986899556, 0.10079472766039921, 0.10790535159160382, 0.15873739907859305, 0.00825915389556758, 0.0027449276025344853, 0.0019180563695455287, 0.005136644249336509
2012-10-10, 0.13116843327198102, 0.1676855895196508, 0.12405504942818385, 0.1664825424556175, 0.5720020070245858, 0.0, 0.0068623190063361985, 0.0025574084927273717, 0.00970255024874675
2012-10-10, 0.13116843327198102, 0.1676855895196508, 0.12405504942818385, 0.1664825424556175, 0.5720020070245858, 0.0, 0.0068623190063361985, 0.0025574084927273717, 0.00970255024874675
2012-10-10, 0.13116843327198102, 0.1676855895196508, 0.12405504942818385, 0.1664825424556175, 0.5720020070245858, 0.0, 0.0068623190063361985, 0.0025574084927273717, 0.00970255024874675
2012-10-10, 0.13116843327198102, 0.1676855895196508, 0.12405504942818385, 0.1664825424556175, 0.5720020070245858, 0.0, 0.0068623190063361985, 0.0025574084927273717, 0.00970255024874675
2012-10-10, 0.13116843327198102, 0.1676855895196508, 0.12405504942818385, 0.1664825424556175, 0.5720020070245858, 0.0, 0.0068623190063361985, 0.0025574084927273717, 0.00970255024874675
2012-10-10, 0.13116843327198102, 0.1676855895196508, 0.12405504942818385, 0.1664825424556175, 0.5720020070245858, 0.0, 0.0068623190063361985, 0.0025574084927273717, 0.00970255024874675
2012-10-10, 0.13116843327198102, 0.1676855895196508, 0.12405504942818385, 0.1664825424556175, 0.5720020070245858, 0.0, 0.0068623190063361985, 0.0025574084927273717, 0.00970255024874675
2012-10-10, 0.13116843327198102, 0.1676855895196508, 0.12405504942818385, 0.1664825424556175, 0.5720020070245858, 0.0, 0.0068623190063361985, 0.0025574084927273717, 0.00970255024874675
2012-10-10, 0.13116843327198102, 0.1676855895196508, 0.12405504942818385, 0.1664825424556175, 0.5720020070245858, 0.0, 0.0068623190063361985, 0.0025574084927273717, 0.00970255024874675
2012-10-10, 0.13116843327198102, 0.1676855895196508, 0.12405504942818385, 0.1664825424556175, 0.5720020070245858, 0.0, 0.0068623190063361985, 0.0025574084927273717, 0.00970255024874675
2012-10-10, 0.10859884274149981, 0.5240174672489083, 0.10079472766039921, 0.08324127122780861, 0.14778999224558684, 0.00825915389556758, 0.004117391403801728, 0.0, 0.0005707382499262802
2012-10-10, 0.18684643677227916, 0.1257641921397381, 0.23260321767784436, 0.40079130591167195, 0.6896866304794054, 0.008259153895567594, 0.009607246608870683, 0.011508338217273158, 0.016551409247862112
2012-10-10, 0.12051678177585202, 0.6497816593886464, 0.08528784648187622, 0.18189759268298944, 0.024631665374264432, 0.013765256492612642, 0.0013724638012672426, 0.005114816985454729, 0.0022829529997051208
2012-10-10, 0.11029912638369847, 0.4192139737991265, 0.10854816824966086, 0.05857719086401341, 0.27094831911690903, 0.005506102597045048, 0.005489855205068971, 0.0038361127390910575, 0.01027328849867303
2012-09-10, 0.13162690624749734, 0.7545851528384276, 0.03101376235704562, 0.22197672327415685, 0.032842220499019324, 0.00825915389556758, 0.0, 0.0031967606159092146, 0.0011414764998525604
2012-09-10, 0.08808868274476246, 0.2934497816593884, 0.10079472766039921, 0.012332040181897604, 0.2736851708251608, 0.0027530512985225165, 0.0027449276025344853, 0.006393521231818429, 0.01255624149837815
2012-09-10, 0.08808868274476246, 0.2934497816593884, 0.10079472766039921, 0.012332040181897604, 0.2736851708251608, 0.0027530512985225165, 0.0027449276025344853, 0.006393521231818429, 0.01255624149837815
2012-09-10, 0.08808868274476246, 0.2934497816593884, 0.10079472766039921, 0.012332040181897604, 0.2736851708251608, 0.0027530512985225165, 0.0027449276025344853, 0.006393521231818429, 0.01255624149837815
2012-09-10, 0.08808868274476246, 0.2934497816593884, 0.10079472766039921, 0.012332040181897604, 0.2736851708251608, 0.0027530512985225165, 0.0027449276025344853, 0.006393521231818429, 0.01255624149837815
2012-09-10, 0.08808868274476246, 0.2934497816593884, 0.10079472766039921, 0.012332040181897604, 0.2736851708251608, 0.0027530512985225165, 0.0027449276025344853, 0.006393521231818429, 0.01255624149837815
2012-09-10, 0.08808868274476246, 0.2934497816593884, 0.10079472766039921, 0.012332040181897604, 0.2736851708251608, 0.0027530512985225165, 0.0027449276025344853, 0.006393521231818429, 0.01255624149837815
2012-09-10, 0.08808868274476246, 0.2934497816593884, 0.10079472766039921, 0.012332040181897604, 0.2736851708251608, 0.0027530512985225165, 0.0027449276025344853, 0.006393521231818429, 0.01255624149837815
2012-09-10, 0.08808868274476246, 0.2934497816593884, 0.10079472766039921, 0.012332040181897604, 0.2736851708251608, 0.0027530512985225165, 0.0027449276025344853, 0.006393521231818429, 0.01255624149837815
2012-09-10, 0.08808868274476246, 0.2934497816593884, 0.10079472766039921, 0.012332040181897604, 0.2736851708251608, 0.0027530512985225165, 0.0027449276025344853, 0.006393521231818429, 0.01255624149837815
2012-09-10, 0.08808868274476246, 0.2934497816593884, 0.10079472766039921, 0.012332040181897604, 0.2736851708251608, 0.0027530512985225165, 0.0027449276025344853, 0.006393521231818429, 0.01255624149837815
2012-09-10, 0.10830531111616169, 0.5659388646288209, 0.0232603217677843, 0.05549418081853935, 0.19979017470236726, 0.0027530512985225165, 0.0027449276025344853, 0.0044754648622729, 0.011985503248451872
2012-09-10, 0.11014343492898869, 0.2724890829694321, 0.07753440589261457, 0.11098836163707815, 0.4023172011129861, 0.0, 0.005489855205068971, 0.0031967606159092146, 0.009131811998820471
2012-09-10, 0.13502594516578487, 0.06288209606986905, 0.1240550494281835, 0.2466408036379518, 0.5911599689823474, 0.008259153895567594, 0.009607246608870683, 0.015344450956364216, 0.0222587917471249
2012-09-10, 0.1276747188980496, 0.1676855895196508, 0.1395619306067065, 0.2158107031832079, 0.4707384938192763, 0.0027530512985225316, 0.004117391403801728, 0.007032873355000272, 0.013697717998230712
2012-08-11, 0.1373638157492506, 0.5449781659388646, 0.20934289591006008, 0.09865632145518055, 0.2298955434931353, 0.0, 0.005489855205068971, 0.0025574084927273717, 0.00799033549896791
2012-08-11, 0.1373638157492506, 0.5449781659388646, 0.20934289591006008, 0.09865632145518055, 0.2298955434931353, 0.0, 0.005489855205068971, 0.0025574084927273717, 0.00799033549896791
2012-08-11, 0.1373638157492506, 0.5449781659388646, 0.20934289591006008, 0.09865632145518055, 0.2298955434931353, 0.0, 0.005489855205068971, 0.0025574084927273717, 0.00799033549896791
2012-08-11, 0.1373638157492506, 0.5449781659388646, 0.20934289591006008, 0.09865632145518055, 0.2298955434931353, 0.0, 0.005489855205068971, 0.0025574084927273717, 0.00799033549896791
2012-08-11, 0.1373638157492506, 0.5449781659388646, 0.20934289591006008, 0.09865632145518055, 0.2298955434931353, 0.0, 0.005489855205068971, 0.0025574084927273717, 0.00799033549896791
2012-08-11, 0.1373638157492506, 0.5449781659388646, 0.20934289591006008, 0.09865632145518055, 0.2298955434931353, 0.0, 0.005489855205068971, 0.0025574084927273717, 0.00799033549896791
2012-08-11, 0.1373638157492506, 0.5449781659388646, 0.20934289591006008, 0.09865632145518055, 0.2298955434931353, 0.0, 0.005489855205068971, 0.0025574084927273717, 0.00799033549896791
2012-08-11, 0.1373638157492506, 0.5449781659388646, 0.20934289591006008, 0.09865632145518055, 0.2298955434931353, 0.0, 0.005489855205068971, 0.0025574084927273717, 0.00799033549896791
2012-08-11, 0.1373638157492506, 0.5449781659388646, 0.20934289591006008, 0.09865632145518055, 0.2298955434931353, 0.0, 0.005489855205068971, 0.0025574084927273717, 0.00799033549896791
2012-08-11, 0.1373638157492506, 0.5449781659388646, 0.20934289591006008, 0.09865632145518055, 0.2298955434931353, 0.0, 0.005489855205068971, 0.0025574084927273717, 0.00799033549896791
2012-08-11, 0.1373638157492506, 0.5449781659388646, 0.20934289591006008, 0.09865632145518055, 0.2298955434931353, 0.0, 0.005489855205068971, 0.0025574084927273717, 0.00799033549896791
2012-08-11, 0.15985327834973942, 0.9641921397379916, 0.2170963364993214, 0.06166020090948802, 0.019157961957761333, 0.011012205194090127, 0.0, 0.0, 0.005707382499262789
2012-08-11, 0.17174741867352628, 0.6497816593886464, 0.22484977708858306, 0.16031652236466856, 0.3120010947406832, 0.0027530512985225316, 0.004117391403801728, 0.007032873355000272, 0.013126979748304431
2012-08-11, 0.17039776901739093, 0.62882096069869, 0.16282225237449113, 0.1880636127739381, 0.35305387036445746, 0.0, 0.005489855205068971, 0.0089509297245458, 0.015980670997935834
2012-08-11, 0.1756504971978413, 0.2934497816593889, 0.24811009885636737, 0.33913110500218396, 0.47347534552752807, 0.00825915389556758, 0.008234782807603456, 0.013426394586818687, 0.021117315247272343
2012-07-12, 0.17002657251460757, 0.7126637554585149, 0.10854816824966086, 0.42237237622999285, 0.06294758928978711, 0.005506102597045063, 0.012352174211405168, 0.014705098833182372, 0.021117315247272343
2012-07-12, 0.17002657251460757, 0.7126637554585149, 0.10854816824966086, 0.42237237622999285, 0.06294758928978711, 0.005506102597045063, 0.012352174211405168, 0.014705098833182372, 0.021117315247272343
2012-07-12, 0.17002657251460757, 0.7126637554585149, 0.10854816824966086, 0.42237237622999285, 0.06294758928978711, 0.005506102597045063, 0.012352174211405168, 0.014705098833182372, 0.021117315247272343
2012-07-12, 0.17002657251460757, 0.7126637554585149, 0.10854816824966086, 0.42237237622999285, 0.06294758928978711, 0.005506102597045063, 0.012352174211405168, 0.014705098833182372, 0.021117315247272343
2012-07-12, 0.17002657251460757, 0.7126637554585149, 0.10854816824966086, 0.42237237622999285, 0.06294758928978711, 0.005506102597045063, 0.012352174211405168, 0.014705098833182372, 0.021117315247272343
2012-07-12, 0.17002657251460757, 0.7126637554585149, 0.10854816824966086, 0.42237237622999285, 0.06294758928978711, 0.005506102597045063, 0.012352174211405168, 0.014705098833182372, 0.021117315247272343
2012-07-12, 0.17002657251460757, 0.7126637554585149, 0.10854816824966086, 0.42237237622999285, 0.06294758928978711, 0.005506102597045063, 0.012352174211405168, 0.014705098833182372, 0.021117315247272343
2012-07-12, 0.17002657251460757, 0.7126637554585149, 0.10854816824966086, 0.42237237622999285, 0.06294758928978711, 0.005506102597045063, 0.012352174211405168, 0.014705098833182372, 0.021117315247272343
2012-07-12, 0.17002657251460757, 0.7126637554585149, 0.10854816824966086, 0.42237237622999285, 0.06294758928978711, 0.005506102597045063, 0.012352174211405168, 0.014705098833182372, 0.021117315247272343
2012-07-12, 0.17002657251460757, 0.7126637554585149, 0.10854816824966086, 0.42237237622999285, 0.06294758928978711, 0.005506102597045063, 0.012352174211405168, 0.014705098833182372, 0.021117315247272343
2012-07-12, 0.17002657251460757, 0.7126637554585149, 0.10854816824966086, 0.42237237622999285, 0.06294758928978711, 0.005506102597045063, 0.012352174211405168, 0.014705098833182372, 0.021117315247272343
2012-07-12, 0.23995458078539864, 1.0689956331877728, 0.007753440589261319, 0.5981039488220337, 0.20800072982712217, 0.005506102597045048, 0.010979710410137926, 0.008311577601363957, 0.011985503248451872
2012-07-12, 0.1403939369203575, 0.6497816593886458, 0.031013762357045963, 0.314467024638389, 0.07389499612279331, 0.0, 0.010979710410137926, 0.017901859449091586, 0.0251124829967563
2012-07-12, 0.20640396286132406, 0.9432314410480348, 0.015506881178522981, 0.5271947177761224, 0.12042147516307063, 0.0027530512985225316, 0.012352174211405168, 0.011508338217273172, 0.018263623997640952
2012-07-12, 0.1514066573558574, 0.6288209606986895, 0.13956193060670682, 0.32679906482028637, 0.06294758928978711, 0.0, 0.009607246608870683, 0.017262507325909743, 0.026253959496608862
2012-06-12, 0.17472048703032964, 0.6497816593886458, 0.13180849001744516, 0.44087043650283936, 0.11768462345481907, 0.008259153895567594, 0.010979710410137926, 0.017262507325909743, 0.021117315247272343
2012-06-12, 0.1413371101266181, 0.6078602620087332, 0.06978096530335325, 0.32679906482028637, 0.06021073758153507, 0.008259153895567594, 0.012352174211405168, 0.019180563695455274, 0.026253959496608862
2012-06-12, 0.1413371101266181, 0.6078602620087332, 0.06978096530335325, 0.32679906482028637, 0.06021073758153507, 0.008259153895567594, 0.012352174211405168, 0.019180563695455274, 0.026253959496608862
2012-06-12, 0.1413371101266181, 0.6078602620087332, 0.06978096530335325, 0.32679906482028637, 0.06021073758153507, 0.008259153895567594, 0.012352174211405168, 0.019180563695455274, 0.026253959496608862
2012-06-12, 0.1413371101266181, 0.6078602620087332, 0.06978096530335325, 0.32679906482028637, 0.06021073758153507, 0.008259153895567594, 0.012352174211405168, 0.019180563695455274, 0.026253959496608862
2012-06-12, 0.1413371101266181, 0.6078602620087332, 0.06978096530335325, 0.32679906482028637, 0.06021073758153507, 0.008259153895567594, 0.012352174211405168, 0.019180563695455274, 0.026253959496608862
2012-06-12, 0.1413371101266181, 0.6078602620087332, 0.06978096530335325, 0.32679906482028637, 0.06021073758153507, 0.008259153895567594, 0.012352174211405168, 0.019180563695455274, 0.026253959496608862
2012-06-12, 0.1413371101266181, 0.6078602620087332, 0.06978096530335325, 0.32679906482028637, 0.06021073758153507, 0.008259153895567594, 0.012352174211405168, 0.019180563695455274, 0.026253959496608862
2012-06-12, 0.1413371101266181, 0.6078602620087332, 0.06978096530335325, 0.32679906482028637, 0.06021073758153507, 0.008259153895567594, 0.012352174211405168, 0.019180563695455274, 0.026253959496608862
2012-06-12, 0.1413371101266181, 0.6078602620087332, 0.06978096530335325, 0.32679906482028637, 0.06021073758153507, 0.008259153895567594, 0.012352174211405168, 0.019180563695455274, 0.026253959496608862
2012-06-12, 0.1413371101266181, 0.6078602620087332, 0.06978096530335325, 0.32679906482028637, 0.06021073758153507, 0.008259153895567594, 0.012352174211405168, 0.019180563695455274, 0.026253959496608862
2012-06-12, 0.2904386794489055, 1.2576419213973795, 0.031013762357045963, 0.647432109549624, 0.3640012771974639, 0.0, 0.009607246608870698, 0.006393521231818429, 0.007419597249041629
2012-06-12, 0.15167610737322637, 0.5449781659388646, 0.18608257414227544, 0.1849806027284643, 0.2326323952013866, 0.011012205194090111, 0.012352174211405168, 0.01854121157227343, 0.022829529997051182
2012-06-12, 0.11940922614001656, 0.1886462882096067, 0.19383601473153708, 0.16648254245561778, 0.31473794644893455, 0.016518307791135174, 0.015097101813939653, 0.026852789173637388, 0.03310281849572421
2012-06-12, 0.11545446849146, 0.14672489082969398, 0.2170963364993214, 0.17264856254656644, 0.2928431327829221, 0.013765256492612642, 0.016469565615206898, 0.028131493420001073, 0.035956509745355615
2012-05-13, 0.12580134230756285, 0.20960698689956303, 0.2636169800348907, 0.26822187395627295, 0.17242165761985154, 0.019271359089657707, 0.015097101813939653, 0.026213437050455545, 0.03196134199587167
2012-05-13, 0.15910153762460938, 0.6288209606986895, 0.08528784648187657, 0.4254553862754672, 0.06568444099803816, 0.011012205194090127, 0.010979710410137926, 0.02045926794181896, 0.0251124829967563
2012-05-13, 0.15910153762460938, 0.6288209606986895, 0.08528784648187657, 0.4254553862754672, 0.06568444099803816, 0.011012205194090127, 0.010979710410137926, 0.02045926794181896, 0.0251124829967563
2012-05-13, 0.15910153762460938, 0.6288209606986895, 0.08528784648187657, 0.4254553862754672, 0.06568444099803816, 0.011012205194090127, 0.010979710410137926, 0.02045926794181896, 0.0251124829967563
2012-05-13, 0.15910153762460938, 0.6288209606986895, 0.08528784648187657, 0.4254553862754672, 0.06568444099803816, 0.011012205194090127, 0.010979710410137926, 0.02045926794181896, 0.0251124829967563
2012-05-13, 0.15910153762460938, 0.6288209606986895, 0.08528784648187657, 0.4254553862754672, 0.06568444099803816, 0.011012205194090127, 0.010979710410137926, 0.02045926794181896, 0.0251124829967563
2012-05-13, 0.15910153762460938, 0.6288209606986895, 0.08528784648187657, 0.4254553862754672, 0.06568444099803816, 0.011012205194090127, 0.010979710410137926, 0.02045926794181896, 0.0251124829967563
2012-05-13, 0.15910153762460938, 0.6288209606986895, 0.08528784648187657, 0.4254553862754672, 0.06568444099803816, 0.011012205194090127, 0.010979710410137926, 0.02045926794181896, 0.0251124829967563
2012-05-13, 0.15910153762460938, 0.6288209606986895, 0.08528784648187657, 0.4254553862754672, 0.06568444099803816, 0.011012205194090127, 0.010979710410137926, 0.02045926794181896, 0.0251124829967563
2012-05-13, 0.15910153762460938, 0.6288209606986895, 0.08528784648187657, 0.4254553862754672, 0.06568444099803816, 0.011012205194090127, 0.010979710410137926, 0.02045926794181896, 0.0251124829967563
2012-05-13, 0.15910153762460938, 0.6288209606986895, 0.08528784648187657, 0.4254553862754672, 0.06568444099803816, 0.011012205194090127, 0.010979710410137926, 0.02045926794181896, 0.0251124829967563
2012-05-13, 0.14964539514262404, 0.16768558951965032, 0.31013762357045926, 0.19731264291036166, 0.43515942161200616, 0.016518307791135174, 0.015097101813939653, 0.025574084927273703, 0.029678388996166545
2012-05-13, 0.13492616725145895, 0.16768558951965032, 0.2636169800348907, 0.12332040181897604, 0.42968571819550255, 0.019271359089657707, 0.015097101813939653, 0.0287708455431829, 0.03196134199587167
2012-05-13, 0.12196517419514478, 0.12576419213973764, 0.271370420624152, 0.1541505022737199, 0.3366327601149479, 0.016518307791135174, 0.015097101813939653, 0.023656028557728172, 0.03253208024579794
2012-05-13, 0.1446086596240328, 0.23056768558951937, 0.2636169800348907, 0.16031652236466912, 0.4214751630707479, 0.013765256492612642, 0.01372463801267241, 0.024295380680910018, 0.029107650746240263
2012-04-13, 0.10277156788093691, 0.16768558951965032, 0.20158945532079875, 0.03083010045474442, 0.32021164986543815, 0.019271359089657707, 0.01372463801267241, 0.03004954978954659, 0.038810200994987026
2012-04-13, 0.15297637605435196, 0.5659388646288205, 0.11630160883892218, 0.3483801351386072, 0.12042147516307063, 0.011012205194090127, 0.010979710410137926, 0.021098620065000788, 0.029678388996166545
2012-04-13, 0.15297637605435196, 0.5659388646288205, 0.11630160883892218, 0.3483801351386072, 0.12042147516307063, 0.011012205194090127, 0.010979710410137926, 0.021098620065000788, 0.029678388996166545
2012-04-13, 0.15297637605435196, 0.5659388646288205, 0.11630160883892218, 0.3483801351386072, 0.12042147516307063, 0.011012205194090127, 0.010979710410137926, 0.021098620065000788, 0.029678388996166545
2012-04-13, 0.15297637605435196, 0.5659388646288205, 0.11630160883892218, 0.3483801351386072, 0.12042147516307063, 0.011012205194090127, 0.010979710410137926, 0.021098620065000788, 0.029678388996166545
2012-04-13, 0.15297637605435196, 0.5659388646288205, 0.11630160883892218, 0.3483801351386072, 0.12042147516307063, 0.011012205194090127, 0.010979710410137926, 0.021098620065000788, 0.029678388996166545
2012-04-13, 0.15297637605435196, 0.5659388646288205, 0.11630160883892218, 0.3483801351386072, 0.12042147516307063, 0.011012205194090127, 0.010979710410137926, 0.021098620065000788, 0.029678388996166545
2012-04-13, 0.15297637605435196, 0.5659388646288205, 0.11630160883892218, 0.3483801351386072, 0.12042147516307063, 0.011012205194090127, 0.010979710410137926, 0.021098620065000788, 0.029678388996166545
2012-04-13, 0.15297637605435196, 0.5659388646288205, 0.11630160883892218, 0.3483801351386072, 0.12042147516307063, 0.011012205194090127, 0.010979710410137926, 0.021098620065000788, 0.029678388996166545
2012-04-13, 0.15297637605435196, 0.5659388646288205, 0.11630160883892218, 0.3483801351386072, 0.12042147516307063, 0.011012205194090127, 0.010979710410137926, 0.021098620065000788, 0.029678388996166545
2012-04-13, 0.15297637605435196, 0.5659388646288205, 0.11630160883892218, 0.3483801351386072, 0.12042147516307063, 0.011012205194090127, 0.010979710410137926, 0.021098620065000788, 0.029678388996166545
2012-04-13, 0.14101339240609304, 0.1886462882096067, 0.255863539445629, 0.12023739177350169, 0.4652647904027732, 0.016518307791135174, 0.012352174211405168, 0.02813149342000106, 0.041093153994692135
2012-04-13, 0.11000751825477019, 0.10480349344978128, 0.13956193060670682, 0.06474321095496262, 0.4762121972357794, 0.016518307791135174, 0.012352174211405168, 0.0287708455431829, 0.03709798624520819
2012-04-13, 0.10514295877082157, 0.06288209606986858, 0.16282225237449113, 0.0863242812732835, 0.41873831136249584, 0.016518307791135174, 0.010979710410137926, 0.038361127390910535, 0.044517583494249814
2012-04-13, 0.11300659588700118, 0.12576419213973764, 0.21709633649932172, 0.08324127122780917, 0.3858960908634763, 0.013765256492612642, 0.012352174211405168, 0.029410197666364744, 0.036527247995281904
2012-03-14, 0.11892783413692938, 0.23056768558951984, 0.14731537119596816, 0.07399224109138562, 0.40505405282123813, 0.016518307791135174, 0.015097101813939653, 0.027492141296819216, 0.03538577149542935
2012-03-14, 0.15192730651468989, 0.5868995633187774, 0.062027524714091925, 0.3576291652750302, 0.13957943712083243, 0.008259153895567594, 0.009607246608870683, 0.02173797218818263, 0.029678388996166545
2012-03-14, 0.15192730651468989, 0.5868995633187774, 0.062027524714091925, 0.3576291652750302, 0.13957943712083243, 0.008259153895567594, 0.009607246608870683, 0.02173797218818263, 0.029678388996166545
2012-03-14, 0.15192730651468989, 0.5868995633187774, 0.062027524714091925, 0.3576291652750302, 0.13957943712083243, 0.008259153895567594, 0.009607246608870683, 0.02173797218818263, 0.029678388996166545
2012-03-14, 0.15192730651468989, 0.5868995633187774, 0.062027524714091925, 0.3576291652750302, 0.13957943712083243, 0.008259153895567594, 0.009607246608870683, 0.02173797218818263, 0.029678388996166545
2012-03-14, 0.15192730651468989, 0.5868995633187774, 0.062027524714091925, 0.3576291652750302, 0.13957943712083243, 0.008259153895567594, 0.009607246608870683, 0.02173797218818263, 0.029678388996166545
2012-03-14, 0.15192730651468989, 0.5868995633187774, 0.062027524714091925, 0.3576291652750302, 0.13957943712083243, 0.008259153895567594, 0.009607246608870683, 0.02173797218818263, 0.029678388996166545
2012-03-14, 0.15192730651468989, 0.5868995633187774, 0.062027524714091925, 0.3576291652750302, 0.13957943712083243, 0.008259153895567594, 0.009607246608870683, 0.02173797218818263, 0.029678388996166545
2012-03-14, 0.15192730651468989, 0.5868995633187774, 0.062027524714091925, 0.3576291652750302, 0.13957943712083243, 0.008259153895567594, 0.009607246608870683, 0.02173797218818263, 0.029678388996166545
2012-03-14, 0.15192730651468989, 0.5868995633187774, 0.062027524714091925, 0.3576291652750302, 0.13957943712083243, 0.008259153895567594, 0.009607246608870683, 0.02173797218818263, 0.029678388996166545
2012-03-14, 0.15192730651468989, 0.5868995633187774, 0.062027524714091925, 0.3576291652750302, 0.13957943712083243, 0.008259153895567594, 0.009607246608870683, 0.02173797218818263, 0.029678388996166545
2012-03-14, 0.10174002452664825, 0.18864628820960713, 0.12405504942818385, 0.03083010045474442, 0.3831592391552252, 0.013765256492612642, 0.008234782807603456, 0.02813149342000106, 0.03709798624520819
2012-03-14, 0.1297624025608355, 0.2096069868995635, 0.18608257414227578, 0.0955733114097065, 0.4597910869862706, 0.016518307791135174, 0.012352174211405168, 0.02621343705045553, 0.03196134199587167
2012-03-14, 0.11193597392539642, 0.2096069868995635, 0.1705756929637528, 0.08324127122780917, 0.33936961182319947, 0.013765256492612642, 0.012352174211405168, 0.03004954978954659, 0.036527247995281904
2012-03-14, 0.13761288875242877, 0.33537117903930114, 0.14731537119596816, 0.04007913059116687, 0.48168590065228345, 0.016518307791135174, 0.012352174211405168, 0.0287708455431829, 0.038810200994987026
2012-02-13, 0.09529425264432245, 0.0419213973799127, 0.21709633649932172, 0.10482234154613004, 0.3229485015736897, 0.013765256492612642, 0.009607246608870683, 0.023656028557728172, 0.028536912496313984
2012-02-13, 0.14442829186332587, 0.4401746724890829, 0.1705756929637528, 0.34221411504765853, 0.13957943712083196, 0.008259153895567594, 0.005489855205068971, 0.021737972188182644, 0.027395435996461423
2012-02-13, 0.14442829186332587, 0.4401746724890829, 0.1705756929637528, 0.34221411504765853, 0.13957943712083196, 0.008259153895567594, 0.005489855205068971, 0.021737972188182644, 0.027395435996461423
2012-02-13, 0.14442829186332587, 0.4401746724890829, 0.1705756929637528, 0.34221411504765853, 0.13957943712083196, 0.008259153895567594, 0.005489855205068971, 0.021737972188182644, 0.027395435996461423
2012-02-13, 0.14442829186332587, 0.4401746724890829, 0.1705756929637528, 0.34221411504765853, 0.13957943712083196, 0.008259153895567594, 0.005489855205068971, 0.021737972188182644, 0.027395435996461423
2012-02-13, 0.14442829186332587, 0.4401746724890829, 0.1705756929637528, 0.34221411504765853, 0.13957943712083196, 0.008259153895567594, 0.005489855205068971, 0.021737972188182644, 0.027395435996461423
2012-02-13, 0.14442829186332587, 0.4401746724890829, 0.1705756929637528, 0.34221411504765853, 0.13957943712083196, 0.008259153895567594, 0.005489855205068971, 0.021737972188182644, 0.027395435996461423
2012-02-13, 0.14442829186332587, 0.4401746724890829, 0.1705756929637528, 0.34221411504765853, 0.13957943712083196, 0.008259153895567594, 0.005489855205068971, 0.021737972188182644, 0.027395435996461423
2012-02-13, 0.14442829186332587, 0.4401746724890829, 0.1705756929637528, 0.34221411504765853, 0.13957943712083196, 0.008259153895567594, 0.005489855205068971, 0.021737972188182644, 0.027395435996461423
2012-02-13, 0.14442829186332587, 0.4401746724890829, 0.1705756929637528, 0.34221411504765853, 0.13957943712083196, 0.008259153895567594, 0.005489855205068971, 0.021737972188182644, 0.027395435996461423
2012-02-13, 0.14442829186332587, 0.4401746724890829, 0.1705756929637528, 0.34221411504765853, 0.13957943712083196, 0.008259153895567594, 0.005489855205068971, 0.021737972188182644, 0.027395435996461423
2012-02-13, 0.10719200005896908, 0.0838427947598254, 0.13956193060670682, 0.10790535159160437, 0.44063312502850877, 0.011012205194090127, 0.006862319006336213, 0.03004954978954659, 0.037668724495134455
2012-02-13, 0.1113182285132459, 0.0838427947598254, 0.271370420624152, 0.13256943195539958, 0.32021164986543815, 0.013765256492612642, 0.009607246608870683, 0.02493473280409186, 0.03424429499557678
2012-02-13, 0.11200606106445726, 0.06288209606986905, 0.2636169800348907, 0.0863242812732835, 0.4023172011129861, 0.013765256492612642, 0.009607246608870683, 0.025574084927273703, 0.03196134199587167
2012-02-13, 0.28692257185020986, 1.1109170305676852, 0.09304128707113754, 0.6844282300953166, 0.3804223874469737, 0.0027530512985225316, 0.0027449276025344853, 0.010229633970909487, 0.01084402674859931
2012-01-14, 0.12627857321208757, 0.0, 0.28687730180267496, 0.15106749222824556, 0.5008438626100443, 0.011012205194090111, 0.00823478280760344, 0.023656028557728172, 0.028536912496313984
2012-01-14, 0.13692149219579466, 0.48209606986899556, 0.18608257414227578, 0.2281427433651055, 0.15052684395383814, 0.008259153895567594, 0.0068623190063361985, 0.013426394586818687, 0.019975838747419792
2012-01-14, 0.13692149219579466, 0.48209606986899556, 0.18608257414227578, 0.2281427433651055, 0.15052684395383814, 0.008259153895567594, 0.0068623190063361985, 0.013426394586818687, 0.019975838747419792
2012-01-14, 0.13692149219579466, 0.48209606986899556, 0.18608257414227578, 0.2281427433651055, 0.15052684395383814, 0.008259153895567594, 0.0068623190063361985, 0.013426394586818687, 0.019975838747419792
2012-01-14, 0.13692149219579466, 0.48209606986899556, 0.18608257414227578, 0.2281427433651055, 0.15052684395383814, 0.008259153895567594, 0.0068623190063361985, 0.013426394586818687, 0.019975838747419792
2012-01-14, 0.13692149219579466, 0.48209606986899556, 0.18608257414227578, 0.2281427433651055, 0.15052684395383814, 0.008259153895567594, 0.0068623190063361985, 0.013426394586818687, 0.019975838747419792
2012-01-14, 0.13692149219579466, 0.48209606986899556, 0.18608257414227578, 0.2281427433651055, 0.15052684395383814, 0.008259153895567594, 0.0068623190063361985, 0.013426394586818687, 0.019975838747419792
2012-01-14, 0.13692149219579466, 0.48209606986899556, 0.18608257414227578, 0.2281427433651055, 0.15052684395383814, 0.008259153895567594, 0.0068623190063361985, 0.013426394586818687, 0.019975838747419792
2012-01-14, 0.13692149219579466, 0.48209606986899556, 0.18608257414227578, 0.2281427433651055, 0.15052684395383814, 0.008259153895567594, 0.0068623190063361985, 0.013426394586818687, 0.019975838747419792
2012-01-14, 0.13692149219579466, 0.48209606986899556, 0.18608257414227578, 0.2281427433651055, 0.15052684395383814, 0.008259153895567594, 0.0068623190063361985, 0.013426394586818687, 0.019975838747419792
2012-01-14, 0.13692149219579466, 0.48209606986899556, 0.18608257414227578, 0.2281427433651055, 0.15052684395383814, 0.008259153895567594, 0.0068623190063361985, 0.013426394586818687, 0.019975838747419792
2012-01-14, 0.09730051996523896, 0.0419213973799127, 0.30238418298119796, 0.08940729131875783, 0.2600009122839026, 0.016518307791135174, 0.010979710410137926, 0.022377324311364487, 0.034815033245503064
2012-01-14, 0.12048105352475288, 0.1257641921397381, 0.20158945532079875, 0.16956555250109212, 0.39684349769648297, 0.013765256492612642, 0.009607246608870683, 0.02045926794181896, 0.026253959496608862
2012-01-14, 0.248096349108471, 0.985152838427947, 0.03876720294630728, 0.6351000693677261, 0.3010536879076768, 0.005506102597045063, 0.0068623190063361985, 0.0031967606159092146, 0.009131811998820471
2012-01-14, 0.12988690634444897, 0.46113537117903924, 0.13956193060670682, 0.332965084911235, 0.05200018245678042, 0.008259153895567594, 0.0068623190063361985, 0.0166231552027279, 0.02168805349719862
2011-12-15, 0.14409533357415033, 0.1676855895196508, 0.34115138592750527, 0.20656167304678463, 0.36126442548921234, 0.011012205194090111, 0.009607246608870698, 0.022377324311364473, 0.033102818495724225
2011-12-15, 0.15915748792955917, 0.5240174672489083, 0.19383601473153708, 0.3977082958661971, 0.10673721662181239, 0.005506102597045063, 0.010979710410137941, 0.012787042463636844, 0.021688053497198635
2011-12-15, 0.15915748792955917, 0.5240174672489083, 0.19383601473153708, 0.3977082958661971, 0.10673721662181239, 0.005506102597045063, 0.010979710410137941, 0.012787042463636844, 0.021688053497198635
2011-12-15, 0.15915748792955917, 0.5240174672489083, 0.19383601473153708, 0.3977082958661971, 0.10673721662181239, 0.005506102597045063, 0.010979710410137941, 0.012787042463636844, 0.021688053497198635
2011-12-15, 0.15915748792955917, 0.5240174672489083, 0.19383601473153708, 0.3977082958661971, 0.10673721662181239, 0.005506102597045063, 0.010979710410137941, 0.012787042463636844, 0.021688053497198635
2011-12-15, 0.15915748792955917, 0.5240174672489083, 0.19383601473153708, 0.3977082958661971, 0.10673721662181239, 0.005506102597045063, 0.010979710410137941, 0.012787042463636844, 0.021688053497198635
2011-12-15, 0.15915748792955917, 0.5240174672489083, 0.19383601473153708, 0.3977082958661971, 0.10673721662181239, 0.005506102597045063, 0.010979710410137941, 0.012787042463636844, 0.021688053497198635
2011-12-15, 0.15915748792955917, 0.5240174672489083, 0.19383601473153708, 0.3977082958661971, 0.10673721662181239, 0.005506102597045063, 0.010979710410137941, 0.012787042463636844, 0.021688053497198635
2011-12-15, 0.15915748792955917, 0.5240174672489083, 0.19383601473153708, 0.3977082958661971, 0.10673721662181239, 0.005506102597045063, 0.010979710410137941, 0.012787042463636844, 0.021688053497198635
2011-12-15, 0.15915748792955917, 0.5240174672489083, 0.19383601473153708, 0.3977082958661971, 0.10673721662181239, 0.005506102597045063, 0.010979710410137941, 0.012787042463636844, 0.021688053497198635
2011-12-15, 0.15915748792955917, 0.5240174672489083, 0.19383601473153708, 0.3977082958661971, 0.10673721662181239, 0.005506102597045063, 0.010979710410137941, 0.012787042463636844, 0.021688053497198635
2011-12-15, 0.12858931533982942, 0.0838427947598254, 0.3023841829811976, 0.18189759268298944, 0.38589609086347676, 0.008259153895567594, 0.009607246608870698, 0.02429538068091, 0.03253208024579794
2011-12-15, 0.12130235732627763, 0.06288209606986905, 0.3799185888738125, 0.08632428127328295, 0.36126442548921234, 0.011012205194090111, 0.010979710410137941, 0.024934732804091846, 0.033102818495724225
2011-12-15, 0.13069485636998981, 0.06288209606986905, 0.32564450474898227, 0.10482234154612949, 0.47621219723577984, 0.008259153895567594, 0.010979710410137941, 0.023656028557728158, 0.033102818495724225
2011-12-15, 0.12202472282869584, 0.06288209606986905, 0.3644117076952895, 0.018498060272845993, 0.44610682844501187, 0.011012205194090111, 0.010979710410137941, 0.027492141296819216, 0.034815033245503064
2011-11-15, 0.16129367235813488, 0.3772925764192138, 0.2946307423919363, 0.12948642190992468, 0.41600145965424434, 0.00825915389556758, 0.010979710410137941, 0.02173797218818263, 0.03196134199587167
2011-11-15, 0.18400860539305033, 0.7545851528384276, 0.1783291335530141, 0.41928936618451795, 0.06294758928978711, 0.005506102597045063, 0.009607246608870698, 0.01726250732590973, 0.024541744746830036
2011-11-15, 0.18400860539305033, 0.7545851528384276, 0.1783291335530141, 0.41928936618451795, 0.06294758928978711, 0.005506102597045063, 0.009607246608870698, 0.01726250732590973, 0.024541744746830036
2011-11-15, 0.18400860539305033, 0.7545851528384276, 0.1783291335530141, 0.41928936618451795, 0.06294758928978711, 0.005506102597045063, 0.009607246608870698, 0.01726250732590973, 0.024541744746830036
2011-11-15, 0.18400860539305033, 0.7545851528384276, 0.1783291335530141, 0.41928936618451795, 0.06294758928978711, 0.005506102597045063, 0.009607246608870698, 0.01726250732590973, 0.024541744746830036
2011-11-15, 0.18400860539305033, 0.7545851528384276, 0.1783291335530141, 0.41928936618451795, 0.06294758928978711, 0.005506102597045063, 0.009607246608870698, 0.01726250732590973, 0.024541744746830036
2011-11-15, 0.18400860539305033, 0.7545851528384276, 0.1783291335530141, 0.41928936618451795, 0.06294758928978711, 0.005506102597045063, 0.009607246608870698, 0.01726250732590973, 0.024541744746830036
2011-11-15, 0.18400860539305033, 0.7545851528384276, 0.1783291335530141, 0.41928936618451795, 0.06294758928978711, 0.005506102597045063, 0.009607246608870698, 0.01726250732590973, 0.024541744746830036
2011-11-15, 0.18400860539305033, 0.7545851528384276, 0.1783291335530141, 0.41928936618451795, 0.06294758928978711, 0.005506102597045063, 0.009607246608870698, 0.01726250732590973, 0.024541744746830036
2011-11-15, 0.18400860539305033, 0.7545851528384276, 0.1783291335530141, 0.41928936618451795, 0.06294758928978711, 0.005506102597045063, 0.009607246608870698, 0.01726250732590973, 0.024541744746830036
2011-11-15, 0.18400860539305033, 0.7545851528384276, 0.1783291335530141, 0.41928936618451795, 0.06294758928978711, 0.005506102597045063, 0.009607246608870698, 0.01726250732590973, 0.024541744746830036
2011-11-15, 0.16866209283234593, 0.46113537117903924, 0.3644117076952899, 0.12332040181897604, 0.312001094740683, 0.011012205194090111, 0.009607246608870698, 0.02557408492727369, 0.04223463049454469
2011-11-15, 0.17586841360507507, 0.5659388646288209, 0.2636169800348903, 0.14181846209182203, 0.35852757378096034, 0.00825915389556758, 0.009607246608870698, 0.024934732804091846, 0.03424429499557678
2011-11-15, 0.1732069914026683, 0.3982532751091702, 0.3644117076952899, 0.21889371322868198, 0.3311590566984443, 0.00825915389556758, 0.010979710410137941, 0.02173797218818263, 0.03196134199587167
2011-11-15, 0.15616976079875064, 0.31441048034934477, 0.3644117076952899, 0.09249030136423161, 0.39136979427997987, 0.011012205194090111, 0.012352174211405184, 0.02621343705045553, 0.03709798624520819
2011-10-16, 0.11963294522008362, 0.35633187772925745, 0.20934289591006008, 0.12332040181897604, 0.18610591616110927, 0.013765256492612642, 0.012352174211405168, 0.020459267941818945, 0.03538577149542933
2011-10-16, 0.18310186163525086, 0.775545851528384, 0.031013762357045963, 0.4932816072759036, 0.10673721662181287, 0.005506102597045063, 0.006862319006336213, 0.017901859449091572, 0.027966174246387702
2011-10-16, 0.18310186163525086, 0.775545851528384, 0.031013762357045963, 0.4932816072759036, 0.10673721662181287, 0.005506102597045063, 0.006862319006336213, 0.017901859449091572, 0.027966174246387702
2011-10-16, 0.18310186163525086, 0.775545851528384, 0.031013762357045963, 0.4932816072759036, 0.10673721662181287, 0.005506102597045063, 0.006862319006336213, 0.017901859449091572, 0.027966174246387702
2011-10-16, 0.18310186163525086, 0.775545851528384, 0.031013762357045963, 0.4932816072759036, 0.10673721662181287, 0.005506102597045063, 0.006862319006336213, 0.017901859449091572, 0.027966174246387702
2011-10-16, 0.18310186163525086, 0.775545851528384, 0.031013762357045963, 0.4932816072759036, 0.10673721662181287, 0.005506102597045063, 0.006862319006336213, 0.017901859449091572, 0.027966174246387702
2011-10-16, 0.18310186163525086, 0.775545851528384, 0.031013762357045963, 0.4932816072759036, 0.10673721662181287, 0.005506102597045063, 0.006862319006336213, 0.017901859449091572, 0.027966174246387702
2011-10-16, 0.18310186163525086, 0.775545851528384, 0.031013762357045963, 0.4932816072759036, 0.10673721662181287, 0.005506102597045063, 0.006862319006336213, 0.017901859449091572, 0.027966174246387702
2011-10-16, 0.18310186163525086, 0.775545851528384, 0.031013762357045963, 0.4932816072759036, 0.10673721662181287, 0.005506102597045063, 0.006862319006336213, 0.017901859449091572, 0.027966174246387702
2011-10-16, 0.18310186163525086, 0.775545851528384, 0.031013762357045963, 0.4932816072759036, 0.10673721662181287, 0.005506102597045063, 0.006862319006336213, 0.017901859449091572, 0.027966174246387702
2011-10-16, 0.18310186163525086, 0.775545851528384, 0.031013762357045963, 0.4932816072759036, 0.10673721662181287, 0.005506102597045063, 0.006862319006336213, 0.017901859449091572, 0.027966174246387702
2011-10-16, 0.11010498379378977, 0.2515283842794757, 0.16282225237449113, 0.31138401459291415, 0.0684212927062902, 0.013765256492612642, 0.009607246608870698, 0.02621343705045553, 0.03709798624520817
2011-10-16, 0.12019741138464596, 0.33537117903930114, 0.15506881178522947, 0.1880636127739381, 0.20526387811887062, 0.011012205194090111, 0.009607246608870698, 0.022377324311364473, 0.03481503324550305
2011-10-16, 0.1309560476279557, 0.35633187772925745, 0.20934289591006008, 0.2774709040926959, 0.1313688819960773, 0.011012205194090111, 0.010979710410137926, 0.019180563695455257, 0.03196134199587165
2011-10-16, 0.1314144277224629, 0.5030567685589519, 0.10079472766039921, 0.34221411504765803, 0.03284222049901908, 0.00825915389556758, 0.008234782807603456, 0.021098620065000788, 0.03481503324550305
2011-09-16, 0.12396693098995573, 0.23056768558951962, 0.09304128707113789, 0.3977082958661976, 0.1997901747023675, 0.013765256492612642, 0.0068623190063361985, 0.019180563695455274, 0.030819865496019103
2011-09-16, 0.2240978780877545, 0.6707423580786025, 0.03876720294630728, 0.7615034812321765, 0.27094831911690875, 0.008259153895567594, 0.0027449276025344853, 0.014705098833182387, 0.025112482996756315
2011-09-16, 0.2240978780877545, 0.6707423580786025, 0.03876720294630728, 0.7615034812321765, 0.27094831911690875, 0.008259153895567594, 0.0027449276025344853, 0.014705098833182387, 0.025112482996756315
2011-09-16, 0.2240978780877545, 0.6707423580786025, 0.03876720294630728, 0.7615034812321765, 0.27094831911690875, 0.008259153895567594, 0.0027449276025344853, 0.014705098833182387, 0.025112482996756315
2011-09-16, 0.2240978780877545, 0.6707423580786025, 0.03876720294630728, 0.7615034812321765, 0.27094831911690875, 0.008259153895567594, 0.0027449276025344853, 0.014705098833182387, 0.025112482996756315
2011-09-16, 0.2240978780877545, 0.6707423580786025, 0.03876720294630728, 0.7615034812321765, 0.27094831911690875, 0.008259153895567594, 0.0027449276025344853, 0.014705098833182387, 0.025112482996756315
2011-09-16, 0.2240978780877545, 0.6707423580786025, 0.03876720294630728, 0.7615034812321765, 0.27094831911690875, 0.008259153895567594, 0.0027449276025344853, 0.014705098833182387, 0.025112482996756315
2011-09-16, 0.2240978780877545, 0.6707423580786025, 0.03876720294630728, 0.7615034812321765, 0.27094831911690875, 0.008259153895567594, 0.0027449276025344853, 0.014705098833182387, 0.025112482996756315
2011-09-16, 0.2240978780877545, 0.6707423580786025, 0.03876720294630728, 0.7615034812321765, 0.27094831911690875, 0.008259153895567594, 0.0027449276025344853, 0.014705098833182387, 0.025112482996756315
2011-09-16, 0.2240978780877545, 0.6707423580786025, 0.03876720294630728, 0.7615034812321765, 0.27094831911690875, 0.008259153895567594, 0.0027449276025344853, 0.014705098833182387, 0.025112482996756315
2011-09-16, 0.2240978780877545, 0.6707423580786025, 0.03876720294630728, 0.7615034812321765, 0.27094831911690875, 0.008259153895567594, 0.0027449276025344853, 0.014705098833182387, 0.025112482996756315
2011-09-16, 0.11876458198245977, 0.25152838427947594, 0.08528784648187657, 0.32679906482028637, 0.20526387811887062, 0.016518307791135174, 0.00823478280760344, 0.021098620065000802, 0.03538577149542935
2011-09-16, 0.124317373661533, 0.2934497816593887, 0.0775344058926149, 0.3792102355933511, 0.16968480591159998, 0.016518307791135174, 0.0068623190063361985, 0.02045926794181896, 0.030819865496019103
2011-09-16, 0.12102814504320109, 0.20960698689956325, 0.0775344058926149, 0.33913110500218424, 0.27094831911690925, 0.016518307791135174, 0.005489855205068971, 0.02045926794181896, 0.028536912496313984
2011-09-16, 0.12452132866471166, 0.3982532751091704, 0.007753440589261319, 0.44703645659378805, 0.07663184783104533, 0.013765256492612642, 0.0068623190063361985, 0.017901859449091586, 0.027966174246387702
2011-08-17, 0.09528712341583455, 0.0838427947598254, 0.031013762357045963, 0.5179456876396993, 0.060210737581535556, 0.013765256492612642, 0.00823478280760344, 0.02045926794181896, 0.026824697746535144
2011-08-17, 0.2209651196217071, 0.6078602620087334, 0.13956193060670682, 0.7738355214140741, 0.20252702641061907, 0.005506102597045048, 0.0027449276025344853, 0.0134263945868187, 0.022258791747124914
2011-08-17, 0.2209651196217071, 0.6078602620087334, 0.13956193060670682, 0.7738355214140741, 0.20252702641061907, 0.005506102597045048, 0.0027449276025344853, 0.0134263945868187, 0.022258791747124914
2011-08-17, 0.2209651196217071, 0.6078602620087334, 0.13956193060670682, 0.7738355214140741, 0.20252702641061907, 0.005506102597045048, 0.0027449276025344853, 0.0134263945868187, 0.022258791747124914
2011-08-17, 0.2209651196217071, 0.6078602620087334, 0.13956193060670682, 0.7738355214140741, 0.20252702641061907, 0.005506102597045048, 0.0027449276025344853, 0.0134263945868187, 0.022258791747124914
2011-08-17, 0.2209651196217071, 0.6078602620087334, 0.13956193060670682, 0.7738355214140741, 0.20252702641061907, 0.005506102597045048, 0.0027449276025344853, 0.0134263945868187, 0.022258791747124914
2011-08-17, 0.2209651196217071, 0.6078602620087334, 0.13956193060670682, 0.7738355214140741, 0.20252702641061907, 0.005506102597045048, 0.0027449276025344853, 0.0134263945868187, 0.022258791747124914
2011-08-17, 0.2209651196217071, 0.6078602620087334, 0.13956193060670682, 0.7738355214140741, 0.20252702641061907, 0.005506102597045048, 0.0027449276025344853, 0.0134263945868187, 0.022258791747124914
2011-08-17, 0.2209651196217071, 0.6078602620087334, 0.13956193060670682, 0.7738355214140741, 0.20252702641061907, 0.005506102597045048, 0.0027449276025344853, 0.0134263945868187, 0.022258791747124914
2011-08-17, 0.2209651196217071, 0.6078602620087334, 0.13956193060670682, 0.7738355214140741, 0.20252702641061907, 0.005506102597045048, 0.0027449276025344853, 0.0134263945868187, 0.022258791747124914
2011-08-17, 0.2209651196217071, 0.6078602620087334, 0.13956193060670682, 0.7738355214140741, 0.20252702641061907, 0.005506102597045048, 0.0027449276025344853, 0.0134263945868187, 0.022258791747124914
2011-08-17, 0.09028878347421157, 0.0838427947598254, 0.007753440589261319, 0.5025306374123272, 0.05200018245678042, 0.011012205194090111, 0.005489855205068956, 0.024295380680910018, 0.03538577149542935
2011-08-17, 0.4062276150966689, 1.068995633187773, 0.255863539445629, 1.1314646866891043, 0.7745290334352051, 0.0027530512985225316, 0.0027449276025344853, 0.0031967606159092146, 0.010273288498673042
2011-08-17, 0.15632962862258232, 0.3982532751091704, 0.054274084124830604, 0.6597641497315213, 0.07389499612279331, 0.011012205194090111, 0.0068623190063361985, 0.019180563695455274, 0.027395435996461423
2011-08-17, 0.10513112225804232, 0.10480349344978175, 0.054274084124830264, 0.48403257713948056, 0.10947406833006443, 0.013765256492612642, 0.009607246608870683, 0.026852789173637388, 0.038239462745060744
2011-07-18, 0.18605576755174547, 0.20960698689956325, 0.17057569296375244, 0.4377874264573645, 0.6322127446061213, 0.016518307791135174, 0.005489855205068956, 0.0025574084927273717, 0.013697717998230712
2011-07-18, 0.05537658733417462, 0.18864628820960713, 0.14731537119596816, 0.024664080363795207, 0.06294758928978711, 0.011012205194090111, 0.0013724638012672275, 0.0019180563695455287, 0.005136644249336509
2011-07-18, 0.05537658733417462, 0.18864628820960713, 0.14731537119596816, 0.024664080363795207, 0.06294758928978711, 0.011012205194090111, 0.0013724638012672275, 0.0019180563695455287, 0.005136644249336509
2011-07-18, 0.05537658733417462, 0.18864628820960713, 0.14731537119596816, 0.024664080363795207, 0.06294758928978711, 0.011012205194090111, 0.0013724638012672275, 0.0019180563695455287, 0.005136644249336509
2011-07-18, 0.05537658733417462, 0.18864628820960713, 0.14731537119596816, 0.024664080363795207, 0.06294758928978711, 0.011012205194090111, 0.0013724638012672275, 0.0019180563695455287, 0.005136644249336509
2011-07-18, 0.05537658733417462, 0.18864628820960713, 0.14731537119596816, 0.024664080363795207, 0.06294758928978711, 0.011012205194090111, 0.0013724638012672275, 0.0019180563695455287, 0.005136644249336509
2011-07-18, 0.05537658733417462, 0.18864628820960713, 0.14731537119596816, 0.024664080363795207, 0.06294758928978711, 0.011012205194090111, 0.0013724638012672275, 0.0019180563695455287, 0.005136644249336509
2011-07-18, 0.05537658733417462, 0.18864628820960713, 0.14731537119596816, 0.024664080363795207, 0.06294758928978711, 0.011012205194090111, 0.0013724638012672275, 0.0019180563695455287, 0.005136644249336509
2011-07-18, 0.05537658733417462, 0.18864628820960713, 0.14731537119596816, 0.024664080363795207, 0.06294758928978711, 0.011012205194090111, 0.0013724638012672275, 0.0019180563695455287, 0.005136644249336509
2011-07-18, 0.05537658733417462, 0.18864628820960713, 0.14731537119596816, 0.024664080363795207, 0.06294758928978711, 0.011012205194090111, 0.0013724638012672275, 0.0019180563695455287, 0.005136644249336509
2011-07-18, 0.05537658733417462, 0.18864628820960713, 0.14731537119596816, 0.024664080363795207, 0.06294758928978711, 0.011012205194090111, 0.0013724638012672275, 0.0019180563695455287, 0.005136644249336509
2011-07-18, 0.07773821156799644, 0.2096069868995635, 0.12405504942818385, 0.08324127122780889, 0.18063221274460617, 0.011012205194090111, 0.0013724638012672275, 0.0, 0.011985503248451872
2011-07-18, 0.07332910359198264, 0.0838427947598254, 0.13180849001744516, 0.1418184620918223, 0.1997901747023675, 0.011012205194090111, 0.00274492760253447, 0.0019180563695455287, 0.013697717998230712
2011-07-18, 0.1501479561088759, 0.5240174672489085, 0.08528784648187622, 0.24355779359247745, 0.33936961182319925, 0.0, 0.0, 0.008950929724545786, 0.0
2011-07-18, 0.10361661317229935, 0.4192139737991267, 0.10079472766039921, 0.13873545204634796, 0.15873739907859305, 0.0027530512985225316, 0.0, 0.0012787042463636858, 0.007419597249041629
2011-06-18, 0.07815510495620286, 0.33537117903930136, 0.06978096530335325, 0.08324127122780889, 0.11221092003831597, 0.00825915389556758, 0.004117391403801728, 0.0025574084927273717, 0.00970255024874675
2011-06-18, 0.07815510495620286, 0.33537117903930136, 0.06978096530335325, 0.08324127122780889, 0.11221092003831597, 0.00825915389556758, 0.004117391403801728, 0.0025574084927273717, 0.00970255024874675
2011-06-18, 0.07815510495620286, 0.33537117903930136, 0.06978096530335325, 0.08324127122780889, 0.11221092003831597, 0.00825915389556758, 0.004117391403801728, 0.0025574084927273717, 0.00970255024874675
2011-06-18, 0.07815510495620286, 0.33537117903930136, 0.06978096530335325, 0.08324127122780889, 0.11221092003831597, 0.00825915389556758, 0.004117391403801728, 0.0025574084927273717, 0.00970255024874675
2011-06-18, 0.07815510495620286, 0.33537117903930136, 0.06978096530335325, 0.08324127122780889, 0.11221092003831597, 0.00825915389556758, 0.004117391403801728, 0.0025574084927273717, 0.00970255024874675
2011-06-18, 0.07815510495620286, 0.33537117903930136, 0.06978096530335325, 0.08324127122780889, 0.11221092003831597, 0.00825915389556758, 0.004117391403801728, 0.0025574084927273717, 0.00970255024874675
2011-06-18, 0.07815510495620286, 0.33537117903930136, 0.06978096530335325, 0.08324127122780889, 0.11221092003831597, 0.00825915389556758, 0.004117391403801728, 0.0025574084927273717, 0.00970255024874675
2011-06-18, 0.07815510495620286, 0.33537117903930136, 0.06978096530335325, 0.08324127122780889, 0.11221092003831597, 0.00825915389556758, 0.004117391403801728, 0.0025574084927273717, 0.00970255024874675
2011-06-18, 0.07815510495620286, 0.33537117903930136, 0.06978096530335325, 0.08324127122780889, 0.11221092003831597, 0.00825915389556758, 0.004117391403801728, 0.0025574084927273717, 0.00970255024874675
2011-06-18, 0.07815510495620286, 0.33537117903930136, 0.06978096530335325, 0.08324127122780889, 0.11221092003831597, 0.00825915389556758, 0.004117391403801728, 0.0025574084927273717, 0.00970255024874675
2011-06-18, 0.07815510495620286, 0.33537117903930136, 0.06978096530335325, 0.08324127122780889, 0.11221092003831597, 0.00825915389556758, 0.004117391403801728, 0.0025574084927273717, 0.00970255024874675
2011-06-18, 0.12228228173625869, 0.6497816593886462, 0.007753440589261662, 0.20964468309225898, 0.09305295808055464, 0.005506102597045048, 0.004117391403801728, 0.0038361127390910575, 0.0045659059994102415
2011-06-18, 0.09899209387599196, 0.314410480349345, 0.10854816824966086, 0.018498060272846267, 0.32021164986543815, 0.011012205194090111, 0.005489855205068971, 0.0006393521231818429, 0.013126979748304431
2011-06-18, 0.08734659733191151, 0.314410480349345, 0.03876720294630728, 0.03083010045474387, 0.2818957259499157, 0.011012205194090111, 0.004117391403801728, 0.005754169108636586, 0.011985503248451872
2011-06-18, 0.12386649702946888, 0.06288209606986905, 0.1705756929637528, 0.20347866300131032, 0.4953701591935412, 0.02202441038818023, 0.01372463801267241, 0.005754169108636586, 0.01712214749778839
2011-05-19, 0.09366386735609529, 0.3982532751091704, 0.07753440589261457, 0.18189759268298944, 0.07115814441454175, 0.005506102597045063, 0.004117391403801728, 0.0, 0.01084402674859931
2011-05-19, 0.09366386735609529, 0.3982532751091704, 0.07753440589261457, 0.18189759268298944, 0.07115814441454175, 0.005506102597045063, 0.004117391403801728, 0.0, 0.01084402674859931
2011-05-19, 0.09366386735609529, 0.3982532751091704, 0.07753440589261457, 0.18189759268298944, 0.07115814441454175, 0.005506102597045063, 0.004117391403801728, 0.0, 0.01084402674859931
2011-05-19, 0.09366386735609529, 0.3982532751091704, 0.07753440589261457, 0.18189759268298944, 0.07115814441454175, 0.005506102597045063, 0.004117391403801728, 0.0, 0.01084402674859931
2011-05-19, 0.09366386735609529, 0.3982532751091704, 0.07753440589261457, 0.18189759268298944, 0.07115814441454175, 0.005506102597045063, 0.004117391403801728, 0.0, 0.01084402674859931
2011-05-19, 0.09366386735609529, 0.3982532751091704, 0.07753440589261457, 0.18189759268298944, 0.07115814441454175, 0.005506102597045063, 0.004117391403801728, 0.0, 0.01084402674859931
2011-05-19, 0.09366386735609529, 0.3982532751091704, 0.07753440589261457, 0.18189759268298944, 0.07115814441454175, 0.005506102597045063, 0.004117391403801728, 0.0, 0.01084402674859931
2011-05-19, 0.09366386735609529, 0.3982532751091704, 0.07753440589261457, 0.18189759268298944, 0.07115814441454175, 0.005506102597045063, 0.004117391403801728, 0.0, 0.01084402674859931
2011-05-19, 0.09366386735609529, 0.3982532751091704, 0.07753440589261457, 0.18189759268298944, 0.07115814441454175, 0.005506102597045063, 0.004117391403801728, 0.0, 0.01084402674859931
2011-05-19, 0.09366386735609529, 0.3982532751091704, 0.07753440589261457, 0.18189759268298944, 0.07115814441454175, 0.005506102597045063, 0.004117391403801728, 0.0, 0.01084402674859931
2011-05-19, 0.09366386735609529, 0.3982532751091704, 0.07753440589261457, 0.18189759268298944, 0.07115814441454175, 0.005506102597045063, 0.004117391403801728, 0.0, 0.01084402674859931
2011-05-19, 0.1809908243085345, 0.6707423580786025, 0.08528784648187622, 0.32988207486576065, 0.34758016694795435, 0.0, 0.0027449276025344853, 0.0025574084927273717, 0.009131811998820471
2011-05-19, 0.05032043088791939, 0.2934497816593887, 0.03101376235704562, 0.015415050227371935, 0.038315923915522423, 0.005506102597045063, 0.0027449276025344853, 0.0012787042463636858, 0.014839194498083273
2011-05-19, 0.06613811866037667, 0.314410480349345, 0.054274084124830264, 0.003083010045474606, 0.1395794371208322, 0.0027530512985225316, 0.0027449276025344853, 0.0025574084927273717, 0.00970255024874675
2011-05-19, 0.10840123249357447, 0.16768558951965057, 0.13180849001744552, 0.20964468309225898, 0.30105368790767706, 0.01376525649261265, 0.005489855205068971, 0.011508338217273158, 0.026253959496608862
2011-04-19, 0.11504547244894563, 0.5868995633187774, 0.0232603217677843, 0.15723351231919425, 0.1368425854125804, 0.0027530512985225316, 0.009607246608870683, 0.0031967606159092146, 0.0005707382499262802
2011-04-19, 0.13927868154078119, 0.62882096069869, 0.14731537119596816, 0.21889371322868226, 0.10400036491356084, 0.0, 0.00823478280760344, 0.006393521231818415, 0.0005707382499262802
2011-04-19, 0.13927868154078119, 0.62882096069869, 0.14731537119596816, 0.21889371322868226, 0.10400036491356084, 0.0, 0.00823478280760344, 0.006393521231818415, 0.0005707382499262802
2011-04-19, 0.13927868154078119, 0.62882096069869, 0.14731537119596816, 0.21889371322868226, 0.10400036491356084, 0.0, 0.00823478280760344, 0.006393521231818415, 0.0005707382499262802
2011-04-19, 0.13927868154078119, 0.62882096069869, 0.14731537119596816, 0.21889371322868226, 0.10400036491356084, 0.0, 0.00823478280760344, 0.006393521231818415, 0.0005707382499262802
2011-04-19, 0.13927868154078119, 0.62882096069869, 0.14731537119596816, 0.21889371322868226, 0.10400036491356084, 0.0, 0.00823478280760344, 0.006393521231818415, 0.0005707382499262802
2011-04-19, 0.13927868154078119, 0.62882096069869, 0.14731537119596816, 0.21889371322868226, 0.10400036491356084, 0.0, 0.00823478280760344, 0.006393521231818415, 0.0005707382499262802
2011-04-19, 0.13927868154078119, 0.62882096069869, 0.14731537119596816, 0.21889371322868226, 0.10400036491356084, 0.0, 0.00823478280760344, 0.006393521231818415, 0.0005707382499262802
2011-04-19, 0.13927868154078119, 0.62882096069869, 0.14731537119596816, 0.21889371322868226, 0.10400036491356084, 0.0, 0.00823478280760344, 0.006393521231818415, 0.0005707382499262802
2011-04-19, 0.13927868154078119, 0.62882096069869, 0.14731537119596816, 0.21889371322868226, 0.10400036491356084, 0.0, 0.00823478280760344, 0.006393521231818415, 0.0005707382499262802
2011-04-19, 0.13927868154078119, 0.62882096069869, 0.14731537119596816, 0.21889371322868226, 0.10400036491356084, 0.0, 0.00823478280760344, 0.006393521231818415, 0.0005707382499262802
2011-04-19, 0.2671426926691791, 1.1318777292576419, 0.17057569296375244, 0.5056136474578011, 0.30105368790767706, 0.00825915389556758, 0.0068623190063361985, 0.0031967606159092146, 0.009702550248746764
2011-04-19, 0.09329509460844781, 0.4401746724890829, 0.015506881178522981, 0.055494180818539074, 0.2107375815353737, 0.008259153895567594, 0.012352174211405168, 0.0038361127390910575, 0.0
2011-04-19, 0.08970486623635988, 0.2515283842794762, 0.06978096530335359, 0.04932816072759014, 0.3010536879076768, 0.011012205194090111, 0.01372463801267241, 0.011508338217273158, 0.00970255024874675
2011-04-19, 0.117362948175234, 0.18864628820960713, 0.06978096530335359, 0.1757315725920405, 0.46252793869452163, 0.013765256492612642, 0.01372463801267241, 0.009590281847727629, 0.005136644249336509
2011-03-20, 0.13219440116648165, 0.3772925764192138, 0.0775344058926149, 0.1325694319553993, 0.44063312502850877, 0.005506102597045048, 0.012352174211405184, 0.0076722254781821, 0.003995167749483949
2011-03-20, 0.11659894295353726, 0.5659388646288209, 0.09304128707113789, 0.16339953241014318, 0.08757925466405153, 0.0027530512985225316, 0.005489855205068971, 0.008311577601363944, 0.006278120749189069
2011-03-20, 0.11659894295353726, 0.5659388646288209, 0.09304128707113789, 0.16339953241014318, 0.08757925466405153, 0.0027530512985225316, 0.005489855205068971, 0.008311577601363944, 0.006278120749189069
2011-03-20, 0.11659894295353726, 0.5659388646288209, 0.09304128707113789, 0.16339953241014318, 0.08757925466405153, 0.0027530512985225316, 0.005489855205068971, 0.008311577601363944, 0.006278120749189069
2011-03-20, 0.11659894295353726, 0.5659388646288209, 0.09304128707113789, 0.16339953241014318, 0.08757925466405153, 0.0027530512985225316, 0.005489855205068971, 0.008311577601363944, 0.006278120749189069
2011-03-20, 0.11659894295353726, 0.5659388646288209, 0.09304128707113789, 0.16339953241014318, 0.08757925466405153, 0.0027530512985225316, 0.005489855205068971, 0.008311577601363944, 0.006278120749189069
2011-03-20, 0.11659894295353726, 0.5659388646288209, 0.09304128707113789, 0.16339953241014318, 0.08757925466405153, 0.0027530512985225316, 0.005489855205068971, 0.008311577601363944, 0.006278120749189069
2011-03-20, 0.11659894295353726, 0.5659388646288209, 0.09304128707113789, 0.16339953241014318, 0.08757925466405153, 0.0027530512985225316, 0.005489855205068971, 0.008311577601363944, 0.006278120749189069
2011-03-20, 0.11659894295353726, 0.5659388646288209, 0.09304128707113789, 0.16339953241014318, 0.08757925466405153, 0.0027530512985225316, 0.005489855205068971, 0.008311577601363944, 0.006278120749189069
2011-03-20, 0.11659894295353726, 0.5659388646288209, 0.09304128707113789, 0.16339953241014318, 0.08757925466405153, 0.0027530512985225316, 0.005489855205068971, 0.008311577601363944, 0.006278120749189069
2011-03-20, 0.11659894295353726, 0.5659388646288209, 0.09304128707113789, 0.16339953241014318, 0.08757925466405153, 0.0027530512985225316, 0.005489855205068971, 0.008311577601363944, 0.006278120749189069
2011-03-20, 0.12833896572161152, 0.6707423580786027, 0.023260321767784645, 0.15106749222824556, 0.16694795420334793, 0.0, 0.006862319006336213, 0.0038361127390910575, 0.003995167749483949
2011-03-20, 0.12060583363135965, 0.5659388646288209, 0.06978096530335359, 0.16956555250109184, 0.14778999224558662, 0.0, 0.006862319006336213, 0.0031967606159092146, 0.0017122147497788405
2011-03-20, 0.2290215532392104, 0.9851528384279475, 0.13180849001744516, 0.45320247668473645, 0.23263239520138684, 0.011012205194090127, 0.004117391403801728, 0.005114816985454743, 0.009131811998820483
2011-03-20, 0.06780789291071654, 0.0838427947598254, 0.0232603217677843, 0.06474321095496234, 0.3366327601149479, 0.011012205194090111, 0.013724638012672426, 0.006393521231818415, 0.0028536912496313883
2011-02-18, 0.0734466539207376, 0.02096069868995635, 0.2868773018026746, 0.003083010045474606, 0.24905350545089638, 0.011012205194090127, 0.005489855205068956, 0.0076722254781821, 0.0034244294995576683
2011-02-18, 0.10383624007650584, 0.4401746724890831, 0.10854816824966053, 0.24047478354700286, 0.035579072207270634, 0.0, 0.0, 0.0019180563695455287, 0.003995167749483961
2011-02-18, 0.10383624007650584, 0.4401746724890831, 0.10854816824966053, 0.24047478354700286, 0.035579072207270634, 0.0, 0.0, 0.0019180563695455287, 0.003995167749483961
2011-02-18, 0.10383624007650584, 0.4401746724890831, 0.10854816824966053, 0.24047478354700286, 0.035579072207270634, 0.0, 0.0, 0.0019180563695455287, 0.003995167749483961
2011-02-18, 0.10383624007650584, 0.4401746724890831, 0.10854816824966053, 0.24047478354700286, 0.035579072207270634, 0.0, 0.0, 0.0019180563695455287, 0.003995167749483961
2011-02-18, 0.10383624007650584, 0.4401746724890831, 0.10854816824966053, 0.24047478354700286, 0.035579072207270634, 0.0, 0.0, 0.0019180563695455287, 0.003995167749483961
2011-02-18, 0.10383624007650584, 0.4401746724890831, 0.10854816824966053, 0.24047478354700286, 0.035579072207270634, 0.0, 0.0, 0.0019180563695455287, 0.003995167749483961
2011-02-18, 0.10383624007650584, 0.4401746724890831, 0.10854816824966053, 0.24047478354700286, 0.035579072207270634, 0.0, 0.0, 0.0019180563695455287, 0.003995167749483961
2011-02-18, 0.10383624007650584, 0.4401746724890831, 0.10854816824966053, 0.24047478354700286, 0.035579072207270634, 0.0, 0.0, 0.0019180563695455287, 0.003995167749483961
2011-02-18, 0.10383624007650584, 0.4401746724890831, 0.10854816824966053, 0.24047478354700286, 0.035579072207270634, 0.0, 0.0, 0.0019180563695455287, 0.003995167749483961
2011-02-18, 0.10383624007650584, 0.4401746724890831, 0.10854816824966053, 0.24047478354700286, 0.035579072207270634, 0.0, 0.0, 0.0019180563695455287, 0.003995167749483961
2011-02-18, 0.09535002196985878, 0.0419213973799127, 0.19383601473153708, 0.06782622100043695, 0.44610682844501187, 0.005506102597045063, 0.0, 0.007032873355000258, 0.0005707382499262802
2011-02-18, 0.24797765544562642, 1.0480349344978168, 0.015506881178522981, 0.5241117077306474, 0.3530538703644577, 0.013765256492612642, 0.005489855205068971, 0.009590281847727644, 0.014268456248156992
2011-02-18, 0.1112140089900782, 0.3982532751091704, 0.08528784648187622, 0.3545461552295556, 0.03557907220727112, 0.0027530512985225165, 0.0027449276025344853, 0.0025574084927273717, 0.007990335498967922
2011-02-18, 0.09334597591054739, 0.4820960698689958, 0.062027524714091925, 0.1171543817280271, 0.08210555124754795, 0.0, 0.0027449276025344853, 0.0006393521231818429, 0.0
2011-01-19, 0.14041029324662915, 0.04192139737991247, 0.28687730180267496, 0.21581070318320764, 0.5583177484833283, 0.00825915389556758, 0.009607246608870683, 0.0019180563695455287, 0.0005707382499262802
2011-01-19, 0.10443861561414033, 0.4401746724890829, 0.13180849001744516, 0.08632428127328322, 0.16968480591159998, 0.0, 0.0027449276025344853, 0.0019180563695455287, 0.002853691249631401
2011-01-19, 0.10443861561414033, 0.4401746724890829, 0.13180849001744516, 0.08632428127328322, 0.16968480591159998, 0.0, 0.0027449276025344853, 0.0019180563695455287, 0.002853691249631401
2011-01-19, 0.10443861561414033, 0.4401746724890829, 0.13180849001744516, 0.08632428127328322, 0.16968480591159998, 0.0, 0.0027449276025344853, 0.0019180563695455287, 0.002853691249631401
2011-01-19, 0.10443861561414033, 0.4401746724890829, 0.13180849001744516, 0.08632428127328322, 0.16968480591159998, 0.0, 0.0027449276025344853, 0.0019180563695455287, 0.002853691249631401
2011-01-19, 0.10443861561414033, 0.4401746724890829, 0.13180849001744516, 0.08632428127328322, 0.16968480591159998, 0.0, 0.0027449276025344853, 0.0019180563695455287, 0.002853691249631401
2011-01-19, 0.10443861561414033, 0.4401746724890829, 0.13180849001744516, 0.08632428127328322, 0.16968480591159998, 0.0, 0.0027449276025344853, 0.0019180563695455287, 0.002853691249631401
2011-01-19, 0.10443861561414033, 0.4401746724890829, 0.13180849001744516, 0.08632428127328322, 0.16968480591159998, 0.0, 0.0027449276025344853, 0.0019180563695455287, 0.002853691249631401
2011-01-19, 0.10443861561414033, 0.4401746724890829, 0.13180849001744516, 0.08632428127328322, 0.16968480591159998, 0.0, 0.0027449276025344853, 0.0019180563695455287, 0.002853691249631401
2011-01-19, 0.10443861561414033, 0.4401746724890829, 0.13180849001744516, 0.08632428127328322, 0.16968480591159998, 0.0, 0.0027449276025344853, 0.0019180563695455287, 0.002853691249631401
2011-01-19, 0.10443861561414033, 0.4401746724890829, 0.13180849001744516, 0.08632428127328322, 0.16968480591159998, 0.0, 0.0027449276025344853, 0.0019180563695455287, 0.002853691249631401
2011-01-19, 0.10962730966013669, 0.3982532751091702, 0.14731537119596816, 0.07399224109138562, 0.25179035715914794, 0.0, 0.0027449276025344853, 0.0006393521231818429, 0.0022829529997051208
2011-01-19, 0.18215893700211316, 0.8384279475982535, 0.10079472766039921, 0.39462528582072304, 0.10673721662181263, 0.008259153895567594, 0.0013724638012672426, 0.0019180563695455287, 0.005136644249336521
2011-01-19, 0.14150894384384305, 0.2934497816593889, 0.19383601473153708, 0.0678262210004364, 0.5610546001915798, 0.005506102597045048, 0.005489855205068971, 0.0031967606159092146, 0.0017122147497788405
2011-01-19, 0.244021974049815, 1.0899563318777292, 0.023260321767784645, 0.5086966575032758, 0.29010628107467035, 0.016518307791135174, 0.004117391403801728, 0.006393521231818429, 0.013126979748304431
2010-12-20, 0.09320722095138627, 0.35633187772925745, 0.09304128707113754, 0.1449014721372969, 0.13410573370432885, 0.005506102597045063, 0.006862319006336213, 0.0031967606159092146, 0.0017122147497788405
2010-12-20, 0.09320722095138627, 0.35633187772925745, 0.09304128707113754, 0.1449014721372969, 0.13410573370432885, 0.005506102597045063, 0.006862319006336213, 0.0031967606159092146, 0.0017122147497788405
2010-12-20, 0.09320722095138627, 0.35633187772925745, 0.09304128707113754, 0.1449014721372969, 0.13410573370432885, 0.005506102597045063, 0.006862319006336213, 0.0031967606159092146, 0.0017122147497788405
2010-12-20, 0.09320722095138627, 0.35633187772925745, 0.09304128707113754, 0.1449014721372969, 0.13410573370432885, 0.005506102597045063, 0.006862319006336213, 0.0031967606159092146, 0.0017122147497788405
2010-12-20, 0.09320722095138627, 0.35633187772925745, 0.09304128707113754, 0.1449014721372969, 0.13410573370432885, 0.005506102597045063, 0.006862319006336213, 0.0031967606159092146, 0.0017122147497788405
2010-12-20, 0.09320722095138627, 0.35633187772925745, 0.09304128707113754, 0.1449014721372969, 0.13410573370432885, 0.005506102597045063, 0.006862319006336213, 0.0031967606159092146, 0.0017122147497788405
2010-12-20, 0.09320722095138627, 0.35633187772925745, 0.09304128707113754, 0.1449014721372969, 0.13410573370432885, 0.005506102597045063, 0.006862319006336213, 0.0031967606159092146, 0.0017122147497788405
2010-12-20, 0.09320722095138627, 0.35633187772925745, 0.09304128707113754, 0.1449014721372969, 0.13410573370432885, 0.005506102597045063, 0.006862319006336213, 0.0031967606159092146, 0.0017122147497788405
2010-12-20, 0.09320722095138627, 0.35633187772925745, 0.09304128707113754, 0.1449014721372969, 0.13410573370432885, 0.005506102597045063, 0.006862319006336213, 0.0031967606159092146, 0.0017122147497788405
2010-12-20, 0.09320722095138627, 0.35633187772925745, 0.09304128707113754, 0.1449014721372969, 0.13410573370432885, 0.005506102597045063, 0.006862319006336213, 0.0031967606159092146, 0.0017122147497788405
2010-12-20, 0.09320722095138627, 0.35633187772925745, 0.09304128707113754, 0.1449014721372969, 0.13410573370432885, 0.005506102597045063, 0.006862319006336213, 0.0031967606159092146, 0.0017122147497788405
2010-12-20, 0.15368782769310557, 0.7545851528384281, 0.046520643535568944, 0.323716054774812, 0.08484240295579974, 0.0027530512985225316, 0.004117391403801728, 0.0038361127390910575, 0.009131811998820483
2010-12-20, 0.11561099368956691, 0.6078602620087337, 0.054274084124830264, 0.052411170773064744, 0.19705332299411596, 0.0027530512985225316, 0.005489855205068971, 0.004475464862272886, 0.0005707382499262802
2010-12-20, 0.13007695403414207, 0.62882096069869, 0.06978096530335325, 0.12640341186445037, 0.20252702641061907, 0.0027530512985225316, 0.005489855205068971, 0.0025574084927273717, 0.0022829529997051208
2010-12-20, 0.11787362140683921, 0.5030567685589519, 0.09304128707113754, 0.23430876345605445, 0.09852666149705773, 0.005506102597045063, 0.005489855205068971, 0.0019180563695455287, 0.0011414764998525604
2010-11-20, 0.1258380580345774, 0.6497816593886464, 0.054274084124830264, 0.11407137168255276, 0.16694795420334793, 0.0, 0.004117391403801713, 0.008950929724545786, 0.00856107374889419
2010-11-20, 0.1258380580345774, 0.6497816593886464, 0.054274084124830264, 0.11407137168255276, 0.16694795420334793, 0.0, 0.004117391403801713, 0.008950929724545786, 0.00856107374889419
2010-11-20, 0.1258380580345774, 0.6497816593886464, 0.054274084124830264, 0.11407137168255276, 0.16694795420334793, 0.0, 0.004117391403801713, 0.008950929724545786, 0.00856107374889419
2010-11-20, 0.1258380580345774, 0.6497816593886464, 0.054274084124830264, 0.11407137168255276, 0.16694795420334793, 0.0, 0.004117391403801713, 0.008950929724545786, 0.00856107374889419
2010-11-20, 0.1258380580345774, 0.6497816593886464, 0.054274084124830264, 0.11407137168255276, 0.16694795420334793, 0.0, 0.004117391403801713, 0.008950929724545786, 0.00856107374889419
2010-11-20, 0.1258380580345774, 0.6497816593886464, 0.054274084124830264, 0.11407137168255276, 0.16694795420334793, 0.0, 0.004117391403801713, 0.008950929724545786, 0.00856107374889419
2010-11-20, 0.1258380580345774, 0.6497816593886464, 0.054274084124830264, 0.11407137168255276, 0.16694795420334793, 0.0, 0.004117391403801713, 0.008950929724545786, 0.00856107374889419
2010-11-20, 0.1258380580345774, 0.6497816593886464, 0.054274084124830264, 0.11407137168255276, 0.16694795420334793, 0.0, 0.004117391403801713, 0.008950929724545786, 0.00856107374889419
2010-11-20, 0.1258380580345774, 0.6497816593886464, 0.054274084124830264, 0.11407137168255276, 0.16694795420334793, 0.0, 0.004117391403801713, 0.008950929724545786, 0.00856107374889419
2010-11-20, 0.1258380580345774, 0.6497816593886464, 0.054274084124830264, 0.11407137168255276, 0.16694795420334793, 0.0, 0.004117391403801713, 0.008950929724545786, 0.00856107374889419
2010-11-20, 0.1258380580345774, 0.6497816593886464, 0.054274084124830264, 0.11407137168255276, 0.16694795420334793, 0.0, 0.004117391403801713, 0.008950929724545786, 0.00856107374889419
2010-11-20, 0.19430304651755512, 1.0480349344978166, 0.031013762357045963, 0.36071217532050454, 0.10673721662181263, 0.005506102597045048, 0.0, 0.0012787042463636858, 0.0011414764998525604
2010-11-20, 0.11751664444908932, 0.5449781659388646, 0.046520643535568944, 0.12023739177350169, 0.2107375815353737, 0.0, 0.005489855205068956, 0.007032873355000258, 0.005136644249336509
2010-11-20, 0.14165815212108762, 0.7965065502183404, 0.015506881178522981, 0.26822187395627267, 0.04105277562377422, 0.0, 0.0068623190063361985, 0.005114816985454729, 0.0
2010-11-20, 0.13780048175037185, 0.23056768558951984, 0.16282225237449113, 0.20656167304678463, 0.4515805318615154, 0.011012205194090127, 0.009607246608870683, 0.01598380307954606, 0.014268456248156992
2010-10-21, 0.13478094682628897, 0.7126637554585155, 0.031013762357045963, 0.03083010045474387, 0.28736942936641907, 0.0, 0.0, 0.008950929724545786, 0.007419597249041629
2010-10-21, 0.12087717583835564, 0.5659388646288209, 0.023260321767784645, 0.14490147213729662, 0.21894813666012886, 0.0027530512985225316, 0.0027449276025344853, 0.004475464862272886, 0.003995167749483949
2010-10-21, 0.12087717583835564, 0.5659388646288209, 0.023260321767784645, 0.14490147213729662, 0.21894813666012886, 0.0027530512985225316, 0.0027449276025344853, 0.004475464862272886, 0.003995167749483949
2010-10-21, 0.12087717583835564, 0.5659388646288209, 0.023260321767784645, 0.14490147213729662, 0.21894813666012886, 0.0027530512985225316, 0.0027449276025344853, 0.004475464862272886, 0.003995167749483949
2010-10-21, 0.12087717583835564, 0.5659388646288209, 0.023260321767784645, 0.14490147213729662, 0.21894813666012886, 0.0027530512985225316, 0.0027449276025344853, 0.004475464862272886, 0.003995167749483949
2010-10-21, 0.12087717583835564, 0.5659388646288209, 0.023260321767784645, 0.14490147213729662, 0.21894813666012886, 0.0027530512985225316, 0.0027449276025344853, 0.004475464862272886, 0.003995167749483949
2010-10-21, 0.12087717583835564, 0.5659388646288209, 0.023260321767784645, 0.14490147213729662, 0.21894813666012886, 0.0027530512985225316, 0.0027449276025344853, 0.004475464862272886, 0.003995167749483949
2010-10-21, 0.12087717583835564, 0.5659388646288209, 0.023260321767784645, 0.14490147213729662, 0.21894813666012886, 0.0027530512985225316, 0.0027449276025344853, 0.004475464862272886, 0.003995167749483949
2010-10-21, 0.12087717583835564, 0.5659388646288209, 0.023260321767784645, 0.14490147213729662, 0.21894813666012886, 0.0027530512985225316, 0.0027449276025344853, 0.004475464862272886, 0.003995167749483949
2010-10-21, 0.12087717583835564, 0.5659388646288209, 0.023260321767784645, 0.14490147213729662, 0.21894813666012886, 0.0027530512985225316, 0.0027449276025344853, 0.004475464862272886, 0.003995167749483949
2010-10-21, 0.12087717583835564, 0.5659388646288209, 0.023260321767784645, 0.14490147213729662, 0.21894813666012886, 0.0027530512985225316, 0.0027449276025344853, 0.004475464862272886, 0.003995167749483949
2010-10-21, 0.25171766435968373, 1.1109170305676856, 0.054274084124830604, 0.5086966575032755, 0.32021164986543815, 0.011012205194090111, 0.0, 0.0006393521231818429, 0.007990335498967922
2010-10-21, 0.1325646258927051, 0.46113537117903924, 0.03876720294630728, 0.1449014721372969, 0.39684349769648347, 0.0, 0.005489855205068971, 0.0076722254781821, 0.005707382499262789
2010-10-21, 0.1236495693080073, 0.18864628820960713, 0.09304128707113754, 0.2373917735015285, 0.42968571819550255, 0.005506102597045063, 0.008234782807603456, 0.014705098833182372, 0.011985503248451872
2010-10-21, 0.12595682056333793, 0.6707423580786027, 0.015506881178522981, 0.07707525113685995, 0.22168498836838038, 0.0027530512985225316, 0.0027449276025344853, 0.010868986094091315, 0.006278120749189069
2010-09-21, 0.12834386945920181, 0.6497816593886464, 0.062027524714091925, 0.024664080363795207, 0.2682114674086577, 0.0, 0.005489855205068956, 0.010868986094091329, 0.005707382499262802
2010-09-21, 0.12834386945920181, 0.6497816593886464, 0.062027524714091925, 0.024664080363795207, 0.2682114674086577, 0.0, 0.005489855205068956, 0.010868986094091329, 0.005707382499262802
2010-09-21, 0.12834386945920181, 0.6497816593886464, 0.062027524714091925, 0.024664080363795207, 0.2682114674086577, 0.0, 0.005489855205068956, 0.010868986094091329, 0.005707382499262802
2010-09-21, 0.12834386945920181, 0.6497816593886464, 0.062027524714091925, 0.024664080363795207, 0.2682114674086577, 0.0, 0.005489855205068956, 0.010868986094091329, 0.005707382499262802
2010-09-21, 0.12834386945920181, 0.6497816593886464, 0.062027524714091925, 0.024664080363795207, 0.2682114674086577, 0.0, 0.005489855205068956, 0.010868986094091329, 0.005707382499262802
2010-09-21, 0.12834386945920181, 0.6497816593886464, 0.062027524714091925, 0.024664080363795207, 0.2682114674086577, 0.0, 0.005489855205068956, 0.010868986094091329, 0.005707382499262802
2010-09-21, 0.12834386945920181, 0.6497816593886464, 0.062027524714091925, 0.024664080363795207, 0.2682114674086577, 0.0, 0.005489855205068956, 0.010868986094091329, 0.005707382499262802
2010-09-21, 0.12834386945920181, 0.6497816593886464, 0.062027524714091925, 0.024664080363795207, 0.2682114674086577, 0.0, 0.005489855205068956, 0.010868986094091329, 0.005707382499262802
2010-09-21, 0.12834386945920181, 0.6497816593886464, 0.062027524714091925, 0.024664080363795207, 0.2682114674086577, 0.0, 0.005489855205068956, 0.010868986094091329, 0.005707382499262802
2010-09-21, 0.12834386945920181, 0.6497816593886464, 0.062027524714091925, 0.024664080363795207, 0.2682114674086577, 0.0, 0.005489855205068956, 0.010868986094091329, 0.005707382499262802
2010-09-21, 0.12834386945920181, 0.6497816593886464, 0.062027524714091925, 0.024664080363795207, 0.2682114674086577, 0.0, 0.005489855205068956, 0.010868986094091329, 0.005707382499262802
2010-09-21, 0.23934151609820306, 1.1109170305676856, 0.11630160883892218, 0.4162063561390436, 0.21621128495187705, 0.013765256492612642, 0.00274492760253447, 0.019180563695455274, 0.019405100497493513
2010-09-21, 0.11977351404758838, 0.5240174672489083, 0.031013762357045963, 0.01849806027284654, 0.3585275737809608, 0.005506102597045063, 0.004117391403801713, 0.010229633970909487, 0.006278120749189082
2010-09-21, 0.11827233353800536, 0.31441048034934477, 0.12405504942818385, 0.07707525113685995, 0.41600145965424434, 0.0027530512985225316, 0.005489855205068956, 0.006393521231818429, 0.0
2010-09-21, 0.09396782650012728, 0.4401746724890829, 0.023260321767784645, 0.0030830100454743324, 0.2682114674086577, 0.0027530512985225316, 0.0068623190063361985, 0.005114816985454743, 0.0022829529997051208
2010-08-22, 0.13884235908467693, 0.5868995633187774, 0.062027524714091925, 0.04316214063664175, 0.40505405282123813, 0.0, 0.005489855205068956, 0.006393521231818429, 0.0017122147497788405
2010-08-22, 0.14208015881540875, 0.7755458515283845, 0.054274084124830604, 0.06166020090948774, 0.2271586917848835, 0.0, 0.005489855205068956, 0.010229633970909487, 0.0022829529997051208
2010-08-22, 0.14208015881540875, 0.7755458515283845, 0.054274084124830604, 0.06166020090948774, 0.2271586917848835, 0.0, 0.005489855205068956, 0.010229633970909487, 0.0022829529997051208
2010-08-22, 0.14208015881540875, 0.7755458515283845, 0.054274084124830604, 0.06166020090948774, 0.2271586917848835, 0.0, 0.005489855205068956, 0.010229633970909487, 0.0022829529997051208
2010-08-22, 0.14208015881540875, 0.7755458515283845, 0.054274084124830604, 0.06166020090948774, 0.2271586917848835, 0.0, 0.005489855205068956, 0.010229633970909487, 0.0022829529997051208
2010-08-22, 0.14208015881540875, 0.7755458515283845, 0.054274084124830604, 0.06166020090948774, 0.2271586917848835, 0.0, 0.005489855205068956, 0.010229633970909487, 0.0022829529997051208
2010-08-22, 0.14208015881540875, 0.7755458515283845, 0.054274084124830604, 0.06166020090948774, 0.2271586917848835, 0.0, 0.005489855205068956, 0.010229633970909487, 0.0022829529997051208
2010-08-22, 0.14208015881540875, 0.7755458515283845, 0.054274084124830604, 0.06166020090948774, 0.2271586917848835, 0.0, 0.005489855205068956, 0.010229633970909487, 0.0022829529997051208
2010-08-22, 0.14208015881540875, 0.7755458515283845, 0.054274084124830604, 0.06166020090948774, 0.2271586917848835, 0.0, 0.005489855205068956, 0.010229633970909487, 0.0022829529997051208
2010-08-22, 0.14208015881540875, 0.7755458515283845, 0.054274084124830604, 0.06166020090948774, 0.2271586917848835, 0.0, 0.005489855205068956, 0.010229633970909487, 0.0022829529997051208
2010-08-22, 0.14208015881540875, 0.7755458515283845, 0.054274084124830604, 0.06166020090948774, 0.2271586917848835, 0.0, 0.005489855205068956, 0.010229633970909487, 0.0022829529997051208
2010-08-22, 0.14881242470413925, 0.6078602620087337, 0.06978096530335359, 0.09249030136423216, 0.399580349404735, 0.0, 0.005489855205068956, 0.009590281847727644, 0.005707382499262802
2010-08-22, 0.15362907676321286, 0.6707423580786027, 0.015506881178522981, 0.10482234154612949, 0.4214751630707479, 0.0027530512985225316, 0.005489855205068956, 0.007672225478182115, 0.0005707382499262802
2010-08-22, 0.14521051437616603, 0.7336244541484718, 0.007753440589261319, 0.055494180818539074, 0.342106463531451, 0.0, 0.005489855205068956, 0.011508338217273172, 0.005707382499262802
2010-08-22, 0.14802684674887914, 0.8593886462882094, 0.046520643535568944, 0.06474321095496234, 0.1943164712858644, 0.0027530512985225316, 0.004117391403801713, 0.0089509297245458, 0.003424429499557681
2010-07-23, 0.13706417662124093, 0.6078602620087337, 0.007753440589261319, 0.08324127122780889, 0.38315923915522476, 0.0027530512985225316, 0.005489855205068956, 0.005114816985454743, 0.0011414764998525604
2010-07-23, 0.13674631261043957, 0.691703056768559, 0.062027524714091925, 0.10790535159160382, 0.21894813666012836, 0.0, 0.004117391403801713, 0.0012787042463636858, 0.00799033549896791
2010-07-23, 0.13674631261043957, 0.691703056768559, 0.062027524714091925, 0.10790535159160382, 0.21894813666012836, 0.0, 0.004117391403801713, 0.0012787042463636858, 0.00799033549896791
2010-07-23, 0.13674631261043957, 0.691703056768559, 0.062027524714091925, 0.10790535159160382, 0.21894813666012836, 0.0, 0.004117391403801713, 0.0012787042463636858, 0.00799033549896791
2010-07-23, 0.13674631261043957, 0.691703056768559, 0.062027524714091925, 0.10790535159160382, 0.21894813666012836, 0.0, 0.004117391403801713, 0.0012787042463636858, 0.00799033549896791
2010-07-23, 0.13674631261043957, 0.691703056768559, 0.062027524714091925, 0.10790535159160382, 0.21894813666012836, 0.0, 0.004117391403801713, 0.0012787042463636858, 0.00799033549896791
2010-07-23, 0.13674631261043957, 0.691703056768559, 0.062027524714091925, 0.10790535159160382, 0.21894813666012836, 0.0, 0.004117391403801713, 0.0012787042463636858, 0.00799033549896791
2010-07-23, 0.13674631261043957, 0.691703056768559, 0.062027524714091925, 0.10790535159160382, 0.21894813666012836, 0.0, 0.004117391403801713, 0.0012787042463636858, 0.00799033549896791
2010-07-23, 0.13674631261043957, 0.691703056768559, 0.062027524714091925, 0.10790535159160382, 0.21894813666012836, 0.0, 0.004117391403801713, 0.0012787042463636858, 0.00799033549896791
2010-07-23, 0.13674631261043957, 0.691703056768559, 0.062027524714091925, 0.10790535159160382, 0.21894813666012836, 0.0, 0.004117391403801713, 0.0012787042463636858, 0.00799033549896791
2010-07-23, 0.13674631261043957, 0.691703056768559, 0.062027524714091925, 0.10790535159160382, 0.21894813666012836, 0.0, 0.004117391403801713, 0.0012787042463636858, 0.00799033549896791
2010-07-23, 0.13877282323929108, 0.8174672489082971, 0.015506881178522981, 0.13873545204634768, 0.12589517857957372, 0.0027530512985225165, 0.004117391403801713, 0.0, 0.005707382499262802
2010-07-23, 0.13596416076415233, 0.7336244541484718, 0.0232603217677843, 0.006166020090948665, 0.30926424303243144, 0.0, 0.005489855205068956, 0.0019180563695455144, 0.00799033549896791
2010-07-23, 0.24119897496850365, 1.2157205240174673, 0.03876720294630762, 0.4347044164118899, 0.1943164712858644, 0.011012205194090111, 0.0013724638012672426, 0.010868986094091315, 0.022829529997051182
2010-07-23, 0.1310641565298548, 0.27248908296943253, 0.15506881178522947, 0.17881458263751537, 0.41600145965424434, 0.011012205194090127, 0.0068623190063361985, 0.0025574084927273717, 0.005707382499262802
2010-06-23, 0.1906498706955511, 0.1886462882096069, 0.20158945532079875, 0.474783547003057, 0.6322127446061213, 0.011012205194090111, 0.006862319006336213, 0.0089509297245458, 0.0011414764998525604
2010-06-23, 0.14677307469030582, 0.7126637554585151, 0.11630160883892218, 0.08324127122780861, 0.24905350545089663, 0.0, 0.0013724638012672426, 0.0012787042463636858, 0.01027328849867303
2010-06-23, 0.14677307469030582, 0.7126637554585151, 0.11630160883892218, 0.08324127122780861, 0.24905350545089663, 0.0, 0.0013724638012672426, 0.0012787042463636858, 0.01027328849867303
2010-06-23, 0.14677307469030582, 0.7126637554585151, 0.11630160883892218, 0.08324127122780861, 0.24905350545089663, 0.0, 0.0013724638012672426, 0.0012787042463636858, 0.01027328849867303
2010-06-23, 0.14677307469030582, 0.7126637554585151, 0.11630160883892218, 0.08324127122780861, 0.24905350545089663, 0.0, 0.0013724638012672426, 0.0012787042463636858, 0.01027328849867303
2010-06-23, 0.14677307469030582, 0.7126637554585151, 0.11630160883892218, 0.08324127122780861, 0.24905350545089663, 0.0, 0.0013724638012672426, 0.0012787042463636858, 0.01027328849867303
2010-06-23, 0.14677307469030582, 0.7126637554585151, 0.11630160883892218, 0.08324127122780861, 0.24905350545089663, 0.0, 0.0013724638012672426, 0.0012787042463636858, 0.01027328849867303
2010-06-23, 0.14677307469030582, 0.7126637554585151, 0.11630160883892218, 0.08324127122780861, 0.24905350545089663, 0.0, 0.0013724638012672426, 0.0012787042463636858, 0.01027328849867303
2010-06-23, 0.14677307469030582, 0.7126637554585151, 0.11630160883892218, 0.08324127122780861, 0.24905350545089663, 0.0, 0.0013724638012672426, 0.0012787042463636858, 0.01027328849867303
2010-06-23, 0.14677307469030582, 0.7126637554585151, 0.11630160883892218, 0.08324127122780861, 0.24905350545089663, 0.0, 0.0013724638012672426, 0.0012787042463636858, 0.01027328849867303
2010-06-23, 0.14677307469030582, 0.7126637554585151, 0.11630160883892218, 0.08324127122780861, 0.24905350545089663, 0.0, 0.0013724638012672426, 0.0012787042463636858, 0.01027328849867303
2010-06-23, 0.14851386989565196, 0.6497816593886462, 0.13956193060670682, 0.17264856254656616, 0.21073758153537395, 0.0027530512985225316, 0.0013724638012672426, 0.003836112739091043, 0.007419597249041629
2010-06-23, 0.22755727298248007, 1.1737991266375545, 0.09304128707113789, 0.24047478354700313, 0.2654746157004059, 0.00825915389556758, 0.0013724638012672426, 0.01406574671000053, 0.023971006496903743
2010-06-23, 0.13273566638786988, 0.8384279475982532, 0.10854816824966086, 0.024664080363795207, 0.07115814441454199, 0.0, 0.0, 0.0076722254781821, 0.011414764998525591
2010-06-23, 0.16293726147329968, 0.8384279475982532, 0.12405504942818385, 0.20964468309225898, 0.10400036491356109, 0.0027530512985225316, 0.0027449276025344853, 0.007032873355000258, 0.014839194498083273
2010-05-24, 0.19452669022661329, 1.0061135371179037, 0.13956193060670682, 0.06166020090948802, 0.31473794644893477, 0.005506102597045048, 0.0013724638012672426, 0.014705098833182372, 0.01255624149837815
2010-05-24, 0.1739813633190066, 0.691703056768559, 0.24035665826710603, 0.07090923104591129, 0.37221183232221877, 0.0, 0.0013724638012672426, 0.009590281847727644, 0.005707382499262802
2010-05-24, 0.1739813633190066, 0.691703056768559, 0.24035665826710603, 0.07090923104591129, 0.37221183232221877, 0.0, 0.0013724638012672426, 0.009590281847727644, 0.005707382499262802
2010-05-24, 0.1739813633190066, 0.691703056768559, 0.24035665826710603, 0.07090923104591129, 0.37221183232221877, 0.0, 0.0013724638012672426, 0.009590281847727644, 0.005707382499262802
2010-05-24, 0.1739813633190066, 0.691703056768559, 0.24035665826710603, 0.07090923104591129, 0.37221183232221877, 0.0, 0.0013724638012672426, 0.009590281847727644, 0.005707382499262802
2010-05-24, 0.1739813633190066, 0.691703056768559, 0.24035665826710603, 0.07090923104591129, 0.37221183232221877, 0.0, 0.0013724638012672426, 0.009590281847727644, 0.005707382499262802
2010-05-24, 0.1739813633190066, 0.691703056768559, 0.24035665826710603, 0.07090923104591129, 0.37221183232221877, 0.0, 0.0013724638012672426, 0.009590281847727644, 0.005707382499262802
2010-05-24, 0.1739813633190066, 0.691703056768559, 0.24035665826710603, 0.07090923104591129, 0.37221183232221877, 0.0, 0.0013724638012672426, 0.009590281847727644, 0.005707382499262802
2010-05-24, 0.1739813633190066, 0.691703056768559, 0.24035665826710603, 0.07090923104591129, 0.37221183232221877, 0.0, 0.0013724638012672426, 0.009590281847727644, 0.005707382499262802
2010-05-24, 0.1739813633190066, 0.691703056768559, 0.24035665826710603, 0.07090923104591129, 0.37221183232221877, 0.0, 0.0013724638012672426, 0.009590281847727644, 0.005707382499262802
2010-05-24, 0.1739813633190066, 0.691703056768559, 0.24035665826710603, 0.07090923104591129, 0.37221183232221877, 0.0, 0.0013724638012672426, 0.009590281847727644, 0.005707382499262802
2010-05-24, 0.17337451110157814, 0.62882096069869, 0.2481100988563677, 0.06166020090948802, 0.4187383113624961, 0.0, 0.004117391403801728, 0.014705098833182372, 0.01084402674859931
2010-05-24, 0.22072969716391988, 0.33537117903930114, 0.24035665826710603, 0.3977082958661976, 0.7690553300187017, 0.008259153895567594, 0.009607246608870698, 0.0031967606159092146, 0.0022829529997051208
2010-05-24, 0.22740808780115707, 1.0899563318777292, 0.1705756929637528, 0.3884592657297741, 0.11768462345481907, 0.011012205194090111, 0.0, 0.02045926794181896, 0.021117315247272343
2010-05-24, 0.21620792696074487, 0.5659388646288209, 0.18608257414227578, 0.2743878940472216, 0.6814760753546503, 0.005506102597045063, 0.008234782807603456, 0.005754169108636586, 0.0022829529997051208
2010-04-24, 0.1691427404791657, 0.8174672489082969, 0.062027524714091925, 0.11715438172802736, 0.3366327601149479, 0.0027530512985225316, 0.0027449276025344853, 0.011508338217273172, 0.0028536912496313883
2010-04-24, 0.1710197006401363, 0.7965065502183406, 0.03876720294630762, 0.1788145826375151, 0.3366327601149479, 0.0027530512985225316, 0.0013724638012672426, 0.007032873355000272, 0.006278120749189082
2010-04-24, 0.1710197006401363, 0.7965065502183406, 0.03876720294630762, 0.1788145826375151, 0.3366327601149479, 0.0027530512985225316, 0.0013724638012672426, 0.007032873355000272, 0.006278120749189082
2010-04-24, 0.1710197006401363, 0.7965065502183406, 0.03876720294630762, 0.1788145826375151, 0.3366327601149479, 0.0027530512985225316, 0.0013724638012672426, 0.007032873355000272, 0.006278120749189082
2010-04-24, 0.1710197006401363, 0.7965065502183406, 0.03876720294630762, 0.1788145826375151, 0.3366327601149479, 0.0027530512985225316, 0.0013724638012672426, 0.007032873355000272, 0.006278120749189082
2010-04-24, 0.1710197006401363, 0.7965065502183406, 0.03876720294630762, 0.1788145826375151, 0.3366327601149479, 0.0027530512985225316, 0.0013724638012672426, 0.007032873355000272, 0.006278120749189082
2010-04-24, 0.1710197006401363, 0.7965065502183406, 0.03876720294630762, 0.1788145826375151, 0.3366327601149479, 0.0027530512985225316, 0.0013724638012672426, 0.007032873355000272, 0.006278120749189082
2010-04-24, 0.1710197006401363, 0.7965065502183406, 0.03876720294630762, 0.1788145826375151, 0.3366327601149479, 0.0027530512985225316, 0.0013724638012672426, 0.007032873355000272, 0.006278120749189082
2010-04-24, 0.1710197006401363, 0.7965065502183406, 0.03876720294630762, 0.1788145826375151, 0.3366327601149479, 0.0027530512985225316, 0.0013724638012672426, 0.007032873355000272, 0.006278120749189082
2010-04-24, 0.1710197006401363, 0.7965065502183406, 0.03876720294630762, 0.1788145826375151, 0.3366327601149479, 0.0027530512985225316, 0.0013724638012672426, 0.007032873355000272, 0.006278120749189082
2010-04-24, 0.1710197006401363, 0.7965065502183406, 0.03876720294630762, 0.1788145826375151, 0.3366327601149479, 0.0027530512985225316, 0.0013724638012672426, 0.007032873355000272, 0.006278120749189082
2010-04-24, 0.23917298385511793, 1.3624454148471616, 0.015506881178522981, 0.28980294427459324, 0.19431647128586416, 0.005506102597045048, 0.0027449276025344853, 0.023656028557728172, 0.0194051004974935
2010-04-24, 0.2292593241878863, 0.3982532751091704, 0.18608257414227578, 0.4377874264573648, 0.7800027368517082, 0.013765256492612657, 0.005489855205068971, 0.0012787042463636858, 0.011414764998525603
2010-04-24, 0.14830368810840952, 0.9851528384279478, 0.031013762357045963, 0.024664080363794933, 0.12042147516307063, 0.0027530512985225316, 0.0013724638012672426, 0.015344450956364216, 0.005707382499262789
2010-04-24, 0.17910024577542039, 1.1528384279475985, 0.062027524714091925, 0.09557331140970622, 0.09305295808055464, 0.0027530512985225165, 0.0013724638012672426, 0.0166231552027279, 0.00856107374889419
2010-03-25, 0.13085688012274044, 0.9013100436681221, 0.023260321767784645, 0.027747090409269537, 0.07115814441454175, 0.008259153895567594, 0.00274492760253447, 0.008950929724545786, 0.0034244294995576683
2010-03-25, 0.17069939408670765, 0.7545851528384281, 0.06978096530335325, 0.19422963286488704, 0.3010536879076768, 0.013765256492612642, 0.005489855205068956, 0.014705098833182372, 0.011985503248451872
2010-03-25, 0.17069939408670765, 0.7545851528384281, 0.06978096530335325, 0.19422963286488704, 0.3010536879076768, 0.013765256492612642, 0.005489855205068956, 0.014705098833182372, 0.011985503248451872
2010-03-25, 0.17069939408670765, 0.7545851528384281, 0.06978096530335325, 0.19422963286488704, 0.3010536879076768, 0.013765256492612642, 0.005489855205068956, 0.014705098833182372, 0.011985503248451872
2010-03-25, 0.17069939408670765, 0.7545851528384281, 0.06978096530335325, 0.19422963286488704, 0.3010536879076768, 0.013765256492612642, 0.005489855205068956, 0.014705098833182372, 0.011985503248451872
2010-03-25, 0.17069939408670765, 0.7545851528384281, 0.06978096530335325, 0.19422963286488704, 0.3010536879076768, 0.013765256492612642, 0.005489855205068956, 0.014705098833182372, 0.011985503248451872
2010-03-25, 0.17069939408670765, 0.7545851528384281, 0.06978096530335325, 0.19422963286488704, 0.3010536879076768, 0.013765256492612642, 0.005489855205068956, 0.014705098833182372, 0.011985503248451872
2010-03-25, 0.17069939408670765, 0.7545851528384281, 0.06978096530335325, 0.19422963286488704, 0.3010536879076768, 0.013765256492612642, 0.005489855205068956, 0.014705098833182372, 0.011985503248451872
2010-03-25, 0.17069939408670765, 0.7545851528384281, 0.06978096530335325, 0.19422963286488704, 0.3010536879076768, 0.013765256492612642, 0.005489855205068956, 0.014705098833182372, 0.011985503248451872
2010-03-25, 0.17069939408670765, 0.7545851528384281, 0.06978096530335325, 0.19422963286488704, 0.3010536879076768, 0.013765256492612642, 0.005489855205068956, 0.014705098833182372, 0.011985503248451872
2010-03-25, 0.17069939408670765, 0.7545851528384281, 0.06978096530335325, 0.19422963286488704, 0.3010536879076768, 0.013765256492612642, 0.005489855205068956, 0.014705098833182372, 0.011985503248451872
2010-03-25, 0.1488991100559691, 0.9222707423580785, 0.0, 0.052411170773064744, 0.19431647128586393, 0.008259153895567594, 0.004117391403801713, 0.006393521231818415, 0.0034244294995576683
2010-03-25, 0.13435658462400232, 0.8593886462882094, 0.10079472766039921, 0.055494180818539074, 0.027368517082515986, 0.008259153895567594, 0.004117391403801713, 0.010868986094091315, 0.00856107374889419
2010-03-25, 0.13331679900558993, 0.9432314410480348, 0.031013762357045963, 0.018498060272846267, 0.049263330748528865, 0.005506102597045063, 0.0013724638012672426, 0.010229633970909473, 0.007419597249041629
2010-03-25, 0.14174651636808905, 0.9641921397379911, 0.08528784648187622, 0.04316214063664148, 0.013684258541257748, 0.008259153895567594, 0.0013724638012672426, 0.008311577601363944, 0.00970255024874675
2010-02-23, 0.17782908074021514, 0.9013100436681221, 0.14731537119596816, 0.0955733114097065, 0.2545272088674, 0.00825915389556758, 0.004117391403801728, 0.006393521231818415, 0.005136644249336509
2010-02-23, 0.13999709418999845, 0.6707423580786023, 0.07753440589261457, 0.04007913059116687, 0.29831683619942573, 0.016518307791135174, 0.0027449276025344853, 0.0031967606159092146, 0.010844026748599323
2010-02-23, 0.13999709418999845, 0.6707423580786023, 0.07753440589261457, 0.04007913059116687, 0.29831683619942573, 0.016518307791135174, 0.0027449276025344853, 0.0031967606159092146, 0.010844026748599323
2010-02-23, 0.13999709418999845, 0.6707423580786023, 0.07753440589261457, 0.04007913059116687, 0.29831683619942573, 0.016518307791135174, 0.0027449276025344853, 0.0031967606159092146, 0.010844026748599323
2010-02-23, 0.13999709418999845, 0.6707423580786023, 0.07753440589261457, 0.04007913059116687, 0.29831683619942573, 0.016518307791135174, 0.0027449276025344853, 0.0031967606159092146, 0.010844026748599323
2010-02-23, 0.13999709418999845, 0.6707423580786023, 0.07753440589261457, 0.04007913059116687, 0.29831683619942573, 0.016518307791135174, 0.0027449276025344853, 0.0031967606159092146, 0.010844026748599323
2010-02-23, 0.13999709418999845, 0.6707423580786023, 0.07753440589261457, 0.04007913059116687, 0.29831683619942573, 0.016518307791135174, 0.0027449276025344853, 0.0031967606159092146, 0.010844026748599323
2010-02-23, 0.13999709418999845, 0.6707423580786023, 0.07753440589261457, 0.04007913059116687, 0.29831683619942573, 0.016518307791135174, 0.0027449276025344853, 0.0031967606159092146, 0.010844026748599323
2010-02-23, 0.13999709418999845, 0.6707423580786023, 0.07753440589261457, 0.04007913059116687, 0.29831683619942573, 0.016518307791135174, 0.0027449276025344853, 0.0031967606159092146, 0.010844026748599323
2010-02-23, 0.13999709418999845, 0.6707423580786023, 0.07753440589261457, 0.04007913059116687, 0.29831683619942573, 0.016518307791135174, 0.0027449276025344853, 0.0031967606159092146, 0.010844026748599323
2010-02-23, 0.13999709418999845, 0.6707423580786023, 0.07753440589261457, 0.04007913059116687, 0.29831683619942573, 0.016518307791135174, 0.0027449276025344853, 0.0031967606159092146, 0.010844026748599323
2010-02-23, 0.1353838757463682, 0.6078602620087337, 0.046520643535568944, 0.01233204018189733, 0.3831592391552252, 0.013765256492612642, 0.0027449276025344853, 0.0012787042463636858, 0.015409932748009565
2010-02-23, 0.19121731377896087, 0.02096069868995635, 0.054274084124830604, 0.4778665570485319, 0.9058979154312824, 0.024777461686702754, 0.0013724638012672426, 0.0166231552027279, 0.027966174246387702
2010-02-23, 0.2674404755594632, 1.3205240174672486, 0.20934289591006008, 0.41312334609356927, 0.16147425078684485, 0.0, 0.006862319006336213, 0.012787042463636844, 0.015409932748009551
2010-02-23, 0.16222510950041022, 0.33537117903930114, 0.07753440589261457, 0.21889371322868198, 0.6157916343566118, 0.01927135908965769, 0.0013724638012672426, 0.009590281847727644, 0.01997583874741978
2010-01-24, 0.17773225561551442, 0.7336244541484718, 0.10079472766039956, 0.14181846209182203, 0.3886329425717283, 0.011012205194090111, 0.00823478280760344, 0.0166231552027279, 0.021117315247272343
2010-01-24, 0.13994085409835721, 0.48209606986899556, 0.08528784648187622, 0.15723351231919425, 0.35579072207270923, 0.013765256492612642, 0.005489855205068971, 0.009590281847727644, 0.01027328849867303
2010-01-24, 0.13994085409835721, 0.48209606986899556, 0.08528784648187622, 0.15723351231919425, 0.35579072207270923, 0.013765256492612642, 0.005489855205068971, 0.009590281847727644, 0.01027328849867303
2010-01-24, 0.13994085409835721, 0.48209606986899556, 0.08528784648187622, 0.15723351231919425, 0.35579072207270923, 0.013765256492612642, 0.005489855205068971, 0.009590281847727644, 0.01027328849867303
2010-01-24, 0.13994085409835721, 0.48209606986899556, 0.08528784648187622, 0.15723351231919425, 0.35579072207270923, 0.013765256492612642, 0.005489855205068971, 0.009590281847727644, 0.01027328849867303
2010-01-24, 0.13994085409835721, 0.48209606986899556, 0.08528784648187622, 0.15723351231919425, 0.35579072207270923, 0.013765256492612642, 0.005489855205068971, 0.009590281847727644, 0.01027328849867303
2010-01-24, 0.13994085409835721, 0.48209606986899556, 0.08528784648187622, 0.15723351231919425, 0.35579072207270923, 0.013765256492612642, 0.005489855205068971, 0.009590281847727644, 0.01027328849867303
2010-01-24, 0.13994085409835721, 0.48209606986899556, 0.08528784648187622, 0.15723351231919425, 0.35579072207270923, 0.013765256492612642, 0.005489855205068971, 0.009590281847727644, 0.01027328849867303
2010-01-24, 0.13994085409835721, 0.48209606986899556, 0.08528784648187622, 0.15723351231919425, 0.35579072207270923, 0.013765256492612642, 0.005489855205068971, 0.009590281847727644, 0.01027328849867303
2010-01-24, 0.13994085409835721, 0.48209606986899556, 0.08528784648187622, 0.15723351231919425, 0.35579072207270923, 0.013765256492612642, 0.005489855205068971, 0.009590281847727644, 0.01027328849867303
2010-01-24, 0.13994085409835721, 0.48209606986899556, 0.08528784648187622, 0.15723351231919425, 0.35579072207270923, 0.013765256492612642, 0.005489855205068971, 0.009590281847727644, 0.01027328849867303
2010-01-24, 0.292785194074979, 1.4882096069868993, 0.1240550494281835, 0.49019859723042924, 0.2107375815353737, 0.0027530512985225316, 0.01372463801267241, 0.005754169108636586, 0.00684885899911535
2010-01-24, 0.13902669865775713, 0.5659388646288209, 0.015506881178522981, 0.024664080363795207, 0.46252793869452213, 0.013765256492612642, 0.00823478280760344, 0.009590281847727644, 0.011985503248451884
2010-01-24, 0.16091613882659975, 0.0, 0.18608257414227544, 0.26513886391079805, 0.7553710714774438, 0.022024410388180236, 0.0068623190063361985, 0.02045926794181896, 0.031390603745945385
2010-01-24, 0.1555738649623674, 0.2096069868995635, 0.09304128707113789, 0.19731264291036166, 0.6760023719381474, 0.016518307791135174, 0.004117391403801728, 0.021737972188182644, 0.026253959496608876
2009-12-25, 0.2519280363131948, 0.6707423580786027, 0.3101376235704596, 0.2343087634560542, 0.7444236646444375, 0.019271359089657707, 0.005489855205068971, 0.012787042463636844, 0.018263623997640952
2009-12-25, 0.26492755870167606, 1.0480349344978166, 0.2015894553207991, 0.12948642190992468, 0.6814760753546505, 0.011012205194090111, 0.006862319006336213, 0.014705098833182358, 0.026253959496608876
2009-12-25, 0.26492755870167606, 1.0480349344978166, 0.2015894553207991, 0.12948642190992468, 0.6814760753546505, 0.011012205194090111, 0.006862319006336213, 0.014705098833182358, 0.026253959496608876
2009-12-25, 0.26492755870167606, 1.0480349344978166, 0.2015894553207991, 0.12948642190992468, 0.6814760753546505, 0.011012205194090111, 0.006862319006336213, 0.014705098833182358, 0.026253959496608876
2009-12-25, 0.26492755870167606, 1.0480349344978166, 0.2015894553207991, 0.12948642190992468, 0.6814760753546505, 0.011012205194090111, 0.006862319006336213, 0.014705098833182358, 0.026253959496608876
2009-12-25, 0.26492755870167606, 1.0480349344978166, 0.2015894553207991, 0.12948642190992468, 0.6814760753546505, 0.011012205194090111, 0.006862319006336213, 0.014705098833182358, 0.026253959496608876
2009-12-25, 0.26492755870167606, 1.0480349344978166, 0.2015894553207991, 0.12948642190992468, 0.6814760753546505, 0.011012205194090111, 0.006862319006336213, 0.014705098833182358, 0.026253959496608876
2009-12-25, 0.26492755870167606, 1.0480349344978166, 0.2015894553207991, 0.12948642190992468, 0.6814760753546505, 0.011012205194090111, 0.006862319006336213, 0.014705098833182358, 0.026253959496608876
2009-12-25, 0.26492755870167606, 1.0480349344978166, 0.2015894553207991, 0.12948642190992468, 0.6814760753546505, 0.011012205194090111, 0.006862319006336213, 0.014705098833182358, 0.026253959496608876
2009-12-25, 0.26492755870167606, 1.0480349344978166, 0.2015894553207991, 0.12948642190992468, 0.6814760753546505, 0.011012205194090111, 0.006862319006336213, 0.014705098833182358, 0.026253959496608876
2009-12-25, 0.26492755870167606, 1.0480349344978166, 0.2015894553207991, 0.12948642190992468, 0.6814760753546505, 0.011012205194090111, 0.006862319006336213, 0.014705098833182358, 0.026253959496608876
2009-12-25, 0.2236418882184102, 0.5868995633187774, 0.294630742391937, 0.18189759268298944, 0.6650549651051407, 0.019271359089657707, 0.005489855205068971, 0.015344450956364216, 0.020546576997346074
2009-12-25, 0.24845688622819997, 0.691703056768559, 0.28687730180267496, 0.22814274336510498, 0.7115814441454185, 0.019271359089657707, 0.005489855205068971, 0.0166231552027279, 0.027966174246387702
2009-12-25, 0.2754673931043602, 1.6558951965065503, 0.2015894553207991, 0.20964468309225953, 0.12315832687132265, 0.0027530512985225316, 0.006862319006336213, 0.0038361127390910575, 0.0
2009-12-25, 0.2461639990265614, 0.14672489082969445, 0.43419267299864345, 0.3761272255478762, 0.9058979154312824, 0.024777461686702754, 0.008234782807603456, 0.02941019766636476, 0.043946845244323546
2009-11-25, 0.2337346894153992, 0.9432314410480352, 0.10079472766039989, 0.5857719086401357, 0.17242165761985104, 0.03028356428374783, 0.012352174211405168, 0.004475464862272886, 0.02054657699734606
2009-11-25, 0.23232415034331516, 1.2157205240174673, 0.1473153711959685, 0.42545538627546664, 0.013684258541258236, 0.022024410388180236, 0.016469565615206898, 0.012787042463636844, 0.005136644249336509
2009-11-25, 0.23232415034331516, 1.2157205240174673, 0.1473153711959685, 0.42545538627546664, 0.013684258541258236, 0.022024410388180236, 0.016469565615206898, 0.012787042463636844, 0.005136644249336509
2009-11-25, 0.23232415034331516, 1.2157205240174673, 0.1473153711959685, 0.42545538627546664, 0.013684258541258236, 0.022024410388180236, 0.016469565615206898, 0.012787042463636844, 0.005136644249336509
2009-11-25, 0.23232415034331516, 1.2157205240174673, 0.1473153711959685, 0.42545538627546664, 0.013684258541258236, 0.022024410388180236, 0.016469565615206898, 0.012787042463636844, 0.005136644249336509
2009-11-25, 0.23232415034331516, 1.2157205240174673, 0.1473153711959685, 0.42545538627546664, 0.013684258541258236, 0.022024410388180236, 0.016469565615206898, 0.012787042463636844, 0.005136644249336509
2009-11-25, 0.23232415034331516, 1.2157205240174673, 0.1473153711959685, 0.42545538627546664, 0.013684258541258236, 0.022024410388180236, 0.016469565615206898, 0.012787042463636844, 0.005136644249336509
2009-11-25, 0.23232415034331516, 1.2157205240174673, 0.1473153711959685, 0.42545538627546664, 0.013684258541258236, 0.022024410388180236, 0.016469565615206898, 0.012787042463636844, 0.005136644249336509
2009-11-25, 0.23232415034331516, 1.2157205240174673, 0.1473153711959685, 0.42545538627546664, 0.013684258541258236, 0.022024410388180236, 0.016469565615206898, 0.012787042463636844, 0.005136644249336509
2009-11-25, 0.23232415034331516, 1.2157205240174673, 0.1473153711959685, 0.42545538627546664, 0.013684258541258236, 0.022024410388180236, 0.016469565615206898, 0.012787042463636844, 0.005136644249336509
2009-11-25, 0.23232415034331516, 1.2157205240174673, 0.1473153711959685, 0.42545538627546664, 0.013684258541258236, 0.022024410388180236, 0.016469565615206898, 0.012787042463636844, 0.005136644249336509
2009-11-25, 0.2535008246252503, 1.194759825327511, 0.17832913355301447, 0.49019859723042924, 0.10126351320530928, 0.024777461686702768, 0.01372463801267241, 0.0038361127390910575, 0.021117315247272353
2009-11-25, 0.2569442328755146, 0.8803493449781662, 0.23260321767784506, 0.5734398684582379, 0.30926424303243144, 0.024777461686702768, 0.015097101813939653, 0.005754169108636572, 0.014268456248156992
2009-11-25, 0.36007441491861125, 2.137991266375546, 0.11630160883892253, 0.04007913059116687, 0.5227386762760572, 0.013765256492612657, 0.019214493217741366, 0.023656028557728158, 0.006848858999115362
2009-11-25, 0.301020501370582, 1.0270742358078602, 0.17057569296375313, 0.6905942501862652, 0.4515805318615154, 0.0275305129852253, 0.017842029416474125, 0.0012787042463636858, 0.02168805349719862
2009-10-26, 0.18792429018921591, 1.110917030567686, 0.09304128707113789, 0.10790535159160437, 0.10947406833006443, 0.03303661558227035, 0.01372463801267241, 0.004475464862272915, 0.030819865496019103
2009-10-26, 0.18792429018921591, 1.110917030567686, 0.09304128707113789, 0.10790535159160437, 0.10947406833006443, 0.03303661558227035, 0.01372463801267241, 0.004475464862272915, 0.030819865496019103
2009-10-26, 0.18792429018921591, 1.110917030567686, 0.09304128707113789, 0.10790535159160437, 0.10947406833006443, 0.03303661558227035, 0.01372463801267241, 0.004475464862272915, 0.030819865496019103
2009-10-26, 0.18792429018921591, 1.110917030567686, 0.09304128707113789, 0.10790535159160437, 0.10947406833006443, 0.03303661558227035, 0.01372463801267241, 0.004475464862272915, 0.030819865496019103
2009-10-26, 0.18792429018921591, 1.110917030567686, 0.09304128707113789, 0.10790535159160437, 0.10947406833006443, 0.03303661558227035, 0.01372463801267241, 0.004475464862272915, 0.030819865496019103
2009-10-26, 0.18792429018921591, 1.110917030567686, 0.09304128707113789, 0.10790535159160437, 0.10947406833006443, 0.03303661558227035, 0.01372463801267241, 0.004475464862272915, 0.030819865496019103
2009-10-26, 0.18792429018921591, 1.110917030567686, 0.09304128707113789, 0.10790535159160437, 0.10947406833006443, 0.03303661558227035, 0.01372463801267241, 0.004475464862272915, 0.030819865496019103
2009-10-26, 0.18792429018921591, 1.110917030567686, 0.09304128707113789, 0.10790535159160437, 0.10947406833006443, 0.03303661558227035, 0.01372463801267241, 0.004475464862272915, 0.030819865496019103
2009-10-26, 0.18792429018921591, 1.110917030567686, 0.09304128707113789, 0.10790535159160437, 0.10947406833006443, 0.03303661558227035, 0.01372463801267241, 0.004475464862272915, 0.030819865496019103
2009-10-26, 0.18792429018921591, 1.110917030567686, 0.09304128707113789, 0.10790535159160437, 0.10947406833006443, 0.03303661558227035, 0.01372463801267241, 0.004475464862272915, 0.030819865496019103
2009-10-26, 0.18792429018921591, 1.110917030567686, 0.09304128707113789, 0.10790535159160437, 0.10947406833006443, 0.03303661558227035, 0.01372463801267241, 0.004475464862272915, 0.030819865496019103
2009-10-26, 0.25095252229558346, 1.676855895196507, 0.06978096530335325, 0.13256943195539958, 0.07389499612279331, 0.013765256492612628, 0.024704348422810354, 0.0006393521231818287, 0.015409932748009551
2009-10-26, 0.18835703030296827, 1.0480349344978166, 0.031013762357045963, 0.03391311050021875, 0.3065273913241804, 0.03578966688079288, 0.01372463801267241, 0.007032873355000258, 0.030819865496019103
2009-10-26, 0.20937370024430838, 0.06288209606986905, 0.22484977708858306, 0.5364437479125448, 0.7197919992701727, 0.041295769477837925, 0.012352174211405168, 0.02429538068091, 0.05307865724314402
2009-10-26, 0.25058031256208224, 0.5868995633187778, 0.1395619306067065, 0.3391311050021837, 0.8237923641837345, 0.03854271817931539, 0.01372463801267241, 0.0179018594490916, 0.045088321744176096
2009-09-26, 0.22120785645383476, 0.9432314410480352, 0.49622019771273473, 0.13873545204634768, 0.10400036491356084, 0.01927135908965769, 0.01646956561520688, 0.014065746710000515, 0.03766872449513447
2009-09-26, 0.22120785645383476, 0.9432314410480352, 0.49622019771273473, 0.13873545204634768, 0.10400036491356084, 0.01927135908965769, 0.01646956561520688, 0.014065746710000515, 0.03766872449513447
2009-09-26, 0.22120785645383476, 0.9432314410480352, 0.49622019771273473, 0.13873545204634768, 0.10400036491356084, 0.01927135908965769, 0.01646956561520688, 0.014065746710000515, 0.03766872449513447
2009-09-26, 0.22120785645383476, 0.9432314410480352, 0.49622019771273473, 0.13873545204634768, 0.10400036491356084, 0.01927135908965769, 0.01646956561520688, 0.014065746710000515, 0.03766872449513447
2009-09-26, 0.22120785645383476, 0.9432314410480352, 0.49622019771273473, 0.13873545204634768, 0.10400036491356084, 0.01927135908965769, 0.01646956561520688, 0.014065746710000515, 0.03766872449513447
2009-09-26, 0.22120785645383476, 0.9432314410480352, 0.49622019771273473, 0.13873545204634768, 0.10400036491356084, 0.01927135908965769, 0.01646956561520688, 0.014065746710000515, 0.03766872449513447
2009-09-26, 0.22120785645383476, 0.9432314410480352, 0.49622019771273473, 0.13873545204634768, 0.10400036491356084, 0.01927135908965769, 0.01646956561520688, 0.014065746710000515, 0.03766872449513447
2009-09-26, 0.22120785645383476, 0.9432314410480352, 0.49622019771273473, 0.13873545204634768, 0.10400036491356084, 0.01927135908965769, 0.01646956561520688, 0.014065746710000515, 0.03766872449513447
2009-09-26, 0.22120785645383476, 0.9432314410480352, 0.49622019771273473, 0.13873545204634768, 0.10400036491356084, 0.01927135908965769, 0.01646956561520688, 0.014065746710000515, 0.03766872449513447
2009-09-26, 0.22120785645383476, 0.9432314410480352, 0.49622019771273473, 0.13873545204634768, 0.10400036491356084, 0.01927135908965769, 0.01646956561520688, 0.014065746710000515, 0.03766872449513447
2009-09-26, 0.22120785645383476, 0.9432314410480352, 0.49622019771273473, 0.13873545204634768, 0.10400036491356084, 0.01927135908965769, 0.01646956561520688, 0.014065746710000515, 0.03766872449513447
2009-09-26, 0.39221539476010137, 2.096069868995633, 0.2403566582671057, 0.2959689643655425, 0.4597910869862701, 0.005506102597045063, 0.02744927602534482, 0.010868986094091315, 0.0017122147497788533
2009-09-26, 0.189780390103918, 0.9013100436681225, 0.4341926729986428, 0.09557331140970594, 0.010947406833006199, 0.01927135908965769, 0.01646956561520688, 0.010229633970909459, 0.030249127246092838
2009-09-26, 0.2199460918005486, 0.985152838427948, 0.3721651482845509, 0.2250597333196312, 0.1313688819960773, 0.013765256492612657, 0.013724638012672426, 0.0006393521231818571, 0.017692885747714673
2009-09-26, 0.3176653664795882, 0.2934497816593889, 0.7753440589261483, 0.6412660894586742, 0.6732655202298958, 0.03578966688079288, 0.008234782807603456, 0.04091853588363789, 0.07305449599056381
2009-08-27, 0.280969999857805, 0.9013100436681216, 0.5892614847838726, 0.5086966575032752, 0.16421110249509688, 0.013765256492612657, 0.019214493217741366, 0.01534445095636423, 0.035956509745355615
2009-08-27, 0.2250972525845073, 0.7545851528384276, 0.4729598759449501, 0.3267990648202858, 0.1313688819960773, 0.016518307791135188, 0.01646956561520688, 0.02557408492727369, 0.0565030867427017
2009-08-27, 0.2250972525845073, 0.7545851528384276, 0.4729598759449501, 0.3267990648202858, 0.1313688819960773, 0.016518307791135188, 0.01646956561520688, 0.02557408492727369, 0.0565030867427017
2009-08-27, 0.2250972525845073, 0.7545851528384276, 0.4729598759449501, 0.3267990648202858, 0.1313688819960773, 0.016518307791135188, 0.01646956561520688, 0.02557408492727369, 0.0565030867427017
2009-08-27, 0.2250972525845073, 0.7545851528384276, 0.4729598759449501, 0.3267990648202858, 0.1313688819960773, 0.016518307791135188, 0.01646956561520688, 0.02557408492727369, 0.0565030867427017
2009-08-27, 0.2250972525845073, 0.7545851528384276, 0.4729598759449501, 0.3267990648202858, 0.1313688819960773, 0.016518307791135188, 0.01646956561520688, 0.02557408492727369, 0.0565030867427017
2009-08-27, 0.2250972525845073, 0.7545851528384276, 0.4729598759449501, 0.3267990648202858, 0.1313688819960773, 0.016518307791135188, 0.01646956561520688, 0.02557408492727369, 0.0565030867427017
2009-08-27, 0.2250972525845073, 0.7545851528384276, 0.4729598759449501, 0.3267990648202858, 0.1313688819960773, 0.016518307791135188, 0.01646956561520688, 0.02557408492727369, 0.0565030867427017
2009-08-27, 0.2250972525845073, 0.7545851528384276, 0.4729598759449501, 0.3267990648202858, 0.1313688819960773, 0.016518307791135188, 0.01646956561520688, 0.02557408492727369, 0.0565030867427017
2009-08-27, 0.2250972525845073, 0.7545851528384276, 0.4729598759449501, 0.3267990648202858, 0.1313688819960773, 0.016518307791135188, 0.01646956561520688, 0.02557408492727369, 0.0565030867427017
2009-08-27, 0.2250972525845073, 0.7545851528384276, 0.4729598759449501, 0.3267990648202858, 0.1313688819960773, 0.016518307791135188, 0.01646956561520688, 0.02557408492727369, 0.0565030867427017
2009-08-27, 0.4071108775211461, 1.5301310043668122, 0.48071331653421207, 0.7460884310048037, 0.4652647904027732, 0.0027530512985225316, 0.02195942082027585, 0.0025574084927273717, 0.007419597249041629
2009-08-27, 0.24803457248125094, 0.6288209606986895, 0.6047683659623952, 0.3083010045474398, 0.3202116498654386, 0.022024410388180222, 0.019214493217741366, 0.02557408492727369, 0.05536161024284914
2009-08-27, 0.30162693499272175, 0.5659388646288209, 0.9226594301221162, 0.10790535159160437, 0.6541075582721345, 0.03854271817931541, 0.013724638012672397, 0.03708242314454686, 0.07305449599056381
2009-08-27, 0.3022920226131088, 1.3414847161572045, 0.4341926729986428, 0.5456927780489683, 0.041052775623773734, 0.011012205194090127, 0.02058695701900861, 0.003196760615909229, 0.021117315247272353
2009-07-28, 0.23240616614395626, 0.7126637554585149, 0.6202752471409185, 0.4007913059116709, 0.01642111024951027, 0.022024410388180222, 0.02195942082027585, 0.02173797218818263, 0.04337610699439724
2009-07-28, 0.23240616614395626, 0.7126637554585149, 0.6202752471409185, 0.4007913059116709, 0.01642111024951027, 0.022024410388180222, 0.02195942082027585, 0.02173797218818263, 0.04337610699439724
2009-07-28, 0.23240616614395626, 0.7126637554585149, 0.6202752471409185, 0.4007913059116709, 0.01642111024951027, 0.022024410388180222, 0.02195942082027585, 0.02173797218818263, 0.04337610699439724
2009-07-28, 0.23240616614395626, 0.7126637554585149, 0.6202752471409185, 0.4007913059116709, 0.01642111024951027, 0.022024410388180222, 0.02195942082027585, 0.02173797218818263, 0.04337610699439724
2009-07-28, 0.23240616614395626, 0.7126637554585149, 0.6202752471409185, 0.4007913059116709, 0.01642111024951027, 0.022024410388180222, 0.02195942082027585, 0.02173797218818263, 0.04337610699439724
2009-07-28, 0.23240616614395626, 0.7126637554585149, 0.6202752471409185, 0.4007913059116709, 0.01642111024951027, 0.022024410388180222, 0.02195942082027585, 0.02173797218818263, 0.04337610699439724
2009-07-28, 0.23240616614395626, 0.7126637554585149, 0.6202752471409185, 0.4007913059116709, 0.01642111024951027, 0.022024410388180222, 0.02195942082027585, 0.02173797218818263, 0.04337610699439724
2009-07-28, 0.23240616614395626, 0.7126637554585149, 0.6202752471409185, 0.4007913059116709, 0.01642111024951027, 0.022024410388180222, 0.02195942082027585, 0.02173797218818263, 0.04337610699439724
2009-07-28, 0.23240616614395626, 0.7126637554585149, 0.6202752471409185, 0.4007913059116709, 0.01642111024951027, 0.022024410388180222, 0.02195942082027585, 0.02173797218818263, 0.04337610699439724
2009-07-28, 0.23240616614395626, 0.7126637554585149, 0.6202752471409185, 0.4007913059116709, 0.01642111024951027, 0.022024410388180222, 0.02195942082027585, 0.02173797218818263, 0.04337610699439724
2009-07-28, 0.23240616614395626, 0.7126637554585149, 0.6202752471409185, 0.4007913059116709, 0.01642111024951027, 0.022024410388180222, 0.02195942082027585, 0.02173797218818263, 0.04337610699439724
2009-07-28, 0.38892174356184583, 1.676855895196506, 0.4264392324093815, 0.6813452200498411, 0.2654746157004057, 0.013765256492612657, 0.02744927602534482, 0.0006393521231818287, 0.0194051004974935
2009-07-28, 0.25874826905424475, 0.7965065502183404, 0.542740841248304, 0.49019859723042924, 0.12863203028782527, 0.022024410388180222, 0.023331884621543095, 0.019180563695455257, 0.04737127474388122
2009-07-28, 0.24481956975538957, 0.4401746724890829, 0.6745493312657491, 0.2928859543200676, 0.40505405282123813, 0.024777461686702754, 0.02195942082027585, 0.03580371889818317, 0.06335194574181703
2009-07-28, 0.26100184478144983, 0.2934497816593889, 0.8063578212831943, 0.08940729131875838, 0.7197919992701727, 0.03303661558227035, 0.017842029416474125, 0.05050881773136555, 0.07762040198997402
2009-06-28, 0.1632097060967991, 0.06288209606986951, 0.534987400659042, 0.3637951853659789, 0.21621128495187777, 0.022024410388180253, 0.024704348422810336, 0.026852789173637374, 0.05422013374299655
2009-06-28, 0.1632097060967991, 0.06288209606986951, 0.534987400659042, 0.3637951853659789, 0.21621128495187777, 0.022024410388180253, 0.024704348422810336, 0.026852789173637374, 0.05422013374299655
2009-06-28, 0.1632097060967991, 0.06288209606986951, 0.534987400659042, 0.3637951853659789, 0.21621128495187777, 0.022024410388180253, 0.024704348422810336, 0.026852789173637374, 0.05422013374299655
2009-06-28, 0.1632097060967991, 0.06288209606986951, 0.534987400659042, 0.3637951853659789, 0.21621128495187777, 0.022024410388180253, 0.024704348422810336, 0.026852789173637374, 0.05422013374299655
2009-06-28, 0.1632097060967991, 0.06288209606986951, 0.534987400659042, 0.3637951853659789, 0.21621128495187777, 0.022024410388180253, 0.024704348422810336, 0.026852789173637374, 0.05422013374299655
2009-06-28, 0.1632097060967991, 0.06288209606986951, 0.534987400659042, 0.3637951853659789, 0.21621128495187777, 0.022024410388180253, 0.024704348422810336, 0.026852789173637374, 0.05422013374299655
2009-06-28, 0.1632097060967991, 0.06288209606986951, 0.534987400659042, 0.3637951853659789, 0.21621128495187777, 0.022024410388180253, 0.024704348422810336, 0.026852789173637374, 0.05422013374299655
2009-06-28, 0.1632097060967991, 0.06288209606986951, 0.534987400659042, 0.3637951853659789, 0.21621128495187777, 0.022024410388180253, 0.024704348422810336, 0.026852789173637374, 0.05422013374299655
2009-06-28, 0.1632097060967991, 0.06288209606986951, 0.534987400659042, 0.3637951853659789, 0.21621128495187777, 0.022024410388180253, 0.024704348422810336, 0.026852789173637374, 0.05422013374299655
2009-06-28, 0.1632097060967991, 0.06288209606986951, 0.534987400659042, 0.3637951853659789, 0.21621128495187777, 0.022024410388180253, 0.024704348422810336, 0.026852789173637374, 0.05422013374299655
2009-06-28, 0.1632097060967991, 0.06288209606986951, 0.534987400659042, 0.3637951853659789, 0.21621128495187777, 0.022024410388180253, 0.024704348422810336, 0.026852789173637374, 0.05422013374299655
2009-06-28, 0.27716984937979766, 0.8174672489082963, 0.4341926729986428, 0.6351000693677256, 0.25726406057565054, 0.013765256492612657, 0.02607681222407758, 0.008950929724545772, 0.02454174474683001
2009-06-28, 0.19718069271513658, 0.06288209606986951, 0.6512890094979645, 0.3144670246383885, 0.4324225699037546, 0.027530512985225315, 0.02195942082027585, 0.02237732431136446, 0.0445175834942498
2009-06-28, 0.14717176582221816, 0.1886462882096067, 0.46520643535568873, 0.37921023559335, 0.013684258541258236, 0.022024410388180253, 0.02195942082027585, 0.02557408492727369, 0.061068992742111916
2009-06-28, 0.2918392622855278, 0.838427947598253, 0.6435355689087032, 0.04316214063664175, 0.6349495963143732, 0.04129576947783794, 0.01646956561520688, 0.04667270499227449, 0.0702008047409324
2009-05-29, 0.23284339619827998, 0.6707423580786023, 0.37991858887381286, 0.26513886391079805, 0.4324225699037546, 0.013765256492612657, 0.02744927602534482, 0.023656028557728172, 0.04965422774358631
2009-05-29, 0.16112709004504172, 0.06288209606986858, 0.48071331653421207, 0.4439534465483126, 0.1943164712858644, 0.022024410388180253, 0.019214493217741366, 0.01854121157227343, 0.04737127474388119
2009-05-29, 0.16112709004504172, 0.06288209606986858, 0.48071331653421207, 0.4439534465483126, 0.1943164712858644, 0.022024410388180253, 0.019214493217741366, 0.01854121157227343, 0.04737127474388119
2009-05-29, 0.16112709004504172, 0.06288209606986858, 0.48071331653421207, 0.4439534465483126, 0.1943164712858644, 0.022024410388180253, 0.019214493217741366, 0.01854121157227343, 0.04737127474388119
2009-05-29, 0.16112709004504172, 0.06288209606986858, 0.48071331653421207, 0.4439534465483126, 0.1943164712858644, 0.022024410388180253, 0.019214493217741366, 0.01854121157227343, 0.04737127474388119
2009-05-29, 0.16112709004504172, 0.06288209606986858, 0.48071331653421207, 0.4439534465483126, 0.1943164712858644, 0.022024410388180253, 0.019214493217741366, 0.01854121157227343, 0.04737127474388119
2009-05-29, 0.16112709004504172, 0.06288209606986858, 0.48071331653421207, 0.4439534465483126, 0.1943164712858644, 0.022024410388180253, 0.019214493217741366, 0.01854121157227343, 0.04737127474388119
2009-05-29, 0.16112709004504172, 0.06288209606986858, 0.48071331653421207, 0.4439534465483126, 0.1943164712858644, 0.022024410388180253, 0.019214493217741366, 0.01854121157227343, 0.04737127474388119
2009-05-29, 0.16112709004504172, 0.06288209606986858, 0.48071331653421207, 0.4439534465483126, 0.1943164712858644, 0.022024410388180253, 0.019214493217741366, 0.01854121157227343, 0.04737127474388119
2009-05-29, 0.16112709004504172, 0.06288209606986858, 0.48071331653421207, 0.4439534465483126, 0.1943164712858644, 0.022024410388180253, 0.019214493217741366, 0.01854121157227343, 0.04737127474388119
2009-05-29, 0.16112709004504172, 0.06288209606986858, 0.48071331653421207, 0.4439534465483126, 0.1943164712858644, 0.022024410388180253, 0.019214493217741366, 0.01854121157227343, 0.04737127474388119
2009-05-29, 0.15737261095742613, 0.1676855895196508, 0.4264392324093815, 0.3237160547748109, 0.22989554349313504, 0.011012205194090127, 0.02607681222407758, 0.026213437050455545, 0.04794201299380749
2009-05-29, 0.1981868796496, 0.2724890829694321, 0.6125218065516572, 0.09249030136423106, 0.46526479040277413, 0.027530512985225283, 0.02058695701900861, 0.030688901912728432, 0.0639226839917433
2009-05-29, 0.3366618459620803, 1.131877729257641, 0.2481100988563677, 0.8632428127328311, 0.3941066459882309, 0.0027530512985225316, 0.028821739826612066, 0.0038361127390910575, 0.02054657699734606
2009-05-29, 0.36396781526828353, 0.9641921397379911, 0.7830974995154097, 0.1880636127739392, 0.8155818090589794, 0.03854271817931541, 0.013724638012672397, 0.04347594437636529, 0.06506416049159586
2009-04-29, 0.14628892855999995, 0.12576419213973716, 0.41868579182012017, 0.030830100454743322, 0.47347534552752835, 0.03578966688079288, 0.019214493217741366, 0.01918056369545529, 0.04737127474388122
2009-04-29, 0.1704323876280817, 0.14672489082969398, 0.41868579182012017, 0.021581070318320874, 0.6568444099803865, 0.03578966688079288, 0.023331884621543095, 0.01598380307954606, 0.04451758349424983
2009-04-29, 0.1704323876280817, 0.14672489082969398, 0.41868579182012017, 0.021581070318320874, 0.6568444099803865, 0.03578966688079288, 0.023331884621543095, 0.01598380307954606, 0.04451758349424983
2009-04-29, 0.1704323876280817, 0.14672489082969398, 0.41868579182012017, 0.021581070318320874, 0.6568444099803865, 0.03578966688079288, 0.023331884621543095, 0.01598380307954606, 0.04451758349424983
2009-04-29, 0.1704323876280817, 0.14672489082969398, 0.41868579182012017, 0.021581070318320874, 0.6568444099803865, 0.03578966688079288, 0.023331884621543095, 0.01598380307954606, 0.04451758349424983
2009-04-29, 0.1704323876280817, 0.14672489082969398, 0.41868579182012017, 0.021581070318320874, 0.6568444099803865, 0.03578966688079288, 0.023331884621543095, 0.01598380307954606, 0.04451758349424983
2009-04-29, 0.1704323876280817, 0.14672489082969398, 0.41868579182012017, 0.021581070318320874, 0.6568444099803865, 0.03578966688079288, 0.023331884621543095, 0.01598380307954606, 0.04451758349424983
2009-04-29, 0.1704323876280817, 0.14672489082969398, 0.41868579182012017, 0.021581070318320874, 0.6568444099803865, 0.03578966688079288, 0.023331884621543095, 0.01598380307954606, 0.04451758349424983
2009-04-29, 0.1704323876280817, 0.14672489082969398, 0.41868579182012017, 0.021581070318320874, 0.6568444099803865, 0.03578966688079288, 0.023331884621543095, 0.01598380307954606, 0.04451758349424983
2009-04-29, 0.1704323876280817, 0.14672489082969398, 0.41868579182012017, 0.021581070318320874, 0.6568444099803865, 0.03578966688079288, 0.023331884621543095, 0.01598380307954606, 0.04451758349424983
2009-04-29, 0.1704323876280817, 0.14672489082969398, 0.41868579182012017, 0.021581070318320874, 0.6568444099803865, 0.03578966688079288, 0.023331884621543095, 0.01598380307954606, 0.04451758349424983
2009-04-29, 0.3489861898842514, 1.1737991266375556, 0.2868773018026743, 0.8231636821416637, 0.44610682844501187, 0.005506102597045033, 0.03568405883294828, 0.0019180563695455428, 0.018834362247567234
2009-04-29, 0.19016722892318066, 0.25152838427947527, 0.6047683659623952, 0.11407137168255194, 0.42421201477899945, 0.03854271817931538, 0.02195942082027585, 0.02173797218818263, 0.04451758349424983
2009-04-29, 0.3862746688656812, 1.0480349344978166, 0.821864702461717, 0.12948642190992524, 0.905897915431283, 0.046801872074882976, 0.01509710181393964, 0.0453940007459108, 0.07762040198997402
2009-04-29, 0.224433810491206, 0.5659388646288219, 0.38767202946307416, 0.625851039231302, 0.11768462345481907, 0.027530512985225283, 0.02195942082027585, 0.008311577601363944, 0.04052241574476585
2009-03-30, 0.23026336471769662, 0.5868995633187768, 0.45745299476642814, 0.191146622819413, 0.49810701090179277, 0.01927135908965772, 0.02744927602534482, 0.017262507325909743, 0.04451758349424983
2009-03-30, 0.22562389358502585, 0.5030567685589524, 0.3954254700523362, 0.34838013513860666, 0.4597910869862701, 0.022024410388180253, 0.019214493217741366, 0.010868986094091315, 0.046229798244028654
2009-03-30, 0.22562389358502585, 0.5030567685589524, 0.3954254700523362, 0.34838013513860666, 0.4597910869862701, 0.022024410388180253, 0.019214493217741366, 0.010868986094091315, 0.046229798244028654
2009-03-30, 0.22562389358502585, 0.5030567685589524, 0.3954254700523362, 0.34838013513860666, 0.4597910869862701, 0.022024410388180253, 0.019214493217741366, 0.010868986094091315, 0.046229798244028654
2009-03-30, 0.22562389358502585, 0.5030567685589524, 0.3954254700523362, 0.34838013513860666, 0.4597910869862701, 0.022024410388180253, 0.019214493217741366, 0.010868986094091315, 0.046229798244028654
2009-03-30, 0.22562389358502585, 0.5030567685589524, 0.3954254700523362, 0.34838013513860666, 0.4597910869862701, 0.022024410388180253, 0.019214493217741366, 0.010868986094091315, 0.046229798244028654
2009-03-30, 0.22562389358502585, 0.5030567685589524, 0.3954254700523362, 0.34838013513860666, 0.4597910869862701, 0.022024410388180253, 0.019214493217741366, 0.010868986094091315, 0.046229798244028654
2009-03-30, 0.22562389358502585, 0.5030567685589524, 0.3954254700523362, 0.34838013513860666, 0.4597910869862701, 0.022024410388180253, 0.019214493217741366, 0.010868986094091315, 0.046229798244028654
2009-03-30, 0.22562389358502585, 0.5030567685589524, 0.3954254700523362, 0.34838013513860666, 0.4597910869862701, 0.022024410388180253, 0.019214493217741366, 0.010868986094091315, 0.046229798244028654
2009-03-30, 0.22562389358502585, 0.5030567685589524, 0.3954254700523362, 0.34838013513860666, 0.4597910869862701, 0.022024410388180253, 0.019214493217741366, 0.010868986094091315, 0.046229798244028654
2009-03-30, 0.22562389358502585, 0.5030567685589524, 0.3954254700523362, 0.34838013513860666, 0.4597910869862701, 0.022024410388180253, 0.019214493217741366, 0.010868986094091315, 0.046229798244028654
2009-03-30, 0.4329387645351224, 1.8864628820960696, 0.17832913355301447, 0.8509107725509338, 0.49263330748528866, 0.005506102597045063, 0.030194203627879307, 0.0006393521231818287, 0.018834362247567234
2009-03-30, 0.23622727853875977, 0.37729257641921427, 0.6357821283194419, 0.07707525113685995, 0.6458970031473794, 0.03854271817931541, 0.012352174211405154, 0.0332463104054558, 0.06963006649100613
2009-03-30, 0.22108172615612534, 0.9013100436681225, 0.2868773018026757, 0.27130488400174674, 0.21894813666012886, 0.022024410388180253, 0.02058695701900861, 0.012787042463636858, 0.03481503324550305
2009-03-30, 0.2493726599136703, 0.2724890829694321, 0.6435355689087039, 0.055494180818539074, 0.8840031017652695, 0.03854271817931541, 0.013724638012672397, 0.030688901912728432, 0.0565030867427017
2009-02-28, 0.1902251548983156, 0.4401746724890829, 0.1550688117852298, 0.6936772602317396, 0.14778999224558662, 0.01927135908965772, 0.023331884621543095, 0.007672225478182115, 0.03481503324550305
2009-02-28, 0.1779205533424563, 0.3982532751091702, 0.17057569296375244, 0.5426097680034935, 0.227158691784884, 0.024777461686702782, 0.019214493217741366, 0.007672225478182115, 0.033102818495724225
2009-02-28, 0.1779205533424563, 0.3982532751091702, 0.17057569296375244, 0.5426097680034935, 0.227158691784884, 0.024777461686702782, 0.019214493217741366, 0.007672225478182115, 0.033102818495724225
2009-02-28, 0.1779205533424563, 0.3982532751091702, 0.17057569296375244, 0.5426097680034935, 0.227158691784884, 0.024777461686702782, 0.019214493217741366, 0.007672225478182115, 0.033102818495724225
2009-02-28, 0.1779205533424563, 0.3982532751091702, 0.17057569296375244, 0.5426097680034935, 0.227158691784884, 0.024777461686702782, 0.019214493217741366, 0.007672225478182115, 0.033102818495724225
2009-02-28, 0.1779205533424563, 0.3982532751091702, 0.17057569296375244, 0.5426097680034935, 0.227158691784884, 0.024777461686702782, 0.019214493217741366, 0.007672225478182115, 0.033102818495724225
2009-02-28, 0.1779205533424563, 0.3982532751091702, 0.17057569296375244, 0.5426097680034935, 0.227158691784884, 0.024777461686702782, 0.019214493217741366, 0.007672225478182115, 0.033102818495724225
2009-02-28, 0.1779205533424563, 0.3982532751091702, 0.17057569296375244, 0.5426097680034935, 0.227158691784884, 0.024777461686702782, 0.019214493217741366, 0.007672225478182115, 0.033102818495724225
2009-02-28, 0.1779205533424563, 0.3982532751091702, 0.17057569296375244, 0.5426097680034935, 0.227158691784884, 0.024777461686702782, 0.019214493217741366, 0.007672225478182115, 0.033102818495724225
2009-02-28, 0.1779205533424563, 0.3982532751091702, 0.17057569296375244, 0.5426097680034935, 0.227158691784884, 0.024777461686702782, 0.019214493217741366, 0.007672225478182115, 0.033102818495724225
2009-02-28, 0.1779205533424563, 0.3982532751091702, 0.17057569296375244, 0.5426097680034935, 0.227158691784884, 0.024777461686702782, 0.019214493217741366, 0.007672225478182115, 0.033102818495724225
2009-02-28, 0.14067346499954922, 0.06288209606986951, 0.3023841829811976, 0.3175500346838622, 0.34758016694795413, 0.030283564283747816, 0.01509710181393964, 0.010229633970909487, 0.039380939244913295
2009-02-28, 0.1059771944666375, 0.1676855895196508, 0.22484977708858306, 0.3083010045474398, 0.046526479040277804, 0.024777461686702782, 0.02058695701900861, 0.013426394586818687, 0.04166389224461842
2009-02-28, 0.12019384442338259, 0.06288209606986858, 0.3411513859275049, 0.2898029442745927, 0.15873739907859377, 0.027530512985225283, 0.01646956561520688, 0.020459267941818945, 0.0445175834942498
2009-02-28, 0.16342680541888585, 0.1886462882096067, 0.23260321767784436, 0.34838013513860666, 0.4378962733202577, 0.030283564283747816, 0.02058695701900861, 0.01534445095636423, 0.03367355674565049
2009-01-29, 0.14673898474160818, 0.2515283842794762, 0.2403566582671057, 0.38537625568429973, 0.19157961957761238, 0.022024410388180222, 0.017842029416474125, 0.017262507325909743, 0.04794201299380751
2009-01-29, 0.1682841419637211, 0.37729257641921427, 0.248110098856367, 0.31755003468386334, 0.29831683619942523, 0.027530512985225283, 0.01646956561520688, 0.01534445095636423, 0.045659059994102386
2009-01-29, 0.1682841419637211, 0.37729257641921427, 0.248110098856367, 0.31755003468386334, 0.29831683619942523, 0.027530512985225283, 0.01646956561520688, 0.01534445095636423, 0.045659059994102386
2009-01-29, 0.1682841419637211, 0.37729257641921427, 0.248110098856367, 0.31755003468386334, 0.29831683619942523, 0.027530512985225283, 0.01646956561520688, 0.01534445095636423, 0.045659059994102386
2009-01-29, 0.1682841419637211, 0.37729257641921427, 0.248110098856367, 0.31755003468386334, 0.29831683619942523, 0.027530512985225283, 0.01646956561520688, 0.01534445095636423, 0.045659059994102386
2009-01-29, 0.1682841419637211, 0.37729257641921427, 0.248110098856367, 0.31755003468386334, 0.29831683619942523, 0.027530512985225283, 0.01646956561520688, 0.01534445095636423, 0.045659059994102386
2009-01-29, 0.1682841419637211, 0.37729257641921427, 0.248110098856367, 0.31755003468386334, 0.29831683619942523, 0.027530512985225283, 0.01646956561520688, 0.01534445095636423, 0.045659059994102386
2009-01-29, 0.1682841419637211, 0.37729257641921427, 0.248110098856367, 0.31755003468386334, 0.29831683619942523, 0.027530512985225283, 0.01646956561520688, 0.01534445095636423, 0.045659059994102386
2009-01-29, 0.1682841419637211, 0.37729257641921427, 0.248110098856367, 0.31755003468386334, 0.29831683619942523, 0.027530512985225283, 0.01646956561520688, 0.01534445095636423, 0.045659059994102386
2009-01-29, 0.1682841419637211, 0.37729257641921427, 0.248110098856367, 0.31755003468386334, 0.29831683619942523, 0.027530512985225283, 0.01646956561520688, 0.01534445095636423, 0.045659059994102386
2009-01-29, 0.1682841419637211, 0.37729257641921427, 0.248110098856367, 0.31755003468386334, 0.29831683619942523, 0.027530512985225283, 0.01646956561520688, 0.01534445095636423, 0.045659059994102386
2009-01-29, 0.1752957863573208, 0.48209606986899556, 0.03876720294630797, 0.021581070318320874, 0.7197919992701727, 0.04404882077636047, 0.004117391403801728, 0.03260695828227397, 0.05935677799233309
2009-01-29, 0.2022186008437179, 0.5030567685589514, 0.41093235123085814, 0.3021349844564911, 0.3120010947406835, 0.030283564283747816, 0.013724638012672426, 0.010229633970909487, 0.03538577149542935
2009-01-29, 0.15233055865149783, 0.06288209606986858, 0.22484977708858306, 0.35454615522955535, 0.46800164211102524, 0.022024410388180222, 0.02058695701900861, 0.022377324311364487, 0.04337610699439727
2009-01-29, 0.1724531037826701, 0.5659388646288209, 0.18608257414227508, 0.360712175320504, 0.16968480591159998, 0.01927135908965772, 0.019214493217741366, 0.01534445095636423, 0.04337610699439727
2008-12-30, 0.22408095153494922, 0.4401746724890829, 0.5582477224268273, 0.6782622100043685, 0.0027368517082510635, 0.03303661558227035, 0.01646956561520691, 0.014065746710000515, 0.04965422774358631
2008-12-30, 0.23294221321178687, 0.5659388646288209, 0.6125218065516572, 0.5241117077306485, 0.0793686995392964, 0.030283564283747816, 0.019214493217741397, 0.0012787042463636858, 0.03081986549601908
2008-12-30, 0.23294221321178687, 0.5659388646288209, 0.6125218065516572, 0.5241117077306485, 0.0793686995392964, 0.030283564283747816, 0.019214493217741397, 0.0012787042463636858, 0.03081986549601908
2008-12-30, 0.23294221321178687, 0.5659388646288209, 0.6125218065516572, 0.5241117077306485, 0.0793686995392964, 0.030283564283747816, 0.019214493217741397, 0.0012787042463636858, 0.03081986549601908
2008-12-30, 0.23294221321178687, 0.5659388646288209, 0.6125218065516572, 0.5241117077306485, 0.0793686995392964, 0.030283564283747816, 0.019214493217741397, 0.0012787042463636858, 0.03081986549601908
2008-12-30, 0.23294221321178687, 0.5659388646288209, 0.6125218065516572, 0.5241117077306485, 0.0793686995392964, 0.030283564283747816, 0.019214493217741397, 0.0012787042463636858, 0.03081986549601908
2008-12-30, 0.23294221321178687, 0.5659388646288209, 0.6125218065516572, 0.5241117077306485, 0.0793686995392964, 0.030283564283747816, 0.019214493217741397, 0.0012787042463636858, 0.03081986549601908
2008-12-30, 0.23294221321178687, 0.5659388646288209, 0.6125218065516572, 0.5241117077306485, 0.0793686995392964, 0.030283564283747816, 0.019214493217741397, 0.0012787042463636858, 0.03081986549601908
2008-12-30, 0.23294221321178687, 0.5659388646288209, 0.6125218065516572, 0.5241117077306485, 0.0793686995392964, 0.030283564283747816, 0.019214493217741397, 0.0012787042463636858, 0.03081986549601908
2008-12-30, 0.23294221321178687, 0.5659388646288209, 0.6125218065516572, 0.5241117077306485, 0.0793686995392964, 0.030283564283747816, 0.019214493217741397, 0.0012787042463636858, 0.03081986549601908
2008-12-30, 0.23294221321178687, 0.5659388646288209, 0.6125218065516572, 0.5241117077306485, 0.0793686995392964, 0.030283564283747816, 0.019214493217741397, 0.0012787042463636858, 0.03081986549601908
2008-12-30, 0.1227590356109978, 0.2096069868995635, 0.20158945532079842, 0.12948642190992524, 0.3010536879076763, 0.04680187207488299, 0.009607246608870698, 0.026852789173637374, 0.05707382499262797
2008-12-30, 0.5721696452534273, 1.6978165938864629, 0.8451250242295016, 1.2208719780078618, 0.7635816266021984, 0.005506102597045063, 0.02607681222407758, 0.006393521231818429, 0.011985503248451872
2008-12-30, 0.20511992934762785, 0.3353711790393016, 0.31789106415972096, 0.2743878940472216, 0.5610546001915798, 0.04129576947783794, 0.012352174211405184, 0.030688901912728432, 0.06791785174122728
2008-12-30, 0.3341778591384364, 0.9641921397379911, 0.6823027718550105, 0.7430054209593305, 0.19157961957761238, 0.01651830779113516, 0.02607681222407758, 0.011508338217273144, 0.03823946274506074
2008-11-30, 0.22545157158857845, 0.3144104803493457, 0.06202752471409124, 0.5056136474578015, 0.7882132919764628, 0.04955492337340552, 0.0013724638012672426, 0.028770845543182915, 0.05364939549307029
2008-11-30, 0.1577809599922475, 0.41921397379912606, 0.38767202946307416, 0.08324127122780861, 0.2736851708251608, 0.03578966688079288, 0.010979710410137941, 0.013426394586818687, 0.03823946274506074
2008-11-30, 0.1577809599922475, 0.41921397379912606, 0.38767202946307416, 0.08324127122780861, 0.2736851708251608, 0.03578966688079288, 0.010979710410137941, 0.013426394586818687, 0.03823946274506074
2008-11-30, 0.1577809599922475, 0.41921397379912606, 0.38767202946307416, 0.08324127122780861, 0.2736851708251608, 0.03578966688079288, 0.010979710410137941, 0.013426394586818687, 0.03823946274506074
2008-11-30, 0.1577809599922475, 0.41921397379912606, 0.38767202946307416, 0.08324127122780861, 0.2736851708251608, 0.03578966688079288, 0.010979710410137941, 0.013426394586818687, 0.03823946274506074
2008-11-30, 0.1577809599922475, 0.41921397379912606, 0.38767202946307416, 0.08324127122780861, 0.2736851708251608, 0.03578966688079288, 0.010979710410137941, 0.013426394586818687, 0.03823946274506074
2008-11-30, 0.1577809599922475, 0.41921397379912606, 0.38767202946307416, 0.08324127122780861, 0.2736851708251608, 0.03578966688079288, 0.010979710410137941, 0.013426394586818687, 0.03823946274506074
2008-11-30, 0.1577809599922475, 0.41921397379912606, 0.38767202946307416, 0.08324127122780861, 0.2736851708251608, 0.03578966688079288, 0.010979710410137941, 0.013426394586818687, 0.03823946274506074
2008-11-30, 0.1577809599922475, 0.41921397379912606, 0.38767202946307416, 0.08324127122780861, 0.2736851708251608, 0.03578966688079288, 0.010979710410137941, 0.013426394586818687, 0.03823946274506074
2008-11-30, 0.1577809599922475, 0.41921397379912606, 0.38767202946307416, 0.08324127122780861, 0.2736851708251608, 0.03578966688079288, 0.010979710410137941, 0.013426394586818687, 0.03823946274506074
2008-11-30, 0.1577809599922475, 0.41921397379912606, 0.38767202946307416, 0.08324127122780861, 0.2736851708251608, 0.03578966688079288, 0.010979710410137941, 0.013426394586818687, 0.03823946274506074
2008-11-30, 0.14864122627192763, 0.6288209606986895, 0.3333979453382436, 0.03391311050021875, 0.11768462345481907, 0.03303661558227035, 0.009607246608870698, 0.0012787042463636858, 0.03139060374594537
2008-11-30, 0.12106132362290377, 0.23056768558951937, 0.20934289591005972, 0.10790535159160382, 0.30379053961592833, 0.04129576947783794, 0.009607246608870698, 0.01918056369545529, 0.04680053649395492
2008-11-30, 0.4394982713243213, 1.3834061135371172, 0.5660011630160879, 0.6535981296405727, 0.8648451398075082, 0.008259153895567594, 0.019214493217741397, 0.006393521231818429, 0.014268456248156992
2008-11-30, 0.12795025741778726, 0.1257641921397381, 0.10854816824966053, 0.3452971250931329, 0.342106463531451, 0.03854271817931541, 0.005489855205068971, 0.0179018594490916, 0.039951677494839584
2008-10-31, 0.1587811966888071, 0.37729257641921427, 0.23260321767784436, 0.5086966575032752, 0.0848424029557995, 0.022024410388180236, 0.009607246608870683, 0.014065746710000515, 0.021117315247272353
2008-10-31, 0.12018476931864712, 0.06288209606986858, 0.34890482651676624, 0.2620558538653237, 0.2162112849518768, 0.022024410388180236, 0.00823478280760344, 0.016623155202727887, 0.024541744746830036
2008-10-31, 0.12018476931864712, 0.06288209606986858, 0.34890482651676624, 0.2620558538653237, 0.2162112849518768, 0.022024410388180236, 0.00823478280760344, 0.016623155202727887, 0.024541744746830036
2008-10-31, 0.12018476931864712, 0.06288209606986858, 0.34890482651676624, 0.2620558538653237, 0.2162112849518768, 0.022024410388180236, 0.00823478280760344, 0.016623155202727887, 0.024541744746830036
2008-10-31, 0.12018476931864712, 0.06288209606986858, 0.34890482651676624, 0.2620558538653237, 0.2162112849518768, 0.022024410388180236, 0.00823478280760344, 0.016623155202727887, 0.024541744746830036
2008-10-31, 0.12018476931864712, 0.06288209606986858, 0.34890482651676624, 0.2620558538653237, 0.2162112849518768, 0.022024410388180236, 0.00823478280760344, 0.016623155202727887, 0.024541744746830036
2008-10-31, 0.12018476931864712, 0.06288209606986858, 0.34890482651676624, 0.2620558538653237, 0.2162112849518768, 0.022024410388180236, 0.00823478280760344, 0.016623155202727887, 0.024541744746830036
2008-10-31, 0.12018476931864712, 0.06288209606986858, 0.34890482651676624, 0.2620558538653237, 0.2162112849518768, 0.022024410388180236, 0.00823478280760344, 0.016623155202727887, 0.024541744746830036
2008-10-31, 0.12018476931864712, 0.06288209606986858, 0.34890482651676624, 0.2620558538653237, 0.2162112849518768, 0.022024410388180236, 0.00823478280760344, 0.016623155202727887, 0.024541744746830036
2008-10-31, 0.12018476931864712, 0.06288209606986858, 0.34890482651676624, 0.2620558538653237, 0.2162112849518768, 0.022024410388180236, 0.00823478280760344, 0.016623155202727887, 0.024541744746830036
2008-10-31, 0.12018476931864712, 0.06288209606986858, 0.34890482651676624, 0.2620558538653237, 0.2162112849518768, 0.022024410388180236, 0.00823478280760344, 0.016623155202727887, 0.024541744746830036
2008-10-31, 0.13836138915066057, 0.1886462882096076, 0.279123861213413, 0.36996120545692757, 0.1997901747023675, 0.013765256492612657, 0.01784202941647414, 0.011508338217273144, 0.026253959496608862
2008-10-31, 0.11783123074883689, 0.3353711790393016, 0.20158945532079842, 0.16648254245561722, 0.17242165761985104, 0.016518307791135188, 0.00823478280760344, 0.014065746710000515, 0.02796617424638769
2008-10-31, 0.33999692304222384, 0.691703056768559, 0.4264392324093815, 0.3360480949567099, 1.2397938238379782, 0.0027530512985225316, 0.02195942082027587, 0.0012787042463636858, 0.0
2008-10-31, 0.26434554094457063, 0.9013100436681225, 0.0465206435355686, 0.730673380777432, 0.32842220499019376, 0.03303661558227036, 0.00274492760253447, 0.0332463104054558, 0.038810200994987026
2008-10-01, 0.27127638399578285, 0.5240174672489083, 0.17057569296375244, 0.6320170593222513, 0.8046344022259726, 0.013765256492612657, 0.009607246608870683, 0.007032873355000258, 0.00856107374889419
2008-10-01, 0.2794724957916224, 0.5449781659388642, 0.10854816824966053, 0.7029262903681626, 0.8429503261414953, 0.016518307791135174, 0.009607246608870683, 0.005114816985454743, 0.005136644249336509
2008-10-01, 0.2794724957916224, 0.5449781659388642, 0.10854816824966053, 0.7029262903681626, 0.8429503261414953, 0.016518307791135174, 0.009607246608870683, 0.005114816985454743, 0.005136644249336509
2008-10-01, 0.2794724957916224, 0.5449781659388642, 0.10854816824966053, 0.7029262903681626, 0.8429503261414953, 0.016518307791135174, 0.009607246608870683, 0.005114816985454743, 0.005136644249336509
2008-10-01, 0.2794724957916224, 0.5449781659388642, 0.10854816824966053, 0.7029262903681626, 0.8429503261414953, 0.016518307791135174, 0.009607246608870683, 0.005114816985454743, 0.005136644249336509
2008-10-01, 0.2794724957916224, 0.5449781659388642, 0.10854816824966053, 0.7029262903681626, 0.8429503261414953, 0.016518307791135174, 0.009607246608870683, 0.005114816985454743, 0.005136644249336509
2008-10-01, 0.2794724957916224, 0.5449781659388642, 0.10854816824966053, 0.7029262903681626, 0.8429503261414953, 0.016518307791135174, 0.009607246608870683, 0.005114816985454743, 0.005136644249336509
2008-10-01, 0.2794724957916224, 0.5449781659388642, 0.10854816824966053, 0.7029262903681626, 0.8429503261414953, 0.016518307791135174, 0.009607246608870683, 0.005114816985454743, 0.005136644249336509
2008-10-01, 0.2794724957916224, 0.5449781659388642, 0.10854816824966053, 0.7029262903681626, 0.8429503261414953, 0.016518307791135174, 0.009607246608870683, 0.005114816985454743, 0.005136644249336509
2008-10-01, 0.2794724957916224, 0.5449781659388642, 0.10854816824966053, 0.7029262903681626, 0.8429503261414953, 0.016518307791135174, 0.009607246608870683, 0.005114816985454743, 0.005136644249336509
2008-10-01, 0.2794724957916224, 0.5449781659388642, 0.10854816824966053, 0.7029262903681626, 0.8429503261414953, 0.016518307791135174, 0.009607246608870683, 0.005114816985454743, 0.005136644249336509
2008-10-01, 0.045799069218763276, 0.0419213973799127, 0.1395619306067065, 0.12023739177350169, 0.0027368517082515496, 0.013765256492612628, 0.02195942082027587, 0.010229633970909487, 0.01598067099793582
2008-10-01, 0.0988139466207571, 0.06288209606986858, 0.06978096530335325, 0.33604809495670934, 0.2682114674086577, 0.0027530512985225316, 0.019214493217741383, 0.012787042463636858, 0.018834362247567234
2008-10-01, 0.562229540231031, 1.1318777292576419, 0.2403566582671057, 1.3873545204634792, 1.7023217625325, 0.03028356428374783, 0.0013724638012672426, 0.0025574084927273717, 0.0017122147497788279
2008-10-01, 0.11815232695111674, 0.2096069868995635, 0.19383601473153708, 0.3021349844564911, 0.1943164712858644, 0.0027530512985225316, 0.019214493217741383, 0.010229633970909487, 0.013126979748304431
2008-09-01, 0.13242176200945335, 0.272489082969433, 0.2403566582671057, 0.2158107031832079, 0.2381060986178897, 0.024777461686702754, 0.024704348422810354, 0.024295380680910018, 0.018834362247567234
2008-09-01, 0.3385355490573159, 0.6917030567685595, 0.2558635394456287, 0.7306733807774324, 0.9825297632623273, 0.005506102597045063, 0.010979710410137941, 0.0179018594490916, 0.013126979748304431
2008-09-01, 0.3385355490573159, 0.6917030567685595, 0.2558635394456287, 0.7306733807774324, 0.9825297632623273, 0.005506102597045063, 0.010979710410137941, 0.0179018594490916, 0.013126979748304431
2008-09-01, 0.3385355490573159, 0.6917030567685595, 0.2558635394456287, 0.7306733807774324, 0.9825297632623273, 0.005506102597045063, 0.010979710410137941, 0.0179018594490916, 0.013126979748304431
2008-09-01, 0.3385355490573159, 0.6917030567685595, 0.2558635394456287, 0.7306733807774324, 0.9825297632623273, 0.005506102597045063, 0.010979710410137941, 0.0179018594490916, 0.013126979748304431
2008-09-01, 0.3385355490573159, 0.6917030567685595, 0.2558635394456287, 0.7306733807774324, 0.9825297632623273, 0.005506102597045063, 0.010979710410137941, 0.0179018594490916, 0.013126979748304431
2008-09-01, 0.3385355490573159, 0.6917030567685595, 0.2558635394456287, 0.7306733807774324, 0.9825297632623273, 0.005506102597045063, 0.010979710410137941, 0.0179018594490916, 0.013126979748304431
2008-09-01, 0.3385355490573159, 0.6917030567685595, 0.2558635394456287, 0.7306733807774324, 0.9825297632623273, 0.005506102597045063, 0.010979710410137941, 0.0179018594490916, 0.013126979748304431
2008-09-01, 0.3385355490573159, 0.6917030567685595, 0.2558635394456287, 0.7306733807774324, 0.9825297632623273, 0.005506102597045063, 0.010979710410137941, 0.0179018594490916, 0.013126979748304431
2008-09-01, 0.3385355490573159, 0.6917030567685595, 0.2558635394456287, 0.7306733807774324, 0.9825297632623273, 0.005506102597045063, 0.010979710410137941, 0.0179018594490916, 0.013126979748304431
2008-09-01, 0.3385355490573159, 0.6917030567685595, 0.2558635394456287, 0.7306733807774324, 0.9825297632623273, 0.005506102597045063, 0.010979710410137941, 0.0179018594490916, 0.013126979748304431
2008-09-01, 0.1384760439348975, 0.3144104803493457, 0.18608257414227578, 0.2343087634560542, 0.284632577658167, 0.022024410388180222, 0.024704348422810354, 0.021098620065000816, 0.02054657699734606
2008-09-01, 0.5428678923224977, 1.1737991266375551, 0.3566582671060282, 1.1962078976440664, 1.5901108424941846, 0.019271359089657707, 0.0, 0.0057541691086366005, 0.0011414764998525604
2008-09-01, 0.21953234873707533, 0.6078602620087341, 0.19383601473153708, 0.403874315957146, 0.5008438626100443, 0.008259153895567594, 0.016469565615206898, 0.015983803079546072, 0.009131811998820483
2008-09-01, 0.18280852716397317, 0.3982532751091711, 0.2403566582671057, 0.36071217532050426, 0.4023172011129866, 0.008259153895567594, 0.01784202941647414, 0.020459267941818973, 0.014268456248156992
2008-08-02, 0.14183836280858894, 0.1676855895196508, 0.4341926729986428, 0.25280682372890073, 0.19705332299411596, 0.013765256492612657, 0.024704348422810336, 0.021098620065000802, 0.023400268246977475
2008-08-02, 0.40893966495286965, 0.7336244541484718, 0.5039736383019964, 0.804665621868818, 1.1795830862564431, 0.005506102597045063, 0.016469565615206898, 0.0134263945868187, 0.014268456248156992
2008-08-02, 0.40893966495286965, 0.7336244541484718, 0.5039736383019964, 0.804665621868818, 1.1795830862564431, 0.005506102597045063, 0.016469565615206898, 0.0134263945868187, 0.014268456248156992
2008-08-02, 0.40893966495286965, 0.7336244541484718, 0.5039736383019964, 0.804665621868818, 1.1795830862564431, 0.005506102597045063, 0.016469565615206898, 0.0134263945868187, 0.014268456248156992
2008-08-02, 0.40893966495286965, 0.7336244541484718, 0.5039736383019964, 0.804665621868818, 1.1795830862564431, 0.005506102597045063, 0.016469565615206898, 0.0134263945868187, 0.014268456248156992
2008-08-02, 0.40893966495286965, 0.7336244541484718, 0.5039736383019964, 0.804665621868818, 1.1795830862564431, 0.005506102597045063, 0.016469565615206898, 0.0134263945868187, 0.014268456248156992
2008-08-02, 0.40893966495286965, 0.7336244541484718, 0.5039736383019964, 0.804665621868818, 1.1795830862564431, 0.005506102597045063, 0.016469565615206898, 0.0134263945868187, 0.014268456248156992
2008-08-02, 0.40893966495286965, 0.7336244541484718, 0.5039736383019964, 0.804665621868818, 1.1795830862564431, 0.005506102597045063, 0.016469565615206898, 0.0134263945868187, 0.014268456248156992
2008-08-02, 0.40893966495286965, 0.7336244541484718, 0.5039736383019964, 0.804665621868818, 1.1795830862564431, 0.005506102597045063, 0.016469565615206898, 0.0134263945868187, 0.014268456248156992
2008-08-02, 0.40893966495286965, 0.7336244541484718, 0.5039736383019964, 0.804665621868818, 1.1795830862564431, 0.005506102597045063, 0.016469565615206898, 0.0134263945868187, 0.014268456248156992
2008-08-02, 0.40893966495286965, 0.7336244541484718, 0.5039736383019964, 0.804665621868818, 1.1795830862564431, 0.005506102597045063, 0.016469565615206898, 0.0134263945868187, 0.014268456248156992
2008-08-02, 0.1326015474214511, 0.1676855895196508, 0.46520643535568873, 0.18806361277393838, 0.17515850932810306, 0.013765256492612657, 0.02195942082027585, 0.014705098833182387, 0.014268456248156992
2008-08-02, 0.17893356161296484, 0.2934497816593889, 0.40317891064159683, 0.332965084911235, 0.3448433152397026, 0.008259153895567594, 0.02607681222407758, 0.014705098833182387, 0.007990335498967922
2008-08-02, 0.18613382544905088, 0.3144104803493457, 0.46520643535568873, 0.32371605477481175, 0.3229485015736897, 0.005506102597045063, 0.023331884621543095, 0.018541211572273446, 0.015409932748009551
2008-08-02, 0.17139875268926097, 0.23056768558952032, 0.46520643535568873, 0.28055391413817027, 0.33389590840669636, 0.011012205194090127, 0.023331884621543095, 0.014065746710000543, 0.012556241498378164
2008-07-03, 0.11752185606960217, 0.1257641921397381, 0.2713704206241517, 0.20656167304678463, 0.2600009122839026, 0.016518307791135174, 0.02607681222407758, 0.017901859449091586, 0.015980670997935844
2008-07-03, 0.30091913765455364, 0.6078602620087337, 0.2403566582671057, 0.6196850191403537, 0.8976873603065273, 0.005506102597045063, 0.012352174211405168, 0.015344450956364216, 0.00856107374889419
2008-07-03, 0.30091913765455364, 0.6078602620087337, 0.2403566582671057, 0.6196850191403537, 0.8976873603065273, 0.005506102597045063, 0.012352174211405168, 0.015344450956364216, 0.00856107374889419
2008-07-03, 0.30091913765455364, 0.6078602620087337, 0.2403566582671057, 0.6196850191403537, 0.8976873603065273, 0.005506102597045063, 0.012352174211405168, 0.015344450956364216, 0.00856107374889419
2008-07-03, 0.30091913765455364, 0.6078602620087337, 0.2403566582671057, 0.6196850191403537, 0.8976873603065273, 0.005506102597045063, 0.012352174211405168, 0.015344450956364216, 0.00856107374889419
2008-07-03, 0.30091913765455364, 0.6078602620087337, 0.2403566582671057, 0.6196850191403537, 0.8976873603065273, 0.005506102597045063, 0.012352174211405168, 0.015344450956364216, 0.00856107374889419
2008-07-03, 0.30091913765455364, 0.6078602620087337, 0.2403566582671057, 0.6196850191403537, 0.8976873603065273, 0.005506102597045063, 0.012352174211405168, 0.015344450956364216, 0.00856107374889419
2008-07-03, 0.30091913765455364, 0.6078602620087337, 0.2403566582671057, 0.6196850191403537, 0.8976873603065273, 0.005506102597045063, 0.012352174211405168, 0.015344450956364216, 0.00856107374889419
2008-07-03, 0.30091913765455364, 0.6078602620087337, 0.2403566582671057, 0.6196850191403537, 0.8976873603065273, 0.005506102597045063, 0.012352174211405168, 0.015344450956364216, 0.00856107374889419
2008-07-03, 0.30091913765455364, 0.6078602620087337, 0.2403566582671057, 0.6196850191403537, 0.8976873603065273, 0.005506102597045063, 0.012352174211405168, 0.015344450956364216, 0.00856107374889419
2008-07-03, 0.30091913765455364, 0.6078602620087337, 0.2403566582671057, 0.6196850191403537, 0.8976873603065273, 0.005506102597045063, 0.012352174211405168, 0.015344450956364216, 0.00856107374889419
2008-07-03, 0.07210557847982703, 0.06288209606986951, 0.248110098856367, 0.09865632145518055, 0.09578980978880619, 0.016518307791135174, 0.024704348422810336, 0.015344450956364216, 0.014839194498083285
2008-07-03, 0.09650973652051242, 0.0838427947598254, 0.3023841829811976, 0.13873545204634768, 0.18610591616110927, 0.011012205194090111, 0.02195942082027585, 0.0166231552027279, 0.011414764998525603
2008-07-03, 0.1270873342703696, 0.39825327510917063, 0.31013762357045893, 0.08632428127328295, 0.15052684395383864, 0.013765256492612642, 0.02195942082027585, 0.019180563695455257, 0.016551409247862112
2008-07-03, 0.12125153045221423, 0.2096069868995635, 0.2403566582671057, 0.19114662281941272, 0.24905350545089638, 0.016518307791135174, 0.02195942082027585, 0.01854121157227343, 0.022829529997051182
2008-06-03, 0.15254637030890422, 0.1886462882096067, 0.2791238612134133, 0.2620558538653237, 0.42147516307074767, 0.013765256492612642, 0.015097101813939653, 0.023656028557728172, 0.016551409247862112
2008-06-03, 0.3402638768106877, 0.5659388646288209, 0.3023841829811976, 0.7183413405955344, 1.0947406833006432, 0.005506102597045048, 0.00823478280760344, 0.017262507325909743, 0.00970255024874675
2008-06-03, 0.3402638768106877, 0.5659388646288209, 0.3023841829811976, 0.7183413405955344, 1.0947406833006432, 0.005506102597045048, 0.00823478280760344, 0.017262507325909743, 0.00970255024874675
2008-06-03, 0.3402638768106877, 0.5659388646288209, 0.3023841829811976, 0.7183413405955344, 1.0947406833006432, 0.005506102597045048, 0.00823478280760344, 0.017262507325909743, 0.00970255024874675
2008-06-03, 0.3402638768106877, 0.5659388646288209, 0.3023841829811976, 0.7183413405955344, 1.0947406833006432, 0.005506102597045048, 0.00823478280760344, 0.017262507325909743, 0.00970255024874675
2008-06-03, 0.3402638768106877, 0.5659388646288209, 0.3023841829811976, 0.7183413405955344, 1.0947406833006432, 0.005506102597045048, 0.00823478280760344, 0.017262507325909743, 0.00970255024874675
2008-06-03, 0.3402638768106877, 0.5659388646288209, 0.3023841829811976, 0.7183413405955344, 1.0947406833006432, 0.005506102597045048, 0.00823478280760344, 0.017262507325909743, 0.00970255024874675
2008-06-03, 0.3402638768106877, 0.5659388646288209, 0.3023841829811976, 0.7183413405955344, 1.0947406833006432, 0.005506102597045048, 0.00823478280760344, 0.017262507325909743, 0.00970255024874675
2008-06-03, 0.3402638768106877, 0.5659388646288209, 0.3023841829811976, 0.7183413405955344, 1.0947406833006432, 0.005506102597045048, 0.00823478280760344, 0.017262507325909743, 0.00970255024874675
2008-06-03, 0.3402638768106877, 0.5659388646288209, 0.3023841829811976, 0.7183413405955344, 1.0947406833006432, 0.005506102597045048, 0.00823478280760344, 0.017262507325909743, 0.00970255024874675
2008-06-03, 0.3402638768106877, 0.5659388646288209, 0.3023841829811976, 0.7183413405955344, 1.0947406833006432, 0.005506102597045048, 0.00823478280760344, 0.017262507325909743, 0.00970255024874675
2008-06-03, 0.1418130669279768, 0.06288209606986905, 0.2713704206241517, 0.2558898337743748, 0.4789490489440314, 0.008259153895567594, 0.015097101813939653, 0.02493473280409186, 0.01712214749778838
2008-06-03, 0.5262836125523096, 1.1109170305676856, 0.3644117076952895, 1.134547696734578, 1.562742325411668, 0.022024410388180222, 0.004117391403801728, 0.011508338217273172, 0.0
2008-06-03, 0.24022709628530148, 0.3772925764192138, 0.3489048265167666, 0.41928936618451795, 0.7334762578114309, 0.0, 0.010979710410137926, 0.02045926794181896, 0.011414764998525591
2008-06-03, 0.17152126648700927, 0.0838427947598254, 0.2791238612134133, 0.3668781954114532, 0.5938968206905989, 0.005506102597045063, 0.010979710410137926, 0.021098620065000802, 0.01084402674859931
2008-05-04, 0.1513411466951447, 0.1886462882096067, 0.35665826710602855, 0.2250597333196312, 0.3640012771974639, 0.016518307791135174, 0.01372463801267241, 0.025574084927273703, 0.02054657699734606
2008-05-04, 0.35758672220751087, 0.5030567685589519, 0.39542547005233586, 0.7769185314595481, 1.1494777174656752, 0.005506102597045048, 0.005489855205068956, 0.01854121157227343, 0.006278120749189069
2008-05-04, 0.35758672220751087, 0.5030567685589519, 0.39542547005233586, 0.7769185314595481, 1.1494777174656752, 0.005506102597045048, 0.005489855205068956, 0.01854121157227343, 0.006278120749189069
2008-05-04, 0.35758672220751087, 0.5030567685589519, 0.39542547005233586, 0.7769185314595481, 1.1494777174656752, 0.005506102597045048, 0.005489855205068956, 0.01854121157227343, 0.006278120749189069
2008-05-04, 0.35758672220751087, 0.5030567685589519, 0.39542547005233586, 0.7769185314595481, 1.1494777174656752, 0.005506102597045048, 0.005489855205068956, 0.01854121157227343, 0.006278120749189069
2008-05-04, 0.35758672220751087, 0.5030567685589519, 0.39542547005233586, 0.7769185314595481, 1.1494777174656752, 0.005506102597045048, 0.005489855205068956, 0.01854121157227343, 0.006278120749189069
2008-05-04, 0.35758672220751087, 0.5030567685589519, 0.39542547005233586, 0.7769185314595481, 1.1494777174656752, 0.005506102597045048, 0.005489855205068956, 0.01854121157227343, 0.006278120749189069
2008-05-04, 0.35758672220751087, 0.5030567685589519, 0.39542547005233586, 0.7769185314595481, 1.1494777174656752, 0.005506102597045048, 0.005489855205068956, 0.01854121157227343, 0.006278120749189069
2008-05-04, 0.35758672220751087, 0.5030567685589519, 0.39542547005233586, 0.7769185314595481, 1.1494777174656752, 0.005506102597045048, 0.005489855205068956, 0.01854121157227343, 0.006278120749189069
2008-05-04, 0.35758672220751087, 0.5030567685589519, 0.39542547005233586, 0.7769185314595481, 1.1494777174656752, 0.005506102597045048, 0.005489855205068956, 0.01854121157227343, 0.006278120749189069
2008-05-04, 0.35758672220751087, 0.5030567685589519, 0.39542547005233586, 0.7769185314595481, 1.1494777174656752, 0.005506102597045048, 0.005489855205068956, 0.01854121157227343, 0.006278120749189069
2008-05-04, 0.17274303769060992, 0.1886462882096067, 0.3333979453382439, 0.29905197441101683, 0.4844227523605345, 0.019271359089657707, 0.015097101813939653, 0.02493473280409186, 0.01712214749778838
2008-05-04, 0.17352171207273154, 0.2724890829694321, 0.37991858887381286, 0.24664080363795207, 0.4077909045294897, 0.019271359089657707, 0.015097101813939653, 0.02813149342000106, 0.01883436224756722
2008-05-04, 0.1501734669411529, 0.08384279475982494, 0.2636169800348907, 0.3113840145929144, 0.47621219723577984, 0.011012205194090127, 0.010979710410137926, 0.02493473280409186, 0.0194051004974935
2008-05-04, 0.15366033970947074, 0.08384279475982494, 0.27912386121341365, 0.29288595432006787, 0.4898964557770376, 0.019271359089657707, 0.019214493217741383, 0.026213437050455545, 0.01883436224756722
2008-04-04, 0.1518959518430355, 0.31441048034934527, 0.31013762357045926, 0.15106749222824556, 0.3776855357387219, 0.008259153895567594, 0.010979710410137926, 0.024934732804091846, 0.01769288574771466
2008-04-04, 0.38259963765725785, 0.9432314410480352, 0.3644117076952895, 0.6628471597769957, 1.0454773525521144, 0.011012205194090111, 0.0013724638012672426, 0.020459267941818945, 0.011985503248451872
2008-04-04, 0.38259963765725785, 0.9432314410480352, 0.3644117076952895, 0.6628471597769957, 1.0454773525521144, 0.011012205194090111, 0.0013724638012672426, 0.020459267941818945, 0.011985503248451872
2008-04-04, 0.38259963765725785, 0.9432314410480352, 0.3644117076952895, 0.6628471597769957, 1.0454773525521144, 0.011012205194090111, 0.0013724638012672426, 0.020459267941818945, 0.011985503248451872
2008-04-04, 0.38259963765725785, 0.9432314410480352, 0.3644117076952895, 0.6628471597769957, 1.0454773525521144, 0.011012205194090111, 0.0013724638012672426, 0.020459267941818945, 0.011985503248451872
2008-04-04, 0.38259963765725785, 0.9432314410480352, 0.3644117076952895, 0.6628471597769957, 1.0454773525521144, 0.011012205194090111, 0.0013724638012672426, 0.020459267941818945, 0.011985503248451872
2008-04-04, 0.38259963765725785, 0.9432314410480352, 0.3644117076952895, 0.6628471597769957, 1.0454773525521144, 0.011012205194090111, 0.0013724638012672426, 0.020459267941818945, 0.011985503248451872
2008-04-04, 0.38259963765725785, 0.9432314410480352, 0.3644117076952895, 0.6628471597769957, 1.0454773525521144, 0.011012205194090111, 0.0013724638012672426, 0.020459267941818945, 0.011985503248451872
2008-04-04, 0.38259963765725785, 0.9432314410480352, 0.3644117076952895, 0.6628471597769957, 1.0454773525521144, 0.011012205194090111, 0.0013724638012672426, 0.020459267941818945, 0.011985503248451872
2008-04-04, 0.38259963765725785, 0.9432314410480352, 0.3644117076952895, 0.6628471597769957, 1.0454773525521144, 0.011012205194090111, 0.0013724638012672426, 0.020459267941818945, 0.011985503248451872
2008-04-04, 0.38259963765725785, 0.9432314410480352, 0.3644117076952895, 0.6628471597769957, 1.0454773525521144, 0.011012205194090111, 0.0013724638012672426, 0.020459267941818945, 0.011985503248451872
2008-04-04, 0.16829835061414933, 0.31441048034934527, 0.34115138592750527, 0.19114662281941272, 0.43515942161200566, 0.013765256492612657, 0.010979710410137926, 0.024934732804091846, 0.014839194498083273
2008-04-04, 0.19389695161494824, 0.3353711790393016, 0.271370420624152, 0.28055391413817027, 0.6021073758153536, 0.008259153895567594, 0.009607246608870683, 0.02621343705045553, 0.01769288574771466
2008-04-04, 0.18436585780476603, 0.4611353711790397, 0.4109323512308585, 0.1664825424556175, 0.36400127719746367, 0.013765256492612657, 0.012352174211405168, 0.026852789173637374, 0.0194051004974935
2008-04-04, 0.23362051108778986, 0.5868995633187774, 0.4264392324093815, 0.26822187395627267, 0.5336860831090634, 0.005506102597045063, 0.0068623190063361985, 0.023656028557728158, 0.01769288574771466
2008-03-05, 0.11970109175086449, 0.06288209606986905, 0.4496995541771661, 0.14181846209182258, 0.2326323952013866, 0.011012205194090111, 0.009607246608870683, 0.029410197666364744, 0.02054657699734606
2008-03-05, 0.2902482334334681, 0.31441048034934477, 0.40317891064159717, 0.6690131798679446, 0.894950508598276, 0.008259153895567594, 0.0013724638012672426, 0.021098620065000802, 0.00970255024874675
2008-03-05, 0.2902482334334681, 0.31441048034934477, 0.40317891064159717, 0.6690131798679446, 0.894950508598276, 0.008259153895567594, 0.0013724638012672426, 0.021098620065000802, 0.00970255024874675
2008-03-05, 0.2902482334334681, 0.31441048034934477, 0.40317891064159717, 0.6690131798679446, 0.894950508598276, 0.008259153895567594, 0.0013724638012672426, 0.021098620065000802, 0.00970255024874675
2008-03-05, 0.2902482334334681, 0.31441048034934477, 0.40317891064159717, 0.6690131798679446, 0.894950508598276, 0.008259153895567594, 0.0013724638012672426, 0.021098620065000802, 0.00970255024874675
2008-03-05, 0.2902482334334681, 0.31441048034934477, 0.40317891064159717, 0.6690131798679446, 0.894950508598276, 0.008259153895567594, 0.0013724638012672426, 0.021098620065000802, 0.00970255024874675
2008-03-05, 0.2902482334334681, 0.31441048034934477, 0.40317891064159717, 0.6690131798679446, 0.894950508598276, 0.008259153895567594, 0.0013724638012672426, 0.021098620065000802, 0.00970255024874675
2008-03-05, 0.2902482334334681, 0.31441048034934477, 0.40317891064159717, 0.6690131798679446, 0.894950508598276, 0.008259153895567594, 0.0013724638012672426, 0.021098620065000802, 0.00970255024874675
2008-03-05, 0.2902482334334681, 0.31441048034934477, 0.40317891064159717, 0.6690131798679446, 0.894950508598276, 0.008259153895567594, 0.0013724638012672426, 0.021098620065000802, 0.00970255024874675
2008-03-05, 0.2902482334334681, 0.31441048034934477, 0.40317891064159717, 0.6690131798679446, 0.894950508598276, 0.008259153895567594, 0.0013724638012672426, 0.021098620065000802, 0.00970255024874675
2008-03-05, 0.2902482334334681, 0.31441048034934477, 0.40317891064159717, 0.6690131798679446, 0.894950508598276, 0.008259153895567594, 0.0013724638012672426, 0.021098620065000802, 0.00970255024874675
2008-03-05, 0.14758235853164683, 0.02096069868995635, 0.4652064353556891, 0.25280682372890073, 0.3831592391552252, 0.00825915389556758, 0.0068623190063361985, 0.026852789173637374, 0.016551409247862112
2008-03-05, 0.1098085935323407, 0.10480349344978175, 0.47295987594495076, 0.09865632145518083, 0.13410573370432885, 0.013765256492612642, 0.010979710410137926, 0.02493473280409186, 0.018263623997640942
2008-03-05, 0.4706749968347456, 0.7336244541484718, 0.49622019771273507, 1.1715438172802715, 1.2945308580030106, 0.024777461686702768, 0.010979710410137941, 0.021737972188182644, 0.011985503248451872
2008-03-05, 0.21281872060837312, 0.18864628820960713, 0.5039736383019967, 0.40695732600262063, 0.5501071933585734, 0.005506102597045063, 0.0027449276025344853, 0.027492141296819216, 0.01712214749778838
2008-02-04, 0.15724736981395118, 0.5240174672489083, 0.2791238612134133, 0.015415050227371935, 0.3886329425717283, 0.011012205194090111, 0.0027449276025344853, 0.015344450956364216, 0.021688053497198635
2008-02-04, 0.18118648709591909, 0.0, 0.4341926729986431, 0.5395267579580196, 0.44336997673676076, 0.008259153895567594, 0.005489855205068971, 0.008950929724545786, 0.00970255024874675
2008-02-04, 0.18118648709591909, 0.0, 0.4341926729986431, 0.5395267579580196, 0.44336997673676076, 0.008259153895567594, 0.005489855205068971, 0.008950929724545786, 0.00970255024874675
2008-02-04, 0.18118648709591909, 0.0, 0.4341926729986431, 0.5395267579580196, 0.44336997673676076, 0.008259153895567594, 0.005489855205068971, 0.008950929724545786, 0.00970255024874675
2008-02-04, 0.18118648709591909, 0.0, 0.4341926729986431, 0.5395267579580196, 0.44336997673676076, 0.008259153895567594, 0.005489855205068971, 0.008950929724545786, 0.00970255024874675
2008-02-04, 0.18118648709591909, 0.0, 0.4341926729986431, 0.5395267579580196, 0.44336997673676076, 0.008259153895567594, 0.005489855205068971, 0.008950929724545786, 0.00970255024874675
2008-02-04, 0.18118648709591909, 0.0, 0.4341926729986431, 0.5395267579580196, 0.44336997673676076, 0.008259153895567594, 0.005489855205068971, 0.008950929724545786, 0.00970255024874675
2008-02-04, 0.18118648709591909, 0.0, 0.4341926729986431, 0.5395267579580196, 0.44336997673676076, 0.008259153895567594, 0.005489855205068971, 0.008950929724545786, 0.00970255024874675
2008-02-04, 0.18118648709591909, 0.0, 0.4341926729986431, 0.5395267579580196, 0.44336997673676076, 0.008259153895567594, 0.005489855205068971, 0.008950929724545786, 0.00970255024874675
2008-02-04, 0.18118648709591909, 0.0, 0.4341926729986431, 0.5395267579580196, 0.44336997673676076, 0.008259153895567594, 0.005489855205068971, 0.008950929724545786, 0.00970255024874675
2008-02-04, 0.18118648709591909, 0.0, 0.4341926729986431, 0.5395267579580196, 0.44336997673676076, 0.008259153895567594, 0.005489855205068971, 0.008950929724545786, 0.00970255024874675
2008-02-04, 0.12807547519930634, 0.33537117903930114, 0.3489048265167669, 0.006166020090948939, 0.28463257765816724, 0.013765256492612642, 0.005489855205068971, 0.010868986094091315, 0.019405100497493513
2008-02-04, 0.14594717441515037, 0.5659388646288209, 0.271370420624152, 0.0215810703183206, 0.26273776399215437, 0.011012205194090111, 0.0027449276025344853, 0.012787042463636844, 0.019405100497493513
2008-02-04, 0.13884423229922938, 0.3772925764192138, 0.32564450474898227, 0.015415050227371935, 0.34758016694795413, 0.005506102597045063, 0.0, 0.015344450956364216, 0.023971006496903743
2008-02-04, 0.13455785825501937, 0.5030567685589519, 0.2791238612134133, 0.015415050227371935, 0.24084295032614148, 0.011012205194090111, 0.0013724638012672426, 0.010229633970909473, 0.015409932748009551
2008-01-05, 0.15616906982506898, 0.6078602620087337, 0.16282225237449113, 0.055494180818539074, 0.3612644254892126, 0.011012205194090127, 0.004117391403801728, 0.021098620065000802, 0.025683221246682583
2008-01-05, 0.14133026273422183, 0.20960698689956303, 0.18608257414227578, 0.542609768003494, 0.16694795420334793, 0.005506102597045048, 0.0013724638012672426, 0.0076722254781821, 0.01084402674859931
2008-01-05, 0.14133026273422183, 0.20960698689956303, 0.18608257414227578, 0.542609768003494, 0.16694795420334793, 0.005506102597045048, 0.0013724638012672426, 0.0076722254781821, 0.01084402674859931
2008-01-05, 0.14133026273422183, 0.20960698689956303, 0.18608257414227578, 0.542609768003494, 0.16694795420334793, 0.005506102597045048, 0.0013724638012672426, 0.0076722254781821, 0.01084402674859931
2008-01-05, 0.14133026273422183, 0.20960698689956303, 0.18608257414227578, 0.542609768003494, 0.16694795420334793, 0.005506102597045048, 0.0013724638012672426, 0.0076722254781821, 0.01084402674859931
2008-01-05, 0.14133026273422183, 0.20960698689956303, 0.18608257414227578, 0.542609768003494, 0.16694795420334793, 0.005506102597045048, 0.0013724638012672426, 0.0076722254781821, 0.01084402674859931
2008-01-05, 0.14133026273422183, 0.20960698689956303, 0.18608257414227578, 0.542609768003494, 0.16694795420334793, 0.005506102597045048, 0.0013724638012672426, 0.0076722254781821, 0.01084402674859931
2008-01-05, 0.14133026273422183, 0.20960698689956303, 0.18608257414227578, 0.542609768003494, 0.16694795420334793, 0.005506102597045048, 0.0013724638012672426, 0.0076722254781821, 0.01084402674859931
2008-01-05, 0.14133026273422183, 0.20960698689956303, 0.18608257414227578, 0.542609768003494, 0.16694795420334793, 0.005506102597045048, 0.0013724638012672426, 0.0076722254781821, 0.01084402674859931
2008-01-05, 0.14133026273422183, 0.20960698689956303, 0.18608257414227578, 0.542609768003494, 0.16694795420334793, 0.005506102597045048, 0.0013724638012672426, 0.0076722254781821, 0.01084402674859931
2008-01-05, 0.14133026273422183, 0.20960698689956303, 0.18608257414227578, 0.542609768003494, 0.16694795420334793, 0.005506102597045048, 0.0013724638012672426, 0.0076722254781821, 0.01084402674859931
2008-01-05, 0.13333487134584063, 0.2724890829694321, 0.1550688117852298, 0.480949567094006, 0.13136888199607683, 0.0027530512985225165, 0.004117391403801728, 0.010229633970909473, 0.00970255024874675
2008-01-05, 0.12213732538562093, 0.10480349344978175, 0.2791238612134133, 0.45628548673021074, 0.12042147516307063, 0.0, 0.0013724638012672426, 0.0076722254781821, 0.007419597249041642
2008-01-05, 0.17487230096313167, 0.1257641921397381, 0.21709633649932172, 0.675179199958893, 0.3503170186562057, 0.00825915389556758, 0.005489855205068956, 0.008311577601363944, 0.008561073748894203
2008-01-05, 0.26518097052568806, 0.14672489082969445, 0.3333979453382439, 0.9803971944608587, 0.6322127446061211, 0.013765256492612642, 0.009607246608870683, 0.0019180563695455287, 0.003424429499557681
2007-12-06, 0.21256763156585792, 0.02096069868995635, 0.19383601473153708, 0.49019859723042924, 0.9606349495963143, 0.016518307791135174, 0.006862319006336213, 0.006393521231818415, 0.005136644249336521
2007-12-06, 0.1773802627656923, 0.02096069868995635, 0.20158945532079842, 0.3977082958661974, 0.7498973680609407, 0.016518307791135174, 0.008234782807603456, 0.012147690340455, 0.011985503248451872
2007-12-06, 0.1773802627656923, 0.02096069868995635, 0.20158945532079842, 0.3977082958661974, 0.7498973680609407, 0.016518307791135174, 0.008234782807603456, 0.012147690340455, 0.011985503248451872
2007-12-06, 0.1773802627656923, 0.02096069868995635, 0.20158945532079842, 0.3977082958661974, 0.7498973680609407, 0.016518307791135174, 0.008234782807603456, 0.012147690340455, 0.011985503248451872
2007-12-06, 0.1773802627656923, 0.02096069868995635, 0.20158945532079842, 0.3977082958661974, 0.7498973680609407, 0.016518307791135174, 0.008234782807603456, 0.012147690340455, 0.011985503248451872
2007-12-06, 0.1773802627656923, 0.02096069868995635, 0.20158945532079842, 0.3977082958661974, 0.7498973680609407, 0.016518307791135174, 0.008234782807603456, 0.012147690340455, 0.011985503248451872
2007-12-06, 0.1773802627656923, 0.02096069868995635, 0.20158945532079842, 0.3977082958661974, 0.7498973680609407, 0.016518307791135174, 0.008234782807603456, 0.012147690340455, 0.011985503248451872
2007-12-06, 0.1773802627656923, 0.02096069868995635, 0.20158945532079842, 0.3977082958661974, 0.7498973680609407, 0.016518307791135174, 0.008234782807603456, 0.012147690340455, 0.011985503248451872
2007-12-06, 0.1773802627656923, 0.02096069868995635, 0.20158945532079842, 0.3977082958661974, 0.7498973680609407, 0.016518307791135174, 0.008234782807603456, 0.012147690340455, 0.011985503248451872
2007-12-06, 0.1773802627656923, 0.02096069868995635, 0.20158945532079842, 0.3977082958661974, 0.7498973680609407, 0.016518307791135174, 0.008234782807603456, 0.012147690340455, 0.011985503248451872
2007-12-06, 0.1773802627656923, 0.02096069868995635, 0.20158945532079842, 0.3977082958661974, 0.7498973680609407, 0.016518307791135174, 0.008234782807603456, 0.012147690340455, 0.011985503248451872
2007-12-06, 0.17263971428173322, 0.02096069868995635, 0.2713704206241517, 0.3637951853659789, 0.6814760753546505, 0.016518307791135174, 0.005489855205068971, 0.008950929724545786, 0.01255624149837815
2007-12-06, 0.13339273199783605, 0.1257641921397381, 0.20934289591006008, 0.14798448218277124, 0.5309492314008121, 0.011012205194090127, 0.005489855205068971, 0.0166231552027279, 0.019975838747419792
2007-12-06, 0.12503630546282113, 0.18864628820960713, 0.19383601473153708, 0.15723351231919425, 0.4378962733202572, 0.005506102597045063, 0.0013724638012672426, 0.008950929724545786, 0.00684885899911535
2007-12-06, 0.09077499229473052, 0.2515283842794762, 0.17057569296375244, 0.03699612054569281, 0.2271586917848835, 0.005506102597045063, 0.0027449276025344853, 0.013426394586818687, 0.018263623997640952
2007-11-06, 0.09401270399015327, 0.31441048034934477, 0.11630160883892218, 0.1788145826375151, 0.09852666149705773, 0.005506102597045063, 0.0013724638012672426, 0.0166231552027279, 0.020546576997346074
2007-11-06, 0.12944813887699805, 0.16768558951965057, 0.16282225237449113, 0.13873545204634796, 0.5282123796925603, 0.013765256492612642, 0.0013724638012672426, 0.012147690340455, 0.01084402674859931
2007-11-06, 0.12944813887699805, 0.16768558951965057, 0.16282225237449113, 0.13873545204634796, 0.5282123796925603, 0.013765256492612642, 0.0013724638012672426, 0.012147690340455, 0.01084402674859931
2007-11-06, 0.12944813887699805, 0.16768558951965057, 0.16282225237449113, 0.13873545204634796, 0.5282123796925603, 0.013765256492612642, 0.0013724638012672426, 0.012147690340455, 0.01084402674859931
2007-11-06, 0.12944813887699805, 0.16768558951965057, 0.16282225237449113, 0.13873545204634796, 0.5282123796925603, 0.013765256492612642, 0.0013724638012672426, 0.012147690340455, 0.01084402674859931
2007-11-06, 0.12944813887699805, 0.16768558951965057, 0.16282225237449113, 0.13873545204634796, 0.5282123796925603, 0.013765256492612642, 0.0013724638012672426, 0.012147690340455, 0.01084402674859931
2007-11-06, 0.12944813887699805, 0.16768558951965057, 0.16282225237449113, 0.13873545204634796, 0.5282123796925603, 0.013765256492612642, 0.0013724638012672426, 0.012147690340455, 0.01084402674859931
2007-11-06, 0.12944813887699805, 0.16768558951965057, 0.16282225237449113, 0.13873545204634796, 0.5282123796925603, 0.013765256492612642, 0.0013724638012672426, 0.012147690340455, 0.01084402674859931
2007-11-06, 0.12944813887699805, 0.16768558951965057, 0.16282225237449113, 0.13873545204634796, 0.5282123796925603, 0.013765256492612642, 0.0013724638012672426, 0.012147690340455, 0.01084402674859931
2007-11-06, 0.12944813887699805, 0.16768558951965057, 0.16282225237449113, 0.13873545204634796, 0.5282123796925603, 0.013765256492612642, 0.0013724638012672426, 0.012147690340455, 0.01084402674859931
2007-11-06, 0.12944813887699805, 0.16768558951965057, 0.16282225237449113, 0.13873545204634796, 0.5282123796925603, 0.013765256492612642, 0.0013724638012672426, 0.012147690340455, 0.01084402674859931
2007-11-06, 0.10377079567002723, 0.3982532751091702, 0.11630160883892218, 0.11098836163707815, 0.16968480591159973, 0.005506102597045063, 0.0013724638012672426, 0.011508338217273158, 0.016551409247862112
2007-11-06, 0.10203835509852624, 0.4192139737991265, 0.10854816824966086, 0.1264034118644501, 0.11768462345481907, 0.005506102597045063, 0.0, 0.017262507325909743, 0.02168805349719862
2007-11-06, 0.09738455266396853, 0.4401746724890829, 0.11630160883892218, 0.17264856254656616, 0.010947406833006441, 0.0, 0.004117391403801728, 0.0166231552027279, 0.018263623997640952
2007-11-06, 0.09916796753917861, 0.35633187772925745, 0.13180849001744516, 0.15723351231919425, 0.10126351320530953, 0.0027530512985225316, 0.0013724638012672426, 0.019180563695455274, 0.02340026824697746
2007-10-07, 0.1358287969269907, 0.5659388646288207, 0.17057569296375244, 0.20347866300131032, 0.12589517857957397, 0.005506102597045063, 0.004117391403801728, 0.0025574084927273717, 0.00856107374889419
2007-10-07, 0.11701086249258591, 0.2724890829694323, 0.13180849001744516, 0.06166020090948802, 0.4461068284450121, 0.008259153895567594, 0.005489855205068971, 0.0, 0.01027328849867303
2007-10-07, 0.11701086249258591, 0.2724890829694323, 0.13180849001744516, 0.06166020090948802, 0.4461068284450121, 0.008259153895567594, 0.005489855205068971, 0.0, 0.01027328849867303
2007-10-07, 0.11701086249258591, 0.2724890829694323, 0.13180849001744516, 0.06166020090948802, 0.4461068284450121, 0.008259153895567594, 0.005489855205068971, 0.0, 0.01027328849867303
2007-10-07, 0.11701086249258591, 0.2724890829694323, 0.13180849001744516, 0.06166020090948802, 0.4461068284450121, 0.008259153895567594, 0.005489855205068971, 0.0, 0.01027328849867303
2007-10-07, 0.11701086249258591, 0.2724890829694323, 0.13180849001744516, 0.06166020090948802, 0.4461068284450121, 0.008259153895567594, 0.005489855205068971, 0.0, 0.01027328849867303
2007-10-07, 0.11701086249258591, 0.2724890829694323, 0.13180849001744516, 0.06166020090948802, 0.4461068284450121, 0.008259153895567594, 0.005489855205068971, 0.0, 0.01027328849867303
2007-10-07, 0.11701086249258591, 0.2724890829694323, 0.13180849001744516, 0.06166020090948802, 0.4461068284450121, 0.008259153895567594, 0.005489855205068971, 0.0, 0.01027328849867303
2007-10-07, 0.11701086249258591, 0.2724890829694323, 0.13180849001744516, 0.06166020090948802, 0.4461068284450121, 0.008259153895567594, 0.005489855205068971, 0.0, 0.01027328849867303
2007-10-07, 0.11701086249258591, 0.2724890829694323, 0.13180849001744516, 0.06166020090948802, 0.4461068284450121, 0.008259153895567594, 0.005489855205068971, 0.0, 0.01027328849867303
2007-10-07, 0.11701086249258591, 0.2724890829694323, 0.13180849001744516, 0.06166020090948802, 0.4461068284450121, 0.008259153895567594, 0.005489855205068971, 0.0, 0.01027328849867303
2007-10-07, 0.14041895600195897, 0.31441048034934477, 0.15506881178522947, 0.11407137168255276, 0.5063175660265474, 0.013765256492612657, 0.008234782807603456, 0.0006393521231818429, 0.01084402674859931
2007-10-07, 0.12290682704396841, 0.31441048034934477, 0.16282225237449113, 0.04624515068211608, 0.42968571819550233, 0.011012205194090127, 0.008234782807603456, 0.0, 0.01084402674859931
2007-10-07, 0.1558027074295527, 0.08384279475982516, 0.24035665826710603, 0.24355779359247745, 0.6240021894813664, 0.019271359089657707, 0.013724638012672426, 0.005114816985454729, 0.0165514092478621
2007-10-07, 0.17422257315803302, 0.7336244541484715, 0.11630160883892218, 0.36071217532050454, 0.16694795420334818, 0.005506102597045048, 0.0013724638012672426, 0.007032873355000272, 0.002282952999705108
2007-09-07, 0.09790402563759451, 0.12576419213973786, 0.046520643535568944, 0.12948642190992468, 0.45431738356976675, 0.011012205194090127, 0.006862319006336213, 0.0012787042463636858, 0.007990335498967922
2007-09-07, 0.09790402563759451, 0.12576419213973786, 0.046520643535568944, 0.12948642190992468, 0.45431738356976675, 0.011012205194090127, 0.006862319006336213, 0.0012787042463636858, 0.007990335498967922
2007-09-07, 0.09790402563759451, 0.12576419213973786, 0.046520643535568944, 0.12948642190992468, 0.45431738356976675, 0.011012205194090127, 0.006862319006336213, 0.0012787042463636858, 0.007990335498967922
2007-09-07, 0.09790402563759451, 0.12576419213973786, 0.046520643535568944, 0.12948642190992468, 0.45431738356976675, 0.011012205194090127, 0.006862319006336213, 0.0012787042463636858, 0.007990335498967922
2007-09-07, 0.09790402563759451, 0.12576419213973786, 0.046520643535568944, 0.12948642190992468, 0.45431738356976675, 0.011012205194090127, 0.006862319006336213, 0.0012787042463636858, 0.007990335498967922
2007-09-07, 0.09790402563759451, 0.12576419213973786, 0.046520643535568944, 0.12948642190992468, 0.45431738356976675, 0.011012205194090127, 0.006862319006336213, 0.0012787042463636858, 0.007990335498967922
2007-09-07, 0.09790402563759451, 0.12576419213973786, 0.046520643535568944, 0.12948642190992468, 0.45431738356976675, 0.011012205194090127, 0.006862319006336213, 0.0012787042463636858, 0.007990335498967922
2007-09-07, 0.09790402563759451, 0.12576419213973786, 0.046520643535568944, 0.12948642190992468, 0.45431738356976675, 0.011012205194090127, 0.006862319006336213, 0.0012787042463636858, 0.007990335498967922
2007-09-07, 0.09790402563759451, 0.12576419213973786, 0.046520643535568944, 0.12948642190992468, 0.45431738356976675, 0.011012205194090127, 0.006862319006336213, 0.0012787042463636858, 0.007990335498967922
2007-09-07, 0.09790402563759451, 0.12576419213973786, 0.046520643535568944, 0.12948642190992468, 0.45431738356976675, 0.011012205194090127, 0.006862319006336213, 0.0012787042463636858, 0.007990335498967922
2007-09-07, 0.09790402563759451, 0.12576419213973786, 0.046520643535568944, 0.12948642190992468, 0.45431738356976675, 0.011012205194090127, 0.006862319006336213, 0.0012787042463636858, 0.007990335498967922
2007-09-07, 0.11210351263088823, 0.46113537117903924, 0.03876720294630728, 0.28980294427459324, 0.08757925466405153, 0.008259153895567594, 0.0027449276025344853, 0.005114816985454743, 0.003424429499557681
2007-09-07, 0.08745390935319186, 0.0838427947598254, 0.054274084124830604, 0.10482234154612977, 0.42968571819550233, 0.011012205194090127, 0.006862319006336213, 0.0, 0.009131811998820483
2007-09-07, 0.08102289433649754, 0.1467248908296942, 0.023260321767784645, 0.03699612054569281, 0.41600145965424434, 0.011012205194090127, 0.005489855205068971, 0.0012787042463636858, 0.007419597249041642
2007-09-07, 0.08451418821512985, 0.23056768558951962, 0.08528784648187657, 0.018498060272846267, 0.32021164986543815, 0.011012205194090127, 0.005489855205068971, 0.0044754648622729, 0.0005707382499262802
2007-08-08, 0.06950446573888909, 0.1467248908296942, 0.1240550494281835, 0.04624515068211581, 0.1970533229941157, 0.016518307791135174, 0.015097101813939653, 0.0006393521231818429, 0.009702550248746764
2007-08-08, 0.05869891291625603, 0.0838427947598254, 0.09304128707113772, 0.024664080363795207, 0.2271586917848835, 0.016518307791135174, 0.015097101813939653, 0.0012787042463636858, 0.007990335498967922
2007-08-08, 0.05869891291625603, 0.0838427947598254, 0.09304128707113772, 0.024664080363795207, 0.2271586917848835, 0.016518307791135174, 0.015097101813939653, 0.0012787042463636858, 0.007990335498967922
2007-08-08, 0.05869891291625603, 0.0838427947598254, 0.09304128707113772, 0.024664080363795207, 0.2271586917848835, 0.016518307791135174, 0.015097101813939653, 0.0012787042463636858, 0.007990335498967922
2007-08-08, 0.05869891291625603, 0.0838427947598254, 0.09304128707113772, 0.024664080363795207, 0.2271586917848835, 0.016518307791135174, 0.015097101813939653, 0.0012787042463636858, 0.007990335498967922
2007-08-08, 0.05869891291625603, 0.0838427947598254, 0.09304128707113772, 0.024664080363795207, 0.2271586917848835, 0.016518307791135174, 0.015097101813939653, 0.0012787042463636858, 0.007990335498967922
2007-08-08, 0.05869891291625603, 0.0838427947598254, 0.09304128707113772, 0.024664080363795207, 0.2271586917848835, 0.016518307791135174, 0.015097101813939653, 0.0012787042463636858, 0.007990335498967922
2007-08-08, 0.05869891291625603, 0.0838427947598254, 0.09304128707113772, 0.024664080363795207, 0.2271586917848835, 0.016518307791135174, 0.015097101813939653, 0.0012787042463636858, 0.007990335498967922
2007-08-08, 0.05869891291625603, 0.0838427947598254, 0.09304128707113772, 0.024664080363795207, 0.2271586917848835, 0.016518307791135174, 0.015097101813939653, 0.0012787042463636858, 0.007990335498967922
2007-08-08, 0.05869891291625603, 0.0838427947598254, 0.09304128707113772, 0.024664080363795207, 0.2271586917848835, 0.016518307791135174, 0.015097101813939653, 0.0012787042463636858, 0.007990335498967922
2007-08-08, 0.05869891291625603, 0.0838427947598254, 0.09304128707113772, 0.024664080363795207, 0.2271586917848835, 0.016518307791135174, 0.015097101813939653, 0.0012787042463636858, 0.007990335498967922
2007-08-08, 0.09974254714373566, 0.10480349344978152, 0.10079472766039921, 0.17573157259204078, 0.38042238744697343, 0.013765256492612642, 0.01372463801267241, 0.0012787042463636858, 0.007419597249041642
2007-08-08, 0.15142944228690808, 0.4192139737991265, 0.09304128707113772, 0.36071217532050454, 0.3174747981571866, 0.0027530512985225316, 0.010979710410137926, 0.0038361127390910575, 0.003424429499557681
2007-08-08, 0.06445908355985341, 0.0419213973799127, 0.1240550494281835, 0.052411170773064744, 0.25726406057565104, 0.013765256492612642, 0.012352174211405168, 0.0019180563695455287, 0.011985503248451884
2007-08-08, 0.05944558724758034, 0.12576419213973786, 0.06978096530335325, 0.07399224109138534, 0.1724216576198513, 0.013765256492612642, 0.012352174211405168, 0.0006393521231818429, 0.006848858999115362
2007-07-09, 0.08758224867963925, 0.04192139737991247, 0.023260321767784472, 0.18189759268298944, 0.4269488664872508, 0.00825915389556758, 0.006862319006336213, 0.011508338217273158, 0.0
2007-07-09, 0.08758224867963925, 0.04192139737991247, 0.023260321767784472, 0.18189759268298944, 0.4269488664872508, 0.00825915389556758, 0.006862319006336213, 0.011508338217273158, 0.0
2007-07-09, 0.08758224867963925, 0.04192139737991247, 0.023260321767784472, 0.18189759268298944, 0.4269488664872508, 0.00825915389556758, 0.006862319006336213, 0.011508338217273158, 0.0
2007-07-09, 0.08758224867963925, 0.04192139737991247, 0.023260321767784472, 0.18189759268298944, 0.4269488664872508, 0.00825915389556758, 0.006862319006336213, 0.011508338217273158, 0.0
2007-07-09, 0.08758224867963925, 0.04192139737991247, 0.023260321767784472, 0.18189759268298944, 0.4269488664872508, 0.00825915389556758, 0.006862319006336213, 0.011508338217273158, 0.0
2007-07-09, 0.08758224867963925, 0.04192139737991247, 0.023260321767784472, 0.18189759268298944, 0.4269488664872508, 0.00825915389556758, 0.006862319006336213, 0.011508338217273158, 0.0
2007-07-09, 0.08758224867963925, 0.04192139737991247, 0.023260321767784472, 0.18189759268298944, 0.4269488664872508, 0.00825915389556758, 0.006862319006336213, 0.011508338217273158, 0.0
2007-07-09, 0.08758224867963925, 0.04192139737991247, 0.023260321767784472, 0.18189759268298944, 0.4269488664872508, 0.00825915389556758, 0.006862319006336213, 0.011508338217273158, 0.0
2007-07-09, 0.08758224867963925, 0.04192139737991247, 0.023260321767784472, 0.18189759268298944, 0.4269488664872508, 0.00825915389556758, 0.006862319006336213, 0.011508338217273158, 0.0
2007-07-09, 0.08758224867963925, 0.04192139737991247, 0.023260321767784472, 0.18189759268298944, 0.4269488664872508, 0.00825915389556758, 0.006862319006336213, 0.011508338217273158, 0.0
2007-07-09, 0.08758224867963925, 0.04192139737991247, 0.023260321767784472, 0.18189759268298944, 0.4269488664872508, 0.00825915389556758, 0.006862319006336213, 0.011508338217273158, 0.0
2007-07-09, 0.10161605259569918, 0.3982532751091702, 0.007753440589261491, 0.19422963286488704, 0.17242165761985154, 0.008259153895567594, 0.0, 0.021737972188182644, 0.010273288498673042
2007-07-09, 0.10438362330700325, 0.0, 0.03876720294630745, 0.271304884001747, 0.4898964557770379, 0.00825915389556758, 0.006862319006336213, 0.01598380307954606, 0.003995167749483961
2007-07-09, 0.07631551581135221, 0.02096069868995635, 0.031013762357045963, 0.19114662281941272, 0.33389590840669614, 0.00825915389556758, 0.009607246608870698, 0.012787042463636844, 0.002853691249631401
2007-07-09, 0.09475074503547505, 0.020960698689956116, 0.023260321767784472, 0.2497238136834261, 0.4269488664872508, 0.00825915389556758, 0.008234782807603456, 0.0166231552027279, 0.003995167749483961
2007-06-09, 0.10144437709597773, 0.02096069868995635, 0.015506881178522981, 0.25897284381984964, 0.48715960406878606, 0.0027530512985225316, 0.006862319006336213, 0.015344450956364216, 0.003995167749483961
2007-06-09, 0.07665056817294509, 0.0, 0.015506881178522981, 0.2158107031832079, 0.3448433152397026, 0.00825915389556758, 0.008234782807603456, 0.01598380307954606, 0.0045659059994102415
2007-06-09, 0.07665056817294509, 0.0, 0.015506881178522981, 0.2158107031832079, 0.3448433152397026, 0.00825915389556758, 0.008234782807603456, 0.01598380307954606, 0.0045659059994102415
2007-06-09, 0.07665056817294509, 0.0, 0.015506881178522981, 0.2158107031832079, 0.3448433152397026, 0.00825915389556758, 0.008234782807603456, 0.01598380307954606, 0.0045659059994102415
2007-06-09, 0.07665056817294509, 0.0, 0.015506881178522981, 0.2158107031832079, 0.3448433152397026, 0.00825915389556758, 0.008234782807603456, 0.01598380307954606, 0.0045659059994102415
2007-06-09, 0.07665056817294509, 0.0, 0.015506881178522981, 0.2158107031832079, 0.3448433152397026, 0.00825915389556758, 0.008234782807603456, 0.01598380307954606, 0.0045659059994102415
2007-06-09, 0.07665056817294509, 0.0, 0.015506881178522981, 0.2158107031832079, 0.3448433152397026, 0.00825915389556758, 0.008234782807603456, 0.01598380307954606, 0.0045659059994102415
2007-06-09, 0.07665056817294509, 0.0, 0.015506881178522981, 0.2158107031832079, 0.3448433152397026, 0.00825915389556758, 0.008234782807603456, 0.01598380307954606, 0.0045659059994102415
2007-06-09, 0.07665056817294509, 0.0, 0.015506881178522981, 0.2158107031832079, 0.3448433152397026, 0.00825915389556758, 0.008234782807603456, 0.01598380307954606, 0.0045659059994102415
2007-06-09, 0.07665056817294509, 0.0, 0.015506881178522981, 0.2158107031832079, 0.3448433152397026, 0.00825915389556758, 0.008234782807603456, 0.01598380307954606, 0.0045659059994102415
2007-06-09, 0.07665056817294509, 0.0, 0.015506881178522981, 0.2158107031832079, 0.3448433152397026, 0.00825915389556758, 0.008234782807603456, 0.01598380307954606, 0.0045659059994102415
2007-06-09, 0.09127890182981035, 0.37729257641921404, 0.023260321767784472, 0.1541505022737199, 0.1368425854125804, 0.011012205194090111, 0.0, 0.01854121157227343, 0.009131811998820483
2007-06-09, 0.08416422691633366, 0.02096069868995635, 0.0, 0.20656167304678463, 0.41600145965424434, 0.005506102597045063, 0.006862319006336213, 0.013426394586818687, 0.003995167749483961
2007-06-09, 0.19252623913228137, 0.20960698689956325, 0.062027524714091925, 0.5025306374123272, 0.725265702686676, 0.013765256492612642, 0.01372463801267241, 0.012147690340455, 0.0011414764998525604
2007-06-09, 0.03491987395471371, 0.1676855895196508, 0.023260321767784472, 0.04316214063664148, 0.008210555124754892, 0.005506102597045063, 0.0013724638012672426, 0.02045926794181896, 0.009702550248746764
2007-05-10, 0.032049877865984656, 0.0419213973799127, 0.046520643535568944, 0.12023739177350143, 0.01915796195776109, 0.0027530512985225316, 0.004117391403801728, 0.01598380307954606, 0.005707382499262802
2007-05-10, 0.14890139082502382, 0.2724890829694323, 0.06978096530335325, 0.25897284381984936, 0.5665283036080827, 0.005506102597045063, 0.005489855205068971, 0.009590281847727629, 0.002853691249631401
2007-05-10, 0.14890139082502382, 0.2724890829694323, 0.06978096530335325, 0.25897284381984936, 0.5665283036080827, 0.005506102597045063, 0.005489855205068971, 0.009590281847727629, 0.002853691249631401
2007-05-10, 0.14890139082502382, 0.2724890829694323, 0.06978096530335325, 0.25897284381984936, 0.5665283036080827, 0.005506102597045063, 0.005489855205068971, 0.009590281847727629, 0.002853691249631401
2007-05-10, 0.14890139082502382, 0.2724890829694323, 0.06978096530335325, 0.25897284381984936, 0.5665283036080827, 0.005506102597045063, 0.005489855205068971, 0.009590281847727629, 0.002853691249631401
2007-05-10, 0.14890139082502382, 0.2724890829694323, 0.06978096530335325, 0.25897284381984936, 0.5665283036080827, 0.005506102597045063, 0.005489855205068971, 0.009590281847727629, 0.002853691249631401
2007-05-10, 0.14890139082502382, 0.2724890829694323, 0.06978096530335325, 0.25897284381984936, 0.5665283036080827, 0.005506102597045063, 0.005489855205068971, 0.009590281847727629, 0.002853691249631401
2007-05-10, 0.14890139082502382, 0.2724890829694323, 0.06978096530335325, 0.25897284381984936, 0.5665283036080827, 0.005506102597045063, 0.005489855205068971, 0.009590281847727629, 0.002853691249631401
2007-05-10, 0.14890139082502382, 0.2724890829694323, 0.06978096530335325, 0.25897284381984936, 0.5665283036080827, 0.005506102597045063, 0.005489855205068971, 0.009590281847727629, 0.002853691249631401
2007-05-10, 0.14890139082502382, 0.2724890829694323, 0.06978096530335325, 0.25897284381984936, 0.5665283036080827, 0.005506102597045063, 0.005489855205068971, 0.009590281847727629, 0.002853691249631401
2007-05-10, 0.14890139082502382, 0.2724890829694323, 0.06978096530335325, 0.25897284381984936, 0.5665283036080827, 0.005506102597045063, 0.005489855205068971, 0.009590281847727629, 0.002853691249631401
2007-05-10, 0.029681009866045698, 0.02096069868995635, 0.007753440589261319, 0.04624515068211608, 0.1368425854125804, 0.0, 0.0027449276025344853, 0.0166231552027279, 0.006278120749189082
2007-05-10, 0.04111842721620722, 0.0, 0.015506881178522981, 0.07090923104591101, 0.21347443324362525, 0.005506102597045063, 0.005489855205068971, 0.01406574671000053, 0.003995167749483961
2007-05-10, 0.2638226708046803, 0.6707423580786027, 0.06978096530335359, 0.5672738483672892, 0.7553710714774438, 0.022024410388180236, 0.012352174211405184, 0.0044754648622729, 0.00856107374889419
2007-05-10, 0.0610493886788207, 0.1676855895196508, 0.062027524714091925, 0.14798448218277124, 0.07389499612279354, 0.00825915389556758, 0.0013724638012672426, 0.019180563695455274, 0.007990335498967922
2007-04-10, 0.048762867915258586, 0.0419213973799127, 0.0775344058926149, 0.0030830100454743324, 0.24631665374264458, 0.0027530512985225316, 0.0, 0.012787042463636844, 0.005707382499262802
2007-04-10, 0.14217210535606328, 0.06288209606986905, 0.10079472766039921, 0.38537625568429973, 0.5610546001915796, 0.008259153895567594, 0.006862319006336213, 0.012147690340455, 0.0
2007-04-10, 0.14217210535606328, 0.06288209606986905, 0.10079472766039921, 0.38537625568429973, 0.5610546001915796, 0.008259153895567594, 0.006862319006336213, 0.012147690340455, 0.0
2007-04-10, 0.14217210535606328, 0.06288209606986905, 0.10079472766039921, 0.38537625568429973, 0.5610546001915796, 0.008259153895567594, 0.006862319006336213, 0.012147690340455, 0.0
2007-04-10, 0.14217210535606328, 0.06288209606986905, 0.10079472766039921, 0.38537625568429973, 0.5610546001915796, 0.008259153895567594, 0.006862319006336213, 0.012147690340455, 0.0
2007-04-10, 0.14217210535606328, 0.06288209606986905, 0.10079472766039921, 0.38537625568429973, 0.5610546001915796, 0.008259153895567594, 0.006862319006336213, 0.012147690340455, 0.0
2007-04-10, 0.14217210535606328, 0.06288209606986905, 0.10079472766039921, 0.38537625568429973, 0.5610546001915796, 0.008259153895567594, 0.006862319006336213, 0.012147690340455, 0.0
2007-04-10, 0.14217210535606328, 0.06288209606986905, 0.10079472766039921, 0.38537625568429973, 0.5610546001915796, 0.008259153895567594, 0.006862319006336213, 0.012147690340455, 0.0
2007-04-10, 0.14217210535606328, 0.06288209606986905, 0.10079472766039921, 0.38537625568429973, 0.5610546001915796, 0.008259153895567594, 0.006862319006336213, 0.012147690340455, 0.0
2007-04-10, 0.14217210535606328, 0.06288209606986905, 0.10079472766039921, 0.38537625568429973, 0.5610546001915796, 0.008259153895567594, 0.006862319006336213, 0.012147690340455, 0.0
2007-04-10, 0.14217210535606328, 0.06288209606986905, 0.10079472766039921, 0.38537625568429973, 0.5610546001915796, 0.008259153895567594, 0.006862319006336213, 0.012147690340455, 0.0
2007-04-10, 0.062123746109787666, 0.14672489082969445, 0.12405504942818385, 0.024664080363795207, 0.17515850932810284, 0.0027530512985225316, 0.0013724638012672426, 0.01598380307954606, 0.006278120749189082
2007-04-10, 0.05745561928828142, 0.0838427947598254, 0.09304128707113789, 0.08015826118233428, 0.1778953610363544, 0.0, 0.0013724638012672426, 0.015344450956364216, 0.007990335498967922
2007-04-10, 0.07677805484007959, 0.06288209606986905, 0.12405504942818385, 0.08632428127328322, 0.31473794644893477, 0.0027530512985225316, 0.0, 0.0166231552027279, 0.006848858999115362
2007-04-10, 0.06161413612781911, 0.0, 0.08528784648187622, 0.09865632145518083, 0.29010628107467035, 0.0, 0.0013724638012672426, 0.01406574671000053, 0.003424429499557681
2007-03-11, 0.0501680636496225, 0.02096069868995635, 0.054274084124830264, 0.08015826118233428, 0.2298955434931353, 0.0, 0.0027449276025344853, 0.007032873355000258, 0.006278120749189082
2007-03-11, 0.17045816713233822, 0.27248908296943253, 0.0232603217677843, 0.3144670246383887, 0.7280025543949278, 0.011012205194090127, 0.0027449276025344853, 0.0025574084927273717, 0.009131811998820471
2007-03-11, 0.17045816713233822, 0.27248908296943253, 0.0232603217677843, 0.3144670246383887, 0.7280025543949278, 0.011012205194090127, 0.0027449276025344853, 0.0025574084927273717, 0.009131811998820471
2007-03-11, 0.17045816713233822, 0.27248908296943253, 0.0232603217677843, 0.3144670246383887, 0.7280025543949278, 0.011012205194090127, 0.0027449276025344853, 0.0025574084927273717, 0.009131811998820471
2007-03-11, 0.17045816713233822, 0.27248908296943253, 0.0232603217677843, 0.3144670246383887, 0.7280025543949278, 0.011012205194090127, 0.0027449276025344853, 0.0025574084927273717, 0.009131811998820471
2007-03-11, 0.17045816713233822, 0.27248908296943253, 0.0232603217677843, 0.3144670246383887, 0.7280025543949278, 0.011012205194090127, 0.0027449276025344853, 0.0025574084927273717, 0.009131811998820471
2007-03-11, 0.17045816713233822, 0.27248908296943253, 0.0232603217677843, 0.3144670246383887, 0.7280025543949278, 0.011012205194090127, 0.0027449276025344853, 0.0025574084927273717, 0.009131811998820471
2007-03-11, 0.17045816713233822, 0.27248908296943253, 0.0232603217677843, 0.3144670246383887, 0.7280025543949278, 0.011012205194090127, 0.0027449276025344853, 0.0025574084927273717, 0.009131811998820471
2007-03-11, 0.17045816713233822, 0.27248908296943253, 0.0232603217677843, 0.3144670246383887, 0.7280025543949278, 0.011012205194090127, 0.0027449276025344853, 0.0025574084927273717, 0.009131811998820471
2007-03-11, 0.17045816713233822, 0.27248908296943253, 0.0232603217677843, 0.3144670246383887, 0.7280025543949278, 0.011012205194090127, 0.0027449276025344853, 0.0025574084927273717, 0.009131811998820471
2007-03-11, 0.17045816713233822, 0.27248908296943253, 0.0232603217677843, 0.3144670246383887, 0.7280025543949278, 0.011012205194090127, 0.0027449276025344853, 0.0025574084927273717, 0.009131811998820471
2007-03-11, 0.06393988119748382, 0.0838427947598254, 0.054274084124830264, 0.08324127122780889, 0.2736851708251608, 0.0027530512985225165, 0.0, 0.010868986094091315, 0.002853691249631401
2007-03-11, 0.04877579598443885, 0.10480349344978128, 0.031013762357045963, 0.021581070318320874, 0.21894813666012886, 0.0, 0.0, 0.012147690340455, 0.0017122147497788405
2007-03-11, 0.048078547890954365, 0.0, 0.06202752471409158, 0.033913110500218474, 0.27094831911690925, 0.0027530512985225316, 0.004117391403801728, 0.010868986094091315, 0.0
2007-03-11, 0.03496491641174389, 0.0419213973799127, 0.054274084124830264, 0.0030830100454743324, 0.16421110249509663, 0.0027530512985225165, 0.0027449276025344853, 0.009590281847727629, 0.0011414764998525604
2007-02-09, 0.05834484181936977, 0.2515283842794757, 0.015506881178522981, 0.00924903013642327, 0.17515850932810306, 0.0027530512985225316, 0.0027449276025344853, 0.006393521231818415, 0.003424429499557681
2007-02-09, 0.19305692039454092, 0.3982532751091702, 0.007753440589261662, 0.3792102355933508, 0.7307394061031796, 0.013765256492612657, 0.004117391403801728, 0.0031967606159092003, 0.007419597249041642
2007-02-09, 0.19305692039454092, 0.3982532751091702, 0.007753440589261662, 0.3792102355933508, 0.7307394061031796, 0.013765256492612657, 0.004117391403801728, 0.0031967606159092003, 0.007419597249041642
2007-02-09, 0.19305692039454092, 0.3982532751091702, 0.007753440589261662, 0.3792102355933508, 0.7307394061031796, 0.013765256492612657, 0.004117391403801728, 0.0031967606159092003, 0.007419597249041642
2007-02-09, 0.19305692039454092, 0.3982532751091702, 0.007753440589261662, 0.3792102355933508, 0.7307394061031796, 0.013765256492612657, 0.004117391403801728, 0.0031967606159092003, 0.007419597249041642
2007-02-09, 0.19305692039454092, 0.3982532751091702, 0.007753440589261662, 0.3792102355933508, 0.7307394061031796, 0.013765256492612657, 0.004117391403801728, 0.0031967606159092003, 0.007419597249041642
2007-02-09, 0.19305692039454092, 0.3982532751091702, 0.007753440589261662, 0.3792102355933508, 0.7307394061031796, 0.013765256492612657, 0.004117391403801728, 0.0031967606159092003, 0.007419597249041642
2007-02-09, 0.19305692039454092, 0.3982532751091702, 0.007753440589261662, 0.3792102355933508, 0.7307394061031796, 0.013765256492612657, 0.004117391403801728, 0.0031967606159092003, 0.007419597249041642
2007-02-09, 0.19305692039454092, 0.3982532751091702, 0.007753440589261662, 0.3792102355933508, 0.7307394061031796, 0.013765256492612657, 0.004117391403801728, 0.0031967606159092003, 0.007419597249041642
2007-02-09, 0.19305692039454092, 0.3982532751091702, 0.007753440589261662, 0.3792102355933508, 0.7307394061031796, 0.013765256492612657, 0.004117391403801728, 0.0031967606159092003, 0.007419597249041642
2007-02-09, 0.19305692039454092, 0.3982532751091702, 0.007753440589261662, 0.3792102355933508, 0.7307394061031796, 0.013765256492612657, 0.004117391403801728, 0.0031967606159092003, 0.007419597249041642
2007-02-09, 0.058721616709413345, 0.2724890829694321, 0.0232603217677843, 0.049328160727590414, 0.10400036491356132, 0.005506102597045063, 0.0027449276025344853, 0.009590281847727629, 0.002853691249631401
2007-02-09, 0.030552696158296137, 0.10480349344978128, 0.007753440589261662, 0.12023739177350143, 0.0, 0.0, 0.0027449276025344853, 0.008311577601363944, 0.0005707382499262802
2007-02-09, 0.32952269320558636, 0.7545851528384276, 0.06978096530335325, 0.7399224109138554, 1.0153719837613469, 0.0275305129852253, 0.009607246608870683, 0.005114816985454743, 0.014268456248156992
2007-02-09, 0.08306493386292206, 0.23056768558951937, 0.03876720294630762, 0.08940729131875755, 0.2818957259499157, 0.008259153895567594, 0.0027449276025344853, 0.008311577601363944, 0.0045659059994102415
2007-01-10, 0.047137850605542236, 0.14672489082969398, 0.054274084124830264, 0.13256943195539903, 0.02463166537426468, 0.0027530512985225316, 0.004117391403801728, 0.005754169108636572, 0.006278120749189069
2007-01-10, 0.20430921712070982, 0.4401746724890829, 0.06202752471409158, 0.3792102355933511, 0.7252657026866762, 0.019271359089657707, 0.004117391403801728, 0.003836112739091043, 0.0005707382499262802
2007-01-10, 0.20430921712070982, 0.4401746724890829, 0.06202752471409158, 0.3792102355933511, 0.7252657026866762, 0.019271359089657707, 0.004117391403801728, 0.003836112739091043, 0.0005707382499262802
2007-01-10, 0.20430921712070982, 0.4401746724890829, 0.06202752471409158, 0.3792102355933511, 0.7252657026866762, 0.019271359089657707, 0.004117391403801728, 0.003836112739091043, 0.0005707382499262802
2007-01-10, 0.20430921712070982, 0.4401746724890829, 0.06202752471409158, 0.3792102355933511, 0.7252657026866762, 0.019271359089657707, 0.004117391403801728, 0.003836112739091043, 0.0005707382499262802
2007-01-10, 0.20430921712070982, 0.4401746724890829, 0.06202752471409158, 0.3792102355933511, 0.7252657026866762, 0.019271359089657707, 0.004117391403801728, 0.003836112739091043, 0.0005707382499262802
2007-01-10, 0.20430921712070982, 0.4401746724890829, 0.06202752471409158, 0.3792102355933511, 0.7252657026866762, 0.019271359089657707, 0.004117391403801728, 0.003836112739091043, 0.0005707382499262802
2007-01-10, 0.20430921712070982, 0.4401746724890829, 0.06202752471409158, 0.3792102355933511, 0.7252657026866762, 0.019271359089657707, 0.004117391403801728, 0.003836112739091043, 0.0005707382499262802
2007-01-10, 0.20430921712070982, 0.4401746724890829, 0.06202752471409158, 0.3792102355933511, 0.7252657026866762, 0.019271359089657707, 0.004117391403801728, 0.003836112739091043, 0.0005707382499262802
2007-01-10, 0.20430921712070982, 0.4401746724890829, 0.06202752471409158, 0.3792102355933511, 0.7252657026866762, 0.019271359089657707, 0.004117391403801728, 0.003836112739091043, 0.0005707382499262802
2007-01-10, 0.20430921712070982, 0.4401746724890829, 0.06202752471409158, 0.3792102355933511, 0.7252657026866762, 0.019271359089657707, 0.004117391403801728, 0.003836112739091043, 0.0005707382499262802
2007-01-10, 0.03261318871668333, 0.06288209606986905, 0.0465206435355686, 0.1264034118644501, 0.002736851708251793, 0.0, 0.005489855205068971, 0.008311577601363944, 0.00856107374889419
2007-01-10, 0.035814358269494605, 0.06288209606986905, 0.07753440589261457, 0.12023739177350143, 0.008210555124754892, 0.00825915389556758, 0.004117391403801728, 0.0012787042463636858, 0.003995167749483949
2007-01-10, 0.026262252305911112, 0.02096069868995635, 0.07753440589261457, 0.05857719086401341, 0.03557907220727088, 0.0027530512985225316, 0.0068623190063361985, 0.003836112739091043, 0.003995167749483949
2007-01-10, 0.05035822445704999, 0.1886462882096067, 0.007753440589261319, 0.0339131105002182, 0.15600054737034175, 0.00825915389556758, 0.0027449276025344853, 0.003836112739091043, 0.0017122147497788279
2006-12-11, 0.040430678087006594, 0.06288209606986858, 0.06978096530335325, 0.05857719086401341, 0.10126351320530953, 0.0027530512985225316, 0.0068623190063361985, 0.017901859449091572, 0.0034244294995576683
2006-12-11, 0.20092543947749164, 0.4192139737991265, 0.015506881178522981, 0.3422141150476583, 0.8018975505177214, 0.011012205194090111, 0.0, 0.014705098833182372, 0.002853691249631401
2006-12-11, 0.20092543947749164, 0.4192139737991265, 0.015506881178522981, 0.3422141150476583, 0.8018975505177214, 0.011012205194090111, 0.0, 0.014705098833182372, 0.002853691249631401
2006-12-11, 0.20092543947749164, 0.4192139737991265, 0.015506881178522981, 0.3422141150476583, 0.8018975505177214, 0.011012205194090111, 0.0, 0.014705098833182372, 0.002853691249631401
2006-12-11, 0.20092543947749164, 0.4192139737991265, 0.015506881178522981, 0.3422141150476583, 0.8018975505177214, 0.011012205194090111, 0.0, 0.014705098833182372, 0.002853691249631401
2006-12-11, 0.20092543947749164, 0.4192139737991265, 0.015506881178522981, 0.3422141150476583, 0.8018975505177214, 0.011012205194090111, 0.0, 0.014705098833182372, 0.002853691249631401
2006-12-11, 0.20092543947749164, 0.4192139737991265, 0.015506881178522981, 0.3422141150476583, 0.8018975505177214, 0.011012205194090111, 0.0, 0.014705098833182372, 0.002853691249631401
2006-12-11, 0.20092543947749164, 0.4192139737991265, 0.015506881178522981, 0.3422141150476583, 0.8018975505177214, 0.011012205194090111, 0.0, 0.014705098833182372, 0.002853691249631401
2006-12-11, 0.20092543947749164, 0.4192139737991265, 0.015506881178522981, 0.3422141150476583, 0.8018975505177214, 0.011012205194090111, 0.0, 0.014705098833182372, 0.002853691249631401
2006-12-11, 0.20092543947749164, 0.4192139737991265, 0.015506881178522981, 0.3422141150476583, 0.8018975505177214, 0.011012205194090111, 0.0, 0.014705098833182372, 0.002853691249631401
2006-12-11, 0.20092543947749164, 0.4192139737991265, 0.015506881178522981, 0.3422141150476583, 0.8018975505177214, 0.011012205194090111, 0.0, 0.014705098833182372, 0.002853691249631401
2006-12-11, 0.03864066594496553, 0.06288209606986858, 0.07753440589261457, 0.09249030136423189, 0.038315923915522666, 0.0027530512985225316, 0.005489855205068971, 0.021098620065000788, 0.00856107374889419
2006-12-11, 0.3288820562515418, 0.7126637554585149, 0.007753440589261319, 0.7769185314595485, 1.0755827213428821, 0.024777461686702754, 0.01372463801267241, 0.012787042463636844, 0.006848858999115362
2006-12-11, 0.07230798105595529, 0.1886462882096067, 0.054274084124830264, 0.05241117077306502, 0.2545272088673997, 0.0027530512985225165, 0.0027449276025344853, 0.018541211572273415, 0.0045659059994102285
2006-12-11, 0.10221763696486733, 0.23056768558951937, 0.054274084124830264, 0.12023739177350169, 0.3886329425717283, 0.005506102597045048, 0.0027449276025344853, 0.01406574671000053, 0.0017122147497788405
2006-11-11, 0.044794800751897706, 0.02096069868995635, 0.13180849001744516, 0.07399224109138534, 0.09578980978880643, 0.0027530512985225316, 0.00823478280760344, 0.018541211572273415, 0.006278120749189069
2006-11-11, 0.2068671890525175, 0.3772925764192138, 0.0465206435355686, 0.3977082958661974, 0.801897550517721, 0.011012205194090111, 0.0013724638012672426, 0.013426394586818687, 0.005707382499262802
2006-11-11, 0.2068671890525175, 0.3772925764192138, 0.0465206435355686, 0.3977082958661974, 0.801897550517721, 0.011012205194090111, 0.0013724638012672426, 0.013426394586818687, 0.005707382499262802
2006-11-11, 0.2068671890525175, 0.3772925764192138, 0.0465206435355686, 0.3977082958661974, 0.801897550517721, 0.011012205194090111, 0.0013724638012672426, 0.013426394586818687, 0.005707382499262802
2006-11-11, 0.2068671890525175, 0.3772925764192138, 0.0465206435355686, 0.3977082958661974, 0.801897550517721, 0.011012205194090111, 0.0013724638012672426, 0.013426394586818687, 0.005707382499262802
2006-11-11, 0.2068671890525175, 0.3772925764192138, 0.0465206435355686, 0.3977082958661974, 0.801897550517721, 0.011012205194090111, 0.0013724638012672426, 0.013426394586818687, 0.005707382499262802
2006-11-11, 0.2068671890525175, 0.3772925764192138, 0.0465206435355686, 0.3977082958661974, 0.801897550517721, 0.011012205194090111, 0.0013724638012672426, 0.013426394586818687, 0.005707382499262802
2006-11-11, 0.2068671890525175, 0.3772925764192138, 0.0465206435355686, 0.3977082958661974, 0.801897550517721, 0.011012205194090111, 0.0013724638012672426, 0.013426394586818687, 0.005707382499262802
2006-11-11, 0.2068671890525175, 0.3772925764192138, 0.0465206435355686, 0.3977082958661974, 0.801897550517721, 0.011012205194090111, 0.0013724638012672426, 0.013426394586818687, 0.005707382499262802
2006-11-11, 0.2068671890525175, 0.3772925764192138, 0.0465206435355686, 0.3977082958661974, 0.801897550517721, 0.011012205194090111, 0.0013724638012672426, 0.013426394586818687, 0.005707382499262802
2006-11-11, 0.2068671890525175, 0.3772925764192138, 0.0465206435355686, 0.3977082958661974, 0.801897550517721, 0.011012205194090111, 0.0013724638012672426, 0.013426394586818687, 0.005707382499262802
2006-11-11, 0.04084960206337721, 0.02096069868995635, 0.10079472766039921, 0.04624515068211581, 0.12315832687132242, 0.005506102597045063, 0.00823478280760344, 0.017901859449091572, 0.003995167749483949
2006-11-11, 0.03149904796727077, 0.0, 0.10854816824966053, 0.09557331140970622, 0.010947406833006441, 0.0027530512985225316, 0.0068623190063361985, 0.020459267941818945, 0.00684885899911535
2006-11-11, 0.34217507069430786, 0.6288209606986898, 0.0232603217677843, 0.8539937825964083, 1.1768462345481914, 0.024777461686702754, 0.010979710410137941, 0.009590281847727629, 0.009131811998820483
2006-11-11, 0.1034953649876015, 0.14672489082969398, 0.10854816824966053, 0.13565244200087365, 0.41052775623774124, 0.0027530512985225316, 0.005489855205068971, 0.01598380307954606, 0.002282952999705108
2006-10-12, 0.06929147652753082, 0.06288209606986905, 0.16282225237449113, 0.1079053515916041, 0.1368425854125804, 0.005506102597045048, 0.009607246608870698, 0.018541211572273415, 0.050224965993512616
2006-10-12, 0.19782987673414185, 0.3772925764192138, 0.11630160883892218, 0.403874315957146, 0.6212653377731149, 0.008259153895567594, 0.004117391403801728, 0.012147690340455, 0.03938093924491332
2006-10-12, 0.19782987673414185, 0.3772925764192138, 0.11630160883892218, 0.403874315957146, 0.6212653377731149, 0.008259153895567594, 0.004117391403801728, 0.012147690340455, 0.03938093924491332
2006-10-12, 0.19782987673414185, 0.3772925764192138, 0.11630160883892218, 0.403874315957146, 0.6212653377731149, 0.008259153895567594, 0.004117391403801728, 0.012147690340455, 0.03938093924491332
2006-10-12, 0.19782987673414185, 0.3772925764192138, 0.11630160883892218, 0.403874315957146, 0.6212653377731149, 0.008259153895567594, 0.004117391403801728, 0.012147690340455, 0.03938093924491332
2006-10-12, 0.19782987673414185, 0.3772925764192138, 0.11630160883892218, 0.403874315957146, 0.6212653377731149, 0.008259153895567594, 0.004117391403801728, 0.012147690340455, 0.03938093924491332
2006-10-12, 0.19782987673414185, 0.3772925764192138, 0.11630160883892218, 0.403874315957146, 0.6212653377731149, 0.008259153895567594, 0.004117391403801728, 0.012147690340455, 0.03938093924491332
2006-10-12, 0.19782987673414185, 0.3772925764192138, 0.11630160883892218, 0.403874315957146, 0.6212653377731149, 0.008259153895567594, 0.004117391403801728, 0.012147690340455, 0.03938093924491332
2006-10-12, 0.19782987673414185, 0.3772925764192138, 0.11630160883892218, 0.403874315957146, 0.6212653377731149, 0.008259153895567594, 0.004117391403801728, 0.012147690340455, 0.03938093924491332
2006-10-12, 0.19782987673414185, 0.3772925764192138, 0.11630160883892218, 0.403874315957146, 0.6212653377731149, 0.008259153895567594, 0.004117391403801728, 0.012147690340455, 0.03938093924491332
2006-10-12, 0.19782987673414185, 0.3772925764192138, 0.11630160883892218, 0.403874315957146, 0.6212653377731149, 0.008259153895567594, 0.004117391403801728, 0.012147690340455, 0.03938093924491332
2006-10-12, 0.07764895479862755, 0.0838427947598254, 0.15506881178522947, 0.12640341186445037, 0.17515850932810306, 0.0027530512985225165, 0.010979710410137926, 0.017901859449091572, 0.04908348949366006
2006-10-12, 0.3341927602750353, 0.6917030567685588, 0.13180849001744516, 0.8447447524599851, 0.927792729097295, 0.022024410388180236, 0.006862319006336213, 0.011508338217273158, 0.0370979862452082
2006-10-12, 0.09378728754190715, 0.1676855895196508, 0.18608257414227544, 0.1171543817280271, 0.20252702641061882, 0.0, 0.012352174211405168, 0.01598380307954606, 0.048512751243733776
2006-10-12, 0.05629823512623144, 0.2096069868995635, 0.13180849001744516, 0.015415050227371935, 0.024631665374264432, 0.0, 0.010979710410137926, 0.013426394586818687, 0.04451758349424983
2006-09-12, 0.04950638389860024, 0.06288209606986905, 0.10079472766039921, 0.06474321095496234, 0.10126351320530953, 0.005506102597045063, 0.009607246608870683, 0.009590281847727629, 0.04166389224461843
2006-09-12, 0.18211624242369492, 0.2724890829694321, 0.10079472766039921, 0.4285383963209412, 0.5884231172740958, 0.016518307791135174, 0.004117391403801728, 0.008950929724545786, 0.0370979862452082
2006-09-12, 0.18211624242369492, 0.2724890829694321, 0.10079472766039921, 0.4285383963209412, 0.5884231172740958, 0.016518307791135174, 0.004117391403801728, 0.008950929724545786, 0.0370979862452082
2006-09-12, 0.18211624242369492, 0.2724890829694321, 0.10079472766039921, 0.4285383963209412, 0.5884231172740958, 0.016518307791135174, 0.004117391403801728, 0.008950929724545786, 0.0370979862452082
2006-09-12, 0.18211624242369492, 0.2724890829694321, 0.10079472766039921, 0.4285383963209412, 0.5884231172740958, 0.016518307791135174, 0.004117391403801728, 0.008950929724545786, 0.0370979862452082
2006-09-12, 0.18211624242369492, 0.2724890829694321, 0.10079472766039921, 0.4285383963209412, 0.5884231172740958, 0.016518307791135174, 0.004117391403801728, 0.008950929724545786, 0.0370979862452082
2006-09-12, 0.18211624242369492, 0.2724890829694321, 0.10079472766039921, 0.4285383963209412, 0.5884231172740958, 0.016518307791135174, 0.004117391403801728, 0.008950929724545786, 0.0370979862452082
2006-09-12, 0.18211624242369492, 0.2724890829694321, 0.10079472766039921, 0.4285383963209412, 0.5884231172740958, 0.016518307791135174, 0.004117391403801728, 0.008950929724545786, 0.0370979862452082
2006-09-12, 0.18211624242369492, 0.2724890829694321, 0.10079472766039921, 0.4285383963209412, 0.5884231172740958, 0.016518307791135174, 0.004117391403801728, 0.008950929724545786, 0.0370979862452082
2006-09-12, 0.18211624242369492, 0.2724890829694321, 0.10079472766039921, 0.4285383963209412, 0.5884231172740958, 0.016518307791135174, 0.004117391403801728, 0.008950929724545786, 0.0370979862452082
2006-09-12, 0.18211624242369492, 0.2724890829694321, 0.10079472766039921, 0.4285383963209412, 0.5884231172740958, 0.016518307791135174, 0.004117391403801728, 0.008950929724545786, 0.0370979862452082
2006-09-12, 0.05390851039621794, 0.06288209606986905, 0.11630160883892218, 0.09557331140970622, 0.08757925466405153, 0.0027530512985225316, 0.00823478280760344, 0.013426394586818687, 0.04451758349424983
2006-09-12, 0.06542100788534971, 0.0838427947598254, 0.14731537119596816, 0.11098836163707843, 0.11494777174656752, 0.005506102597045063, 0.00823478280760344, 0.010868986094091315, 0.04166389224461843
2006-09-12, 0.06340868657974602, 0.0, 0.1240550494281835, 0.13256943195539903, 0.18063221274460617, 0.005506102597045063, 0.005489855205068971, 0.012787042463636844, 0.04622979824402867
2006-09-12, 0.09847469515373741, 0.0419213973799127, 0.17057569296375244, 0.20347866300131032, 0.2928431327829221, 0.00825915389556758, 0.0068623190063361985, 0.015344450956364216, 0.048512751243733776
2006-08-13, 0.056121445710421006, 0.0, 0.10854816824966086, 0.11098836163707843, 0.1587373990785933, 0.0027530512985225165, 0.012352174211405168, 0.012787042463636844, 0.04280536874447099
2006-08-13, 0.1887643591627923, 0.2096069868995635, 0.08528784648187622, 0.5179456876396987, 0.6294758928978699, 0.005506102597045063, 0.005489855205068971, 0.013426394586818687, 0.04337610699439727
2006-08-13, 0.1887643591627923, 0.2096069868995635, 0.08528784648187622, 0.5179456876396987, 0.6294758928978699, 0.005506102597045063, 0.005489855205068971, 0.013426394586818687, 0.04337610699439727
2006-08-13, 0.1887643591627923, 0.2096069868995635, 0.08528784648187622, 0.5179456876396987, 0.6294758928978699, 0.005506102597045063, 0.005489855205068971, 0.013426394586818687, 0.04337610699439727
2006-08-13, 0.1887643591627923, 0.2096069868995635, 0.08528784648187622, 0.5179456876396987, 0.6294758928978699, 0.005506102597045063, 0.005489855205068971, 0.013426394586818687, 0.04337610699439727
2006-08-13, 0.1887643591627923, 0.2096069868995635, 0.08528784648187622, 0.5179456876396987, 0.6294758928978699, 0.005506102597045063, 0.005489855205068971, 0.013426394586818687, 0.04337610699439727
2006-08-13, 0.1887643591627923, 0.2096069868995635, 0.08528784648187622, 0.5179456876396987, 0.6294758928978699, 0.005506102597045063, 0.005489855205068971, 0.013426394586818687, 0.04337610699439727
2006-08-13, 0.1887643591627923, 0.2096069868995635, 0.08528784648187622, 0.5179456876396987, 0.6294758928978699, 0.005506102597045063, 0.005489855205068971, 0.013426394586818687, 0.04337610699439727
2006-08-13, 0.1887643591627923, 0.2096069868995635, 0.08528784648187622, 0.5179456876396987, 0.6294758928978699, 0.005506102597045063, 0.005489855205068971, 0.013426394586818687, 0.04337610699439727
2006-08-13, 0.1887643591627923, 0.2096069868995635, 0.08528784648187622, 0.5179456876396987, 0.6294758928978699, 0.005506102597045063, 0.005489855205068971, 0.013426394586818687, 0.04337610699439727
2006-08-13, 0.1887643591627923, 0.2096069868995635, 0.08528784648187622, 0.5179456876396987, 0.6294758928978699, 0.005506102597045063, 0.005489855205068971, 0.013426394586818687, 0.04337610699439727
2006-08-13, 0.07526842446888353, 0.14672489082969398, 0.11630160883892218, 0.11407137168255276, 0.14505314053733528, 0.00825915389556758, 0.01372463801267241, 0.01406574671000053, 0.043946845244323546
2006-08-13, 0.08358275227947443, 0.08384279475982494, 0.10079472766039921, 0.18189759268298944, 0.21073758153537395, 0.00825915389556758, 0.01372463801267241, 0.019180563695455257, 0.050224965993512616
2006-08-13, 0.04045551555514061, 0.02096069868995635, 0.08528784648187622, 0.09249030136423189, 0.05200018245678066, 0.005506102597045048, 0.01372463801267241, 0.010868986094091315, 0.04280536874447099
2006-08-13, 0.041007115387122824, 0.08384279475982494, 0.08528784648187622, 0.033913110500218474, 0.04652647904027732, 0.00825915389556758, 0.012352174211405168, 0.012787042463636844, 0.04508832174417611
2006-07-14, 0.06137107298847643, 0.20960698689956303, 0.06978096530335359, 0.05857719086401368, 0.09852666149705773, 0.013765256492612657, 0.01372463801267241, 0.012147690340455, 0.014839194498083273
2006-07-14, 0.13750487391767352, 0.10480349344978175, 0.046520643535568944, 0.4377874264573645, 0.454317383569767, 0.022024410388180236, 0.009607246608870683, 0.014705098833182372, 0.01027328849867303
2006-07-14, 0.13750487391767352, 0.10480349344978175, 0.046520643535568944, 0.4377874264573645, 0.454317383569767, 0.022024410388180236, 0.009607246608870683, 0.014705098833182372, 0.01027328849867303
2006-07-14, 0.13750487391767352, 0.10480349344978175, 0.046520643535568944, 0.4377874264573645, 0.454317383569767, 0.022024410388180236, 0.009607246608870683, 0.014705098833182372, 0.01027328849867303
2006-07-14, 0.13750487391767352, 0.10480349344978175, 0.046520643535568944, 0.4377874264573645, 0.454317383569767, 0.022024410388180236, 0.009607246608870683, 0.014705098833182372, 0.01027328849867303
2006-07-14, 0.13750487391767352, 0.10480349344978175, 0.046520643535568944, 0.4377874264573645, 0.454317383569767, 0.022024410388180236, 0.009607246608870683, 0.014705098833182372, 0.01027328849867303
2006-07-14, 0.13750487391767352, 0.10480349344978175, 0.046520643535568944, 0.4377874264573645, 0.454317383569767, 0.022024410388180236, 0.009607246608870683, 0.014705098833182372, 0.01027328849867303
2006-07-14, 0.13750487391767352, 0.10480349344978175, 0.046520643535568944, 0.4377874264573645, 0.454317383569767, 0.022024410388180236, 0.009607246608870683, 0.014705098833182372, 0.01027328849867303
2006-07-14, 0.13750487391767352, 0.10480349344978175, 0.046520643535568944, 0.4377874264573645, 0.454317383569767, 0.022024410388180236, 0.009607246608870683, 0.014705098833182372, 0.01027328849867303
2006-07-14, 0.13750487391767352, 0.10480349344978175, 0.046520643535568944, 0.4377874264573645, 0.454317383569767, 0.022024410388180236, 0.009607246608870683, 0.014705098833182372, 0.01027328849867303
2006-07-14, 0.13750487391767352, 0.10480349344978175, 0.046520643535568944, 0.4377874264573645, 0.454317383569767, 0.022024410388180236, 0.009607246608870683, 0.014705098833182372, 0.01027328849867303
2006-07-14, 0.06682438393524028, 0.23056768558951937, 0.046520643535568944, 0.06782622100043695, 0.1341057337043286, 0.013765256492612657, 0.015097101813939653, 0.009590281847727629, 0.01712214749778838
2006-07-14, 0.08338631238934127, 0.20960698689956303, 0.031013762357045963, 0.15106749222824556, 0.2244218400766317, 0.013765256492612657, 0.012352174211405168, 0.008311577601363944, 0.0165514092478621
2006-07-14, 0.05208483533628049, 0.2934497816593884, 0.054274084124830604, 0.006166020090948939, 0.010947406833006441, 0.005506102597045063, 0.01784202941647414, 0.010229633970909473, 0.018263623997640942
2006-07-14, 0.06339205556742314, 0.33537117903930114, 0.06978096530335359, 0.03699612054569281, 0.013684258541258236, 0.008259153895567594, 0.016469565615206898, 0.008311577601363944, 0.018263623997640942
2006-06-14, 0.07636790199440321, 0.27248908296943253, 0.1395619306067065, 0.06782622100043668, 0.07936869953929665, 0.008259153895567594, 0.019214493217741383, 0.0076722254781821, 0.0165514092478621
2006-06-14, 0.12780324002575216, 0.1257641921397381, 0.06978096530335325, 0.3144670246383885, 0.44336997673676054, 0.0275305129852253, 0.015097101813939653, 0.012147690340455, 0.014268456248156992
2006-06-14, 0.12780324002575216, 0.1257641921397381, 0.06978096530335325, 0.3144670246383885, 0.44336997673676054, 0.0275305129852253, 0.015097101813939653, 0.012147690340455, 0.014268456248156992
2006-06-14, 0.12780324002575216, 0.1257641921397381, 0.06978096530335325, 0.3144670246383885, 0.44336997673676054, 0.0275305129852253, 0.015097101813939653, 0.012147690340455, 0.014268456248156992
2006-06-14, 0.12780324002575216, 0.1257641921397381, 0.06978096530335325, 0.3144670246383885, 0.44336997673676054, 0.0275305129852253, 0.015097101813939653, 0.012147690340455, 0.014268456248156992
2006-06-14, 0.12780324002575216, 0.1257641921397381, 0.06978096530335325, 0.3144670246383885, 0.44336997673676054, 0.0275305129852253, 0.015097101813939653, 0.012147690340455, 0.014268456248156992
2006-06-14, 0.12780324002575216, 0.1257641921397381, 0.06978096530335325, 0.3144670246383885, 0.44336997673676054, 0.0275305129852253, 0.015097101813939653, 0.012147690340455, 0.014268456248156992
2006-06-14, 0.12780324002575216, 0.1257641921397381, 0.06978096530335325, 0.3144670246383885, 0.44336997673676054, 0.0275305129852253, 0.015097101813939653, 0.012147690340455, 0.014268456248156992
2006-06-14, 0.12780324002575216, 0.1257641921397381, 0.06978096530335325, 0.3144670246383885, 0.44336997673676054, 0.0275305129852253, 0.015097101813939653, 0.012147690340455, 0.014268456248156992
2006-06-14, 0.12780324002575216, 0.1257641921397381, 0.06978096530335325, 0.3144670246383885, 0.44336997673676054, 0.0275305129852253, 0.015097101813939653, 0.012147690340455, 0.014268456248156992
2006-06-14, 0.12780324002575216, 0.1257641921397381, 0.06978096530335325, 0.3144670246383885, 0.44336997673676054, 0.0275305129852253, 0.015097101813939653, 0.012147690340455, 0.014268456248156992
2006-06-14, 0.061922940128316145, 0.2096069868995635, 0.09304128707113789, 0.04624515068211608, 0.09031610637230285, 0.013765256492612657, 0.01784202941647414, 0.010868986094091315, 0.013697717998230712
2006-06-14, 0.08804576096522898, 0.2515283842794762, 0.09304128707113789, 0.12332040181897604, 0.1778953610363544, 0.016518307791135174, 0.016469565615206898, 0.0044754648622729, 0.021117315247272343
2006-06-14, 0.05286912972561773, 0.1676855895196508, 0.11630160883892218, 0.027747090409269537, 0.054737034165032214, 0.016518307791135174, 0.016469565615206898, 0.011508338217273158, 0.011985503248451872
2006-06-14, 0.06677410372097206, 0.18864628820960713, 0.10854816824966086, 0.06474321095496234, 0.11768462345481931, 0.013765256492612657, 0.015097101813939653, 0.010868986094091315, 0.014839194498083273
2006-05-15, 0.07277539155952158, 0.06288209606986905, 0.031013762357045963, 0.33913110500218396, 0.07936869953929665, 0.019271359089657707, 0.016469565615206898, 0.024934732804091846, 0.009131811998820471
2006-05-15, 0.11203960831171066, 0.2934497816593889, 0.046520643535568944, 0.08632428127328322, 0.39136979427997987, 0.0275305129852253, 0.012352174211405168, 0.02621343705045553, 0.01255624149837815
2006-05-15, 0.11203960831171066, 0.2934497816593889, 0.046520643535568944, 0.08632428127328322, 0.39136979427997987, 0.0275305129852253, 0.012352174211405168, 0.02621343705045553, 0.01255624149837815
2006-05-15, 0.11203960831171066, 0.2934497816593889, 0.046520643535568944, 0.08632428127328322, 0.39136979427997987, 0.0275305129852253, 0.012352174211405168, 0.02621343705045553, 0.01255624149837815
2006-05-15, 0.11203960831171066, 0.2934497816593889, 0.046520643535568944, 0.08632428127328322, 0.39136979427997987, 0.0275305129852253, 0.012352174211405168, 0.02621343705045553, 0.01255624149837815
2006-05-15, 0.11203960831171066, 0.2934497816593889, 0.046520643535568944, 0.08632428127328322, 0.39136979427997987, 0.0275305129852253, 0.012352174211405168, 0.02621343705045553, 0.01255624149837815
2006-05-15, 0.11203960831171066, 0.2934497816593889, 0.046520643535568944, 0.08632428127328322, 0.39136979427997987, 0.0275305129852253, 0.012352174211405168, 0.02621343705045553, 0.01255624149837815
2006-05-15, 0.11203960831171066, 0.2934497816593889, 0.046520643535568944, 0.08632428127328322, 0.39136979427997987, 0.0275305129852253, 0.012352174211405168, 0.02621343705045553, 0.01255624149837815
2006-05-15, 0.11203960831171066, 0.2934497816593889, 0.046520643535568944, 0.08632428127328322, 0.39136979427997987, 0.0275305129852253, 0.012352174211405168, 0.02621343705045553, 0.01255624149837815
2006-05-15, 0.11203960831171066, 0.2934497816593889, 0.046520643535568944, 0.08632428127328322, 0.39136979427997987, 0.0275305129852253, 0.012352174211405168, 0.02621343705045553, 0.01255624149837815
2006-05-15, 0.11203960831171066, 0.2934497816593889, 0.046520643535568944, 0.08632428127328322, 0.39136979427997987, 0.0275305129852253, 0.012352174211405168, 0.02621343705045553, 0.01255624149837815
2006-05-15, 0.05129617050646809, 0.0, 0.015506881178522981, 0.3021349844564911, 0.013684258541258236, 0.016518307791135174, 0.01784202941647414, 0.02813149342000106, 0.0165514092478621
2006-05-15, 0.06869227876240025, 0.10480349344978175, 0.007753440589261319, 0.3483801351386072, 0.010947406833006441, 0.019271359089657707, 0.012352174211405168, 0.03004954978954659, 0.01598067099793582
2006-05-15, 0.05675271869012738, 0.02096069868995635, 0.015506881178522981, 0.3144670246383887, 0.02463166537426468, 0.019271359089657707, 0.01372463801267241, 0.03004954978954659, 0.01540993274800954
2006-05-15, 0.06007112396202493, 0.10480349344978175, 0.0, 0.2127276931377336, 0.09305295808055464, 0.019271359089657707, 0.01372463801267241, 0.02557408492727369, 0.011414764998525591
