Date,TotalError,SP500_Hedged20y-0.25,SP500_Hedged20y-0.1,SP500_Hedged20y-0.01,SP500_Hedged20y-0.005,
2025-12-31, 0.01506239293690232, 0.00825915389556758, 0.0013724638012672426, 0.02493473280409186, 0.025683221246682594
2025-12-31, 0.01871381848236638, 0.016518307791135174, 0.0, 0.03836112739091055, 0.019975838747419792
2025-12-31, 0.01871381848236638, 0.016518307791135174, 0.0, 0.03836112739091055, 0.019975838747419792
2025-12-31, 0.01871381848236638, 0.016518307791135174, 0.0, 0.03836112739091055, 0.019975838747419792
2025-12-31, 0.01871381848236638, 0.016518307791135174, 0.0, 0.03836112739091055, 0.019975838747419792
2025-12-31, 0.01871381848236638, 0.016518307791135174, 0.0, 0.03836112739091055, 0.019975838747419792
2025-12-31, 0.01871381848236638, 0.016518307791135174, 0.0, 0.03836112739091055, 0.019975838747419792
2025-12-31, 0.01871381848236638, 0.016518307791135174, 0.0, 0.03836112739091055, 0.019975838747419792
2025-12-31, 0.01871381848236638, 0.016518307791135174, 0.0, 0.03836112739091055, 0.019975838747419792
2025-12-31, 0.01871381848236638, 0.016518307791135174, 0.0, 0.03836112739091055, 0.019975838747419792
2025-12-31, 0.01871381848236638, 0.016518307791135174, 0.0, 0.03836112739091055, 0.019975838747419792
2025-12-31, 0.015862412695321168, 0.00825915389556758, 0.00274492760253447, 0.031328254035910275, 0.021117315247272353
2025-12-31, 0.02331828231100766, 0.03303661558227034, 0.0013724638012672426, 0.048590761361820015, 0.010273288498673042
2025-12-31, 0.019548502586397697, 0.022024410388180222, 0.0013724638012672426, 0.03196760615909212, 0.022829529997051207
2025-12-31, 0.019274830113778004, 0.022024410388180222, 0.0013724638012672426, 0.037721775267728706, 0.015980670997935844
2025-12-01, 0.014586304736489366, 0.005506102597045048, 0.004117391403801713, 0.017901859449091586, 0.030819865496019117
2025-12-01, 0.017654404885073926, 0.016518307791135174, 0.005489855205068956, 0.027492141296819216, 0.021117315247272353
2025-12-01, 0.017654404885073926, 0.016518307791135174, 0.005489855205068956, 0.027492141296819216, 0.021117315247272353
2025-12-01, 0.017654404885073926, 0.016518307791135174, 0.005489855205068956, 0.027492141296819216, 0.021117315247272353
2025-12-01, 0.017654404885073926, 0.016518307791135174, 0.005489855205068956, 0.027492141296819216, 0.021117315247272353
2025-12-01, 0.017654404885073926, 0.016518307791135174, 0.005489855205068956, 0.027492141296819216, 0.021117315247272353
2025-12-01, 0.017654404885073926, 0.016518307791135174, 0.005489855205068956, 0.027492141296819216, 0.021117315247272353
2025-12-01, 0.017654404885073926, 0.016518307791135174, 0.005489855205068956, 0.027492141296819216, 0.021117315247272353
2025-12-01, 0.017654404885073926, 0.016518307791135174, 0.005489855205068956, 0.027492141296819216, 0.021117315247272353
2025-12-01, 0.017654404885073926, 0.016518307791135174, 0.005489855205068956, 0.027492141296819216, 0.021117315247272353
2025-12-01, 0.017654404885073926, 0.016518307791135174, 0.005489855205068956, 0.027492141296819216, 0.021117315247272353
2025-12-01, 0.015782931774163716, 0.00825915389556758, 0.004117391403801713, 0.02621343705045553, 0.024541744746830036
2025-12-01, 0.018958844185067197, 0.024777461686702754, 0.0013724638012672426, 0.04283659225318343, 0.006848858999115362
2025-12-01, 0.01601970102262375, 0.011012205194090111, 0.00274492760253447, 0.027492141296819216, 0.022829529997051207
2025-12-01, 0.01502719550566476, 0.011012205194090111, 0.004117391403801713, 0.02557408492727369, 0.019405100497493527
2025-11-01, 0.01558592627830191, 0.005506102597045048, 0.005489855205068971, 0.021098620065000788, 0.030249127246092824
2025-11-01, 0.01618951560671133, 0.013765256492612642, 0.004117391403801728, 0.03260695828227396, 0.014268456248156992
2025-11-01, 0.01618951560671133, 0.013765256492612642, 0.004117391403801728, 0.03260695828227396, 0.014268456248156992
2025-11-01, 0.01618951560671133, 0.013765256492612642, 0.004117391403801728, 0.03260695828227396, 0.014268456248156992
2025-11-01, 0.01618951560671133, 0.013765256492612642, 0.004117391403801728, 0.03260695828227396, 0.014268456248156992
2025-11-01, 0.01618951560671133, 0.013765256492612642, 0.004117391403801728, 0.03260695828227396, 0.014268456248156992
2025-11-01, 0.01618951560671133, 0.013765256492612642, 0.004117391403801728, 0.03260695828227396, 0.014268456248156992
2025-11-01, 0.01618951560671133, 0.013765256492612642, 0.004117391403801728, 0.03260695828227396, 0.014268456248156992
2025-11-01, 0.01618951560671133, 0.013765256492612642, 0.004117391403801728, 0.03260695828227396, 0.014268456248156992
2025-11-01, 0.01618951560671133, 0.013765256492612642, 0.004117391403801728, 0.03260695828227396, 0.014268456248156992
2025-11-01, 0.01618951560671133, 0.013765256492612642, 0.004117391403801728, 0.03260695828227396, 0.014268456248156992
2025-11-01, 0.013723910941187946, 0.005506102597045048, 0.0027449276025344853, 0.019819915818637103, 0.026824697746535144
2025-11-01, 0.013010488128780095, 0.005506102597045048, 0.0027449276025344853, 0.019819915818637103, 0.023971006496903743
2025-11-01, 0.016511787955834127, 0.011012205194090111, 0.005489855205068971, 0.02557408492727369, 0.023971006496903743
2025-11-01, 0.020244145676788564, 0.030283564283747816, 0.0013724638012672275, 0.04475464862272896, 0.0045659059994102415
2025-10-02, 0.01477816424132641, 0.013765256492612642, 0.0013724638012672426, 0.026852789173637374, 0.01712214749778838
2025-10-02, 0.017122865024211006, 0.022024410388180236, 0.0013724638012672426, 0.03196760615909212, 0.013126979748304431
2025-10-02, 0.017122865024211006, 0.022024410388180236, 0.0013724638012672426, 0.03196760615909212, 0.013126979748304431
2025-10-02, 0.017122865024211006, 0.022024410388180236, 0.0013724638012672426, 0.03196760615909212, 0.013126979748304431
2025-10-02, 0.017122865024211006, 0.022024410388180236, 0.0013724638012672426, 0.03196760615909212, 0.013126979748304431
2025-10-02, 0.017122865024211006, 0.022024410388180236, 0.0013724638012672426, 0.03196760615909212, 0.013126979748304431
2025-10-02, 0.017122865024211006, 0.022024410388180236, 0.0013724638012672426, 0.03196760615909212, 0.013126979748304431
2025-10-02, 0.017122865024211006, 0.022024410388180236, 0.0013724638012672426, 0.03196760615909212, 0.013126979748304431
2025-10-02, 0.017122865024211006, 0.022024410388180236, 0.0013724638012672426, 0.03196760615909212, 0.013126979748304431
2025-10-02, 0.017122865024211006, 0.022024410388180236, 0.0013724638012672426, 0.03196760615909212, 0.013126979748304431
2025-10-02, 0.017122865024211006, 0.022024410388180236, 0.0013724638012672426, 0.03196760615909212, 0.013126979748304431
2025-10-02, 0.016076618243535866, 0.011012205194090111, 0.0027449276025344853, 0.02429538068091, 0.026253959496608862
2025-10-02, 0.016576146332674707, 0.013765256492612642, 0.0013724638012672426, 0.03004954978954659, 0.021117315247272353
2025-10-02, 0.016659363970751278, 0.016518307791135174, 0.0013724638012672426, 0.0287708455431829, 0.019975838747419792
2025-10-02, 0.0163071010715839, 0.013765256492612642, 0.0, 0.027492141296819216, 0.023971006496903743
2025-09-02, 0.013357355102145245, 0.005506102597045048, 0.0, 0.021098620065000788, 0.026824697746535144
2025-09-02, 0.0168560586416674, 0.013765256492612642, 0.0013724638012672426, 0.03516436677500133, 0.01712214749778838
2025-09-02, 0.0168560586416674, 0.013765256492612642, 0.0013724638012672426, 0.03516436677500133, 0.01712214749778838
2025-09-02, 0.0168560586416674, 0.013765256492612642, 0.0013724638012672426, 0.03516436677500133, 0.01712214749778838
2025-09-02, 0.0168560586416674, 0.013765256492612642, 0.0013724638012672426, 0.03516436677500133, 0.01712214749778838
2025-09-02, 0.0168560586416674, 0.013765256492612642, 0.0013724638012672426, 0.03516436677500133, 0.01712214749778838
2025-09-02, 0.0168560586416674, 0.013765256492612642, 0.0013724638012672426, 0.03516436677500133, 0.01712214749778838
2025-09-02, 0.0168560586416674, 0.013765256492612642, 0.0013724638012672426, 0.03516436677500133, 0.01712214749778838
2025-09-02, 0.0168560586416674, 0.013765256492612642, 0.0013724638012672426, 0.03516436677500133, 0.01712214749778838
2025-09-02, 0.0168560586416674, 0.013765256492612642, 0.0013724638012672426, 0.03516436677500133, 0.01712214749778838
2025-09-02, 0.0168560586416674, 0.013765256492612642, 0.0013724638012672426, 0.03516436677500133, 0.01712214749778838
2025-09-02, 0.014779573515432055, 0.005506102597045048, 0.0013724638012672426, 0.029410197666364744, 0.022829529997051182
2025-09-02, 0.018208253907592998, 0.022024410388180222, 0.0027449276025344853, 0.038361127390910535, 0.00970255024874675
2025-09-02, 0.015519607569950043, 0.013765256492612642, 0.0, 0.03004954978954659, 0.018263623997640942
2025-09-02, 0.01699073668468564, 0.016518307791135174, 0.0013724638012672426, 0.03580371889818316, 0.014268456248156992
2025-08-03, 0.01189162191321188, 0.005506102597045063, 0.0027449276025344853, 0.015344450956364216, 0.023971006496903754
2025-08-03, 0.016972489371023518, 0.011012205194090127, 0.0027449276025344853, 0.020459267941818945, 0.03367355674565051
2025-08-03, 0.016972489371023518, 0.011012205194090127, 0.0027449276025344853, 0.020459267941818945, 0.03367355674565051
2025-08-03, 0.016972489371023518, 0.011012205194090127, 0.0027449276025344853, 0.020459267941818945, 0.03367355674565051
2025-08-03, 0.016972489371023518, 0.011012205194090127, 0.0027449276025344853, 0.020459267941818945, 0.03367355674565051
2025-08-03, 0.016972489371023518, 0.011012205194090127, 0.0027449276025344853, 0.020459267941818945, 0.03367355674565051
2025-08-03, 0.016972489371023518, 0.011012205194090127, 0.0027449276025344853, 0.020459267941818945, 0.03367355674565051
2025-08-03, 0.016972489371023518, 0.011012205194090127, 0.0027449276025344853, 0.020459267941818945, 0.03367355674565051
2025-08-03, 0.016972489371023518, 0.011012205194090127, 0.0027449276025344853, 0.020459267941818945, 0.03367355674565051
2025-08-03, 0.016972489371023518, 0.011012205194090127, 0.0027449276025344853, 0.020459267941818945, 0.03367355674565051
2025-08-03, 0.016972489371023518, 0.011012205194090127, 0.0027449276025344853, 0.020459267941818945, 0.03367355674565051
2025-08-03, 0.010971170467611105, 0.0, 0.0013724638012672426, 0.01854121157227343, 0.023971006496903754
2025-08-03, 0.025288161098291267, 0.019271359089657707, 0.004117391403801728, 0.0332463104054558, 0.04451758349424983
2025-08-03, 0.016293062670297762, 0.005506102597045063, 0.004117391403801728, 0.023016676434546315, 0.03253208024579794
2025-08-03, 0.023096121431180356, 0.013765256492612642, 0.005489855205068971, 0.03260695828227396, 0.04052241574476585
2025-07-04, 0.013347006833739228, 0.0, 0.004117391403801728, 0.023016676434546315, 0.026253959496608876
2025-07-04, 0.01859634049170102, 0.013765256492612642, 0.0013724638012672426, 0.02557408492727369, 0.03367355674565051
2025-07-04, 0.01859634049170102, 0.013765256492612642, 0.0013724638012672426, 0.02557408492727369, 0.03367355674565051
2025-07-04, 0.01859634049170102, 0.013765256492612642, 0.0013724638012672426, 0.02557408492727369, 0.03367355674565051
2025-07-04, 0.01859634049170102, 0.013765256492612642, 0.0013724638012672426, 0.02557408492727369, 0.03367355674565051
2025-07-04, 0.01859634049170102, 0.013765256492612642, 0.0013724638012672426, 0.02557408492727369, 0.03367355674565051
2025-07-04, 0.01859634049170102, 0.013765256492612642, 0.0013724638012672426, 0.02557408492727369, 0.03367355674565051
2025-07-04, 0.01859634049170102, 0.013765256492612642, 0.0013724638012672426, 0.02557408492727369, 0.03367355674565051
2025-07-04, 0.01859634049170102, 0.013765256492612642, 0.0013724638012672426, 0.02557408492727369, 0.03367355674565051
2025-07-04, 0.01859634049170102, 0.013765256492612642, 0.0013724638012672426, 0.02557408492727369, 0.03367355674565051
2025-07-04, 0.01859634049170102, 0.013765256492612642, 0.0013724638012672426, 0.02557408492727369, 0.03367355674565051
2025-07-04, 0.012622716973429489, 0.0, 0.005489855205068971, 0.020459267941818945, 0.024541744746830036
2025-07-04, 0.015108961889408412, 0.0027530512985225316, 0.005489855205068971, 0.023656028557728158, 0.028536912496313984
2025-07-04, 0.02836687836000025, 0.022024410388180236, 0.0013724638012672426, 0.04155788800681975, 0.048512751243733776
2025-07-04, 0.017790553092366032, 0.00825915389556758, 0.0013724638012672426, 0.02557408492727369, 0.035956509745355615
2025-06-04, 0.013551174938493591, 0.0027530512985225316, 0.006862319006336213, 0.0166231552027279, 0.027966174246387716
2025-06-04, 0.01355689599537072, 0.00825915389556758, 0.004117391403801728, 0.02301667643454633, 0.018834362247567234
2025-06-04, 0.01355689599537072, 0.00825915389556758, 0.004117391403801728, 0.02301667643454633, 0.018834362247567234
2025-06-04, 0.01355689599537072, 0.00825915389556758, 0.004117391403801728, 0.02301667643454633, 0.018834362247567234
2025-06-04, 0.01355689599537072, 0.00825915389556758, 0.004117391403801728, 0.02301667643454633, 0.018834362247567234
2025-06-04, 0.01355689599537072, 0.00825915389556758, 0.004117391403801728, 0.02301667643454633, 0.018834362247567234
2025-06-04, 0.01355689599537072, 0.00825915389556758, 0.004117391403801728, 0.02301667643454633, 0.018834362247567234
2025-06-04, 0.01355689599537072, 0.00825915389556758, 0.004117391403801728, 0.02301667643454633, 0.018834362247567234
2025-06-04, 0.01355689599537072, 0.00825915389556758, 0.004117391403801728, 0.02301667643454633, 0.018834362247567234
2025-06-04, 0.01355689599537072, 0.00825915389556758, 0.004117391403801728, 0.02301667643454633, 0.018834362247567234
2025-06-04, 0.01355689599537072, 0.00825915389556758, 0.004117391403801728, 0.02301667643454633, 0.018834362247567234
2025-06-04, 0.01256497014807582, 0.0, 0.004117391403801728, 0.02045926794181896, 0.025683221246682594
2025-06-04, 0.013377934462432576, 0.0027530512985225316, 0.0027449276025344853, 0.0166231552027279, 0.031390603745945385
2025-06-04, 0.013121415458126775, 0.0027530512985225316, 0.0027449276025344853, 0.02301667643454633, 0.023971006496903754
2025-06-04, 0.01286697396185698, 0.005506102597045063, 0.0013724638012672426, 0.0166231552027279, 0.027966174246387716
2025-05-05, 0.013074582264713995, 0.0027530512985225316, 0.0013724638012672426, 0.012787042463636858, 0.03538577149542935
2025-05-05, 0.01518620393201867, 0.011012205194090111, 0.0027449276025344853, 0.02301667643454633, 0.023971006496903754
2025-05-05, 0.01518620393201867, 0.011012205194090111, 0.0027449276025344853, 0.02301667643454633, 0.023971006496903754
2025-05-05, 0.01518620393201867, 0.011012205194090111, 0.0027449276025344853, 0.02301667643454633, 0.023971006496903754
2025-05-05, 0.01518620393201867, 0.011012205194090111, 0.0027449276025344853, 0.02301667643454633, 0.023971006496903754
2025-05-05, 0.01518620393201867, 0.011012205194090111, 0.0027449276025344853, 0.02301667643454633, 0.023971006496903754
2025-05-05, 0.01518620393201867, 0.011012205194090111, 0.0027449276025344853, 0.02301667643454633, 0.023971006496903754
2025-05-05, 0.01518620393201867, 0.011012205194090111, 0.0027449276025344853, 0.02301667643454633, 0.023971006496903754
2025-05-05, 0.01518620393201867, 0.011012205194090111, 0.0027449276025344853, 0.02301667643454633, 0.023971006496903754
2025-05-05, 0.01518620393201867, 0.011012205194090111, 0.0027449276025344853, 0.02301667643454633, 0.023971006496903754
2025-05-05, 0.01518620393201867, 0.011012205194090111, 0.0027449276025344853, 0.02301667643454633, 0.023971006496903754
2025-05-05, 0.011187096114877131, 0.0, 0.0, 0.012787042463636858, 0.03196134199587167
2025-05-05, 0.01748479365172481, 0.022024410388180222, 0.005489855205068971, 0.03900047951409238, 0.003424429499557681
2025-05-05, 0.01161883993520196, 0.0027530512985225316, 0.0, 0.019180563695455274, 0.024541744746830036
2025-05-05, 0.011816721619544314, 0.005506102597045048, 0.0013724638012672426, 0.014705098833182372, 0.025683221246682594
2025-04-05, 0.010076486353549699, 0.005506102597045063, 0.0027449276025344853, 0.011508338217273172, 0.020546576997346074
2025-04-05, 0.015564517313573032, 0.00825915389556758, 0.0013724638012672426, 0.022377324311364487, 0.030249127246092824
2025-04-05, 0.015564517313573032, 0.00825915389556758, 0.0013724638012672426, 0.022377324311364487, 0.030249127246092824
2025-04-05, 0.015564517313573032, 0.00825915389556758, 0.0013724638012672426, 0.022377324311364487, 0.030249127246092824
2025-04-05, 0.015564517313573032, 0.00825915389556758, 0.0013724638012672426, 0.022377324311364487, 0.030249127246092824
2025-04-05, 0.015564517313573032, 0.00825915389556758, 0.0013724638012672426, 0.022377324311364487, 0.030249127246092824
2025-04-05, 0.015564517313573032, 0.00825915389556758, 0.0013724638012672426, 0.022377324311364487, 0.030249127246092824
2025-04-05, 0.015564517313573032, 0.00825915389556758, 0.0013724638012672426, 0.022377324311364487, 0.030249127246092824
2025-04-05, 0.015564517313573032, 0.00825915389556758, 0.0013724638012672426, 0.022377324311364487, 0.030249127246092824
2025-04-05, 0.015564517313573032, 0.00825915389556758, 0.0013724638012672426, 0.022377324311364487, 0.030249127246092824
2025-04-05, 0.015564517313573032, 0.00825915389556758, 0.0013724638012672426, 0.022377324311364487, 0.030249127246092824
2025-04-05, 0.005711072632142918, 0.0027530512985225316, 0.0, 0.006393521231818429, 0.013697717998230712
2025-04-05, 0.020320237587694086, 0.016518307791135174, 0.006862319006336213, 0.023656028557728172, 0.034244294995576775
2025-04-05, 0.011002927700746002, 0.0027530512985225316, 0.0013724638012672426, 0.015344450956364216, 0.024541744746830022
2025-04-05, 0.010557720544987406, 0.0027530512985225316, 0.0013724638012672426, 0.014705098833182372, 0.023400268246977475
2025-03-06, 0.009397370477769626, 0.005506102597045063, 0.0027449276025344853, 0.012787042463636844, 0.016551409247862112
2025-03-06, 0.012305071835835575, 0.0027530512985225165, 0.0027449276025344853, 0.019180563695455274, 0.024541744746830022
2025-03-06, 0.012305071835835575, 0.0027530512985225165, 0.0027449276025344853, 0.019180563695455274, 0.024541744746830022
2025-03-06, 0.012305071835835575, 0.0027530512985225165, 0.0027449276025344853, 0.019180563695455274, 0.024541744746830022
2025-03-06, 0.012305071835835575, 0.0027530512985225165, 0.0027449276025344853, 0.019180563695455274, 0.024541744746830022
2025-03-06, 0.012305071835835575, 0.0027530512985225165, 0.0027449276025344853, 0.019180563695455274, 0.024541744746830022
2025-03-06, 0.012305071835835575, 0.0027530512985225165, 0.0027449276025344853, 0.019180563695455274, 0.024541744746830022
2025-03-06, 0.012305071835835575, 0.0027530512985225165, 0.0027449276025344853, 0.019180563695455274, 0.024541744746830022
2025-03-06, 0.012305071835835575, 0.0027530512985225165, 0.0027449276025344853, 0.019180563695455274, 0.024541744746830022
2025-03-06, 0.012305071835835575, 0.0027530512985225165, 0.0027449276025344853, 0.019180563695455274, 0.024541744746830022
2025-03-06, 0.012305071835835575, 0.0027530512985225165, 0.0027449276025344853, 0.019180563695455274, 0.024541744746830022
2025-03-06, 0.008574740435066437, 0.005506102597045063, 0.0013724638012672426, 0.010868986094091329, 0.016551409247862112
2025-03-06, 0.010035892996509917, 0.005506102597045063, 0.0013724638012672426, 0.012147690340455016, 0.021117315247272343
2025-03-06, 0.010817929682173325, 0.005506102597045063, 0.0013724638012672426, 0.014705098833182372, 0.02168805349719862
2025-03-06, 0.019200480877516083, 0.01927135908965769, 0.009607246608870698, 0.021098620065000802, 0.026824697746535144
2025-02-04, 0.01019573102730537, 0.005506102597045048, 0.0013724638012672426, 0.012787042463636844, 0.021117315247272343
2025-02-04, 0.012008835662970545, 0.0027530512985225316, 0.004117391403801728, 0.0166231552027279, 0.024541744746830022
2025-02-04, 0.012008835662970545, 0.0027530512985225316, 0.004117391403801728, 0.0166231552027279, 0.024541744746830022
2025-02-04, 0.012008835662970545, 0.0027530512985225316, 0.004117391403801728, 0.0166231552027279, 0.024541744746830022
2025-02-04, 0.012008835662970545, 0.0027530512985225316, 0.004117391403801728, 0.0166231552027279, 0.024541744746830022
2025-02-04, 0.012008835662970545, 0.0027530512985225316, 0.004117391403801728, 0.0166231552027279, 0.024541744746830022
2025-02-04, 0.012008835662970545, 0.0027530512985225316, 0.004117391403801728, 0.0166231552027279, 0.024541744746830022
2025-02-04, 0.012008835662970545, 0.0027530512985225316, 0.004117391403801728, 0.0166231552027279, 0.024541744746830022
2025-02-04, 0.012008835662970545, 0.0027530512985225316, 0.004117391403801728, 0.0166231552027279, 0.024541744746830022
2025-02-04, 0.012008835662970545, 0.0027530512985225316, 0.004117391403801728, 0.0166231552027279, 0.024541744746830022
2025-02-04, 0.012008835662970545, 0.0027530512985225316, 0.004117391403801728, 0.0166231552027279, 0.024541744746830022
2025-02-04, 0.010440506795228729, 0.005506102597045048, 0.0, 0.013426394586818687, 0.022829529997051182
2025-02-04, 0.022661767017194433, 0.016518307791135174, 0.009607246608870698, 0.026852789173637388, 0.03766872449513447
2025-02-04, 0.00957780217498163, 0.0, 0.0, 0.0166231552027279, 0.02168805349719862
2025-02-04, 0.016808900317179718, 0.011012205194090127, 0.006862319006336213, 0.01854121157227343, 0.030819865496019103
2025-01-05, 0.007483583910768312, 0.0, 0.0013724638012672426, 0.010868986094091329, 0.017692885747714673
2025-01-05, 0.010965180566015573, 0.008259153895567594, 0.004117391403801728, 0.011508338217273172, 0.019975838747419792
2025-01-05, 0.010965180566015573, 0.008259153895567594, 0.004117391403801728, 0.011508338217273172, 0.019975838747419792
2025-01-05, 0.010965180566015573, 0.008259153895567594, 0.004117391403801728, 0.011508338217273172, 0.019975838747419792
2025-01-05, 0.010965180566015573, 0.008259153895567594, 0.004117391403801728, 0.011508338217273172, 0.019975838747419792
2025-01-05, 0.010965180566015573, 0.008259153895567594, 0.004117391403801728, 0.011508338217273172, 0.019975838747419792
2025-01-05, 0.010965180566015573, 0.008259153895567594, 0.004117391403801728, 0.011508338217273172, 0.019975838747419792
2025-01-05, 0.010965180566015573, 0.008259153895567594, 0.004117391403801728, 0.011508338217273172, 0.019975838747419792
2025-01-05, 0.010965180566015573, 0.008259153895567594, 0.004117391403801728, 0.011508338217273172, 0.019975838747419792
2025-01-05, 0.010965180566015573, 0.008259153895567594, 0.004117391403801728, 0.011508338217273172, 0.019975838747419792
2025-01-05, 0.010965180566015573, 0.008259153895567594, 0.004117391403801728, 0.011508338217273172, 0.019975838747419792
2025-01-05, 0.007112447444235718, 0.0, 0.0013724638012672426, 0.007672225478182115, 0.019405100497493513
2025-01-05, 0.004716847016132594, 0.005506102597045048, 0.0027449276025344853, 0.0031967606159092146, 0.007419597249041629
2025-01-05, 0.01658158884251593, 0.016518307791135174, 0.006862319006336213, 0.017262507325909743, 0.025683221246682583
2025-01-05, 0.012120370336079364, 0.013765256492612642, 0.006862319006336213, 0.009590281847727644, 0.018263623997640952
2024-12-06, 0.00638674830982033, 0.008259153895567594, 0.0027449276025344853, 0.0025574084927273717, 0.011985503248451872
2024-12-06, 0.00764170184251244, 0.0027530512985225165, 0.0027449276025344853, 0.010229633970909487, 0.014839194498083273
2024-12-06, 0.00764170184251244, 0.0027530512985225165, 0.0027449276025344853, 0.010229633970909487, 0.014839194498083273
2024-12-06, 0.00764170184251244, 0.0027530512985225165, 0.0027449276025344853, 0.010229633970909487, 0.014839194498083273
2024-12-06, 0.00764170184251244, 0.0027530512985225165, 0.0027449276025344853, 0.010229633970909487, 0.014839194498083273
2024-12-06, 0.00764170184251244, 0.0027530512985225165, 0.0027449276025344853, 0.010229633970909487, 0.014839194498083273
2024-12-06, 0.00764170184251244, 0.0027530512985225165, 0.0027449276025344853, 0.010229633970909487, 0.014839194498083273
2024-12-06, 0.00764170184251244, 0.0027530512985225165, 0.0027449276025344853, 0.010229633970909487, 0.014839194498083273
2024-12-06, 0.00764170184251244, 0.0027530512985225165, 0.0027449276025344853, 0.010229633970909487, 0.014839194498083273
2024-12-06, 0.00764170184251244, 0.0027530512985225165, 0.0027449276025344853, 0.010229633970909487, 0.014839194498083273
2024-12-06, 0.00764170184251244, 0.0027530512985225165, 0.0027449276025344853, 0.010229633970909487, 0.014839194498083273
2024-12-06, 0.007153662451166864, 0.011012205194090127, 0.0, 0.0044754648622729, 0.013126979748304431
2024-12-06, 0.01374847695317185, 0.013765256492612642, 0.009607246608870683, 0.012787042463636844, 0.018834362247567234
2024-12-06, 0.005715328128557904, 0.0, 0.004117391403801728, 0.0044754648622729, 0.014268456248156992
2024-12-06, 0.012878656308071192, 0.00825915389556758, 0.0068623190063361985, 0.014705098833182372, 0.02168805349719862
2024-11-06, 0.005890599528615921, 0.0027530512985225165, 0.005489855205068956, 0.0044754648622729, 0.01084402674859931
2024-11-06, 0.010053861763136133, 0.00825915389556758, 0.00823478280760344, 0.008311577601363957, 0.015409932748009551
2024-11-06, 0.010053861763136133, 0.00825915389556758, 0.00823478280760344, 0.008311577601363957, 0.015409932748009551
2024-11-06, 0.010053861763136133, 0.00825915389556758, 0.00823478280760344, 0.008311577601363957, 0.015409932748009551
2024-11-06, 0.010053861763136133, 0.00825915389556758, 0.00823478280760344, 0.008311577601363957, 0.015409932748009551
2024-11-06, 0.010053861763136133, 0.00825915389556758, 0.00823478280760344, 0.008311577601363957, 0.015409932748009551
2024-11-06, 0.010053861763136133, 0.00825915389556758, 0.00823478280760344, 0.008311577601363957, 0.015409932748009551
2024-11-06, 0.010053861763136133, 0.00825915389556758, 0.00823478280760344, 0.008311577601363957, 0.015409932748009551
2024-11-06, 0.010053861763136133, 0.00825915389556758, 0.00823478280760344, 0.008311577601363957, 0.015409932748009551
2024-11-06, 0.010053861763136133, 0.00825915389556758, 0.00823478280760344, 0.008311577601363957, 0.015409932748009551
2024-11-06, 0.010053861763136133, 0.00825915389556758, 0.00823478280760344, 0.008311577601363957, 0.015409932748009551
2024-11-06, 0.005890599528615921, 0.0027530512985225165, 0.005489855205068956, 0.0044754648622729, 0.01084402674859931
2024-11-06, 0.006336117509320212, 0.008259153895567594, 0.004117391403801728, 0.0038361127390910575, 0.009131811998820471
2024-11-06, 0.014232557366918905, 0.016518307791135167, 0.012352174211405168, 0.011508338217273172, 0.016551409247862112
2024-11-06, 0.012859782740705978, 0.011012205194090111, 0.00823478280760344, 0.012787042463636844, 0.019405100497493513
2024-10-07, 0.0031716472121709914, 0.0027530512985225316, 0.0013724638012672426, 0.0, 0.00856107374889419
2024-10-07, 0.006097628161808843, 0.00825915389556758, 0.0068623190063361985, 0.0012787042463636858, 0.00799033549896791
2024-10-07, 0.006097628161808843, 0.00825915389556758, 0.0068623190063361985, 0.0012787042463636858, 0.00799033549896791
2024-10-07, 0.006097628161808843, 0.00825915389556758, 0.0068623190063361985, 0.0012787042463636858, 0.00799033549896791
2024-10-07, 0.006097628161808843, 0.00825915389556758, 0.0068623190063361985, 0.0012787042463636858, 0.00799033549896791
2024-10-07, 0.006097628161808843, 0.00825915389556758, 0.0068623190063361985, 0.0012787042463636858, 0.00799033549896791
2024-10-07, 0.006097628161808843, 0.00825915389556758, 0.0068623190063361985, 0.0012787042463636858, 0.00799033549896791
2024-10-07, 0.006097628161808843, 0.00825915389556758, 0.0068623190063361985, 0.0012787042463636858, 0.00799033549896791
2024-10-07, 0.006097628161808843, 0.00825915389556758, 0.0068623190063361985, 0.0012787042463636858, 0.00799033549896791
2024-10-07, 0.006097628161808843, 0.00825915389556758, 0.0068623190063361985, 0.0012787042463636858, 0.00799033549896791
2024-10-07, 0.006097628161808843, 0.00825915389556758, 0.0068623190063361985, 0.0012787042463636858, 0.00799033549896791
2024-10-07, 0.00343154552441123, 0.0, 0.0027449276025344853, 0.0012787042463636858, 0.00970255024874675
2024-10-07, 0.003892496874378077, 0.008259153895567594, 0.0027449276025344853, 0.0, 0.0045659059994102285
2024-10-07, 0.012365961402315048, 0.016518307791135167, 0.012352174211405168, 0.005754169108636586, 0.014839194498083273
2024-10-07, 0.010243736928015165, 0.013765256492612642, 0.009607246608870683, 0.0044754648622729, 0.013126979748304431
2024-09-07, 0.005368771980138439, 0.005506102597045063, 0.005489855205068971, 0.0019180563695455287, 0.00856107374889419
2024-09-07, 0.004435733387584441, 0.0027530512985225165, 0.006862319006336213, 0.0012787042463636858, 0.00684885899911535
2024-09-07, 0.004435733387584441, 0.0027530512985225165, 0.006862319006336213, 0.0012787042463636858, 0.00684885899911535
2024-09-07, 0.004435733387584441, 0.0027530512985225165, 0.006862319006336213, 0.0012787042463636858, 0.00684885899911535
2024-09-07, 0.004435733387584441, 0.0027530512985225165, 0.006862319006336213, 0.0012787042463636858, 0.00684885899911535
2024-09-07, 0.004435733387584441, 0.0027530512985225165, 0.006862319006336213, 0.0012787042463636858, 0.00684885899911535
2024-09-07, 0.004435733387584441, 0.0027530512985225165, 0.006862319006336213, 0.0012787042463636858, 0.00684885899911535
2024-09-07, 0.004435733387584441, 0.0027530512985225165, 0.006862319006336213, 0.0012787042463636858, 0.00684885899911535
2024-09-07, 0.004435733387584441, 0.0027530512985225165, 0.006862319006336213, 0.0012787042463636858, 0.00684885899911535
2024-09-07, 0.004435733387584441, 0.0027530512985225165, 0.006862319006336213, 0.0012787042463636858, 0.00684885899911535
2024-09-07, 0.004435733387584441, 0.0027530512985225165, 0.006862319006336213, 0.0012787042463636858, 0.00684885899911535
2024-09-07, 0.004358802169919868, 0.0, 0.00823478280760344, 0.0006393521231818429, 0.00856107374889419
2024-09-07, 0.010022401048817693, 0.013765256492612642, 0.012352174211405168, 0.0025574084927273717, 0.011414764998525591
2024-09-07, 0.006370735270893678, 0.013765256492612657, 0.0027449276025344853, 0.0038361127390910575, 0.005136644249336509
2024-09-07, 0.007145849580124495, 0.005506102597045048, 0.009607246608870683, 0.0031967606159092146, 0.01027328849867303
2024-08-08, 0.002524807349021692, 0.0, 0.004117391403801728, 0.0025574084927273717, 0.0034244294995576683
2024-08-08, 0.005861688517790364, 0.005506102597045048, 0.009607246608870683, 0.0031967606159092146, 0.005136644249336509
2024-08-08, 0.005861688517790364, 0.005506102597045048, 0.009607246608870683, 0.0031967606159092146, 0.005136644249336509
2024-08-08, 0.005861688517790364, 0.005506102597045048, 0.009607246608870683, 0.0031967606159092146, 0.005136644249336509
2024-08-08, 0.005861688517790364, 0.005506102597045048, 0.009607246608870683, 0.0031967606159092146, 0.005136644249336509
2024-08-08, 0.005861688517790364, 0.005506102597045048, 0.009607246608870683, 0.0031967606159092146, 0.005136644249336509
2024-08-08, 0.005861688517790364, 0.005506102597045048, 0.009607246608870683, 0.0031967606159092146, 0.005136644249336509
2024-08-08, 0.005861688517790364, 0.005506102597045048, 0.009607246608870683, 0.0031967606159092146, 0.005136644249336509
2024-08-08, 0.005861688517790364, 0.005506102597045048, 0.009607246608870683, 0.0031967606159092146, 0.005136644249336509
2024-08-08, 0.005861688517790364, 0.005506102597045048, 0.009607246608870683, 0.0031967606159092146, 0.005136644249336509
2024-08-08, 0.005861688517790364, 0.005506102597045048, 0.009607246608870683, 0.0031967606159092146, 0.005136644249336509
2024-08-08, 0.005525494943906152, 0.013765256492612657, 0.0013724638012672426, 0.006393521231818429, 0.0005707382499262802
2024-08-08, 0.00546571719455547, 0.011012205194090127, 0.0027449276025344853, 0.006393521231818429, 0.0017122147497788405
2024-08-08, 0.00546571719455547, 0.011012205194090127, 0.0027449276025344853, 0.006393521231818429, 0.0017122147497788405
2024-08-08, 0.00546571719455547, 0.011012205194090127, 0.0027449276025344853, 0.006393521231818429, 0.0017122147497788405
2024-07-09, 0.0076814047049424475, 0.0055061025970450555, 0.006862319006336213, 0.011508338217273158, 0.006848858999115362
2024-07-09, 0.007457533428381317, 0.0055061025970450555, 0.004117391403801728, 0.012787042463636844, 0.007419597249041642
2024-07-09, 0.007457533428381317, 0.0055061025970450555, 0.004117391403801728, 0.012787042463636844, 0.007419597249041642
2024-07-09, 0.007457533428381317, 0.0055061025970450555, 0.004117391403801728, 0.012787042463636844, 0.007419597249041642
2024-07-09, 0.007457533428381317, 0.0055061025970450555, 0.004117391403801728, 0.012787042463636844, 0.007419597249041642
2024-07-09, 0.007457533428381317, 0.0055061025970450555, 0.004117391403801728, 0.012787042463636844, 0.007419597249041642
2024-07-09, 0.007457533428381317, 0.0055061025970450555, 0.004117391403801728, 0.012787042463636844, 0.007419597249041642
2024-07-09, 0.007457533428381317, 0.0055061025970450555, 0.004117391403801728, 0.012787042463636844, 0.007419597249041642
2024-07-09, 0.007457533428381317, 0.0055061025970450555, 0.004117391403801728, 0.012787042463636844, 0.007419597249041642
2024-07-09, 0.007457533428381317, 0.0055061025970450555, 0.004117391403801728, 0.012787042463636844, 0.007419597249041642
2024-07-09, 0.007457533428381317, 0.0055061025970450555, 0.004117391403801728, 0.012787042463636844, 0.007419597249041642
2024-07-09, 0.008114854318189377, 0.008259153895567587, 0.010979710410137926, 0.011508338217273158, 0.0017122147497788405
2024-07-09, 0.010499704874915328, 0.01651830779113518, 0.0, 0.01406574671000053, 0.011414764998525603
2024-07-09, 0.005800204975517583, 0.0027530512985225316, 0.006862319006336213, 0.009590281847727629, 0.003995167749483961
2024-07-09, 0.01182325797473378, 0.01376525649261265, 0.005489855205068971, 0.0166231552027279, 0.011414764998525603
2024-06-09, 0.005939138514950811, 0.002753051298522524, 0.010979710410137926, 0.008311577601363957, 0.0017122147497788405
2024-06-09, 0.006165040715508953, 0.0055061025970450555, 0.010979710410137926, 0.007032873355000272, 0.0011414764998525604
2024-06-09, 0.006165040715508953, 0.0055061025970450555, 0.010979710410137926, 0.007032873355000272, 0.0011414764998525604
2024-06-09, 0.006165040715508953, 0.0055061025970450555, 0.010979710410137926, 0.007032873355000272, 0.0011414764998525604
2024-06-09, 0.006165040715508953, 0.0055061025970450555, 0.010979710410137926, 0.007032873355000272, 0.0011414764998525604
2024-06-09, 0.006165040715508953, 0.0055061025970450555, 0.010979710410137926, 0.007032873355000272, 0.0011414764998525604
2024-06-09, 0.006165040715508953, 0.0055061025970450555, 0.010979710410137926, 0.007032873355000272, 0.0011414764998525604
2024-06-09, 0.006165040715508953, 0.0055061025970450555, 0.010979710410137926, 0.007032873355000272, 0.0011414764998525604
2024-06-09, 0.006165040715508953, 0.0055061025970450555, 0.010979710410137926, 0.007032873355000272, 0.0011414764998525604
2024-06-09, 0.006165040715508953, 0.0055061025970450555, 0.010979710410137926, 0.007032873355000272, 0.0011414764998525604
2024-06-09, 0.006165040715508953, 0.0055061025970450555, 0.010979710410137926, 0.007032873355000272, 0.0011414764998525604
2024-06-09, 0.006407785559435302, 0.002753051298522524, 0.012352174211405168, 0.007672225478182115, 0.002853691249631401
2024-06-09, 0.011267434314574191, 0.022024410388180236, 0.004117391403801728, 0.011508338217273172, 0.007419597249041629
2024-06-09, 0.0053595641411196505, 0.0055061025970450555, 0.009607246608870683, 0.005754169108636586, 0.0005707382499262802
2024-06-09, 0.008815185510277365, 0.013765256492612642, 0.005489855205068971, 0.010868986094091329, 0.005136644249336521
2024-05-10, 0.0052997863917689705, 0.0027530512985225316, 0.010979710410137926, 0.005754169108636586, 0.0017122147497788405
2024-05-10, 0.0072747599822266164, 0.0027530512985225316, 0.010979710410137926, 0.010229633970909487, 0.005136644249336521
2024-05-10, 0.0072747599822266164, 0.0027530512985225316, 0.010979710410137926, 0.010229633970909487, 0.005136644249336521
2024-05-10, 0.0072747599822266164, 0.0027530512985225316, 0.010979710410137926, 0.010229633970909487, 0.005136644249336521
2024-05-10, 0.0072747599822266164, 0.0027530512985225316, 0.010979710410137926, 0.010229633970909487, 0.005136644249336521
2024-05-10, 0.0072747599822266164, 0.0027530512985225316, 0.010979710410137926, 0.010229633970909487, 0.005136644249336521
2024-05-10, 0.0072747599822266164, 0.0027530512985225316, 0.010979710410137926, 0.010229633970909487, 0.005136644249336521
2024-05-10, 0.0072747599822266164, 0.0027530512985225316, 0.010979710410137926, 0.010229633970909487, 0.005136644249336521
2024-05-10, 0.0072747599822266164, 0.0027530512985225316, 0.010979710410137926, 0.010229633970909487, 0.005136644249336521
2024-05-10, 0.0072747599822266164, 0.0027530512985225316, 0.010979710410137926, 0.010229633970909487, 0.005136644249336521
2024-05-10, 0.0072747599822266164, 0.0027530512985225316, 0.010979710410137926, 0.010229633970909487, 0.005136644249336521
2024-05-10, 0.005058761646893954, 0.0027530512985225316, 0.008234782807603456, 0.006393521231818429, 0.002853691249631401
2024-05-10, 0.006657127648719333, 0.0055061025970450555, 0.01372463801267241, 0.005114816985454743, 0.0022829529997051208
2024-05-10, 0.009402766403571853, 0.008259153895567587, 0.006862319006336213, 0.012787042463636858, 0.00970255024874675
2024-05-10, 0.007764622343019022, 0.008259153895567587, 0.006862319006336213, 0.010229633970909487, 0.005707382499262802
2024-04-10, 0.007865201403959665, 0.0, 0.010979710410137926, 0.015344450956364216, 0.005136644249336521
2024-04-10, 0.011401698662251249, 0.002753051298522524, 0.010979710410137926, 0.02045926794181896, 0.011414764998525591
2024-04-10, 0.011401698662251249, 0.002753051298522524, 0.010979710410137926, 0.02045926794181896, 0.011414764998525591
2024-04-10, 0.011401698662251249, 0.002753051298522524, 0.010979710410137926, 0.02045926794181896, 0.011414764998525591
2024-04-10, 0.011401698662251249, 0.002753051298522524, 0.010979710410137926, 0.02045926794181896, 0.011414764998525591
2024-04-10, 0.011401698662251249, 0.002753051298522524, 0.010979710410137926, 0.02045926794181896, 0.011414764998525591
2024-04-10, 0.011401698662251249, 0.002753051298522524, 0.010979710410137926, 0.02045926794181896, 0.011414764998525591
2024-04-10, 0.011401698662251249, 0.002753051298522524, 0.010979710410137926, 0.02045926794181896, 0.011414764998525591
2024-04-10, 0.011401698662251249, 0.002753051298522524, 0.010979710410137926, 0.02045926794181896, 0.011414764998525591
2024-04-10, 0.011401698662251249, 0.002753051298522524, 0.010979710410137926, 0.02045926794181896, 0.011414764998525591
2024-04-10, 0.011401698662251249, 0.002753051298522524, 0.010979710410137926, 0.02045926794181896, 0.011414764998525591
2024-04-10, 0.007683954408435327, 0.0027530512985225316, 0.0068623190063361985, 0.01598380307954606, 0.005136644249336521
2024-04-10, 0.010132141364738131, 0.0055061025970450555, 0.010979710410137926, 0.0166231552027279, 0.007419597249041642
2024-04-10, 0.00837303253137829, 0.008259153895567587, 0.01372463801267241, 0.011508338217273158, 0.0
2024-04-10, 0.013271837695353263, 0.01376525649261265, 0.0027449276025344853, 0.021737972188182644, 0.014839194498083273
2024-03-11, 0.010088701785389011, 0.0, 0.005489855205068971, 0.021737972188182644, 0.013126979748304431
2024-03-11, 0.007040035963892818, 0.0, 0.004117391403801728, 0.0166231552027279, 0.007419597249041642
2024-03-11, 0.007040035963892818, 0.0, 0.004117391403801728, 0.0166231552027279, 0.007419597249041642
2024-03-11, 0.007040035963892818, 0.0, 0.004117391403801728, 0.0166231552027279, 0.007419597249041642
2024-03-11, 0.007040035963892818, 0.0, 0.004117391403801728, 0.0166231552027279, 0.007419597249041642
2024-03-11, 0.007040035963892818, 0.0, 0.004117391403801728, 0.0166231552027279, 0.007419597249041642
2024-03-11, 0.007040035963892818, 0.0, 0.004117391403801728, 0.0166231552027279, 0.007419597249041642
2024-03-11, 0.007040035963892818, 0.0, 0.004117391403801728, 0.0166231552027279, 0.007419597249041642
2024-03-11, 0.007040035963892818, 0.0, 0.004117391403801728, 0.0166231552027279, 0.007419597249041642
2024-03-11, 0.007040035963892818, 0.0, 0.004117391403801728, 0.0166231552027279, 0.007419597249041642
2024-03-11, 0.007040035963892818, 0.0, 0.004117391403801728, 0.0166231552027279, 0.007419597249041642
2024-03-11, 0.008795704599149998, 0.002753051298522524, 0.004117391403801728, 0.019180563695455274, 0.009131811998820471
2024-03-11, 0.00985224336187466, 0.002753051298522524, 0.005489855205068971, 0.019180563695455274, 0.011985503248451872
2024-03-11, 0.010860182248096215, 0.0055061025970450555, 0.005489855205068971, 0.02045926794181896, 0.011985503248451872
2024-03-11, 0.011955089795442674, 0.011012205194090111, 0.0013724638012672275, 0.021737972188182644, 0.013697717998230712
2024-02-10, 0.006290632699844855, 0.0027530512985225316, 0.006862319006336213, 0.0012787042463636858, 0.014268456248156992
2024-02-10, 0.006290632699844855, 0.0027530512985225316, 0.006862319006336213, 0.0012787042463636858, 0.014268456248156992
2024-02-10, 0.006290632699844855, 0.0027530512985225316, 0.006862319006336213, 0.0012787042463636858, 0.014268456248156992
2024-02-10, 0.006290632699844855, 0.0027530512985225316, 0.006862319006336213, 0.0012787042463636858, 0.014268456248156992
2024-02-10, 0.006290632699844855, 0.0027530512985225316, 0.006862319006336213, 0.0012787042463636858, 0.014268456248156992
2024-02-10, 0.006290632699844855, 0.0027530512985225316, 0.006862319006336213, 0.0012787042463636858, 0.014268456248156992
2024-02-10, 0.006290632699844855, 0.0027530512985225316, 0.006862319006336213, 0.0012787042463636858, 0.014268456248156992
2024-02-10, 0.006290632699844855, 0.0027530512985225316, 0.006862319006336213, 0.0012787042463636858, 0.014268456248156992
2024-02-10, 0.006290632699844855, 0.0027530512985225316, 0.006862319006336213, 0.0012787042463636858, 0.014268456248156992
2024-02-10, 0.006290632699844855, 0.0027530512985225316, 0.006862319006336213, 0.0012787042463636858, 0.014268456248156992
2024-02-10, 0.006290632699844855, 0.0027530512985225316, 0.006862319006336213, 0.0012787042463636858, 0.014268456248156992
2024-02-10, 0.007361789533519743, 0.002753051298522524, 0.0027449276025344853, 0.005114816985454729, 0.018834362247567234
2024-02-10, 0.004931571343843164, 0.0027530512985225316, 0.005489855205068971, 0.0006393521231818429, 0.01084402674859931
2024-02-10, 0.005376778499601765, 0.0027530512985225316, 0.005489855205068971, 0.0012787042463636858, 0.011985503248451872
2024-02-10, 0.007309127809022616, 0.0, 0.006862319006336213, 0.006393521231818415, 0.015980670997935834
2024-01-11, 0.004948724812157054, 0.0027530512985225316, 0.005489855205068956, 0.0012787042463636858, 0.010273288498673042
2024-01-11, 0.004162951409574524, 0.0, 0.004117391403801713, 0.005114816985454743, 0.007419597249041642
2024-01-11, 0.004162951409574524, 0.0, 0.004117391403801713, 0.005114816985454743, 0.007419597249041642
2024-01-11, 0.004162951409574524, 0.0, 0.004117391403801713, 0.005114816985454743, 0.007419597249041642
2024-01-11, 0.004162951409574524, 0.0, 0.004117391403801713, 0.005114816985454743, 0.007419597249041642
2024-01-11, 0.004162951409574524, 0.0, 0.004117391403801713, 0.005114816985454743, 0.007419597249041642
2024-01-11, 0.004162951409574524, 0.0, 0.004117391403801713, 0.005114816985454743, 0.007419597249041642
2024-01-11, 0.004162951409574524, 0.0, 0.004117391403801713, 0.005114816985454743, 0.007419597249041642
2024-01-11, 0.004162951409574524, 0.0, 0.004117391403801713, 0.005114816985454743, 0.007419597249041642
2024-01-11, 0.004162951409574524, 0.0, 0.004117391403801713, 0.005114816985454743, 0.007419597249041642
2024-01-11, 0.004162951409574524, 0.0, 0.004117391403801713, 0.005114816985454743, 0.007419597249041642
2024-01-11, 0.007519846575095659, 0.008259153895567587, 0.00823478280760344, 0.009590281847727644, 0.003995167749483961
2024-01-11, 0.00593036328121415, 0.0027530512985225316, 0.005489855205068956, 0.0006393521231818429, 0.014839194498083273
2024-01-11, 0.005723584582798694, 0.005506102597045063, 0.0068623190063361985, 0.007672225478182115, 0.002853691249631401
2024-01-11, 0.00662034620489611, 0.002753051298522524, 0.004117391403801713, 0.0019180563695455287, 0.017692885747714673
2023-12-12, 0.0044374534866357725, 0.0, 0.005489855205068956, 0.0025574084927273717, 0.009702550248746764
2023-12-12, 0.0044374534866357725, 0.0, 0.005489855205068956, 0.0025574084927273717, 0.009702550248746764
2023-12-12, 0.0044374534866357725, 0.0, 0.005489855205068956, 0.0025574084927273717, 0.009702550248746764
2023-12-12, 0.0044374534866357725, 0.0, 0.005489855205068956, 0.0025574084927273717, 0.009702550248746764
2023-12-12, 0.0044374534866357725, 0.0, 0.005489855205068956, 0.0025574084927273717, 0.009702550248746764
2023-12-12, 0.0044374534866357725, 0.0, 0.005489855205068956, 0.0025574084927273717, 0.009702550248746764
2023-12-12, 0.0044374534866357725, 0.0, 0.005489855205068956, 0.0025574084927273717, 0.009702550248746764
2023-12-12, 0.0044374534866357725, 0.0, 0.005489855205068956, 0.0025574084927273717, 0.009702550248746764
2023-12-12, 0.0044374534866357725, 0.0, 0.005489855205068956, 0.0025574084927273717, 0.009702550248746764
2023-12-12, 0.0044374534866357725, 0.0, 0.005489855205068956, 0.0025574084927273717, 0.009702550248746764
2023-12-12, 0.0044374534866357725, 0.0, 0.005489855205068956, 0.0025574084927273717, 0.009702550248746764
2023-12-12, 0.009242989262944607, 0.005506102597045063, 0.00274492760253447, 0.007032873355000258, 0.021688053497198635
2023-12-12, 0.006318653216060636, 0.002753051298522524, 0.005489855205068956, 0.0044754648622729, 0.012556241498378164
2023-12-12, 0.005143760274190067, 0.0, 0.00274492760253447, 0.0012787042463636858, 0.016551409247862112
2023-12-12, 0.004647922317931352, 0.0, 0.004117391403801713, 0.0019180563695455287, 0.012556241498378164
2023-11-12, 0.009443095519704944, 0.0027530512985225316, 0.010979710410137926, 0.0006393521231818429, 0.023400268246977475
2023-11-12, 0.009443095519704944, 0.0027530512985225316, 0.010979710410137926, 0.0006393521231818429, 0.023400268246977475
2023-11-12, 0.009443095519704944, 0.0027530512985225316, 0.010979710410137926, 0.0006393521231818429, 0.023400268246977475
2023-11-12, 0.009443095519704944, 0.0027530512985225316, 0.010979710410137926, 0.0006393521231818429, 0.023400268246977475
2023-11-12, 0.009443095519704944, 0.0027530512985225316, 0.010979710410137926, 0.0006393521231818429, 0.023400268246977475
2023-11-12, 0.009443095519704944, 0.0027530512985225316, 0.010979710410137926, 0.0006393521231818429, 0.023400268246977475
2023-11-12, 0.009443095519704944, 0.0027530512985225316, 0.010979710410137926, 0.0006393521231818429, 0.023400268246977475
2023-11-12, 0.009443095519704944, 0.0027530512985225316, 0.010979710410137926, 0.0006393521231818429, 0.023400268246977475
2023-11-12, 0.009443095519704944, 0.0027530512985225316, 0.010979710410137926, 0.0006393521231818429, 0.023400268246977475
2023-11-12, 0.009443095519704944, 0.0027530512985225316, 0.010979710410137926, 0.0006393521231818429, 0.023400268246977475
2023-11-12, 0.009443095519704944, 0.0027530512985225316, 0.010979710410137926, 0.0006393521231818429, 0.023400268246977475
2023-11-12, 0.014730176312397172, 0.011012205194090111, 0.005489855205068971, 0.007032873355000258, 0.03538577149542935
2023-11-12, 0.008374813520597841, 0.0027530512985225316, 0.00823478280760344, 0.007672225478182115, 0.014839194498083273
2023-11-12, 0.01078151662525109, 0.008259153895567587, 0.01372463801267241, 0.010868986094091329, 0.01027328849867303
2023-11-12, 0.012392780598975379, 0.013765256492612642, 0.015097101813939653, 0.012147690340455016, 0.008561073748894203
2023-10-13, 0.01191962812329844, 0.008259153895567587, 0.006862319006336213, 0.010868986094091329, 0.021688053497198635
2023-10-13, 0.009814557117312448, 0.005506102597045063, 0.004117391403801728, 0.010229633970909487, 0.019405100497493513
2023-10-13, 0.009814557117312448, 0.005506102597045063, 0.004117391403801728, 0.010229633970909487, 0.019405100497493513
2023-10-13, 0.009814557117312448, 0.005506102597045063, 0.004117391403801728, 0.010229633970909487, 0.019405100497493513
2023-10-13, 0.009814557117312448, 0.005506102597045063, 0.004117391403801728, 0.010229633970909487, 0.019405100497493513
2023-10-13, 0.009814557117312448, 0.005506102597045063, 0.004117391403801728, 0.010229633970909487, 0.019405100497493513
2023-10-13, 0.009814557117312448, 0.005506102597045063, 0.004117391403801728, 0.010229633970909487, 0.019405100497493513
2023-10-13, 0.009814557117312448, 0.005506102597045063, 0.004117391403801728, 0.010229633970909487, 0.019405100497493513
2023-10-13, 0.009814557117312448, 0.005506102597045063, 0.004117391403801728, 0.010229633970909487, 0.019405100497493513
2023-10-13, 0.009814557117312448, 0.005506102597045063, 0.004117391403801728, 0.010229633970909487, 0.019405100497493513
2023-10-13, 0.009814557117312448, 0.005506102597045063, 0.004117391403801728, 0.010229633970909487, 0.019405100497493513
2023-10-13, 0.003912200046184848, 0.0055061025970450555, 0.0027449276025344853, 0.005114816985454729, 0.0022829529997051208
2023-10-13, 0.004146108766206319, 0.0055061025970450555, 0.0027449276025344853, 0.0031967606159092146, 0.005136644249336521
2023-10-13, 0.002215168730891112, 0.0, 0.0013724638012672426, 0.0006393521231818429, 0.006848858999115362
2023-10-13, 0.016967018248923847, 0.01376525649261265, 0.008234782807603456, 0.017901859449091586, 0.027966174246387702
2023-09-13, 0.007653398494855885, 0.002753051298522524, 0.0027449276025344853, 0.01598380307954606, 0.009131811998820471
2023-09-13, 0.0132309335133678, 0.008259153895567587, 0.0027449276025344853, 0.023656028557728172, 0.018263623997640952
2023-09-13, 0.0132309335133678, 0.008259153895567587, 0.0027449276025344853, 0.023656028557728172, 0.018263623997640952
2023-09-13, 0.0132309335133678, 0.008259153895567587, 0.0027449276025344853, 0.023656028557728172, 0.018263623997640952
2023-09-13, 0.0132309335133678, 0.008259153895567587, 0.0027449276025344853, 0.023656028557728172, 0.018263623997640952
2023-09-13, 0.0132309335133678, 0.008259153895567587, 0.0027449276025344853, 0.023656028557728172, 0.018263623997640952
2023-09-13, 0.0132309335133678, 0.008259153895567587, 0.0027449276025344853, 0.023656028557728172, 0.018263623997640952
2023-09-13, 0.0132309335133678, 0.008259153895567587, 0.0027449276025344853, 0.023656028557728172, 0.018263623997640952
2023-09-13, 0.0132309335133678, 0.008259153895567587, 0.0027449276025344853, 0.023656028557728172, 0.018263623997640952
2023-09-13, 0.0132309335133678, 0.008259153895567587, 0.0027449276025344853, 0.023656028557728172, 0.018263623997640952
2023-09-13, 0.0132309335133678, 0.008259153895567587, 0.0027449276025344853, 0.023656028557728172, 0.018263623997640952
2023-09-13, 0.0058571365025589205, 0.0, 0.0013724638012672426, 0.01406574671000053, 0.00799033549896791
2023-09-13, 0.006847921920466583, 0.002753051298522524, 0.0013724638012672426, 0.014705098833182372, 0.00856107374889419
2023-09-13, 0.010284048072367711, 0.0027530512985225316, 0.0013724638012672426, 0.02045926794181896, 0.016551409247862112
2023-09-13, 0.020240710082497632, 0.016518307791135174, 0.006862319006336213, 0.031328254035910275, 0.026253959496608862
2023-08-14, 0.006664644000945234, 0.0027530512985225316, 0.0, 0.015344450956364216, 0.00856107374889419
2023-08-14, 0.01209949445697558, 0.008259153895567594, 0.0, 0.02301667643454633, 0.01712214749778839
2023-08-14, 0.01209949445697558, 0.008259153895567594, 0.0, 0.02301667643454633, 0.01712214749778839
2023-08-14, 0.01209949445697558, 0.008259153895567594, 0.0, 0.02301667643454633, 0.01712214749778839
2023-08-14, 0.01209949445697558, 0.008259153895567594, 0.0, 0.02301667643454633, 0.01712214749778839
2023-08-14, 0.01209949445697558, 0.008259153895567594, 0.0, 0.02301667643454633, 0.01712214749778839
2023-08-14, 0.01209949445697558, 0.008259153895567594, 0.0, 0.02301667643454633, 0.01712214749778839
2023-08-14, 0.01209949445697558, 0.008259153895567594, 0.0, 0.02301667643454633, 0.01712214749778839
2023-08-14, 0.01209949445697558, 0.008259153895567594, 0.0, 0.02301667643454633, 0.01712214749778839
2023-08-14, 0.01209949445697558, 0.008259153895567594, 0.0, 0.02301667643454633, 0.01712214749778839
2023-08-14, 0.01209949445697558, 0.008259153895567594, 0.0, 0.02301667643454633, 0.01712214749778839
2023-08-14, 0.009451380586204181, 0.0027530512985225316, 0.0027449276025344853, 0.019180563695455274, 0.013126979748304431
2023-08-14, 0.012502077331697389, 0.005506102597045063, 0.0013724638012672426, 0.024295380680910018, 0.018834362247567234
2023-08-14, 0.00860187045667244, 0.008259153895567594, 0.00274492760253447, 0.01598380307954606, 0.007419597249041642
2023-08-14, 0.00959406514868575, 0.0027530512985225316, 0.0027449276025344853, 0.019180563695455274, 0.013697717998230712
2023-07-15, 0.008991036579999473, 0.00825915389556758, 0.005489855205068971, 0.010229633970909473, 0.011985503248451872
2023-07-15, 0.014267769104285679, 0.011012205194090111, 0.004117391403801728, 0.018541211572273415, 0.02340026824697746
2023-07-15, 0.014267769104285679, 0.011012205194090111, 0.004117391403801728, 0.018541211572273415, 0.02340026824697746
2023-07-15, 0.014267769104285679, 0.011012205194090111, 0.004117391403801728, 0.018541211572273415, 0.02340026824697746
2023-07-15, 0.014267769104285679, 0.011012205194090111, 0.004117391403801728, 0.018541211572273415, 0.02340026824697746
2023-07-15, 0.014267769104285679, 0.011012205194090111, 0.004117391403801728, 0.018541211572273415, 0.02340026824697746
2023-07-15, 0.014267769104285679, 0.011012205194090111, 0.004117391403801728, 0.018541211572273415, 0.02340026824697746
2023-07-15, 0.014267769104285679, 0.011012205194090111, 0.004117391403801728, 0.018541211572273415, 0.02340026824697746
2023-07-15, 0.014267769104285679, 0.011012205194090111, 0.004117391403801728, 0.018541211572273415, 0.02340026824697746
2023-07-15, 0.014267769104285679, 0.011012205194090111, 0.004117391403801728, 0.018541211572273415, 0.02340026824697746
2023-07-15, 0.014267769104285679, 0.011012205194090111, 0.004117391403801728, 0.018541211572273415, 0.02340026824697746
2023-07-15, 0.00820443357297539, 0.005506102597045048, 0.0027449276025344853, 0.010868986094091315, 0.013697717998230712
2023-07-15, 0.013772821642636738, 0.00825915389556758, 0.0027449276025344853, 0.017262507325909743, 0.026824697746535144
2023-07-15, 0.005901466576517813, 0.0027530512985225165, 0.004117391403801728, 0.007032873355000258, 0.00970255024874675
2023-07-15, 0.0038541423958854955, 0.0, 0.0027449276025344853, 0.006393521231818415, 0.006278120749189082
2023-06-15, 0.004139511520848632, 0.0, 0.0027449276025344853, 0.006393521231818415, 0.007419597249041629
2023-06-15, 0.01395692916659964, 0.00825915389556758, 0.005489855205068971, 0.019819915818637103, 0.0222587917471249
2023-06-15, 0.01395692916659964, 0.00825915389556758, 0.005489855205068971, 0.019819915818637103, 0.0222587917471249
2023-06-15, 0.01395692916659964, 0.00825915389556758, 0.005489855205068971, 0.019819915818637103, 0.0222587917471249
2023-06-15, 0.01395692916659964, 0.00825915389556758, 0.005489855205068971, 0.019819915818637103, 0.0222587917471249
2023-06-15, 0.01395692916659964, 0.00825915389556758, 0.005489855205068971, 0.019819915818637103, 0.0222587917471249
2023-06-15, 0.01395692916659964, 0.00825915389556758, 0.005489855205068971, 0.019819915818637103, 0.0222587917471249
2023-06-15, 0.01395692916659964, 0.00825915389556758, 0.005489855205068971, 0.019819915818637103, 0.0222587917471249
2023-06-15, 0.01395692916659964, 0.00825915389556758, 0.005489855205068971, 0.019819915818637103, 0.0222587917471249
2023-06-15, 0.01395692916659964, 0.00825915389556758, 0.005489855205068971, 0.019819915818637103, 0.0222587917471249
2023-06-15, 0.01395692916659964, 0.00825915389556758, 0.005489855205068971, 0.019819915818637103, 0.0222587917471249
2023-06-15, 0.0024842139919819114, 0.0, 0.0027449276025344853, 0.0031967606159092003, 0.003995167749483961
2023-06-15, 0.006809034356348909, 0.0027530512985225316, 0.004117391403801728, 0.008950929724545786, 0.011414764998525591
2023-06-15, 0.02547226862225416, 0.019271359089657696, 0.006862319006336213, 0.03580371889818316, 0.03995167749483958
2023-06-15, 0.01828378045496365, 0.013765256492612642, 0.004117391403801728, 0.02557408492727369, 0.029678388996166545
2023-05-16, 0.0038733267881963978, 0.0027530512985225316, 0.0, 0.007032873355000258, 0.005707382499262802
2023-05-16, 0.015614257619463374, 0.011012205194090111, 0.0027449276025344853, 0.023016676434546315, 0.025683221246682583
2023-05-16, 0.015614257619463374, 0.011012205194090111, 0.0027449276025344853, 0.023016676434546315, 0.025683221246682583
2023-05-16, 0.015614257619463374, 0.011012205194090111, 0.0027449276025344853, 0.023016676434546315, 0.025683221246682583
2023-05-16, 0.015614257619463374, 0.011012205194090111, 0.0027449276025344853, 0.023016676434546315, 0.025683221246682583
2023-05-16, 0.015614257619463374, 0.011012205194090111, 0.0027449276025344853, 0.023016676434546315, 0.025683221246682583
2023-05-16, 0.015614257619463374, 0.011012205194090111, 0.0027449276025344853, 0.023016676434546315, 0.025683221246682583
2023-05-16, 0.015614257619463374, 0.011012205194090111, 0.0027449276025344853, 0.023016676434546315, 0.025683221246682583
2023-05-16, 0.015614257619463374, 0.011012205194090111, 0.0027449276025344853, 0.023016676434546315, 0.025683221246682583
2023-05-16, 0.015614257619463374, 0.011012205194090111, 0.0027449276025344853, 0.023016676434546315, 0.025683221246682583
2023-05-16, 0.015614257619463374, 0.011012205194090111, 0.0027449276025344853, 0.023016676434546315, 0.025683221246682583
2023-05-16, 0.004452901162027555, 0.0, 0.0013724638012672426, 0.009590281847727629, 0.00684885899911535
2023-05-16, 0.026462224435720272, 0.022024410388180236, 0.005489855205068971, 0.0332463104054558, 0.04508832174417608
2023-05-16, 0.01122082338184082, 0.008259153895567594, 0.0013724638012672426, 0.014705098833182372, 0.020546576997346074
2023-05-16, 0.0033854953514010056, 0.0, 0.0013724638012672426, 0.007032873355000258, 0.005136644249336521
2023-04-16, 0.0050453592016283955, 0.0027530512985225316, 0.004117391403801713, 0.007032873355000258, 0.006278120749189082
2023-04-16, 0.016204684735067205, 0.011012205194090127, 0.00823478280760344, 0.020459267941818945, 0.0251124829967563
2023-04-16, 0.016204684735067205, 0.011012205194090127, 0.00823478280760344, 0.020459267941818945, 0.0251124829967563
2023-04-16, 0.016204684735067205, 0.011012205194090127, 0.00823478280760344, 0.020459267941818945, 0.0251124829967563
2023-04-16, 0.016204684735067205, 0.011012205194090127, 0.00823478280760344, 0.020459267941818945, 0.0251124829967563
2023-04-16, 0.016204684735067205, 0.011012205194090127, 0.00823478280760344, 0.020459267941818945, 0.0251124829967563
2023-04-16, 0.016204684735067205, 0.011012205194090127, 0.00823478280760344, 0.020459267941818945, 0.0251124829967563
2023-04-16, 0.016204684735067205, 0.011012205194090127, 0.00823478280760344, 0.020459267941818945, 0.0251124829967563
2023-04-16, 0.016204684735067205, 0.011012205194090127, 0.00823478280760344, 0.020459267941818945, 0.0251124829967563
2023-04-16, 0.016204684735067205, 0.011012205194090127, 0.00823478280760344, 0.020459267941818945, 0.0251124829967563
2023-04-16, 0.016204684735067205, 0.011012205194090127, 0.00823478280760344, 0.020459267941818945, 0.0251124829967563
2023-04-16, 0.005793088950664025, 0.0027530512985225316, 0.004117391403801713, 0.008311577601363944, 0.00799033549896791
2023-04-16, 0.024619290620521712, 0.008259153895567594, 0.005489855205068956, 0.03963983163727422, 0.04508832174417608
2023-04-16, 0.01201970271087243, 0.0027530512985225316, 0.00274492760253447, 0.019180563695455257, 0.02340026824697746
2023-04-16, 0.021204884258295156, 0.011012205194090127, 0.00823478280760344, 0.031328254035910275, 0.03424429499557678
2023-03-17, 0.003856173319882507, 0.0027530512985225165, 0.0, 0.006393521231818429, 0.006278120749189082
2023-03-17, 0.01366413319183727, 0.0027530512985225316, 0.004117391403801728, 0.019819915818637117, 0.027966174246387702
2023-03-17, 0.01366413319183727, 0.0027530512985225316, 0.004117391403801728, 0.019819915818637117, 0.027966174246387702
2023-03-17, 0.01366413319183727, 0.0027530512985225316, 0.004117391403801728, 0.019819915818637117, 0.027966174246387702
2023-03-17, 0.01366413319183727, 0.0027530512985225316, 0.004117391403801728, 0.019819915818637117, 0.027966174246387702
2023-03-17, 0.01366413319183727, 0.0027530512985225316, 0.004117391403801728, 0.019819915818637117, 0.027966174246387702
2023-03-17, 0.01366413319183727, 0.0027530512985225316, 0.004117391403801728, 0.019819915818637117, 0.027966174246387702
2023-03-17, 0.01366413319183727, 0.0027530512985225316, 0.004117391403801728, 0.019819915818637117, 0.027966174246387702
2023-03-17, 0.01366413319183727, 0.0027530512985225316, 0.004117391403801728, 0.019819915818637117, 0.027966174246387702
2023-03-17, 0.01366413319183727, 0.0027530512985225316, 0.004117391403801728, 0.019819915818637117, 0.027966174246387702
2023-03-17, 0.01366413319183727, 0.0027530512985225316, 0.004117391403801728, 0.019819915818637117, 0.027966174246387702
2023-03-17, 0.005005076669534299, 0.00825915389556758, 0.0013724638012672275, 0.006393521231818429, 0.003995167749483961
2023-03-17, 0.024564390017477393, 0.013765256492612657, 0.008234782807603456, 0.03516436677500133, 0.041093153994692135
2023-03-17, 0.00976108009450298, 0.0, 0.0013724638012672426, 0.01598380307954606, 0.02168805349719862
2023-03-17, 0.019686875366107782, 0.008259153895567594, 0.004117391403801728, 0.028131493420001073, 0.03823946274506074
2023-02-15, 0.004072038076980306, 0.005506102597045048, 0.00274492760253447, 0.005754169108636586, 0.0022829529997051208
2023-02-15, 0.01428633184670522, 0.0027530512985225316, 0.004117391403801713, 0.021737972188182644, 0.028536912496313984
2023-02-15, 0.01428633184670522, 0.0027530512985225316, 0.004117391403801713, 0.021737972188182644, 0.028536912496313984
2023-02-15, 0.01428633184670522, 0.0027530512985225316, 0.004117391403801713, 0.021737972188182644, 0.028536912496313984
2023-02-15, 0.01428633184670522, 0.0027530512985225316, 0.004117391403801713, 0.021737972188182644, 0.028536912496313984
2023-02-15, 0.01428633184670522, 0.0027530512985225316, 0.004117391403801713, 0.021737972188182644, 0.028536912496313984
2023-02-15, 0.01428633184670522, 0.0027530512985225316, 0.004117391403801713, 0.021737972188182644, 0.028536912496313984
2023-02-15, 0.01428633184670522, 0.0027530512985225316, 0.004117391403801713, 0.021737972188182644, 0.028536912496313984
2023-02-15, 0.01428633184670522, 0.0027530512985225316, 0.004117391403801713, 0.021737972188182644, 0.028536912496313984
2023-02-15, 0.01428633184670522, 0.0027530512985225316, 0.004117391403801713, 0.021737972188182644, 0.028536912496313984
2023-02-15, 0.01428633184670522, 0.0027530512985225316, 0.004117391403801713, 0.021737972188182644, 0.028536912496313984
2023-02-15, 0.004299660376589772, 0.005506102597045048, 0.0013724638012672275, 0.005754169108636586, 0.0045659059994102285
2023-02-15, 0.02149197348230962, 0.008259153895567594, 0.0068623190063361985, 0.03260695828227396, 0.03823946274506074
2023-02-15, 0.004457467483388225, 0.0027530512985225316, 0.004117391403801713, 0.006393521231818429, 0.0045659059994102285
2023-02-15, 0.0040975088897032075, 0.00825915389556758, 0.0013724638012672275, 0.0044754648622729, 0.0022829529997051208
2023-01-16, 0.006018100656612395, 0.00825915389556758, 0.006862319006336213, 0.008950929724545786, 0.0
2023-01-16, 0.012634399319643703, 0.0027530512985225316, 0.010979710410137926, 0.018541211572273415, 0.018263623997640942
2023-01-16, 0.012634399319643703, 0.0027530512985225316, 0.010979710410137926, 0.018541211572273415, 0.018263623997640942
2023-01-16, 0.012634399319643703, 0.0027530512985225316, 0.010979710410137926, 0.018541211572273415, 0.018263623997640942
2023-01-16, 0.012634399319643703, 0.0027530512985225316, 0.010979710410137926, 0.018541211572273415, 0.018263623997640942
2023-01-16, 0.012634399319643703, 0.0027530512985225316, 0.010979710410137926, 0.018541211572273415, 0.018263623997640942
2023-01-16, 0.012634399319643703, 0.0027530512985225316, 0.010979710410137926, 0.018541211572273415, 0.018263623997640942
2023-01-16, 0.012634399319643703, 0.0027530512985225316, 0.010979710410137926, 0.018541211572273415, 0.018263623997640942
2023-01-16, 0.012634399319643703, 0.0027530512985225316, 0.010979710410137926, 0.018541211572273415, 0.018263623997640942
2023-01-16, 0.012634399319643703, 0.0027530512985225316, 0.010979710410137926, 0.018541211572273415, 0.018263623997640942
2023-01-16, 0.012634399319643703, 0.0027530512985225316, 0.010979710410137926, 0.018541211572273415, 0.018263623997640942
2023-01-16, 0.005334093328396745, 0.0027530512985225316, 0.010979710410137926, 0.007032873355000258, 0.0005707382499262675
2023-01-16, 0.005027004413759044, 0.0, 0.00823478280760344, 0.009590281847727629, 0.002282952999705108
2023-01-16, 0.025542796242982016, 0.008259153895567594, 0.015097101813939653, 0.037721775267728685, 0.04109315399469212
2023-01-16, 0.010039776777810993, 0.0, 0.010979710410137926, 0.0166231552027279, 0.01255624149837815
2022-12-17, 0.006291787435361308, 0.005506102597045048, 0.0013724638012672426, 0.010868986094091315, 0.007419597249041629
2022-12-17, 0.01295529100691931, 0.0027530512985225316, 0.0013724638012672426, 0.02429538068091, 0.02340026824697746
2022-12-17, 0.01295529100691931, 0.0027530512985225316, 0.0013724638012672426, 0.02429538068091, 0.02340026824697746
2022-12-17, 0.01295529100691931, 0.0027530512985225316, 0.0013724638012672426, 0.02429538068091, 0.02340026824697746
2022-12-17, 0.01295529100691931, 0.0027530512985225316, 0.0013724638012672426, 0.02429538068091, 0.02340026824697746
2022-12-17, 0.01295529100691931, 0.0027530512985225316, 0.0013724638012672426, 0.02429538068091, 0.02340026824697746
2022-12-17, 0.01295529100691931, 0.0027530512985225316, 0.0013724638012672426, 0.02429538068091, 0.02340026824697746
2022-12-17, 0.01295529100691931, 0.0027530512985225316, 0.0013724638012672426, 0.02429538068091, 0.02340026824697746
2022-12-17, 0.01295529100691931, 0.0027530512985225316, 0.0013724638012672426, 0.02429538068091, 0.02340026824697746
2022-12-17, 0.01295529100691931, 0.0027530512985225316, 0.0013724638012672426, 0.02429538068091, 0.02340026824697746
2022-12-17, 0.01295529100691931, 0.0027530512985225316, 0.0013724638012672426, 0.02429538068091, 0.02340026824697746
2022-12-17, 0.00650937229151044, 0.005506102597045048, 0.0027449276025344853, 0.011508338217273158, 0.006278120749189069
2022-12-17, 0.020486895124526634, 0.008259153895567594, 0.005489855205068971, 0.03452501465181947, 0.03367355674565049
2022-12-17, 0.008962719544967232, 0.0, 0.0027449276025344853, 0.01598380307954606, 0.01712214749778838
2022-12-17, 0.003217650801142211, 0.0027530512985225165, 0.0013724638012672426, 0.007032873355000258, 0.0017122147497788279
2022-11-17, 0.005539787883781471, 0.011012205194090111, 0.0027449276025344853, 0.0038361127390910575, 0.0045659059994102285
2022-11-17, 0.01625390626146168, 0.019271359089657707, 0.006862319006336213, 0.0166231552027279, 0.0222587917471249
2022-11-17, 0.01625390626146168, 0.019271359089657707, 0.006862319006336213, 0.0166231552027279, 0.0222587917471249
2022-11-17, 0.01625390626146168, 0.019271359089657707, 0.006862319006336213, 0.0166231552027279, 0.0222587917471249
2022-11-17, 0.01625390626146168, 0.019271359089657707, 0.006862319006336213, 0.0166231552027279, 0.0222587917471249
2022-11-17, 0.01625390626146168, 0.019271359089657707, 0.006862319006336213, 0.0166231552027279, 0.0222587917471249
2022-11-17, 0.01625390626146168, 0.019271359089657707, 0.006862319006336213, 0.0166231552027279, 0.0222587917471249
2022-11-17, 0.01625390626146168, 0.019271359089657707, 0.006862319006336213, 0.0166231552027279, 0.0222587917471249
2022-11-17, 0.01625390626146168, 0.019271359089657707, 0.006862319006336213, 0.0166231552027279, 0.0222587917471249
2022-11-17, 0.01625390626146168, 0.019271359089657707, 0.006862319006336213, 0.0166231552027279, 0.0222587917471249
2022-11-17, 0.01625390626146168, 0.019271359089657707, 0.006862319006336213, 0.0166231552027279, 0.0222587917471249
2022-11-17, 0.004851525059150838, 0.00825915389556758, 0.0027449276025344853, 0.0038361127390910575, 0.0045659059994102285
2022-11-17, 0.007035247381852734, 0.011012205194090111, 0.0027449276025344853, 0.006393521231818429, 0.00799033549896791
2022-11-17, 0.0264567533136206, 0.024777461686702754, 0.010979710410137926, 0.030688901912728432, 0.039380939244913295
2022-11-17, 0.012188984209334919, 0.013765256492612642, 0.006862319006336213, 0.012147690340455, 0.01598067099793582
2022-10-18, 0.007412359443851642, 0.005506102597045063, 0.005489855205068971, 0.008950929724545786, 0.00970255024874675
2022-10-18, 0.016971288051468057, 0.008259153895567594, 0.006862319006336213, 0.023656028557728158, 0.029107650746240263
2022-10-18, 0.016971288051468057, 0.008259153895567594, 0.006862319006336213, 0.023656028557728158, 0.029107650746240263
2022-10-18, 0.016971288051468057, 0.008259153895567594, 0.006862319006336213, 0.023656028557728158, 0.029107650746240263
2022-10-18, 0.016971288051468057, 0.008259153895567594, 0.006862319006336213, 0.023656028557728158, 0.029107650746240263
2022-10-18, 0.016971288051468057, 0.008259153895567594, 0.006862319006336213, 0.023656028557728158, 0.029107650746240263
2022-10-18, 0.016971288051468057, 0.008259153895567594, 0.006862319006336213, 0.023656028557728158, 0.029107650746240263
2022-10-18, 0.016971288051468057, 0.008259153895567594, 0.006862319006336213, 0.023656028557728158, 0.029107650746240263
2022-10-18, 0.016971288051468057, 0.008259153895567594, 0.006862319006336213, 0.023656028557728158, 0.029107650746240263
2022-10-18, 0.016971288051468057, 0.008259153895567594, 0.006862319006336213, 0.023656028557728158, 0.029107650746240263
2022-10-18, 0.016971288051468057, 0.008259153895567594, 0.006862319006336213, 0.023656028557728158, 0.029107650746240263
2022-10-18, 0.006078458075627169, 0.0027530512985225316, 0.004117391403801728, 0.008311577601363944, 0.009131811998820471
2022-10-18, 0.008238429684657492, 0.0, 0.004117391403801728, 0.013426394586818687, 0.015409932748009551
2022-10-18, 0.011397504056004485, 0.0027530512985225316, 0.0027449276025344853, 0.01726250732590973, 0.022829529997051193
2022-10-18, 0.02507078419669232, 0.008259153895567594, 0.006862319006336213, 0.038361127390910535, 0.046800536493954936
2022-09-18, 0.00980514132374347, 0.016518307791135174, 0.004117391403801728, 0.008311577601363944, 0.01027328849867303
2022-09-18, 0.015507274961586002, 0.005506102597045048, 0.00823478280760344, 0.019180563695455257, 0.029107650746240263
2022-09-18, 0.015507274961586002, 0.005506102597045048, 0.00823478280760344, 0.019180563695455257, 0.029107650746240263
2022-09-18, 0.015507274961586002, 0.005506102597045048, 0.00823478280760344, 0.019180563695455257, 0.029107650746240263
2022-09-18, 0.015507274961586002, 0.005506102597045048, 0.00823478280760344, 0.019180563695455257, 0.029107650746240263
2022-09-18, 0.015507274961586002, 0.005506102597045048, 0.00823478280760344, 0.019180563695455257, 0.029107650746240263
2022-09-18, 0.015507274961586002, 0.005506102597045048, 0.00823478280760344, 0.019180563695455257, 0.029107650746240263
2022-09-18, 0.015507274961586002, 0.005506102597045048, 0.00823478280760344, 0.019180563695455257, 0.029107650746240263
2022-09-18, 0.015507274961586002, 0.005506102597045048, 0.00823478280760344, 0.019180563695455257, 0.029107650746240263
2022-09-18, 0.015507274961586002, 0.005506102597045048, 0.00823478280760344, 0.019180563695455257, 0.029107650746240263
2022-09-18, 0.015507274961586002, 0.005506102597045048, 0.00823478280760344, 0.019180563695455257, 0.029107650746240263
2022-09-18, 0.010063319536932385, 0.016518307791135174, 0.006862319006336213, 0.008311577601363944, 0.008561073748894203
2022-09-18, 0.018978226829610784, 0.0, 0.010979710410137926, 0.030688901912728432, 0.03424429499557678
2022-09-18, 0.011655993094139078, 0.00825915389556758, 0.004117391403801728, 0.01598380307954606, 0.018263623997640952
2022-09-18, 0.019399164492201942, 0.0, 0.00823478280760344, 0.029410197666364744, 0.03995167749483958
2022-08-19, 0.006909716287685054, 0.011012205194090111, 0.0027449276025344853, 0.007032873355000258, 0.006848858999115362
2022-08-19, 0.013137739321999105, 0.0027530512985225316, 0.0013724638012672426, 0.020459267941818945, 0.027966174246387702
2022-08-19, 0.013137739321999105, 0.0027530512985225316, 0.0013724638012672426, 0.020459267941818945, 0.027966174246387702
2022-08-19, 0.013137739321999105, 0.0027530512985225316, 0.0013724638012672426, 0.020459267941818945, 0.027966174246387702
2022-08-19, 0.013137739321999105, 0.0027530512985225316, 0.0013724638012672426, 0.020459267941818945, 0.027966174246387702
2022-08-19, 0.013137739321999105, 0.0027530512985225316, 0.0013724638012672426, 0.020459267941818945, 0.027966174246387702
2022-08-19, 0.013137739321999105, 0.0027530512985225316, 0.0013724638012672426, 0.020459267941818945, 0.027966174246387702
2022-08-19, 0.013137739321999105, 0.0027530512985225316, 0.0013724638012672426, 0.020459267941818945, 0.027966174246387702
2022-08-19, 0.013137739321999105, 0.0027530512985225316, 0.0013724638012672426, 0.020459267941818945, 0.027966174246387702
2022-08-19, 0.013137739321999105, 0.0027530512985225316, 0.0013724638012672426, 0.020459267941818945, 0.027966174246387702
2022-08-19, 0.013137739321999105, 0.0027530512985225316, 0.0013724638012672426, 0.020459267941818945, 0.027966174246387702
2022-08-19, 0.004930176375866738, 0.00825915389556758, 0.0, 0.005754169108636572, 0.005707382499262802
2022-08-19, 0.019435813177772425, 0.008259153895567594, 0.004117391403801728, 0.029410197666364744, 0.03595650974535563
2022-08-19, 0.009290712950967166, 0.0027530512985225316, 0.0013724638012672426, 0.015344450956364216, 0.017692885747714673
2022-08-19, 0.007190208266341841, 0.0027530512985225316, 0.0013724638012672426, 0.011508338217273158, 0.013126979748304431
2022-07-20, 0.006021022075219181, 0.00825915389556758, 0.0013724638012672426, 0.007032873355000258, 0.007419597249041642
2022-07-20, 0.011168161657343691, 0.005506102597045063, 0.005489855205068971, 0.01598380307954606, 0.017692885747714673
2022-07-20, 0.011168161657343691, 0.005506102597045063, 0.005489855205068971, 0.01598380307954606, 0.017692885747714673
2022-07-20, 0.011168161657343691, 0.005506102597045063, 0.005489855205068971, 0.01598380307954606, 0.017692885747714673
2022-07-20, 0.011168161657343691, 0.005506102597045063, 0.005489855205068971, 0.01598380307954606, 0.017692885747714673
2022-07-20, 0.011168161657343691, 0.005506102597045063, 0.005489855205068971, 0.01598380307954606, 0.017692885747714673
2022-07-20, 0.011168161657343691, 0.005506102597045063, 0.005489855205068971, 0.01598380307954606, 0.017692885747714673
2022-07-20, 0.011168161657343691, 0.005506102597045063, 0.005489855205068971, 0.01598380307954606, 0.017692885747714673
2022-07-20, 0.011168161657343691, 0.005506102597045063, 0.005489855205068971, 0.01598380307954606, 0.017692885747714673
2022-07-20, 0.011168161657343691, 0.005506102597045063, 0.005489855205068971, 0.01598380307954606, 0.017692885747714673
2022-07-20, 0.011168161657343691, 0.005506102597045063, 0.005489855205068971, 0.01598380307954606, 0.017692885747714673
2022-07-20, 0.0063469845572221, 0.00825915389556758, 0.0027449276025344853, 0.006393521231818415, 0.007990335498967922
2022-07-20, 0.01874755035314179, 0.005506102597045063, 0.004117391403801728, 0.029410197666364744, 0.03595650974535563
2022-07-20, 0.00753504431570998, 0.0, 0.0013724638012672426, 0.012787042463636844, 0.015980670997935834
2022-07-20, 0.015939909276520614, 0.005506102597045063, 0.005489855205068971, 0.023656028557728158, 0.029107650746240263
2022-06-20, 0.005113143470442409, 0.0027530512985225316, 0.0027449276025344853, 0.006393521231818415, 0.008561073748894203
2022-06-20, 0.010920020887615114, 0.005506102597045048, 0.0, 0.015344450956364216, 0.022829529997051193
2022-06-20, 0.010920020887615114, 0.005506102597045048, 0.0, 0.015344450956364216, 0.022829529997051193
2022-06-20, 0.010920020887615114, 0.005506102597045048, 0.0, 0.015344450956364216, 0.022829529997051193
2022-06-20, 0.010920020887615114, 0.005506102597045048, 0.0, 0.015344450956364216, 0.022829529997051193
2022-06-20, 0.010920020887615114, 0.005506102597045048, 0.0, 0.015344450956364216, 0.022829529997051193
2022-06-20, 0.010920020887615114, 0.005506102597045048, 0.0, 0.015344450956364216, 0.022829529997051193
2022-06-20, 0.010920020887615114, 0.005506102597045048, 0.0, 0.015344450956364216, 0.022829529997051193
2022-06-20, 0.010920020887615114, 0.005506102597045048, 0.0, 0.015344450956364216, 0.022829529997051193
2022-06-20, 0.010920020887615114, 0.005506102597045048, 0.0, 0.015344450956364216, 0.022829529997051193
2022-06-20, 0.010920020887615114, 0.005506102597045048, 0.0, 0.015344450956364216, 0.022829529997051193
2022-06-20, 0.005801406295073042, 0.005506102597045063, 0.0027449276025344853, 0.006393521231818415, 0.008561073748894203
2022-06-20, 0.02132361015255497, 0.016518307791135174, 0.004117391403801728, 0.02813149342000106, 0.036527247995281904
2022-06-20, 0.009465154746583632, 0.005506102597045048, 0.0013724638012672426, 0.012147690340455, 0.018834362247567234
2022-06-20, 0.01632940053092255, 0.00825915389556758, 0.0013724638012672426, 0.02429538068091, 0.031390603745945385
2022-05-21, 0.005236954465558764, 0.005506102597045063, 0.004117391403801728, 0.0044754648622729, 0.006848858999115362
2022-05-21, 0.0101551376702656, 0.005506102597045063, 0.0, 0.0134263945868187, 0.021688053497198635
2022-05-21, 0.0101551376702656, 0.005506102597045063, 0.0, 0.0134263945868187, 0.021688053497198635
2022-05-21, 0.0101551376702656, 0.005506102597045063, 0.0, 0.0134263945868187, 0.021688053497198635
2022-05-21, 0.0101551376702656, 0.005506102597045063, 0.0, 0.0134263945868187, 0.021688053497198635
2022-05-21, 0.0101551376702656, 0.005506102597045063, 0.0, 0.0134263945868187, 0.021688053497198635
2022-05-21, 0.0101551376702656, 0.005506102597045063, 0.0, 0.0134263945868187, 0.021688053497198635
2022-05-21, 0.0101551376702656, 0.005506102597045063, 0.0, 0.0134263945868187, 0.021688053497198635
2022-05-21, 0.0101551376702656, 0.005506102597045063, 0.0, 0.0134263945868187, 0.021688053497198635
2022-05-21, 0.0101551376702656, 0.005506102597045063, 0.0, 0.0134263945868187, 0.021688053497198635
2022-05-21, 0.0101551376702656, 0.005506102597045063, 0.0, 0.0134263945868187, 0.021688053497198635
2022-05-21, 0.005179207640205092, 0.005506102597045063, 0.0027449276025344853, 0.0044754648622729, 0.007990335498967922
2022-05-21, 0.016956165507151177, 0.011012205194090111, 0.004117391403801728, 0.02301667643454633, 0.029678388996166545
2022-05-21, 0.00614624234444118, 0.0027530512985225316, 0.0027449276025344853, 0.007672225478182115, 0.011414764998525591
2022-05-21, 0.005364205658777768, 0.0027530512985225316, 0.0027449276025344853, 0.005114816985454743, 0.01084402674859931
2022-04-21, 0.007550774203788995, 0.011012205194090111, 0.0068623190063361985, 0.0031967606159092003, 0.009131811998820471
2022-04-21, 0.011714319589156839, 0.0, 0.004117391403801713, 0.015344450956364216, 0.027395435996461423
2022-04-21, 0.011714319589156839, 0.0, 0.004117391403801713, 0.015344450956364216, 0.027395435996461423
2022-04-21, 0.011714319589156839, 0.0, 0.004117391403801713, 0.015344450956364216, 0.027395435996461423
2022-04-21, 0.011714319589156839, 0.0, 0.004117391403801713, 0.015344450956364216, 0.027395435996461423
2022-04-21, 0.011714319589156839, 0.0, 0.004117391403801713, 0.015344450956364216, 0.027395435996461423
2022-04-21, 0.011714319589156839, 0.0, 0.004117391403801713, 0.015344450956364216, 0.027395435996461423
2022-04-21, 0.011714319589156839, 0.0, 0.004117391403801713, 0.015344450956364216, 0.027395435996461423
2022-04-21, 0.011714319589156839, 0.0, 0.004117391403801713, 0.015344450956364216, 0.027395435996461423
2022-04-21, 0.011714319589156839, 0.0, 0.004117391403801713, 0.015344450956364216, 0.027395435996461423
2022-04-21, 0.011714319589156839, 0.0, 0.004117391403801713, 0.015344450956364216, 0.027395435996461423
2022-04-21, 0.007165033972435393, 0.00825915389556758, 0.0068623190063361985, 0.003836112739091043, 0.00970255024874675
2022-04-21, 0.01792948663179926, 0.008259153895567594, 0.005489855205068956, 0.02429538068091, 0.03367355674565049
2022-04-21, 0.006923698402614689, 0.0027530512985225165, 0.005489855205068956, 0.005754169108636572, 0.013697717998230712
2022-04-21, 0.013572390254801501, 0.008259153895567594, 0.0013724638012672426, 0.017262507325909743, 0.027395435996461423
2022-03-22, 0.00506968958496406, 0.0, 0.0027449276025344853, 0.003836112739091043, 0.013697717998230712
2022-03-22, 0.01008449287301302, 0.0027530512985225316, 0.0027449276025344853, 0.010868986094091315, 0.023971006496903743
2022-03-22, 0.01008449287301302, 0.0027530512985225316, 0.0027449276025344853, 0.010868986094091315, 0.023971006496903743
2022-03-22, 0.01008449287301302, 0.0027530512985225316, 0.0027449276025344853, 0.010868986094091315, 0.023971006496903743
2022-03-22, 0.01008449287301302, 0.0027530512985225316, 0.0027449276025344853, 0.010868986094091315, 0.023971006496903743
2022-03-22, 0.01008449287301302, 0.0027530512985225316, 0.0027449276025344853, 0.010868986094091315, 0.023971006496903743
2022-03-22, 0.01008449287301302, 0.0027530512985225316, 0.0027449276025344853, 0.010868986094091315, 0.023971006496903743
2022-03-22, 0.01008449287301302, 0.0027530512985225316, 0.0027449276025344853, 0.010868986094091315, 0.023971006496903743
2022-03-22, 0.01008449287301302, 0.0027530512985225316, 0.0027449276025344853, 0.010868986094091315, 0.023971006496903743
2022-03-22, 0.01008449287301302, 0.0027530512985225316, 0.0027449276025344853, 0.010868986094091315, 0.023971006496903743
2022-03-22, 0.01008449287301302, 0.0027530512985225316, 0.0027449276025344853, 0.010868986094091315, 0.023971006496903743
2022-03-22, 0.007939643808299571, 0.0027530512985225316, 0.005489855205068956, 0.006393521231818415, 0.01712214749778838
2022-03-22, 0.006000697253521041, 0.0, 0.004117391403801728, 0.004475464862272886, 0.015409932748009551
2022-03-22, 0.005312745253836092, 0.0027530512985225316, 0.0027449276025344853, 0.0031967606159092003, 0.01255624149837815
2022-03-22, 0.0047654468926357045, 0.0027530512985225316, 0.004117391403801728, 0.0019180563695455287, 0.01027328849867303
2022-02-20, 0.006682673657739673, 0.0027530512985225316, 0.00274492760253447, 0.006393521231818415, 0.014839194498083273
2022-02-20, 0.014761576136547383, 0.00825915389556758, 0.005489855205068956, 0.017901859449091572, 0.027395435996461423
2022-02-20, 0.014761576136547383, 0.00825915389556758, 0.005489855205068956, 0.017901859449091572, 0.027395435996461423
2022-02-20, 0.014761576136547383, 0.00825915389556758, 0.005489855205068956, 0.017901859449091572, 0.027395435996461423
2022-02-20, 0.014761576136547383, 0.00825915389556758, 0.005489855205068956, 0.017901859449091572, 0.027395435996461423
2022-02-20, 0.014761576136547383, 0.00825915389556758, 0.005489855205068956, 0.017901859449091572, 0.027395435996461423
2022-02-20, 0.014761576136547383, 0.00825915389556758, 0.005489855205068956, 0.017901859449091572, 0.027395435996461423
2022-02-20, 0.014761576136547383, 0.00825915389556758, 0.005489855205068956, 0.017901859449091572, 0.027395435996461423
2022-02-20, 0.014761576136547383, 0.00825915389556758, 0.005489855205068956, 0.017901859449091572, 0.027395435996461423
2022-02-20, 0.014761576136547383, 0.00825915389556758, 0.005489855205068956, 0.017901859449091572, 0.027395435996461423
2022-02-20, 0.014761576136547383, 0.00825915389556758, 0.005489855205068956, 0.017901859449091572, 0.027395435996461423
2022-02-20, 0.006767611394867568, 0.0027530512985225316, 0.0013724638012672275, 0.006393521231818415, 0.0165514092478621
2022-02-20, 0.021685910495182675, 0.019271359089657707, 0.00274492760253447, 0.0287708455431829, 0.035956509745355615
2022-02-20, 0.004665075786245235, 0.0, 0.004117391403801713, 0.0025574084927273573, 0.011985503248451872
2022-02-20, 0.015251438497339787, 0.013765256492612642, 0.0013724638012672275, 0.017901859449091572, 0.027966174246387702
2022-01-21, 0.002927701048689184, 0.0027530512985225316, 0.004117391403801713, 0.0025574084927273717, 0.0022829529997051208
2022-01-21, 0.011453841607252508, 0.011012205194090111, 0.004117391403801713, 0.014705098833182372, 0.015980670997935834
2022-01-21, 0.011453841607252508, 0.011012205194090111, 0.004117391403801713, 0.014705098833182372, 0.015980670997935834
2022-01-21, 0.011453841607252508, 0.011012205194090111, 0.004117391403801713, 0.014705098833182372, 0.015980670997935834
2022-01-21, 0.011453841607252508, 0.011012205194090111, 0.004117391403801713, 0.014705098833182372, 0.015980670997935834
2022-01-21, 0.011453841607252508, 0.011012205194090111, 0.004117391403801713, 0.014705098833182372, 0.015980670997935834
2022-01-21, 0.011453841607252508, 0.011012205194090111, 0.004117391403801713, 0.014705098833182372, 0.015980670997935834
2022-01-21, 0.011453841607252508, 0.011012205194090111, 0.004117391403801713, 0.014705098833182372, 0.015980670997935834
2022-01-21, 0.011453841607252508, 0.011012205194090111, 0.004117391403801713, 0.014705098833182372, 0.015980670997935834
2022-01-21, 0.011453841607252508, 0.011012205194090111, 0.004117391403801713, 0.014705098833182372, 0.015980670997935834
2022-01-21, 0.011453841607252508, 0.011012205194090111, 0.004117391403801713, 0.014705098833182372, 0.015980670997935834
2022-01-21, 0.004003424203724747, 0.005506102597045063, 0.00274492760253447, 0.0031967606159092146, 0.0045659059994102415
2022-01-21, 0.01707572100585254, 0.016518307791135174, 0.0013724638012672426, 0.023016676434546315, 0.027395435996461423
2022-01-21, 0.00838771149249674, 0.005506102597045063, 0.004117391403801713, 0.010229633970909473, 0.013697717998230712
2022-01-21, 0.014001584371633449, 0.013765256492612642, 0.0013724638012672426, 0.019180563695455274, 0.021688053497198635
2021-12-22, 0.005707321609094568, 0.0027530512985225165, 0.004117391403801713, 0.005114816985454729, 0.01084402674859931
2021-12-22, 0.012017463832325236, 0.011012205194090111, 0.0013724638012672426, 0.013426394586818687, 0.0222587917471249
2021-12-22, 0.012017463832325236, 0.011012205194090111, 0.0013724638012672426, 0.013426394586818687, 0.0222587917471249
2021-12-22, 0.012017463832325236, 0.011012205194090111, 0.0013724638012672426, 0.013426394586818687, 0.0222587917471249
2021-12-22, 0.012017463832325236, 0.011012205194090111, 0.0013724638012672426, 0.013426394586818687, 0.0222587917471249
2021-12-22, 0.012017463832325236, 0.011012205194090111, 0.0013724638012672426, 0.013426394586818687, 0.0222587917471249
2021-12-22, 0.012017463832325236, 0.011012205194090111, 0.0013724638012672426, 0.013426394586818687, 0.0222587917471249
2021-12-22, 0.012017463832325236, 0.011012205194090111, 0.0013724638012672426, 0.013426394586818687, 0.0222587917471249
2021-12-22, 0.012017463832325236, 0.011012205194090111, 0.0013724638012672426, 0.013426394586818687, 0.0222587917471249
2021-12-22, 0.012017463832325236, 0.011012205194090111, 0.0013724638012672426, 0.013426394586818687, 0.0222587917471249
2021-12-22, 0.012017463832325236, 0.011012205194090111, 0.0013724638012672426, 0.013426394586818687, 0.0222587917471249
2021-12-22, 0.0033251988225544496, 0.0027530512985225165, 0.0, 0.0025574084927273717, 0.00799033549896791
2021-12-22, 0.0027373071043142786, 0.0027530512985225165, 0.0, 0.0019180563695455287, 0.006278120749189069
2021-12-22, 0.006211995689258171, 0.0, 0.004117391403801713, 0.007032873355000258, 0.013697717998230712
2021-12-22, 0.008320817718292498, 0.0027530512985225165, 0.00274492760253447, 0.008950929724545786, 0.01883436224756722
2021-11-22, 0.004113521928629865, 0.0027530512985225316, 0.0013724638012672426, 0.0031967606159092146, 0.009131811998820471
2021-11-22, 0.011657194413694536, 0.011012205194090118, 0.0, 0.012787042463636844, 0.022829529997051182
2021-11-22, 0.011657194413694536, 0.011012205194090118, 0.0, 0.012787042463636844, 0.022829529997051182
2021-11-22, 0.011657194413694536, 0.011012205194090118, 0.0, 0.012787042463636844, 0.022829529997051182
2021-11-22, 0.011657194413694536, 0.011012205194090118, 0.0, 0.012787042463636844, 0.022829529997051182
2021-11-22, 0.011657194413694536, 0.011012205194090118, 0.0, 0.012787042463636844, 0.022829529997051182
2021-11-22, 0.011657194413694536, 0.011012205194090118, 0.0, 0.012787042463636844, 0.022829529997051182
2021-11-22, 0.011657194413694536, 0.011012205194090118, 0.0, 0.012787042463636844, 0.022829529997051182
2021-11-22, 0.011657194413694536, 0.011012205194090118, 0.0, 0.012787042463636844, 0.022829529997051182
2021-11-22, 0.011657194413694536, 0.011012205194090118, 0.0, 0.012787042463636844, 0.022829529997051182
2021-11-22, 0.011657194413694536, 0.011012205194090118, 0.0, 0.012787042463636844, 0.022829529997051182
2021-11-22, 0.002072484168409539, 0.0, 0.0013724638012672426, 0.0006393521231818429, 0.006278120749189069
2021-11-22, 0.018221763827065772, 0.019271359089657707, 0.004117391403801728, 0.019819915818637117, 0.029678388996166545
2021-11-22, 0.005283018944698208, 0.0027530512985225316, 0.0, 0.006393521231818429, 0.011985503248451872
2021-11-22, 0.015713799121412287, 0.01376525649261265, 0.0013724638012672426, 0.019180563695455274, 0.028536912496313984
2021-10-23, 0.004607950610782939, 0.011012205194090127, 0.0, 0.0, 0.007419597249041629
2021-10-23, 0.011791250806821415, 0.0027530512985225316, 0.0027449276025344853, 0.01598380307954606, 0.025683221246682583
2021-10-23, 0.011791250806821415, 0.0027530512985225316, 0.0027449276025344853, 0.01598380307954606, 0.025683221246682583
2021-10-23, 0.011791250806821415, 0.0027530512985225316, 0.0027449276025344853, 0.01598380307954606, 0.025683221246682583
2021-10-23, 0.011791250806821415, 0.0027530512985225316, 0.0027449276025344853, 0.01598380307954606, 0.025683221246682583
2021-10-23, 0.011791250806821415, 0.0027530512985225316, 0.0027449276025344853, 0.01598380307954606, 0.025683221246682583
2021-10-23, 0.011791250806821415, 0.0027530512985225316, 0.0027449276025344853, 0.01598380307954606, 0.025683221246682583
2021-10-23, 0.011791250806821415, 0.0027530512985225316, 0.0027449276025344853, 0.01598380307954606, 0.025683221246682583
2021-10-23, 0.011791250806821415, 0.0027530512985225316, 0.0027449276025344853, 0.01598380307954606, 0.025683221246682583
2021-10-23, 0.011791250806821415, 0.0027530512985225316, 0.0027449276025344853, 0.01598380307954606, 0.025683221246682583
2021-10-23, 0.011791250806821415, 0.0027530512985225316, 0.0027449276025344853, 0.01598380307954606, 0.025683221246682583
2021-10-23, 0.0039285239100571865, 0.005506102597045063, 0.0013724638012672426, 0.0025574084927273717, 0.006278120749189069
2021-10-23, 0.018048731305554944, 0.008259153895567587, 0.004117391403801728, 0.02557408492727369, 0.034244294995576775
2021-10-23, 0.007153351626221178, 0.005506102597045063, 0.0013724638012672426, 0.005754169108636572, 0.015980670997935834
2021-10-23, 0.013572079429855815, 0.002753051298522524, 0.0027449276025344853, 0.01854121157227343, 0.030249127246092824
2021-09-23, 0.0026778401799092836, 0.005506102597045063, 0.0, 0.0006393521231818429, 0.0045659059994102285
2021-09-23, 0.010985774232432112, 0.0027530512985225316, 0.0013724638012672426, 0.014705098833182372, 0.0251124829967563
2021-09-23, 0.010985774232432112, 0.0027530512985225316, 0.0013724638012672426, 0.014705098833182372, 0.0251124829967563
2021-09-23, 0.010985774232432112, 0.0027530512985225316, 0.0013724638012672426, 0.014705098833182372, 0.0251124829967563
2021-09-23, 0.010985774232432112, 0.0027530512985225316, 0.0013724638012672426, 0.014705098833182372, 0.0251124829967563
2021-09-23, 0.010985774232432112, 0.0027530512985225316, 0.0013724638012672426, 0.014705098833182372, 0.0251124829967563
2021-09-23, 0.010985774232432112, 0.0027530512985225316, 0.0013724638012672426, 0.014705098833182372, 0.0251124829967563
2021-09-23, 0.010985774232432112, 0.0027530512985225316, 0.0013724638012672426, 0.014705098833182372, 0.0251124829967563
2021-09-23, 0.010985774232432112, 0.0027530512985225316, 0.0013724638012672426, 0.014705098833182372, 0.0251124829967563
2021-09-23, 0.010985774232432112, 0.0027530512985225316, 0.0013724638012672426, 0.014705098833182372, 0.0251124829967563
2021-09-23, 0.010985774232432112, 0.0027530512985225316, 0.0013724638012672426, 0.014705098833182372, 0.0251124829967563
2021-09-23, 0.004623073155099814, 0.00825915389556758, 0.0027449276025344853, 0.0006393521231818429, 0.00684885899911535
2021-09-23, 0.01682351838812994, 0.011012205194090118, 0.0013724638012672426, 0.022377324311364473, 0.03253208024579793
2021-09-23, 0.0067927713826447895, 0.0, 0.0013724638012672426, 0.006393521231818415, 0.0194051004974935
2021-09-23, 0.006665520189425785, 0.0027530512985225316, 0.0027449276025344853, 0.005754169108636572, 0.015409932748009551
2021-08-24, 0.003506756643024475, 0.005506102597045063, 0.0027449276025344853, 0.0006393521231818429, 0.005136644249336509
2021-08-24, 0.011999688714119983, 0.0, 0.004117391403801728, 0.015344450956364216, 0.028536912496313984
2021-08-24, 0.011999688714119983, 0.0, 0.004117391403801728, 0.015344450956364216, 0.028536912496313984
2021-08-24, 0.011999688714119983, 0.0, 0.004117391403801728, 0.015344450956364216, 0.028536912496313984
2021-08-24, 0.011999688714119983, 0.0, 0.004117391403801728, 0.015344450956364216, 0.028536912496313984
2021-08-24, 0.011999688714119983, 0.0, 0.004117391403801728, 0.015344450956364216, 0.028536912496313984
2021-08-24, 0.011999688714119983, 0.0, 0.004117391403801728, 0.015344450956364216, 0.028536912496313984
2021-08-24, 0.011999688714119983, 0.0, 0.004117391403801728, 0.015344450956364216, 0.028536912496313984
2021-08-24, 0.011999688714119983, 0.0, 0.004117391403801728, 0.015344450956364216, 0.028536912496313984
2021-08-24, 0.011999688714119983, 0.0, 0.004117391403801728, 0.015344450956364216, 0.028536912496313984
2021-08-24, 0.011999688714119983, 0.0, 0.004117391403801728, 0.015344450956364216, 0.028536912496313984
2021-08-24, 0.003717225474320054, 0.005506102597045063, 0.0013724638012672426, 0.0, 0.00799033549896791
2021-08-24, 0.020238740048668838, 0.011012205194090118, 0.005489855205068971, 0.02621343705045553, 0.03823946274506074
2021-08-24, 0.004060341424636864, 0.005506102597045063, 0.0027449276025344853, 0.0, 0.00799033549896791
2021-08-24, 0.004867538098077495, 0.0027530512985225316, 0.0027449276025344853, 0.0025574084927273717, 0.011414764998525591
2021-07-25, 0.004101764386118194, 0.005506102597045048, 0.005489855205068971, 0.0025574084927273573, 0.002853691249631401
2021-07-25, 0.011244782050062577, 0.0027530512985225316, 0.005489855205068971, 0.017901859449091572, 0.018834362247567234
2021-07-25, 0.011244782050062577, 0.0027530512985225316, 0.005489855205068971, 0.017901859449091572, 0.018834362247567234
2021-07-25, 0.011244782050062577, 0.0027530512985225316, 0.005489855205068971, 0.017901859449091572, 0.018834362247567234
2021-07-25, 0.011244782050062577, 0.0027530512985225316, 0.005489855205068971, 0.017901859449091572, 0.018834362247567234
2021-07-25, 0.011244782050062577, 0.0027530512985225316, 0.005489855205068971, 0.017901859449091572, 0.018834362247567234
2021-07-25, 0.011244782050062577, 0.0027530512985225316, 0.005489855205068971, 0.017901859449091572, 0.018834362247567234
2021-07-25, 0.011244782050062577, 0.0027530512985225316, 0.005489855205068971, 0.017901859449091572, 0.018834362247567234
2021-07-25, 0.011244782050062577, 0.0027530512985225316, 0.005489855205068971, 0.017901859449091572, 0.018834362247567234
2021-07-25, 0.011244782050062577, 0.0027530512985225316, 0.005489855205068971, 0.017901859449091572, 0.018834362247567234
2021-07-25, 0.011244782050062577, 0.0027530512985225316, 0.005489855205068971, 0.017901859449091572, 0.018834362247567234
2021-07-25, 0.0025230872499703637, 0.0027530512985225165, 0.005489855205068971, 0.0012787042463636858, 0.0005707382499262802
2021-07-25, 0.002866203200287174, 0.0027530512985225165, 0.006862319006336213, 0.0012787042463636858, 0.0005707382499262802
2021-07-25, 0.00795134046064302, 0.0027530512985225165, 0.005489855205068971, 0.012147690340455, 0.011414764998525591
2021-07-25, 0.02042112747358041, 0.01376525649261265, 0.009607246608870683, 0.027492141296819216, 0.030819865496019103
2021-06-25, 0.0033348502447716633, 0.0027530512985225316, 0.00823478280760344, 0.0006393521231818429, 0.0017122147497788405
2021-06-25, 0.010907047719418765, 0.008259153895567587, 0.01372463801267241, 0.010229633970909473, 0.011414764998525591
2021-06-25, 0.010907047719418765, 0.008259153895567587, 0.01372463801267241, 0.010229633970909473, 0.011414764998525591
2021-06-25, 0.010907047719418765, 0.008259153895567587, 0.01372463801267241, 0.010229633970909473, 0.011414764998525591
2021-06-25, 0.010907047719418765, 0.008259153895567587, 0.01372463801267241, 0.010229633970909473, 0.011414764998525591
2021-06-25, 0.010907047719418765, 0.008259153895567587, 0.01372463801267241, 0.010229633970909473, 0.011414764998525591
2021-06-25, 0.010907047719418765, 0.008259153895567587, 0.01372463801267241, 0.010229633970909473, 0.011414764998525591
2021-06-25, 0.010907047719418765, 0.008259153895567587, 0.01372463801267241, 0.010229633970909473, 0.011414764998525591
2021-06-25, 0.010907047719418765, 0.008259153895567587, 0.01372463801267241, 0.010229633970909473, 0.011414764998525591
2021-06-25, 0.010907047719418765, 0.008259153895567587, 0.01372463801267241, 0.010229633970909473, 0.011414764998525591
2021-06-25, 0.010907047719418765, 0.008259153895567587, 0.01372463801267241, 0.010229633970909473, 0.011414764998525591
2021-06-25, 0.0037185595521282543, 0.0027530512985225316, 0.010979710410137926, 0.0, 0.0011414764998525604
2021-06-25, 0.019584708964368543, 0.01376525649261265, 0.015097101813939653, 0.024934732804091846, 0.024541744746830022
2021-06-25, 0.005493101754750653, 0.0027530512985225316, 0.009607246608870683, 0.004475464862272886, 0.005136644249336509
2021-06-25, 0.015152401468757525, 0.008259153895567587, 0.010979710410137926, 0.018541211572273415, 0.022829529997051182
2021-05-26, 0.006735260185939361, 0.011012205194090111, 0.00823478280760344, 0.0025574084927273717, 0.005136644249336521
2021-05-26, 0.009551426561519732, 0.0027530512985225316, 0.009607246608870683, 0.012147690340455, 0.013697717998230712
2021-05-26, 0.009551426561519732, 0.0027530512985225316, 0.009607246608870683, 0.012147690340455, 0.013697717998230712
2021-05-26, 0.009551426561519732, 0.0027530512985225316, 0.009607246608870683, 0.012147690340455, 0.013697717998230712
2021-05-26, 0.009551426561519732, 0.0027530512985225316, 0.009607246608870683, 0.012147690340455, 0.013697717998230712
2021-05-26, 0.009551426561519732, 0.0027530512985225316, 0.009607246608870683, 0.012147690340455, 0.013697717998230712
2021-05-26, 0.009551426561519732, 0.0027530512985225316, 0.009607246608870683, 0.012147690340455, 0.013697717998230712
2021-05-26, 0.009551426561519732, 0.0027530512985225316, 0.009607246608870683, 0.012147690340455, 0.013697717998230712
2021-05-26, 0.009551426561519732, 0.0027530512985225316, 0.009607246608870683, 0.012147690340455, 0.013697717998230712
2021-05-26, 0.009551426561519732, 0.0027530512985225316, 0.009607246608870683, 0.012147690340455, 0.013697717998230712
2021-05-26, 0.009551426561519732, 0.0027530512985225316, 0.009607246608870683, 0.012147690340455, 0.013697717998230712
2021-05-26, 0.005256954156181989, 0.011012205194090111, 0.00823478280760344, 0.0006393521231818429, 0.0011414764998525604
2021-05-26, 0.017962592248871586, 0.0055061025970450555, 0.009607246608870683, 0.0287708455431829, 0.027966174246387702
2021-05-26, 0.00765338418872666, 0.005506102597045063, 0.00823478280760344, 0.008311577601363944, 0.00856107374889419
2021-05-26, 0.005616912749867006, 0.005506102597045063, 0.010979710410137926, 0.0025574084927273573, 0.003424429499557681
2021-04-26, 0.0047474029297120395, 0.005506102597045063, 0.006862319006336213, 0.0031967606159092003, 0.003424429499557681
2021-04-26, 0.010087857874818234, 0.0027530512985225165, 0.009607246608870698, 0.010868986094091329, 0.01712214749778839
2021-04-26, 0.010087857874818234, 0.0027530512985225165, 0.009607246608870698, 0.010868986094091329, 0.01712214749778839
2021-04-26, 0.010087857874818234, 0.0027530512985225165, 0.009607246608870698, 0.010868986094091329, 0.01712214749778839
2021-04-26, 0.010087857874818234, 0.0027530512985225165, 0.009607246608870698, 0.010868986094091329, 0.01712214749778839
2021-04-26, 0.010087857874818234, 0.0027530512985225165, 0.009607246608870698, 0.010868986094091329, 0.01712214749778839
2021-04-26, 0.010087857874818234, 0.0027530512985225165, 0.009607246608870698, 0.010868986094091329, 0.01712214749778839
2021-04-26, 0.010087857874818234, 0.0027530512985225165, 0.009607246608870698, 0.010868986094091329, 0.01712214749778839
2021-04-26, 0.010087857874818234, 0.0027530512985225165, 0.009607246608870698, 0.010868986094091329, 0.01712214749778839
2021-04-26, 0.010087857874818234, 0.0027530512985225165, 0.009607246608870698, 0.010868986094091329, 0.01712214749778839
2021-04-26, 0.010087857874818234, 0.0027530512985225165, 0.009607246608870698, 0.010868986094091329, 0.01712214749778839
2021-04-26, 0.006057864409210625, 0.008259153895567594, 0.006862319006336213, 0.005114816985454729, 0.003995167749483961
2021-04-26, 0.01713569240362419, 0.011012205194090111, 0.009607246608870698, 0.021098620065000802, 0.026824697746535144
2021-04-26, 0.0052177700732478575, 0.0027530512985225316, 0.006862319006336213, 0.0038361127390910575, 0.007419597249041629
2021-04-26, 0.00572275497835714, 0.005506102597045063, 0.005489855205068971, 0.0044754648622729, 0.007419597249041629
2021-03-27, 0.005768239787832501, 0.011012205194090127, 0.0027449276025344853, 0.007032873355000272, 0.0022829529997051208
2021-03-27, 0.008772311294463105, 0.0027530512985225316, 0.004117391403801728, 0.0076722254781821, 0.02054657699734606
2021-03-27, 0.008772311294463105, 0.0027530512985225316, 0.004117391403801728, 0.0076722254781821, 0.02054657699734606
2021-03-27, 0.008772311294463105, 0.0027530512985225316, 0.004117391403801728, 0.0076722254781821, 0.02054657699734606
2021-03-27, 0.008772311294463105, 0.0027530512985225316, 0.004117391403801728, 0.0076722254781821, 0.02054657699734606
2021-03-27, 0.008772311294463105, 0.0027530512985225316, 0.004117391403801728, 0.0076722254781821, 0.02054657699734606
2021-03-27, 0.008772311294463105, 0.0027530512985225316, 0.004117391403801728, 0.0076722254781821, 0.02054657699734606
2021-03-27, 0.008772311294463105, 0.0027530512985225316, 0.004117391403801728, 0.0076722254781821, 0.02054657699734606
2021-03-27, 0.008772311294463105, 0.0027530512985225316, 0.004117391403801728, 0.0076722254781821, 0.02054657699734606
2021-03-27, 0.008772311294463105, 0.0027530512985225316, 0.004117391403801728, 0.0076722254781821, 0.02054657699734606
2021-03-27, 0.008772311294463105, 0.0027530512985225316, 0.004117391403801728, 0.0076722254781821, 0.02054657699734606
2021-03-27, 0.004195849072096664, 0.008259153895567594, 0.004117391403801728, 0.0038361127390910575, 0.0005707382499262802
2021-03-27, 0.004943578821132296, 0.008259153895567594, 0.004117391403801728, 0.005114816985454743, 0.0022829529997051208
2021-03-27, 0.005470863185580228, 0.005506102597045063, 0.004117391403801728, 0.0025574084927273717, 0.00970255024874675
2021-03-27, 0.00408347048841707, 0.0, 0.005489855205068971, 0.0, 0.01084402674859931
2021-02-25, 0.01672366606123536, 0.0027530512985225316, 0.004117391403801728, 0.02749214129681923, 0.03253208024579794
2021-02-25, 0.027950775863488174, 0.011012205194090111, 0.006862319006336213, 0.040279183760456076, 0.05364939549307029
2021-02-25, 0.027950775863488174, 0.011012205194090111, 0.006862319006336213, 0.040279183760456076, 0.05364939549307029
2021-02-25, 0.027950775863488174, 0.011012205194090111, 0.006862319006336213, 0.040279183760456076, 0.05364939549307029
2021-02-25, 0.027950775863488174, 0.011012205194090111, 0.006862319006336213, 0.040279183760456076, 0.05364939549307029
2021-02-25, 0.027950775863488174, 0.011012205194090111, 0.006862319006336213, 0.040279183760456076, 0.05364939549307029
2021-02-25, 0.027950775863488174, 0.011012205194090111, 0.006862319006336213, 0.040279183760456076, 0.05364939549307029
2021-02-25, 0.027950775863488174, 0.011012205194090111, 0.006862319006336213, 0.040279183760456076, 0.05364939549307029
2021-02-25, 0.027950775863488174, 0.011012205194090111, 0.006862319006336213, 0.040279183760456076, 0.05364939549307029
2021-02-25, 0.027950775863488174, 0.011012205194090111, 0.006862319006336213, 0.040279183760456076, 0.05364939549307029
2021-02-25, 0.027950775863488174, 0.011012205194090111, 0.006862319006336213, 0.040279183760456076, 0.05364939549307029
2021-02-25, 0.019024602133695917, 0.0027530512985225316, 0.005489855205068971, 0.031328254035910275, 0.03652724799528189
2021-02-25, 0.02023214280331116, 0.005506102597045048, 0.005489855205068971, 0.02941019766636476, 0.04052241574476585
2021-02-25, 0.022115892236228903, 0.005506102597045048, 0.005489855205068971, 0.03580371889818317, 0.04166389224461842
2021-02-25, 0.041793945784561026, 0.013765256492612642, 0.0027449276025344853, 0.06905002930363899, 0.08161556973945801
2021-01-26, 0.017769648601003805, 0.00825915389556758, 0.005489855205068971, 0.023656028557728172, 0.03367355674565049
2021-01-26, 0.029783064891464244, 0.011012205194090111, 0.006862319006336213, 0.044754648622728974, 0.05650308674270167
2021-01-26, 0.029783064891464244, 0.011012205194090111, 0.006862319006336213, 0.044754648622728974, 0.05650308674270167
2021-01-26, 0.029783064891464244, 0.011012205194090111, 0.006862319006336213, 0.044754648622728974, 0.05650308674270167
2021-01-26, 0.029783064891464244, 0.011012205194090111, 0.006862319006336213, 0.044754648622728974, 0.05650308674270167
2021-01-26, 0.029783064891464244, 0.011012205194090111, 0.006862319006336213, 0.044754648622728974, 0.05650308674270167
2021-01-26, 0.029783064891464244, 0.011012205194090111, 0.006862319006336213, 0.044754648622728974, 0.05650308674270167
2021-01-26, 0.029783064891464244, 0.011012205194090111, 0.006862319006336213, 0.044754648622728974, 0.05650308674270167
2021-01-26, 0.029783064891464244, 0.011012205194090111, 0.006862319006336213, 0.044754648622728974, 0.05650308674270167
2021-01-26, 0.029783064891464244, 0.011012205194090111, 0.006862319006336213, 0.044754648622728974, 0.05650308674270167
2021-01-26, 0.029783064891464244, 0.011012205194090111, 0.006862319006336213, 0.044754648622728974, 0.05650308674270167
2021-01-26, 0.016314782459972324, 0.00825915389556758, 0.006862319006336213, 0.02045926794181896, 0.029678388996166545
2021-01-26, 0.014593420761342926, 0.005506102597045063, 0.006862319006336213, 0.019180563695455274, 0.026824697746535144
2021-01-26, 0.00919318806688605, 0.005506102597045063, 0.005489855205068971, 0.011508338217273172, 0.014268456248156992
2021-01-26, 0.03914562395923944, 0.019271359089657707, 0.0013724638012672426, 0.05945974745591135, 0.07647892549012147
2020-12-27, 0.009893712907394991, 0.0027530512985225165, 0.009607246608870698, 0.0089509297245458, 0.018263623997640952
2020-12-27, 0.023255337812084456, 0.0027530512985225316, 0.008234782807603456, 0.03580371889818317, 0.046229798244028654
2020-12-27, 0.023255337812084456, 0.0027530512985225316, 0.008234782807603456, 0.03580371889818317, 0.046229798244028654
2020-12-27, 0.023255337812084456, 0.0027530512985225316, 0.008234782807603456, 0.03580371889818317, 0.046229798244028654
2020-12-27, 0.023255337812084456, 0.0027530512985225316, 0.008234782807603456, 0.03580371889818317, 0.046229798244028654
2020-12-27, 0.023255337812084456, 0.0027530512985225316, 0.008234782807603456, 0.03580371889818317, 0.046229798244028654
2020-12-27, 0.023255337812084456, 0.0027530512985225316, 0.008234782807603456, 0.03580371889818317, 0.046229798244028654
2020-12-27, 0.023255337812084456, 0.0027530512985225316, 0.008234782807603456, 0.03580371889818317, 0.046229798244028654
2020-12-27, 0.023255337812084456, 0.0027530512985225316, 0.008234782807603456, 0.03580371889818317, 0.046229798244028654
2020-12-27, 0.023255337812084456, 0.0027530512985225316, 0.008234782807603456, 0.03580371889818317, 0.046229798244028654
2020-12-27, 0.023255337812084456, 0.0027530512985225316, 0.008234782807603456, 0.03580371889818317, 0.046229798244028654
2020-12-27, 0.008324182720097722, 0.0027530512985225165, 0.009607246608870698, 0.0089509297245458, 0.011985503248451872
2020-12-27, 0.011155263685444786, 0.0027530512985225165, 0.009607246608870698, 0.0134263945868187, 0.018834362247567234
2020-12-27, 0.015768893372877582, 0.0, 0.008234782807603456, 0.021737972188182644, 0.033102818495724225
2020-12-27, 0.03861599784584881, 0.01376525649261265, 0.005489855205068971, 0.06329586019500238, 0.07191301949071123
2020-11-27, 0.006747536507946898, 0.0027530512985225316, 0.0068623190063361985, 0.007672225478182115, 0.00970255024874675
2020-11-27, 0.028148657547830528, 0.01376525649261265, 0.00823478280760344, 0.03580371889818317, 0.054790871992922846
2020-11-27, 0.028148657547830528, 0.01376525649261265, 0.00823478280760344, 0.03580371889818317, 0.054790871992922846
2020-11-27, 0.028148657547830528, 0.01376525649261265, 0.00823478280760344, 0.03580371889818317, 0.054790871992922846
2020-11-27, 0.028148657547830528, 0.01376525649261265, 0.00823478280760344, 0.03580371889818317, 0.054790871992922846
2020-11-27, 0.028148657547830528, 0.01376525649261265, 0.00823478280760344, 0.03580371889818317, 0.054790871992922846
2020-11-27, 0.028148657547830528, 0.01376525649261265, 0.00823478280760344, 0.03580371889818317, 0.054790871992922846
2020-11-27, 0.028148657547830528, 0.01376525649261265, 0.00823478280760344, 0.03580371889818317, 0.054790871992922846
2020-11-27, 0.028148657547830528, 0.01376525649261265, 0.00823478280760344, 0.03580371889818317, 0.054790871992922846
2020-11-27, 0.028148657547830528, 0.01376525649261265, 0.00823478280760344, 0.03580371889818317, 0.054790871992922846
2020-11-27, 0.028148657547830528, 0.01376525649261265, 0.00823478280760344, 0.03580371889818317, 0.054790871992922846
2020-11-27, 0.009276094880016933, 0.0027530512985225316, 0.0068623190063361985, 0.011508338217273172, 0.015980670997935834
2020-11-27, 0.009092816960495584, 0.0027530512985225316, 0.005489855205068956, 0.012147690340455016, 0.015980670997935834
2020-11-27, 0.011544754939846726, 0.005506102597045063, 0.005489855205068956, 0.014065746710000543, 0.021117315247272343
2020-11-27, 0.014700078288145381, 0.008259153895567594, 0.00823478280760344, 0.0166231552027279, 0.025683221246682583
2020-10-28, 0.008566733915603105, 0.00825915389556758, 0.0013724638012672426, 0.011508338217273172, 0.013126979748304431
2020-10-28, 0.030087929233683974, 0.019271359089657707, 0.0027449276025344853, 0.04411529649954713, 0.05422013374299658
2020-10-28, 0.030087929233683974, 0.019271359089657707, 0.0027449276025344853, 0.04411529649954713, 0.05422013374299658
2020-10-28, 0.030087929233683974, 0.019271359089657707, 0.0027449276025344853, 0.04411529649954713, 0.05422013374299658
2020-10-28, 0.030087929233683974, 0.019271359089657707, 0.0027449276025344853, 0.04411529649954713, 0.05422013374299658
2020-10-28, 0.030087929233683974, 0.019271359089657707, 0.0027449276025344853, 0.04411529649954713, 0.05422013374299658
2020-10-28, 0.030087929233683974, 0.019271359089657707, 0.0027449276025344853, 0.04411529649954713, 0.05422013374299658
2020-10-28, 0.030087929233683974, 0.019271359089657707, 0.0027449276025344853, 0.04411529649954713, 0.05422013374299658
2020-10-28, 0.030087929233683974, 0.019271359089657707, 0.0027449276025344853, 0.04411529649954713, 0.05422013374299658
2020-10-28, 0.030087929233683974, 0.019271359089657707, 0.0027449276025344853, 0.04411529649954713, 0.05422013374299658
2020-10-28, 0.030087929233683974, 0.019271359089657707, 0.0027449276025344853, 0.04411529649954713, 0.05422013374299658
2020-10-28, 0.008564702991606095, 0.005506102597045063, 0.004117391403801713, 0.011508338217273172, 0.013126979748304431
2020-10-28, 0.03943841993400181, 0.02477746168670276, 0.0027449276025344853, 0.05945974745591133, 0.07077154299085867
2020-10-28, 0.0176678682205077, 0.013765256492612642, 0.005489855205068956, 0.021737972188182644, 0.029678388996166545
2020-10-28, 0.03230137786552375, 0.02202441038818023, 0.005489855205068956, 0.04347594437636529, 0.058215301492480526
2020-09-28, 0.008752042759121467, 0.011012205194090111, 0.0, 0.010868986094091329, 0.013126979748304431
2020-09-28, 0.029017973719564535, 0.02202441038818023, 0.0027449276025344853, 0.03708242314454686, 0.05422013374299658
2020-09-28, 0.029017973719564535, 0.02202441038818023, 0.0027449276025344853, 0.03708242314454686, 0.05422013374299658
2020-09-28, 0.029017973719564535, 0.02202441038818023, 0.0027449276025344853, 0.03708242314454686, 0.05422013374299658
2020-09-28, 0.029017973719564535, 0.02202441038818023, 0.0027449276025344853, 0.03708242314454686, 0.05422013374299658
2020-09-28, 0.029017973719564535, 0.02202441038818023, 0.0027449276025344853, 0.03708242314454686, 0.05422013374299658
2020-09-28, 0.029017973719564535, 0.02202441038818023, 0.0027449276025344853, 0.03708242314454686, 0.05422013374299658
2020-09-28, 0.029017973719564535, 0.02202441038818023, 0.0027449276025344853, 0.03708242314454686, 0.05422013374299658
2020-09-28, 0.029017973719564535, 0.02202441038818023, 0.0027449276025344853, 0.03708242314454686, 0.05422013374299658
2020-09-28, 0.029017973719564535, 0.02202441038818023, 0.0027449276025344853, 0.03708242314454686, 0.05422013374299658
2020-09-28, 0.029017973719564535, 0.02202441038818023, 0.0027449276025344853, 0.03708242314454686, 0.05422013374299658
2020-09-28, 0.00927215020854763, 0.011012205194090111, 0.0013724638012672426, 0.012147690340455016, 0.01255624149837815
2020-09-28, 0.03953250461998028, 0.027530512985225294, 0.0013724638012672426, 0.06073845170227502, 0.06848858999115356
2020-09-28, 0.01983818809794404, 0.016518307791135174, 0.0013724638012672426, 0.02493473280409186, 0.03652724799528189
2020-09-28, 0.03114021249999364, 0.02202441038818023, 0.0, 0.04603335286909266, 0.05650308674270167
2020-08-29, 0.00975795072134601, 0.011012205194090111, 0.0027449276025344853, 0.012147690340455016, 0.013126979748304431
2020-08-29, 0.02949120139153892, 0.02202441038818023, 0.0013724638012672426, 0.04091853588363792, 0.05364939549307029
2020-08-29, 0.02949120139153892, 0.02202441038818023, 0.0013724638012672426, 0.04091853588363792, 0.05364939549307029
2020-08-29, 0.02949120139153892, 0.02202441038818023, 0.0013724638012672426, 0.04091853588363792, 0.05364939549307029
2020-08-29, 0.02949120139153892, 0.02202441038818023, 0.0013724638012672426, 0.04091853588363792, 0.05364939549307029
2020-08-29, 0.02949120139153892, 0.02202441038818023, 0.0013724638012672426, 0.04091853588363792, 0.05364939549307029
2020-08-29, 0.02949120139153892, 0.02202441038818023, 0.0013724638012672426, 0.04091853588363792, 0.05364939549307029
2020-08-29, 0.02949120139153892, 0.02202441038818023, 0.0013724638012672426, 0.04091853588363792, 0.05364939549307029
2020-08-29, 0.02949120139153892, 0.02202441038818023, 0.0013724638012672426, 0.04091853588363792, 0.05364939549307029
2020-08-29, 0.02949120139153892, 0.02202441038818023, 0.0013724638012672426, 0.04091853588363792, 0.05364939549307029
2020-08-29, 0.02949120139153892, 0.02202441038818023, 0.0013724638012672426, 0.04091853588363792, 0.05364939549307029
2020-08-29, 0.010650085131914542, 0.00825915389556758, 0.0013724638012672426, 0.014705098833182387, 0.018263623997640952
2020-08-29, 0.036583899079928865, 0.02477746168670276, 0.0013724638012672426, 0.05626298684000212, 0.06392268399174333
2020-08-29, 0.022454233910634856, 0.013765256492612642, 0.0, 0.0332463104054558, 0.042805368744470974
2020-08-29, 0.033600986603249665, 0.02202441038818023, 0.0013724638012672426, 0.05050881773136555, 0.06049825449218565
2020-07-30, 0.009087421034693356, 0.0, 0.0013724638012672426, 0.012147690340455, 0.022829529997051182
2020-07-30, 0.025172045797692555, 0.008259153895567587, 0.004117391403801728, 0.03580371889818317, 0.052507918993217724
2020-07-30, 0.025172045797692555, 0.008259153895567587, 0.004117391403801728, 0.03580371889818317, 0.052507918993217724
2020-07-30, 0.025172045797692555, 0.008259153895567587, 0.004117391403801728, 0.03580371889818317, 0.052507918993217724
2020-07-30, 0.025172045797692555, 0.008259153895567587, 0.004117391403801728, 0.03580371889818317, 0.052507918993217724
2020-07-30, 0.025172045797692555, 0.008259153895567587, 0.004117391403801728, 0.03580371889818317, 0.052507918993217724
2020-07-30, 0.025172045797692555, 0.008259153895567587, 0.004117391403801728, 0.03580371889818317, 0.052507918993217724
2020-07-30, 0.025172045797692555, 0.008259153895567587, 0.004117391403801728, 0.03580371889818317, 0.052507918993217724
2020-07-30, 0.025172045797692555, 0.008259153895567587, 0.004117391403801728, 0.03580371889818317, 0.052507918993217724
2020-07-30, 0.025172045797692555, 0.008259153895567587, 0.004117391403801728, 0.03580371889818317, 0.052507918993217724
2020-07-30, 0.025172045797692555, 0.008259153895567587, 0.004117391403801728, 0.03580371889818317, 0.052507918993217724
2020-07-30, 0.009332196802616717, 0.0, 0.0, 0.012787042463636844, 0.024541744746830022
2020-07-30, 0.040913568916504155, 0.013765256492612642, 0.0, 0.06713197293409344, 0.08275704623931054
2020-07-30, 0.008322537817343835, 0.0, 0.0013724638012672426, 0.010229633970909473, 0.02168805349719862
2020-07-30, 0.009355636691342605, 0.0, 0.0013724638012672426, 0.011508338217273158, 0.024541744746830022
2020-06-30, 0.009448001278269745, 0.005506102597045063, 0.0013724638012672426, 0.011508338217273158, 0.019405100497493513
2020-06-30, 0.029102289806801067, 0.011012205194090118, 0.004117391403801728, 0.039639831637274234, 0.0616397309920382
2020-06-30, 0.029102289806801067, 0.011012205194090118, 0.004117391403801728, 0.039639831637274234, 0.0616397309920382
2020-06-30, 0.029102289806801067, 0.011012205194090118, 0.004117391403801728, 0.039639831637274234, 0.0616397309920382
2020-06-30, 0.029102289806801067, 0.011012205194090118, 0.004117391403801728, 0.039639831637274234, 0.0616397309920382
2020-06-30, 0.029102289806801067, 0.011012205194090118, 0.004117391403801728, 0.039639831637274234, 0.0616397309920382
2020-06-30, 0.029102289806801067, 0.011012205194090118, 0.004117391403801728, 0.039639831637274234, 0.0616397309920382
2020-06-30, 0.029102289806801067, 0.011012205194090118, 0.004117391403801728, 0.039639831637274234, 0.0616397309920382
2020-06-30, 0.029102289806801067, 0.011012205194090118, 0.004117391403801728, 0.039639831637274234, 0.0616397309920382
2020-06-30, 0.029102289806801067, 0.011012205194090118, 0.004117391403801728, 0.039639831637274234, 0.0616397309920382
2020-06-30, 0.029102289806801067, 0.011012205194090118, 0.004117391403801728, 0.039639831637274234, 0.0616397309920382
2020-06-30, 0.00989949485444034, 0.005506102597045063, 0.0027449276025344853, 0.010229633970909473, 0.021117315247272343
2020-06-30, 0.03505096129184558, 0.01651830779113518, 0.004117391403801728, 0.05050881773136555, 0.06905932824107985
2020-06-30, 0.019492730398684537, 0.008259153895567594, 0.004117391403801728, 0.02621343705045553, 0.039380939244913295
2020-06-30, 0.017215234214949866, 0.008259153895567594, 0.004117391403801728, 0.021098620065000802, 0.03538577149542933
2020-05-31, 0.010397882514191941, 0.0027530512985225316, 0.0013724638012672426, 0.01406574671000053, 0.02340026824697746
2020-05-31, 0.02815698919836876, 0.01376525649261265, 0.0013724638012672426, 0.04155788800681975, 0.0559323484927754
2020-05-31, 0.02815698919836876, 0.01376525649261265, 0.0013724638012672426, 0.04155788800681975, 0.0559323484927754
2020-05-31, 0.02815698919836876, 0.01376525649261265, 0.0013724638012672426, 0.04155788800681975, 0.0559323484927754
2020-05-31, 0.02815698919836876, 0.01376525649261265, 0.0013724638012672426, 0.04155788800681975, 0.0559323484927754
2020-05-31, 0.02815698919836876, 0.01376525649261265, 0.0013724638012672426, 0.04155788800681975, 0.0559323484927754
2020-05-31, 0.02815698919836876, 0.01376525649261265, 0.0013724638012672426, 0.04155788800681975, 0.0559323484927754
2020-05-31, 0.02815698919836876, 0.01376525649261265, 0.0013724638012672426, 0.04155788800681975, 0.0559323484927754
2020-05-31, 0.02815698919836876, 0.01376525649261265, 0.0013724638012672426, 0.04155788800681975, 0.0559323484927754
2020-05-31, 0.02815698919836876, 0.01376525649261265, 0.0013724638012672426, 0.04155788800681975, 0.0559323484927754
2020-05-31, 0.02815698919836876, 0.01376525649261265, 0.0013724638012672426, 0.04155788800681975, 0.0559323484927754
2020-05-31, 0.01015310674626858, 0.0027530512985225316, 0.0027449276025344853, 0.013426394586818687, 0.02168805349719862
2020-05-31, 0.03732673737652892, 0.019271359089657707, 0.005489855205068971, 0.054344930470456604, 0.07020080474093239
2020-05-31, 0.018878538263279912, 0.005506102597045063, 0.004117391403801728, 0.023656028557728172, 0.04223463049454469
2020-05-31, 0.037990419883046425, 0.016518307791135174, 0.004117391403801728, 0.05370557834727476, 0.07762040198997404
2020-05-01, 0.009388223528919055, 0.0027530512985225316, 0.002744927602534478, 0.011508338217273158, 0.02054657699734606
2020-05-01, 0.03031034925591218, 0.008259153895567587, 0.006862319006336205, 0.04219724013000159, 0.06392268399174333
2020-05-01, 0.03031034925591218, 0.008259153895567587, 0.006862319006336205, 0.04219724013000159, 0.06392268399174333
2020-05-01, 0.03031034925591218, 0.008259153895567587, 0.006862319006336205, 0.04219724013000159, 0.06392268399174333
2020-05-01, 0.03031034925591218, 0.008259153895567587, 0.006862319006336205, 0.04219724013000159, 0.06392268399174333
2020-05-01, 0.03031034925591218, 0.008259153895567587, 0.006862319006336205, 0.04219724013000159, 0.06392268399174333
2020-05-01, 0.03031034925591218, 0.008259153895567587, 0.006862319006336205, 0.04219724013000159, 0.06392268399174333
2020-05-01, 0.03031034925591218, 0.008259153895567587, 0.006862319006336205, 0.04219724013000159, 0.06392268399174333
2020-05-01, 0.03031034925591218, 0.008259153895567587, 0.006862319006336205, 0.04219724013000159, 0.06392268399174333
2020-05-01, 0.03031034925591218, 0.008259153895567587, 0.006862319006336205, 0.04219724013000159, 0.06392268399174333
2020-05-01, 0.03031034925591218, 0.008259153895567587, 0.006862319006336205, 0.04219724013000159, 0.06392268399174333
2020-05-01, 0.008288541705661743, 0.005506102597045063, 0.0, 0.007672225478182115, 0.019975838747419792
2020-05-01, 0.014194588909669448, 0.008259153895567587, 0.001372463801267235, 0.019180563695455274, 0.027966174246387702
2020-05-01, 0.036613003739175386, 0.01376525649261265, 0.006862319006336205, 0.05562363471682029, 0.0702008047409324
2020-05-01, 0.020046315180296922, 0.008259153895567587, 0.00411739140380172, 0.02557408492727369, 0.04223463049454469
2020-04-01, 0.010022995024611006, 0.0027530512985225316, 0.005489855205068963, 0.009590281847727629, 0.0222587917471249
2020-04-01, 0.03131200172172173, 0.011012205194090118, 0.005489855205068963, 0.0453940007459108, 0.06335194574181705
2020-04-01, 0.03131200172172173, 0.011012205194090118, 0.005489855205068963, 0.0453940007459108, 0.06335194574181705
2020-04-01, 0.03131200172172173, 0.011012205194090118, 0.005489855205068963, 0.0453940007459108, 0.06335194574181705
2020-04-01, 0.03131200172172173, 0.011012205194090118, 0.005489855205068963, 0.0453940007459108, 0.06335194574181705
2020-04-01, 0.03131200172172173, 0.011012205194090118, 0.005489855205068963, 0.0453940007459108, 0.06335194574181705
2020-04-01, 0.03131200172172173, 0.011012205194090118, 0.005489855205068963, 0.0453940007459108, 0.06335194574181705
2020-04-01, 0.03131200172172173, 0.011012205194090118, 0.005489855205068963, 0.0453940007459108, 0.06335194574181705
2020-04-01, 0.03131200172172173, 0.011012205194090118, 0.005489855205068963, 0.0453940007459108, 0.06335194574181705
2020-04-01, 0.03131200172172173, 0.011012205194090118, 0.005489855205068963, 0.0453940007459108, 0.06335194574181705
2020-04-01, 0.03131200172172173, 0.011012205194090118, 0.005489855205068963, 0.0453940007459108, 0.06335194574181705
2020-04-01, 0.01126739233434691, 0.0027530512985225316, 0.005489855205068963, 0.013426394586818687, 0.02340026824697746
2020-04-01, 0.012967345068247437, 0.008259153895567587, 0.0013724638012672426, 0.01598380307954606, 0.026253959496608862
2020-04-01, 0.03690669020854753, 0.016518307791135174, 0.005489855205068963, 0.05370557834727476, 0.07191301949071124
2020-04-01, 0.02015724250964359, 0.0055061025970450555, 0.00411739140380172, 0.0287708455431829, 0.04223463049454469
2020-03-02, 0.004936981575774613, 0.0027530512985225316, 0.004117391403801728, 0.00831157760136395, 0.0045659059994102415
2020-03-02, 0.0038193166797618424, 0.0055061025970450555, 0.0, 0.0006393521231818429, 0.009131811998820471
2020-03-02, 0.0038193166797618424, 0.0055061025970450555, 0.0, 0.0006393521231818429, 0.009131811998820471
2020-03-02, 0.0038193166797618424, 0.0055061025970450555, 0.0, 0.0006393521231818429, 0.009131811998820471
2020-03-02, 0.0038193166797618424, 0.0055061025970450555, 0.0, 0.0006393521231818429, 0.009131811998820471
2020-03-02, 0.0038193166797618424, 0.0055061025970450555, 0.0, 0.0006393521231818429, 0.009131811998820471
2020-03-02, 0.0038193166797618424, 0.0055061025970450555, 0.0, 0.0006393521231818429, 0.009131811998820471
2020-03-02, 0.0038193166797618424, 0.0055061025970450555, 0.0, 0.0006393521231818429, 0.009131811998820471
2020-03-02, 0.0038193166797618424, 0.0055061025970450555, 0.0, 0.0006393521231818429, 0.009131811998820471
2020-03-02, 0.0038193166797618424, 0.0055061025970450555, 0.0, 0.0006393521231818429, 0.009131811998820471
2020-03-02, 0.0038193166797618424, 0.0055061025970450555, 0.0, 0.0006393521231818429, 0.009131811998820471
2020-03-02, 0.0051955315040774245, 0.0055061025970450555, 0.0013724638012672426, 0.0019180563695455287, 0.011985503248451872
2020-03-02, 0.005783423222317595, 0.0055061025970450555, 0.0013724638012672426, 0.0025574084927273717, 0.013697717998230712
2020-03-02, 0.0022846122085882267, 0.0, 0.0027449276025344853, 0.006393521231818422, 0.0
2020-03-02, 0.0022846122085882267, 0.0, 0.0027449276025344853, 0.006393521231818422, 0.0
2020-02-01, 0.0011251526359802237, 0.0, 0.0013724638012672426, 0.0025574084927273717, 0.0005707382499262802
2020-02-01, 0.004190453146294439, 0.005506102597045063, 0.0, 0.00383611273909105, 0.007419597249041642
2020-02-01, 0.004190453146294439, 0.005506102597045063, 0.0, 0.00383611273909105, 0.007419597249041642
2020-02-01, 0.004190453146294439, 0.005506102597045063, 0.0, 0.00383611273909105, 0.007419597249041642
2020-02-01, 0.004190453146294439, 0.005506102597045063, 0.0, 0.00383611273909105, 0.007419597249041642
2020-02-01, 0.004190453146294439, 0.005506102597045063, 0.0, 0.00383611273909105, 0.007419597249041642
2020-02-01, 0.004190453146294439, 0.005506102597045063, 0.0, 0.00383611273909105, 0.007419597249041642
2020-02-01, 0.004190453146294439, 0.005506102597045063, 0.0, 0.00383611273909105, 0.007419597249041642
2020-02-01, 0.004190453146294439, 0.005506102597045063, 0.0, 0.00383611273909105, 0.007419597249041642
2020-02-01, 0.004190453146294439, 0.005506102597045063, 0.0, 0.00383611273909105, 0.007419597249041642
2020-02-01, 0.004190453146294439, 0.005506102597045063, 0.0, 0.00383611273909105, 0.007419597249041642
2020-02-01, 0.002493360940832477, 0.002753051298522524, 0.0027449276025344853, 0.0044754648622729, 0.0
2020-02-01, 0.0014682685862970344, 0.0, 0.0027449276025344853, 0.0025574084927273717, 0.0005707382499262802
2020-02-01, 0.0009310076685569814, 0.0, 0.0013724638012672426, 0.0006393521231818429, 0.0017122147497788405
2020-02-01, 0.0017871150434464016, 0.0, 0.0013724638012672426, 0.0006393521231818429, 0.005136644249336521
2020-01-02, 0.005387645547503657, 0.0027530512985225316, 0.004117391403801728, 0.0038361127390910575, 0.01084402674859931
2020-01-02, 0.006488528690316438, 0.0027530512985225316, 0.0027449276025344853, 0.0044754648622729, 0.015980670997935834
2020-01-02, 0.006488528690316438, 0.0027530512985225316, 0.0027449276025344853, 0.0044754648622729, 0.015980670997935834
2020-01-02, 0.006488528690316438, 0.0027530512985225316, 0.0027449276025344853, 0.0044754648622729, 0.015980670997935834
2020-01-02, 0.006488528690316438, 0.0027530512985225316, 0.0027449276025344853, 0.0044754648622729, 0.015980670997935834
2020-01-02, 0.006488528690316438, 0.0027530512985225316, 0.0027449276025344853, 0.0044754648622729, 0.015980670997935834
2020-01-02, 0.006488528690316438, 0.0027530512985225316, 0.0027449276025344853, 0.0044754648622729, 0.015980670997935834
2020-01-02, 0.006488528690316438, 0.0027530512985225316, 0.0027449276025344853, 0.0044754648622729, 0.015980670997935834
2020-01-02, 0.006488528690316438, 0.0027530512985225316, 0.0027449276025344853, 0.0044754648622729, 0.015980670997935834
2020-01-02, 0.006488528690316438, 0.0027530512985225316, 0.0027449276025344853, 0.0044754648622729, 0.015980670997935834
2020-01-02, 0.006488528690316438, 0.0027530512985225316, 0.0027449276025344853, 0.0044754648622729, 0.015980670997935834
2020-01-02, 0.006386437484874647, 0.0027530512985225316, 0.004117391403801728, 0.0038361127390910575, 0.014839194498083273
2020-01-02, 0.003649130380560362, 0.0, 0.004117391403801728, 0.0019180563695455287, 0.00856107374889419
2020-01-02, 0.0032717074936157694, 0.0, 0.0027449276025344853, 0.0006393521231818429, 0.00970255024874675
2020-01-02, 0.003161609768710656, 0.0027530512985225316, 0.004117391403801728, 0.0006393521231818429, 0.005136644249336521
2019-12-03, 0.003306014430243551, 0.0, 0.0027449276025344853, 0.0019180563695455287, 0.00856107374889419
2019-12-03, 0.009479758511404642, 0.008259153895567587, 0.0013724638012672426, 0.008311577601363944, 0.019975838747419792
2019-12-03, 0.009479758511404642, 0.008259153895567587, 0.0013724638012672426, 0.008311577601363944, 0.019975838747419792
2019-12-03, 0.009479758511404642, 0.008259153895567587, 0.0013724638012672426, 0.008311577601363944, 0.019975838747419792
2019-12-03, 0.009479758511404642, 0.008259153895567587, 0.0013724638012672426, 0.008311577601363944, 0.019975838747419792
2019-12-03, 0.009479758511404642, 0.008259153895567587, 0.0013724638012672426, 0.008311577601363944, 0.019975838747419792
2019-12-03, 0.009479758511404642, 0.008259153895567587, 0.0013724638012672426, 0.008311577601363944, 0.019975838747419792
2019-12-03, 0.009479758511404642, 0.008259153895567587, 0.0013724638012672426, 0.008311577601363944, 0.019975838747419792
2019-12-03, 0.009479758511404642, 0.008259153895567587, 0.0013724638012672426, 0.008311577601363944, 0.019975838747419792
2019-12-03, 0.009479758511404642, 0.008259153895567587, 0.0013724638012672426, 0.008311577601363944, 0.019975838747419792
2019-12-03, 0.009479758511404642, 0.008259153895567587, 0.0013724638012672426, 0.008311577601363944, 0.019975838747419792
2019-12-03, 0.0025411312128940287, 0.0, 0.0027449276025344853, 0.0, 0.007419597249041629
2019-12-03, 0.004815187198526052, 0.005506102597045063, 0.005489855205068971, 0.0025574084927273717, 0.005707382499262802
2019-12-03, 0.01713263822676466, 0.016518307791135174, 0.0013724638012672426, 0.019819915818637117, 0.030819865496019103
2019-12-03, 0.00711072734518439, 0.0027530512985225316, 0.0027449276025344853, 0.006393521231818429, 0.016551409247862112
2019-11-03, 0.006888500971377143, 0.005506102597045063, 0.00823478280760344, 0.006393521231818429, 0.007419597249041642
2019-11-03, 0.010759811141705754, 0.0027530512985225316, 0.005489855205068971, 0.021098620065000802, 0.013697717998230712
2019-11-03, 0.010759811141705754, 0.0027530512985225316, 0.005489855205068971, 0.021098620065000802, 0.013697717998230712
2019-11-03, 0.010759811141705754, 0.0027530512985225316, 0.005489855205068971, 0.021098620065000802, 0.013697717998230712
2019-11-03, 0.010759811141705754, 0.0027530512985225316, 0.005489855205068971, 0.021098620065000802, 0.013697717998230712
2019-11-03, 0.010759811141705754, 0.0027530512985225316, 0.005489855205068971, 0.021098620065000802, 0.013697717998230712
2019-11-03, 0.010759811141705754, 0.0027530512985225316, 0.005489855205068971, 0.021098620065000802, 0.013697717998230712
2019-11-03, 0.010759811141705754, 0.0027530512985225316, 0.005489855205068971, 0.021098620065000802, 0.013697717998230712
2019-11-03, 0.010759811141705754, 0.0027530512985225316, 0.005489855205068971, 0.021098620065000802, 0.013697717998230712
2019-11-03, 0.010759811141705754, 0.0027530512985225316, 0.005489855205068971, 0.021098620065000802, 0.013697717998230712
2019-11-03, 0.010759811141705754, 0.0027530512985225316, 0.005489855205068971, 0.021098620065000802, 0.013697717998230712
2019-11-03, 0.006865061082651254, 0.005506102597045063, 0.0068623190063361985, 0.007672225478182115, 0.007419597249041642
2019-11-03, 0.015237975161906026, 0.016518307791135174, 0.0013724638012672426, 0.023656028557728172, 0.019405100497493513
2019-11-03, 0.01400210315112932, 0.008259153895567587, 0.004117391403801728, 0.023656028557728172, 0.019975838747419792
2019-11-03, 0.004510944506197686, 0.00825915389556758, 0.0068623190063361985, 0.0006393521231818429, 0.0022829529997051208
2019-10-04, 0.00828097876939684, 0.008259153895567594, 0.012352174211405168, 0.010229633970909473, 0.0022829529997051208
2019-10-04, 0.0062957178007013925, 0.0, 0.012352174211405168, 0.0025574084927273717, 0.01027328849867303
2019-10-04, 0.0062957178007013925, 0.0, 0.012352174211405168, 0.0025574084927273717, 0.01027328849867303
2019-10-04, 0.0062957178007013925, 0.0, 0.012352174211405168, 0.0025574084927273717, 0.01027328849867303
2019-10-04, 0.0062957178007013925, 0.0, 0.012352174211405168, 0.0025574084927273717, 0.01027328849867303
2019-10-04, 0.0062957178007013925, 0.0, 0.012352174211405168, 0.0025574084927273717, 0.01027328849867303
2019-10-04, 0.0062957178007013925, 0.0, 0.012352174211405168, 0.0025574084927273717, 0.01027328849867303
2019-10-04, 0.0062957178007013925, 0.0, 0.012352174211405168, 0.0025574084927273717, 0.01027328849867303
2019-10-04, 0.0062957178007013925, 0.0, 0.012352174211405168, 0.0025574084927273717, 0.01027328849867303
2019-10-04, 0.0062957178007013925, 0.0, 0.012352174211405168, 0.0025574084927273717, 0.01027328849867303
2019-10-04, 0.0062957178007013925, 0.0, 0.012352174211405168, 0.0025574084927273717, 0.01027328849867303
2019-10-04, 0.007186442937164273, 0.005506102597045048, 0.010979710410137926, 0.0025574084927273717, 0.00970255024874675
2019-10-04, 0.011053483304948673, 0.00825915389556758, 0.009607246608870683, 0.011508338217273158, 0.014839194498083273
2019-10-04, 0.00934672537114028, 0.00825915389556758, 0.009607246608870683, 0.006393521231818429, 0.013126979748304431
2019-10-04, 0.007882651391090014, 0.008259153895567594, 0.015097101813939653, 0.007032873355000258, 0.0011414764998525476
2019-09-04, 0.007484399209080642, 0.0027530512985225316, 0.008234782807603456, 0.006393521231818429, 0.01255624149837815
2019-09-04, 0.007484399209080642, 0.0027530512985225316, 0.008234782807603456, 0.006393521231818429, 0.01255624149837815
2019-09-04, 0.007484399209080642, 0.0027530512985225316, 0.008234782807603456, 0.006393521231818429, 0.01255624149837815
2019-09-04, 0.007484399209080642, 0.0027530512985225316, 0.008234782807603456, 0.006393521231818429, 0.01255624149837815
2019-09-04, 0.007484399209080642, 0.0027530512985225316, 0.008234782807603456, 0.006393521231818429, 0.01255624149837815
2019-09-04, 0.007484399209080642, 0.0027530512985225316, 0.008234782807603456, 0.006393521231818429, 0.01255624149837815
2019-09-04, 0.007484399209080642, 0.0027530512985225316, 0.008234782807603456, 0.006393521231818429, 0.01255624149837815
2019-09-04, 0.007484399209080642, 0.0027530512985225316, 0.008234782807603456, 0.006393521231818429, 0.01255624149837815
2019-09-04, 0.007484399209080642, 0.0027530512985225316, 0.008234782807603456, 0.006393521231818429, 0.01255624149837815
2019-09-04, 0.007484399209080642, 0.0027530512985225316, 0.008234782807603456, 0.006393521231818429, 0.01255624149837815
2019-09-04, 0.007484399209080642, 0.0027530512985225316, 0.008234782807603456, 0.006393521231818429, 0.01255624149837815
2019-09-04, 0.00737341098956575, 0.008259153895567594, 0.012352174211405184, 0.008311577601363944, 0.0005707382499262802
2019-09-04, 0.007239043771493194, 0.011012205194090127, 0.010979710410137941, 0.006393521231818429, 0.0005707382499262802
2019-09-04, 0.008010213409254712, 0.011012205194090127, 0.012352174211405184, 0.006393521231818429, 0.002282952999705108
2019-09-04, 0.0077248442842915745, 0.011012205194090127, 0.012352174211405184, 0.006393521231818429, 0.0011414764998525604
2019-08-05, 0.006441262891621532, 0.0027530512985225316, 0.010979710410137941, 0.005754169108636586, 0.006278120749189069
2019-08-05, 0.009691042641012549, 0.011012205194090111, 0.006862319006336213, 0.0031967606159092146, 0.01769288574771466
2019-08-05, 0.009691042641012549, 0.011012205194090111, 0.006862319006336213, 0.0031967606159092146, 0.01769288574771466
2019-08-05, 0.009691042641012549, 0.011012205194090111, 0.006862319006336213, 0.0031967606159092146, 0.01769288574771466
2019-08-05, 0.009691042641012549, 0.011012205194090111, 0.006862319006336213, 0.0031967606159092146, 0.01769288574771466
2019-08-05, 0.009691042641012549, 0.011012205194090111, 0.006862319006336213, 0.0031967606159092146, 0.01769288574771466
2019-08-05, 0.009691042641012549, 0.011012205194090111, 0.006862319006336213, 0.0031967606159092146, 0.01769288574771466
2019-08-05, 0.009691042641012549, 0.011012205194090111, 0.006862319006336213, 0.0031967606159092146, 0.01769288574771466
2019-08-05, 0.009691042641012549, 0.011012205194090111, 0.006862319006336213, 0.0031967606159092146, 0.01769288574771466
2019-08-05, 0.009691042641012549, 0.011012205194090111, 0.006862319006336213, 0.0031967606159092146, 0.01769288574771466
2019-08-05, 0.009691042641012549, 0.011012205194090111, 0.006862319006336213, 0.0031967606159092146, 0.01769288574771466
2019-08-05, 0.007310253932280629, 0.00825915389556758, 0.012352174211405184, 0.0006393521231818429, 0.00799033549896791
2019-08-05, 0.0154015499096206, 0.019271359089657707, 0.0027449276025344853, 0.017901859449091586, 0.02168805349719862
2019-08-05, 0.0067855801614938, 0.005506102597045063, 0.008234782807603456, 0.0025574084927273717, 0.01084402674859931
2019-08-05, 0.0033600102325488817, 0.0, 0.008234782807603456, 0.0006393521231818429, 0.0045659059994102285
2019-07-06, 0.005727900969381902, 0.0, 0.006862319006336213, 0.0006393521231818429, 0.015409932748009551
2019-07-06, 0.009358793738597635, 0.011012205194090111, 0.004117391403801728, 0.005754169108636586, 0.016551409247862112
2019-07-06, 0.009358793738597635, 0.011012205194090111, 0.004117391403801728, 0.005754169108636586, 0.016551409247862112
2019-07-06, 0.009358793738597635, 0.011012205194090111, 0.004117391403801728, 0.005754169108636586, 0.016551409247862112
2019-07-06, 0.009358793738597635, 0.011012205194090111, 0.004117391403801728, 0.005754169108636586, 0.016551409247862112
2019-07-06, 0.009358793738597635, 0.011012205194090111, 0.004117391403801728, 0.005754169108636586, 0.016551409247862112
2019-07-06, 0.009358793738597635, 0.011012205194090111, 0.004117391403801728, 0.005754169108636586, 0.016551409247862112
2019-07-06, 0.009358793738597635, 0.011012205194090111, 0.004117391403801728, 0.005754169108636586, 0.016551409247862112
2019-07-06, 0.009358793738597635, 0.011012205194090111, 0.004117391403801728, 0.005754169108636586, 0.016551409247862112
2019-07-06, 0.009358793738597635, 0.011012205194090111, 0.004117391403801728, 0.005754169108636586, 0.016551409247862112
2019-07-06, 0.009358793738597635, 0.011012205194090111, 0.004117391403801728, 0.005754169108636586, 0.016551409247862112
2019-07-06, 0.004470040324212226, 0.0027530512985225316, 0.006862319006336213, 0.0025574084927273717, 0.005707382499262789
2019-07-06, 0.005209763553784531, 0.005506102597045063, 0.006862319006336213, 0.0044754648622729, 0.003995167749483949
2019-07-06, 0.006189681923790302, 0.008259153895567594, 0.008234782807603456, 0.0025574084927273717, 0.005707382499262789
2019-07-06, 0.016157286178119554, 0.016518307791135174, 0.0027449276025344853, 0.01854121157227343, 0.02682469774653513
2019-06-06, 0.006557957861884331, 0.005506102597045063, 0.009607246608870698, 0.0025574084927273717, 0.00856107374889419
2019-06-06, 0.011054373799558447, 0.005506102597045048, 0.006862319006336213, 0.009590281847727629, 0.0222587917471249
2019-06-06, 0.011054373799558447, 0.005506102597045048, 0.006862319006336213, 0.009590281847727629, 0.0222587917471249
2019-06-06, 0.011054373799558447, 0.005506102597045048, 0.006862319006336213, 0.009590281847727629, 0.0222587917471249
2019-06-06, 0.011054373799558447, 0.005506102597045048, 0.006862319006336213, 0.009590281847727629, 0.0222587917471249
2019-06-06, 0.011054373799558447, 0.005506102597045048, 0.006862319006336213, 0.009590281847727629, 0.0222587917471249
2019-06-06, 0.011054373799558447, 0.005506102597045048, 0.006862319006336213, 0.009590281847727629, 0.0222587917471249
2019-06-06, 0.011054373799558447, 0.005506102597045048, 0.006862319006336213, 0.009590281847727629, 0.0222587917471249
2019-06-06, 0.011054373799558447, 0.005506102597045048, 0.006862319006336213, 0.009590281847727629, 0.0222587917471249
2019-06-06, 0.011054373799558447, 0.005506102597045048, 0.006862319006336213, 0.009590281847727629, 0.0222587917471249
2019-06-06, 0.011054373799558447, 0.005506102597045048, 0.006862319006336213, 0.009590281847727629, 0.0222587917471249
2019-06-06, 0.005098525399492178, 0.0027530512985225316, 0.008234782807603456, 0.0025574084927273717, 0.00684885899911535
2019-06-06, 0.006358356078490644, 0.005506102597045063, 0.009607246608870698, 0.005754169108636586, 0.0045659059994102285
2019-06-06, 0.005450788298659552, 0.005506102597045063, 0.009607246608870698, 0.0038361127390910575, 0.0028536912496313883
2019-06-06, 0.015711560242865085, 0.02202441038818023, 0.0, 0.013426394586818687, 0.027395435996461423
2019-05-07, 0.005100556323489185, 0.005506102597045048, 0.005489855205068971, 0.0025574084927273717, 0.00684885899911535
2019-05-07, 0.00998443259156824, 0.005506102597045063, 0.0013724638012672426, 0.010229633970909473, 0.022829529997051182
2019-05-07, 0.00998443259156824, 0.005506102597045063, 0.0013724638012672426, 0.010229633970909473, 0.022829529997051182
2019-05-07, 0.00998443259156824, 0.005506102597045063, 0.0013724638012672426, 0.010229633970909473, 0.022829529997051182
2019-05-07, 0.00998443259156824, 0.005506102597045063, 0.0013724638012672426, 0.010229633970909473, 0.022829529997051182
2019-05-07, 0.00998443259156824, 0.005506102597045063, 0.0013724638012672426, 0.010229633970909473, 0.022829529997051182
2019-05-07, 0.00998443259156824, 0.005506102597045063, 0.0013724638012672426, 0.010229633970909473, 0.022829529997051182
2019-05-07, 0.00998443259156824, 0.005506102597045063, 0.0013724638012672426, 0.010229633970909473, 0.022829529997051182
2019-05-07, 0.00998443259156824, 0.005506102597045063, 0.0013724638012672426, 0.010229633970909473, 0.022829529997051182
2019-05-07, 0.00998443259156824, 0.005506102597045063, 0.0013724638012672426, 0.010229633970909473, 0.022829529997051182
2019-05-07, 0.00998443259156824, 0.005506102597045063, 0.0013724638012672426, 0.010229633970909473, 0.022829529997051182
2019-05-07, 0.004815187198526045, 0.005506102597045048, 0.005489855205068971, 0.0025574084927273717, 0.005707382499262789
2019-05-07, 0.014318710729731487, 0.01651830779113518, 0.0013724638012672426, 0.01598380307954606, 0.02340026824697746
2019-05-07, 0.006911422080607159, 0.011012205194090111, 0.006862319006336213, 0.0006393521231818429, 0.009131811998820471
2019-05-07, 0.010783933570491226, 0.011012205194090127, 0.0, 0.012147690340455, 0.01997583874741978
2019-04-07, 0.005604711624156917, 0.008259153895567594, 0.0027449276025344853, 0.0, 0.011414764998525591
2019-04-07, 0.003425259103999232, 0.0, 0.0013724638012672426, 0.0031967606159092146, 0.009131811998820471
2019-04-07, 0.003425259103999232, 0.0, 0.0013724638012672426, 0.0031967606159092146, 0.009131811998820471
2019-04-07, 0.003425259103999232, 0.0, 0.0013724638012672426, 0.0031967606159092146, 0.009131811998820471
2019-04-07, 0.003425259103999232, 0.0, 0.0013724638012672426, 0.0031967606159092146, 0.009131811998820471
2019-04-07, 0.003425259103999232, 0.0, 0.0013724638012672426, 0.0031967606159092146, 0.009131811998820471
2019-04-07, 0.003425259103999232, 0.0, 0.0013724638012672426, 0.0031967606159092146, 0.009131811998820471
2019-04-07, 0.003425259103999232, 0.0, 0.0013724638012672426, 0.0031967606159092146, 0.009131811998820471
2019-04-07, 0.003425259103999232, 0.0, 0.0013724638012672426, 0.0031967606159092146, 0.009131811998820471
2019-04-07, 0.003425259103999232, 0.0, 0.0013724638012672426, 0.0031967606159092146, 0.009131811998820471
2019-04-07, 0.003425259103999232, 0.0, 0.0013724638012672426, 0.0031967606159092146, 0.009131811998820471
2019-04-07, 0.005881452579765365, 0.0, 0.005489855205068971, 0.0031967606159092146, 0.014839194498083273
2019-04-07, 0.005548374072908889, 0.0, 0.0013724638012672426, 0.0025574084927273717, 0.018263623997640942
2019-04-07, 0.00826966813829652, 0.008259153895567587, 0.0013724638012672426, 0.005754169108636586, 0.01769288574771466
2019-04-07, 0.010912000062022562, 0.011012205194090118, 0.005489855205068956, 0.008311577601363957, 0.01883436224756722
2019-03-08, 0.009100823479958907, 0.0, 0.005489855205068971, 0.011508338217273158, 0.0194051004974935
2019-03-08, 0.009100823479958907, 0.0, 0.005489855205068971, 0.011508338217273158, 0.0194051004974935
2019-03-08, 0.009100823479958907, 0.0, 0.005489855205068971, 0.011508338217273158, 0.0194051004974935
2019-03-08, 0.009100823479958907, 0.0, 0.005489855205068971, 0.011508338217273158, 0.0194051004974935
2019-03-08, 0.009100823479958907, 0.0, 0.005489855205068971, 0.011508338217273158, 0.0194051004974935
2019-03-08, 0.009100823479958907, 0.0, 0.005489855205068971, 0.011508338217273158, 0.0194051004974935
2019-03-08, 0.009100823479958907, 0.0, 0.005489855205068971, 0.011508338217273158, 0.0194051004974935
2019-03-08, 0.009100823479958907, 0.0, 0.005489855205068971, 0.011508338217273158, 0.0194051004974935
2019-03-08, 0.009100823479958907, 0.0, 0.005489855205068971, 0.011508338217273158, 0.0194051004974935
2019-03-08, 0.009100823479958907, 0.0, 0.005489855205068971, 0.011508338217273158, 0.0194051004974935
2019-03-08, 0.009100823479958907, 0.0, 0.005489855205068971, 0.011508338217273158, 0.0194051004974935
2019-03-08, 0.0073160358793259795, 0.011012205194090111, 0.005489855205068971, 0.0019180563695455287, 0.01084402674859931
2019-03-08, 0.00721394467388419, 0.011012205194090111, 0.006862319006336213, 0.0012787042463636858, 0.00970255024874675
2019-03-08, 0.014443620174007797, 0.005506102597045063, 0.004117391403801728, 0.017901859449091586, 0.03024912724609281
2019-03-08, 0.007708892135533135, 0.013765256492612642, 0.008234782807603456, 0.0025574084927273717, 0.006278120749189069
2019-02-06, 0.007203907230423852, 0.011012205194090111, 0.009607246608870698, 0.0019180563695455287, 0.006278120749189069
2019-02-06, 0.012323931097071573, 0.0027530512985225316, 0.006862319006336213, 0.013426394586818687, 0.026253959496608862
2019-02-06, 0.012323931097071573, 0.0027530512985225316, 0.006862319006336213, 0.013426394586818687, 0.026253959496608862
2019-02-06, 0.012323931097071573, 0.0027530512985225316, 0.006862319006336213, 0.013426394586818687, 0.026253959496608862
2019-02-06, 0.012323931097071573, 0.0027530512985225316, 0.006862319006336213, 0.013426394586818687, 0.026253959496608862
2019-02-06, 0.012323931097071573, 0.0027530512985225316, 0.006862319006336213, 0.013426394586818687, 0.026253959496608862
2019-02-06, 0.012323931097071573, 0.0027530512985225316, 0.006862319006336213, 0.013426394586818687, 0.026253959496608862
2019-02-06, 0.012323931097071573, 0.0027530512985225316, 0.006862319006336213, 0.013426394586818687, 0.026253959496608862
2019-02-06, 0.012323931097071573, 0.0027530512985225316, 0.006862319006336213, 0.013426394586818687, 0.026253959496608862
2019-02-06, 0.012323931097071573, 0.0027530512985225316, 0.006862319006336213, 0.013426394586818687, 0.026253959496608862
2019-02-06, 0.012323931097071573, 0.0027530512985225316, 0.006862319006336213, 0.013426394586818687, 0.026253959496608862
2019-02-06, 0.009395636072589074, 0.011012205194090111, 0.009607246608870698, 0.0038361127390910575, 0.013126979748304431
2019-02-06, 0.008413997603531976, 0.011012205194090111, 0.009607246608870698, 0.0044754648622729, 0.00856107374889419
2019-02-06, 0.008331090790401088, 0.013765256492612642, 0.008234782807603456, 0.0044754648622729, 0.00684885899911535
2019-02-06, 0.008520655130334434, 0.013765256492612642, 0.010979710410137941, 0.0019180563695455287, 0.007419597249041629
2019-01-07, 0.005033082879620858, 0.011012205194090111, 0.005489855205068971, 0.0019180563695455144, 0.0017122147497788405
2019-01-07, 0.005087672657719508, 0.0, 0.004117391403801728, 0.0076722254781821, 0.008561073748894203
2019-01-07, 0.005087672657719508, 0.0, 0.004117391403801728, 0.0076722254781821, 0.008561073748894203
2019-01-07, 0.005087672657719508, 0.0, 0.004117391403801728, 0.0076722254781821, 0.008561073748894203
2019-01-07, 0.005087672657719508, 0.0, 0.004117391403801728, 0.0076722254781821, 0.008561073748894203
2019-01-07, 0.005087672657719508, 0.0, 0.004117391403801728, 0.0076722254781821, 0.008561073748894203
2019-01-07, 0.005087672657719508, 0.0, 0.004117391403801728, 0.0076722254781821, 0.008561073748894203
2019-01-07, 0.005087672657719508, 0.0, 0.004117391403801728, 0.0076722254781821, 0.008561073748894203
2019-01-07, 0.005087672657719508, 0.0, 0.004117391403801728, 0.0076722254781821, 0.008561073748894203
2019-01-07, 0.005087672657719508, 0.0, 0.004117391403801728, 0.0076722254781821, 0.008561073748894203
2019-01-07, 0.005087672657719508, 0.0, 0.004117391403801728, 0.0076722254781821, 0.008561073748894203
2019-01-07, 0.005938930560400623, 0.013765256492612642, 0.006862319006336213, 0.0025574084927273573, 0.0005707382499262802
2019-01-07, 0.006722687345115364, 0.011012205194090111, 0.005489855205068971, 0.006393521231818415, 0.003995167749483961
2019-01-07, 0.0037457647700317063, 0.0, 0.0027449276025344853, 0.0076722254781821, 0.0045659059994102415
2019-01-07, 0.0048428968897961475, 0.0, 0.005489855205068971, 0.007032873355000258, 0.006848858999115362
2018-12-08, 0.007160467651074731, 0.0055061025970450555, 0.004117391403801728, 0.007032873355000258, 0.011985503248451884
2018-12-08, 0.006400165061215102, 0.0055061025970450555, 0.0013724638012672426, 0.009590281847727629, 0.009131811998820483
2018-12-08, 0.006400165061215102, 0.0055061025970450555, 0.0013724638012672426, 0.009590281847727629, 0.009131811998820483
2018-12-08, 0.006400165061215102, 0.0055061025970450555, 0.0013724638012672426, 0.009590281847727629, 0.009131811998820483
2018-12-08, 0.006400165061215102, 0.0055061025970450555, 0.0013724638012672426, 0.009590281847727629, 0.009131811998820483
2018-12-08, 0.006400165061215102, 0.0055061025970450555, 0.0013724638012672426, 0.009590281847727629, 0.009131811998820483
2018-12-08, 0.006400165061215102, 0.0055061025970450555, 0.0013724638012672426, 0.009590281847727629, 0.009131811998820483
2018-12-08, 0.006400165061215102, 0.0055061025970450555, 0.0013724638012672426, 0.009590281847727629, 0.009131811998820483
2018-12-08, 0.006400165061215102, 0.0055061025970450555, 0.0013724638012672426, 0.009590281847727629, 0.009131811998820483
2018-12-08, 0.006400165061215102, 0.0055061025970450555, 0.0013724638012672426, 0.009590281847727629, 0.009131811998820483
2018-12-08, 0.006400165061215102, 0.0055061025970450555, 0.0013724638012672426, 0.009590281847727629, 0.009131811998820483
2018-12-08, 0.006778195291921835, 0.019271359089657696, 0.005489855205068971, 0.0006393521231818429, 0.0017122147497788279
2018-12-08, 0.0064687789344706655, 0.0055061025970450555, 0.0013724638012672426, 0.012147690340455, 0.006848858999115362
2018-12-08, 0.005147761232015872, 0.008259153895567587, 0.0013724638012672426, 0.006393521231818415, 0.0045659059994102415
2018-12-08, 0.006456191787517445, 0.008259153895567587, 0.004117391403801728, 0.008311577601363944, 0.005136644249336521
2018-11-08, 0.005112624690946537, 0.008259153895567587, 0.0, 0.0019180563695455287, 0.01027328849867303
2018-11-08, 0.0038364701480757346, 0.005506102597045063, 0.0, 0.0012787042463636858, 0.00856107374889419
2018-11-08, 0.0038364701480757346, 0.005506102597045063, 0.0, 0.0012787042463636858, 0.00856107374889419
2018-11-08, 0.0038364701480757346, 0.005506102597045063, 0.0, 0.0012787042463636858, 0.00856107374889419
2018-11-08, 0.0038364701480757346, 0.005506102597045063, 0.0, 0.0012787042463636858, 0.00856107374889419
2018-11-08, 0.0038364701480757346, 0.005506102597045063, 0.0, 0.0012787042463636858, 0.00856107374889419
2018-11-08, 0.0038364701480757346, 0.005506102597045063, 0.0, 0.0012787042463636858, 0.00856107374889419
2018-11-08, 0.0038364701480757346, 0.005506102597045063, 0.0, 0.0012787042463636858, 0.00856107374889419
2018-11-08, 0.0038364701480757346, 0.005506102597045063, 0.0, 0.0012787042463636858, 0.00856107374889419
2018-11-08, 0.0038364701480757346, 0.005506102597045063, 0.0, 0.0012787042463636858, 0.00856107374889419
2018-11-08, 0.0038364701480757346, 0.005506102597045063, 0.0, 0.0012787042463636858, 0.00856107374889419
2018-11-08, 0.004532739492169695, 0.005506102597045063, 0.0, 0.0006393521231818429, 0.011985503248451872
2018-11-08, 0.00493818289533007, 0.005506102597045063, 0.0, 0.005114816985454743, 0.009131811998820471
2018-11-08, 0.006045041633609161, 0.0, 0.0013724638012672426, 0.005114816985454729, 0.017692885747714673
2018-11-08, 0.006893142489035253, 0.002753051298522524, 0.0013724638012672426, 0.005754169108636572, 0.017692885747714673
2018-10-09, 0.0030034918369665235, 0.0, 0.0027449276025344853, 0.0012787042463636858, 0.007990335498967922
2018-10-09, 0.0030034918369665235, 0.0, 0.0027449276025344853, 0.0012787042463636858, 0.007990335498967922
2018-10-09, 0.0030034918369665235, 0.0, 0.0027449276025344853, 0.0012787042463636858, 0.007990335498967922
2018-10-09, 0.0030034918369665235, 0.0, 0.0027449276025344853, 0.0012787042463636858, 0.007990335498967922
2018-10-09, 0.0030034918369665235, 0.0, 0.0027449276025344853, 0.0012787042463636858, 0.007990335498967922
2018-10-09, 0.0030034918369665235, 0.0, 0.0027449276025344853, 0.0012787042463636858, 0.007990335498967922
2018-10-09, 0.0030034918369665235, 0.0, 0.0027449276025344853, 0.0012787042463636858, 0.007990335498967922
2018-10-09, 0.0030034918369665235, 0.0, 0.0027449276025344853, 0.0012787042463636858, 0.007990335498967922
2018-10-09, 0.0030034918369665235, 0.0, 0.0027449276025344853, 0.0012787042463636858, 0.007990335498967922
2018-10-09, 0.0030034918369665235, 0.0, 0.0027449276025344853, 0.0012787042463636858, 0.007990335498967922
2018-10-09, 0.0030034918369665235, 0.0, 0.0027449276025344853, 0.0012787042463636858, 0.007990335498967922
2018-10-09, 0.005687053073752936, 0.011012205194090118, 0.0, 0.008311577601363957, 0.0034244294995576683
2018-10-09, 0.004665075786245239, 0.0, 0.004117391403801728, 0.0025574084927273573, 0.011985503248451872
2018-10-09, 0.0062031595653532935, 0.0027530512985225316, 0.0027449276025344853, 0.004475464862272886, 0.014839194498083273
2018-10-09, 0.007042943076370375, 0.002753051298522524, 0.004117391403801728, 0.007032873355000258, 0.014268456248156992
2018-09-09, 0.003691754661597156, 0.0027530512985225316, 0.0027449276025344853, 0.0012787042463636858, 0.007990335498967922
2018-09-09, 0.003691754661597156, 0.0027530512985225316, 0.0027449276025344853, 0.0012787042463636858, 0.007990335498967922
2018-09-09, 0.003691754661597156, 0.0027530512985225316, 0.0027449276025344853, 0.0012787042463636858, 0.007990335498967922
2018-09-09, 0.003691754661597156, 0.0027530512985225316, 0.0027449276025344853, 0.0012787042463636858, 0.007990335498967922
2018-09-09, 0.003691754661597156, 0.0027530512985225316, 0.0027449276025344853, 0.0012787042463636858, 0.007990335498967922
2018-09-09, 0.003691754661597156, 0.0027530512985225316, 0.0027449276025344853, 0.0012787042463636858, 0.007990335498967922
2018-09-09, 0.003691754661597156, 0.0027530512985225316, 0.0027449276025344853, 0.0012787042463636858, 0.007990335498967922
2018-09-09, 0.003691754661597156, 0.0027530512985225316, 0.0027449276025344853, 0.0012787042463636858, 0.007990335498967922
2018-09-09, 0.003691754661597156, 0.0027530512985225316, 0.0027449276025344853, 0.0012787042463636858, 0.007990335498967922
2018-09-09, 0.003691754661597156, 0.0027530512985225316, 0.0027449276025344853, 0.0012787042463636858, 0.007990335498967922
2018-09-09, 0.003691754661597156, 0.0027530512985225316, 0.0027449276025344853, 0.0012787042463636858, 0.007990335498967922
2018-09-09, 0.004065751656568311, 0.0055061025970450555, 0.001372463801267235, 0.007672225478182115, 0.0017122147497788405
2018-09-09, 0.003188800680484885, 0.0027530512985225316, 0.0013724638012672426, 0.0006393521231818429, 0.007990335498967922
2018-09-09, 0.004260772812472108, 0.005506102597045063, 0.004117391403801728, 0.0, 0.007419597249041642
2018-09-09, 0.008788055488671353, 0.011012205194090118, 0.004117391403801728, 0.005754169108636572, 0.014268456248156992
2018-08-10, 0.0035084767420758027, 0.0027530512985225316, 0.0013724638012672426, 0.0019180563695455144, 0.007990335498967922
2018-08-10, 0.002743593524726284, 0.0027530512985225316, 0.0013724638012672426, 0.0, 0.006848858999115362
2018-08-10, 0.002743593524726284, 0.0027530512985225316, 0.0013724638012672426, 0.0, 0.006848858999115362
2018-08-10, 0.002743593524726284, 0.0027530512985225316, 0.0013724638012672426, 0.0, 0.006848858999115362
2018-08-10, 0.002743593524726284, 0.0027530512985225316, 0.0013724638012672426, 0.0, 0.006848858999115362
2018-08-10, 0.002743593524726284, 0.0027530512985225316, 0.0013724638012672426, 0.0, 0.006848858999115362
2018-08-10, 0.002743593524726284, 0.0027530512985225316, 0.0013724638012672426, 0.0, 0.006848858999115362
2018-08-10, 0.002743593524726284, 0.0027530512985225316, 0.0013724638012672426, 0.0, 0.006848858999115362
2018-08-10, 0.002743593524726284, 0.0027530512985225316, 0.0013724638012672426, 0.0, 0.006848858999115362
2018-08-10, 0.002743593524726284, 0.0027530512985225316, 0.0013724638012672426, 0.0, 0.006848858999115362
2018-08-10, 0.002743593524726284, 0.0027530512985225316, 0.0013724638012672426, 0.0, 0.006848858999115362
2018-08-10, 0.004760300901610943, 0.008259153895567587, 0.002744927602534478, 0.005754169108636586, 0.0022829529997051208
2018-08-10, 0.003693474760648481, 0.0, 0.0013724638012672426, 0.0025574084927273573, 0.010844026748599323
2018-08-10, 0.004264523835520448, 0.005506102597045063, 0.0, 0.0012787042463636858, 0.010273288498673042
2018-08-10, 0.001956100023092425, 0.002753051298522524, 0.0013724638012672426, 0.0025574084927273717, 0.0011414764998525604
2018-07-11, 0.002200875791015783, 0.0027530512985225316, 0.0, 0.0031967606159092003, 0.002853691249631401
2018-07-11, 0.0029657590083653033, 0.002753051298522524, 0.0, 0.005114816985454729, 0.003995167749483961
2018-07-11, 0.0029657590083653033, 0.002753051298522524, 0.0, 0.005114816985454729, 0.003995167749483961
2018-07-11, 0.0029657590083653033, 0.002753051298522524, 0.0, 0.005114816985454729, 0.003995167749483961
2018-07-11, 0.0029657590083653033, 0.002753051298522524, 0.0, 0.005114816985454729, 0.003995167749483961
2018-07-11, 0.0029657590083653033, 0.002753051298522524, 0.0, 0.005114816985454729, 0.003995167749483961
2018-07-11, 0.0029657590083653033, 0.002753051298522524, 0.0, 0.005114816985454729, 0.003995167749483961
2018-07-11, 0.0029657590083653033, 0.002753051298522524, 0.0, 0.005114816985454729, 0.003995167749483961
2018-07-11, 0.0029657590083653033, 0.002753051298522524, 0.0, 0.005114816985454729, 0.003995167749483961
2018-07-11, 0.0029657590083653033, 0.002753051298522524, 0.0, 0.005114816985454729, 0.003995167749483961
2018-07-11, 0.0029657590083653033, 0.002753051298522524, 0.0, 0.005114816985454729, 0.003995167749483961
2018-07-11, 0.003987990834462183, 0.0027530512985225316, 0.001372463801267235, 0.003836112739091043, 0.007990335498967922
2018-07-11, 0.00759683868292845, 0.008259153895567587, 0.002744927602534478, 0.005114816985454743, 0.014268456248156992
2018-07-11, 0.003066130114755767, 0.005506102597045063, 0.0, 0.004475464862272886, 0.0022829529997051208
2018-07-11, 0.0018071290401988544, 0.0027530512985225316, 0.0, 0.004475464862272886, 0.0
2018-06-11, 0.0029214146282771857, 0.0027530512985225316, 0.0027449276025344853, 0.004475464862272886, 0.0017122147497788405
2018-06-11, 0.004018546748041625, 0.002753051298522524, 0.005489855205068971, 0.003836112739091043, 0.003995167749483961
2018-06-11, 0.004018546748041625, 0.002753051298522524, 0.005489855205068971, 0.003836112739091043, 0.003995167749483961
2018-06-11, 0.004018546748041625, 0.002753051298522524, 0.005489855205068971, 0.003836112739091043, 0.003995167749483961
2018-06-11, 0.004018546748041625, 0.002753051298522524, 0.005489855205068971, 0.003836112739091043, 0.003995167749483961
2018-06-11, 0.004018546748041625, 0.002753051298522524, 0.005489855205068971, 0.003836112739091043, 0.003995167749483961
2018-06-11, 0.004018546748041625, 0.002753051298522524, 0.005489855205068971, 0.003836112739091043, 0.003995167749483961
2018-06-11, 0.004018546748041625, 0.002753051298522524, 0.005489855205068971, 0.003836112739091043, 0.003995167749483961
2018-06-11, 0.004018546748041625, 0.002753051298522524, 0.005489855205068971, 0.003836112739091043, 0.003995167749483961
2018-06-11, 0.004018546748041625, 0.002753051298522524, 0.005489855205068971, 0.003836112739091043, 0.003995167749483961
2018-06-11, 0.004018546748041625, 0.002753051298522524, 0.005489855205068971, 0.003836112739091043, 0.003995167749483961
2018-06-11, 0.0032988375152217778, 0.0027530512985225316, 0.004117391403801728, 0.005754169108636572, 0.0005707382499262802
2018-06-11, 0.0028130370024233974, 0.0027530512985225316, 0.0027449276025344853, 0.005754169108636572, 0.0
2018-06-11, 0.007197635116141075, 0.008259153895567587, 0.0027449276025344853, 0.011508338217273158, 0.006278120749189069
2018-06-11, 0.013127998397355232, 0.011012205194090111, 0.008234782807603449, 0.012147690340455016, 0.021117315247272353
2018-05-12, 0.004956165968085511, 0.0055061025970450555, 0.0013724638012672426, 0.008950929724545786, 0.003995167749483961
2018-05-12, 0.0033214477995061145, 0.0027530512985225316, 0.00411739140380172, 0.0012787042463636858, 0.005136644249336521
2018-05-12, 0.0033214477995061145, 0.0027530512985225316, 0.00411739140380172, 0.0012787042463636858, 0.005136644249336521
2018-05-12, 0.0033214477995061145, 0.0027530512985225316, 0.00411739140380172, 0.0012787042463636858, 0.005136644249336521
2018-05-12, 0.0033214477995061145, 0.0027530512985225316, 0.00411739140380172, 0.0012787042463636858, 0.005136644249336521
2018-05-12, 0.0033214477995061145, 0.0027530512985225316, 0.00411739140380172, 0.0012787042463636858, 0.005136644249336521
2018-05-12, 0.0033214477995061145, 0.0027530512985225316, 0.00411739140380172, 0.0012787042463636858, 0.005136644249336521
2018-05-12, 0.0033214477995061145, 0.0027530512985225316, 0.00411739140380172, 0.0012787042463636858, 0.005136644249336521
2018-05-12, 0.0033214477995061145, 0.0027530512985225316, 0.00411739140380172, 0.0012787042463636858, 0.005136644249336521
2018-05-12, 0.0033214477995061145, 0.0027530512985225316, 0.00411739140380172, 0.0012787042463636858, 0.005136644249336521
2018-05-12, 0.0033214477995061145, 0.0027530512985225316, 0.00411739140380172, 0.0012787042463636858, 0.005136644249336521
2018-05-12, 0.004160401706081641, 0.0027530512985225316, 0.00411739140380172, 0.0006393521231818429, 0.009131811998820471
2018-05-12, 0.0033294543189694415, 0.0, 0.00411739140380172, 0.0006393521231818429, 0.008561073748894203
2018-05-12, 0.011674347882008433, 0.011012205194090118, 0.0, 0.0134263945868187, 0.022258791747124914
2018-05-12, 0.005141474811603873, 0.008259153895567587, 0.0, 0.008311577601363944, 0.003995167749483961
2018-04-12, 0.0026289294784604973, 0.0027530512985225316, 0.0, 0.0031967606159092146, 0.0045659059994102415
2018-04-12, 0.0026289294784604973, 0.0027530512985225316, 0.0, 0.0031967606159092146, 0.0045659059994102415
2018-04-12, 0.0026289294784604973, 0.0027530512985225316, 0.0, 0.0031967606159092146, 0.0045659059994102415
2018-04-12, 0.0026289294784604973, 0.0027530512985225316, 0.0, 0.0031967606159092146, 0.0045659059994102415
2018-04-12, 0.0026289294784604973, 0.0027530512985225316, 0.0, 0.0031967606159092146, 0.0045659059994102415
2018-04-12, 0.0026289294784604973, 0.0027530512985225316, 0.0, 0.0031967606159092146, 0.0045659059994102415
2018-04-12, 0.0026289294784604973, 0.0027530512985225316, 0.0, 0.0031967606159092146, 0.0045659059994102415
2018-04-12, 0.0026289294784604973, 0.0027530512985225316, 0.0, 0.0031967606159092146, 0.0045659059994102415
2018-04-12, 0.0026289294784604973, 0.0027530512985225316, 0.0, 0.0031967606159092146, 0.0045659059994102415
2018-04-12, 0.0026289294784604973, 0.0027530512985225316, 0.0, 0.0031967606159092146, 0.0045659059994102415
2018-04-12, 0.0026289294784604973, 0.0027530512985225316, 0.0, 0.0031967606159092146, 0.0045659059994102415
2018-04-12, 0.0031410304084233272, 0.0055061025970450555, 0.0013724638012672426, 0.005114816985454729, 0.0005707382499262802
2018-04-12, 0.002174575373851332, 0.0, 0.0, 0.0012787042463636858, 0.007419597249041642
2018-04-12, 0.001484592450169371, 0.0, 0.0013724638012672426, 0.0, 0.0045659059994102415
2018-04-12, 0.010639218084012648, 0.008259153895567587, 0.002744927602534478, 0.012147690340455016, 0.019405100497493513
2018-03-13, 0.004761695869587366, 0.0027530512985225316, 0.008234782807603449, 0.0006393521231818429, 0.007419597249041642
2018-03-13, 0.004742511477276462, 0.0, 0.010979710410137926, 0.0, 0.007990335498967922
2018-03-13, 0.004742511477276462, 0.0, 0.010979710410137926, 0.0, 0.007990335498967922
2018-03-13, 0.004742511477276462, 0.0, 0.010979710410137926, 0.0, 0.007990335498967922
2018-03-13, 0.004742511477276462, 0.0, 0.010979710410137926, 0.0, 0.007990335498967922
2018-03-13, 0.004742511477276462, 0.0, 0.010979710410137926, 0.0, 0.007990335498967922
2018-03-13, 0.004742511477276462, 0.0, 0.010979710410137926, 0.0, 0.007990335498967922
2018-03-13, 0.004742511477276462, 0.0, 0.010979710410137926, 0.0, 0.007990335498967922
2018-03-13, 0.004742511477276462, 0.0, 0.010979710410137926, 0.0, 0.007990335498967922
2018-03-13, 0.004742511477276462, 0.0, 0.010979710410137926, 0.0, 0.007990335498967922
2018-03-13, 0.004742511477276462, 0.0, 0.010979710410137926, 0.0, 0.007990335498967922
2018-03-13, 0.004273864432791974, 0.0, 0.009607246608870692, 0.0006393521231818429, 0.006848858999115362
2018-03-13, 0.00955090778202386, 0.008259153895567587, 0.006862319006336205, 0.0076722254781821, 0.015409932748009551
2018-03-13, 0.005770464360250473, 0.0055061025970450555, 0.009607246608870692, 0.005114816985454743, 0.002853691249631401
2018-03-13, 0.008047130939543588, 0.0055061025970450555, 0.008234782807603449, 0.007032873355000258, 0.011414764998525591
2018-02-11, 0.00563495671279067, 0.0027530512985225316, 0.008234782807603449, 0.0012787042463636715, 0.01027328849867303
2018-02-11, 0.006382686461826303, 0.0027530512985225316, 0.008234782807603449, 0.0025574084927273573, 0.011985503248451872
2018-02-11, 0.006382686461826303, 0.0027530512985225316, 0.008234782807603449, 0.0025574084927273573, 0.011985503248451872
2018-02-11, 0.006382686461826303, 0.0027530512985225316, 0.008234782807603449, 0.0025574084927273573, 0.011985503248451872
2018-02-11, 0.006382686461826303, 0.0027530512985225316, 0.008234782807603449, 0.0025574084927273573, 0.011985503248451872
2018-02-11, 0.006382686461826303, 0.0027530512985225316, 0.008234782807603449, 0.0025574084927273573, 0.011985503248451872
2018-02-11, 0.006382686461826303, 0.0027530512985225316, 0.008234782807603449, 0.0025574084927273573, 0.011985503248451872
2018-02-11, 0.006382686461826303, 0.0027530512985225316, 0.008234782807603449, 0.0025574084927273573, 0.011985503248451872
2018-02-11, 0.006382686461826303, 0.0027530512985225316, 0.008234782807603449, 0.0025574084927273573, 0.011985503248451872
2018-02-11, 0.006382686461826303, 0.0027530512985225316, 0.008234782807603449, 0.0025574084927273573, 0.011985503248451872
2018-02-11, 0.006382686461826303, 0.0027530512985225316, 0.008234782807603449, 0.0025574084927273573, 0.011985503248451872
2018-02-11, 0.006601411747362676, 0.008259153895567587, 0.009607246608870692, 0.005114816985454743, 0.003424429499557681
2018-02-11, 0.007987353190192907, 0.0027530512985225316, 0.009607246608870692, 0.007032873355000258, 0.01255624149837815
2018-02-11, 0.009325316406411403, 0.011012205194090118, 0.005489855205068963, 0.0076722254781821, 0.013126979748304431
2018-02-11, 0.0049981542931017125, 0.0, 0.008234782807603449, 0.0031967606159092003, 0.008561073748894203
2018-01-12, 0.006006107485452491, 0.0, 0.0027449276025344853, 0.012147690340455009, 0.009131811998820471
2018-01-12, 0.005888893735693821, 0.0027530512985225316, 0.0013724638012672426, 0.010868986094091322, 0.00856107374889419
2018-01-12, 0.005888893735693821, 0.0027530512985225316, 0.0013724638012672426, 0.010868986094091322, 0.00856107374889419
2018-01-12, 0.005888893735693821, 0.0027530512985225316, 0.0013724638012672426, 0.010868986094091322, 0.00856107374889419
2018-01-12, 0.005888893735693821, 0.0027530512985225316, 0.0013724638012672426, 0.010868986094091322, 0.00856107374889419
2018-01-12, 0.005888893735693821, 0.0027530512985225316, 0.0013724638012672426, 0.010868986094091322, 0.00856107374889419
2018-01-12, 0.005888893735693821, 0.0027530512985225316, 0.0013724638012672426, 0.010868986094091322, 0.00856107374889419
2018-01-12, 0.005888893735693821, 0.0027530512985225316, 0.0013724638012672426, 0.010868986094091322, 0.00856107374889419
2018-01-12, 0.005888893735693821, 0.0027530512985225316, 0.0013724638012672426, 0.010868986094091322, 0.00856107374889419
2018-01-12, 0.005888893735693821, 0.0027530512985225316, 0.0013724638012672426, 0.010868986094091322, 0.00856107374889419
2018-01-12, 0.005888893735693821, 0.0027530512985225316, 0.0013724638012672426, 0.010868986094091322, 0.00856107374889419
2018-01-12, 0.011147582297056364, 0.008259153895567587, 0.0027449276025344853, 0.020459267941818952, 0.013126979748304431
2018-01-12, 0.0029468854410000865, 0.0055061025970450555, 0.0013724638012672426, 0.0031967606159092076, 0.0017122147497788405
2018-01-12, 0.002813037002423399, 0.0027530512985225316, 0.0027449276025344853, 0.005754169108636579, 0.0
2018-01-12, 0.009089391068522147, 0.0055061025970450555, 0.0027449276025344853, 0.017262507325909737, 0.01084402674859931
2017-12-13, 0.003867544841151048, 0.0, 0.006862319006336205, 0.005754169108636586, 0.002853691249631401
2017-12-13, 0.0024290025639919013, 0.0, 0.006862319006336205, 0.0, 0.002853691249631401
2017-12-13, 0.0024290025639919013, 0.0, 0.006862319006336205, 0.0, 0.002853691249631401
2017-12-13, 0.0024290025639919013, 0.0, 0.006862319006336205, 0.0, 0.002853691249631401
2017-12-13, 0.0024290025639919013, 0.0, 0.006862319006336205, 0.0, 0.002853691249631401
2017-12-13, 0.0024290025639919013, 0.0, 0.006862319006336205, 0.0, 0.002853691249631401
2017-12-13, 0.0024290025639919013, 0.0, 0.006862319006336205, 0.0, 0.002853691249631401
2017-12-13, 0.0024290025639919013, 0.0, 0.006862319006336205, 0.0, 0.002853691249631401
2017-12-13, 0.0024290025639919013, 0.0, 0.006862319006336205, 0.0, 0.002853691249631401
2017-12-13, 0.0024290025639919013, 0.0, 0.006862319006336205, 0.0, 0.002853691249631401
2017-12-13, 0.0024290025639919013, 0.0, 0.006862319006336205, 0.0, 0.002853691249631401
2017-12-13, 0.003598499580060243, 0.0, 0.005489855205068971, 0.0031967606159092003, 0.005707382499262802
2017-12-13, 0.0037051571068627016, 0.0027530512985225316, 0.006862319006336205, 0.0006393521231818287, 0.0045659059994102415
2017-12-13, 0.005501419099159668, 0.005506102597045063, 0.008234782807603449, 0.0025574084927273573, 0.005707382499262802
2017-12-13, 0.008247873152324515, 0.011012205194090118, 0.008234782807603449, 0.005754169108636572, 0.007990335498967922
2017-11-13, 0.006081883967600602, 0.0, 0.006862319006336213, 0.0031967606159092003, 0.014268456248156992
2017-11-13, 0.006081883967600602, 0.0, 0.006862319006336213, 0.0031967606159092003, 0.014268456248156992
2017-11-13, 0.006081883967600602, 0.0, 0.006862319006336213, 0.0031967606159092003, 0.014268456248156992
2017-11-13, 0.006081883967600602, 0.0, 0.006862319006336213, 0.0031967606159092003, 0.014268456248156992
2017-11-13, 0.006081883967600602, 0.0, 0.006862319006336213, 0.0031967606159092003, 0.014268456248156992
2017-11-13, 0.006081883967600602, 0.0, 0.006862319006336213, 0.0031967606159092003, 0.014268456248156992
2017-11-13, 0.006081883967600602, 0.0, 0.006862319006336213, 0.0031967606159092003, 0.014268456248156992
2017-11-13, 0.006081883967600602, 0.0, 0.006862319006336213, 0.0031967606159092003, 0.014268456248156992
2017-11-13, 0.006081883967600602, 0.0, 0.006862319006336213, 0.0031967606159092003, 0.014268456248156992
2017-11-13, 0.006081883967600602, 0.0, 0.006862319006336213, 0.0031967606159092003, 0.014268456248156992
2017-11-13, 0.006081883967600602, 0.0, 0.006862319006336213, 0.0031967606159092003, 0.014268456248156992
2017-11-13, 0.005101385927930746, 0.005506102597045063, 0.006862319006336213, 0.005754169108636586, 0.0022829529997051208
2017-11-13, 0.004289622933129442, 0.005506102597045063, 0.004117391403801728, 0.006393521231818429, 0.0011414764998525476
2017-11-13, 0.004572961134095574, 0.0027530512985225316, 0.006862319006336213, 0.006393521231818429, 0.0022829529997051208
2017-11-13, 0.004462924299358673, 0.0027530512985225316, 0.004117391403801728, 0.0012787042463636715, 0.009702550248746764
2017-10-14, 0.0034201131129744686, 0.0055061025970450555, 0.0, 0.007032873355000272, 0.0011414764998525476
2017-10-14, 0.0071613581456845005, 0.0027530512985225316, 0.0013724638012672426, 0.005114816985454729, 0.0194051004974935
2017-10-14, 0.0071613581456845005, 0.0027530512985225316, 0.0013724638012672426, 0.005114816985454729, 0.0194051004974935
2017-10-14, 0.0071613581456845005, 0.0027530512985225316, 0.0013724638012672426, 0.005114816985454729, 0.0194051004974935
2017-10-14, 0.0071613581456845005, 0.0027530512985225316, 0.0013724638012672426, 0.005114816985454729, 0.0194051004974935
2017-10-14, 0.0071613581456845005, 0.0027530512985225316, 0.0013724638012672426, 0.005114816985454729, 0.0194051004974935
2017-10-14, 0.0071613581456845005, 0.0027530512985225316, 0.0013724638012672426, 0.005114816985454729, 0.0194051004974935
2017-10-14, 0.0071613581456845005, 0.0027530512985225316, 0.0013724638012672426, 0.005114816985454729, 0.0194051004974935
2017-10-14, 0.0071613581456845005, 0.0027530512985225316, 0.0013724638012672426, 0.005114816985454729, 0.0194051004974935
2017-10-14, 0.0071613581456845005, 0.0027530512985225316, 0.0013724638012672426, 0.005114816985454729, 0.0194051004974935
2017-10-14, 0.0071613581456845005, 0.0027530512985225316, 0.0013724638012672426, 0.005114816985454729, 0.0194051004974935
2017-10-14, 0.003920206565648172, 0.002753051298522524, 0.002744927602534478, 0.0044754648622729, 0.005707382499262789
2017-10-14, 0.009904061175801008, 0.008259153895567587, 0.005489855205068963, 0.007032873355000258, 0.01883436224756722
2017-10-14, 0.00392306709408674, 0.0055061025970450555, 0.0013724638012672426, 0.007672225478182115, 0.0011414764998525476
2017-10-14, 0.004044908055374299, 0.0027530512985225316, 0.0013724638012672426, 0.0006393521231818287, 0.011414764998525591
2017-09-14, 0.002395020758439029, 0.0027530512985225316, 0.0, 0.005114816985454743, 0.0017122147497788405
2017-09-14, 0.00334863871128034, 0.002753051298522524, 0.0013724638012672426, 0.0012787042463636715, 0.007990335498967922
2017-09-14, 0.00334863871128034, 0.002753051298522524, 0.0013724638012672426, 0.0012787042463636715, 0.007990335498967922
2017-09-14, 0.00334863871128034, 0.002753051298522524, 0.0013724638012672426, 0.0012787042463636715, 0.007990335498967922
2017-09-14, 0.00334863871128034, 0.002753051298522524, 0.0013724638012672426, 0.0012787042463636715, 0.007990335498967922
2017-09-14, 0.00334863871128034, 0.002753051298522524, 0.0013724638012672426, 0.0012787042463636715, 0.007990335498967922
2017-09-14, 0.00334863871128034, 0.002753051298522524, 0.0013724638012672426, 0.0012787042463636715, 0.007990335498967922
2017-09-14, 0.00334863871128034, 0.002753051298522524, 0.0013724638012672426, 0.0012787042463636715, 0.007990335498967922
2017-09-14, 0.00334863871128034, 0.002753051298522524, 0.0013724638012672426, 0.0012787042463636715, 0.007990335498967922
2017-09-14, 0.00334863871128034, 0.002753051298522524, 0.0013724638012672426, 0.0012787042463636715, 0.007990335498967922
2017-09-14, 0.00334863871128034, 0.002753051298522524, 0.0013724638012672426, 0.0012787042463636715, 0.007990335498967922
2017-09-14, 0.002829360866295738, 0.0027530512985225316, 0.0013724638012672426, 0.0031967606159092146, 0.003995167749483961
2017-09-14, 0.011795298348686211, 0.011012205194090111, 0.002744927602534478, 0.008311577601363944, 0.025112482996756315
2017-09-14, 0.003674601193283262, 0.002753051298522524, 0.002744927602534478, 0.0006393521231818429, 0.008561073748894203
2017-09-14, 0.007278882720388855, 0.0055061025970450555, 0.0013724638012672426, 0.005114816985454729, 0.01712214749778839
2017-08-15, 0.0046430871518522735, 0.011012205194090111, 0.0013724638012672426, 0.0044754648622729, 0.0017122147497788405
2017-08-15, 0.004541575616074572, 0.002753051298522524, 0.0013724638012672426, 0.0031967606159092003, 0.010844026748599323
2017-08-15, 0.004541575616074572, 0.002753051298522524, 0.0013724638012672426, 0.0031967606159092003, 0.010844026748599323
2017-08-15, 0.004541575616074572, 0.002753051298522524, 0.0013724638012672426, 0.0031967606159092003, 0.010844026748599323
2017-08-15, 0.004541575616074572, 0.002753051298522524, 0.0013724638012672426, 0.0031967606159092003, 0.010844026748599323
2017-08-15, 0.004541575616074572, 0.002753051298522524, 0.0013724638012672426, 0.0031967606159092003, 0.010844026748599323
2017-08-15, 0.004541575616074572, 0.002753051298522524, 0.0013724638012672426, 0.0031967606159092003, 0.010844026748599323
2017-08-15, 0.004541575616074572, 0.002753051298522524, 0.0013724638012672426, 0.0031967606159092003, 0.010844026748599323
2017-08-15, 0.004541575616074572, 0.002753051298522524, 0.0013724638012672426, 0.0031967606159092003, 0.010844026748599323
2017-08-15, 0.004541575616074572, 0.002753051298522524, 0.0013724638012672426, 0.0031967606159092003, 0.010844026748599323
2017-08-15, 0.004541575616074572, 0.002753051298522524, 0.0013724638012672426, 0.0031967606159092003, 0.010844026748599323
2017-08-15, 0.0036700348719225914, 0.0, 0.0, 0.003836112739091043, 0.010844026748599323
2017-08-15, 0.0035101968411271308, 0.0, 0.0, 0.0031967606159092003, 0.010844026748599323
2017-08-15, 0.006978909830604708, 0.0027530512985225316, 0.0013724638012672426, 0.008950929724545786, 0.014839194498083273
2017-08-15, 0.0029803627731863156, 0.0055061025970450555, 0.0, 0.0012787042463636858, 0.005136644249336521
2017-07-16, 0.0032059541487987706, 0.002753051298522524, 0.0013724638012672426, 0.0012787042463636858, 0.007419597249041629
2017-07-16, 0.003618574466980916, 0.0, 0.0, 0.0019180563695455144, 0.01255624149837815
2017-07-16, 0.003618574466980916, 0.0, 0.0, 0.0019180563695455144, 0.01255624149837815
2017-07-16, 0.003618574466980916, 0.0, 0.0, 0.0019180563695455144, 0.01255624149837815
2017-07-16, 0.003618574466980916, 0.0, 0.0, 0.0019180563695455144, 0.01255624149837815
2017-07-16, 0.003618574466980916, 0.0, 0.0, 0.0019180563695455144, 0.01255624149837815
2017-07-16, 0.003618574466980916, 0.0, 0.0, 0.0019180563695455144, 0.01255624149837815
2017-07-16, 0.003618574466980916, 0.0, 0.0, 0.0019180563695455144, 0.01255624149837815
2017-07-16, 0.003618574466980916, 0.0, 0.0, 0.0019180563695455144, 0.01255624149837815
2017-07-16, 0.003618574466980916, 0.0, 0.0, 0.0019180563695455144, 0.01255624149837815
2017-07-16, 0.003618574466980916, 0.0, 0.0, 0.0019180563695455144, 0.01255624149837815
2017-07-16, 0.003936530429520507, 0.002753051298522524, 0.0013724638012672426, 0.0019180563695455144, 0.00970255024874675
2017-07-16, 0.004765757717581386, 0.008259153895567587, 0.0027449276025344853, 0.0006393521231818429, 0.007419597249041629
2017-07-16, 0.005110593766949521, 0.0055061025970450555, 0.0027449276025344853, 0.0019180563695455144, 0.01027328849867303
2017-07-16, 0.006073062149824941, 0.0, 0.0, 0.008311577601363944, 0.01598067099793582
2017-06-16, 0.004535289195662576, 0.0027530512985225316, 0.0, 0.005114816985454743, 0.01027328849867303
2017-06-16, 0.00847468015362165, 0.008259153895567587, 0.0, 0.010229633970909473, 0.01540993274800954
2017-06-16, 0.00847468015362165, 0.008259153895567587, 0.0, 0.010229633970909473, 0.01540993274800954
2017-06-16, 0.00847468015362165, 0.008259153895567587, 0.0, 0.010229633970909473, 0.01540993274800954
2017-06-16, 0.00847468015362165, 0.008259153895567587, 0.0, 0.010229633970909473, 0.01540993274800954
2017-06-16, 0.00847468015362165, 0.008259153895567587, 0.0, 0.010229633970909473, 0.01540993274800954
2017-06-16, 0.00847468015362165, 0.008259153895567587, 0.0, 0.010229633970909473, 0.01540993274800954
2017-06-16, 0.00847468015362165, 0.008259153895567587, 0.0, 0.010229633970909473, 0.01540993274800954
2017-06-16, 0.00847468015362165, 0.008259153895567587, 0.0, 0.010229633970909473, 0.01540993274800954
2017-06-16, 0.00847468015362165, 0.008259153895567587, 0.0, 0.010229633970909473, 0.01540993274800954
2017-06-16, 0.00847468015362165, 0.008259153895567587, 0.0, 0.010229633970909473, 0.01540993274800954
2017-06-16, 0.0058014062950730375, 0.0055061025970450555, 0.002744927602534478, 0.006393521231818429, 0.00856107374889419
2017-06-16, 0.006188866625477967, 0.0055061025970450555, 0.0013724638012672426, 0.007032873355000258, 0.01084402674859931
2017-06-16, 0.006137406220536298, 0.0055061025970450555, 0.0013724638012672426, 0.005114816985454743, 0.01255624149837815
2017-06-16, 0.016078634861403655, 0.016518307791135174, 0.005489855205068963, 0.0166231552027279, 0.025683221246682583
2017-05-17, 0.0059695616702775105, 0.008259153895567587, 0.0013724638012672426, 0.005114816985454743, 0.009131811998820471
2017-05-17, 0.009184662767926843, 0.013765256492612642, 0.002744927602534478, 0.0076722254781821, 0.01255624149837815
2017-05-17, 0.009184662767926843, 0.013765256492612642, 0.002744927602534478, 0.0076722254781821, 0.01255624149837815
2017-05-17, 0.009184662767926843, 0.013765256492612642, 0.002744927602534478, 0.0076722254781821, 0.01255624149837815
2017-05-17, 0.009184662767926843, 0.013765256492612642, 0.002744927602534478, 0.0076722254781821, 0.01255624149837815
2017-05-17, 0.009184662767926843, 0.013765256492612642, 0.002744927602534478, 0.0076722254781821, 0.01255624149837815
2017-05-17, 0.009184662767926843, 0.013765256492612642, 0.002744927602534478, 0.0076722254781821, 0.01255624149837815
2017-05-17, 0.009184662767926843, 0.013765256492612642, 0.002744927602534478, 0.0076722254781821, 0.01255624149837815
2017-05-17, 0.009184662767926843, 0.013765256492612642, 0.002744927602534478, 0.0076722254781821, 0.01255624149837815
2017-05-17, 0.009184662767926843, 0.013765256492612642, 0.002744927602534478, 0.0076722254781821, 0.01255624149837815
2017-05-17, 0.009184662767926843, 0.013765256492612642, 0.002744927602534478, 0.0076722254781821, 0.01255624149837815
2017-05-17, 0.007388400775629885, 0.011012205194090118, 0.0013724638012672426, 0.005754169108636586, 0.011414764998525591
2017-05-17, 0.007120185118980635, 0.011012205194090118, 0.0013724638012672426, 0.006393521231818429, 0.00970255024874675
2017-05-17, 0.007742383773848584, 0.011012205194090118, 0.0013724638012672426, 0.008311577601363944, 0.01027328849867303
2017-05-17, 0.007810168042662592, 0.011012205194090118, 0.0, 0.0076722254781821, 0.01255624149837815
2017-04-17, 0.004473791347260566, 0.0027530512985225316, 0.0027449276025344853, 0.0038361127390910575, 0.00856107374889419
2017-04-17, 0.00673444488762703, 0.008259153895567587, 0.0013724638012672426, 0.007032873355000258, 0.01027328849867303
2017-04-17, 0.00673444488762703, 0.008259153895567587, 0.0013724638012672426, 0.007032873355000258, 0.01027328849867303
2017-04-17, 0.00673444488762703, 0.008259153895567587, 0.0013724638012672426, 0.007032873355000258, 0.01027328849867303
2017-04-17, 0.00673444488762703, 0.008259153895567587, 0.0013724638012672426, 0.007032873355000258, 0.01027328849867303
2017-04-17, 0.00673444488762703, 0.008259153895567587, 0.0013724638012672426, 0.007032873355000258, 0.01027328849867303
2017-04-17, 0.00673444488762703, 0.008259153895567587, 0.0013724638012672426, 0.007032873355000258, 0.01027328849867303
2017-04-17, 0.00673444488762703, 0.008259153895567587, 0.0013724638012672426, 0.007032873355000258, 0.01027328849867303
2017-04-17, 0.00673444488762703, 0.008259153895567587, 0.0013724638012672426, 0.007032873355000258, 0.01027328849867303
2017-04-17, 0.00673444488762703, 0.008259153895567587, 0.0013724638012672426, 0.007032873355000258, 0.01027328849867303
2017-04-17, 0.00673444488762703, 0.008259153895567587, 0.0013724638012672426, 0.007032873355000258, 0.01027328849867303
2017-04-17, 0.006169682233167068, 0.0027530512985225316, 0.00411739140380172, 0.006393521231818429, 0.011414764998525591
2017-04-17, 0.004891807591244936, 0.0027530512985225316, 0.005489855205068963, 0.0044754648622729, 0.00684885899911535
2017-04-17, 0.0029357075681525095, 0.0, 0.00411739140380172, 0.0019180563695455287, 0.005707382499262789
2017-04-17, 0.004111801829578534, 0.0055061025970450555, 0.0027449276025344853, 0.0019180563695455287, 0.006278120749189069
2017-03-18, 0.003649441205506045, 0.005506102597045063, 0.0027449276025344853, 0.0006393521231818429, 0.005707382499262789
2017-03-18, 0.0035445037777549126, 0.0, 0.0, 0.0044754648622729, 0.00970255024874675
2017-03-18, 0.0035445037777549126, 0.0, 0.0, 0.0044754648622729, 0.00970255024874675
2017-03-18, 0.0035445037777549126, 0.0, 0.0, 0.0044754648622729, 0.00970255024874675
2017-03-18, 0.0035445037777549126, 0.0, 0.0, 0.0044754648622729, 0.00970255024874675
2017-03-18, 0.0035445037777549126, 0.0, 0.0, 0.0044754648622729, 0.00970255024874675
2017-03-18, 0.0035445037777549126, 0.0, 0.0, 0.0044754648622729, 0.00970255024874675
2017-03-18, 0.0035445037777549126, 0.0, 0.0, 0.0044754648622729, 0.00970255024874675
2017-03-18, 0.0035445037777549126, 0.0, 0.0, 0.0044754648622729, 0.00970255024874675
2017-03-18, 0.0035445037777549126, 0.0, 0.0, 0.0044754648622729, 0.00970255024874675
2017-03-18, 0.0035445037777549126, 0.0, 0.0, 0.0044754648622729, 0.00970255024874675
2017-03-18, 0.003887619728071723, 0.0, 0.0013724638012672426, 0.0044754648622729, 0.00970255024874675
2017-03-18, 0.003913090540794622, 0.002753051298522524, 0.0, 0.0031967606159092146, 0.00970255024874675
2017-03-18, 0.008293937631463962, 0.008259153895567587, 0.004117391403801728, 0.0076722254781821, 0.013126979748304431
2017-03-18, 0.0045381354179719145, 0.008259153895567587, 0.00411739140380172, 0.0006393521231818429, 0.005136644249336509
2017-02-16, 0.005673325497412479, 0.008259153895567587, 0.0027449276025344853, 0.0025574084927273717, 0.009131811998820471
2017-02-16, 0.005673325497412479, 0.008259153895567587, 0.0027449276025344853, 0.0025574084927273717, 0.009131811998820471
2017-02-16, 0.005673325497412479, 0.008259153895567587, 0.0027449276025344853, 0.0025574084927273717, 0.009131811998820471
2017-02-16, 0.005673325497412479, 0.008259153895567587, 0.0027449276025344853, 0.0025574084927273717, 0.009131811998820471
2017-02-16, 0.005673325497412479, 0.008259153895567587, 0.0027449276025344853, 0.0025574084927273717, 0.009131811998820471
2017-02-16, 0.005673325497412479, 0.008259153895567587, 0.0027449276025344853, 0.0025574084927273717, 0.009131811998820471
2017-02-16, 0.005673325497412479, 0.008259153895567587, 0.0027449276025344853, 0.0025574084927273717, 0.009131811998820471
2017-02-16, 0.005673325497412479, 0.008259153895567587, 0.0027449276025344853, 0.0025574084927273717, 0.009131811998820471
2017-02-16, 0.005673325497412479, 0.008259153895567587, 0.0027449276025344853, 0.0025574084927273717, 0.009131811998820471
2017-02-16, 0.005673325497412479, 0.008259153895567587, 0.0027449276025344853, 0.0025574084927273717, 0.009131811998820471
2017-02-16, 0.005673325497412479, 0.008259153895567587, 0.0027449276025344853, 0.0025574084927273717, 0.009131811998820471
2017-02-16, 0.0035453190760672414, 0.0027530512985225316, 0.006862319006336205, 0.0, 0.0045659059994102285
2017-02-16, 0.003485541326716559, 0.0, 0.008234782807603449, 0.0, 0.005707382499262789
2017-02-16, 0.010015610155039047, 0.016518307791135174, 0.0027449276025344853, 0.0076722254781821, 0.013126979748304431
2017-02-16, 0.005445392372857323, 0.002753051298522524, 0.005489855205068963, 0.0038361127390910575, 0.00970255024874675
2017-01-17, 0.007488075035831538, 0.008259153895567587, 0.01372463801267242, 0.005114816985454743, 0.002853691249631401
2017-01-17, 0.007062113162552055, 0.008259153895567587, 0.006862319006336205, 0.0, 0.013126979748304431
2017-01-17, 0.007062113162552055, 0.008259153895567587, 0.006862319006336205, 0.0, 0.013126979748304431
2017-01-17, 0.007062113162552055, 0.008259153895567587, 0.006862319006336205, 0.0, 0.013126979748304431
2017-01-17, 0.007062113162552055, 0.008259153895567587, 0.006862319006336205, 0.0, 0.013126979748304431
2017-01-17, 0.007062113162552055, 0.008259153895567587, 0.006862319006336205, 0.0, 0.013126979748304431
2017-01-17, 0.007062113162552055, 0.008259153895567587, 0.006862319006336205, 0.0, 0.013126979748304431
2017-01-17, 0.007062113162552055, 0.008259153895567587, 0.006862319006336205, 0.0, 0.013126979748304431
2017-01-17, 0.007062113162552055, 0.008259153895567587, 0.006862319006336205, 0.0, 0.013126979748304431
2017-01-17, 0.007062113162552055, 0.008259153895567587, 0.006862319006336205, 0.0, 0.013126979748304431
2017-01-17, 0.007062113162552055, 0.008259153895567587, 0.006862319006336205, 0.0, 0.013126979748304431
2017-01-17, 0.005659226205958121, 0.0027530512985225316, 0.010979710410137934, 0.0031967606159092146, 0.005707382499262802
2017-01-17, 0.0065316574447198735, 0.0027530512985225316, 0.009607246608870692, 0.0006393521231818429, 0.013126979748304431
2017-01-17, 0.004176353854840078, 0.0, 0.008234782807603449, 0.0044754648622729, 0.003995167749483961
2017-01-17, 0.004913216555973817, 0.0, 0.009607246608870692, 0.0031967606159092146, 0.006848858999115362
2016-12-18, 0.006596520294927098, 0.002753051298522524, 0.01372463801267242, 0.0019180563695455287, 0.007990335498967922
2016-12-18, 0.007137843060661175, 0.008259153895567587, 0.009607246608870692, 0.0038361127390910575, 0.006848858999115362
2016-12-18, 0.007137843060661175, 0.008259153895567587, 0.009607246608870692, 0.0038361127390910575, 0.006848858999115362
2016-12-18, 0.007137843060661175, 0.008259153895567587, 0.009607246608870692, 0.0038361127390910575, 0.006848858999115362
2016-12-18, 0.007137843060661175, 0.008259153895567587, 0.009607246608870692, 0.0038361127390910575, 0.006848858999115362
2016-12-18, 0.007137843060661175, 0.008259153895567587, 0.009607246608870692, 0.0038361127390910575, 0.006848858999115362
2016-12-18, 0.007137843060661175, 0.008259153895567587, 0.009607246608870692, 0.0038361127390910575, 0.006848858999115362
2016-12-18, 0.007137843060661175, 0.008259153895567587, 0.009607246608870692, 0.0038361127390910575, 0.006848858999115362
2016-12-18, 0.007137843060661175, 0.008259153895567587, 0.009607246608870692, 0.0038361127390910575, 0.006848858999115362
2016-12-18, 0.007137843060661175, 0.008259153895567587, 0.009607246608870692, 0.0038361127390910575, 0.006848858999115362
2016-12-18, 0.007137843060661175, 0.008259153895567587, 0.009607246608870692, 0.0038361127390910575, 0.006848858999115362
2016-12-18, 0.008240950775891927, 0.002753051298522524, 0.015097101813939662, 0.0025574084927273717, 0.01255624149837815
2016-12-18, 0.007591886340324652, 0.0055061025970450555, 0.010979710410137934, 0.007032873355000258, 0.006848858999115362
2016-12-18, 0.00782324535685324, 0.008259153895567587, 0.010979710410137934, 0.0006393521231818429, 0.011414764998525591
2016-12-18, 0.007657950510087337, 0.008259153895567587, 0.010979710410137934, 0.005114816985454743, 0.006278120749189082
2016-11-18, 0.005885647186012127, 0.0, 0.01372463801267241, 0.006393521231818415, 0.003424429499557681
2016-11-18, 0.006085248969405817, 0.0, 0.01372463801267241, 0.0031967606159092146, 0.007419597249041642
2016-11-18, 0.006085248969405817, 0.0, 0.01372463801267241, 0.0031967606159092146, 0.007419597249041642
2016-11-18, 0.006085248969405817, 0.0, 0.01372463801267241, 0.0031967606159092146, 0.007419597249041642
2016-11-18, 0.006085248969405817, 0.0, 0.01372463801267241, 0.0031967606159092146, 0.007419597249041642
2016-11-18, 0.006085248969405817, 0.0, 0.01372463801267241, 0.0031967606159092146, 0.007419597249041642
2016-11-18, 0.006085248969405817, 0.0, 0.01372463801267241, 0.0031967606159092146, 0.007419597249041642
2016-11-18, 0.006085248969405817, 0.0, 0.01372463801267241, 0.0031967606159092146, 0.007419597249041642
2016-11-18, 0.006085248969405817, 0.0, 0.01372463801267241, 0.0031967606159092146, 0.007419597249041642
2016-11-18, 0.006085248969405817, 0.0, 0.01372463801267241, 0.0031967606159092146, 0.007419597249041642
2016-11-18, 0.006085248969405817, 0.0, 0.01372463801267241, 0.0031967606159092146, 0.007419597249041642
2016-11-18, 0.006984810229773577, 0.002753051298522524, 0.01372463801267241, 0.005754169108636572, 0.005707382499262802
2016-11-18, 0.00713378121266715, 0.002753051298522524, 0.015097101813939653, 0.0038361127390910575, 0.006848858999115362
2016-11-18, 0.006496149188536633, 0.0, 0.01372463801267241, 0.0025574084927273717, 0.00970255024874675
2016-11-18, 0.006193626595259606, 0.0, 0.01372463801267241, 0.0019180563695455287, 0.009131811998820483
2016-10-19, 0.005950005562852706, 0.002753051298522524, 0.009607246608870692, 0.010868986094091329, 0.0005707382499262802
2016-10-19, 0.005703570586046237, 0.0027530512985225316, 0.008234782807603449, 0.0038361127390910575, 0.00799033549896791
2016-10-19, 0.005703570586046237, 0.0027530512985225316, 0.008234782807603449, 0.0038361127390910575, 0.00799033549896791
2016-10-19, 0.005703570586046237, 0.0027530512985225316, 0.008234782807603449, 0.0038361127390910575, 0.00799033549896791
2016-10-19, 0.005703570586046237, 0.0027530512985225316, 0.008234782807603449, 0.0038361127390910575, 0.00799033549896791
2016-10-19, 0.005703570586046237, 0.0027530512985225316, 0.008234782807603449, 0.0038361127390910575, 0.00799033549896791
2016-10-19, 0.005703570586046237, 0.0027530512985225316, 0.008234782807603449, 0.0038361127390910575, 0.00799033549896791
2016-10-19, 0.005703570586046237, 0.0027530512985225316, 0.008234782807603449, 0.0038361127390910575, 0.00799033549896791
2016-10-19, 0.005703570586046237, 0.0027530512985225316, 0.008234782807603449, 0.0038361127390910575, 0.00799033549896791
2016-10-19, 0.005703570586046237, 0.0027530512985225316, 0.008234782807603449, 0.0038361127390910575, 0.00799033549896791
2016-10-19, 0.005703570586046237, 0.0027530512985225316, 0.008234782807603449, 0.0038361127390910575, 0.00799033549896791
2016-10-19, 0.005688966821225228, 0.0, 0.008234782807603449, 0.007672225478182115, 0.00684885899911535
2016-10-19, 0.007880487708840263, 0.011012205194090118, 0.004117391403801728, 0.0038361127390910575, 0.01255624149837815
2016-10-19, 0.011588133629027627, 0.013765256492612642, 0.015097101813939662, 0.01406574671000053, 0.003424429499557681
2016-10-19, 0.006876493494088014, 0.0, 0.009607246608870692, 0.0019180563695455287, 0.015980670997935834
2016-09-19, 0.006346348601201512, 0.0, 0.010979710410137934, 0.0012787042463636858, 0.013126979748304431
2016-09-19, 0.005886848505567584, 0.002753051298522524, 0.009607246608870692, 0.0031967606159092146, 0.00799033549896791
2016-09-19, 0.005886848505567584, 0.002753051298522524, 0.009607246608870692, 0.0031967606159092146, 0.00799033549896791
2016-09-19, 0.005886848505567584, 0.002753051298522524, 0.009607246608870692, 0.0031967606159092146, 0.00799033549896791
2016-09-19, 0.005886848505567584, 0.002753051298522524, 0.009607246608870692, 0.0031967606159092146, 0.00799033549896791
2016-09-19, 0.005886848505567584, 0.002753051298522524, 0.009607246608870692, 0.0031967606159092146, 0.00799033549896791
2016-09-19, 0.005886848505567584, 0.002753051298522524, 0.009607246608870692, 0.0031967606159092146, 0.00799033549896791
2016-09-19, 0.005886848505567584, 0.002753051298522524, 0.009607246608870692, 0.0031967606159092146, 0.00799033549896791
2016-09-19, 0.005886848505567584, 0.002753051298522524, 0.009607246608870692, 0.0031967606159092146, 0.00799033549896791
2016-09-19, 0.005886848505567584, 0.002753051298522524, 0.009607246608870692, 0.0031967606159092146, 0.00799033549896791
2016-09-19, 0.005886848505567584, 0.002753051298522524, 0.009607246608870692, 0.0031967606159092146, 0.00799033549896791
2016-09-19, 0.010194765336398157, 0.01376525649261265, 0.01372463801267242, 0.012147690340455, 0.0011414764998525604
2016-09-19, 0.00801433614741695, 0.013765256492612642, 0.0027449276025344853, 0.0012787042463636858, 0.014268456248156992
2016-09-19, 0.007216494377377072, 0.008259153895567587, 0.006862319006336205, 0.005754169108636586, 0.00799033549896791
2016-09-19, 0.00674664601333713, 0.005506102597045063, 0.009607246608870692, 0.009590281847727644, 0.0022829529997051208
2016-08-20, 0.007983602167144568, 0.002753051298522524, 0.01372463801267242, 0.005754169108636586, 0.00970255024874675
2016-08-20, 0.007983602167144568, 0.002753051298522524, 0.01372463801267242, 0.005754169108636586, 0.00970255024874675
2016-08-20, 0.007983602167144568, 0.002753051298522524, 0.01372463801267242, 0.005754169108636586, 0.00970255024874675
2016-08-20, 0.007983602167144568, 0.002753051298522524, 0.01372463801267242, 0.005754169108636586, 0.00970255024874675
2016-08-20, 0.007983602167144568, 0.002753051298522524, 0.01372463801267242, 0.005754169108636586, 0.00970255024874675
2016-08-20, 0.007983602167144568, 0.002753051298522524, 0.01372463801267242, 0.005754169108636586, 0.00970255024874675
2016-08-20, 0.007983602167144568, 0.002753051298522524, 0.01372463801267242, 0.005754169108636586, 0.00970255024874675
2016-08-20, 0.007983602167144568, 0.002753051298522524, 0.01372463801267242, 0.005754169108636586, 0.00970255024874675
2016-08-20, 0.007983602167144568, 0.002753051298522524, 0.01372463801267242, 0.005754169108636586, 0.00970255024874675
2016-08-20, 0.007983602167144568, 0.002753051298522524, 0.01372463801267242, 0.005754169108636586, 0.00970255024874675
2016-08-20, 0.007983602167144568, 0.002753051298522524, 0.01372463801267242, 0.005754169108636586, 0.00970255024874675
2016-08-20, 0.009314063337266386, 0.011012205194090111, 0.017842029416474146, 0.003836112739091043, 0.0045659059994102415
2016-08-20, 0.004308171369419752, 0.0, 0.009607246608870692, 0.0019180563695455287, 0.005707382499262789
2016-08-20, 0.007391144127543731, 0.0, 0.010979710410137934, 0.008311577601363957, 0.01027328849867303
2016-08-20, 0.0049709633813274845, 0.0, 0.010979710410137934, 0.0031967606159092146, 0.005707382499262789
2016-07-21, 0.0069462477967308115, 0.0055061025970450555, 0.009607246608870692, 0.006393521231818429, 0.006278120749189069
2016-07-21, 0.005510255223064546, 0.002753051298522524, 0.009607246608870692, 0.005114816985454743, 0.0045659059994102285
2016-07-21, 0.005510255223064546, 0.002753051298522524, 0.009607246608870692, 0.005114816985454743, 0.0045659059994102285
2016-07-21, 0.005510255223064546, 0.002753051298522524, 0.009607246608870692, 0.005114816985454743, 0.0045659059994102285
2016-07-21, 0.005510255223064546, 0.002753051298522524, 0.009607246608870692, 0.005114816985454743, 0.0045659059994102285
2016-07-21, 0.005510255223064546, 0.002753051298522524, 0.009607246608870692, 0.005114816985454743, 0.0045659059994102285
2016-07-21, 0.005510255223064546, 0.002753051298522524, 0.009607246608870692, 0.005114816985454743, 0.0045659059994102285
2016-07-21, 0.005510255223064546, 0.002753051298522524, 0.009607246608870692, 0.005114816985454743, 0.0045659059994102285
2016-07-21, 0.005510255223064546, 0.002753051298522524, 0.009607246608870692, 0.005114816985454743, 0.0045659059994102285
2016-07-21, 0.005510255223064546, 0.002753051298522524, 0.009607246608870692, 0.005114816985454743, 0.0045659059994102285
2016-07-21, 0.005510255223064546, 0.002753051298522524, 0.009607246608870692, 0.005114816985454743, 0.0045659059994102285
2016-07-21, 0.010942051502235359, 0.013765256492612642, 0.0013724638012672426, 0.011508338217273172, 0.01712214749778838
2016-07-21, 0.006493924616118658, 0.0055061025970450555, 0.006862319006336205, 0.0044754648622729, 0.009131811998820471
2016-07-21, 0.007636230720412773, 0.0055061025970450555, 0.008234782807603449, 0.007672225478182115, 0.009131811998820471
2016-07-21, 0.008627831436632767, 0.011012205194090118, 0.015097101813939662, 0.003836112739091043, 0.0045659059994102415
2016-06-21, 0.004993008302076947, 0.0055061025970450555, 0.006862319006336205, 0.007032873355000258, 0.0005707382499262675
2016-06-21, 0.004993008302076947, 0.0055061025970450555, 0.006862319006336205, 0.007032873355000258, 0.0005707382499262675
2016-06-21, 0.004993008302076947, 0.0055061025970450555, 0.006862319006336205, 0.007032873355000258, 0.0005707382499262675
2016-06-21, 0.004993008302076947, 0.0055061025970450555, 0.006862319006336205, 0.007032873355000258, 0.0005707382499262675
2016-06-21, 0.004993008302076947, 0.0055061025970450555, 0.006862319006336205, 0.007032873355000258, 0.0005707382499262675
2016-06-21, 0.004993008302076947, 0.0055061025970450555, 0.006862319006336205, 0.007032873355000258, 0.0005707382499262675
2016-06-21, 0.004993008302076947, 0.0055061025970450555, 0.006862319006336205, 0.007032873355000258, 0.0005707382499262675
2016-06-21, 0.004993008302076947, 0.0055061025970450555, 0.006862319006336205, 0.007032873355000258, 0.0005707382499262675
2016-06-21, 0.004993008302076947, 0.0055061025970450555, 0.006862319006336205, 0.007032873355000258, 0.0005707382499262675
2016-06-21, 0.004993008302076947, 0.0055061025970450555, 0.006862319006336205, 0.007032873355000258, 0.0005707382499262675
2016-06-21, 0.004993008302076947, 0.0055061025970450555, 0.006862319006336205, 0.007032873355000258, 0.0005707382499262675
2016-06-21, 0.00824868845063685, 0.01376525649261265, 0.015097101813939662, 0.0012787042463636858, 0.002853691249631401
2016-06-21, 0.008857188141422783, 0.0055061025970450555, 0.006862319006336205, 0.012787042463636844, 0.01027328849867303
2016-06-21, 0.006149607346246385, 0.002753051298522524, 0.009607246608870692, 0.0076722254781821, 0.0045659059994102285
2016-06-21, 0.007597282266126877, 0.008259153895567587, 0.015097101813939662, 0.007032873355000258, 0.0
2016-05-22, 0.0055039688026525466, 0.0027530512985225316, 0.008234782807603449, 0.007032873355000258, 0.003995167749483949
2016-05-22, 0.0055039688026525466, 0.0027530512985225316, 0.008234782807603449, 0.007032873355000258, 0.003995167749483949
2016-05-22, 0.0055039688026525466, 0.0027530512985225316, 0.008234782807603449, 0.007032873355000258, 0.003995167749483949
2016-05-22, 0.0055039688026525466, 0.0027530512985225316, 0.008234782807603449, 0.007032873355000258, 0.003995167749483949
2016-05-22, 0.0055039688026525466, 0.0027530512985225316, 0.008234782807603449, 0.007032873355000258, 0.003995167749483949
2016-05-22, 0.0055039688026525466, 0.0027530512985225316, 0.008234782807603449, 0.007032873355000258, 0.003995167749483949
2016-05-22, 0.0055039688026525466, 0.0027530512985225316, 0.008234782807603449, 0.007032873355000258, 0.003995167749483949
2016-05-22, 0.0055039688026525466, 0.0027530512985225316, 0.008234782807603449, 0.007032873355000258, 0.003995167749483949
2016-05-22, 0.0055039688026525466, 0.0027530512985225316, 0.008234782807603449, 0.007032873355000258, 0.003995167749483949
2016-05-22, 0.0055039688026525466, 0.0027530512985225316, 0.008234782807603449, 0.007032873355000258, 0.003995167749483949
2016-05-22, 0.0055039688026525466, 0.0027530512985225316, 0.008234782807603449, 0.007032873355000258, 0.003995167749483949
2016-05-22, 0.008374219544804527, 0.013765256492612642, 0.015097101813939662, 0.0006393521231818429, 0.003995167749483961
2016-05-22, 0.006892770773921348, 0.0, 0.006862319006336205, 0.012147690340455, 0.00856107374889419
2016-05-22, 0.007604473487277871, 0.0027530512985225316, 0.008234782807603449, 0.010868986094091315, 0.00856107374889419
2016-05-22, 0.005199726110324186, 0.0055061025970450555, 0.009607246608870692, 0.005114816985454729, 0.0005707382499262675
2016-04-22, 0.004242418024602755, 0.0027530512985225316, 0.008234782807603449, 0.0025574084927273717, 0.0034244294995576683
2016-04-22, 0.010358934059906049, 0.0055061025970450555, 0.008234782807603449, 0.0134263945868187, 0.014268456248156992
2016-04-22, 0.010358934059906049, 0.0055061025970450555, 0.008234782807603449, 0.0134263945868187, 0.014268456248156992
2016-04-22, 0.010358934059906049, 0.0055061025970450555, 0.008234782807603449, 0.0134263945868187, 0.014268456248156992
2016-04-22, 0.010358934059906049, 0.0055061025970450555, 0.008234782807603449, 0.0134263945868187, 0.014268456248156992
2016-04-22, 0.010358934059906049, 0.0055061025970450555, 0.008234782807603449, 0.0134263945868187, 0.014268456248156992
2016-04-22, 0.010358934059906049, 0.0055061025970450555, 0.008234782807603449, 0.0134263945868187, 0.014268456248156992
2016-04-22, 0.010358934059906049, 0.0055061025970450555, 0.008234782807603449, 0.0134263945868187, 0.014268456248156992
2016-04-22, 0.010358934059906049, 0.0055061025970450555, 0.008234782807603449, 0.0134263945868187, 0.014268456248156992
2016-04-22, 0.010358934059906049, 0.0055061025970450555, 0.008234782807603449, 0.0134263945868187, 0.014268456248156992
2016-04-22, 0.010358934059906049, 0.0055061025970450555, 0.008234782807603449, 0.0134263945868187, 0.014268456248156992
2016-04-22, 0.005897715553469479, 0.0027530512985225316, 0.008234782807603449, 0.005754169108636586, 0.00684885899911535
2016-04-22, 0.004536934098416459, 0.005506102597045063, 0.008234782807603449, 0.0038361127390910575, 0.0005707382499262675
2016-04-22, 0.005710997435845475, 0.008259153895567587, 0.009607246608870692, 0.0038361127390910575, 0.0011414764998525604
2016-04-22, 0.005659537030903802, 0.008259153895567587, 0.009607246608870692, 0.0019180563695455287, 0.002853691249631401
2016-03-23, 0.011003710721148561, 0.002753051298522524, 0.0013724638012672426, 0.031328254035910275, 0.008561073748894203
2016-03-23, 0.008105735981597266, 0.0, 0.0, 0.025574084927273703, 0.006848858999115362
2016-03-23, 0.008105735981597266, 0.0, 0.0, 0.025574084927273703, 0.006848858999115362
2016-03-23, 0.008105735981597266, 0.0, 0.0, 0.025574084927273703, 0.006848858999115362
2016-03-23, 0.008105735981597266, 0.0, 0.0, 0.025574084927273703, 0.006848858999115362
2016-03-23, 0.008105735981597266, 0.0, 0.0, 0.025574084927273703, 0.006848858999115362
2016-03-23, 0.008105735981597266, 0.0, 0.0, 0.025574084927273703, 0.006848858999115362
2016-03-23, 0.008105735981597266, 0.0, 0.0, 0.025574084927273703, 0.006848858999115362
2016-03-23, 0.008105735981597266, 0.0, 0.0, 0.025574084927273703, 0.006848858999115362
2016-03-23, 0.008105735981597266, 0.0, 0.0, 0.025574084927273703, 0.006848858999115362
2016-03-23, 0.008105735981597266, 0.0, 0.0, 0.025574084927273703, 0.006848858999115362
2016-03-23, 0.009239205961986498, 0.002753051298522524, 0.0, 0.026213437050455545, 0.007990335498967922
2016-03-23, 0.010044682536375797, 0.0027530512985225316, 0.0013724638012672426, 0.027492141296819216, 0.008561073748894203
2016-03-23, 0.017097083386542422, 0.01376525649261265, 0.004117391403801713, 0.03452501465181949, 0.015980670997935834
2016-03-23, 0.008248717062895294, 0.008259153895567587, 0.004117391403801728, 0.0166231552027279, 0.003995167749483961
2016-02-22, 0.006727801058230356, 0.0027530512985225316, 0.0, 0.02301667643454633, 0.0011414764998525604
2016-02-22, 0.006727801058230356, 0.0027530512985225316, 0.0, 0.02301667643454633, 0.0011414764998525604
2016-02-22, 0.006727801058230356, 0.0027530512985225316, 0.0, 0.02301667643454633, 0.0011414764998525604
2016-02-22, 0.006727801058230356, 0.0027530512985225316, 0.0, 0.02301667643454633, 0.0011414764998525604
2016-02-22, 0.006727801058230356, 0.0027530512985225316, 0.0, 0.02301667643454633, 0.0011414764998525604
2016-02-22, 0.006727801058230356, 0.0027530512985225316, 0.0, 0.02301667643454633, 0.0011414764998525604
2016-02-22, 0.006727801058230356, 0.0027530512985225316, 0.0, 0.02301667643454633, 0.0011414764998525604
2016-02-22, 0.006727801058230356, 0.0027530512985225316, 0.0, 0.02301667643454633, 0.0011414764998525604
2016-02-22, 0.006727801058230356, 0.0027530512985225316, 0.0, 0.02301667643454633, 0.0011414764998525604
2016-02-22, 0.006727801058230356, 0.0027530512985225316, 0.0, 0.02301667643454633, 0.0011414764998525604
2016-02-22, 0.006727801058230356, 0.0027530512985225316, 0.0, 0.02301667643454633, 0.0011414764998525604
2016-02-22, 0.019808919678133807, 0.01376525649261265, 0.005489855205068956, 0.037721775267728706, 0.022258791747124914
2016-02-22, 0.009381890524468067, 0.0027530512985225316, 0.0, 0.02621343705045553, 0.008561073748894203
2016-02-22, 0.011699980065242517, 0.002753051298522524, 0.0013724638012672426, 0.030688901912728432, 0.011985503248451872
2016-02-22, 0.010883932961767786, 0.011012205194090118, 0.005489855205068971, 0.017901859449091586, 0.009131811998820471
2016-01-23, 0.004758284283743158, 0.0027530512985225316, 0.0, 0.0134263945868187, 0.002853691249631401
2016-01-23, 0.004758284283743158, 0.0027530512985225316, 0.0, 0.0134263945868187, 0.002853691249631401
2016-01-23, 0.004758284283743158, 0.0027530512985225316, 0.0, 0.0134263945868187, 0.002853691249631401
2016-01-23, 0.004758284283743158, 0.0027530512985225316, 0.0, 0.0134263945868187, 0.002853691249631401
2016-01-23, 0.004758284283743158, 0.0027530512985225316, 0.0, 0.0134263945868187, 0.002853691249631401
2016-01-23, 0.004758284283743158, 0.0027530512985225316, 0.0, 0.0134263945868187, 0.002853691249631401
2016-01-23, 0.004758284283743158, 0.0027530512985225316, 0.0, 0.0134263945868187, 0.002853691249631401
2016-01-23, 0.004758284283743158, 0.0027530512985225316, 0.0, 0.0134263945868187, 0.002853691249631401
2016-01-23, 0.004758284283743158, 0.0027530512985225316, 0.0, 0.0134263945868187, 0.002853691249631401
2016-01-23, 0.004758284283743158, 0.0027530512985225316, 0.0, 0.0134263945868187, 0.002853691249631401
2016-01-23, 0.004758284283743158, 0.0027530512985225316, 0.0, 0.0134263945868187, 0.002853691249631401
2016-01-23, 0.005943200362944832, 0.008259153895567587, 0.005489855205068956, 0.008311577601363957, 0.0017122147497788279
2016-01-23, 0.005184617872136538, 0.005506102597045063, 0.0013724638012672426, 0.012147690340455016, 0.0017122147497788279
2016-01-23, 0.011414907459095843, 0.011012205194090118, 0.005489855205068971, 0.021737972188182644, 0.007419597249041642
2016-01-23, 0.007955388002507821, 0.011012205194090118, 0.005489855205068956, 0.0044754648622729, 0.01084402674859931
2015-12-24, 0.006767550504699362, 0.005506102597045063, 0.005489855205068971, 0.011508338217273172, 0.0045659059994102415
2015-12-24, 0.006767550504699362, 0.005506102597045063, 0.005489855205068971, 0.011508338217273172, 0.0045659059994102415
2015-12-24, 0.006767550504699362, 0.005506102597045063, 0.005489855205068971, 0.011508338217273172, 0.0045659059994102415
2015-12-24, 0.006767550504699362, 0.005506102597045063, 0.005489855205068971, 0.011508338217273172, 0.0045659059994102415
2015-12-24, 0.006767550504699362, 0.005506102597045063, 0.005489855205068971, 0.011508338217273172, 0.0045659059994102415
2015-12-24, 0.006767550504699362, 0.005506102597045063, 0.005489855205068971, 0.011508338217273172, 0.0045659059994102415
2015-12-24, 0.006767550504699362, 0.005506102597045063, 0.005489855205068971, 0.011508338217273172, 0.0045659059994102415
2015-12-24, 0.006767550504699362, 0.005506102597045063, 0.005489855205068971, 0.011508338217273172, 0.0045659059994102415
2015-12-24, 0.006767550504699362, 0.005506102597045063, 0.005489855205068971, 0.011508338217273172, 0.0045659059994102415
2015-12-24, 0.006767550504699362, 0.005506102597045063, 0.005489855205068971, 0.011508338217273172, 0.0045659059994102415
2015-12-24, 0.006767550504699362, 0.005506102597045063, 0.005489855205068971, 0.011508338217273172, 0.0045659059994102415
2015-12-24, 0.008320803412163284, 0.0055061025970450555, 0.008234782807603456, 0.0012787042463636858, 0.018263623997640942
2015-12-24, 0.008911509074803026, 0.008259153895567587, 0.005489855205068971, 0.017901859449091586, 0.003995167749483961
2015-12-24, 0.005473723714018792, 0.008259153895567587, 0.0027449276025344853, 0.005754169108636586, 0.005136644249336509
2015-12-24, 0.004264152120406545, 0.0027530512985225316, 0.005489855205068971, 0.007672225478182115, 0.0011414764998525604
2015-11-24, 0.006121911961105519, 0.0055061025970450555, 0.004117391403801728, 0.010868986094091329, 0.003995167749483961
2015-11-24, 0.0064418988476421185, 0.011012205194090111, 0.0027449276025344853, 0.010868986094091329, 0.0011414764998525476
2015-11-24, 0.0064418988476421185, 0.011012205194090111, 0.0027449276025344853, 0.010868986094091329, 0.0011414764998525476
2015-11-24, 0.0064418988476421185, 0.011012205194090111, 0.0027449276025344853, 0.010868986094091329, 0.0011414764998525476
2015-11-24, 0.0064418988476421185, 0.011012205194090111, 0.0027449276025344853, 0.010868986094091329, 0.0011414764998525476
2015-11-24, 0.0064418988476421185, 0.011012205194090111, 0.0027449276025344853, 0.010868986094091329, 0.0011414764998525476
2015-11-24, 0.0064418988476421185, 0.011012205194090111, 0.0027449276025344853, 0.010868986094091329, 0.0011414764998525476
2015-11-24, 0.0064418988476421185, 0.011012205194090111, 0.0027449276025344853, 0.010868986094091329, 0.0011414764998525476
2015-11-24, 0.0064418988476421185, 0.011012205194090111, 0.0027449276025344853, 0.010868986094091329, 0.0011414764998525476
2015-11-24, 0.0064418988476421185, 0.011012205194090111, 0.0027449276025344853, 0.010868986094091329, 0.0011414764998525476
2015-11-24, 0.0064418988476421185, 0.011012205194090111, 0.0027449276025344853, 0.010868986094091329, 0.0011414764998525476
2015-11-24, 0.0047030728557531445, 0.002753051298522524, 0.004117391403801728, 0.010229633970909487, 0.0017122147497788405
2015-11-24, 0.00436624332584833, 0.002753051298522524, 0.004117391403801728, 0.008311577601363957, 0.002282952999705108
2015-11-24, 0.004314782920906657, 0.002753051298522524, 0.004117391403801728, 0.006393521231818429, 0.003995167749483949
2015-11-24, 0.005037352682165072, 0.0055061025970450555, 0.004117391403801728, 0.007672225478182115, 0.0028536912496313883
2015-10-25, 0.008374248157062973, 0.008259153895567587, 0.004117391403801728, 0.01598380307954606, 0.005136644249336521
2015-10-25, 0.009239502480802958, 0.011012205194090118, 0.004117391403801728, 0.017262507325909743, 0.0045659059994102415
2015-10-25, 0.009239502480802958, 0.011012205194090118, 0.004117391403801728, 0.017262507325909743, 0.0045659059994102415
2015-10-25, 0.009239502480802958, 0.011012205194090118, 0.004117391403801728, 0.017262507325909743, 0.0045659059994102415
2015-10-25, 0.009239502480802958, 0.011012205194090118, 0.004117391403801728, 0.017262507325909743, 0.0045659059994102415
2015-10-25, 0.009239502480802958, 0.011012205194090118, 0.004117391403801728, 0.017262507325909743, 0.0045659059994102415
2015-10-25, 0.009239502480802958, 0.011012205194090118, 0.004117391403801728, 0.017262507325909743, 0.0045659059994102415
2015-10-25, 0.009239502480802958, 0.011012205194090118, 0.004117391403801728, 0.017262507325909743, 0.0045659059994102415
2015-10-25, 0.009239502480802958, 0.011012205194090118, 0.004117391403801728, 0.017262507325909743, 0.0045659059994102415
2015-10-25, 0.009239502480802958, 0.011012205194090118, 0.004117391403801728, 0.017262507325909743, 0.0045659059994102415
2015-10-25, 0.009239502480802958, 0.011012205194090118, 0.004117391403801728, 0.017262507325909743, 0.0045659059994102415
2015-10-25, 0.005291275398938996, 0.008259153895567587, 0.0027449276025344853, 0.009590281847727644, 0.0005707382499262675
2015-10-25, 0.004894668119683502, 0.0055061025970450555, 0.004117391403801728, 0.007672225478182115, 0.002282952999705108
2015-10-25, 0.005382499556478894, 0.008259153895567587, 0.0027449276025344853, 0.007672225478182115, 0.0028536912496313883
2015-10-25, 0.011086706098545722, 0.019271359089657707, 0.002744927602534478, 0.0166231552027279, 0.005707382499262802
2015-09-25, 0.0080809190966755, 0.011012205194090118, 0.005489855205068963, 0.003836112739091043, 0.011985503248451872
2015-09-25, 0.010718165919545003, 0.01651830779113518, 0.00411739140380172, 0.005114816985454729, 0.01712214749778838
2015-09-25, 0.010718165919545003, 0.01651830779113518, 0.00411739140380172, 0.005114816985454729, 0.01712214749778838
2015-09-25, 0.010718165919545003, 0.01651830779113518, 0.00411739140380172, 0.005114816985454729, 0.01712214749778838
2015-09-25, 0.010718165919545003, 0.01651830779113518, 0.00411739140380172, 0.005114816985454729, 0.01712214749778838
2015-09-25, 0.010718165919545003, 0.01651830779113518, 0.00411739140380172, 0.005114816985454729, 0.01712214749778838
2015-09-25, 0.010718165919545003, 0.01651830779113518, 0.00411739140380172, 0.005114816985454729, 0.01712214749778838
2015-09-25, 0.010718165919545003, 0.01651830779113518, 0.00411739140380172, 0.005114816985454729, 0.01712214749778838
2015-09-25, 0.010718165919545003, 0.01651830779113518, 0.00411739140380172, 0.005114816985454729, 0.01712214749778838
2015-09-25, 0.010718165919545003, 0.01651830779113518, 0.00411739140380172, 0.005114816985454729, 0.01712214749778838
2015-09-25, 0.010718165919545003, 0.01651830779113518, 0.00411739140380172, 0.005114816985454729, 0.01712214749778838
2015-09-25, 0.010752472856172784, 0.01651830779113518, 0.00411739140380172, 0.006393521231818415, 0.01598067099793582
2015-09-25, 0.008206450190843177, 0.011012205194090118, 0.005489855205068963, 0.0031967606159092003, 0.013126979748304431
2015-09-25, 0.00978512732699101, 0.01376525649261265, 0.005489855205068963, 0.004475464862272886, 0.01540993274800954
2015-09-25, 0.00556119684851035, 0.008259153895567594, 0.006862319006336205, 0.0025574084927273717, 0.0045659059994102285
2015-08-26, 0.0068879821918812695, 0.011012205194090111, 0.005489855205068971, 0.0019180563695455287, 0.009131811998820471
2015-08-26, 0.010516014432658432, 0.019271359089657696, 0.004117391403801728, 0.003836112739091043, 0.014839194498083259
2015-08-26, 0.010516014432658432, 0.019271359089657696, 0.004117391403801728, 0.003836112739091043, 0.014839194498083259
2015-08-26, 0.010516014432658432, 0.019271359089657696, 0.004117391403801728, 0.003836112739091043, 0.014839194498083259
2015-08-26, 0.010516014432658432, 0.019271359089657696, 0.004117391403801728, 0.003836112739091043, 0.014839194498083259
2015-08-26, 0.010516014432658432, 0.019271359089657696, 0.004117391403801728, 0.003836112739091043, 0.014839194498083259
2015-08-26, 0.010516014432658432, 0.019271359089657696, 0.004117391403801728, 0.003836112739091043, 0.014839194498083259
2015-08-26, 0.010516014432658432, 0.019271359089657696, 0.004117391403801728, 0.003836112739091043, 0.014839194498083259
2015-08-26, 0.010516014432658432, 0.019271359089657696, 0.004117391403801728, 0.003836112739091043, 0.014839194498083259
2015-08-26, 0.010516014432658432, 0.019271359089657696, 0.004117391403801728, 0.003836112739091043, 0.014839194498083259
2015-08-26, 0.010516014432658432, 0.019271359089657696, 0.004117391403801728, 0.003836112739091043, 0.014839194498083259
2015-08-26, 0.007030666754362839, 0.011012205194090111, 0.005489855205068971, 0.0019180563695455287, 0.00970255024874675
2015-08-26, 0.01805340049731111, 0.027530512985225283, 0.001372463801267235, 0.015344450956364216, 0.027966174246387702
2015-08-26, 0.01686726879242475, 0.02202441038818023, 0.005489855205068971, 0.01598380307954606, 0.023971006496903743
2015-08-26, 0.005418512286028778, 0.00825915389556758, 0.006862319006336213, 0.0025574084927273717, 0.003995167749483949
2015-07-27, 0.005706431114484802, 0.005506102597045063, 0.006862319006336205, 0.007032873355000272, 0.0034244294995576683
2015-07-27, 0.008199644990935308, 0.01651830779113518, 0.001372463801267235, 0.0006393521231818287, 0.014268456248156992
2015-07-27, 0.008199644990935308, 0.01651830779113518, 0.001372463801267235, 0.0006393521231818287, 0.014268456248156992
2015-07-27, 0.008199644990935308, 0.01651830779113518, 0.001372463801267235, 0.0006393521231818287, 0.014268456248156992
2015-07-27, 0.008199644990935308, 0.01651830779113518, 0.001372463801267235, 0.0006393521231818287, 0.014268456248156992
2015-07-27, 0.008199644990935308, 0.01651830779113518, 0.001372463801267235, 0.0006393521231818287, 0.014268456248156992
2015-07-27, 0.008199644990935308, 0.01651830779113518, 0.001372463801267235, 0.0006393521231818287, 0.014268456248156992
2015-07-27, 0.008199644990935308, 0.01651830779113518, 0.001372463801267235, 0.0006393521231818287, 0.014268456248156992
2015-07-27, 0.008199644990935308, 0.01651830779113518, 0.001372463801267235, 0.0006393521231818287, 0.014268456248156992
2015-07-27, 0.008199644990935308, 0.01651830779113518, 0.001372463801267235, 0.0006393521231818287, 0.014268456248156992
2015-07-27, 0.008199644990935308, 0.01651830779113518, 0.001372463801267235, 0.0006393521231818287, 0.014268456248156992
2015-07-27, 0.005924015970633934, 0.005506102597045063, 0.008234782807603449, 0.007672225478182115, 0.002282952999705108
2015-07-27, 0.012927669879915483, 0.0275305129852253, 0.0013724638012672426, 0.005114816985454729, 0.01769288574771466
2015-07-27, 0.007789574376246047, 0.01651830779113518, 0.002744927602534478, 0.0044754648622729, 0.007419597249041629
2015-07-27, 0.010695036855764797, 0.022024410388180236, 0.001372463801267235, 0.005114816985454729, 0.014268456248156992
2015-06-27, 0.003646208961953579, 0.0, 0.009607246608870698, 0.0038361127390910575, 0.0011414764998525604
2015-06-27, 0.006871658328008937, 0.011012205194090127, 0.006862319006336213, 0.004475464862272886, 0.005136644249336521
2015-06-27, 0.006871658328008937, 0.011012205194090127, 0.006862319006336213, 0.004475464862272886, 0.005136644249336521
2015-06-27, 0.006871658328008937, 0.011012205194090127, 0.006862319006336213, 0.004475464862272886, 0.005136644249336521
2015-06-27, 0.006871658328008937, 0.011012205194090127, 0.006862319006336213, 0.004475464862272886, 0.005136644249336521
2015-06-27, 0.006871658328008937, 0.011012205194090127, 0.006862319006336213, 0.004475464862272886, 0.005136644249336521
2015-06-27, 0.006871658328008937, 0.011012205194090127, 0.006862319006336213, 0.004475464862272886, 0.005136644249336521
2015-06-27, 0.006871658328008937, 0.011012205194090127, 0.006862319006336213, 0.004475464862272886, 0.005136644249336521
2015-06-27, 0.006871658328008937, 0.011012205194090127, 0.006862319006336213, 0.004475464862272886, 0.005136644249336521
2015-06-27, 0.006871658328008937, 0.011012205194090127, 0.006862319006336213, 0.004475464862272886, 0.005136644249336521
2015-06-27, 0.006871658328008937, 0.011012205194090127, 0.006862319006336213, 0.004475464862272886, 0.005136644249336521
2015-06-27, 0.00390813819819083, 0.0, 0.008234782807603456, 0.005114816985454743, 0.0022829529997051208
2015-06-27, 0.011049019853983502, 0.022024410388180236, 0.0013724638012672426, 0.0076722254781821, 0.013126979748304431
2015-06-27, 0.0044937910378838024, 0.008259153895567594, 0.006862319006336213, 0.0, 0.002853691249631401
2015-06-27, 0.009570402999280449, 0.01651830779113518, 0.0027449276025344853, 0.007032873355000258, 0.011985503248451872
2015-05-28, 0.0062002381467465145, 0.0027530512985225316, 0.008234782807603456, 0.006393521231818429, 0.007419597249041642
2015-05-28, 0.0058485968974705, 0.011012205194090127, 0.004117391403801728, 0.0025574084927273573, 0.005707382499262789
2015-05-28, 0.0058485968974705, 0.011012205194090127, 0.004117391403801728, 0.0025574084927273573, 0.005707382499262789
2015-05-28, 0.0058485968974705, 0.011012205194090127, 0.004117391403801728, 0.0025574084927273573, 0.005707382499262789
2015-05-28, 0.0058485968974705, 0.011012205194090127, 0.004117391403801728, 0.0025574084927273573, 0.005707382499262789
2015-05-28, 0.0058485968974705, 0.011012205194090127, 0.004117391403801728, 0.0025574084927273573, 0.005707382499262789
2015-05-28, 0.0058485968974705, 0.011012205194090127, 0.004117391403801728, 0.0025574084927273573, 0.005707382499262789
2015-05-28, 0.0058485968974705, 0.011012205194090127, 0.004117391403801728, 0.0025574084927273573, 0.005707382499262789
2015-05-28, 0.0058485968974705, 0.011012205194090127, 0.004117391403801728, 0.0025574084927273573, 0.005707382499262789
2015-05-28, 0.0058485968974705, 0.011012205194090127, 0.004117391403801728, 0.0025574084927273573, 0.005707382499262789
2015-05-28, 0.0058485968974705, 0.011012205194090127, 0.004117391403801728, 0.0025574084927273573, 0.005707382499262789
2015-05-28, 0.004655659992676271, 0.011012205194090127, 0.004117391403801728, 0.0006393521231818287, 0.002853691249631401
2015-05-28, 0.0063000904736411, 0.011012205194090127, 0.005489855205068971, 0.0012787042463636715, 0.007419597249041629
2015-05-28, 0.004598431946818474, 0.005506102597045063, 0.005489855205068971, 0.005114816985454743, 0.0022829529997051208
2015-05-28, 0.0038569886181948417, 0.005506102597045063, 0.006862319006336213, 0.0019180563695455287, 0.0011414764998525604
2015-04-28, 0.003554466024917807, 0.005506102597045048, 0.006862319006336213, 0.0012787042463636858, 0.0005707382499262802
2015-04-28, 0.005243551710916441, 0.011012205194090111, 0.004117391403801728, 0.0012787042463636858, 0.0045659059994102415
2015-04-28, 0.005243551710916441, 0.011012205194090111, 0.004117391403801728, 0.0012787042463636858, 0.0045659059994102415
2015-04-28, 0.005243551710916441, 0.011012205194090111, 0.004117391403801728, 0.0012787042463636858, 0.0045659059994102415
2015-04-28, 0.005243551710916441, 0.011012205194090111, 0.004117391403801728, 0.0012787042463636858, 0.0045659059994102415
2015-04-28, 0.005243551710916441, 0.011012205194090111, 0.004117391403801728, 0.0012787042463636858, 0.0045659059994102415
2015-04-28, 0.005243551710916441, 0.011012205194090111, 0.004117391403801728, 0.0012787042463636858, 0.0045659059994102415
2015-04-28, 0.005243551710916441, 0.011012205194090111, 0.004117391403801728, 0.0012787042463636858, 0.0045659059994102415
2015-04-28, 0.005243551710916441, 0.011012205194090111, 0.004117391403801728, 0.0012787042463636858, 0.0045659059994102415
2015-04-28, 0.005243551710916441, 0.011012205194090111, 0.004117391403801728, 0.0012787042463636858, 0.0045659059994102415
2015-04-28, 0.005243551710916441, 0.011012205194090111, 0.004117391403801728, 0.0012787042463636858, 0.0045659059994102415
2015-04-28, 0.004472900852650791, 0.005506102597045048, 0.005489855205068971, 0.005754169108636586, 0.0011414764998525604
2015-04-28, 0.006773007320669799, 0.005506102597045048, 0.005489855205068971, 0.006393521231818429, 0.00970255024874675
2015-04-28, 0.0038782039345027514, 0.011012205194090111, 0.0013724638012672426, 0.0025574084927273717, 0.0005707382499262802
2015-04-28, 0.003708017635301269, 0.005506102597045048, 0.005489855205068971, 0.0038361127390910575, 0.0
2015-03-29, 0.0083630702842154, 0.0027530512985225316, 0.006862319006336213, 0.014705098833182372, 0.009131811998820483
2015-03-29, 0.006910545892126613, 0.011012205194090127, 0.004117391403801728, 0.010229633970909473, 0.0022829529997051208
2015-03-29, 0.006910545892126613, 0.011012205194090127, 0.004117391403801728, 0.010229633970909473, 0.0022829529997051208
2015-03-29, 0.006910545892126613, 0.011012205194090127, 0.004117391403801728, 0.010229633970909473, 0.0022829529997051208
2015-03-29, 0.006910545892126613, 0.011012205194090127, 0.004117391403801728, 0.010229633970909473, 0.0022829529997051208
2015-03-29, 0.006910545892126613, 0.011012205194090127, 0.004117391403801728, 0.010229633970909473, 0.0022829529997051208
2015-03-29, 0.006910545892126613, 0.011012205194090127, 0.004117391403801728, 0.010229633970909473, 0.0022829529997051208
2015-03-29, 0.006910545892126613, 0.011012205194090127, 0.004117391403801728, 0.010229633970909473, 0.0022829529997051208
2015-03-29, 0.006910545892126613, 0.011012205194090127, 0.004117391403801728, 0.010229633970909473, 0.0022829529997051208
2015-03-29, 0.006910545892126613, 0.011012205194090127, 0.004117391403801728, 0.010229633970909473, 0.0022829529997051208
2015-03-29, 0.006910545892126613, 0.011012205194090127, 0.004117391403801728, 0.010229633970909473, 0.0022829529997051208
2015-03-29, 0.008346538465792874, 0.01376525649261265, 0.004117391403801728, 0.011508338217273158, 0.003995167749483961
2015-03-29, 0.0064887786250939035, 0.011012205194090127, 0.005489855205068971, 0.008311577601363957, 0.0011414764998525604
2015-03-29, 0.008563812496996323, 0.008259153895567594, 0.006862319006336213, 0.013426394586818687, 0.005707382499262802
2015-03-29, 0.007061858623962877, 0.019271359089657714, 0.0013724638012672426, 0.007032873355000272, 0.0005707382499262802
2015-02-27, 0.005548624007686355, 0.008259153895567594, 0.004117391403801728, 0.006393521231818429, 0.0034244294995576683
2015-02-27, 0.005794229380051269, 0.008259153895567594, 0.004117391403801728, 0.010229633970909473, 0.0005707382499262802
2015-02-27, 0.005794229380051269, 0.008259153895567594, 0.004117391403801728, 0.010229633970909473, 0.0005707382499262802
2015-02-27, 0.005794229380051269, 0.008259153895567594, 0.004117391403801728, 0.010229633970909473, 0.0005707382499262802
2015-02-27, 0.005794229380051269, 0.008259153895567594, 0.004117391403801728, 0.010229633970909473, 0.0005707382499262802
2015-02-27, 0.005794229380051269, 0.008259153895567594, 0.004117391403801728, 0.010229633970909473, 0.0005707382499262802
2015-02-27, 0.005794229380051269, 0.008259153895567594, 0.004117391403801728, 0.010229633970909473, 0.0005707382499262802
2015-02-27, 0.005794229380051269, 0.008259153895567594, 0.004117391403801728, 0.010229633970909473, 0.0005707382499262802
2015-02-27, 0.005794229380051269, 0.008259153895567594, 0.004117391403801728, 0.010229633970909473, 0.0005707382499262802
2015-02-27, 0.005794229380051269, 0.008259153895567594, 0.004117391403801728, 0.010229633970909473, 0.0005707382499262802
2015-02-27, 0.005794229380051269, 0.008259153895567594, 0.004117391403801728, 0.010229633970909473, 0.0005707382499262802
2015-02-27, 0.009127953501564923, 0.0027530512985225316, 0.006862319006336213, 0.0166231552027279, 0.010273288498673042
2015-02-27, 0.007137649412240209, 0.01651830779113518, 0.0, 0.005754169108636586, 0.006278120749189069
2015-02-27, 0.009085640045473815, 0.005506102597045063, 0.006862319006336213, 0.01598380307954606, 0.007990335498967922
2015-02-27, 0.006959456593575403, 0.01376525649261265, 0.004117391403801728, 0.007672225478182115, 0.0022829529997051208
2015-01-28, 0.006015565259248739, 0.008259153895567594, 0.0013724638012672426, 0.012147690340455, 0.0022829529997051208
2015-01-28, 0.005310459791249903, 0.011012205194090127, 0.0, 0.010229633970909487, 0.0
2015-01-28, 0.005310459791249903, 0.011012205194090127, 0.0, 0.010229633970909487, 0.0
2015-01-28, 0.005310459791249903, 0.011012205194090127, 0.0, 0.010229633970909487, 0.0
2015-01-28, 0.005310459791249903, 0.011012205194090127, 0.0, 0.010229633970909487, 0.0
2015-01-28, 0.005310459791249903, 0.011012205194090127, 0.0, 0.010229633970909487, 0.0
2015-01-28, 0.005310459791249903, 0.011012205194090127, 0.0, 0.010229633970909487, 0.0
2015-01-28, 0.005310459791249903, 0.011012205194090127, 0.0, 0.010229633970909487, 0.0
2015-01-28, 0.005310459791249903, 0.011012205194090127, 0.0, 0.010229633970909487, 0.0
2015-01-28, 0.005310459791249903, 0.011012205194090127, 0.0, 0.010229633970909487, 0.0
2015-01-28, 0.005310459791249903, 0.011012205194090127, 0.0, 0.010229633970909487, 0.0
2015-01-28, 0.009886638862768716, 0.022024410388180236, 0.005489855205068971, 0.005754169108636586, 0.006278120749189069
2015-01-28, 0.006234559389503516, 0.0, 0.0027449276025344853, 0.015344450956364216, 0.006848858999115362
2015-01-28, 0.005378762839559779, 0.005506102597045063, 0.0013724638012672426, 0.01406574671000053, 0.0005707382499262802
2015-01-28, 0.008035179748610963, 0.01651830779113518, 0.0027449276025344853, 0.008311577601363957, 0.0045659059994102285
2014-12-29, 0.006586303509175019, 0.008259153895567594, 0.0013724638012672426, 0.012147690340455, 0.0045659059994102415
2014-12-29, 0.006586303509175019, 0.008259153895567594, 0.0013724638012672426, 0.012147690340455, 0.0045659059994102415
2014-12-29, 0.006586303509175019, 0.008259153895567594, 0.0013724638012672426, 0.012147690340455, 0.0045659059994102415
2014-12-29, 0.006586303509175019, 0.008259153895567594, 0.0013724638012672426, 0.012147690340455, 0.0045659059994102415
2014-12-29, 0.006586303509175019, 0.008259153895567594, 0.0013724638012672426, 0.012147690340455, 0.0045659059994102415
2014-12-29, 0.006586303509175019, 0.008259153895567594, 0.0013724638012672426, 0.012147690340455, 0.0045659059994102415
2014-12-29, 0.006586303509175019, 0.008259153895567594, 0.0013724638012672426, 0.012147690340455, 0.0045659059994102415
2014-12-29, 0.006586303509175019, 0.008259153895567594, 0.0013724638012672426, 0.012147690340455, 0.0045659059994102415
2014-12-29, 0.006586303509175019, 0.008259153895567594, 0.0013724638012672426, 0.012147690340455, 0.0045659059994102415
2014-12-29, 0.006586303509175019, 0.008259153895567594, 0.0013724638012672426, 0.012147690340455, 0.0045659059994102415
2014-12-29, 0.006586303509175019, 0.008259153895567594, 0.0013724638012672426, 0.012147690340455, 0.0045659059994102415
2014-12-29, 0.005755045297117134, 0.0, 0.0027449276025344853, 0.013426394586818687, 0.006848858999115362
2014-12-29, 0.006302343658317524, 0.0, 0.0013724638012672426, 0.014705098833182372, 0.009131811998820483
2014-12-29, 0.005857136502558924, 0.0, 0.0013724638012672426, 0.01406574671000053, 0.007990335498967922
2014-12-29, 0.007410342825983857, 0.0, 0.0027449276025344853, 0.0166231552027279, 0.010273288498673042
2014-11-29, 0.006963415571173928, 0.0027530512985225316, 0.004117391403801728, 0.014705098833182372, 0.006278120749189082
2014-11-29, 0.004127768284466192, 0.0, 0.0013724638012672426, 0.013426394586818687, 0.0017122147497788405
2014-11-29, 0.004127768284466192, 0.0, 0.0013724638012672426, 0.013426394586818687, 0.0017122147497788405
2014-11-29, 0.004127768284466192, 0.0, 0.0013724638012672426, 0.013426394586818687, 0.0017122147497788405
2014-11-29, 0.004127768284466192, 0.0, 0.0013724638012672426, 0.013426394586818687, 0.0017122147497788405
2014-11-29, 0.004127768284466192, 0.0, 0.0013724638012672426, 0.013426394586818687, 0.0017122147497788405
2014-11-29, 0.004127768284466192, 0.0, 0.0013724638012672426, 0.013426394586818687, 0.0017122147497788405
2014-11-29, 0.004127768284466192, 0.0, 0.0013724638012672426, 0.013426394586818687, 0.0017122147497788405
2014-11-29, 0.004127768284466192, 0.0, 0.0013724638012672426, 0.013426394586818687, 0.0017122147497788405
2014-11-29, 0.004127768284466192, 0.0, 0.0013724638012672426, 0.013426394586818687, 0.0017122147497788405
2014-11-29, 0.004127768284466192, 0.0, 0.0013724638012672426, 0.013426394586818687, 0.0017122147497788405
2014-11-29, 0.006982599963484829, 0.0055061025970450555, 0.0013724638012672426, 0.015344450956364216, 0.005707382499262802
2014-11-29, 0.005311869065355544, 0.0027530512985225316, 0.0, 0.012787042463636844, 0.005707382499262802
2014-11-29, 0.0055594910555882456, 0.008259153895567587, 0.0027449276025344853, 0.0089509297245458, 0.002282952999705108
2014-11-29, 0.010583130467542088, 0.008259153895567594, 0.004117391403801728, 0.01854121157227343, 0.011414764998525603
2014-10-30, 0.00409974776825041, 0.0, 0.0027449276025344853, 0.010229633970909487, 0.0034244294995576683
2014-10-30, 0.00409974776825041, 0.0, 0.0027449276025344853, 0.010229633970909487, 0.0034244294995576683
2014-10-30, 0.00409974776825041, 0.0, 0.0027449276025344853, 0.010229633970909487, 0.0034244294995576683
2014-10-30, 0.00409974776825041, 0.0, 0.0027449276025344853, 0.010229633970909487, 0.0034244294995576683
2014-10-30, 0.00409974776825041, 0.0, 0.0027449276025344853, 0.010229633970909487, 0.0034244294995576683
2014-10-30, 0.00409974776825041, 0.0, 0.0027449276025344853, 0.010229633970909487, 0.0034244294995576683
2014-10-30, 0.00409974776825041, 0.0, 0.0027449276025344853, 0.010229633970909487, 0.0034244294995576683
2014-10-30, 0.00409974776825041, 0.0, 0.0027449276025344853, 0.010229633970909487, 0.0034244294995576683
2014-10-30, 0.00409974776825041, 0.0, 0.0027449276025344853, 0.010229633970909487, 0.0034244294995576683
2014-10-30, 0.00409974776825041, 0.0, 0.0027449276025344853, 0.010229633970909487, 0.0034244294995576683
2014-10-30, 0.00409974776825041, 0.0, 0.0027449276025344853, 0.010229633970909487, 0.0034244294995576683
2014-10-30, 0.007325715913801642, 0.005506102597045063, 0.0027449276025344853, 0.015344450956364216, 0.005707382499262802
2014-10-30, 0.0031687400996934316, 0.0, 0.0013724638012672426, 0.009590281847727644, 0.0017122147497788405
2014-10-30, 0.004805474886140618, 0.008259153895567587, 0.0013724638012672426, 0.009590281847727644, 0.0
2014-10-30, 0.006262046820094204, 0.008259153895567587, 0.004117391403801728, 0.006393521231818429, 0.006278120749189069
2014-09-30, 0.003332314847408006, 0.0027530512985225316, 0.0027449276025344853, 0.0038361127390910575, 0.003995167749483949
2014-09-30, 0.002198844867018775, 0.0, 0.0027449276025344853, 0.0031967606159092146, 0.002853691249631401
2014-09-30, 0.002198844867018775, 0.0, 0.0027449276025344853, 0.0031967606159092146, 0.002853691249631401
2014-09-30, 0.002198844867018775, 0.0, 0.0027449276025344853, 0.0031967606159092146, 0.002853691249631401
2014-09-30, 0.002198844867018775, 0.0, 0.0027449276025344853, 0.0031967606159092146, 0.002853691249631401
2014-09-30, 0.002198844867018775, 0.0, 0.0027449276025344853, 0.0031967606159092146, 0.002853691249631401
2014-09-30, 0.002198844867018775, 0.0, 0.0027449276025344853, 0.0031967606159092146, 0.002853691249631401
2014-09-30, 0.002198844867018775, 0.0, 0.0027449276025344853, 0.0031967606159092146, 0.002853691249631401
2014-09-30, 0.002198844867018775, 0.0, 0.0027449276025344853, 0.0031967606159092146, 0.002853691249631401
2014-09-30, 0.002198844867018775, 0.0, 0.0027449276025344853, 0.0031967606159092146, 0.002853691249631401
2014-09-30, 0.002198844867018775, 0.0, 0.0027449276025344853, 0.0031967606159092146, 0.002853691249631401
2014-09-30, 0.006837365697510371, 0.00825915389556758, 0.0013724638012672275, 0.010868986094091315, 0.006848858999115362
2014-09-30, 0.0028230744458837363, 0.0027530512985225316, 0.0, 0.005114816985454743, 0.0034244294995576683
2014-09-30, 0.007593087659880114, 0.008259153895567594, 0.006862319006336213, 0.0038361127390910575, 0.011414764998525591
2014-09-30, 0.004182965406326981, 0.0027530512985225316, 0.0027449276025344853, 0.008950929724545786, 0.0022829529997051208
2014-08-31, 0.002369549945716124, 0.0, 0.0013724638012672275, 0.006393521231818429, 0.0017122147497788405
2014-08-31, 0.002369549945716124, 0.0, 0.0013724638012672275, 0.006393521231818429, 0.0017122147497788405
2014-08-31, 0.002369549945716124, 0.0, 0.0013724638012672275, 0.006393521231818429, 0.0017122147497788405
2014-08-31, 0.002369549945716124, 0.0, 0.0013724638012672275, 0.006393521231818429, 0.0017122147497788405
2014-08-31, 0.002369549945716124, 0.0, 0.0013724638012672275, 0.006393521231818429, 0.0017122147497788405
2014-08-31, 0.002369549945716124, 0.0, 0.0013724638012672275, 0.006393521231818429, 0.0017122147497788405
2014-08-31, 0.002369549945716124, 0.0, 0.0013724638012672275, 0.006393521231818429, 0.0017122147497788405
2014-08-31, 0.002369549945716124, 0.0, 0.0013724638012672275, 0.006393521231818429, 0.0017122147497788405
2014-08-31, 0.002369549945716124, 0.0, 0.0013724638012672275, 0.006393521231818429, 0.0017122147497788405
2014-08-31, 0.002369549945716124, 0.0, 0.0013724638012672275, 0.006393521231818429, 0.0017122147497788405
2014-08-31, 0.002369549945716124, 0.0, 0.0013724638012672275, 0.006393521231818429, 0.0017122147497788405
2014-08-31, 0.006956610371266056, 0.00825915389556758, 0.0, 0.012147690340455016, 0.007419597249041629
2014-08-31, 0.002491330016835464, 0.0, 0.005489855205068956, 0.0044754648622729, 0.0
2014-08-31, 0.006098457766250404, 0.008259153895567594, 0.00823478280760344, 0.0044754648622729, 0.003424429499557681
2014-08-31, 0.008895556926044587, 0.011012205194090111, 0.0013724638012672426, 0.01406574671000053, 0.009131811998820471
2014-08-01, 0.0022331518036465565, 0.0, 0.0027449276025344853, 0.0044754648622729, 0.0017122147497788405
2014-08-01, 0.0022331518036465565, 0.0, 0.0027449276025344853, 0.0044754648622729, 0.0017122147497788405
2014-08-01, 0.0022331518036465565, 0.0, 0.0027449276025344853, 0.0044754648622729, 0.0017122147497788405
2014-08-01, 0.0022331518036465565, 0.0, 0.0027449276025344853, 0.0044754648622729, 0.0017122147497788405
2014-08-01, 0.0022331518036465565, 0.0, 0.0027449276025344853, 0.0044754648622729, 0.0017122147497788405
2014-08-01, 0.0022331518036465565, 0.0, 0.0027449276025344853, 0.0044754648622729, 0.0017122147497788405
2014-08-01, 0.0022331518036465565, 0.0, 0.0027449276025344853, 0.0044754648622729, 0.0017122147497788405
2014-08-01, 0.0022331518036465565, 0.0, 0.0027449276025344853, 0.0044754648622729, 0.0017122147497788405
2014-08-01, 0.0022331518036465565, 0.0, 0.0027449276025344853, 0.0044754648622729, 0.0017122147497788405
2014-08-01, 0.0022331518036465565, 0.0, 0.0027449276025344853, 0.0044754648622729, 0.0017122147497788405
2014-08-01, 0.0022331518036465565, 0.0, 0.0027449276025344853, 0.0044754648622729, 0.0017122147497788405
2014-08-01, 0.005669588780493367, 0.005506102597045063, 0.0013724638012672426, 0.0089509297245458, 0.006848858999115362
2014-08-01, 0.0029620079853169695, 0.0027530512985225316, 0.004117391403801728, 0.0038361127390910575, 0.0011414764998525604
2014-08-01, 0.005207213850291645, 0.00825915389556758, 0.0068623190063361985, 0.0, 0.005707382499262802
2014-08-01, 0.008190451458045759, 0.013765256492612657, 0.0, 0.012147690340455016, 0.006848858999115362
2014-07-02, 0.002780450164846947, 0.0, 0.0013724638012672426, 0.005754169108636586, 0.003995167749483961
2014-07-02, 0.002780450164846947, 0.0, 0.0013724638012672426, 0.005754169108636586, 0.003995167749483961
2014-07-02, 0.002780450164846947, 0.0, 0.0013724638012672426, 0.005754169108636586, 0.003995167749483961
2014-07-02, 0.002780450164846947, 0.0, 0.0013724638012672426, 0.005754169108636586, 0.003995167749483961
2014-07-02, 0.002780450164846947, 0.0, 0.0013724638012672426, 0.005754169108636586, 0.003995167749483961
2014-07-02, 0.002780450164846947, 0.0, 0.0013724638012672426, 0.005754169108636586, 0.003995167749483961
2014-07-02, 0.002780450164846947, 0.0, 0.0013724638012672426, 0.005754169108636586, 0.003995167749483961
2014-07-02, 0.002780450164846947, 0.0, 0.0013724638012672426, 0.005754169108636586, 0.003995167749483961
2014-07-02, 0.002780450164846947, 0.0, 0.0013724638012672426, 0.005754169108636586, 0.003995167749483961
2014-07-02, 0.002780450164846947, 0.0, 0.0013724638012672426, 0.005754169108636586, 0.003995167749483961
2014-07-02, 0.002780450164846947, 0.0, 0.0013724638012672426, 0.005754169108636586, 0.003995167749483961
2014-07-02, 0.004770857124567156, 0.0027530512985225316, 0.0027449276025344853, 0.009590281847727644, 0.003995167749483961
2014-07-02, 0.0028573813825115164, 0.0027530512985225165, 0.0, 0.006393521231818429, 0.0022829529997051208
2014-07-02, 0.00582140598569627, 0.011012205194090111, 0.0068623190063361985, 0.0025574084927273717, 0.002853691249631401
2014-07-02, 0.007802680302695141, 0.008259153895567594, 0.0027449276025344853, 0.012787042463636858, 0.007419597249041629
2014-06-02, 0.0051971907129605335, 0.005506102597045048, 0.004117391403801728, 0.008311577601363957, 0.002853691249631401
2014-06-02, 0.0051971907129605335, 0.005506102597045048, 0.004117391403801728, 0.008311577601363957, 0.002853691249631401
2014-06-02, 0.0051971907129605335, 0.005506102597045048, 0.004117391403801728, 0.008311577601363957, 0.002853691249631401
2014-06-02, 0.0051971907129605335, 0.005506102597045048, 0.004117391403801728, 0.008311577601363957, 0.002853691249631401
2014-06-02, 0.0051971907129605335, 0.005506102597045048, 0.004117391403801728, 0.008311577601363957, 0.002853691249631401
2014-06-02, 0.0051971907129605335, 0.005506102597045048, 0.004117391403801728, 0.008311577601363957, 0.002853691249631401
2014-06-02, 0.0051971907129605335, 0.005506102597045048, 0.004117391403801728, 0.008311577601363957, 0.002853691249631401
2014-06-02, 0.0051971907129605335, 0.005506102597045048, 0.004117391403801728, 0.008311577601363957, 0.002853691249631401
2014-06-02, 0.0051971907129605335, 0.005506102597045048, 0.004117391403801728, 0.008311577601363957, 0.002853691249631401
2014-06-02, 0.0051971907129605335, 0.005506102597045048, 0.004117391403801728, 0.008311577601363957, 0.002853691249631401
2014-06-02, 0.0051971907129605335, 0.005506102597045048, 0.004117391403801728, 0.008311577601363957, 0.002853691249631401
2014-06-02, 0.005064543593939305, 0.005506102597045063, 0.0013724638012672426, 0.007672225478182115, 0.005707382499262802
2014-06-02, 0.00356248685051036, 0.0, 0.0013724638012672426, 0.008311577601363957, 0.0045659059994102415
2014-06-02, 0.004815201504655276, 0.0027530512985225316, 0.0, 0.010229633970909487, 0.006278120749189082
2014-06-02, 0.00275529017706973, 0.0027530512985225316, 0.0013724638012672426, 0.005754169108636586, 0.0011414764998525604
2014-05-03, 0.0021076207094788773, 0.0, 0.0027449276025344853, 0.005114816985454743, 0.0005707382499262802
2014-05-03, 0.003769515483703279, 0.005506102597045048, 0.0027449276025344853, 0.005114816985454743, 0.0017122147497788405
2014-05-03, 0.003769515483703279, 0.005506102597045048, 0.0027449276025344853, 0.005114816985454743, 0.0017122147497788405
2014-05-03, 0.003769515483703279, 0.005506102597045048, 0.0027449276025344853, 0.005114816985454743, 0.0017122147497788405
2014-05-03, 0.003769515483703279, 0.005506102597045048, 0.0027449276025344853, 0.005114816985454743, 0.0017122147497788405
2014-05-03, 0.003769515483703279, 0.005506102597045048, 0.0027449276025344853, 0.005114816985454743, 0.0017122147497788405
2014-05-03, 0.003769515483703279, 0.005506102597045048, 0.0027449276025344853, 0.005114816985454743, 0.0017122147497788405
2014-05-03, 0.003769515483703279, 0.005506102597045048, 0.0027449276025344853, 0.005114816985454743, 0.0017122147497788405
2014-05-03, 0.003769515483703279, 0.005506102597045048, 0.0027449276025344853, 0.005114816985454743, 0.0017122147497788405
2014-05-03, 0.003769515483703279, 0.005506102597045048, 0.0027449276025344853, 0.005114816985454743, 0.0017122147497788405
2014-05-03, 0.003769515483703279, 0.005506102597045048, 0.0027449276025344853, 0.005114816985454743, 0.0017122147497788405
2014-05-03, 0.0017871150434464016, 0.0, 0.0013724638012672426, 0.0006393521231818429, 0.005136644249336521
2014-05-03, 0.0024953918648294906, 0.005506102597045063, 0.0, 0.0044754648622729, 0.0
2014-05-03, 0.00601098463175885, 0.008259153895567594, 0.004117391403801728, 0.007672225478182115, 0.003995167749483961
2014-05-03, 0.006590855524406462, 0.013765256492612642, 0.009607246608870683, 0.0012787042463636858, 0.0017122147497788405
2014-04-03, 0.0018665959646038566, 0.0, 0.0, 0.005754169108636586, 0.0017122147497788405
2014-04-03, 0.001470299510294046, 0.0027530512985225316, 0.0, 0.0025574084927273717, 0.0005707382499262802
2014-04-03, 0.001470299510294046, 0.0027530512985225316, 0.0, 0.0025574084927273717, 0.0005707382499262802
2014-04-03, 0.001470299510294046, 0.0027530512985225316, 0.0, 0.0025574084927273717, 0.0005707382499262802
2014-04-03, 0.001470299510294046, 0.0027530512985225316, 0.0, 0.0025574084927273717, 0.0005707382499262802
2014-04-03, 0.001470299510294046, 0.0027530512985225316, 0.0, 0.0025574084927273717, 0.0005707382499262802
2014-04-03, 0.001470299510294046, 0.0027530512985225316, 0.0, 0.0025574084927273717, 0.0005707382499262802
2014-04-03, 0.001470299510294046, 0.0027530512985225316, 0.0, 0.0025574084927273717, 0.0005707382499262802
2014-04-03, 0.001470299510294046, 0.0027530512985225316, 0.0, 0.0025574084927273717, 0.0005707382499262802
2014-04-03, 0.001470299510294046, 0.0027530512985225316, 0.0, 0.0025574084927273717, 0.0005707382499262802
2014-04-03, 0.001470299510294046, 0.0027530512985225316, 0.0, 0.0025574084927273717, 0.0005707382499262802
2014-04-03, 0.0033469186122290174, 0.005506102597045063, 0.0027449276025344853, 0.0, 0.005136644249336521
2014-04-03, 0.0025016782852414895, 0.005506102597045063, 0.0013724638012672426, 0.0025574084927273717, 0.0005707382499262802
2014-04-03, 0.005335605472897898, 0.011012205194090127, 0.005489855205068971, 0.0025574084927273717, 0.0022829529997051208
2014-04-03, 0.0014874529786079367, 0.0027530512985225316, 0.0, 0.0031967606159092146, 0.0
2014-03-04, 0.00505449184434974, 0.008259153895567594, 0.009607246608870683, 0.0006393521231818429, 0.0017122147497788405
2014-03-04, 0.00505449184434974, 0.008259153895567594, 0.009607246608870683, 0.0006393521231818429, 0.0017122147497788405
2014-03-04, 0.00505449184434974, 0.008259153895567594, 0.009607246608870683, 0.0006393521231818429, 0.0017122147497788405
2014-03-04, 0.00505449184434974, 0.008259153895567594, 0.009607246608870683, 0.0006393521231818429, 0.0017122147497788405
2014-03-04, 0.00505449184434974, 0.008259153895567594, 0.009607246608870683, 0.0006393521231818429, 0.0017122147497788405
2014-03-04, 0.00505449184434974, 0.008259153895567594, 0.009607246608870683, 0.0006393521231818429, 0.0017122147497788405
2014-03-04, 0.00505449184434974, 0.008259153895567594, 0.009607246608870683, 0.0006393521231818429, 0.0017122147497788405
2014-03-04, 0.00505449184434974, 0.008259153895567594, 0.009607246608870683, 0.0006393521231818429, 0.0017122147497788405
2014-03-04, 0.00505449184434974, 0.008259153895567594, 0.009607246608870683, 0.0006393521231818429, 0.0017122147497788405
2014-03-04, 0.00505449184434974, 0.008259153895567594, 0.009607246608870683, 0.0006393521231818429, 0.0017122147497788405
2014-03-04, 0.00505449184434974, 0.008259153895567594, 0.009607246608870683, 0.0006393521231818429, 0.0017122147497788405
2014-03-04, 0.0030026013423567416, 0.0027530512985225165, 0.005489855205068956, 0.0031967606159092146, 0.0005707382499262802
2014-03-04, 0.004817736902018926, 0.0027530512985225165, 0.005489855205068956, 0.007032873355000272, 0.003995167749483961
2014-03-04, 0.002665771812451934, 0.0027530512985225316, 0.005489855205068956, 0.0012787042463636858, 0.0011414764998525604
2014-03-04, 0.0032562132341849865, 0.0, 0.005489855205068956, 0.006393521231818429, 0.0011414764998525604
2014-02-02, 0.003716024154764592, 0.0027530512985225165, 0.005489855205068956, 0.0031967606159092146, 0.003424429499557681
2014-02-02, 0.005080481436568512, 0.005506102597045063, 0.010979710410137926, 0.0038361127390910575, 0.0
2014-02-02, 0.005080481436568512, 0.005506102597045063, 0.010979710410137926, 0.0038361127390910575, 0.0
2014-02-02, 0.005080481436568512, 0.005506102597045063, 0.010979710410137926, 0.0038361127390910575, 0.0
2014-02-02, 0.005080481436568512, 0.005506102597045063, 0.010979710410137926, 0.0038361127390910575, 0.0
2014-02-02, 0.005080481436568512, 0.005506102597045063, 0.010979710410137926, 0.0038361127390910575, 0.0
2014-02-02, 0.005080481436568512, 0.005506102597045063, 0.010979710410137926, 0.0038361127390910575, 0.0
2014-02-02, 0.005080481436568512, 0.005506102597045063, 0.010979710410137926, 0.0038361127390910575, 0.0
2014-02-02, 0.005080481436568512, 0.005506102597045063, 0.010979710410137926, 0.0038361127390910575, 0.0
2014-02-02, 0.005080481436568512, 0.005506102597045063, 0.010979710410137926, 0.0038361127390910575, 0.0
2014-02-02, 0.005080481436568512, 0.005506102597045063, 0.010979710410137926, 0.0038361127390910575, 0.0
2014-02-02, 0.003087539079484641, 0.0027530512985225165, 0.004117391403801713, 0.0031967606159092146, 0.0022829529997051208
2014-02-02, 0.00567415510185403, 0.00825915389556758, 0.004117391403801713, 0.005754169108636586, 0.0045659059994102415
2014-02-02, 0.0028490497319732834, 0.0027530512985225316, 0.0068623190063361985, 0.0006393521231818429, 0.0011414764998525604
2014-02-02, 0.0036825468225783684, 0.0027530512985225316, 0.0068623190063361985, 0.005114816985454743, 0.0
2014-01-03, 0.003447808498115346, 0.0027530512985225316, 0.005489855205068956, 0.0038361127390910575, 0.0017122147497788405
2014-01-03, 0.005344441596802774, 0.008259153895567594, 0.0068623190063361985, 0.005114816985454743, 0.0011414764998525604
2014-01-03, 0.005344441596802774, 0.008259153895567594, 0.0068623190063361985, 0.005114816985454743, 0.0011414764998525604
2014-01-03, 0.005344441596802774, 0.008259153895567594, 0.0068623190063361985, 0.005114816985454743, 0.0011414764998525604
2014-01-03, 0.005344441596802774, 0.008259153895567594, 0.0068623190063361985, 0.005114816985454743, 0.0011414764998525604
2014-01-03, 0.005344441596802774, 0.008259153895567594, 0.0068623190063361985, 0.005114816985454743, 0.0011414764998525604
2014-01-03, 0.005344441596802774, 0.008259153895567594, 0.0068623190063361985, 0.005114816985454743, 0.0011414764998525604
2014-01-03, 0.005344441596802774, 0.008259153895567594, 0.0068623190063361985, 0.005114816985454743, 0.0011414764998525604
2014-01-03, 0.005344441596802774, 0.008259153895567594, 0.0068623190063361985, 0.005114816985454743, 0.0011414764998525604
2014-01-03, 0.005344441596802774, 0.008259153895567594, 0.0068623190063361985, 0.005114816985454743, 0.0011414764998525604
2014-01-03, 0.005344441596802774, 0.008259153895567594, 0.0068623190063361985, 0.005114816985454743, 0.0011414764998525604
2014-01-03, 0.004515214308741899, 0.0027530512985225316, 0.005489855205068956, 0.006393521231818429, 0.003424429499557681
2014-01-03, 0.003933609010913728, 0.0027530512985225316, 0.0068623190063361985, 0.0038361127390910575, 0.0022829529997051208
2014-01-03, 0.005320690883131201, 0.0027530512985225316, 0.0068623190063361985, 0.007672225478182115, 0.003995167749483961
2014-01-03, 0.009508519129635313, 0.016518307791135174, 0.016469565615206898, 0.0044754648622729, 0.0005707382499262802
2013-12-04, 0.0021139071298908758, 0.0, 0.004117391403801728, 0.0031967606159092146, 0.0011414764998525604
2013-12-04, 0.00405030398117653, 0.005506102597045063, 0.005489855205068971, 0.0006393521231818429, 0.0045659059994102415
2013-12-04, 0.00405030398117653, 0.005506102597045063, 0.005489855205068971, 0.0006393521231818429, 0.0045659059994102415
2013-12-04, 0.00405030398117653, 0.005506102597045063, 0.005489855205068971, 0.0006393521231818429, 0.0045659059994102415
2013-12-04, 0.00405030398117653, 0.005506102597045063, 0.005489855205068971, 0.0006393521231818429, 0.0045659059994102415
2013-12-04, 0.00405030398117653, 0.005506102597045063, 0.005489855205068971, 0.0006393521231818429, 0.0045659059994102415
2013-12-04, 0.00405030398117653, 0.005506102597045063, 0.005489855205068971, 0.0006393521231818429, 0.0045659059994102415
2013-12-04, 0.00405030398117653, 0.005506102597045063, 0.005489855205068971, 0.0006393521231818429, 0.0045659059994102415
2013-12-04, 0.00405030398117653, 0.005506102597045063, 0.005489855205068971, 0.0006393521231818429, 0.0045659059994102415
2013-12-04, 0.00405030398117653, 0.005506102597045063, 0.005489855205068971, 0.0006393521231818429, 0.0045659059994102415
2013-12-04, 0.00405030398117653, 0.005506102597045063, 0.005489855205068971, 0.0006393521231818429, 0.0045659059994102415
2013-12-04, 0.001433961649669253, 0.0, 0.0027449276025344853, 0.0012787042463636858, 0.0017122147497788405
2013-12-04, 0.005329008227540215, 0.005506102597045063, 0.005489855205068971, 0.005754169108636586, 0.0045659059994102415
2013-12-04, 0.003306844034685108, 0.0, 0.004117391403801728, 0.005114816985454743, 0.003995167749483961
2013-12-04, 0.0024590540042046943, 0.0027530512985225165, 0.0027449276025344853, 0.0031967606159092146, 0.0011414764998525604
2013-11-04, 0.0012849906667756843, 0.0, 0.0013724638012672426, 0.0031967606159092146, 0.0005707382499262802
2013-11-04, 0.004617616339129376, 0.008259153895567594, 0.0027449276025344853, 0.005754169108636586, 0.0017122147497788405
2013-11-04, 0.004617616339129376, 0.008259153895567594, 0.0027449276025344853, 0.005754169108636586, 0.0017122147497788405
2013-11-04, 0.004617616339129376, 0.008259153895567594, 0.0027449276025344853, 0.005754169108636586, 0.0017122147497788405
2013-11-04, 0.004617616339129376, 0.008259153895567594, 0.0027449276025344853, 0.005754169108636586, 0.0017122147497788405
2013-11-04, 0.004617616339129376, 0.008259153895567594, 0.0027449276025344853, 0.005754169108636586, 0.0017122147497788405
2013-11-04, 0.004617616339129376, 0.008259153895567594, 0.0027449276025344853, 0.005754169108636586, 0.0017122147497788405
2013-11-04, 0.004617616339129376, 0.008259153895567594, 0.0027449276025344853, 0.005754169108636586, 0.0017122147497788405
2013-11-04, 0.004617616339129376, 0.008259153895567594, 0.0027449276025344853, 0.005754169108636586, 0.0017122147497788405
2013-11-04, 0.004617616339129376, 0.008259153895567594, 0.0027449276025344853, 0.005754169108636586, 0.0017122147497788405
2013-11-04, 0.004617616339129376, 0.008259153895567594, 0.0027449276025344853, 0.005754169108636586, 0.0017122147497788405
2013-11-04, 0.004382567189720672, 0.0027530512985225316, 0.0027449276025344853, 0.005754169108636586, 0.006278120749189082
2013-11-04, 0.002133091522201778, 0.0027530512985225316, 0.0013724638012672426, 0.0038361127390910575, 0.0005707382499262802
2013-11-04, 0.0035925239845939314, 0.005506102597045063, 0.0027449276025344853, 0.0038361127390910575, 0.0022829529997051208
2013-11-04, 0.0032900013913169006, 0.005506102597045063, 0.0027449276025344853, 0.0031967606159092146, 0.0017122147497788405
2013-10-05, 0.003867544841151046, 0.0, 0.0068623190063361985, 0.005754169108636586, 0.002853691249631401
2013-10-05, 0.0030005704183597337, 0.0, 0.00823478280760344, 0.0031967606159092146, 0.0005707382499262802
2013-10-05, 0.0030005704183597337, 0.0, 0.00823478280760344, 0.0031967606159092146, 0.0005707382499262802
2013-10-05, 0.0030005704183597337, 0.0, 0.00823478280760344, 0.0031967606159092146, 0.0005707382499262802
2013-10-05, 0.0030005704183597337, 0.0, 0.00823478280760344, 0.0031967606159092146, 0.0005707382499262802
2013-10-05, 0.0030005704183597337, 0.0, 0.00823478280760344, 0.0031967606159092146, 0.0005707382499262802
2013-10-05, 0.0030005704183597337, 0.0, 0.00823478280760344, 0.0031967606159092146, 0.0005707382499262802
2013-10-05, 0.0030005704183597337, 0.0, 0.00823478280760344, 0.0031967606159092146, 0.0005707382499262802
2013-10-05, 0.0030005704183597337, 0.0, 0.00823478280760344, 0.0031967606159092146, 0.0005707382499262802
2013-10-05, 0.0030005704183597337, 0.0, 0.00823478280760344, 0.0031967606159092146, 0.0005707382499262802
2013-10-05, 0.0030005704183597337, 0.0, 0.00823478280760344, 0.0031967606159092146, 0.0005707382499262802
2013-10-05, 0.004600967344182125, 0.005506102597045048, 0.010979710410137926, 0.0019180563695455287, 0.0
2013-10-05, 0.004694741205214909, 0.0027530512985225316, 0.010979710410137926, 0.0044754648622729, 0.0005707382499262802
2013-10-05, 0.005988049216399599, 0.005506102597045048, 0.010979710410137926, 0.005754169108636586, 0.0017122147497788405
2013-10-05, 0.008231534982322954, 0.013765256492612642, 0.015097101813939653, 0.0006393521231818429, 0.003424429499557681
2013-09-05, 0.007240438739469609, 0.005506102597045063, 0.016469565615206898, 0.0012787042463636858, 0.005707382499262789
2013-09-05, 0.007240438739469609, 0.005506102597045063, 0.016469565615206898, 0.0012787042463636858, 0.005707382499262789
2013-09-05, 0.007240438739469609, 0.005506102597045063, 0.016469565615206898, 0.0012787042463636858, 0.005707382499262789
2013-09-05, 0.007240438739469609, 0.005506102597045063, 0.016469565615206898, 0.0012787042463636858, 0.005707382499262789
2013-09-05, 0.007240438739469609, 0.005506102597045063, 0.016469565615206898, 0.0012787042463636858, 0.005707382499262789
2013-09-05, 0.007240438739469609, 0.005506102597045063, 0.016469565615206898, 0.0012787042463636858, 0.005707382499262789
2013-09-05, 0.007240438739469609, 0.005506102597045063, 0.016469565615206898, 0.0012787042463636858, 0.005707382499262789
2013-09-05, 0.007240438739469609, 0.005506102597045063, 0.016469565615206898, 0.0012787042463636858, 0.005707382499262789
2013-09-05, 0.007240438739469609, 0.005506102597045063, 0.016469565615206898, 0.0012787042463636858, 0.005707382499262789
2013-09-05, 0.007240438739469609, 0.005506102597045063, 0.016469565615206898, 0.0012787042463636858, 0.005707382499262789
2013-09-05, 0.007240438739469609, 0.005506102597045063, 0.016469565615206898, 0.0012787042463636858, 0.005707382499262789
2013-09-05, 0.0067912869122417, 0.013765256492612642, 0.010979710410137926, 0.0012787042463636858, 0.0011414764998525476
2013-09-05, 0.0070766560372048405, 0.013765256492612642, 0.010979710410137926, 0.0012787042463636858, 0.002282952999705108
2013-09-05, 0.006211401713464856, 0.011012205194090111, 0.010979710410137926, 0.0, 0.0028536912496313883
2013-09-05, 0.005781317102023138, 0.008259153895567594, 0.01372463801267241, 0.0, 0.0011414764998525476
2013-08-06, 0.011268518457604924, 0.011012205194090111, 0.010979710410137941, 0.0076722254781821, 0.015409932748009551
2013-08-06, 0.011528105944899482, 0.0027530512985225316, 0.013724638012672426, 0.010229633970909473, 0.0194051004974935
2013-08-06, 0.011528105944899482, 0.0027530512985225316, 0.013724638012672426, 0.010229633970909473, 0.0194051004974935
2013-08-06, 0.011528105944899482, 0.0027530512985225316, 0.013724638012672426, 0.010229633970909473, 0.0194051004974935
2013-08-06, 0.011528105944899482, 0.0027530512985225316, 0.013724638012672426, 0.010229633970909473, 0.0194051004974935
2013-08-06, 0.011528105944899482, 0.0027530512985225316, 0.013724638012672426, 0.010229633970909473, 0.0194051004974935
2013-08-06, 0.011528105944899482, 0.0027530512985225316, 0.013724638012672426, 0.010229633970909473, 0.0194051004974935
2013-08-06, 0.011528105944899482, 0.0027530512985225316, 0.013724638012672426, 0.010229633970909473, 0.0194051004974935
2013-08-06, 0.011528105944899482, 0.0027530512985225316, 0.013724638012672426, 0.010229633970909473, 0.0194051004974935
2013-08-06, 0.011528105944899482, 0.0027530512985225316, 0.013724638012672426, 0.010229633970909473, 0.0194051004974935
2013-08-06, 0.011528105944899482, 0.0027530512985225316, 0.013724638012672426, 0.010229633970909473, 0.0194051004974935
2013-08-06, 0.011737165502089416, 0.011012205194090111, 0.012352174211405184, 0.007032873355000258, 0.016551409247862112
2013-08-06, 0.011170489100157159, 0.016518307791135174, 0.006862319006336213, 0.007032873355000258, 0.014268456248156992
2013-08-06, 0.011832970287119205, 0.011012205194090111, 0.009607246608870698, 0.009590281847727629, 0.01712214749778838
2013-08-06, 0.010320357320734054, 0.011012205194090111, 0.009607246608870698, 0.006393521231818415, 0.014268456248156992
2013-07-07, 0.008078888172678492, 0.008259153895567594, 0.008234782807603456, 0.003836112739091043, 0.011985503248451872
2013-07-07, 0.010799560588174748, 0.005506102597045063, 0.010979710410137926, 0.009590281847727629, 0.01712214749778838
2013-07-07, 0.010799560588174748, 0.005506102597045063, 0.010979710410137926, 0.009590281847727629, 0.01712214749778838
2013-07-07, 0.010799560588174748, 0.005506102597045063, 0.010979710410137926, 0.009590281847727629, 0.01712214749778838
2013-07-07, 0.010799560588174748, 0.005506102597045063, 0.010979710410137926, 0.009590281847727629, 0.01712214749778838
2013-07-07, 0.010799560588174748, 0.005506102597045063, 0.010979710410137926, 0.009590281847727629, 0.01712214749778838
2013-07-07, 0.010799560588174748, 0.005506102597045063, 0.010979710410137926, 0.009590281847727629, 0.01712214749778838
2013-07-07, 0.010799560588174748, 0.005506102597045063, 0.010979710410137926, 0.009590281847727629, 0.01712214749778838
2013-07-07, 0.010799560588174748, 0.005506102597045063, 0.010979710410137926, 0.009590281847727629, 0.01712214749778838
2013-07-07, 0.010799560588174748, 0.005506102597045063, 0.010979710410137926, 0.009590281847727629, 0.01712214749778838
2013-07-07, 0.010799560588174748, 0.005506102597045063, 0.010979710410137926, 0.009590281847727629, 0.01712214749778838
2013-07-07, 0.008321943841550522, 0.011012205194090127, 0.008234782807603456, 0.0031967606159092003, 0.01084402674859931
2013-07-07, 0.013162809807349653, 0.008259153895567587, 0.016469565615206898, 0.010229633970909473, 0.01769288574771466
2013-07-07, 0.007090444503713522, 0.013765256492612642, 0.004117391403801728, 0.0019180563695455287, 0.00856107374889419
2013-07-07, 0.009913401773072535, 0.002753051298522524, 0.015097101813939653, 0.006393521231818415, 0.015409932748009551
2013-06-07, 0.010239792256545859, 0.02202441038818023, 0.004117391403801728, 0.005114816985454729, 0.00970255024874675
2013-06-07, 0.01050160431625839, 0.008259153895567587, 0.01372463801267241, 0.005754169108636572, 0.014268456248156992
2013-06-07, 0.01050160431625839, 0.008259153895567587, 0.01372463801267241, 0.005754169108636572, 0.014268456248156992
2013-06-07, 0.01050160431625839, 0.008259153895567587, 0.01372463801267241, 0.005754169108636572, 0.014268456248156992
2013-06-07, 0.01050160431625839, 0.008259153895567587, 0.01372463801267241, 0.005754169108636572, 0.014268456248156992
2013-06-07, 0.01050160431625839, 0.008259153895567587, 0.01372463801267241, 0.005754169108636572, 0.014268456248156992
2013-06-07, 0.01050160431625839, 0.008259153895567587, 0.01372463801267241, 0.005754169108636572, 0.014268456248156992
2013-06-07, 0.01050160431625839, 0.008259153895567587, 0.01372463801267241, 0.005754169108636572, 0.014268456248156992
2013-06-07, 0.01050160431625839, 0.008259153895567587, 0.01372463801267241, 0.005754169108636572, 0.014268456248156992
2013-06-07, 0.01050160431625839, 0.008259153895567587, 0.01372463801267241, 0.005754169108636572, 0.014268456248156992
2013-06-07, 0.01050160431625839, 0.008259153895567587, 0.01372463801267241, 0.005754169108636572, 0.014268456248156992
2013-06-07, 0.010504256890146769, 0.02202441038818023, 0.008234782807603456, 0.0031967606159092003, 0.00856107374889419
2013-06-07, 0.010823000476900636, 0.0055061025970450555, 0.012352174211405168, 0.008311577601363944, 0.01712214749778838
2013-06-07, 0.01035891975377682, 0.008259153895567587, 0.01372463801267241, 0.005754169108636572, 0.013697717998230712
2013-06-07, 0.010518757784572282, 0.008259153895567587, 0.01372463801267241, 0.006393521231818415, 0.013697717998230712
2013-05-08, 0.008431772721737231, 0.022024410388180236, 0.006862319006336213, 0.0025574084927273573, 0.0022829529997051208
2013-05-08, 0.0075650062534961034, 0.011012205194090111, 0.012352174211405168, 0.005754169108636572, 0.0011414764998525604
2013-05-08, 0.0075650062534961034, 0.011012205194090111, 0.012352174211405168, 0.005754169108636572, 0.0011414764998525604
2013-05-08, 0.0075650062534961034, 0.011012205194090111, 0.012352174211405168, 0.005754169108636572, 0.0011414764998525604
2013-05-08, 0.0075650062534961034, 0.011012205194090111, 0.012352174211405168, 0.005754169108636572, 0.0011414764998525604
2013-05-08, 0.0075650062534961034, 0.011012205194090111, 0.012352174211405168, 0.005754169108636572, 0.0011414764998525604
2013-05-08, 0.0075650062534961034, 0.011012205194090111, 0.012352174211405168, 0.005754169108636572, 0.0011414764998525604
2013-05-08, 0.0075650062534961034, 0.011012205194090111, 0.012352174211405168, 0.005754169108636572, 0.0011414764998525604
2013-05-08, 0.0075650062534961034, 0.011012205194090111, 0.012352174211405168, 0.005754169108636572, 0.0011414764998525604
2013-05-08, 0.0075650062534961034, 0.011012205194090111, 0.012352174211405168, 0.005754169108636572, 0.0011414764998525604
2013-05-08, 0.0075650062534961034, 0.011012205194090111, 0.012352174211405168, 0.005754169108636572, 0.0011414764998525604
2013-05-08, 0.0067766831474206915, 0.011012205194090111, 0.010979710410137926, 0.005114816985454729, 0.0
2013-05-08, 0.008252958253181054, 0.008259153895567587, 0.01372463801267241, 0.007032873355000258, 0.003995167749483961
2013-05-08, 0.009111407377013166, 0.016518307791135174, 0.009607246608870683, 0.005754169108636572, 0.0045659059994102285
2013-05-08, 0.007305107941255864, 0.013765256492612642, 0.010979710410137926, 0.004475464862272886, 0.0
2013-04-08, 0.0132491568185832, 0.0, 0.015097101813939653, 0.012787042463636844, 0.0251124829967563
2013-04-08, 0.013600590113309021, 0.0027530512985225316, 0.015097101813939653, 0.010868986094091315, 0.025683221246682583
2013-04-08, 0.013600590113309021, 0.0027530512985225316, 0.015097101813939653, 0.010868986094091315, 0.025683221246682583
2013-04-08, 0.013600590113309021, 0.0027530512985225316, 0.015097101813939653, 0.010868986094091315, 0.025683221246682583
2013-04-08, 0.013600590113309021, 0.0027530512985225316, 0.015097101813939653, 0.010868986094091315, 0.025683221246682583
2013-04-08, 0.013600590113309021, 0.0027530512985225316, 0.015097101813939653, 0.010868986094091315, 0.025683221246682583
2013-04-08, 0.013600590113309021, 0.0027530512985225316, 0.015097101813939653, 0.010868986094091315, 0.025683221246682583
2013-04-08, 0.013600590113309021, 0.0027530512985225316, 0.015097101813939653, 0.010868986094091315, 0.025683221246682583
2013-04-08, 0.013600590113309021, 0.0027530512985225316, 0.015097101813939653, 0.010868986094091315, 0.025683221246682583
2013-04-08, 0.013600590113309021, 0.0027530512985225316, 0.015097101813939653, 0.010868986094091315, 0.025683221246682583
2013-04-08, 0.013600590113309021, 0.0027530512985225316, 0.015097101813939653, 0.010868986094091315, 0.025683221246682583
2013-04-08, 0.01812412176645993, 0.008259153895567587, 0.019214493217741376, 0.015344450956364216, 0.029678388996166545
2013-04-08, 0.011856721000790781, 0.016518307791135174, 0.009607246608870683, 0.007032873355000272, 0.014268456248156992
2013-04-08, 0.011150993882900575, 0.008259153895567587, 0.010979710410137926, 0.007672225478182115, 0.017692885747714673
2013-04-08, 0.01611282462150672, 0.0027530512985225316, 0.016469565615206898, 0.017262507325909743, 0.027966174246387702
2013-03-09, 0.01333299610655114, 0.01376525649261265, 0.012352174211405168, 0.008950929724545786, 0.018263623997640952
2013-03-09, 0.01040092238492225, 0.0, 0.015097101813939653, 0.007672225478182115, 0.018834362247567234
2013-03-09, 0.01040092238492225, 0.0, 0.015097101813939653, 0.007672225478182115, 0.018834362247567234
2013-03-09, 0.01040092238492225, 0.0, 0.015097101813939653, 0.007672225478182115, 0.018834362247567234
2013-03-09, 0.01040092238492225, 0.0, 0.015097101813939653, 0.007672225478182115, 0.018834362247567234
2013-03-09, 0.01040092238492225, 0.0, 0.015097101813939653, 0.007672225478182115, 0.018834362247567234
2013-03-09, 0.01040092238492225, 0.0, 0.015097101813939653, 0.007672225478182115, 0.018834362247567234
2013-03-09, 0.01040092238492225, 0.0, 0.015097101813939653, 0.007672225478182115, 0.018834362247567234
2013-03-09, 0.01040092238492225, 0.0, 0.015097101813939653, 0.007672225478182115, 0.018834362247567234
2013-03-09, 0.01040092238492225, 0.0, 0.015097101813939653, 0.007672225478182115, 0.018834362247567234
2013-03-09, 0.01040092238492225, 0.0, 0.015097101813939653, 0.007672225478182115, 0.018834362247567234
2013-03-09, 0.014661709503523575, 0.0027530512985225316, 0.01372463801267241, 0.015344450956364216, 0.026824697746535144
2013-03-09, 0.011268207632659243, 0.005506102597045063, 0.012352174211405168, 0.008950929724545786, 0.018263623997640952
2013-03-09, 0.012616920720254908, 0.0, 0.017842029416474132, 0.011508338217273158, 0.021117315247272343
2013-03-09, 0.009981807691777915, 0.01376525649261265, 0.010979710410137926, 0.0031967606159092146, 0.011985503248451872
2013-02-07, 0.011832970287119205, 0.011012205194090118, 0.009607246608870683, 0.009590281847727629, 0.01712214749778839
2013-02-07, 0.01251229411744946, 0.0, 0.01372463801267241, 0.01406574671000053, 0.0222587917471249
2013-02-07, 0.01251229411744946, 0.0, 0.01372463801267241, 0.01406574671000053, 0.0222587917471249
2013-02-07, 0.01251229411744946, 0.0, 0.01372463801267241, 0.01406574671000053, 0.0222587917471249
2013-02-07, 0.01251229411744946, 0.0, 0.01372463801267241, 0.01406574671000053, 0.0222587917471249
2013-02-07, 0.01251229411744946, 0.0, 0.01372463801267241, 0.01406574671000053, 0.0222587917471249
2013-02-07, 0.01251229411744946, 0.0, 0.01372463801267241, 0.01406574671000053, 0.0222587917471249
2013-02-07, 0.01251229411744946, 0.0, 0.01372463801267241, 0.01406574671000053, 0.0222587917471249
2013-02-07, 0.01251229411744946, 0.0, 0.01372463801267241, 0.01406574671000053, 0.0222587917471249
2013-02-07, 0.01251229411744946, 0.0, 0.01372463801267241, 0.01406574671000053, 0.0222587917471249
2013-02-07, 0.01251229411744946, 0.0, 0.01372463801267241, 0.01406574671000053, 0.0222587917471249
2013-02-07, 0.011142987363437249, 0.011012205194090118, 0.010979710410137926, 0.008311577601363957, 0.014268456248156992
2013-02-07, 0.017719522273870334, 0.0055061025970450555, 0.015097101813939653, 0.021737972188182644, 0.028536912496313984
2013-02-07, 0.011756039069454632, 0.008259153895567587, 0.010979710410137926, 0.008950929724545786, 0.018834362247567234
2013-02-07, 0.012877129857440833, 0.002753051298522524, 0.01784202941647414, 0.011508338217273158, 0.019405100497493513
2013-01-08, 0.007993950435550592, 0.008259153895567594, 0.009607246608870683, 0.003836112739091043, 0.010273288498673042
2013-01-08, 0.011807188649450621, 0.002753051298522524, 0.012352174211405168, 0.012147690340455, 0.019975838747419792
2013-01-08, 0.011807188649450621, 0.002753051298522524, 0.012352174211405168, 0.012147690340455, 0.019975838747419792
2013-01-08, 0.011807188649450621, 0.002753051298522524, 0.012352174211405168, 0.012147690340455, 0.019975838747419792
2013-01-08, 0.011807188649450621, 0.002753051298522524, 0.012352174211405168, 0.012147690340455, 0.019975838747419792
2013-01-08, 0.011807188649450621, 0.002753051298522524, 0.012352174211405168, 0.012147690340455, 0.019975838747419792
2013-01-08, 0.011807188649450621, 0.002753051298522524, 0.012352174211405168, 0.012147690340455, 0.019975838747419792
2013-01-08, 0.011807188649450621, 0.002753051298522524, 0.012352174211405168, 0.012147690340455, 0.019975838747419792
2013-01-08, 0.011807188649450621, 0.002753051298522524, 0.012352174211405168, 0.012147690340455, 0.019975838747419792
2013-01-08, 0.011807188649450621, 0.002753051298522524, 0.012352174211405168, 0.012147690340455, 0.019975838747419792
2013-01-08, 0.011807188649450621, 0.002753051298522524, 0.012352174211405168, 0.012147690340455, 0.019975838747419792
2013-01-08, 0.00787470576179491, 0.008259153895567594, 0.010979710410137926, 0.0025574084927273573, 0.009702550248746764
2013-01-08, 0.015808892754124042, 0.011012205194090111, 0.016469565615206898, 0.01406574671000053, 0.021688053497198635
2013-01-08, 0.01360801696310826, 0.008259153895567587, 0.016469565615206898, 0.010868986094091315, 0.018834362247567234
2013-01-08, 0.008313315672195825, 0.0027530512985225316, 0.010979710410137926, 0.006393521231818415, 0.013126979748304431
2012-12-09, 0.008200979068743517, 0.013765256492612642, 0.010979710410137941, 0.0006393521231818429, 0.007419597249041642
2012-12-09, 0.010476133503535495, 0.005506102597045063, 0.015097101813939653, 0.007032873355000272, 0.014268456248156992
2012-12-09, 0.010476133503535495, 0.005506102597045063, 0.015097101813939653, 0.007032873355000272, 0.014268456248156992
2012-12-09, 0.010476133503535495, 0.005506102597045063, 0.015097101813939653, 0.007032873355000272, 0.014268456248156992
2012-12-09, 0.010476133503535495, 0.005506102597045063, 0.015097101813939653, 0.007032873355000272, 0.014268456248156992
2012-12-09, 0.010476133503535495, 0.005506102597045063, 0.015097101813939653, 0.007032873355000272, 0.014268456248156992
2012-12-09, 0.010476133503535495, 0.005506102597045063, 0.015097101813939653, 0.007032873355000272, 0.014268456248156992
2012-12-09, 0.010476133503535495, 0.005506102597045063, 0.015097101813939653, 0.007032873355000272, 0.014268456248156992
2012-12-09, 0.010476133503535495, 0.005506102597045063, 0.015097101813939653, 0.007032873355000272, 0.014268456248156992
2012-12-09, 0.010476133503535495, 0.005506102597045063, 0.015097101813939653, 0.007032873355000272, 0.014268456248156992
2012-12-09, 0.010476133503535495, 0.005506102597045063, 0.015097101813939653, 0.007032873355000272, 0.014268456248156992
2012-12-09, 0.008584688376100108, 0.013765256492612642, 0.013724638012672426, 0.0, 0.006848858999115362
2012-12-09, 0.00888924189337415, 0.016518307791135174, 0.010979710410137941, 0.0006393521231818429, 0.007419597249041642
2012-12-09, 0.013886788842713719, 0.0027530512985225316, 0.016469565615206898, 0.01406574671000053, 0.022258791747124914
2012-12-09, 0.012131120207456537, 0.0, 0.016469565615206898, 0.011508338217273172, 0.020546576997346074
2012-11-09, 0.008355360283568529, 0.013765256492612642, 0.010979710410137941, 0.006393521231818415, 0.0022829529997051208
2012-11-09, 0.007645052538188429, 0.005506102597045063, 0.015097101813939653, 0.0025574084927273717, 0.007419597249041629
2012-11-09, 0.007645052538188429, 0.005506102597045063, 0.015097101813939653, 0.0025574084927273717, 0.007419597249041629
2012-11-09, 0.007645052538188429, 0.005506102597045063, 0.015097101813939653, 0.0025574084927273717, 0.007419597249041629
2012-11-09, 0.007645052538188429, 0.005506102597045063, 0.015097101813939653, 0.0025574084927273717, 0.007419597249041629
2012-11-09, 0.007645052538188429, 0.005506102597045063, 0.015097101813939653, 0.0025574084927273717, 0.007419597249041629
2012-11-09, 0.007645052538188429, 0.005506102597045063, 0.015097101813939653, 0.0025574084927273717, 0.007419597249041629
2012-11-09, 0.007645052538188429, 0.005506102597045063, 0.015097101813939653, 0.0025574084927273717, 0.007419597249041629
2012-11-09, 0.007645052538188429, 0.005506102597045063, 0.015097101813939653, 0.0025574084927273717, 0.007419597249041629
2012-11-09, 0.007645052538188429, 0.005506102597045063, 0.015097101813939653, 0.0025574084927273717, 0.007419597249041629
2012-11-09, 0.007645052538188429, 0.005506102597045063, 0.015097101813939653, 0.0025574084927273717, 0.007419597249041629
2012-11-09, 0.007310253932280629, 0.00825915389556758, 0.012352174211405184, 0.0006393521231818429, 0.00799033549896791
2012-11-09, 0.006654577945226453, 0.00825915389556758, 0.013724638012672426, 0.0006393521231818429, 0.003995167749483961
2012-11-09, 0.010348571485370803, 0.0027530512985225316, 0.01784202941647414, 0.007672225478182115, 0.013126979748304431
2012-11-09, 0.009799670201643806, 0.019271359089657707, 0.009607246608870698, 0.005754169108636572, 0.0045659059994102415
2012-10-10, 0.003749812311896507, 0.00825915389556758, 0.0027449276025344853, 0.0, 0.003995167749483961
2012-10-10, 0.004537824593026235, 0.0027530512985225316, 0.005489855205068971, 0.0019180563695455287, 0.00799033549896791
2012-10-10, 0.004537824593026235, 0.0027530512985225316, 0.005489855205068971, 0.0019180563695455287, 0.00799033549896791
2012-10-10, 0.004537824593026235, 0.0027530512985225316, 0.005489855205068971, 0.0019180563695455287, 0.00799033549896791
2012-10-10, 0.004537824593026235, 0.0027530512985225316, 0.005489855205068971, 0.0019180563695455287, 0.00799033549896791
2012-10-10, 0.004537824593026235, 0.0027530512985225316, 0.005489855205068971, 0.0019180563695455287, 0.00799033549896791
2012-10-10, 0.004537824593026235, 0.0027530512985225316, 0.005489855205068971, 0.0019180563695455287, 0.00799033549896791
2012-10-10, 0.004537824593026235, 0.0027530512985225316, 0.005489855205068971, 0.0019180563695455287, 0.00799033549896791
2012-10-10, 0.004537824593026235, 0.0027530512985225316, 0.005489855205068971, 0.0019180563695455287, 0.00799033549896791
2012-10-10, 0.004537824593026235, 0.0027530512985225316, 0.005489855205068971, 0.0019180563695455287, 0.00799033549896791
2012-10-10, 0.004537824593026235, 0.0027530512985225316, 0.005489855205068971, 0.0019180563695455287, 0.00799033549896791
2012-10-10, 0.0031130098922075456, 0.005506102597045048, 0.0027449276025344853, 0.0019180563695455287, 0.0022829529997051208
2012-10-10, 0.004395450855490345, 0.00825915389556758, 0.004117391403801728, 0.0006393521231818429, 0.0045659059994102285
2012-10-10, 0.009719581936724207, 0.005506102597045063, 0.00823478280760344, 0.010868986094091329, 0.014268456248156992
2012-10-10, 0.004945609745129301, 0.011012205194090111, 0.0013724638012672426, 0.005114816985454729, 0.0022829529997051208
2012-09-10, 0.003078702955579764, 0.005506102597045048, 0.0027449276025344853, 0.0006393521231818429, 0.003424429499557681
2012-09-10, 0.005449143395905663, 0.0027530512985225165, 0.0013724638012672426, 0.005114816985454743, 0.01255624149837815
2012-09-10, 0.005449143395905663, 0.0027530512985225165, 0.0013724638012672426, 0.005114816985454743, 0.01255624149837815
2012-09-10, 0.005449143395905663, 0.0027530512985225165, 0.0013724638012672426, 0.005114816985454743, 0.01255624149837815
2012-09-10, 0.005449143395905663, 0.0027530512985225165, 0.0013724638012672426, 0.005114816985454743, 0.01255624149837815
2012-09-10, 0.005449143395905663, 0.0027530512985225165, 0.0013724638012672426, 0.005114816985454743, 0.01255624149837815
2012-09-10, 0.005449143395905663, 0.0027530512985225165, 0.0013724638012672426, 0.005114816985454743, 0.01255624149837815
2012-09-10, 0.005449143395905663, 0.0027530512985225165, 0.0013724638012672426, 0.005114816985454743, 0.01255624149837815
2012-09-10, 0.005449143395905663, 0.0027530512985225165, 0.0013724638012672426, 0.005114816985454743, 0.01255624149837815
2012-09-10, 0.005449143395905663, 0.0027530512985225165, 0.0013724638012672426, 0.005114816985454743, 0.01255624149837815
2012-09-10, 0.005449143395905663, 0.0027530512985225165, 0.0013724638012672426, 0.005114816985454743, 0.01255624149837815
2012-09-10, 0.005875476984299046, 0.005506102597045048, 0.0027449276025344853, 0.0038361127390910575, 0.011414764998525591
2012-09-10, 0.004416355346852576, 0.00825915389556758, 0.0, 0.0025574084927273717, 0.00684885899911535
2012-09-10, 0.005151497948934987, 0.011012205194090111, 0.0027449276025344853, 0.0, 0.00684885899911535
2012-09-10, 0.003264011799098126, 0.00825915389556758, 0.0013724638012672426, 0.0, 0.003424429499557681
2012-08-11, 0.005321892202686659, 0.005506102597045063, 0.0027449276025344853, 0.0044754648622729, 0.00856107374889419
2012-08-11, 0.0033214477995061136, 0.0027530512985225316, 0.004117391403801728, 0.0012787042463636858, 0.005136644249336509
2012-08-11, 0.0033214477995061136, 0.0027530512985225316, 0.004117391403801728, 0.0012787042463636858, 0.005136644249336509
2012-08-11, 0.0033214477995061136, 0.0027530512985225316, 0.004117391403801728, 0.0012787042463636858, 0.005136644249336509
2012-08-11, 0.0033214477995061136, 0.0027530512985225316, 0.004117391403801728, 0.0012787042463636858, 0.005136644249336509
2012-08-11, 0.0033214477995061136, 0.0027530512985225316, 0.004117391403801728, 0.0012787042463636858, 0.005136644249336509
2012-08-11, 0.0033214477995061136, 0.0027530512985225316, 0.004117391403801728, 0.0012787042463636858, 0.005136644249336509
2012-08-11, 0.0033214477995061136, 0.0027530512985225316, 0.004117391403801728, 0.0012787042463636858, 0.005136644249336509
2012-08-11, 0.0033214477995061136, 0.0027530512985225316, 0.004117391403801728, 0.0012787042463636858, 0.005136644249336509
2012-08-11, 0.0033214477995061136, 0.0027530512985225316, 0.004117391403801728, 0.0012787042463636858, 0.005136644249336509
2012-08-11, 0.0033214477995061136, 0.0027530512985225316, 0.004117391403801728, 0.0012787042463636858, 0.005136644249336509
2012-08-11, 0.004823193717989372, 0.0027530512985225165, 0.005489855205068971, 0.0019180563695455287, 0.009131811998820471
2012-08-11, 0.005828286381901587, 0.0, 0.0013724638012672426, 0.007672225478182115, 0.014268456248156992
2012-08-11, 0.0038376105774629754, 0.011012205194090127, 0.0, 0.0031967606159092146, 0.0011414764998525604
2012-08-11, 0.010217139992034246, 0.0027530512985225165, 0.005489855205068971, 0.011508338217273158, 0.021117315247272343
2012-07-12, 0.012069117885687871, 0.0027530512985225316, 0.010979710410137926, 0.013426394586818687, 0.021117315247272343
2012-07-12, 0.012069117885687871, 0.0027530512985225316, 0.010979710410137926, 0.013426394586818687, 0.021117315247272343
2012-07-12, 0.012069117885687871, 0.0027530512985225316, 0.010979710410137926, 0.013426394586818687, 0.021117315247272343
2012-07-12, 0.012069117885687871, 0.0027530512985225316, 0.010979710410137926, 0.013426394586818687, 0.021117315247272343
2012-07-12, 0.012069117885687871, 0.0027530512985225316, 0.010979710410137926, 0.013426394586818687, 0.021117315247272343
2012-07-12, 0.012069117885687871, 0.0027530512985225316, 0.010979710410137926, 0.013426394586818687, 0.021117315247272343
2012-07-12, 0.012069117885687871, 0.0027530512985225316, 0.010979710410137926, 0.013426394586818687, 0.021117315247272343
2012-07-12, 0.012069117885687871, 0.0027530512985225316, 0.010979710410137926, 0.013426394586818687, 0.021117315247272343
2012-07-12, 0.012069117885687871, 0.0027530512985225316, 0.010979710410137926, 0.013426394586818687, 0.021117315247272343
2012-07-12, 0.012069117885687871, 0.0027530512985225316, 0.010979710410137926, 0.013426394586818687, 0.021117315247272343
2012-07-12, 0.012069117885687871, 0.0027530512985225316, 0.010979710410137926, 0.013426394586818687, 0.021117315247272343
2012-07-12, 0.0087505163084911, 0.005506102597045048, 0.010979710410137926, 0.007672225478182115, 0.01084402674859931
2012-07-12, 0.00813918470152504, 0.005506102597045048, 0.009607246608870683, 0.008311577601363957, 0.009131811998820471
2012-07-12, 0.006164521936013081, 0.011012205194090111, 0.00823478280760344, 0.0025574084927273717, 0.002853691249631401
2012-07-12, 0.017597742202750996, 0.005506102597045063, 0.010979710410137926, 0.023656028557728172, 0.030249127246092824
2012-06-12, 0.005955462378823151, 0.0027530512985225316, 0.009607246608870698, 0.005754169108636586, 0.005707382499262789
2012-06-12, 0.01539514631268388, 0.005506102597045063, 0.012352174211405168, 0.019180563695455274, 0.024541744746830022
2012-06-12, 0.01539514631268388, 0.005506102597045063, 0.012352174211405168, 0.019180563695455274, 0.024541744746830022
2012-06-12, 0.01539514631268388, 0.005506102597045063, 0.012352174211405168, 0.019180563695455274, 0.024541744746830022
2012-06-12, 0.01539514631268388, 0.005506102597045063, 0.012352174211405168, 0.019180563695455274, 0.024541744746830022
2012-06-12, 0.01539514631268388, 0.005506102597045063, 0.012352174211405168, 0.019180563695455274, 0.024541744746830022
2012-06-12, 0.01539514631268388, 0.005506102597045063, 0.012352174211405168, 0.019180563695455274, 0.024541744746830022
2012-06-12, 0.01539514631268388, 0.005506102597045063, 0.012352174211405168, 0.019180563695455274, 0.024541744746830022
2012-06-12, 0.01539514631268388, 0.005506102597045063, 0.012352174211405168, 0.019180563695455274, 0.024541744746830022
2012-06-12, 0.01539514631268388, 0.005506102597045063, 0.012352174211405168, 0.019180563695455274, 0.024541744746830022
2012-06-12, 0.01539514631268388, 0.005506102597045063, 0.012352174211405168, 0.019180563695455274, 0.024541744746830022
2012-06-12, 0.005712406709951119, 0.0, 0.009607246608870698, 0.006393521231818429, 0.00684885899911535
2012-06-12, 0.02306974581771846, 0.016518307791135174, 0.015097101813939653, 0.028131493420001073, 0.03253208024579794
2012-06-12, 0.009715830913675866, 0.005506102597045063, 0.012352174211405168, 0.009590281847727644, 0.011414764998525591
2012-06-12, 0.017080480975634173, 0.011012205194090111, 0.01372463801267241, 0.017901859449091586, 0.025683221246682583
2012-05-13, 0.0059998067589112705, 0.0027530512985225316, 0.006862319006336213, 0.006393521231818429, 0.00799033549896791
2012-05-13, 0.014683754424273042, 0.008259153895567594, 0.009607246608870683, 0.019180563695455274, 0.02168805349719862
2012-05-13, 0.014683754424273042, 0.008259153895567594, 0.009607246608870683, 0.019180563695455274, 0.02168805349719862
2012-05-13, 0.014683754424273042, 0.008259153895567594, 0.009607246608870683, 0.019180563695455274, 0.02168805349719862
2012-05-13, 0.014683754424273042, 0.008259153895567594, 0.009607246608870683, 0.019180563695455274, 0.02168805349719862
2012-05-13, 0.014683754424273042, 0.008259153895567594, 0.009607246608870683, 0.019180563695455274, 0.02168805349719862
2012-05-13, 0.014683754424273042, 0.008259153895567594, 0.009607246608870683, 0.019180563695455274, 0.02168805349719862
2012-05-13, 0.014683754424273042, 0.008259153895567594, 0.009607246608870683, 0.019180563695455274, 0.02168805349719862
2012-05-13, 0.014683754424273042, 0.008259153895567594, 0.009607246608870683, 0.019180563695455274, 0.02168805349719862
2012-05-13, 0.014683754424273042, 0.008259153895567594, 0.009607246608870683, 0.019180563695455274, 0.02168805349719862
2012-05-13, 0.014683754424273042, 0.008259153895567594, 0.009607246608870683, 0.019180563695455274, 0.02168805349719862
2012-05-13, 0.006016960227225161, 0.0027530512985225316, 0.006862319006336213, 0.007032873355000272, 0.007419597249041629
2012-05-13, 0.022930812278285223, 0.016518307791135174, 0.010979710410137926, 0.029410197666364744, 0.03481503324550305
2012-05-13, 0.009904579955296887, 0.0027530512985225316, 0.008234782807603456, 0.011508338217273172, 0.01712214749778839
2012-05-13, 0.017619772817371235, 0.013765256492612642, 0.012352174211405168, 0.019819915818637117, 0.024541744746830022
2012-04-13, 0.010643992359923502, 0.0, 0.009607246608870683, 0.014705098833182372, 0.018263623997640952
2012-04-13, 0.01673279870395669, 0.008259153895567594, 0.009607246608870683, 0.021098620065000788, 0.027966174246387702
2012-04-13, 0.01673279870395669, 0.008259153895567594, 0.009607246608870683, 0.021098620065000788, 0.027966174246387702
2012-04-13, 0.01673279870395669, 0.008259153895567594, 0.009607246608870683, 0.021098620065000788, 0.027966174246387702
2012-04-13, 0.01673279870395669, 0.008259153895567594, 0.009607246608870683, 0.021098620065000788, 0.027966174246387702
2012-04-13, 0.01673279870395669, 0.008259153895567594, 0.009607246608870683, 0.021098620065000788, 0.027966174246387702
2012-04-13, 0.01673279870395669, 0.008259153895567594, 0.009607246608870683, 0.021098620065000788, 0.027966174246387702
2012-04-13, 0.01673279870395669, 0.008259153895567594, 0.009607246608870683, 0.021098620065000788, 0.027966174246387702
2012-04-13, 0.01673279870395669, 0.008259153895567594, 0.009607246608870683, 0.021098620065000788, 0.027966174246387702
2012-04-13, 0.01673279870395669, 0.008259153895567594, 0.009607246608870683, 0.021098620065000788, 0.027966174246387702
2012-04-13, 0.01673279870395669, 0.008259153895567594, 0.009607246608870683, 0.021098620065000788, 0.027966174246387702
2012-04-13, 0.010207102548573915, 0.0027530512985225316, 0.008234782807603456, 0.012147690340455, 0.017692885747714673
2012-04-13, 0.021852553725886008, 0.013765256492612642, 0.006862319006336213, 0.03196760615909212, 0.034815033245503064
2012-04-13, 0.014406391818773227, 0.005506102597045063, 0.009607246608870683, 0.018541211572273415, 0.023971006496903754
2012-04-13, 0.020663872317506764, 0.011012205194090127, 0.010979710410137926, 0.02813149342000106, 0.03253208024579794
2012-03-14, 0.010620552471197618, 0.0, 0.008234782807603456, 0.01598380307954606, 0.018263623997640952
2012-03-14, 0.015356583879641117, 0.008259153895567594, 0.008234782807603456, 0.019819915818637103, 0.025112482996756315
2012-03-14, 0.015356583879641117, 0.008259153895567594, 0.008234782807603456, 0.019819915818637103, 0.025112482996756315
2012-03-14, 0.015356583879641117, 0.008259153895567594, 0.008234782807603456, 0.019819915818637103, 0.025112482996756315
2012-03-14, 0.015356583879641117, 0.008259153895567594, 0.008234782807603456, 0.019819915818637103, 0.025112482996756315
2012-03-14, 0.015356583879641117, 0.008259153895567594, 0.008234782807603456, 0.019819915818637103, 0.025112482996756315
2012-03-14, 0.015356583879641117, 0.008259153895567594, 0.008234782807603456, 0.019819915818637103, 0.025112482996756315
2012-03-14, 0.015356583879641117, 0.008259153895567594, 0.008234782807603456, 0.019819915818637103, 0.025112482996756315
2012-03-14, 0.015356583879641117, 0.008259153895567594, 0.008234782807603456, 0.019819915818637103, 0.025112482996756315
2012-03-14, 0.015356583879641117, 0.008259153895567594, 0.008234782807603456, 0.019819915818637103, 0.025112482996756315
2012-03-14, 0.015356583879641117, 0.008259153895567594, 0.008234782807603456, 0.019819915818637103, 0.025112482996756315
2012-03-14, 0.009738455504089426, 0.0027530512985225316, 0.006862319006336213, 0.012787042463636844, 0.016551409247862112
2012-03-14, 0.025263505583880692, 0.019271359089657707, 0.012352174211405168, 0.03004954978954659, 0.03938093924491331
2012-03-14, 0.014261171858928001, 0.005506102597045063, 0.004117391403801728, 0.02173797218818263, 0.025683221246682583
2012-03-14, 0.021371008709502613, 0.011012205194090127, 0.009607246608870683, 0.03004954978954659, 0.034815033245503064
2012-02-13, 0.00802084482850836, 0.0, 0.0027449276025344853, 0.012787042463636844, 0.016551409247862112
2012-02-13, 0.013839404591895293, 0.005506102597045063, 0.005489855205068971, 0.019819915818637117, 0.024541744746830022
2012-02-13, 0.013839404591895293, 0.005506102597045063, 0.005489855205068971, 0.019819915818637117, 0.024541744746830022
2012-02-13, 0.013839404591895293, 0.005506102597045063, 0.005489855205068971, 0.019819915818637117, 0.024541744746830022
2012-02-13, 0.013839404591895293, 0.005506102597045063, 0.005489855205068971, 0.019819915818637117, 0.024541744746830022
2012-02-13, 0.013839404591895293, 0.005506102597045063, 0.005489855205068971, 0.019819915818637117, 0.024541744746830022
2012-02-13, 0.013839404591895293, 0.005506102597045063, 0.005489855205068971, 0.019819915818637117, 0.024541744746830022
2012-02-13, 0.013839404591895293, 0.005506102597045063, 0.005489855205068971, 0.019819915818637117, 0.024541744746830022
2012-02-13, 0.013839404591895293, 0.005506102597045063, 0.005489855205068971, 0.019819915818637117, 0.024541744746830022
2012-02-13, 0.013839404591895293, 0.005506102597045063, 0.005489855205068971, 0.019819915818637117, 0.024541744746830022
2012-02-13, 0.013839404591895293, 0.005506102597045063, 0.005489855205068971, 0.019819915818637117, 0.024541744746830022
2012-02-13, 0.006693540705641572, 0.0027530512985225316, 0.0013724638012672426, 0.0089509297245458, 0.013697717998230712
2012-02-13, 0.009925484446659114, 0.0027530512985225316, 0.004117391403801728, 0.013426394586818687, 0.019405100497493513
2012-02-13, 0.009646401742107978, 0.0027530512985225316, 0.005489855205068971, 0.011508338217273172, 0.018834362247567234
2012-02-13, 0.011159014708493124, 0.0027530512985225316, 0.005489855205068971, 0.014705098833182372, 0.02168805349719862
2012-01-14, 0.005217770073247854, 0.0027530512985225316, 0.0068623190063361985, 0.0038361127390910575, 0.007419597249041629
2012-01-14, 0.012735971745589627, 0.008259153895567594, 0.0068623190063361985, 0.014705098833182372, 0.021117315247272343
2012-01-14, 0.012735971745589627, 0.008259153895567594, 0.0068623190063361985, 0.014705098833182372, 0.021117315247272343
2012-01-14, 0.012735971745589627, 0.008259153895567594, 0.0068623190063361985, 0.014705098833182372, 0.021117315247272343
2012-01-14, 0.012735971745589627, 0.008259153895567594, 0.0068623190063361985, 0.014705098833182372, 0.021117315247272343
2012-01-14, 0.012735971745589627, 0.008259153895567594, 0.0068623190063361985, 0.014705098833182372, 0.021117315247272343
2012-01-14, 0.012735971745589627, 0.008259153895567594, 0.0068623190063361985, 0.014705098833182372, 0.021117315247272343
2012-01-14, 0.012735971745589627, 0.008259153895567594, 0.0068623190063361985, 0.014705098833182372, 0.021117315247272343
2012-01-14, 0.012735971745589627, 0.008259153895567594, 0.0068623190063361985, 0.014705098833182372, 0.021117315247272343
2012-01-14, 0.012735971745589627, 0.008259153895567594, 0.0068623190063361985, 0.014705098833182372, 0.021117315247272343
2012-01-14, 0.012735971745589627, 0.008259153895567594, 0.0068623190063361985, 0.014705098833182372, 0.021117315247272343
2012-01-14, 0.0063466737322764215, 0.0027530512985225316, 0.004117391403801728, 0.007672225478182115, 0.01084402674859931
2012-01-14, 0.021910286245110454, 0.016518307791135174, 0.01372463801267241, 0.024295380680910018, 0.033102818495724225
2012-01-14, 0.00982339324121732, 0.0027530512985225316, 0.005489855205068956, 0.012787042463636844, 0.018263623997640952
2012-01-14, 0.01551215210789236, 0.013765256492612642, 0.009607246608870683, 0.014705098833182372, 0.023971006496903743
2011-12-15, 0.007015752164596148, 0.0027530512985225316, 0.006862319006336213, 0.007032873355000258, 0.011414764998525591
2011-12-15, 0.012439424747778916, 0.0027530512985225316, 0.009607246608870698, 0.013426394586818687, 0.023971006496903754
2011-12-15, 0.012439424747778916, 0.0027530512985225316, 0.009607246608870698, 0.013426394586818687, 0.023971006496903754
2011-12-15, 0.012439424747778916, 0.0027530512985225316, 0.009607246608870698, 0.013426394586818687, 0.023971006496903754
2011-12-15, 0.012439424747778916, 0.0027530512985225316, 0.009607246608870698, 0.013426394586818687, 0.023971006496903754
2011-12-15, 0.012439424747778916, 0.0027530512985225316, 0.009607246608870698, 0.013426394586818687, 0.023971006496903754
2011-12-15, 0.012439424747778916, 0.0027530512985225316, 0.009607246608870698, 0.013426394586818687, 0.023971006496903754
2011-12-15, 0.012439424747778916, 0.0027530512985225316, 0.009607246608870698, 0.013426394586818687, 0.023971006496903754
2011-12-15, 0.012439424747778916, 0.0027530512985225316, 0.009607246608870698, 0.013426394586818687, 0.023971006496903754
2011-12-15, 0.012439424747778916, 0.0027530512985225316, 0.009607246608870698, 0.013426394586818687, 0.023971006496903754
2011-12-15, 0.012439424747778916, 0.0027530512985225316, 0.009607246608870698, 0.013426394586818687, 0.023971006496903754
2011-12-15, 0.006327489339965516, 0.0, 0.006862319006336213, 0.007032873355000258, 0.011414764998525591
2011-12-15, 0.02026014901339772, 0.008259153895567594, 0.009607246608870698, 0.024934732804091846, 0.038239462745060744
2011-12-15, 0.009359001693147823, 0.0, 0.008234782807603456, 0.011508338217273158, 0.017692885747714673
2011-12-15, 0.01531567969765565, 0.0027530512985225316, 0.008234782807603456, 0.02173797218818263, 0.028536912496313984
2011-11-15, 0.006376400041414305, 0.0027530512985225316, 0.006862319006336213, 0.004475464862272886, 0.011414764998525591
2011-11-15, 0.01273566092064395, 0.0027530512985225316, 0.008234782807603456, 0.01598380307954606, 0.023971006496903754
2011-11-15, 0.01273566092064395, 0.0027530512985225316, 0.008234782807603456, 0.01598380307954606, 0.023971006496903754
2011-11-15, 0.01273566092064395, 0.0027530512985225316, 0.008234782807603456, 0.01598380307954606, 0.023971006496903754
2011-11-15, 0.01273566092064395, 0.0027530512985225316, 0.008234782807603456, 0.01598380307954606, 0.023971006496903754
2011-11-15, 0.01273566092064395, 0.0027530512985225316, 0.008234782807603456, 0.01598380307954606, 0.023971006496903754
2011-11-15, 0.01273566092064395, 0.0027530512985225316, 0.008234782807603456, 0.01598380307954606, 0.023971006496903754
2011-11-15, 0.01273566092064395, 0.0027530512985225316, 0.008234782807603456, 0.01598380307954606, 0.023971006496903754
2011-11-15, 0.01273566092064395, 0.0027530512985225316, 0.008234782807603456, 0.01598380307954606, 0.023971006496903754
2011-11-15, 0.01273566092064395, 0.0027530512985225316, 0.008234782807603456, 0.01598380307954606, 0.023971006496903754
2011-11-15, 0.01273566092064395, 0.0027530512985225316, 0.008234782807603456, 0.01598380307954606, 0.023971006496903754
2011-11-15, 0.0061676513091700556, 0.0, 0.006862319006336213, 0.006393521231818415, 0.011414764998525591
2011-11-15, 0.018781842983640343, 0.00825915389556758, 0.009607246608870698, 0.023016676434546315, 0.03424429499557678
2011-11-15, 0.011116390427456335, 0.0, 0.006862319006336213, 0.015344450956364216, 0.022258791747124914
2011-11-15, 0.015060347706776082, 0.00825915389556758, 0.009607246608870698, 0.01726250732590973, 0.025112482996756315
2011-10-16, 0.007419536358873412, 0.0027530512985225316, 0.004117391403801728, 0.005114816985454729, 0.01769288574771466
2011-10-16, 0.013451114657048808, 0.005506102597045063, 0.005489855205068971, 0.01598380307954606, 0.026824697746535144
2011-10-16, 0.013451114657048808, 0.005506102597045063, 0.005489855205068971, 0.01598380307954606, 0.026824697746535144
2011-10-16, 0.013451114657048808, 0.005506102597045063, 0.005489855205068971, 0.01598380307954606, 0.026824697746535144
2011-10-16, 0.013451114657048808, 0.005506102597045063, 0.005489855205068971, 0.01598380307954606, 0.026824697746535144
2011-10-16, 0.013451114657048808, 0.005506102597045063, 0.005489855205068971, 0.01598380307954606, 0.026824697746535144
2011-10-16, 0.013451114657048808, 0.005506102597045063, 0.005489855205068971, 0.01598380307954606, 0.026824697746535144
2011-10-16, 0.013451114657048808, 0.005506102597045063, 0.005489855205068971, 0.01598380307954606, 0.026824697746535144
2011-10-16, 0.013451114657048808, 0.005506102597045063, 0.005489855205068971, 0.01598380307954606, 0.026824697746535144
2011-10-16, 0.013451114657048808, 0.005506102597045063, 0.005489855205068971, 0.01598380307954606, 0.026824697746535144
2011-10-16, 0.013451114657048808, 0.005506102597045063, 0.005489855205068971, 0.01598380307954606, 0.026824697746535144
2011-10-16, 0.007477283184227083, 0.0027530512985225316, 0.005489855205068971, 0.005114816985454729, 0.0165514092478621
2011-10-16, 0.016943267535252268, 0.00825915389556758, 0.008234782807603456, 0.020459267941818945, 0.030819865496019092
2011-10-16, 0.009492850131724507, 0.0027530512985225316, 0.006862319006336213, 0.008950929724545786, 0.0194051004974935
2011-10-16, 0.01688724080894993, 0.005506102597045063, 0.005489855205068971, 0.02173797218818263, 0.03481503324550305
2011-09-16, 0.004886411665442713, 0.0, 0.0013724638012672426, 0.0044754648622729, 0.013697717998230712
2011-09-16, 0.011227109802252822, 0.008259153895567594, 0.0027449276025344853, 0.012787042463636858, 0.021117315247272353
2011-09-16, 0.011227109802252822, 0.008259153895567594, 0.0027449276025344853, 0.012787042463636858, 0.021117315247272353
2011-09-16, 0.011227109802252822, 0.008259153895567594, 0.0027449276025344853, 0.012787042463636858, 0.021117315247272353
2011-09-16, 0.011227109802252822, 0.008259153895567594, 0.0027449276025344853, 0.012787042463636858, 0.021117315247272353
2011-09-16, 0.011227109802252822, 0.008259153895567594, 0.0027449276025344853, 0.012787042463636858, 0.021117315247272353
2011-09-16, 0.011227109802252822, 0.008259153895567594, 0.0027449276025344853, 0.012787042463636858, 0.021117315247272353
2011-09-16, 0.011227109802252822, 0.008259153895567594, 0.0027449276025344853, 0.012787042463636858, 0.021117315247272353
2011-09-16, 0.011227109802252822, 0.008259153895567594, 0.0027449276025344853, 0.012787042463636858, 0.021117315247272353
2011-09-16, 0.011227109802252822, 0.008259153895567594, 0.0027449276025344853, 0.012787042463636858, 0.021117315247272353
2011-09-16, 0.011227109802252822, 0.008259153895567594, 0.0027449276025344853, 0.012787042463636858, 0.021117315247272353
2011-09-16, 0.006857945057797706, 0.005506102597045063, 0.004117391403801728, 0.006393521231818429, 0.011414764998525603
2011-09-16, 0.006823638121169921, 0.005506102597045063, 0.004117391403801728, 0.005114816985454743, 0.01255624149837815
2011-09-16, 0.003751221586002155, 0.0, 0.0027449276025344853, 0.0025574084927273717, 0.009702550248746764
2011-09-16, 0.016280786348290225, 0.013765256492612642, 0.005489855205068971, 0.017901859449091586, 0.027966174246387702
2011-08-17, 0.004533258271665568, 0.0, 0.0027449276025344853, 0.005114816985454743, 0.010273288498673042
2011-08-17, 0.009933801791068123, 0.005506102597045048, 0.0027449276025344853, 0.011508338217273172, 0.019975838747419792
2011-08-17, 0.009933801791068123, 0.005506102597045048, 0.0027449276025344853, 0.011508338217273172, 0.019975838747419792
2011-08-17, 0.009933801791068123, 0.005506102597045048, 0.0027449276025344853, 0.011508338217273172, 0.019975838747419792
2011-08-17, 0.009933801791068123, 0.005506102597045048, 0.0027449276025344853, 0.011508338217273172, 0.019975838747419792
2011-08-17, 0.009933801791068123, 0.005506102597045048, 0.0027449276025344853, 0.011508338217273172, 0.019975838747419792
2011-08-17, 0.009933801791068123, 0.005506102597045048, 0.0027449276025344853, 0.011508338217273172, 0.019975838747419792
2011-08-17, 0.009933801791068123, 0.005506102597045048, 0.0027449276025344853, 0.011508338217273172, 0.019975838747419792
2011-08-17, 0.009933801791068123, 0.005506102597045048, 0.0027449276025344853, 0.011508338217273172, 0.019975838747419792
2011-08-17, 0.009933801791068123, 0.005506102597045048, 0.0027449276025344853, 0.011508338217273172, 0.019975838747419792
2011-08-17, 0.009933801791068123, 0.005506102597045048, 0.0027449276025344853, 0.011508338217273172, 0.019975838747419792
2011-08-17, 0.005003936240147069, 0.0027530512985225316, 0.0013724638012672426, 0.0044754648622729, 0.011414764998525603
2011-08-17, 0.01821516658170809, 0.013765256492612642, 0.004117391403801728, 0.02301667643454633, 0.03196134199587167
2011-08-17, 0.008925862904846574, 0.0027530512985225316, 0.0027449276025344853, 0.010229633970909487, 0.019975838747419792
2011-08-17, 0.011988241996553997, 0.00825915389556758, 0.0068623190063361985, 0.0134263945868187, 0.019405100497493513
2011-07-18, 0.0022377324311364465, 0.0, 0.0, 0.008950929724545786, 0.0
2011-07-18, 0.004961933609001638, 0.011012205194090111, 0.0, 0.0025574084927273717, 0.006278120749189069
2011-07-18, 0.004961933609001638, 0.011012205194090111, 0.0, 0.0025574084927273717, 0.006278120749189069
2011-07-18, 0.004961933609001638, 0.011012205194090111, 0.0, 0.0025574084927273717, 0.006278120749189069
2011-07-18, 0.004961933609001638, 0.011012205194090111, 0.0, 0.0025574084927273717, 0.006278120749189069
2011-07-18, 0.004961933609001638, 0.011012205194090111, 0.0, 0.0025574084927273717, 0.006278120749189069
2011-07-18, 0.004961933609001638, 0.011012205194090111, 0.0, 0.0025574084927273717, 0.006278120749189069
2011-07-18, 0.004961933609001638, 0.011012205194090111, 0.0, 0.0025574084927273717, 0.006278120749189069
2011-07-18, 0.004961933609001638, 0.011012205194090111, 0.0, 0.0025574084927273717, 0.006278120749189069
2011-07-18, 0.004961933609001638, 0.011012205194090111, 0.0, 0.0025574084927273717, 0.006278120749189069
2011-07-18, 0.004961933609001638, 0.011012205194090111, 0.0, 0.0025574084927273717, 0.006278120749189069
2011-07-18, 0.00256369491313937, 0.0, 0.0013724638012672426, 0.008311577601363957, 0.0005707382499262802
2011-07-18, 0.0074201580087647784, 0.013765256492612642, 0.0013724638012672275, 0.0025574084927273717, 0.011985503248451872
2011-07-18, 0.0035256302103896936, 0.0027530512985225316, 0.0013724638012672426, 0.0025574084927273717, 0.007419597249041629
2011-07-18, 0.006322715064054658, 0.00825915389556758, 0.0, 0.0044754648622729, 0.01255624149837815
2011-06-18, 0.0027298193643468293, 0.0, 0.0027449276025344853, 0.007032873355000272, 0.0011414764998525604
2011-06-18, 0.0049336022678401715, 0.005506102597045048, 0.0027449276025344853, 0.0006393521231818429, 0.01084402674859931
2011-06-18, 0.0049336022678401715, 0.005506102597045048, 0.0027449276025344853, 0.0006393521231818429, 0.01084402674859931
2011-06-18, 0.0049336022678401715, 0.005506102597045048, 0.0027449276025344853, 0.0006393521231818429, 0.01084402674859931
2011-06-18, 0.0049336022678401715, 0.005506102597045048, 0.0027449276025344853, 0.0006393521231818429, 0.01084402674859931
2011-06-18, 0.0049336022678401715, 0.005506102597045048, 0.0027449276025344853, 0.0006393521231818429, 0.01084402674859931
2011-06-18, 0.0049336022678401715, 0.005506102597045048, 0.0027449276025344853, 0.0006393521231818429, 0.01084402674859931
2011-06-18, 0.0049336022678401715, 0.005506102597045048, 0.0027449276025344853, 0.0006393521231818429, 0.01084402674859931
2011-06-18, 0.0049336022678401715, 0.005506102597045048, 0.0027449276025344853, 0.0006393521231818429, 0.01084402674859931
2011-06-18, 0.0049336022678401715, 0.005506102597045048, 0.0027449276025344853, 0.0006393521231818429, 0.01084402674859931
2011-06-18, 0.0049336022678401715, 0.005506102597045048, 0.0027449276025344853, 0.0006393521231818429, 0.01084402674859931
2011-06-18, 0.004046567264257413, 0.0027530512985225316, 0.004117391403801728, 0.007032873355000272, 0.0022829529997051208
2011-06-18, 0.007574524917460571, 0.016518307791135174, 0.0068623190063361985, 0.0006393521231818429, 0.006278120749189069
2011-06-18, 0.004237332923746211, 0.005506102597045048, 0.0027449276025344853, 0.0012787042463636858, 0.007419597249041629
2011-06-18, 0.0035690840958680385, 0.005506102597045048, 0.0013724638012672426, 0.005114816985454743, 0.0022829529997051208
2011-05-19, 0.005841480872616947, 0.011012205194090111, 0.0013724638012672426, 0.0012787042463636858, 0.00970255024874675
2011-05-19, 0.0051277472352634175, 0.005506102597045063, 0.0027449276025344853, 0.0025574084927273717, 0.00970255024874675
2011-05-19, 0.0051277472352634175, 0.005506102597045063, 0.0027449276025344853, 0.0025574084927273717, 0.00970255024874675
2011-05-19, 0.0051277472352634175, 0.005506102597045063, 0.0027449276025344853, 0.0025574084927273717, 0.00970255024874675
2011-05-19, 0.0051277472352634175, 0.005506102597045063, 0.0027449276025344853, 0.0025574084927273717, 0.00970255024874675
2011-05-19, 0.0051277472352634175, 0.005506102597045063, 0.0027449276025344853, 0.0025574084927273717, 0.00970255024874675
2011-05-19, 0.0051277472352634175, 0.005506102597045063, 0.0027449276025344853, 0.0025574084927273717, 0.00970255024874675
2011-05-19, 0.0051277472352634175, 0.005506102597045063, 0.0027449276025344853, 0.0025574084927273717, 0.00970255024874675
2011-05-19, 0.0051277472352634175, 0.005506102597045063, 0.0027449276025344853, 0.0025574084927273717, 0.00970255024874675
2011-05-19, 0.0051277472352634175, 0.005506102597045063, 0.0027449276025344853, 0.0025574084927273717, 0.00970255024874675
2011-05-19, 0.0051277472352634175, 0.005506102597045063, 0.0027449276025344853, 0.0025574084927273717, 0.00970255024874675
2011-05-19, 0.0047311399560079235, 0.0027530512985225316, 0.004117391403801728, 0.0006393521231818429, 0.011414764998525591
2011-05-19, 0.006588899796706899, 0.005506102597045063, 0.0027449276025344853, 0.0038361127390910575, 0.014268456248156992
2011-05-19, 0.003970837366148295, 0.0027530512985225316, 0.0013724638012672426, 0.0031967606159092146, 0.00856107374889419
2011-05-19, 0.002728989759905272, 0.0, 0.0013724638012672426, 0.0038361127390910575, 0.005707382499262789
2011-04-19, 0.00305748763927185, 0.0, 0.00823478280760344, 0.0, 0.003995167749483961
2011-04-19, 0.003565022247874012, 0.0, 0.0068623190063361985, 0.005114816985454729, 0.0022829529997051208
2011-04-19, 0.003565022247874012, 0.0, 0.0068623190063361985, 0.005114816985454729, 0.0022829529997051208
2011-04-19, 0.003565022247874012, 0.0, 0.0068623190063361985, 0.005114816985454729, 0.0022829529997051208
2011-04-19, 0.003565022247874012, 0.0, 0.0068623190063361985, 0.005114816985454729, 0.0022829529997051208
2011-04-19, 0.003565022247874012, 0.0, 0.0068623190063361985, 0.005114816985454729, 0.0022829529997051208
2011-04-19, 0.003565022247874012, 0.0, 0.0068623190063361985, 0.005114816985454729, 0.0022829529997051208
2011-04-19, 0.003565022247874012, 0.0, 0.0068623190063361985, 0.005114816985454729, 0.0022829529997051208
2011-04-19, 0.003565022247874012, 0.0, 0.0068623190063361985, 0.005114816985454729, 0.0022829529997051208
2011-04-19, 0.003565022247874012, 0.0, 0.0068623190063361985, 0.005114816985454729, 0.0022829529997051208
2011-04-19, 0.003565022247874012, 0.0, 0.0068623190063361985, 0.005114816985454729, 0.0022829529997051208
2011-04-19, 0.004570411430602688, 0.005506102597045063, 0.0068623190063361985, 0.0019180563695455287, 0.003995167749483961
2011-04-19, 0.003076672031582753, 0.0027530512985225316, 0.005489855205068956, 0.0006393521231818429, 0.003424429499557681
2011-04-19, 0.010087278205154137, 0.011012205194090111, 0.010979710410137926, 0.011508338217273158, 0.00684885899911535
2011-04-19, 0.006618565215676559, 0.008259153895567594, 0.009607246608870683, 0.005754169108636572, 0.0028536912496313883
2011-03-20, 0.004438075136527143, 0.011012205194090127, 0.0027449276025344853, 0.0, 0.003995167749483961
2011-03-20, 0.0046173055141836864, 0.0027530512985225316, 0.004117391403801728, 0.007032873355000258, 0.0045659059994102285
2011-03-20, 0.0046173055141836864, 0.0027530512985225316, 0.004117391403801728, 0.007032873355000258, 0.0045659059994102285
2011-03-20, 0.0046173055141836864, 0.0027530512985225316, 0.004117391403801728, 0.007032873355000258, 0.0045659059994102285
2011-03-20, 0.0046173055141836864, 0.0027530512985225316, 0.004117391403801728, 0.007032873355000258, 0.0045659059994102285
2011-03-20, 0.0046173055141836864, 0.0027530512985225316, 0.004117391403801728, 0.007032873355000258, 0.0045659059994102285
2011-03-20, 0.0046173055141836864, 0.0027530512985225316, 0.004117391403801728, 0.007032873355000258, 0.0045659059994102285
2011-03-20, 0.0046173055141836864, 0.0027530512985225316, 0.004117391403801728, 0.007032873355000258, 0.0045659059994102285
2011-03-20, 0.0046173055141836864, 0.0027530512985225316, 0.004117391403801728, 0.007032873355000258, 0.0045659059994102285
2011-03-20, 0.0046173055141836864, 0.0027530512985225316, 0.004117391403801728, 0.007032873355000258, 0.0045659059994102285
2011-03-20, 0.0046173055141836864, 0.0027530512985225316, 0.004117391403801728, 0.007032873355000258, 0.0045659059994102285
2011-03-20, 0.006033905740988864, 0.013765256492612642, 0.0027449276025344853, 0.0019180563695455287, 0.005707382499262802
2011-03-20, 0.005616719101446043, 0.013765256492612642, 0.0013724638012672426, 0.004475464862272886, 0.002853691249631401
2011-03-20, 0.00725963743790973, 0.005506102597045048, 0.008234782807603456, 0.009590281847727629, 0.005707382499262789
2011-03-20, 0.003193885781341426, 0.0, 0.006862319006336213, 0.0019180563695455287, 0.003995167749483961
2011-02-18, 0.0023226558621351227, 0.0027530512985225165, 0.004117391403801728, 0.0012787042463636858, 0.0011414764998525604
2011-02-18, 0.0022837826041466744, 0.0, 0.0013724638012672426, 0.0031967606159092146, 0.0045659059994102415
2011-02-18, 0.0022837826041466744, 0.0, 0.0013724638012672426, 0.0031967606159092146, 0.0045659059994102415
2011-02-18, 0.0022837826041466744, 0.0, 0.0013724638012672426, 0.0031967606159092146, 0.0045659059994102415
2011-02-18, 0.0022837826041466744, 0.0, 0.0013724638012672426, 0.0031967606159092146, 0.0045659059994102415
2011-02-18, 0.0022837826041466744, 0.0, 0.0013724638012672426, 0.0031967606159092146, 0.0045659059994102415
2011-02-18, 0.0022837826041466744, 0.0, 0.0013724638012672426, 0.0031967606159092146, 0.0045659059994102415
2011-02-18, 0.0022837826041466744, 0.0, 0.0013724638012672426, 0.0031967606159092146, 0.0045659059994102415
2011-02-18, 0.0022837826041466744, 0.0, 0.0013724638012672426, 0.0031967606159092146, 0.0045659059994102415
2011-02-18, 0.0022837826041466744, 0.0, 0.0013724638012672426, 0.0031967606159092146, 0.0045659059994102415
2011-02-18, 0.0022837826041466744, 0.0, 0.0013724638012672426, 0.0031967606159092146, 0.0045659059994102415
2011-02-18, 0.008074632676263507, 0.011012205194090111, 0.004117391403801728, 0.005754169108636586, 0.011414764998525603
2011-02-18, 0.004474931776647799, 0.008259153895567594, 0.00274492760253447, 0.005754169108636572, 0.0011414764998525604
2011-02-18, 0.005724785902354152, 0.00825915389556758, 0.0027449276025344853, 0.0044754648622729, 0.007419597249041642
2011-02-18, 0.0023732866626352445, 0.0027530512985225316, 0.0027449276025344853, 0.0, 0.003995167749483961
2011-01-19, 0.0029891988970911984, 0.0027530512985225316, 0.0013724638012672426, 0.0038361127390910575, 0.003995167749483961
2011-01-19, 0.0029891988970911984, 0.0027530512985225316, 0.0013724638012672426, 0.0038361127390910575, 0.003995167749483961
2011-01-19, 0.0029891988970911984, 0.0027530512985225316, 0.0013724638012672426, 0.0038361127390910575, 0.003995167749483961
2011-01-19, 0.0029891988970911984, 0.0027530512985225316, 0.0013724638012672426, 0.0038361127390910575, 0.003995167749483961
2011-01-19, 0.0029891988970911984, 0.0027530512985225316, 0.0013724638012672426, 0.0038361127390910575, 0.003995167749483961
2011-01-19, 0.0029891988970911984, 0.0027530512985225316, 0.0013724638012672426, 0.0038361127390910575, 0.003995167749483961
2011-01-19, 0.0029891988970911984, 0.0027530512985225316, 0.0013724638012672426, 0.0038361127390910575, 0.003995167749483961
2011-01-19, 0.0029891988970911984, 0.0027530512985225316, 0.0013724638012672426, 0.0038361127390910575, 0.003995167749483961
2011-01-19, 0.0029891988970911984, 0.0027530512985225316, 0.0013724638012672426, 0.0038361127390910575, 0.003995167749483961
2011-01-19, 0.0029891988970911984, 0.0027530512985225316, 0.0013724638012672426, 0.0038361127390910575, 0.003995167749483961
2011-01-19, 0.0029891988970911984, 0.0027530512985225316, 0.0013724638012672426, 0.0038361127390910575, 0.003995167749483961
2011-01-19, 0.01003905004376494, 0.016518307791135174, 0.004117391403801728, 0.006393521231818429, 0.013126979748304431
2011-01-19, 0.0018217328050198665, 0.005506102597045063, 0.0, 0.0006393521231818429, 0.0011414764998525604
2011-01-19, 0.0024075935992630224, 0.0027530512985225165, 0.0027449276025344853, 0.0012787042463636858, 0.002853691249631401
2011-01-19, 0.005208043454733203, 0.00825915389556758, 0.008234782807603456, 0.0031967606159092146, 0.0011414764998525604
2010-12-20, 0.0038163952611550613, 0.005506102597045063, 0.005489855205068971, 0.0025574084927273717, 0.0017122147497788405
2010-12-20, 0.0038993020742859492, 0.0027530512985225316, 0.006862319006336213, 0.0025574084927273717, 0.003424429499557681
2010-12-20, 0.0038993020742859492, 0.0027530512985225316, 0.006862319006336213, 0.0025574084927273717, 0.003424429499557681
2010-12-20, 0.0038993020742859492, 0.0027530512985225316, 0.006862319006336213, 0.0025574084927273717, 0.003424429499557681
2010-12-20, 0.0038993020742859492, 0.0027530512985225316, 0.006862319006336213, 0.0025574084927273717, 0.003424429499557681
2010-12-20, 0.0038993020742859492, 0.0027530512985225316, 0.006862319006336213, 0.0025574084927273717, 0.003424429499557681
2010-12-20, 0.0038993020742859492, 0.0027530512985225316, 0.006862319006336213, 0.0025574084927273717, 0.003424429499557681
2010-12-20, 0.0038993020742859492, 0.0027530512985225316, 0.006862319006336213, 0.0025574084927273717, 0.003424429499557681
2010-12-20, 0.0038993020742859492, 0.0027530512985225316, 0.006862319006336213, 0.0025574084927273717, 0.003424429499557681
2010-12-20, 0.0038993020742859492, 0.0027530512985225316, 0.006862319006336213, 0.0025574084927273717, 0.003424429499557681
2010-12-20, 0.0038993020742859492, 0.0027530512985225316, 0.006862319006336213, 0.0025574084927273717, 0.003424429499557681
2010-12-20, 0.005792570171168161, 0.00825915389556758, 0.0013724638012672426, 0.0038361127390910575, 0.009702550248746764
2010-12-20, 0.0081909559314124, 0.011012205194090127, 0.008234782807603456, 0.008950929724545786, 0.0045659059994102285
2010-12-20, 0.0034298254253599053, 0.0027530512985225316, 0.004117391403801728, 0.0, 0.006848858999115362
2010-12-20, 0.006999739125669495, 0.008259153895567594, 0.006862319006336213, 0.008311577601363944, 0.0045659059994102285
2010-11-20, 0.002978331849189302, 0.0027530512985225316, 0.00274492760253447, 0.0012787042463636858, 0.005136644249336521
2010-11-20, 0.0036265200962760195, 0.0, 0.004117391403801713, 0.006393521231818415, 0.003995167749483949
2010-11-20, 0.0036265200962760195, 0.0, 0.004117391403801713, 0.006393521231818415, 0.003995167749483949
2010-11-20, 0.0036265200962760195, 0.0, 0.004117391403801713, 0.006393521231818415, 0.003995167749483949
2010-11-20, 0.0036265200962760195, 0.0, 0.004117391403801713, 0.006393521231818415, 0.003995167749483949
2010-11-20, 0.0036265200962760195, 0.0, 0.004117391403801713, 0.006393521231818415, 0.003995167749483949
2010-11-20, 0.0036265200962760195, 0.0, 0.004117391403801713, 0.006393521231818415, 0.003995167749483949
2010-11-20, 0.0036265200962760195, 0.0, 0.004117391403801713, 0.006393521231818415, 0.003995167749483949
2010-11-20, 0.0036265200962760195, 0.0, 0.004117391403801713, 0.006393521231818415, 0.003995167749483949
2010-11-20, 0.0036265200962760195, 0.0, 0.004117391403801713, 0.006393521231818415, 0.003995167749483949
2010-11-20, 0.0036265200962760195, 0.0, 0.004117391403801713, 0.006393521231818415, 0.003995167749483949
2010-11-20, 0.0031624393731522027, 0.0027530512985225316, 0.005489855205068956, 0.003836112739091043, 0.0005707382499262802
2010-11-20, 0.003683748142133822, 0.005506102597045048, 0.00274492760253447, 0.0019180563695455287, 0.0045659059994102415
2010-11-20, 0.009466799649337516, 0.008259153895567594, 0.009607246608870683, 0.010868986094091315, 0.009131811998820471
2010-11-20, 0.007302261718946522, 0.008259153895567594, 0.0068623190063361985, 0.008950929724545786, 0.005136644249336509
2010-10-21, 0.003095856423893659, 0.005506102597045063, 0.0027449276025344853, 0.0012787042463636858, 0.002853691249631401
2010-10-21, 0.0022757760846833447, 0.0027530512985225316, 0.0013724638012672426, 0.003836112739091043, 0.0011414764998525604
2010-10-21, 0.0022757760846833447, 0.0027530512985225316, 0.0013724638012672426, 0.003836112739091043, 0.0011414764998525604
2010-10-21, 0.0022757760846833447, 0.0027530512985225316, 0.0013724638012672426, 0.003836112739091043, 0.0011414764998525604
2010-10-21, 0.0022757760846833447, 0.0027530512985225316, 0.0013724638012672426, 0.003836112739091043, 0.0011414764998525604
2010-10-21, 0.0022757760846833447, 0.0027530512985225316, 0.0013724638012672426, 0.003836112739091043, 0.0011414764998525604
2010-10-21, 0.0022757760846833447, 0.0027530512985225316, 0.0013724638012672426, 0.003836112739091043, 0.0011414764998525604
2010-10-21, 0.0022757760846833447, 0.0027530512985225316, 0.0013724638012672426, 0.003836112739091043, 0.0011414764998525604
2010-10-21, 0.0022757760846833447, 0.0027530512985225316, 0.0013724638012672426, 0.003836112739091043, 0.0011414764998525604
2010-10-21, 0.0022757760846833447, 0.0027530512985225316, 0.0013724638012672426, 0.003836112739091043, 0.0011414764998525604
2010-10-21, 0.0022757760846833447, 0.0027530512985225316, 0.0013724638012672426, 0.003836112739091043, 0.0011414764998525604
2010-10-21, 0.0028184938183938454, 0.0027530512985225316, 0.0027449276025344853, 0.0006393521231818429, 0.005136644249336521
2010-10-21, 0.0036888332429903707, 0.0027530512985225316, 0.008234782807603456, 0.0031967606159092146, 0.0005707382499262802
2010-10-21, 0.00598723391808727, 0.0027530512985225316, 0.004117391403801728, 0.010229633970909473, 0.00684885899911535
2010-10-21, 0.007073809814895502, 0.008259153895567594, 0.006862319006336213, 0.005754169108636572, 0.007419597249041629
2010-09-21, 0.007591071042012322, 0.0027530512985225316, 0.004117391403801713, 0.011508338217273172, 0.011985503248451872
2010-09-21, 0.007591071042012322, 0.0027530512985225316, 0.004117391403801713, 0.011508338217273172, 0.011985503248451872
2010-09-21, 0.007591071042012322, 0.0027530512985225316, 0.004117391403801713, 0.011508338217273172, 0.011985503248451872
2010-09-21, 0.007591071042012322, 0.0027530512985225316, 0.004117391403801713, 0.011508338217273172, 0.011985503248451872
2010-09-21, 0.007591071042012322, 0.0027530512985225316, 0.004117391403801713, 0.011508338217273172, 0.011985503248451872
2010-09-21, 0.007591071042012322, 0.0027530512985225316, 0.004117391403801713, 0.011508338217273172, 0.011985503248451872
2010-09-21, 0.007591071042012322, 0.0027530512985225316, 0.004117391403801713, 0.011508338217273172, 0.011985503248451872
2010-09-21, 0.007591071042012322, 0.0027530512985225316, 0.004117391403801713, 0.011508338217273172, 0.011985503248451872
2010-09-21, 0.007591071042012322, 0.0027530512985225316, 0.004117391403801713, 0.011508338217273172, 0.011985503248451872
2010-09-21, 0.007591071042012322, 0.0027530512985225316, 0.004117391403801713, 0.011508338217273172, 0.011985503248451872
2010-09-21, 0.007591071042012322, 0.0027530512985225316, 0.004117391403801713, 0.011508338217273172, 0.011985503248451872
2010-09-21, 0.010770159410111772, 0.00825915389556758, 0.0013724638012672426, 0.019180563695455274, 0.014268456248156992
2010-09-21, 0.005443686579935223, 0.0027530512985225316, 0.0013724638012672426, 0.010229633970909487, 0.007419597249041629
2010-09-21, 0.007826120191421024, 0.00825915389556758, 0.004117391403801713, 0.011508338217273172, 0.007419597249041629
2010-09-21, 0.005542026762328673, 0.0027530512985225316, 0.004117391403801713, 0.009590281847727644, 0.005707382499262802
2010-08-22, 0.006304879055681183, 0.0, 0.0068623190063361985, 0.011508338217273172, 0.006848858999115362
2010-08-22, 0.005616927055996234, 0.0027530512985225316, 0.005489855205068956, 0.010229633970909487, 0.003995167749483961
2010-08-22, 0.005616927055996234, 0.0027530512985225316, 0.005489855205068956, 0.010229633970909487, 0.003995167749483961
2010-08-22, 0.005616927055996234, 0.0027530512985225316, 0.005489855205068956, 0.010229633970909487, 0.003995167749483961
2010-08-22, 0.005616927055996234, 0.0027530512985225316, 0.005489855205068956, 0.010229633970909487, 0.003995167749483961
2010-08-22, 0.005616927055996234, 0.0027530512985225316, 0.005489855205068956, 0.010229633970909487, 0.003995167749483961
2010-08-22, 0.005616927055996234, 0.0027530512985225316, 0.005489855205068956, 0.010229633970909487, 0.003995167749483961
2010-08-22, 0.005616927055996234, 0.0027530512985225316, 0.005489855205068956, 0.010229633970909487, 0.003995167749483961
2010-08-22, 0.005616927055996234, 0.0027530512985225316, 0.005489855205068956, 0.010229633970909487, 0.003995167749483961
2010-08-22, 0.005616927055996234, 0.0027530512985225316, 0.005489855205068956, 0.010229633970909487, 0.003995167749483961
2010-08-22, 0.005616927055996234, 0.0027530512985225316, 0.005489855205068956, 0.010229633970909487, 0.003995167749483961
2010-08-22, 0.007098079308062948, 0.008259153895567594, 0.009607246608870683, 0.007672225478182115, 0.002853691249631401
2010-08-22, 0.0069780193359949335, 0.005506102597045063, 0.004117391403801713, 0.010868986094091329, 0.007419597249041629
2010-08-22, 0.008205263177416943, 0.005506102597045063, 0.004117391403801713, 0.01406574671000053, 0.009131811998820471
2010-08-22, 0.010550854454911312, 0.011012205194090111, 0.0013724638012672426, 0.017262507325909743, 0.01255624149837815
2010-07-23, 0.0031461763994480867, 0.0, 0.00274492760253447, 0.0012787042463636858, 0.00856107374889419
2010-07-23, 0.0031461763994480867, 0.0, 0.00274492760253447, 0.0012787042463636858, 0.00856107374889419
2010-07-23, 0.0031461763994480867, 0.0, 0.00274492760253447, 0.0012787042463636858, 0.00856107374889419
2010-07-23, 0.0031461763994480867, 0.0, 0.00274492760253447, 0.0012787042463636858, 0.00856107374889419
2010-07-23, 0.0031461763994480867, 0.0, 0.00274492760253447, 0.0012787042463636858, 0.00856107374889419
2010-07-23, 0.0031461763994480867, 0.0, 0.00274492760253447, 0.0012787042463636858, 0.00856107374889419
2010-07-23, 0.0031461763994480867, 0.0, 0.00274492760253447, 0.0012787042463636858, 0.00856107374889419
2010-07-23, 0.0031461763994480867, 0.0, 0.00274492760253447, 0.0012787042463636858, 0.00856107374889419
2010-07-23, 0.0031461763994480867, 0.0, 0.00274492760253447, 0.0012787042463636858, 0.00856107374889419
2010-07-23, 0.0031461763994480867, 0.0, 0.00274492760253447, 0.0012787042463636858, 0.00856107374889419
2010-07-23, 0.0031461763994480867, 0.0, 0.00274492760253447, 0.0012787042463636858, 0.00856107374889419
2010-07-23, 0.009480069336350323, 0.013765256492612642, 0.0, 0.007032873355000258, 0.01712214749778839
2010-07-23, 0.003448698992725114, 0.0, 0.00274492760253447, 0.0019180563695455144, 0.009131811998820471
2010-07-23, 0.006275449265359756, 0.008259153895567594, 0.00823478280760344, 0.005754169108636586, 0.002853691249631401
2010-07-23, 0.006867982501258033, 0.005506102597045048, 0.0013724638012672426, 0.005754169108636572, 0.014839194498083273
2010-06-23, 0.0045415756160745715, 0.0027530512985225316, 0.0013724638012672426, 0.0031967606159092003, 0.01084402674859931
2010-06-23, 0.0045415756160745715, 0.0027530512985225316, 0.0013724638012672426, 0.0031967606159092003, 0.01084402674859931
2010-06-23, 0.0045415756160745715, 0.0027530512985225316, 0.0013724638012672426, 0.0031967606159092003, 0.01084402674859931
2010-06-23, 0.0045415756160745715, 0.0027530512985225316, 0.0013724638012672426, 0.0031967606159092003, 0.01084402674859931
2010-06-23, 0.0045415756160745715, 0.0027530512985225316, 0.0013724638012672426, 0.0031967606159092003, 0.01084402674859931
2010-06-23, 0.0045415756160745715, 0.0027530512985225316, 0.0013724638012672426, 0.0031967606159092003, 0.01084402674859931
2010-06-23, 0.0045415756160745715, 0.0027530512985225316, 0.0013724638012672426, 0.0031967606159092003, 0.01084402674859931
2010-06-23, 0.0045415756160745715, 0.0027530512985225316, 0.0013724638012672426, 0.0031967606159092003, 0.01084402674859931
2010-06-23, 0.0045415756160745715, 0.0027530512985225316, 0.0013724638012672426, 0.0031967606159092003, 0.01084402674859931
2010-06-23, 0.0045415756160745715, 0.0027530512985225316, 0.0013724638012672426, 0.0031967606159092003, 0.01084402674859931
2010-06-23, 0.0045415756160745715, 0.0027530512985225316, 0.0013724638012672426, 0.0031967606159092003, 0.01084402674859931
2010-06-23, 0.011917092725934775, 0.00825915389556758, 0.0013724638012672426, 0.01406574671000053, 0.023971006496903743
2010-06-23, 0.003097576522944983, 0.0027530512985225316, 0.0013724638012672426, 0.0025574084927273573, 0.005707382499262802
2010-06-23, 0.005228118341653876, 0.008259153895567594, 0.0027449276025344853, 0.0019180563695455144, 0.00799033549896791
2010-06-23, 0.006334397410268883, 0.011012205194090111, 0.005489855205068971, 0.0025574084927273717, 0.006278120749189082
2010-05-24, 0.005039072781216404, 0.0027530512985225316, 0.0027449276025344853, 0.0089509297245458, 0.005707382499262802
2010-05-24, 0.004998479424176621, 0.0027530512985225165, 0.0013724638012672426, 0.009590281847727644, 0.006278120749189082
2010-05-24, 0.004998479424176621, 0.0027530512985225165, 0.0013724638012672426, 0.009590281847727644, 0.006278120749189082
2010-05-24, 0.004998479424176621, 0.0027530512985225165, 0.0013724638012672426, 0.009590281847727644, 0.006278120749189082
2010-05-24, 0.004998479424176621, 0.0027530512985225165, 0.0013724638012672426, 0.009590281847727644, 0.006278120749189082
2010-05-24, 0.004998479424176621, 0.0027530512985225165, 0.0013724638012672426, 0.009590281847727644, 0.006278120749189082
2010-05-24, 0.004998479424176621, 0.0027530512985225165, 0.0013724638012672426, 0.009590281847727644, 0.006278120749189082
2010-05-24, 0.004998479424176621, 0.0027530512985225165, 0.0013724638012672426, 0.009590281847727644, 0.006278120749189082
2010-05-24, 0.004998479424176621, 0.0027530512985225165, 0.0013724638012672426, 0.009590281847727644, 0.006278120749189082
2010-05-24, 0.004998479424176621, 0.0027530512985225165, 0.0013724638012672426, 0.009590281847727644, 0.006278120749189082
2010-05-24, 0.004998479424176621, 0.0027530512985225165, 0.0013724638012672426, 0.009590281847727644, 0.006278120749189082
2010-05-24, 0.013675311064684842, 0.00825915389556758, 0.0013724638012672426, 0.021098620065000802, 0.023971006496903743
2010-05-24, 0.0053272881284888865, 0.008259153895567594, 0.006862319006336213, 0.0044754648622729, 0.0017122147497788405
2010-05-24, 0.010358118761593715, 0.0027530512985225165, 0.0013724638012672426, 0.017901859449091586, 0.019405100497493513
2010-05-24, 0.005646964190079809, 0.008259153895567594, 0.006862319006336213, 0.005754169108636586, 0.0017122147497788405
2010-04-24, 0.0031770574441024415, 0.0027530512985225316, 0.0, 0.007672225478182115, 0.0022829529997051208
2010-04-24, 0.0031770574441024415, 0.0027530512985225316, 0.0, 0.007672225478182115, 0.0022829529997051208
2010-04-24, 0.0031770574441024415, 0.0027530512985225316, 0.0, 0.007672225478182115, 0.0022829529997051208
2010-04-24, 0.0031770574441024415, 0.0027530512985225316, 0.0, 0.007672225478182115, 0.0022829529997051208
2010-04-24, 0.0031770574441024415, 0.0027530512985225316, 0.0, 0.007672225478182115, 0.0022829529997051208
2010-04-24, 0.0031770574441024415, 0.0027530512985225316, 0.0, 0.007672225478182115, 0.0022829529997051208
2010-04-24, 0.0031770574441024415, 0.0027530512985225316, 0.0, 0.007672225478182115, 0.0022829529997051208
2010-04-24, 0.0031770574441024415, 0.0027530512985225316, 0.0, 0.007672225478182115, 0.0022829529997051208
2010-04-24, 0.0031770574441024415, 0.0027530512985225316, 0.0, 0.007672225478182115, 0.0022829529997051208
2010-04-24, 0.0031770574441024415, 0.0027530512985225316, 0.0, 0.007672225478182115, 0.0022829529997051208
2010-04-24, 0.0031770574441024415, 0.0027530512985225316, 0.0, 0.007672225478182115, 0.0022829529997051208
2010-04-24, 0.007966788136034806, 0.0027530512985225165, 0.0013724638012672426, 0.019180563695455274, 0.00856107374889419
2010-04-24, 0.004218992442006091, 0.0, 0.0013724638012672426, 0.011508338217273172, 0.003995167749483949
2010-04-24, 0.004419734654787018, 0.005506102597045063, 0.0013724638012672426, 0.010229633970909487, 0.0005707382499262802
2010-04-24, 0.006527712773250576, 0.011012205194090127, 0.004117391403801728, 0.0012787042463636858, 0.009702550248746764
2010-03-25, 0.009244959296773395, 0.011012205194090111, 0.004117391403801713, 0.012147690340455, 0.00970255024874675
2010-03-25, 0.009244959296773395, 0.011012205194090111, 0.004117391403801713, 0.012147690340455, 0.00970255024874675
2010-03-25, 0.009244959296773395, 0.011012205194090111, 0.004117391403801713, 0.012147690340455, 0.00970255024874675
2010-03-25, 0.009244959296773395, 0.011012205194090111, 0.004117391403801713, 0.012147690340455, 0.00970255024874675
2010-03-25, 0.009244959296773395, 0.011012205194090111, 0.004117391403801713, 0.012147690340455, 0.00970255024874675
2010-03-25, 0.009244959296773395, 0.011012205194090111, 0.004117391403801713, 0.012147690340455, 0.00970255024874675
2010-03-25, 0.009244959296773395, 0.011012205194090111, 0.004117391403801713, 0.012147690340455, 0.00970255024874675
2010-03-25, 0.009244959296773395, 0.011012205194090111, 0.004117391403801713, 0.012147690340455, 0.00970255024874675
2010-03-25, 0.009244959296773395, 0.011012205194090111, 0.004117391403801713, 0.012147690340455, 0.00970255024874675
2010-03-25, 0.009244959296773395, 0.011012205194090111, 0.004117391403801713, 0.012147690340455, 0.00970255024874675
2010-03-25, 0.009244959296773395, 0.011012205194090111, 0.004117391403801713, 0.012147690340455, 0.00970255024874675
2010-03-25, 0.0024427910305005814, 0.0, 0.0, 0.0006393521231818429, 0.009131811998820483
2010-03-25, 0.002367000242223246, 0.0027530512985225316, 0.0013724638012672426, 0.0019180563695455287, 0.003424429499557681
2010-03-25, 0.019626828772038682, 0.019271359089657707, 0.005489855205068956, 0.027492141296819216, 0.02625395949660885
2010-03-25, 0.006283780915897985, 0.008259153895567594, 0.0013724638012672426, 0.011508338217273158, 0.003995167749483949
2010-02-23, 0.008479454429532513, 0.0, 0.006862319006336213, 0.012787042463636844, 0.014268456248156992
2010-02-23, 0.008283381408507755, 0.013765256492612642, 0.004117391403801728, 0.0038361127390910575, 0.011414764998525591
2010-02-23, 0.008283381408507755, 0.013765256492612642, 0.004117391403801728, 0.0038361127390910575, 0.011414764998525591
2010-02-23, 0.008283381408507755, 0.013765256492612642, 0.004117391403801728, 0.0038361127390910575, 0.011414764998525591
2010-02-23, 0.008283381408507755, 0.013765256492612642, 0.004117391403801728, 0.0038361127390910575, 0.011414764998525591
2010-02-23, 0.008283381408507755, 0.013765256492612642, 0.004117391403801728, 0.0038361127390910575, 0.011414764998525591
2010-02-23, 0.008283381408507755, 0.013765256492612642, 0.004117391403801728, 0.0038361127390910575, 0.011414764998525591
2010-02-23, 0.008283381408507755, 0.013765256492612642, 0.004117391403801728, 0.0038361127390910575, 0.011414764998525591
2010-02-23, 0.008283381408507755, 0.013765256492612642, 0.004117391403801728, 0.0038361127390910575, 0.011414764998525591
2010-02-23, 0.008283381408507755, 0.013765256492612642, 0.004117391403801728, 0.0038361127390910575, 0.011414764998525591
2010-02-23, 0.008283381408507755, 0.013765256492612642, 0.004117391403801728, 0.0038361127390910575, 0.011414764998525591
2010-02-23, 0.009651589713360014, 0.016518307791135174, 0.005489855205068971, 0.005754169108636586, 0.010844026748599323
2010-02-23, 0.013752538801165871, 0.01927135908965769, 0.004117391403801728, 0.012787042463636844, 0.01883436224756722
2010-02-23, 0.011617727179912775, 0.01927135908965769, 0.004117391403801728, 0.007672225478182115, 0.015409932748009565
2010-02-23, 0.006545385021060326, 0.005506102597045048, 0.006862319006336213, 0.006393521231818415, 0.007419597249041629
2010-01-24, 0.005716973031311787, 0.0027530512985225316, 0.012352174211405168, 0.0031967606159092146, 0.0045659059994102285
2010-01-24, 0.013138865445257115, 0.011012205194090111, 0.0068623190063361985, 0.014705098833182372, 0.01997583874741978
2010-01-24, 0.013138865445257115, 0.011012205194090111, 0.0068623190063361985, 0.014705098833182372, 0.01997583874741978
2010-01-24, 0.013138865445257115, 0.011012205194090111, 0.0068623190063361985, 0.014705098833182372, 0.01997583874741978
2010-01-24, 0.013138865445257115, 0.011012205194090111, 0.0068623190063361985, 0.014705098833182372, 0.01997583874741978
2010-01-24, 0.013138865445257115, 0.011012205194090111, 0.0068623190063361985, 0.014705098833182372, 0.01997583874741978
2010-01-24, 0.013138865445257115, 0.011012205194090111, 0.0068623190063361985, 0.014705098833182372, 0.01997583874741978
2010-01-24, 0.013138865445257115, 0.011012205194090111, 0.0068623190063361985, 0.014705098833182372, 0.01997583874741978
2010-01-24, 0.013138865445257115, 0.011012205194090111, 0.0068623190063361985, 0.014705098833182372, 0.01997583874741978
2010-01-24, 0.013138865445257115, 0.011012205194090111, 0.0068623190063361985, 0.014705098833182372, 0.01997583874741978
2010-01-24, 0.013138865445257115, 0.011012205194090111, 0.0068623190063361985, 0.014705098833182372, 0.01997583874741978
2010-01-24, 0.0027449276025344814, 0.0, 0.010979710410137926, 0.0, 0.0
2010-01-24, 0.005410194941619771, 0.005506102597045063, 0.00823478280760344, 0.0044754648622729, 0.003424429499557681
2010-01-24, 0.003918990939963495, 0.0027530512985225316, 0.012352174211405168, 0.0, 0.0005707382499262802
2010-01-24, 0.023105254073901696, 0.019271359089657707, 0.010979710410137926, 0.02621343705045553, 0.03595650974535563
2009-12-25, 0.004230349657145411, 0.0, 0.013724638012672426, 0.0031967606159092146, 0.0
2009-12-25, 0.013430520990632262, 0.011012205194090111, 0.008234782807603456, 0.012787042463636844, 0.021688053497198635
2009-12-25, 0.013430520990632262, 0.011012205194090111, 0.008234782807603456, 0.012787042463636844, 0.021688053497198635
2009-12-25, 0.013430520990632262, 0.011012205194090111, 0.008234782807603456, 0.012787042463636844, 0.021688053497198635
2009-12-25, 0.013430520990632262, 0.011012205194090111, 0.008234782807603456, 0.012787042463636844, 0.021688053497198635
2009-12-25, 0.013430520990632262, 0.011012205194090111, 0.008234782807603456, 0.012787042463636844, 0.021688053497198635
2009-12-25, 0.013430520990632262, 0.011012205194090111, 0.008234782807603456, 0.012787042463636844, 0.021688053497198635
2009-12-25, 0.013430520990632262, 0.011012205194090111, 0.008234782807603456, 0.012787042463636844, 0.021688053497198635
2009-12-25, 0.013430520990632262, 0.011012205194090111, 0.008234782807603456, 0.012787042463636844, 0.021688053497198635
2009-12-25, 0.013430520990632262, 0.011012205194090111, 0.008234782807603456, 0.012787042463636844, 0.021688053497198635
2009-12-25, 0.013430520990632262, 0.011012205194090111, 0.008234782807603456, 0.012787042463636844, 0.021688053497198635
2009-12-25, 0.00418092017620075, 0.0027530512985225316, 0.010979710410137941, 0.0012787042463636858, 0.0017122147497788405
2009-12-25, 0.022157403761976505, 0.024777461686702754, 0.008234782807603456, 0.023656028557728158, 0.03196134199587165
2009-12-25, 0.011025462788732898, 0.00825915389556758, 0.010979710410137941, 0.008311577601363944, 0.016551409247862126
2009-12-25, 0.020667919859371567, 0.019271359089657707, 0.010979710410137941, 0.02045926794181896, 0.03196134199587165
2009-11-25, 0.015229776269620531, 0.011012205194090127, 0.02195942082027585, 0.021098620065000788, 0.006848858999115362
2009-11-25, 0.014410364164340585, 0.01927135908965772, 0.019214493217741366, 0.008311577601363944, 0.01084402674859931
2009-11-25, 0.014410364164340585, 0.01927135908965772, 0.019214493217741366, 0.008311577601363944, 0.01084402674859931
2009-11-25, 0.014410364164340585, 0.01927135908965772, 0.019214493217741366, 0.008311577601363944, 0.01084402674859931
2009-11-25, 0.014410364164340585, 0.01927135908965772, 0.019214493217741366, 0.008311577601363944, 0.01084402674859931
2009-11-25, 0.014410364164340585, 0.01927135908965772, 0.019214493217741366, 0.008311577601363944, 0.01084402674859931
2009-11-25, 0.014410364164340585, 0.01927135908965772, 0.019214493217741366, 0.008311577601363944, 0.01084402674859931
2009-11-25, 0.014410364164340585, 0.01927135908965772, 0.019214493217741366, 0.008311577601363944, 0.01084402674859931
2009-11-25, 0.014410364164340585, 0.01927135908965772, 0.019214493217741366, 0.008311577601363944, 0.01084402674859931
2009-11-25, 0.014410364164340585, 0.01927135908965772, 0.019214493217741366, 0.008311577601363944, 0.01084402674859931
2009-11-25, 0.014410364164340585, 0.01927135908965772, 0.019214493217741366, 0.008311577601363944, 0.01084402674859931
2009-11-25, 0.014338324399111594, 0.022024410388180236, 0.016469565615206898, 0.010868986094091315, 0.007990335498967922
2009-11-25, 0.02176686064245361, 0.035789666880792895, 0.012352174211405168, 0.006393521231818429, 0.032532080245797956
2009-11-25, 0.015871159316799385, 0.013765256492612657, 0.019214493217741366, 0.023656028557728158, 0.006848858999115362
2009-11-25, 0.021505450185712226, 0.03028356428374783, 0.016469565615206898, 0.009590281847727629, 0.029678388996166545
2009-10-26, 0.023459580174975854, 0.027530512985225283, 0.016469565615206898, 0.007032873355000258, 0.042805368744470974
2009-10-26, 0.019740945426550166, 0.030283564283747816, 0.015097101813939653, 0.004475464862272915, 0.029107650746240277
2009-10-26, 0.019740945426550166, 0.030283564283747816, 0.015097101813939653, 0.004475464862272915, 0.029107650746240277
2009-10-26, 0.019740945426550166, 0.030283564283747816, 0.015097101813939653, 0.004475464862272915, 0.029107650746240277
2009-10-26, 0.019740945426550166, 0.030283564283747816, 0.015097101813939653, 0.004475464862272915, 0.029107650746240277
2009-10-26, 0.019740945426550166, 0.030283564283747816, 0.015097101813939653, 0.004475464862272915, 0.029107650746240277
2009-10-26, 0.019740945426550166, 0.030283564283747816, 0.015097101813939653, 0.004475464862272915, 0.029107650746240277
2009-10-26, 0.019740945426550166, 0.030283564283747816, 0.015097101813939653, 0.004475464862272915, 0.029107650746240277
2009-10-26, 0.019740945426550166, 0.030283564283747816, 0.015097101813939653, 0.004475464862272915, 0.029107650746240277
2009-10-26, 0.019740945426550166, 0.030283564283747816, 0.015097101813939653, 0.004475464862272915, 0.029107650746240277
2009-10-26, 0.019740945426550166, 0.030283564283747816, 0.015097101813939653, 0.004475464862272915, 0.029107650746240277
2009-10-26, 0.030804480481088393, 0.03578966688079288, 0.016469565615206898, 0.023016676434546315, 0.04794201299380749
2009-10-26, 0.024419748789135862, 0.03303661558227035, 0.016469565615206898, 0.012787042463636858, 0.03538577149542935
2009-10-26, 0.022523426515394115, 0.03303661558227035, 0.01372463801267241, 0.010229633970909487, 0.033102818495724225
2009-10-26, 0.014353757768374156, 0.024777461686702754, 0.01784202941647414, 0.010229633970909487, 0.0045659059994102415
2009-09-26, 0.009507897479743947, 0.005506102597045063, 0.019214493217741366, 0.007032873355000286, 0.006278120749189069
2009-09-26, 0.023631322812664942, 0.01651830779113516, 0.02058695701900861, 0.019180563695455257, 0.03823946274506074
2009-09-26, 0.023631322812664942, 0.01651830779113516, 0.02058695701900861, 0.019180563695455257, 0.03823946274506074
2009-09-26, 0.023631322812664942, 0.01651830779113516, 0.02058695701900861, 0.019180563695455257, 0.03823946274506074
2009-09-26, 0.023631322812664942, 0.01651830779113516, 0.02058695701900861, 0.019180563695455257, 0.03823946274506074
2009-09-26, 0.023631322812664942, 0.01651830779113516, 0.02058695701900861, 0.019180563695455257, 0.03823946274506074
2009-09-26, 0.023631322812664942, 0.01651830779113516, 0.02058695701900861, 0.019180563695455257, 0.03823946274506074
2009-09-26, 0.023631322812664942, 0.01651830779113516, 0.02058695701900861, 0.019180563695455257, 0.03823946274506074
2009-09-26, 0.023631322812664942, 0.01651830779113516, 0.02058695701900861, 0.019180563695455257, 0.03823946274506074
2009-09-26, 0.023631322812664942, 0.01651830779113516, 0.02058695701900861, 0.019180563695455257, 0.03823946274506074
2009-09-26, 0.023631322812664942, 0.01651830779113516, 0.02058695701900861, 0.019180563695455257, 0.03823946274506074
2009-09-26, 0.011211276105617906, 0.008259153895567594, 0.017842029416474125, 0.004475464862272915, 0.014268456248156992
2009-09-26, 0.010151505099340775, 0.0027530512985225316, 0.023331884621543095, 0.007672225478182115, 0.006848858999115362
2009-09-26, 0.03800270957302279, 0.03303661558227035, 0.012352174211405184, 0.04155788800681975, 0.06506416049159588
2009-09-26, 0.027224232818502003, 0.022024410388180222, 0.012352174211405184, 0.02429538068091, 0.0502249659935126
2009-08-27, 0.011198378133718994, 0.005506102597045063, 0.02195942082027585, 0.0019180563695455144, 0.015409932748009551
2009-08-27, 0.028327340533732766, 0.016518307791135188, 0.017842029416474125, 0.023016676434546343, 0.055932348492775404
2009-08-27, 0.028327340533732766, 0.016518307791135188, 0.017842029416474125, 0.023016676434546343, 0.055932348492775404
2009-08-27, 0.028327340533732766, 0.016518307791135188, 0.017842029416474125, 0.023016676434546343, 0.055932348492775404
2009-08-27, 0.028327340533732766, 0.016518307791135188, 0.017842029416474125, 0.023016676434546343, 0.055932348492775404
2009-08-27, 0.028327340533732766, 0.016518307791135188, 0.017842029416474125, 0.023016676434546343, 0.055932348492775404
2009-08-27, 0.028327340533732766, 0.016518307791135188, 0.017842029416474125, 0.023016676434546343, 0.055932348492775404
2009-08-27, 0.028327340533732766, 0.016518307791135188, 0.017842029416474125, 0.023016676434546343, 0.055932348492775404
2009-08-27, 0.028327340533732766, 0.016518307791135188, 0.017842029416474125, 0.023016676434546343, 0.055932348492775404
2009-08-27, 0.028327340533732766, 0.016518307791135188, 0.017842029416474125, 0.023016676434546343, 0.055932348492775404
2009-08-27, 0.028327340533732766, 0.016518307791135188, 0.017842029416474125, 0.023016676434546343, 0.055932348492775404
2009-08-27, 0.011381656053240348, 0.005506102597045063, 0.023331884621543095, 0.0012787042463636858, 0.015409932748009551
2009-08-27, 0.03661390760175399, 0.03578966688079288, 0.013724638012672397, 0.03644307102136503, 0.06049825449218565
2009-08-27, 0.015273337629306098, 0.011012205194090127, 0.019214493217741366, 0.0057541691086366005, 0.0251124829967563
2009-08-27, 0.008672369465141846, 0.0027530512985225316, 0.02195942082027585, 0.0025574084927273717, 0.007419597249041629
2009-07-28, 0.011252373936024322, 0.005506102597045063, 0.02744927602534482, 0.0006393521231818287, 0.011414764998525577
2009-07-28, 0.025668609549836935, 0.01927135908965772, 0.024704348422810336, 0.020459267941818945, 0.03823946274506074
2009-07-28, 0.025668609549836935, 0.01927135908965772, 0.024704348422810336, 0.020459267941818945, 0.03823946274506074
2009-07-28, 0.025668609549836935, 0.01927135908965772, 0.024704348422810336, 0.020459267941818945, 0.03823946274506074
2009-07-28, 0.025668609549836935, 0.01927135908965772, 0.024704348422810336, 0.020459267941818945, 0.03823946274506074
2009-07-28, 0.025668609549836935, 0.01927135908965772, 0.024704348422810336, 0.020459267941818945, 0.03823946274506074
2009-07-28, 0.025668609549836935, 0.01927135908965772, 0.024704348422810336, 0.020459267941818945, 0.03823946274506074
2009-07-28, 0.025668609549836935, 0.01927135908965772, 0.024704348422810336, 0.020459267941818945, 0.03823946274506074
2009-07-28, 0.025668609549836935, 0.01927135908965772, 0.024704348422810336, 0.020459267941818945, 0.03823946274506074
2009-07-28, 0.025668609549836935, 0.01927135908965772, 0.024704348422810336, 0.020459267941818945, 0.03823946274506074
2009-07-28, 0.025668609549836935, 0.01927135908965772, 0.024704348422810336, 0.020459267941818945, 0.03823946274506074
2009-07-28, 0.011102201633575304, 0.0027530512985225316, 0.030194203627879307, 0.0057541691086366005, 0.0057073824992627765
2009-07-28, 0.042792115133880246, 0.030283564283747816, 0.02058695701900861, 0.04667270499227449, 0.07362523424049008
2009-07-28, 0.01941538454751839, 0.011012205194090127, 0.02744927602534482, 0.0089509297245458, 0.03024912724609281
2009-07-28, 0.03108205104113839, 0.027530512985225283, 0.02058695701900861, 0.029410197666364744, 0.04680053649395492
2009-06-28, 0.011980919292749047, 0.002753051298522501, 0.030194203627879307, 0.0012787042463636858, 0.0136977179982307
2009-06-28, 0.030514427858239865, 0.01927135908965772, 0.024704348422810336, 0.02557408492727369, 0.052507918993217724
2009-06-28, 0.030514427858239865, 0.01927135908965772, 0.024704348422810336, 0.02557408492727369, 0.052507918993217724
2009-06-28, 0.030514427858239865, 0.01927135908965772, 0.024704348422810336, 0.02557408492727369, 0.052507918993217724
2009-06-28, 0.030514427858239865, 0.01927135908965772, 0.024704348422810336, 0.02557408492727369, 0.052507918993217724
2009-06-28, 0.030514427858239865, 0.01927135908965772, 0.024704348422810336, 0.02557408492727369, 0.052507918993217724
2009-06-28, 0.030514427858239865, 0.01927135908965772, 0.024704348422810336, 0.02557408492727369, 0.052507918993217724
2009-06-28, 0.030514427858239865, 0.01927135908965772, 0.024704348422810336, 0.02557408492727369, 0.052507918993217724
2009-06-28, 0.030514427858239865, 0.01927135908965772, 0.024704348422810336, 0.02557408492727369, 0.052507918993217724
2009-06-28, 0.030514427858239865, 0.01927135908965772, 0.024704348422810336, 0.02557408492727369, 0.052507918993217724
2009-06-28, 0.030514427858239865, 0.01927135908965772, 0.024704348422810336, 0.02557408492727369, 0.052507918993217724
2009-06-28, 0.013158422828280723, 0.0, 0.028821739826612066, 0.0038361127390910575, 0.019975838747419768
2009-06-28, 0.015681005604884442, 0.005506102597045063, 0.02607681222407758, 0.008311577601363944, 0.022829529997051182
2009-06-28, 0.04789928300885634, 0.03854271817931541, 0.02058695701900861, 0.05370557834727475, 0.07876187848982659
2009-06-28, 0.02062121942421152, 0.013765256492612657, 0.023331884621543095, 0.013426394586818687, 0.03196134199587164
2009-05-29, 0.01425129945163018, 0.0027530512985225316, 0.02744927602534482, 0.005114816985454743, 0.02168805349719862
2009-05-29, 0.026357762869077338, 0.01927135908965772, 0.02195942082027585, 0.01854121157227343, 0.045659059994102365
2009-05-29, 0.026357762869077338, 0.01927135908965772, 0.02195942082027585, 0.01854121157227343, 0.045659059994102365
2009-05-29, 0.026357762869077338, 0.01927135908965772, 0.02195942082027585, 0.01854121157227343, 0.045659059994102365
2009-05-29, 0.026357762869077338, 0.01927135908965772, 0.02195942082027585, 0.01854121157227343, 0.045659059994102365
2009-05-29, 0.026357762869077338, 0.01927135908965772, 0.02195942082027585, 0.01854121157227343, 0.045659059994102365
2009-05-29, 0.026357762869077338, 0.01927135908965772, 0.02195942082027585, 0.01854121157227343, 0.045659059994102365
2009-05-29, 0.026357762869077338, 0.01927135908965772, 0.02195942082027585, 0.01854121157227343, 0.045659059994102365
2009-05-29, 0.026357762869077338, 0.01927135908965772, 0.02195942082027585, 0.01854121157227343, 0.045659059994102365
2009-05-29, 0.026357762869077338, 0.01927135908965772, 0.02195942082027585, 0.01854121157227343, 0.045659059994102365
2009-05-29, 0.026357762869077338, 0.01927135908965772, 0.02195942082027585, 0.01854121157227343, 0.045659059994102365
2009-05-29, 0.01215791079185841, 0.0027530512985225316, 0.030194203627879307, 0.0025574084927273717, 0.013126979748304431
2009-05-29, 0.013527009591320433, 0.0027530512985225316, 0.028821739826612066, 0.0025574084927273717, 0.019975838747419768
2009-05-29, 0.014116621408611935, 0.0, 0.02744927602534482, 0.004475464862272915, 0.02454174474683001
2009-05-29, 0.020515956865385484, 0.005506102597045063, 0.02744927602534482, 0.010868986094091315, 0.03823946274506074
2009-04-29, 0.015831102711036025, 0.013765256492612628, 0.032939131230413796, 0.0006393521231818287, 0.015980670997935844
2009-04-29, 0.031232209037458204, 0.03303661558227035, 0.023331884621543095, 0.016623155202727915, 0.051937180743291456
2009-04-29, 0.031232209037458204, 0.03303661558227035, 0.023331884621543095, 0.016623155202727915, 0.051937180743291456
2009-04-29, 0.031232209037458204, 0.03303661558227035, 0.023331884621543095, 0.016623155202727915, 0.051937180743291456
2009-04-29, 0.031232209037458204, 0.03303661558227035, 0.023331884621543095, 0.016623155202727915, 0.051937180743291456
2009-04-29, 0.031232209037458204, 0.03303661558227035, 0.023331884621543095, 0.016623155202727915, 0.051937180743291456
2009-04-29, 0.031232209037458204, 0.03303661558227035, 0.023331884621543095, 0.016623155202727915, 0.051937180743291456
2009-04-29, 0.031232209037458204, 0.03303661558227035, 0.023331884621543095, 0.016623155202727915, 0.051937180743291456
2009-04-29, 0.031232209037458204, 0.03303661558227035, 0.023331884621543095, 0.016623155202727915, 0.051937180743291456
2009-04-29, 0.031232209037458204, 0.03303661558227035, 0.023331884621543095, 0.016623155202727915, 0.051937180743291456
2009-04-29, 0.031232209037458204, 0.03303661558227035, 0.023331884621543095, 0.016623155202727915, 0.051937180743291456
2009-04-29, 0.01755418450871675, 0.013765256492612628, 0.03156666742914655, 0.0031967606159092003, 0.02168805349719862
2009-04-29, 0.041144555279758445, 0.04129576947783791, 0.02058695701900861, 0.042197240130001604, 0.06049825449218565
2009-04-29, 0.01548564501177652, 0.005506102597045033, 0.03568405883294828, 0.0019180563695455428, 0.018834362247567234
2009-04-29, 0.028938907769347058, 0.027530512985225283, 0.02744927602534482, 0.01854121157227343, 0.042234630494544706
2009-03-30, 0.01328254464834276, 0.008259153895567594, 0.028821739826612066, 0.0006393521231818287, 0.015409932748009551
2009-03-30, 0.02501330527789667, 0.022024410388180253, 0.02058695701900861, 0.014065746710000543, 0.04337610699439727
2009-03-30, 0.02501330527789667, 0.022024410388180253, 0.02058695701900861, 0.014065746710000543, 0.04337610699439727
2009-03-30, 0.02501330527789667, 0.022024410388180253, 0.02058695701900861, 0.014065746710000543, 0.04337610699439727
2009-03-30, 0.02501330527789667, 0.022024410388180253, 0.02058695701900861, 0.014065746710000543, 0.04337610699439727
2009-03-30, 0.02501330527789667, 0.022024410388180253, 0.02058695701900861, 0.014065746710000543, 0.04337610699439727
2009-03-30, 0.02501330527789667, 0.022024410388180253, 0.02058695701900861, 0.014065746710000543, 0.04337610699439727
2009-03-30, 0.02501330527789667, 0.022024410388180253, 0.02058695701900861, 0.014065746710000543, 0.04337610699439727
2009-03-30, 0.02501330527789667, 0.022024410388180253, 0.02058695701900861, 0.014065746710000543, 0.04337610699439727
2009-03-30, 0.02501330527789667, 0.022024410388180253, 0.02058695701900861, 0.014065746710000543, 0.04337610699439727
2009-03-30, 0.02501330527789667, 0.022024410388180253, 0.02058695701900861, 0.014065746710000543, 0.04337610699439727
2009-03-30, 0.012753809029561905, 0.0, 0.030194203627879307, 0.0025574084927273717, 0.018263623997640942
2009-03-30, 0.0168968636189087, 0.011012205194090127, 0.024704348422810336, 0.004475464862272915, 0.027395435996461423
2009-03-30, 0.040717392086923515, 0.03854271817931541, 0.017842029416474125, 0.04027918376045606, 0.06620563699144845
2009-03-30, 0.03038209156416432, 0.024777461686702782, 0.02058695701900861, 0.023656028557728172, 0.052507918993217724
2009-02-28, 0.01139876293751524, 0.005506102597045063, 0.02195942082027585, 0.014705098833182372, 0.003424429499557681
2009-02-28, 0.02016037094464018, 0.022024410388180253, 0.017842029416474125, 0.007672225478182115, 0.033102818495724225
2009-02-28, 0.02016037094464018, 0.022024410388180253, 0.017842029416474125, 0.007672225478182115, 0.033102818495724225
2009-02-28, 0.02016037094464018, 0.022024410388180253, 0.017842029416474125, 0.007672225478182115, 0.033102818495724225
2009-02-28, 0.02016037094464018, 0.022024410388180253, 0.017842029416474125, 0.007672225478182115, 0.033102818495724225
2009-02-28, 0.02016037094464018, 0.022024410388180253, 0.017842029416474125, 0.007672225478182115, 0.033102818495724225
2009-02-28, 0.02016037094464018, 0.022024410388180253, 0.017842029416474125, 0.007672225478182115, 0.033102818495724225
2009-02-28, 0.02016037094464018, 0.022024410388180253, 0.017842029416474125, 0.007672225478182115, 0.033102818495724225
2009-02-28, 0.02016037094464018, 0.022024410388180253, 0.017842029416474125, 0.007672225478182115, 0.033102818495724225
2009-02-28, 0.02016037094464018, 0.022024410388180253, 0.017842029416474125, 0.007672225478182115, 0.033102818495724225
2009-02-28, 0.02016037094464018, 0.022024410388180253, 0.017842029416474125, 0.007672225478182115, 0.033102818495724225
2009-02-28, 0.012989183310045524, 0.008259153895567594, 0.023331884621543095, 0.0089509297245458, 0.011414764998525603
2009-02-28, 0.03282155957308697, 0.04404882077636047, 0.012352174211405184, 0.022377324311364487, 0.052507918993217724
2009-02-28, 0.015783082504197014, 0.008259153895567594, 0.030194203627879307, 0.0012787042463636858, 0.023400268246977475
2009-02-28, 0.014722288245057363, 0.011012205194090127, 0.024704348422810336, 0.0031967606159092003, 0.019975838747419792
2009-01-29, 0.01044405113932569, 0.0, 0.02195942082027585, 0.0038361127390910575, 0.015980670997935844
2009-01-29, 0.02487437173846343, 0.022024410388180222, 0.01646956561520688, 0.01534445095636423, 0.045659059994102386
2009-01-29, 0.02487437173846343, 0.022024410388180222, 0.01646956561520688, 0.01534445095636423, 0.045659059994102386
2009-01-29, 0.02487437173846343, 0.022024410388180222, 0.01646956561520688, 0.01534445095636423, 0.045659059994102386
2009-01-29, 0.02487437173846343, 0.022024410388180222, 0.01646956561520688, 0.01534445095636423, 0.045659059994102386
2009-01-29, 0.02487437173846343, 0.022024410388180222, 0.01646956561520688, 0.01534445095636423, 0.045659059994102386
2009-01-29, 0.02487437173846343, 0.022024410388180222, 0.01646956561520688, 0.01534445095636423, 0.045659059994102386
2009-01-29, 0.02487437173846343, 0.022024410388180222, 0.01646956561520688, 0.01534445095636423, 0.045659059994102386
2009-01-29, 0.02487437173846343, 0.022024410388180222, 0.01646956561520688, 0.01534445095636423, 0.045659059994102386
2009-01-29, 0.02487437173846343, 0.022024410388180222, 0.01646956561520688, 0.01534445095636423, 0.045659059994102386
2009-01-29, 0.02487437173846343, 0.022024410388180222, 0.01646956561520688, 0.01534445095636423, 0.045659059994102386
2009-01-29, 0.011227228254376335, 0.005506102597045063, 0.02195942082027585, 0.008311577601363944, 0.009131811998820483
2009-01-29, 0.03666656932625113, 0.03854271817931541, 0.009607246608870698, 0.03516436677500134, 0.06335194574181706
2009-01-29, 0.020484821282141956, 0.013765256492612657, 0.024704348422810336, 0.011508338217273172, 0.03196134199587167
2009-01-29, 0.028590202244807066, 0.03303661558227035, 0.012352174211405184, 0.020459267941818945, 0.048512751243733776
2008-12-30, 0.015453694130220661, 0.011012205194090127, 0.02607681222407758, 0.007032873355000286, 0.01769288574771465
2008-12-30, 0.021749900822560665, 0.027530512985225283, 0.02195942082027585, 0.003836112739091029, 0.03367355674565049
2008-12-30, 0.021749900822560665, 0.027530512985225283, 0.02195942082027585, 0.003836112739091029, 0.03367355674565049
2008-12-30, 0.021749900822560665, 0.027530512985225283, 0.02195942082027585, 0.003836112739091029, 0.03367355674565049
2008-12-30, 0.021749900822560665, 0.027530512985225283, 0.02195942082027585, 0.003836112739091029, 0.03367355674565049
2008-12-30, 0.021749900822560665, 0.027530512985225283, 0.02195942082027585, 0.003836112739091029, 0.03367355674565049
2008-12-30, 0.021749900822560665, 0.027530512985225283, 0.02195942082027585, 0.003836112739091029, 0.03367355674565049
2008-12-30, 0.021749900822560665, 0.027530512985225283, 0.02195942082027585, 0.003836112739091029, 0.03367355674565049
2008-12-30, 0.021749900822560665, 0.027530512985225283, 0.02195942082027585, 0.003836112739091029, 0.03367355674565049
2008-12-30, 0.021749900822560665, 0.027530512985225283, 0.02195942082027585, 0.003836112739091029, 0.03367355674565049
2008-12-30, 0.021749900822560665, 0.027530512985225283, 0.02195942082027585, 0.003836112739091029, 0.03367355674565049
2008-12-30, 0.016177348034509813, 0.0027530512985225316, 0.032939131230413796, 0.004475464862272915, 0.02454174474683001
2008-12-30, 0.033976438518205074, 0.04404882077636046, 0.01646956561520691, 0.02173797218818263, 0.05364939549307029
2008-12-30, 0.020819101108553867, 0.01651830779113516, 0.024704348422810336, 0.008950929724545772, 0.0331028184957242
2008-12-30, 0.02962838621966237, 0.030283564283747816, 0.017842029416474156, 0.023016676434546315, 0.04737127474388119
2008-11-30, 0.011031688318976673, 0.011012205194090127, 0.01646956561520691, 0.011508338217273144, 0.005136644249336509
2008-11-30, 0.023766994220688467, 0.03303661558227035, 0.012352174211405184, 0.010868986094091315, 0.038810200994987026
2008-11-30, 0.023766994220688467, 0.03303661558227035, 0.012352174211405184, 0.010868986094091315, 0.038810200994987026
2008-11-30, 0.023766994220688467, 0.03303661558227035, 0.012352174211405184, 0.010868986094091315, 0.038810200994987026
2008-11-30, 0.023766994220688467, 0.03303661558227035, 0.012352174211405184, 0.010868986094091315, 0.038810200994987026
2008-11-30, 0.023766994220688467, 0.03303661558227035, 0.012352174211405184, 0.010868986094091315, 0.038810200994987026
2008-11-30, 0.023766994220688467, 0.03303661558227035, 0.012352174211405184, 0.010868986094091315, 0.038810200994987026
2008-11-30, 0.023766994220688467, 0.03303661558227035, 0.012352174211405184, 0.010868986094091315, 0.038810200994987026
2008-11-30, 0.023766994220688467, 0.03303661558227035, 0.012352174211405184, 0.010868986094091315, 0.038810200994987026
2008-11-30, 0.023766994220688467, 0.03303661558227035, 0.012352174211405184, 0.010868986094091315, 0.038810200994987026
2008-11-30, 0.023766994220688467, 0.03303661558227035, 0.012352174211405184, 0.010868986094091315, 0.038810200994987026
2008-11-30, 0.012656104803189055, 0.008259153895567594, 0.019214493217741397, 0.008311577601363944, 0.014839194498083285
2008-11-30, 0.014069533676609973, 0.011012205194090127, 0.02058695701900861, 0.0012787042463636858, 0.023400268246977475
2008-11-30, 0.015482397186496032, 0.01927135908965769, 0.017842029416474156, 0.0025574084927273717, 0.022258791747124914
2008-11-30, 0.014006122080735666, 0.022024410388180222, 0.015097101813939669, 0.0006393521231818287, 0.018263623997640942
2008-10-31, 0.006288215754604716, 0.0, 0.020586957019008624, 0.0, 0.0045659059994102415
2008-10-31, 0.018299199518096998, 0.01927135908965772, 0.010979710410137926, 0.017262507325909743, 0.025683221246682594
2008-10-31, 0.018299199518096998, 0.01927135908965772, 0.010979710410137926, 0.017262507325909743, 0.025683221246682594
2008-10-31, 0.018299199518096998, 0.01927135908965772, 0.010979710410137926, 0.017262507325909743, 0.025683221246682594
2008-10-31, 0.018299199518096998, 0.01927135908965772, 0.010979710410137926, 0.017262507325909743, 0.025683221246682594
2008-10-31, 0.018299199518096998, 0.01927135908965772, 0.010979710410137926, 0.017262507325909743, 0.025683221246682594
2008-10-31, 0.018299199518096998, 0.01927135908965772, 0.010979710410137926, 0.017262507325909743, 0.025683221246682594
2008-10-31, 0.018299199518096998, 0.01927135908965772, 0.010979710410137926, 0.017262507325909743, 0.025683221246682594
2008-10-31, 0.018299199518096998, 0.01927135908965772, 0.010979710410137926, 0.017262507325909743, 0.025683221246682594
2008-10-31, 0.018299199518096998, 0.01927135908965772, 0.010979710410137926, 0.017262507325909743, 0.025683221246682594
2008-10-31, 0.018299199518096998, 0.01927135908965772, 0.010979710410137926, 0.017262507325909743, 0.025683221246682594
2008-10-31, 0.0064977940912905215, 0.0027530512985225316, 0.02195942082027587, 0.0012787042463636858, 0.0
2008-10-31, 0.020824124043643404, 0.03303661558227036, 0.004117391403801713, 0.020459267941818945, 0.025683221246682594
2008-10-31, 0.011053987778315321, 0.005506102597045063, 0.01784202941647414, 0.008311577601363944, 0.012556241498378138
2008-10-31, 0.017417102550988793, 0.022024410388180236, 0.009607246608870683, 0.014065746710000515, 0.023971006496903743
2008-10-01, 0.018450913852904406, 0.008259153895567594, 0.02195942082027587, 0.017901859449091586, 0.02568322124668257
2008-10-01, 0.010564242594047644, 0.013765256492612657, 0.010979710410137926, 0.0089509297245458, 0.00856107374889419
2008-10-01, 0.010564242594047644, 0.013765256492612657, 0.010979710410137926, 0.0089509297245458, 0.00856107374889419
2008-10-01, 0.010564242594047644, 0.013765256492612657, 0.010979710410137926, 0.0089509297245458, 0.00856107374889419
2008-10-01, 0.010564242594047644, 0.013765256492612657, 0.010979710410137926, 0.0089509297245458, 0.00856107374889419
2008-10-01, 0.010564242594047644, 0.013765256492612657, 0.010979710410137926, 0.0089509297245458, 0.00856107374889419
2008-10-01, 0.010564242594047644, 0.013765256492612657, 0.010979710410137926, 0.0089509297245458, 0.00856107374889419
2008-10-01, 0.010564242594047644, 0.013765256492612657, 0.010979710410137926, 0.0089509297245458, 0.00856107374889419
2008-10-01, 0.010564242594047644, 0.013765256492612657, 0.010979710410137926, 0.0089509297245458, 0.00856107374889419
2008-10-01, 0.010564242594047644, 0.013765256492612657, 0.010979710410137926, 0.0089509297245458, 0.00856107374889419
2008-10-01, 0.010564242594047644, 0.013765256492612657, 0.010979710410137926, 0.0089509297245458, 0.00856107374889419
2008-10-01, 0.010633746961912974, 0.011012205194090127, 0.00823478280760344, 0.009590281847727629, 0.0136977179982307
2008-10-01, 0.008452158433603592, 0.0275305129852253, 0.0, 0.0, 0.006278120749189069
2008-10-01, 0.011203386762679296, 0.024777461686702768, 0.006862319006336213, 0.005754169108636572, 0.007419597249041629
2008-10-01, 0.011258688968694778, 0.0, 0.01784202941647414, 0.014065746710000543, 0.013126979748304431
2008-09-01, 0.0104193334591481, 0.019271359089657707, 0.004117391403801728, 0.010868986094091343, 0.007419597249041629
2008-09-01, 0.0126092393318665, 0.005506102597045063, 0.010979710410137941, 0.018541211572273446, 0.015409932748009551
2008-09-01, 0.0126092393318665, 0.005506102597045063, 0.010979710410137941, 0.018541211572273446, 0.015409932748009551
2008-09-01, 0.0126092393318665, 0.005506102597045063, 0.010979710410137941, 0.018541211572273446, 0.015409932748009551
2008-09-01, 0.0126092393318665, 0.005506102597045063, 0.010979710410137941, 0.018541211572273446, 0.015409932748009551
2008-09-01, 0.0126092393318665, 0.005506102597045063, 0.010979710410137941, 0.018541211572273446, 0.015409932748009551
2008-09-01, 0.0126092393318665, 0.005506102597045063, 0.010979710410137941, 0.018541211572273446, 0.015409932748009551
2008-09-01, 0.0126092393318665, 0.005506102597045063, 0.010979710410137941, 0.018541211572273446, 0.015409932748009551
2008-09-01, 0.0126092393318665, 0.005506102597045063, 0.010979710410137941, 0.018541211572273446, 0.015409932748009551
2008-09-01, 0.0126092393318665, 0.005506102597045063, 0.010979710410137941, 0.018541211572273446, 0.015409932748009551
2008-09-01, 0.0126092393318665, 0.005506102597045063, 0.010979710410137941, 0.018541211572273446, 0.015409932748009551
2008-09-01, 0.00840376651165068, 0.019271359089657707, 0.0027449276025344853, 0.007032873355000286, 0.0045659059994102415
2008-09-01, 0.012006017114759258, 0.019271359089657707, 0.004117391403801728, 0.011508338217273172, 0.013126979748304431
2008-09-01, 0.017130740061020396, 0.008259153895567594, 0.01784202941647414, 0.023016676434546343, 0.0194051004974935
2008-09-01, 0.009192491220697235, 0.0, 0.01784202941647414, 0.011508338217273172, 0.007419597249041629
2008-08-02, 0.011555338836900991, 0.022024410388180236, 0.009607246608870683, 0.008311577601363971, 0.006278120749189069
2008-08-02, 0.013416421699177901, 0.005506102597045063, 0.016469565615206898, 0.0134263945868187, 0.018263623997640942
2008-08-02, 0.013416421699177901, 0.005506102597045063, 0.016469565615206898, 0.0134263945868187, 0.018263623997640942
2008-08-02, 0.013416421699177901, 0.005506102597045063, 0.016469565615206898, 0.0134263945868187, 0.018263623997640942
2008-08-02, 0.013416421699177901, 0.005506102597045063, 0.016469565615206898, 0.0134263945868187, 0.018263623997640942
2008-08-02, 0.013416421699177901, 0.005506102597045063, 0.016469565615206898, 0.0134263945868187, 0.018263623997640942
2008-08-02, 0.013416421699177901, 0.005506102597045063, 0.016469565615206898, 0.0134263945868187, 0.018263623997640942
2008-08-02, 0.013416421699177901, 0.005506102597045063, 0.016469565615206898, 0.0134263945868187, 0.018263623997640942
2008-08-02, 0.013416421699177901, 0.005506102597045063, 0.016469565615206898, 0.0134263945868187, 0.018263623997640942
2008-08-02, 0.013416421699177901, 0.005506102597045063, 0.016469565615206898, 0.0134263945868187, 0.018263623997640942
2008-08-02, 0.013416421699177901, 0.005506102597045063, 0.016469565615206898, 0.0134263945868187, 0.018263623997640942
2008-08-02, 0.012581321686046209, 0.022024410388180236, 0.0068623190063361985, 0.008311577601363971, 0.013126979748304431
2008-08-02, 0.013521877906424905, 0.005506102597045063, 0.02195942082027585, 0.014065746710000543, 0.012556241498378164
2008-08-02, 0.010242535608459707, 0.011012205194090111, 0.01372463801267241, 0.007672225478182115, 0.00856107374889419
2008-08-02, 0.014064401991714437, 0.013765256492612642, 0.01372463801267241, 0.012787042463636858, 0.015980670997935844
2008-07-03, 0.012986454264260892, 0.016518307791135174, 0.00823478280760344, 0.01406574671000053, 0.013126979748304431
2008-07-03, 0.012319289579413462, 0.005506102597045063, 0.01372463801267241, 0.01406574671000053, 0.015980670997935844
2008-07-03, 0.012319289579413462, 0.005506102597045063, 0.01372463801267241, 0.01406574671000053, 0.015980670997935844
2008-07-03, 0.012319289579413462, 0.005506102597045063, 0.01372463801267241, 0.01406574671000053, 0.015980670997935844
2008-07-03, 0.012319289579413462, 0.005506102597045063, 0.01372463801267241, 0.01406574671000053, 0.015980670997935844
2008-07-03, 0.012319289579413462, 0.005506102597045063, 0.01372463801267241, 0.01406574671000053, 0.015980670997935844
2008-07-03, 0.012319289579413462, 0.005506102597045063, 0.01372463801267241, 0.01406574671000053, 0.015980670997935844
2008-07-03, 0.012319289579413462, 0.005506102597045063, 0.01372463801267241, 0.01406574671000053, 0.015980670997935844
2008-07-03, 0.012319289579413462, 0.005506102597045063, 0.01372463801267241, 0.01406574671000053, 0.015980670997935844
2008-07-03, 0.012319289579413462, 0.005506102597045063, 0.01372463801267241, 0.01406574671000053, 0.015980670997935844
2008-07-03, 0.012319289579413462, 0.005506102597045063, 0.01372463801267241, 0.01406574671000053, 0.015980670997935844
2008-07-03, 0.00950453247793873, 0.005506102597045063, 0.012352174211405168, 0.007032873355000258, 0.013126979748304431
2008-07-03, 0.010817543660930197, 0.005506102597045063, 0.012352174211405168, 0.013426394586818687, 0.011985503248451872
2008-07-03, 0.019972673768140117, 0.011012205194090111, 0.02195942082027585, 0.022377324311364473, 0.024541744746830036
2008-07-03, 0.008105499414788626, 0.016518307791135174, 0.0068623190063361985, 0.004475464862272886, 0.0045659059994102415
2008-06-03, 0.009361074597372112, 0.022024410388180222, 0.004117391403801728, 0.009590281847727644, 0.0017122147497788533
2008-06-03, 0.01188953009904664, 0.005506102597045048, 0.009607246608870683, 0.02045926794181896, 0.011985503248451872
2008-06-03, 0.01188953009904664, 0.005506102597045048, 0.009607246608870683, 0.02045926794181896, 0.011985503248451872
2008-06-03, 0.01188953009904664, 0.005506102597045048, 0.009607246608870683, 0.02045926794181896, 0.011985503248451872
2008-06-03, 0.01188953009904664, 0.005506102597045048, 0.009607246608870683, 0.02045926794181896, 0.011985503248451872
2008-06-03, 0.01188953009904664, 0.005506102597045048, 0.009607246608870683, 0.02045926794181896, 0.011985503248451872
2008-06-03, 0.01188953009904664, 0.005506102597045048, 0.009607246608870683, 0.02045926794181896, 0.011985503248451872
2008-06-03, 0.01188953009904664, 0.005506102597045048, 0.009607246608870683, 0.02045926794181896, 0.011985503248451872
2008-06-03, 0.01188953009904664, 0.005506102597045048, 0.009607246608870683, 0.02045926794181896, 0.011985503248451872
2008-06-03, 0.01188953009904664, 0.005506102597045048, 0.009607246608870683, 0.02045926794181896, 0.011985503248451872
2008-06-03, 0.01188953009904664, 0.005506102597045048, 0.009607246608870683, 0.02045926794181896, 0.011985503248451872
2008-06-03, 0.009757371051681922, 0.019271359089657707, 0.004117391403801728, 0.012787042463636844, 0.0028536912496314134
2008-06-03, 0.019472891140412098, 0.019271359089657707, 0.01784202941647414, 0.023656028557728172, 0.01712214749778838
2008-06-03, 0.01076864726561063, 0.0, 0.0068623190063361985, 0.023656028557728172, 0.01255624149837815
2008-06-03, 0.009467124780412424, 0.011012205194090111, 0.0027449276025344853, 0.017262507325909743, 0.006848858999115362
2008-05-04, 0.008617614650880687, 0.016518307791135174, 0.0027449276025344853, 0.01406574671000053, 0.0011414764998525604
2008-05-04, 0.009339251937302045, 0.0027530512985225165, 0.0068623190063361985, 0.019180563695455274, 0.00856107374889419
2008-05-04, 0.009339251937302045, 0.0027530512985225165, 0.0068623190063361985, 0.019180563695455274, 0.00856107374889419
2008-05-04, 0.009339251937302045, 0.0027530512985225165, 0.0068623190063361985, 0.019180563695455274, 0.00856107374889419
2008-05-04, 0.009339251937302045, 0.0027530512985225165, 0.0068623190063361985, 0.019180563695455274, 0.00856107374889419
2008-05-04, 0.009339251937302045, 0.0027530512985225165, 0.0068623190063361985, 0.019180563695455274, 0.00856107374889419
2008-05-04, 0.009339251937302045, 0.0027530512985225165, 0.0068623190063361985, 0.019180563695455274, 0.00856107374889419
2008-05-04, 0.009339251937302045, 0.0027530512985225165, 0.0068623190063361985, 0.019180563695455274, 0.00856107374889419
2008-05-04, 0.009339251937302045, 0.0027530512985225165, 0.0068623190063361985, 0.019180563695455274, 0.00856107374889419
2008-05-04, 0.009339251937302045, 0.0027530512985225165, 0.0068623190063361985, 0.019180563695455274, 0.00856107374889419
2008-05-04, 0.009339251937302045, 0.0027530512985225165, 0.0068623190063361985, 0.019180563695455274, 0.00856107374889419
2008-05-04, 0.007852731433531164, 0.016518307791135174, 0.0027449276025344853, 0.012147690340455, 0.0
2008-05-04, 0.011235677081439287, 0.01927135908965769, 0.004117391403801728, 0.014705098833182372, 0.006848858999115362
2008-05-04, 0.01386023388696008, 0.011012205194090127, 0.010979710410137926, 0.019180563695455274, 0.014268456248156992
2008-05-04, 0.01097142040238857, 0.00825915389556758, 0.004117391403801728, 0.022377324311364487, 0.009131811998820483
2008-04-04, 0.011287137486380952, 0.01927135908965769, 0.004117391403801728, 0.016623155202727887, 0.005136644249336509
2008-04-04, 0.010056736597703918, 0.00825915389556758, 0.0013724638012672426, 0.019180563695455257, 0.011414764998525591
2008-04-04, 0.010056736597703918, 0.00825915389556758, 0.0013724638012672426, 0.019180563695455257, 0.011414764998525591
2008-04-04, 0.010056736597703918, 0.00825915389556758, 0.0013724638012672426, 0.019180563695455257, 0.011414764998525591
2008-04-04, 0.010056736597703918, 0.00825915389556758, 0.0013724638012672426, 0.019180563695455257, 0.011414764998525591
2008-04-04, 0.010056736597703918, 0.00825915389556758, 0.0013724638012672426, 0.019180563695455257, 0.011414764998525591
2008-04-04, 0.010056736597703918, 0.00825915389556758, 0.0013724638012672426, 0.019180563695455257, 0.011414764998525591
2008-04-04, 0.010056736597703918, 0.00825915389556758, 0.0013724638012672426, 0.019180563695455257, 0.011414764998525591
2008-04-04, 0.010056736597703918, 0.00825915389556758, 0.0013724638012672426, 0.019180563695455257, 0.011414764998525591
2008-04-04, 0.010056736597703918, 0.00825915389556758, 0.0013724638012672426, 0.019180563695455257, 0.011414764998525591
2008-04-04, 0.010056736597703918, 0.00825915389556758, 0.0013724638012672426, 0.019180563695455257, 0.011414764998525591
2008-04-04, 0.01150328539432639, 0.005506102597045048, 0.0013724638012672426, 0.02429538068091, 0.014839194498083273
2008-04-04, 0.012575257526313615, 0.00825915389556758, 0.004117391403801728, 0.023656028557728158, 0.014268456248156992
2008-04-04, 0.012289577576404791, 0.0027530512985225316, 0.005489855205068956, 0.024934732804091846, 0.015980670997935834
2008-04-04, 0.012928721745036446, 0.013765256492612642, 0.0013724638012672426, 0.02173797218818263, 0.014839194498083273
2008-03-05, 0.011569349564089079, 0.008259153895567594, 0.0013724638012672426, 0.022377324311364487, 0.014268456248156992
2008-03-05, 0.011569349564089079, 0.008259153895567594, 0.0013724638012672426, 0.022377324311364487, 0.014268456248156992
2008-03-05, 0.011569349564089079, 0.008259153895567594, 0.0013724638012672426, 0.022377324311364487, 0.014268456248156992
2008-03-05, 0.011569349564089079, 0.008259153895567594, 0.0013724638012672426, 0.022377324311364487, 0.014268456248156992
2008-03-05, 0.011569349564089079, 0.008259153895567594, 0.0013724638012672426, 0.022377324311364487, 0.014268456248156992
2008-03-05, 0.011569349564089079, 0.008259153895567594, 0.0013724638012672426, 0.022377324311364487, 0.014268456248156992
2008-03-05, 0.011569349564089079, 0.008259153895567594, 0.0013724638012672426, 0.022377324311364487, 0.014268456248156992
2008-03-05, 0.011569349564089079, 0.008259153895567594, 0.0013724638012672426, 0.022377324311364487, 0.014268456248156992
2008-03-05, 0.011569349564089079, 0.008259153895567594, 0.0013724638012672426, 0.022377324311364487, 0.014268456248156992
2008-03-05, 0.011569349564089079, 0.008259153895567594, 0.0013724638012672426, 0.022377324311364487, 0.014268456248156992
2008-03-05, 0.011569349564089079, 0.008259153895567594, 0.0013724638012672426, 0.022377324311364487, 0.014268456248156992
2008-03-05, 0.014270837587274428, 0.0027530512985225165, 0.0068623190063361985, 0.027492141296819216, 0.01997583874741978
2008-03-05, 0.012494070812234062, 0.008259153895567594, 0.0013724638012672426, 0.02493473280409186, 0.015409932748009551
2008-03-05, 0.013853132168235752, 0.008259153895567594, 0.0027449276025344853, 0.025574084927273703, 0.01883436224756722
2008-03-05, 0.016661588543169247, 0.011012205194090111, 0.00823478280760344, 0.026852789173637374, 0.02054657699734606
2008-02-04, 0.006606882869462344, 0.005506102597045063, 0.004117391403801728, 0.0076722254781821, 0.009131811998820483
2008-02-04, 0.006606882869462344, 0.005506102597045063, 0.004117391403801728, 0.0076722254781821, 0.009131811998820483
2008-02-04, 0.006606882869462344, 0.005506102597045063, 0.004117391403801728, 0.0076722254781821, 0.009131811998820483
2008-02-04, 0.006606882869462344, 0.005506102597045063, 0.004117391403801728, 0.0076722254781821, 0.009131811998820483
2008-02-04, 0.006606882869462344, 0.005506102597045063, 0.004117391403801728, 0.0076722254781821, 0.009131811998820483
2008-02-04, 0.006606882869462344, 0.005506102597045063, 0.004117391403801728, 0.0076722254781821, 0.009131811998820483
2008-02-04, 0.006606882869462344, 0.005506102597045063, 0.004117391403801728, 0.0076722254781821, 0.009131811998820483
2008-02-04, 0.006606882869462344, 0.005506102597045063, 0.004117391403801728, 0.0076722254781821, 0.009131811998820483
2008-02-04, 0.006606882869462344, 0.005506102597045063, 0.004117391403801728, 0.0076722254781821, 0.009131811998820483
2008-02-04, 0.006606882869462344, 0.005506102597045063, 0.004117391403801728, 0.0076722254781821, 0.009131811998820483
2008-02-04, 0.006606882869462344, 0.005506102597045063, 0.004117391403801728, 0.0076722254781821, 0.009131811998820483
2008-02-04, 0.01205633709031369, 0.013765256492612642, 0.004117391403801728, 0.011508338217273158, 0.018834362247567234
2008-02-04, 0.009972675049056575, 0.008259153895567594, 0.005489855205068971, 0.009590281847727629, 0.016551409247862112
2008-02-04, 0.009966388628644579, 0.008259153895567594, 0.004117391403801728, 0.011508338217273158, 0.015980670997935834
2008-02-04, 0.008666200221254574, 0.016518307791135174, 0.009607246608870698, 0.005114816985454743, 0.003424429499557681
2008-01-05, 0.005677595299956683, 0.0027530512985225165, 0.0013724638012672426, 0.008311577601363944, 0.01027328849867303
2008-01-05, 0.005677595299956683, 0.0027530512985225165, 0.0013724638012672426, 0.008311577601363944, 0.01027328849867303
2008-01-05, 0.005677595299956683, 0.0027530512985225165, 0.0013724638012672426, 0.008311577601363944, 0.01027328849867303
2008-01-05, 0.005677595299956683, 0.0027530512985225165, 0.0013724638012672426, 0.008311577601363944, 0.01027328849867303
2008-01-05, 0.005677595299956683, 0.0027530512985225165, 0.0013724638012672426, 0.008311577601363944, 0.01027328849867303
2008-01-05, 0.005677595299956683, 0.0027530512985225165, 0.0013724638012672426, 0.008311577601363944, 0.01027328849867303
2008-01-05, 0.005677595299956683, 0.0027530512985225165, 0.0013724638012672426, 0.008311577601363944, 0.01027328849867303
2008-01-05, 0.005677595299956683, 0.0027530512985225165, 0.0013724638012672426, 0.008311577601363944, 0.01027328849867303
2008-01-05, 0.005677595299956683, 0.0027530512985225165, 0.0013724638012672426, 0.008311577601363944, 0.01027328849867303
2008-01-05, 0.005677595299956683, 0.0027530512985225165, 0.0013724638012672426, 0.008311577601363944, 0.01027328849867303
2008-01-05, 0.005677595299956683, 0.0027530512985225165, 0.0013724638012672426, 0.008311577601363944, 0.01027328849867303
2008-01-05, 0.012328822549507155, 0.008259153895567594, 0.0027449276025344853, 0.0166231552027279, 0.021688053497198635
2008-01-05, 0.007281743248827418, 0.00825915389556758, 0.0, 0.008311577601363944, 0.01255624149837815
2008-01-05, 0.007652568890414333, 0.0027530512985225316, 0.0013724638012672426, 0.012787042463636844, 0.013697717998230712
2008-01-05, 0.007659981434084345, 0.011012205194090111, 0.00823478280760344, 0.005114816985454743, 0.006278120749189082
2007-12-06, 0.011710299721390094, 0.013765256492612642, 0.008234782807603456, 0.013426394586818687, 0.011414764998525591
2007-12-06, 0.011710299721390094, 0.013765256492612642, 0.008234782807603456, 0.013426394586818687, 0.011414764998525591
2007-12-06, 0.011710299721390094, 0.013765256492612642, 0.008234782807603456, 0.013426394586818687, 0.011414764998525591
2007-12-06, 0.011710299721390094, 0.013765256492612642, 0.008234782807603456, 0.013426394586818687, 0.011414764998525591
2007-12-06, 0.011710299721390094, 0.013765256492612642, 0.008234782807603456, 0.013426394586818687, 0.011414764998525591
2007-12-06, 0.011710299721390094, 0.013765256492612642, 0.008234782807603456, 0.013426394586818687, 0.011414764998525591
2007-12-06, 0.011710299721390094, 0.013765256492612642, 0.008234782807603456, 0.013426394586818687, 0.011414764998525591
2007-12-06, 0.011710299721390094, 0.013765256492612642, 0.008234782807603456, 0.013426394586818687, 0.011414764998525591
2007-12-06, 0.011710299721390094, 0.013765256492612642, 0.008234782807603456, 0.013426394586818687, 0.011414764998525591
2007-12-06, 0.011710299721390094, 0.013765256492612642, 0.008234782807603456, 0.013426394586818687, 0.011414764998525591
2007-12-06, 0.011710299721390094, 0.013765256492612642, 0.008234782807603456, 0.013426394586818687, 0.011414764998525591
2007-12-06, 0.010055596168316687, 0.0027530512985225316, 0.0013724638012672426, 0.017262507325909743, 0.018834362247567234
2007-12-06, 0.009450550981762626, 0.0027530512985225316, 0.0013724638012672426, 0.01598380307954606, 0.017692885747714673
2007-12-06, 0.00603157829817539, 0.0027530512985225316, 0.0013724638012672426, 0.010868986094091315, 0.009131811998820471
2007-12-06, 0.011753220521243344, 0.024777461686702768, 0.010979710410137926, 0.0038361127390910575, 0.007419597249041629
2007-11-06, 0.010202536227213245, 0.0, 0.005489855205068971, 0.015344450956364216, 0.019975838747419792
2007-11-06, 0.012228762268062375, 0.011012205194090127, 0.0013724638012672426, 0.01598380307954606, 0.020546576997346074
2007-11-06, 0.012228762268062375, 0.011012205194090127, 0.0013724638012672426, 0.01598380307954606, 0.020546576997346074
2007-11-06, 0.012228762268062375, 0.011012205194090127, 0.0013724638012672426, 0.01598380307954606, 0.020546576997346074
2007-11-06, 0.012228762268062375, 0.011012205194090127, 0.0013724638012672426, 0.01598380307954606, 0.020546576997346074
2007-11-06, 0.012228762268062375, 0.011012205194090127, 0.0013724638012672426, 0.01598380307954606, 0.020546576997346074
2007-11-06, 0.012228762268062375, 0.011012205194090127, 0.0013724638012672426, 0.01598380307954606, 0.020546576997346074
2007-11-06, 0.012228762268062375, 0.011012205194090127, 0.0013724638012672426, 0.01598380307954606, 0.020546576997346074
2007-11-06, 0.012228762268062375, 0.011012205194090127, 0.0013724638012672426, 0.01598380307954606, 0.020546576997346074
2007-11-06, 0.012228762268062375, 0.011012205194090127, 0.0013724638012672426, 0.01598380307954606, 0.020546576997346074
2007-11-06, 0.012228762268062375, 0.011012205194090127, 0.0013724638012672426, 0.01598380307954606, 0.020546576997346074
2007-11-06, 0.012831465705673738, 0.0027530512985225316, 0.005489855205068971, 0.01854121157227343, 0.024541744746830022
2007-11-06, 0.010566556668892283, 0.0, 0.0027449276025344853, 0.017262507325909743, 0.0222587917471249
2007-11-06, 0.010583710137206173, 0.0, 0.0027449276025344853, 0.017901859449091586, 0.02168805349719862
2007-11-06, 0.01323607950439256, 0.0027530512985225316, 0.004117391403801728, 0.019819915818637117, 0.026253959496608862
2007-10-07, 0.003409764844568452, 0.0, 0.004117391403801728, 0.0089509297245458, 0.0005707382499262802
2007-10-07, 0.006627773054695351, 0.008259153895567594, 0.005489855205068971, 0.0019180563695455287, 0.01084402674859931
2007-10-07, 0.006627773054695351, 0.008259153895567594, 0.005489855205068971, 0.0019180563695455287, 0.01084402674859931
2007-10-07, 0.006627773054695351, 0.008259153895567594, 0.005489855205068971, 0.0019180563695455287, 0.01084402674859931
2007-10-07, 0.006627773054695351, 0.008259153895567594, 0.005489855205068971, 0.0019180563695455287, 0.01084402674859931
2007-10-07, 0.006627773054695351, 0.008259153895567594, 0.005489855205068971, 0.0019180563695455287, 0.01084402674859931
2007-10-07, 0.006627773054695351, 0.008259153895567594, 0.005489855205068971, 0.0019180563695455287, 0.01084402674859931
2007-10-07, 0.006627773054695351, 0.008259153895567594, 0.005489855205068971, 0.0019180563695455287, 0.01084402674859931
2007-10-07, 0.006627773054695351, 0.008259153895567594, 0.005489855205068971, 0.0019180563695455287, 0.01084402674859931
2007-10-07, 0.006627773054695351, 0.008259153895567594, 0.005489855205068971, 0.0019180563695455287, 0.01084402674859931
2007-10-07, 0.006627773054695351, 0.008259153895567594, 0.005489855205068971, 0.0019180563695455287, 0.01084402674859931
2007-10-07, 0.004106345013608092, 0.005506102597045063, 0.0027449276025344853, 0.007032873355000272, 0.0011414764998525476
2007-10-07, 0.002889657395142287, 0.0, 0.0027449276025344853, 0.007672225478182115, 0.0011414764998525476
2007-10-07, 0.013247539589927368, 0.019271359089657707, 0.010979710410137941, 0.004475464862272886, 0.018263623997640942
2007-10-07, 0.006728144161085813, 0.011012205194090127, 0.005489855205068971, 0.0012787042463636858, 0.009131811998820471
2007-09-07, 0.0027641263009746107, 0.0, 0.0027449276025344853, 0.008311577601363957, 0.0
2007-09-07, 0.005628981117324364, 0.008259153895567594, 0.005489855205068971, 0.0019180563695455287, 0.006848858999115362
2007-09-07, 0.005628981117324364, 0.008259153895567594, 0.005489855205068971, 0.0019180563695455287, 0.006848858999115362
2007-09-07, 0.005628981117324364, 0.008259153895567594, 0.005489855205068971, 0.0019180563695455287, 0.006848858999115362
2007-09-07, 0.005628981117324364, 0.008259153895567594, 0.005489855205068971, 0.0019180563695455287, 0.006848858999115362
2007-09-07, 0.005628981117324364, 0.008259153895567594, 0.005489855205068971, 0.0019180563695455287, 0.006848858999115362
2007-09-07, 0.005628981117324364, 0.008259153895567594, 0.005489855205068971, 0.0019180563695455287, 0.006848858999115362
2007-09-07, 0.005628981117324364, 0.008259153895567594, 0.005489855205068971, 0.0019180563695455287, 0.006848858999115362
2007-09-07, 0.005628981117324364, 0.008259153895567594, 0.005489855205068971, 0.0019180563695455287, 0.006848858999115362
2007-09-07, 0.005628981117324364, 0.008259153895567594, 0.005489855205068971, 0.0019180563695455287, 0.006848858999115362
2007-09-07, 0.005628981117324364, 0.008259153895567594, 0.005489855205068971, 0.0019180563695455287, 0.006848858999115362
2007-09-07, 0.0032348042694561093, 0.0027530512985225316, 0.0013724638012672426, 0.007672225478182115, 0.0011414764998525476
2007-09-07, 0.013620706980456976, 0.022024410388180236, 0.008234782807603456, 0.0076722254781821, 0.016551409247862112
2007-09-07, 0.00550631055159525, 0.011012205194090127, 0.004117391403801728, 0.005754169108636586, 0.0011414764998525604
2007-09-07, 0.006869108624516058, 0.013765256492612657, 0.006862319006336213, 0.0, 0.006848858999115362
2007-08-08, 0.005821924765192141, 0.005506102597045048, 0.009607246608870683, 0.007032873355000272, 0.0011414764998525604
2007-08-08, 0.008391373013118415, 0.013765256492612642, 0.015097101813939653, 0.0012787042463636858, 0.003424429499557681
2007-08-08, 0.008391373013118415, 0.013765256492612642, 0.015097101813939653, 0.0012787042463636858, 0.003424429499557681
2007-08-08, 0.008391373013118415, 0.013765256492612642, 0.015097101813939653, 0.0012787042463636858, 0.003424429499557681
2007-08-08, 0.008391373013118415, 0.013765256492612642, 0.015097101813939653, 0.0012787042463636858, 0.003424429499557681
2007-08-08, 0.008391373013118415, 0.013765256492612642, 0.015097101813939653, 0.0012787042463636858, 0.003424429499557681
2007-08-08, 0.008391373013118415, 0.013765256492612642, 0.015097101813939653, 0.0012787042463636858, 0.003424429499557681
2007-08-08, 0.008391373013118415, 0.013765256492612642, 0.015097101813939653, 0.0012787042463636858, 0.003424429499557681
2007-08-08, 0.008391373013118415, 0.013765256492612642, 0.015097101813939653, 0.0012787042463636858, 0.003424429499557681
2007-08-08, 0.008391373013118415, 0.013765256492612642, 0.015097101813939653, 0.0012787042463636858, 0.003424429499557681
2007-08-08, 0.008391373013118415, 0.013765256492612642, 0.015097101813939653, 0.0012787042463636858, 0.003424429499557681
2007-08-08, 0.004619840911547349, 0.0027530512985225316, 0.009607246608870683, 0.0038361127390910575, 0.0022829529997051208
2007-08-08, 0.005216879578638079, 0.005506102597045048, 0.009607246608870683, 0.005754169108636586, 0.0
2007-08-08, 0.00495667044145216, 0.0027530512985225316, 0.009607246608870683, 0.005754169108636586, 0.0017122147497788405
2007-08-08, 0.00632232904281153, 0.00825915389556758, 0.010979710410137926, 0.0031967606159092146, 0.002853691249631401
2007-07-09, 0.009076818227698158, 0.005506102597045063, 0.0, 0.021098620065000802, 0.009702550248746764
2007-07-09, 0.006836164377954921, 0.005506102597045063, 0.005489855205068971, 0.01406574671000053, 0.0022829529997051208
2007-07-09, 0.006836164377954921, 0.005506102597045063, 0.005489855205068971, 0.01406574671000053, 0.0022829529997051208
2007-07-09, 0.006836164377954921, 0.005506102597045063, 0.005489855205068971, 0.01406574671000053, 0.0022829529997051208
2007-07-09, 0.006836164377954921, 0.005506102597045063, 0.005489855205068971, 0.01406574671000053, 0.0022829529997051208
2007-07-09, 0.006836164377954921, 0.005506102597045063, 0.005489855205068971, 0.01406574671000053, 0.0022829529997051208
2007-07-09, 0.006836164377954921, 0.005506102597045063, 0.005489855205068971, 0.01406574671000053, 0.0022829529997051208
2007-07-09, 0.006836164377954921, 0.005506102597045063, 0.005489855205068971, 0.01406574671000053, 0.0022829529997051208
2007-07-09, 0.006836164377954921, 0.005506102597045063, 0.005489855205068971, 0.01406574671000053, 0.0022829529997051208
2007-07-09, 0.006836164377954921, 0.005506102597045063, 0.005489855205068971, 0.01406574671000053, 0.0022829529997051208
2007-07-09, 0.006836164377954921, 0.005506102597045063, 0.005489855205068971, 0.01406574671000053, 0.0022829529997051208
2007-07-09, 0.01083127123727066, 0.00825915389556758, 0.009607246608870698, 0.019180563695455274, 0.006278120749189082
2007-07-09, 0.009118226883050263, 0.00825915389556758, 0.008234782807603456, 0.01598380307954606, 0.003995167749483961
2007-07-09, 0.010869018372001098, 0.0027530512985225316, 0.006862319006336213, 0.02301667643454633, 0.01084402674859931
2007-07-09, 0.009870522953446561, 0.011012205194090111, 0.010979710410137926, 0.01406574671000053, 0.003424429499557681
2007-06-09, 0.008532055263861424, 0.005506102597045063, 0.006862319006336213, 0.0166231552027279, 0.005136644249336521
2007-06-09, 0.008532055263861424, 0.005506102597045063, 0.006862319006336213, 0.0166231552027279, 0.005136644249336521
2007-06-09, 0.008532055263861424, 0.005506102597045063, 0.006862319006336213, 0.0166231552027279, 0.005136644249336521
2007-06-09, 0.008532055263861424, 0.005506102597045063, 0.006862319006336213, 0.0166231552027279, 0.005136644249336521
2007-06-09, 0.008532055263861424, 0.005506102597045063, 0.006862319006336213, 0.0166231552027279, 0.005136644249336521
2007-06-09, 0.008532055263861424, 0.005506102597045063, 0.006862319006336213, 0.0166231552027279, 0.005136644249336521
2007-06-09, 0.008532055263861424, 0.005506102597045063, 0.006862319006336213, 0.0166231552027279, 0.005136644249336521
2007-06-09, 0.008532055263861424, 0.005506102597045063, 0.006862319006336213, 0.0166231552027279, 0.005136644249336521
2007-06-09, 0.008532055263861424, 0.005506102597045063, 0.006862319006336213, 0.0166231552027279, 0.005136644249336521
2007-06-09, 0.008532055263861424, 0.005506102597045063, 0.006862319006336213, 0.0166231552027279, 0.005136644249336521
2007-06-09, 0.008532055263861424, 0.005506102597045063, 0.006862319006336213, 0.0166231552027279, 0.005136644249336521
2007-06-09, 0.009443374066740857, 0.005506102597045063, 0.0027449276025344853, 0.019819915818637117, 0.009702550248746764
2007-06-09, 0.006552515352043109, 0.0027530512985225316, 0.004117391403801728, 0.015344450956364216, 0.003995167749483961
2007-06-09, 0.010287413074172927, 0.0027530512985225316, 0.008234782807603456, 0.02045926794181896, 0.009702550248746764
2007-06-09, 0.005727854385342904, 0.0, 0.005489855205068971, 0.013426394586818687, 0.003995167749483961
2007-05-10, 0.006593419534028572, 0.008259153895567594, 0.004117391403801728, 0.013426394586818687, 0.0005707382499262802
2007-05-10, 0.006071281160605399, 0.005506102597045063, 0.005489855205068971, 0.012147690340455, 0.0011414764998525604
2007-05-10, 0.006071281160605399, 0.005506102597045063, 0.005489855205068971, 0.012147690340455, 0.0011414764998525604
2007-05-10, 0.006071281160605399, 0.005506102597045063, 0.005489855205068971, 0.012147690340455, 0.0011414764998525604
2007-05-10, 0.006071281160605399, 0.005506102597045063, 0.005489855205068971, 0.012147690340455, 0.0011414764998525604
2007-05-10, 0.006071281160605399, 0.005506102597045063, 0.005489855205068971, 0.012147690340455, 0.0011414764998525604
2007-05-10, 0.006071281160605399, 0.005506102597045063, 0.005489855205068971, 0.012147690340455, 0.0011414764998525604
2007-05-10, 0.006071281160605399, 0.005506102597045063, 0.005489855205068971, 0.012147690340455, 0.0011414764998525604
2007-05-10, 0.006071281160605399, 0.005506102597045063, 0.005489855205068971, 0.012147690340455, 0.0011414764998525604
2007-05-10, 0.006071281160605399, 0.005506102597045063, 0.005489855205068971, 0.012147690340455, 0.0011414764998525604
2007-05-10, 0.006071281160605399, 0.005506102597045063, 0.005489855205068971, 0.012147690340455, 0.0011414764998525604
2007-05-10, 0.009208635742277827, 0.005506102597045048, 0.0013724638012672426, 0.01854121157227343, 0.011414764998525591
2007-05-10, 0.010328613774974849, 0.016518307791135174, 0.012352174211405184, 0.009590281847727629, 0.002853691249631401
2007-05-10, 0.005329022533669431, 0.0027530512985225165, 0.0, 0.013426394586818687, 0.005136644249336521
2007-05-10, 0.010134483113680832, 0.013765256492612657, 0.006862319006336213, 0.015344450956364216, 0.0045659059994102415
2007-04-10, 0.006136219207110065, 0.0, 0.0, 0.01598380307954606, 0.008561073748894203
2007-04-10, 0.007549587190362771, 0.005506102597045063, 0.005489855205068971, 0.01406574671000053, 0.005136644249336521
2007-04-10, 0.007549587190362771, 0.005506102597045063, 0.005489855205068971, 0.01406574671000053, 0.005136644249336521
2007-04-10, 0.007549587190362771, 0.005506102597045063, 0.005489855205068971, 0.01406574671000053, 0.005136644249336521
2007-04-10, 0.007549587190362771, 0.005506102597045063, 0.005489855205068971, 0.01406574671000053, 0.005136644249336521
2007-04-10, 0.007549587190362771, 0.005506102597045063, 0.005489855205068971, 0.01406574671000053, 0.005136644249336521
2007-04-10, 0.007549587190362771, 0.005506102597045063, 0.005489855205068971, 0.01406574671000053, 0.005136644249336521
2007-04-10, 0.007549587190362771, 0.005506102597045063, 0.005489855205068971, 0.01406574671000053, 0.005136644249336521
2007-04-10, 0.007549587190362771, 0.005506102597045063, 0.005489855205068971, 0.01406574671000053, 0.005136644249336521
2007-04-10, 0.007549587190362771, 0.005506102597045063, 0.005489855205068971, 0.01406574671000053, 0.005136644249336521
2007-04-10, 0.007549587190362771, 0.005506102597045063, 0.005489855205068971, 0.01406574671000053, 0.005136644249336521
2007-04-10, 0.005999821065040494, 0.0, 0.0013724638012672426, 0.01406574671000053, 0.008561073748894203
2007-04-10, 0.01048216538535831, 0.016518307791135174, 0.010979710410137941, 0.012147690340455, 0.0022829529997051208
2007-04-10, 0.009467124780412424, 0.011012205194090111, 0.0027449276025344853, 0.017262507325909743, 0.006848858999115362
2007-04-10, 0.008862894892170695, 0.013765256492612642, 0.009607246608870698, 0.011508338217273158, 0.0005707382499262802
2007-03-11, 0.0032428107889194355, 0.0, 0.0013724638012672426, 0.007032873355000258, 0.0045659059994102415
2007-03-11, 0.005751976814128382, 0.008259153895567594, 0.0, 0.0044754648622729, 0.01027328849867303
2007-03-11, 0.005751976814128382, 0.008259153895567594, 0.0, 0.0044754648622729, 0.01027328849867303
2007-03-11, 0.005751976814128382, 0.008259153895567594, 0.0, 0.0044754648622729, 0.01027328849867303
2007-03-11, 0.005751976814128382, 0.008259153895567594, 0.0, 0.0044754648622729, 0.01027328849867303
2007-03-11, 0.005751976814128382, 0.008259153895567594, 0.0, 0.0044754648622729, 0.01027328849867303
2007-03-11, 0.005751976814128382, 0.008259153895567594, 0.0, 0.0044754648622729, 0.01027328849867303
2007-03-11, 0.005751976814128382, 0.008259153895567594, 0.0, 0.0044754648622729, 0.01027328849867303
2007-03-11, 0.005751976814128382, 0.008259153895567594, 0.0, 0.0044754648622729, 0.01027328849867303
2007-03-11, 0.005751976814128382, 0.008259153895567594, 0.0, 0.0044754648622729, 0.01027328849867303
2007-03-11, 0.005751976814128382, 0.008259153895567594, 0.0, 0.0044754648622729, 0.01027328849867303
2007-03-11, 0.004656193078301365, 0.0027530512985225316, 0.0013724638012672426, 0.012787042463636844, 0.0017122147497788405
2007-03-11, 0.004291343032180766, 0.0027530512985225165, 0.0027449276025344853, 0.0076722254781821, 0.003995167749483961
2007-03-11, 0.004920657711902271, 0.0027530512985225165, 0.005489855205068971, 0.010868986094091315, 0.0005707382499262802
2007-03-11, 0.0041938324542288696, 0.0027530512985225165, 0.0013724638012672426, 0.011508338217273158, 0.0011414764998525604
2007-02-09, 0.0034690238144232605, 0.008259153895567594, 0.0, 0.004475464862272886, 0.0011414764998525604
2007-02-09, 0.006781635490024496, 0.013765256492612657, 0.0027449276025344853, 0.0031967606159092003, 0.007419597249041642
2007-02-09, 0.006781635490024496, 0.013765256492612657, 0.0027449276025344853, 0.0031967606159092003, 0.007419597249041642
2007-02-09, 0.006781635490024496, 0.013765256492612657, 0.0027449276025344853, 0.0031967606159092003, 0.007419597249041642
2007-02-09, 0.006781635490024496, 0.013765256492612657, 0.0027449276025344853, 0.0031967606159092003, 0.007419597249041642
2007-02-09, 0.006781635490024496, 0.013765256492612657, 0.0027449276025344853, 0.0031967606159092003, 0.007419597249041642
2007-02-09, 0.006781635490024496, 0.013765256492612657, 0.0027449276025344853, 0.0031967606159092003, 0.007419597249041642
2007-02-09, 0.006781635490024496, 0.013765256492612657, 0.0027449276025344853, 0.0031967606159092003, 0.007419597249041642
2007-02-09, 0.006781635490024496, 0.013765256492612657, 0.0027449276025344853, 0.0031967606159092003, 0.007419597249041642
2007-02-09, 0.006781635490024496, 0.013765256492612657, 0.0027449276025344853, 0.0031967606159092003, 0.007419597249041642
2007-02-09, 0.006781635490024496, 0.013765256492612657, 0.0027449276025344853, 0.0031967606159092003, 0.007419597249041642
2007-02-09, 0.004609298994720363, 0.005506102597045063, 0.004117391403801728, 0.0076722254781821, 0.0011414764998525604
2007-02-09, 0.004483767900552684, 0.005506102597045063, 0.004117391403801728, 0.008311577601363944, 0.0
2007-02-09, 0.003115559595700428, 0.0027530512985225316, 0.0027449276025344853, 0.006393521231818415, 0.0005707382499262802
2007-02-09, 0.0024101433027559046, 0.0, 0.0027449276025344853, 0.005754169108636572, 0.0011414764998525604
2007-01-10, 0.005277547822598537, 0.005506102597045063, 0.005489855205068971, 0.003836112739091043, 0.006278120749189069
2007-01-10, 0.006268954890397567, 0.019271359089657707, 0.0027449276025344853, 0.0019180563695455144, 0.0011414764998525604
2007-01-10, 0.006268954890397567, 0.019271359089657707, 0.0027449276025344853, 0.0019180563695455144, 0.0011414764998525604
2007-01-10, 0.006268954890397567, 0.019271359089657707, 0.0027449276025344853, 0.0019180563695455144, 0.0011414764998525604
2007-01-10, 0.006268954890397567, 0.019271359089657707, 0.0027449276025344853, 0.0019180563695455144, 0.0011414764998525604
2007-01-10, 0.006268954890397567, 0.019271359089657707, 0.0027449276025344853, 0.0019180563695455144, 0.0011414764998525604
2007-01-10, 0.006268954890397567, 0.019271359089657707, 0.0027449276025344853, 0.0019180563695455144, 0.0011414764998525604
2007-01-10, 0.006268954890397567, 0.019271359089657707, 0.0027449276025344853, 0.0019180563695455144, 0.0011414764998525604
2007-01-10, 0.006268954890397567, 0.019271359089657707, 0.0027449276025344853, 0.0019180563695455144, 0.0011414764998525604
2007-01-10, 0.006268954890397567, 0.019271359089657707, 0.0027449276025344853, 0.0019180563695455144, 0.0011414764998525604
2007-01-10, 0.006268954890397567, 0.019271359089657707, 0.0027449276025344853, 0.0019180563695455144, 0.0011414764998525604
2007-01-10, 0.003176732313027528, 0.0, 0.0068623190063361985, 0.0012787042463636858, 0.0045659059994102285
2007-01-10, 0.011350637646521538, 0.027530512985225283, 0.009607246608870698, 0.0025574084927273717, 0.005707382499262802
2007-01-10, 0.004282817733221569, 0.011012205194090111, 0.0, 0.003836112739091043, 0.0022829529997051208
2007-01-10, 0.0077689807098295, 0.022024410388180236, 0.005489855205068971, 0.0012787042463636858, 0.002282952999705108
2006-12-11, 0.008216649004814707, 0.0, 0.005489855205068971, 0.021098620065000788, 0.006278120749189069
2006-12-11, 0.00636326183705544, 0.00825915389556758, 0.0, 0.0166231552027279, 0.0005707382499262802
2006-12-11, 0.00636326183705544, 0.00825915389556758, 0.0, 0.0166231552027279, 0.0005707382499262802
2006-12-11, 0.00636326183705544, 0.00825915389556758, 0.0, 0.0166231552027279, 0.0005707382499262802
2006-12-11, 0.00636326183705544, 0.00825915389556758, 0.0, 0.0166231552027279, 0.0005707382499262802
2006-12-11, 0.00636326183705544, 0.00825915389556758, 0.0, 0.0166231552027279, 0.0005707382499262802
2006-12-11, 0.00636326183705544, 0.00825915389556758, 0.0, 0.0166231552027279, 0.0005707382499262802
2006-12-11, 0.00636326183705544, 0.00825915389556758, 0.0, 0.0166231552027279, 0.0005707382499262802
2006-12-11, 0.00636326183705544, 0.00825915389556758, 0.0, 0.0166231552027279, 0.0005707382499262802
2006-12-11, 0.00636326183705544, 0.00825915389556758, 0.0, 0.0166231552027279, 0.0005707382499262802
2006-12-11, 0.00636326183705544, 0.00825915389556758, 0.0, 0.0166231552027279, 0.0005707382499262802
2006-12-11, 0.006706377787372251, 0.00825915389556758, 0.0013724638012672426, 0.0166231552027279, 0.0005707382499262802
2006-12-11, 0.012742818925724776, 0.022024410388180222, 0.009607246608870698, 0.015344450956364216, 0.003995167749483961
2006-12-11, 0.006260859806667964, 0.0027530512985225165, 0.0027449276025344853, 0.017262507325909743, 0.002282952999705108
2006-12-11, 0.010581721193436441, 0.016518307791135174, 0.004117391403801728, 0.01598380307954606, 0.005707382499262802
2006-11-11, 0.006989715988338376, 0.005506102597045048, 0.004117391403801728, 0.0166231552027279, 0.0017122147497788279
2006-11-11, 0.007703449625691913, 0.011012205194090111, 0.0027449276025344853, 0.015344450956364216, 0.0017122147497788405
2006-11-11, 0.007703449625691913, 0.011012205194090111, 0.0027449276025344853, 0.015344450956364216, 0.0017122147497788405
2006-11-11, 0.007703449625691913, 0.011012205194090111, 0.0027449276025344853, 0.015344450956364216, 0.0017122147497788405
2006-11-11, 0.007703449625691913, 0.011012205194090111, 0.0027449276025344853, 0.015344450956364216, 0.0017122147497788405
2006-11-11, 0.007703449625691913, 0.011012205194090111, 0.0027449276025344853, 0.015344450956364216, 0.0017122147497788405
2006-11-11, 0.007703449625691913, 0.011012205194090111, 0.0027449276025344853, 0.015344450956364216, 0.0017122147497788405
2006-11-11, 0.007703449625691913, 0.011012205194090111, 0.0027449276025344853, 0.015344450956364216, 0.0017122147497788405
2006-11-11, 0.007703449625691913, 0.011012205194090111, 0.0027449276025344853, 0.015344450956364216, 0.0017122147497788405
2006-11-11, 0.007703449625691913, 0.011012205194090111, 0.0027449276025344853, 0.015344450956364216, 0.0017122147497788405
2006-11-11, 0.007703449625691913, 0.011012205194090111, 0.0027449276025344853, 0.015344450956364216, 0.0017122147497788405
2006-11-11, 0.005802754679010463, 0.0, 0.0068623190063361985, 0.01406574671000053, 0.0022829529997051208
2006-11-11, 0.0066680090027504465, 0.0027530512985225316, 0.0068623190063361985, 0.015344450956364216, 0.0017122147497788405
2006-11-11, 0.007113216158509044, 0.0027530512985225316, 0.0068623190063361985, 0.01598380307954606, 0.0028536912496313883
2006-11-11, 0.006987685064341365, 0.0027530512985225316, 0.0068623190063361985, 0.0166231552027279, 0.0017122147497788279
2006-10-12, 0.017922935970480586, 0.0027530512985225165, 0.006862319006336213, 0.014705098833182372, 0.04737127474388123
2006-10-12, 0.018310707125831202, 0.008259153895567594, 0.004117391403801728, 0.01406574671000053, 0.04680053649395495
2006-10-12, 0.018310707125831202, 0.008259153895567594, 0.004117391403801728, 0.01406574671000053, 0.04680053649395495
2006-10-12, 0.018310707125831202, 0.008259153895567594, 0.004117391403801728, 0.01406574671000053, 0.04680053649395495
2006-10-12, 0.018310707125831202, 0.008259153895567594, 0.004117391403801728, 0.01406574671000053, 0.04680053649395495
2006-10-12, 0.018310707125831202, 0.008259153895567594, 0.004117391403801728, 0.01406574671000053, 0.04680053649395495
2006-10-12, 0.018310707125831202, 0.008259153895567594, 0.004117391403801728, 0.01406574671000053, 0.04680053649395495
2006-10-12, 0.018310707125831202, 0.008259153895567594, 0.004117391403801728, 0.01406574671000053, 0.04680053649395495
2006-10-12, 0.018310707125831202, 0.008259153895567594, 0.004117391403801728, 0.01406574671000053, 0.04680053649395495
2006-10-12, 0.018310707125831202, 0.008259153895567594, 0.004117391403801728, 0.01406574671000053, 0.04680053649395495
2006-10-12, 0.018310707125831202, 0.008259153895567594, 0.004117391403801728, 0.01406574671000053, 0.04680053649395495
2006-10-12, 0.021101699207505122, 0.005506102597045048, 0.010979710410137926, 0.01598380307954606, 0.051937180743291456
2006-10-12, 0.020871541510532, 0.005506102597045063, 0.006862319006336213, 0.019180563695455257, 0.051937180743291456
2006-10-12, 0.01758013084510946, 0.008259153895567594, 0.004117391403801728, 0.013426394586818687, 0.04451758349424983
2006-10-12, 0.02041324273445353, 0.011012205194090127, 0.0013724638012672426, 0.017901859449091572, 0.05136644249336518
2006-09-12, 0.01621223336520288, 0.011012205194090111, 0.0013724638012672426, 0.010229633970909473, 0.042234630494544706
2006-09-12, 0.015554837279097376, 0.013765256492612642, 0.004117391403801728, 0.008950929724545786, 0.03538577149542935
2006-09-12, 0.015554837279097376, 0.013765256492612642, 0.004117391403801728, 0.008950929724545786, 0.03538577149542935
2006-09-12, 0.015554837279097376, 0.013765256492612642, 0.004117391403801728, 0.008950929724545786, 0.03538577149542935
2006-09-12, 0.015554837279097376, 0.013765256492612642, 0.004117391403801728, 0.008950929724545786, 0.03538577149542935
2006-09-12, 0.015554837279097376, 0.013765256492612642, 0.004117391403801728, 0.008950929724545786, 0.03538577149542935
2006-09-12, 0.015554837279097376, 0.013765256492612642, 0.004117391403801728, 0.008950929724545786, 0.03538577149542935
2006-09-12, 0.015554837279097376, 0.013765256492612642, 0.004117391403801728, 0.008950929724545786, 0.03538577149542935
2006-09-12, 0.015554837279097376, 0.013765256492612642, 0.004117391403801728, 0.008950929724545786, 0.03538577149542935
2006-09-12, 0.015554837279097376, 0.013765256492612642, 0.004117391403801728, 0.008950929724545786, 0.03538577149542935
2006-09-12, 0.015554837279097376, 0.013765256492612642, 0.004117391403801728, 0.008950929724545786, 0.03538577149542935
2006-09-12, 0.018901653020930897, 0.0027530512985225316, 0.012352174211405168, 0.01598380307954606, 0.04451758349424983
2006-09-12, 0.01661907173633968, 0.005506102597045063, 0.0068623190063361985, 0.009590281847727629, 0.04451758349424983
2006-09-12, 0.020504183741145796, 0.027530512985225283, 0.006862319006336213, 0.0076722254781821, 0.039951677494839584
2006-09-12, 0.016823875797114626, 0.016518307791135174, 0.0013724638012672426, 0.008311577601363944, 0.04109315399469215
2006-08-13, 0.017215799578484736, 0.0027530512985225316, 0.008234782807603456, 0.012787042463636844, 0.04508832174417611
2006-08-13, 0.017215799578484736, 0.0027530512985225316, 0.008234782807603456, 0.012787042463636844, 0.04508832174417611
2006-08-13, 0.017215799578484736, 0.0027530512985225316, 0.008234782807603456, 0.012787042463636844, 0.04508832174417611
2006-08-13, 0.017215799578484736, 0.0027530512985225316, 0.008234782807603456, 0.012787042463636844, 0.04508832174417611
2006-08-13, 0.017215799578484736, 0.0027530512985225316, 0.008234782807603456, 0.012787042463636844, 0.04508832174417611
2006-08-13, 0.017215799578484736, 0.0027530512985225316, 0.008234782807603456, 0.012787042463636844, 0.04508832174417611
2006-08-13, 0.017215799578484736, 0.0027530512985225316, 0.008234782807603456, 0.012787042463636844, 0.04508832174417611
2006-08-13, 0.017215799578484736, 0.0027530512985225316, 0.008234782807603456, 0.012787042463636844, 0.04508832174417611
2006-08-13, 0.017215799578484736, 0.0027530512985225316, 0.008234782807603456, 0.012787042463636844, 0.04508832174417611
2006-08-13, 0.017215799578484736, 0.0027530512985225316, 0.008234782807603456, 0.012787042463636844, 0.04508832174417611
2006-08-13, 0.017215799578484736, 0.0027530512985225316, 0.008234782807603456, 0.012787042463636844, 0.04508832174417611
2006-08-13, 0.02055471167125042, 0.011012205194090111, 0.010979710410137926, 0.013426394586818687, 0.04680053649395495
2006-08-13, 0.015351753317373762, 0.0, 0.008234782807603456, 0.011508338217273158, 0.04166389224461843
2006-08-13, 0.01661583949278721, 0.0, 0.01372463801267241, 0.012787042463636844, 0.039951677494839584
2006-08-13, 0.01849450382484842, 0.0027530512985225316, 0.008234782807603456, 0.017901859449091586, 0.04508832174417611
2006-07-14, 0.014181926566418784, 0.016518307791135174, 0.01372463801267241, 0.012787042463636844, 0.013697717998230712
2006-07-14, 0.014469326615378936, 0.019271359089657707, 0.010979710410137926, 0.012787042463636844, 0.014839194498083273
2006-07-14, 0.014469326615378936, 0.019271359089657707, 0.010979710410137926, 0.012787042463636844, 0.014839194498083273
2006-07-14, 0.014469326615378936, 0.019271359089657707, 0.010979710410137926, 0.012787042463636844, 0.014839194498083273
2006-07-14, 0.014469326615378936, 0.019271359089657707, 0.010979710410137926, 0.012787042463636844, 0.014839194498083273
2006-07-14, 0.014469326615378936, 0.019271359089657707, 0.010979710410137926, 0.012787042463636844, 0.014839194498083273
2006-07-14, 0.014469326615378936, 0.019271359089657707, 0.010979710410137926, 0.012787042463636844, 0.014839194498083273
2006-07-14, 0.014469326615378936, 0.019271359089657707, 0.010979710410137926, 0.012787042463636844, 0.014839194498083273
2006-07-14, 0.014469326615378936, 0.019271359089657707, 0.010979710410137926, 0.012787042463636844, 0.014839194498083273
2006-07-14, 0.014469326615378936, 0.019271359089657707, 0.010979710410137926, 0.012787042463636844, 0.014839194498083273
2006-07-14, 0.014469326615378936, 0.019271359089657707, 0.010979710410137926, 0.012787042463636844, 0.014839194498083273
2006-07-14, 0.014000043614873857, 0.011012205194090127, 0.01784202941647414, 0.008311577601363944, 0.01883436224756722
2006-07-14, 0.01344766015281693, 0.013765256492612657, 0.01372463801267241, 0.005754169108636586, 0.02054657699734606
2006-07-14, 0.012582924608572812, 0.005506102597045063, 0.016469565615206898, 0.008950929724545786, 0.0194051004974935
2006-07-14, 0.012694162762865165, 0.008259153895567594, 0.015097101813939653, 0.010868986094091315, 0.0165514092478621
2006-06-14, 0.01429252876469055, 0.011012205194090127, 0.020586957019008624, 0.009590281847727629, 0.01598067099793582
2006-06-14, 0.015876408178219642, 0.024777461686702768, 0.015097101813939653, 0.012787042463636844, 0.01084402674859931
2006-06-14, 0.015876408178219642, 0.024777461686702768, 0.015097101813939653, 0.012787042463636844, 0.01084402674859931
2006-06-14, 0.015876408178219642, 0.024777461686702768, 0.015097101813939653, 0.012787042463636844, 0.01084402674859931
2006-06-14, 0.015876408178219642, 0.024777461686702768, 0.015097101813939653, 0.012787042463636844, 0.01084402674859931
2006-06-14, 0.015876408178219642, 0.024777461686702768, 0.015097101813939653, 0.012787042463636844, 0.01084402674859931
2006-06-14, 0.015876408178219642, 0.024777461686702768, 0.015097101813939653, 0.012787042463636844, 0.01084402674859931
2006-06-14, 0.015876408178219642, 0.024777461686702768, 0.015097101813939653, 0.012787042463636844, 0.01084402674859931
2006-06-14, 0.015876408178219642, 0.024777461686702768, 0.015097101813939653, 0.012787042463636844, 0.01084402674859931
2006-06-14, 0.015876408178219642, 0.024777461686702768, 0.015097101813939653, 0.012787042463636844, 0.01084402674859931
2006-06-14, 0.015876408178219642, 0.024777461686702768, 0.015097101813939653, 0.012787042463636844, 0.01084402674859931
2006-06-14, 0.014934222636815087, 0.019271359089657707, 0.016469565615206898, 0.010868986094091315, 0.013126979748304431
2006-06-14, 0.016563276034873856, 0.03303661558227035, 0.009607246608870698, 0.017901859449091586, 0.005707382499262789
2006-06-14, 0.013340422956350373, 0.019271359089657707, 0.01372463801267241, 0.008950929724545786, 0.011414764998525591
2006-06-14, 0.01640941359954471, 0.0275305129852253, 0.012352174211405168, 0.0166231552027279, 0.009131811998820471
2006-05-15, 0.019109195829807964, 0.022024410388180236, 0.01372463801267241, 0.02813149342000106, 0.01255624149837815
2006-05-15, 0.019235037748921328, 0.0275305129852253, 0.012352174211405168, 0.02621343705045553, 0.01084402674859931
2006-05-15, 0.019235037748921328, 0.0275305129852253, 0.012352174211405168, 0.02621343705045553, 0.01084402674859931
2006-05-15, 0.019235037748921328, 0.0275305129852253, 0.012352174211405168, 0.02621343705045553, 0.01084402674859931
2006-05-15, 0.019235037748921328, 0.0275305129852253, 0.012352174211405168, 0.02621343705045553, 0.01084402674859931
2006-05-15, 0.019235037748921328, 0.0275305129852253, 0.012352174211405168, 0.02621343705045553, 0.01084402674859931
2006-05-15, 0.019235037748921328, 0.0275305129852253, 0.012352174211405168, 0.02621343705045553, 0.01084402674859931
2006-05-15, 0.019235037748921328, 0.0275305129852253, 0.012352174211405168, 0.02621343705045553, 0.01084402674859931
2006-05-15, 0.019235037748921328, 0.0275305129852253, 0.012352174211405168, 0.02621343705045553, 0.01084402674859931
2006-05-15, 0.019235037748921328, 0.0275305129852253, 0.012352174211405168, 0.02621343705045553, 0.01084402674859931
2006-05-15, 0.019235037748921328, 0.0275305129852253, 0.012352174211405168, 0.02621343705045553, 0.01084402674859931
2006-05-15, 0.018851017616619052, 0.022024410388180236, 0.010979710410137926, 0.02813149342000106, 0.014268456248156992
2006-05-15, 0.01756227592679503, 0.022024410388180236, 0.01372463801267241, 0.023656028557728158, 0.01084402674859931
2006-05-15, 0.019090011437497063, 0.019271359089657707, 0.016469565615206898, 0.027492141296819216, 0.013126979748304431
2006-05-15, 0.02074765071530648, 0.0275305129852253, 0.012352174211405168, 0.029410197666364744, 0.013697717998230712
