Date,TotalError,SP500_LongAll20y-0.25,SP500_LongAll20y-0.1,SP500_LongAll20y-0.01,SP500_LongAll20y-0.005,SP500_Hedged20y-0.25,SP500_Hedged20y-0.1,SP500_Hedged20y-0.01,SP500_Hedged20y-0.005,
2025-12-31, 0.32854621120606015, 0.8174672489082967, 0.4264392324093818, 0.45936849677568536, 0.8648451398075082, 0.00825915389556758, 0.0013724638012672426, 0.02493473280409186, 0.025683221246682594
2025-12-31, 0.13837615594196628, 0.3772925764192138, 0.31789106415972096, 0.19114662281941272, 0.15052684395383864, 0.016518307791135174, 0.0, 0.03708242314454686, 0.016551409247862112
2025-12-31, 0.13837615594196628, 0.3772925764192138, 0.31789106415972096, 0.19114662281941272, 0.15052684395383864, 0.016518307791135174, 0.0, 0.03708242314454686, 0.016551409247862112
2025-12-31, 0.13837615594196628, 0.3772925764192138, 0.31789106415972096, 0.19114662281941272, 0.15052684395383864, 0.016518307791135174, 0.0, 0.03708242314454686, 0.016551409247862112
2025-12-31, 0.13837615594196628, 0.3772925764192138, 0.31789106415972096, 0.19114662281941272, 0.15052684395383864, 0.016518307791135174, 0.0, 0.03708242314454686, 0.016551409247862112
2025-12-31, 0.13837615594196628, 0.3772925764192138, 0.31789106415972096, 0.19114662281941272, 0.15052684395383864, 0.016518307791135174, 0.0, 0.03708242314454686, 0.016551409247862112
2025-12-31, 0.13837615594196628, 0.3772925764192138, 0.31789106415972096, 0.19114662281941272, 0.15052684395383864, 0.016518307791135174, 0.0, 0.03708242314454686, 0.016551409247862112
2025-12-31, 0.13837615594196628, 0.3772925764192138, 0.31789106415972096, 0.19114662281941272, 0.15052684395383864, 0.016518307791135174, 0.0, 0.03708242314454686, 0.016551409247862112
2025-12-31, 0.13837615594196628, 0.3772925764192138, 0.31789106415972096, 0.19114662281941272, 0.15052684395383864, 0.016518307791135174, 0.0, 0.03708242314454686, 0.016551409247862112
2025-12-31, 0.13837615594196628, 0.3772925764192138, 0.31789106415972096, 0.19114662281941272, 0.15052684395383864, 0.016518307791135174, 0.0, 0.03708242314454686, 0.016551409247862112
2025-12-31, 0.13837615594196628, 0.3772925764192138, 0.31789106415972096, 0.19114662281941272, 0.15052684395383864, 0.016518307791135174, 0.0, 0.03708242314454686, 0.016551409247862112
2025-12-31, 0.11401863815788942, 0.1886462882096069, 0.31789106415972096, 0.17881458263751485, 0.14778999224558662, 0.024777461686702754, 0.0013724638012672426, 0.03516436677500133, 0.017692885747714673
2025-12-31, 0.11782341099880073, 0.020960698689956116, 0.23260321767784473, 0.40695732600262036, 0.1997901747023675, 0.024777461686702754, 0.0027449276025344853, 0.04219724013000159, 0.012556241498378164
2025-12-31, 0.23679468530793588, 0.4820960698689958, 0.10854816824966086, 0.7183413405955344, 0.5008438626100443, 0.03303661558227034, 0.0013724638012672426, 0.04155788800681976, 0.008561073748894215
2025-12-31, 0.1058142486971396, 0.1886462882096069, 0.31789106415972096, 0.1757315725920405, 0.08757925466405153, 0.022024410388180222, 0.0013724638012672426, 0.03900047951409239, 0.014268456248156992
2025-12-01, 0.12617205596083672, 0.16768558951965057, 0.3333979453382439, 0.3792102355933508, 0.06294758928978711, 0.01927135908965769, 0.005489855205068956, 0.03452501465181949, 0.006848858999115362
2025-12-01, 0.1174008350863617, 0.2934497816593887, 0.34115138592750527, 0.21889371322868226, 0.019157961957761333, 0.016518307791135174, 0.005489855205068956, 0.026852789173637374, 0.017692885747714673
2025-12-01, 0.1174008350863617, 0.2934497816593887, 0.34115138592750527, 0.21889371322868226, 0.019157961957761333, 0.016518307791135174, 0.005489855205068956, 0.026852789173637374, 0.017692885747714673
2025-12-01, 0.1174008350863617, 0.2934497816593887, 0.34115138592750527, 0.21889371322868226, 0.019157961957761333, 0.016518307791135174, 0.005489855205068956, 0.026852789173637374, 0.017692885747714673
2025-12-01, 0.1174008350863617, 0.2934497816593887, 0.34115138592750527, 0.21889371322868226, 0.019157961957761333, 0.016518307791135174, 0.005489855205068956, 0.026852789173637374, 0.017692885747714673
2025-12-01, 0.1174008350863617, 0.2934497816593887, 0.34115138592750527, 0.21889371322868226, 0.019157961957761333, 0.016518307791135174, 0.005489855205068956, 0.026852789173637374, 0.017692885747714673
2025-12-01, 0.1174008350863617, 0.2934497816593887, 0.34115138592750527, 0.21889371322868226, 0.019157961957761333, 0.016518307791135174, 0.005489855205068956, 0.026852789173637374, 0.017692885747714673
2025-12-01, 0.1174008350863617, 0.2934497816593887, 0.34115138592750527, 0.21889371322868226, 0.019157961957761333, 0.016518307791135174, 0.005489855205068956, 0.026852789173637374, 0.017692885747714673
2025-12-01, 0.1174008350863617, 0.2934497816593887, 0.34115138592750527, 0.21889371322868226, 0.019157961957761333, 0.016518307791135174, 0.005489855205068956, 0.026852789173637374, 0.017692885747714673
2025-12-01, 0.1174008350863617, 0.2934497816593887, 0.34115138592750527, 0.21889371322868226, 0.019157961957761333, 0.016518307791135174, 0.005489855205068956, 0.026852789173637374, 0.017692885747714673
2025-12-01, 0.1174008350863617, 0.2934497816593887, 0.34115138592750527, 0.21889371322868226, 0.019157961957761333, 0.016518307791135174, 0.005489855205068956, 0.026852789173637374, 0.017692885747714673
2025-12-01, 0.1064679978142856, 0.23056768558951962, 0.3721651482845512, 0.12023739177350143, 0.06568444099803865, 0.013765256492612642, 0.00274492760253447, 0.03516436677500133, 0.011414764998525603
2025-12-01, 0.13416326115795768, 0.25152838427947594, 0.41868579182012017, 0.19114662281941272, 0.14778999224558662, 0.016518307791135174, 0.004117391403801713, 0.0332463104054558, 0.010273288498673042
2025-12-01, 0.3207034417571471, 0.8174672489082969, 0.3954254700523355, 0.41312334609356927, 0.8812662500570178, 0.005506102597045048, 0.004117391403801713, 0.017901859449091586, 0.030819865496019117
2025-12-01, 0.11818980114589472, 0.02096069868995635, 0.3333979453382439, 0.34838013513860694, 0.17515850932810306, 0.022024410388180222, 0.0, 0.031328254035910275, 0.014268456248156992
2025-11-01, 0.1315497592681681, 0.4192139737991265, 0.3799185888738125, 0.15106749222824528, 0.035579072207270634, 0.016518307791135174, 0.0027449276025344853, 0.03708242314454684, 0.010273288498673042
2025-11-01, 0.11696605202227897, 0.31441048034934477, 0.31789106415972096, 0.24047478354700313, 0.0, 0.013765256492612642, 0.0027449276025344853, 0.033885662528637644, 0.012556241498378138
2025-11-01, 0.11696605202227897, 0.31441048034934477, 0.31789106415972096, 0.24047478354700313, 0.0, 0.013765256492612642, 0.0027449276025344853, 0.033885662528637644, 0.012556241498378138
2025-11-01, 0.11696605202227897, 0.31441048034934477, 0.31789106415972096, 0.24047478354700313, 0.0, 0.013765256492612642, 0.0027449276025344853, 0.033885662528637644, 0.012556241498378138
2025-11-01, 0.11696605202227897, 0.31441048034934477, 0.31789106415972096, 0.24047478354700313, 0.0, 0.013765256492612642, 0.0027449276025344853, 0.033885662528637644, 0.012556241498378138
2025-11-01, 0.11696605202227897, 0.31441048034934477, 0.31789106415972096, 0.24047478354700313, 0.0, 0.013765256492612642, 0.0027449276025344853, 0.033885662528637644, 0.012556241498378138
2025-11-01, 0.11696605202227897, 0.31441048034934477, 0.31789106415972096, 0.24047478354700313, 0.0, 0.013765256492612642, 0.0027449276025344853, 0.033885662528637644, 0.012556241498378138
2025-11-01, 0.11696605202227897, 0.31441048034934477, 0.31789106415972096, 0.24047478354700313, 0.0, 0.013765256492612642, 0.0027449276025344853, 0.033885662528637644, 0.012556241498378138
2025-11-01, 0.11696605202227897, 0.31441048034934477, 0.31789106415972096, 0.24047478354700313, 0.0, 0.013765256492612642, 0.0027449276025344853, 0.033885662528637644, 0.012556241498378138
2025-11-01, 0.11696605202227897, 0.31441048034934477, 0.31789106415972096, 0.24047478354700313, 0.0, 0.013765256492612642, 0.0027449276025344853, 0.033885662528637644, 0.012556241498378138
2025-11-01, 0.11696605202227897, 0.31441048034934477, 0.31789106415972096, 0.24047478354700313, 0.0, 0.013765256492612642, 0.0027449276025344853, 0.033885662528637644, 0.012556241498378138
2025-11-01, 0.33526390043766496, 1.0061135371179037, 0.41868579182012017, 0.3792102355933511, 0.8183186607672309, 0.005506102597045048, 0.004117391403801728, 0.015344450956364216, 0.03481503324550305
2025-11-01, 0.24065161961473197, 0.33537117903930136, 0.13180849001744516, 0.8015826118233437, 0.5774757104410891, 0.027530512985225283, 0.0, 0.048590761361820015, 0.0028536912496313883
2025-11-01, 0.13917812930639312, 0.06288209606986882, 0.31013762357045926, 0.4501194666392621, 0.22442184007663193, 0.016518307791135174, 0.0013724638012672426, 0.04283659225318343, 0.005136644249336509
2025-11-01, 0.12454767278301918, 0.33537117903930114, 0.2791238612134133, 0.28055391413817, 0.03557907220727112, 0.022024410388180222, 0.00274492760253447, 0.02557408492727369, 0.015409932748009551
2025-10-02, 0.137915259313549, 0.35633187772925745, 0.3489048265167669, 0.2373917735015285, 0.09031610637230308, 0.024777461686702768, 0.0013724638012672426, 0.03452501465181949, 0.00970255024874675
2025-10-02, 0.137915259313549, 0.35633187772925745, 0.3489048265167669, 0.2373917735015285, 0.09031610637230308, 0.024777461686702768, 0.0013724638012672426, 0.03452501465181949, 0.00970255024874675
2025-10-02, 0.137915259313549, 0.35633187772925745, 0.3489048265167669, 0.2373917735015285, 0.09031610637230308, 0.024777461686702768, 0.0013724638012672426, 0.03452501465181949, 0.00970255024874675
2025-10-02, 0.137915259313549, 0.35633187772925745, 0.3489048265167669, 0.2373917735015285, 0.09031610637230308, 0.024777461686702768, 0.0013724638012672426, 0.03452501465181949, 0.00970255024874675
2025-10-02, 0.137915259313549, 0.35633187772925745, 0.3489048265167669, 0.2373917735015285, 0.09031610637230308, 0.024777461686702768, 0.0013724638012672426, 0.03452501465181949, 0.00970255024874675
2025-10-02, 0.137915259313549, 0.35633187772925745, 0.3489048265167669, 0.2373917735015285, 0.09031610637230308, 0.024777461686702768, 0.0013724638012672426, 0.03452501465181949, 0.00970255024874675
2025-10-02, 0.137915259313549, 0.35633187772925745, 0.3489048265167669, 0.2373917735015285, 0.09031610637230308, 0.024777461686702768, 0.0013724638012672426, 0.03452501465181949, 0.00970255024874675
2025-10-02, 0.137915259313549, 0.35633187772925745, 0.3489048265167669, 0.2373917735015285, 0.09031610637230308, 0.024777461686702768, 0.0013724638012672426, 0.03452501465181949, 0.00970255024874675
2025-10-02, 0.137915259313549, 0.35633187772925745, 0.3489048265167669, 0.2373917735015285, 0.09031610637230308, 0.024777461686702768, 0.0013724638012672426, 0.03452501465181949, 0.00970255024874675
2025-10-02, 0.137915259313549, 0.35633187772925745, 0.3489048265167669, 0.2373917735015285, 0.09031610637230308, 0.024777461686702768, 0.0013724638012672426, 0.03452501465181949, 0.00970255024874675
2025-10-02, 0.137915259313549, 0.35633187772925745, 0.3489048265167669, 0.2373917735015285, 0.09031610637230308, 0.024777461686702768, 0.0013724638012672426, 0.03452501465181949, 0.00970255024874675
2025-10-02, 0.2806534971429185, 0.7545851528384276, 0.3566582671060282, 0.30521799450196546, 0.7635816266021986, 0.013765256492612642, 0.0013724638012672426, 0.024934732804091846, 0.0251124829967563
2025-10-02, 0.14010311461601604, 0.4192139737991265, 0.34115138592750527, 0.14181846209182258, 0.14505314053733506, 0.022024410388180236, 0.004117391403801728, 0.03260695828227396, 0.014839194498083259
2025-10-02, 0.220475791849043, 0.23056768558951984, 0.13956193060670682, 0.7183413405955348, 0.5938968206905989, 0.030283564283747816, 0.004117391403801728, 0.04475464862272896, 0.0022829529997051208
2025-10-02, 0.18550885968264666, 0.1467248908296942, 0.28687730180267496, 0.5672738483672892, 0.41052775623774124, 0.024777461686702768, 0.004117391403801728, 0.040918535883637905, 0.0028536912496313883
2025-09-02, 0.16647574375837698, 0.4401746724890829, 0.4109323512308588, 0.30521799450196546, 0.11221092003831597, 0.013765256492612642, 0.0013724638012672426, 0.03900047951409238, 0.009131811998820483
2025-09-02, 0.16647574375837698, 0.4401746724890829, 0.4109323512308588, 0.30521799450196546, 0.11221092003831597, 0.013765256492612642, 0.0013724638012672426, 0.03900047951409238, 0.009131811998820483
2025-09-02, 0.16647574375837698, 0.4401746724890829, 0.4109323512308588, 0.30521799450196546, 0.11221092003831597, 0.013765256492612642, 0.0013724638012672426, 0.03900047951409238, 0.009131811998820483
2025-09-02, 0.16647574375837698, 0.4401746724890829, 0.4109323512308588, 0.30521799450196546, 0.11221092003831597, 0.013765256492612642, 0.0013724638012672426, 0.03900047951409238, 0.009131811998820483
2025-09-02, 0.16647574375837698, 0.4401746724890829, 0.4109323512308588, 0.30521799450196546, 0.11221092003831597, 0.013765256492612642, 0.0013724638012672426, 0.03900047951409238, 0.009131811998820483
2025-09-02, 0.16647574375837698, 0.4401746724890829, 0.4109323512308588, 0.30521799450196546, 0.11221092003831597, 0.013765256492612642, 0.0013724638012672426, 0.03900047951409238, 0.009131811998820483
2025-09-02, 0.16647574375837698, 0.4401746724890829, 0.4109323512308588, 0.30521799450196546, 0.11221092003831597, 0.013765256492612642, 0.0013724638012672426, 0.03900047951409238, 0.009131811998820483
2025-09-02, 0.16647574375837698, 0.4401746724890829, 0.4109323512308588, 0.30521799450196546, 0.11221092003831597, 0.013765256492612642, 0.0013724638012672426, 0.03900047951409238, 0.009131811998820483
2025-09-02, 0.16647574375837698, 0.4401746724890829, 0.4109323512308588, 0.30521799450196546, 0.11221092003831597, 0.013765256492612642, 0.0013724638012672426, 0.03900047951409238, 0.009131811998820483
2025-09-02, 0.16647574375837698, 0.4401746724890829, 0.4109323512308588, 0.30521799450196546, 0.11221092003831597, 0.013765256492612642, 0.0013724638012672426, 0.03900047951409238, 0.009131811998820483
2025-09-02, 0.16647574375837698, 0.4401746724890829, 0.4109323512308588, 0.30521799450196546, 0.11221092003831597, 0.013765256492612642, 0.0013724638012672426, 0.03900047951409238, 0.009131811998820483
2025-09-02, 0.2642420165326213, 0.7336244541484713, 0.3489048265167669, 0.30213498445649084, 0.6705286685216438, 0.00825915389556758, 0.0013724638012672426, 0.026852789173637374, 0.022258791747124914
2025-09-02, 0.1315556312032499, 0.3772925764192138, 0.3489048265167669, 0.2281427433651055, 0.03010536879076802, 0.01927135908965769, 0.0013724638012672426, 0.03708242314454684, 0.010273288498673042
2025-09-02, 0.17236545713998772, 0.4192139737991265, 0.3489048265167669, 0.3483801351386072, 0.19157961957761285, 0.016518307791135174, 0.004117391403801728, 0.03708242314454684, 0.013126979748304431
2025-09-02, 0.21551127799351774, 0.14672489082969445, 0.20934289591006008, 0.7738355214140739, 0.5172649728595541, 0.022024410388180222, 0.004117391403801728, 0.03708242314454684, 0.0136977179982307
2025-08-03, 0.17343708607384795, 0.5030567685589519, 0.41868579182012017, 0.3144670246383887, 0.07663184783104533, 0.008259153895567594, 0.0013724638012672426, 0.02621343705045553, 0.038810200994987026
2025-08-03, 0.13961148359189476, 0.48209606986899556, 0.3489048265167666, 0.20656167304678438, 0.008210555124755135, 0.008259153895567594, 0.0027449276025344853, 0.023016676434546315, 0.03709798624520817
2025-08-03, 0.13961148359189476, 0.48209606986899556, 0.3489048265167666, 0.20656167304678438, 0.008210555124755135, 0.008259153895567594, 0.0027449276025344853, 0.023016676434546315, 0.03709798624520817
2025-08-03, 0.13961148359189476, 0.48209606986899556, 0.3489048265167666, 0.20656167304678438, 0.008210555124755135, 0.008259153895567594, 0.0027449276025344853, 0.023016676434546315, 0.03709798624520817
2025-08-03, 0.13961148359189476, 0.48209606986899556, 0.3489048265167666, 0.20656167304678438, 0.008210555124755135, 0.008259153895567594, 0.0027449276025344853, 0.023016676434546315, 0.03709798624520817
2025-08-03, 0.13961148359189476, 0.48209606986899556, 0.3489048265167666, 0.20656167304678438, 0.008210555124755135, 0.008259153895567594, 0.0027449276025344853, 0.023016676434546315, 0.03709798624520817
2025-08-03, 0.13961148359189476, 0.48209606986899556, 0.3489048265167666, 0.20656167304678438, 0.008210555124755135, 0.008259153895567594, 0.0027449276025344853, 0.023016676434546315, 0.03709798624520817
2025-08-03, 0.13961148359189476, 0.48209606986899556, 0.3489048265167666, 0.20656167304678438, 0.008210555124755135, 0.008259153895567594, 0.0027449276025344853, 0.023016676434546315, 0.03709798624520817
2025-08-03, 0.13961148359189476, 0.48209606986899556, 0.3489048265167666, 0.20656167304678438, 0.008210555124755135, 0.008259153895567594, 0.0027449276025344853, 0.023016676434546315, 0.03709798624520817
2025-08-03, 0.13961148359189476, 0.48209606986899556, 0.3489048265167666, 0.20656167304678438, 0.008210555124755135, 0.008259153895567594, 0.0027449276025344853, 0.023016676434546315, 0.03709798624520817
2025-08-03, 0.13961148359189476, 0.48209606986899556, 0.3489048265167666, 0.20656167304678438, 0.008210555124755135, 0.008259153895567594, 0.0027449276025344853, 0.023016676434546315, 0.03709798624520817
2025-08-03, 0.3069042371004088, 0.9222707423580785, 0.4574529947664274, 0.2743878940472216, 0.7581079231856953, 0.0, 0.0, 0.017901859449091586, 0.025112482996756315
2025-08-03, 0.15096572088366916, 0.5868995633187774, 0.3644117076952895, 0.1664825424556175, 0.008210555124755135, 0.011012205194090127, 0.0, 0.031328254035910275, 0.039380939244913295
2025-08-03, 0.21839672630645257, 0.1676855895196508, 0.19383601473153708, 0.7553374611412276, 0.5200018245678056, 0.019271359089657707, 0.0068623190063361985, 0.03452501465181949, 0.04965422774358634
2025-08-03, 0.22424903773996863, 0.7126637554585149, 0.4652064353556891, 0.12023739177350169, 0.4378962733202572, 0.008259153895567594, 0.0013724638012672426, 0.019819915818637103, 0.028536912496313984
2025-07-04, 0.1259831224616042, 0.31441048034934477, 0.054274084124830604, 0.36071217532050426, 0.19705332299411596, 0.013765256492612642, 0.0, 0.029410197666364744, 0.03823946274506074
2025-07-04, 0.1259831224616042, 0.31441048034934477, 0.054274084124830604, 0.36071217532050426, 0.19705332299411596, 0.013765256492612642, 0.0, 0.029410197666364744, 0.03823946274506074
2025-07-04, 0.1259831224616042, 0.31441048034934477, 0.054274084124830604, 0.36071217532050426, 0.19705332299411596, 0.013765256492612642, 0.0, 0.029410197666364744, 0.03823946274506074
2025-07-04, 0.1259831224616042, 0.31441048034934477, 0.054274084124830604, 0.36071217532050426, 0.19705332299411596, 0.013765256492612642, 0.0, 0.029410197666364744, 0.03823946274506074
2025-07-04, 0.1259831224616042, 0.31441048034934477, 0.054274084124830604, 0.36071217532050426, 0.19705332299411596, 0.013765256492612642, 0.0, 0.029410197666364744, 0.03823946274506074
2025-07-04, 0.1259831224616042, 0.31441048034934477, 0.054274084124830604, 0.36071217532050426, 0.19705332299411596, 0.013765256492612642, 0.0, 0.029410197666364744, 0.03823946274506074
2025-07-04, 0.1259831224616042, 0.31441048034934477, 0.054274084124830604, 0.36071217532050426, 0.19705332299411596, 0.013765256492612642, 0.0, 0.029410197666364744, 0.03823946274506074
2025-07-04, 0.1259831224616042, 0.31441048034934477, 0.054274084124830604, 0.36071217532050426, 0.19705332299411596, 0.013765256492612642, 0.0, 0.029410197666364744, 0.03823946274506074
2025-07-04, 0.1259831224616042, 0.31441048034934477, 0.054274084124830604, 0.36071217532050426, 0.19705332299411596, 0.013765256492612642, 0.0, 0.029410197666364744, 0.03823946274506074
2025-07-04, 0.1259831224616042, 0.31441048034934477, 0.054274084124830604, 0.36071217532050426, 0.19705332299411596, 0.013765256492612642, 0.0, 0.029410197666364744, 0.03823946274506074
2025-07-04, 0.1259831224616042, 0.31441048034934477, 0.054274084124830604, 0.36071217532050426, 0.19705332299411596, 0.013765256492612642, 0.0, 0.029410197666364744, 0.03823946274506074
2025-07-04, 0.19488676156800103, 0.9432314410480348, 0.03876720294630728, 0.055494180818539074, 0.4515805318615154, 0.00825915389556758, 0.0013724638012672426, 0.02557408492727369, 0.03481503324550305
2025-07-04, 0.134063944669234, 0.4192139737991265, 0.0, 0.4686175269121086, 0.09852666149705773, 0.011012205194090111, 0.0013724638012672426, 0.0332463104054558, 0.04052241574476585
2025-07-04, 0.11576220227211265, 0.5449781659388646, 0.046520643535568944, 0.21889371322868226, 0.03284222049901908, 0.011012205194090111, 0.0, 0.031328254035910275, 0.04052241574476585
2025-07-04, 0.277654572564268, 0.314410480349345, 0.23260321767784473, 0.8724918428692544, 0.6732655202298958, 0.024777461686702754, 0.005489855205068971, 0.04283659225318343, 0.05536161024284914
2025-06-04, 0.1309552596073222, 0.8174672489082969, 0.03876720294630728, 0.07090923104591101, 0.07115814441454175, 0.00825915389556758, 0.0027449276025344853, 0.02749214129681923, 0.01084402674859931
2025-06-04, 0.1497155915560414, 0.5659388646288207, 0.10079472766039921, 0.38845926572977435, 0.09031610637230308, 0.00825915389556758, 0.0027449276025344853, 0.022377324311364487, 0.018834362247567234
2025-06-04, 0.1497155915560414, 0.5659388646288207, 0.10079472766039921, 0.38845926572977435, 0.09031610637230308, 0.00825915389556758, 0.0027449276025344853, 0.022377324311364487, 0.018834362247567234
2025-06-04, 0.1497155915560414, 0.5659388646288207, 0.10079472766039921, 0.38845926572977435, 0.09031610637230308, 0.00825915389556758, 0.0027449276025344853, 0.022377324311364487, 0.018834362247567234
2025-06-04, 0.1497155915560414, 0.5659388646288207, 0.10079472766039921, 0.38845926572977435, 0.09031610637230308, 0.00825915389556758, 0.0027449276025344853, 0.022377324311364487, 0.018834362247567234
2025-06-04, 0.1497155915560414, 0.5659388646288207, 0.10079472766039921, 0.38845926572977435, 0.09031610637230308, 0.00825915389556758, 0.0027449276025344853, 0.022377324311364487, 0.018834362247567234
2025-06-04, 0.1497155915560414, 0.5659388646288207, 0.10079472766039921, 0.38845926572977435, 0.09031610637230308, 0.00825915389556758, 0.0027449276025344853, 0.022377324311364487, 0.018834362247567234
2025-06-04, 0.1497155915560414, 0.5659388646288207, 0.10079472766039921, 0.38845926572977435, 0.09031610637230308, 0.00825915389556758, 0.0027449276025344853, 0.022377324311364487, 0.018834362247567234
2025-06-04, 0.1497155915560414, 0.5659388646288207, 0.10079472766039921, 0.38845926572977435, 0.09031610637230308, 0.00825915389556758, 0.0027449276025344853, 0.022377324311364487, 0.018834362247567234
2025-06-04, 0.1497155915560414, 0.5659388646288207, 0.10079472766039921, 0.38845926572977435, 0.09031610637230308, 0.00825915389556758, 0.0027449276025344853, 0.022377324311364487, 0.018834362247567234
2025-06-04, 0.1497155915560414, 0.5659388646288207, 0.10079472766039921, 0.38845926572977435, 0.09031610637230308, 0.00825915389556758, 0.0027449276025344853, 0.022377324311364487, 0.018834362247567234
2025-06-04, 0.14384084029853303, 0.7126637554585151, 0.13180849001744516, 0.18806361277393838, 0.06294758928978711, 0.011012205194090111, 0.0027449276025344853, 0.02493473280409186, 0.016551409247862112
2025-06-04, 0.13570816647845907, 0.7126637554585151, 0.03876720294630728, 0.2466408036379518, 0.03284222049901908, 0.00825915389556758, 0.0027449276025344853, 0.030049549789546603, 0.013697717998230724
2025-06-04, 0.1424397794007137, 0.6497816593886462, 0.054274084124830264, 0.36071217532050426, 0.013684258541258236, 0.011012205194090111, 0.0027449276025344853, 0.031328254035910275, 0.015980670997935844
2025-06-04, 0.13464207203947598, 0.6917030567685588, 0.031013762357045963, 0.28055391413817, 0.019157961957761333, 0.00825915389556758, 0.004117391403801728, 0.02749214129681923, 0.014839194498083285
2025-05-05, 0.18460631777494207, 0.8174672489082967, 0.20158945532079842, 0.12948642190992443, 0.2736851708251608, 0.011012205194090111, 0.0, 0.028770845543182915, 0.014839194498083285
2025-05-05, 0.19438338518193565, 0.6707423580786027, 0.1783291335530141, 0.44703645659378777, 0.1943164712858644, 0.013765256492612642, 0.004117391403801728, 0.026213437050455545, 0.020546576997346085
2025-05-05, 0.19438338518193565, 0.6707423580786027, 0.1783291335530141, 0.44703645659378777, 0.1943164712858644, 0.013765256492612642, 0.004117391403801728, 0.026213437050455545, 0.020546576997346085
2025-05-05, 0.19438338518193565, 0.6707423580786027, 0.1783291335530141, 0.44703645659378777, 0.1943164712858644, 0.013765256492612642, 0.004117391403801728, 0.026213437050455545, 0.020546576997346085
2025-05-05, 0.19438338518193565, 0.6707423580786027, 0.1783291335530141, 0.44703645659378777, 0.1943164712858644, 0.013765256492612642, 0.004117391403801728, 0.026213437050455545, 0.020546576997346085
2025-05-05, 0.19438338518193565, 0.6707423580786027, 0.1783291335530141, 0.44703645659378777, 0.1943164712858644, 0.013765256492612642, 0.004117391403801728, 0.026213437050455545, 0.020546576997346085
2025-05-05, 0.19438338518193565, 0.6707423580786027, 0.1783291335530141, 0.44703645659378777, 0.1943164712858644, 0.013765256492612642, 0.004117391403801728, 0.026213437050455545, 0.020546576997346085
2025-05-05, 0.19438338518193565, 0.6707423580786027, 0.1783291335530141, 0.44703645659378777, 0.1943164712858644, 0.013765256492612642, 0.004117391403801728, 0.026213437050455545, 0.020546576997346085
2025-05-05, 0.19438338518193565, 0.6707423580786027, 0.1783291335530141, 0.44703645659378777, 0.1943164712858644, 0.013765256492612642, 0.004117391403801728, 0.026213437050455545, 0.020546576997346085
2025-05-05, 0.19438338518193565, 0.6707423580786027, 0.1783291335530141, 0.44703645659378777, 0.1943164712858644, 0.013765256492612642, 0.004117391403801728, 0.026213437050455545, 0.020546576997346085
2025-05-05, 0.19438338518193565, 0.6707423580786027, 0.1783291335530141, 0.44703645659378777, 0.1943164712858644, 0.013765256492612642, 0.004117391403801728, 0.026213437050455545, 0.020546576997346085
2025-05-05, 0.20304591067142905, 0.9641921397379911, 0.255863539445629, 0.21889371322868226, 0.13410573370432885, 0.005506102597045048, 0.0027449276025344853, 0.023656028557728172, 0.019405100497493527
2025-05-05, 0.32985206575792797, 1.3205240174672486, 0.20934289591006008, 0.2774709040926959, 0.7772658851434566, 0.005506102597045063, 0.004117391403801728, 0.0166231552027279, 0.027966174246387716
2025-05-05, 0.16264598786700302, 0.7545851528384276, 0.1783291335530141, 0.18189759268298916, 0.1313688819960773, 0.011012205194090111, 0.0, 0.026852789173637388, 0.017122147497788405
2025-05-05, 0.2147985453511904, 0.08384279475982516, 0.03876720294630728, 0.8324127122780876, 0.6951603338959087, 0.022024410388180222, 0.006862319006336213, 0.031328254035910275, 0.007990335498967922
2025-04-05, 0.1707947395551225, 0.6078602620087334, 0.21709633649932172, 0.2497238136834264, 0.23536924690963815, 0.005506102597045048, 0.0013724638012672426, 0.019180563695455274, 0.030249127246092824
2025-04-05, 0.16498519627391334, 0.5030567685589522, 0.23260321767784473, 0.36071217532050454, 0.1587373990785933, 0.00825915389556758, 0.0027449276025344853, 0.022377324311364487, 0.031390603745945385
2025-04-05, 0.16498519627391334, 0.5030567685589522, 0.23260321767784473, 0.36071217532050454, 0.1587373990785933, 0.00825915389556758, 0.0027449276025344853, 0.022377324311364487, 0.031390603745945385
2025-04-05, 0.16498519627391334, 0.5030567685589522, 0.23260321767784473, 0.36071217532050454, 0.1587373990785933, 0.00825915389556758, 0.0027449276025344853, 0.022377324311364487, 0.031390603745945385
2025-04-05, 0.16498519627391334, 0.5030567685589522, 0.23260321767784473, 0.36071217532050454, 0.1587373990785933, 0.00825915389556758, 0.0027449276025344853, 0.022377324311364487, 0.031390603745945385
2025-04-05, 0.16498519627391334, 0.5030567685589522, 0.23260321767784473, 0.36071217532050454, 0.1587373990785933, 0.00825915389556758, 0.0027449276025344853, 0.022377324311364487, 0.031390603745945385
2025-04-05, 0.16498519627391334, 0.5030567685589522, 0.23260321767784473, 0.36071217532050454, 0.1587373990785933, 0.00825915389556758, 0.0027449276025344853, 0.022377324311364487, 0.031390603745945385
2025-04-05, 0.16498519627391334, 0.5030567685589522, 0.23260321767784473, 0.36071217532050454, 0.1587373990785933, 0.00825915389556758, 0.0027449276025344853, 0.022377324311364487, 0.031390603745945385
2025-04-05, 0.16498519627391334, 0.5030567685589522, 0.23260321767784473, 0.36071217532050454, 0.1587373990785933, 0.00825915389556758, 0.0027449276025344853, 0.022377324311364487, 0.031390603745945385
2025-04-05, 0.16498519627391334, 0.5030567685589522, 0.23260321767784473, 0.36071217532050454, 0.1587373990785933, 0.00825915389556758, 0.0027449276025344853, 0.022377324311364487, 0.031390603745945385
2025-04-05, 0.16498519627391334, 0.5030567685589522, 0.23260321767784473, 0.36071217532050454, 0.1587373990785933, 0.00825915389556758, 0.0027449276025344853, 0.022377324311364487, 0.031390603745945385
2025-04-05, 0.13123934785080252, 0.4192139737991267, 0.1550688117852298, 0.3391311050021837, 0.07115814441454175, 0.00825915389556758, 0.0027449276025344853, 0.022377324311364487, 0.03196134199587165
2025-04-05, 0.14503346586292057, 0.37729257641921404, 0.13956193060670682, 0.410040336048095, 0.16421110249509638, 0.013765256492612642, 0.004117391403801728, 0.02045926794181896, 0.030819865496019103
2025-04-05, 0.13530504257371798, 0.4401746724890831, 0.20158945532079875, 0.28055391413817027, 0.10126351320530928, 0.00825915389556758, 0.0027449276025344853, 0.02045926794181896, 0.027395435996461423
2025-04-05, 0.17279419441814986, 0.1886462882096069, 0.1473153711959685, 0.7090923104591118, 0.2545272088673995, 0.013765256492612642, 0.005489855205068971, 0.028131493420001073, 0.03538577149542933
2025-03-06, 0.1480669433000979, 0.02096069868995635, 0.054274084124830264, 0.36996120545692757, 0.6842129270629023, 0.005506102597045048, 0.004117391403801728, 0.019819915818637117, 0.025683221246682583
2025-03-06, 0.11216025418316394, 0.0, 0.007753440589261319, 0.24355779359247717, 0.5938968206905992, 0.0027530512985225165, 0.0027449276025344853, 0.019180563695455274, 0.02739543599646141
2025-03-06, 0.11216025418316394, 0.0, 0.007753440589261319, 0.24355779359247717, 0.5938968206905992, 0.0027530512985225165, 0.0027449276025344853, 0.019180563695455274, 0.02739543599646141
2025-03-06, 0.11216025418316394, 0.0, 0.007753440589261319, 0.24355779359247717, 0.5938968206905992, 0.0027530512985225165, 0.0027449276025344853, 0.019180563695455274, 0.02739543599646141
2025-03-06, 0.11216025418316394, 0.0, 0.007753440589261319, 0.24355779359247717, 0.5938968206905992, 0.0027530512985225165, 0.0027449276025344853, 0.019180563695455274, 0.02739543599646141
2025-03-06, 0.11216025418316394, 0.0, 0.007753440589261319, 0.24355779359247717, 0.5938968206905992, 0.0027530512985225165, 0.0027449276025344853, 0.019180563695455274, 0.02739543599646141
2025-03-06, 0.11216025418316394, 0.0, 0.007753440589261319, 0.24355779359247717, 0.5938968206905992, 0.0027530512985225165, 0.0027449276025344853, 0.019180563695455274, 0.02739543599646141
2025-03-06, 0.11216025418316394, 0.0, 0.007753440589261319, 0.24355779359247717, 0.5938968206905992, 0.0027530512985225165, 0.0027449276025344853, 0.019180563695455274, 0.02739543599646141
2025-03-06, 0.11216025418316394, 0.0, 0.007753440589261319, 0.24355779359247717, 0.5938968206905992, 0.0027530512985225165, 0.0027449276025344853, 0.019180563695455274, 0.02739543599646141
2025-03-06, 0.11216025418316394, 0.0, 0.007753440589261319, 0.24355779359247717, 0.5938968206905992, 0.0027530512985225165, 0.0027449276025344853, 0.019180563695455274, 0.02739543599646141
2025-03-06, 0.11216025418316394, 0.0, 0.007753440589261319, 0.24355779359247717, 0.5938968206905992, 0.0027530512985225165, 0.0027449276025344853, 0.019180563695455274, 0.02739543599646141
2025-03-06, 0.1356942892110839, 0.4820960698689958, 0.0232603217677843, 0.32988207486576065, 0.21621128495187705, 0.008259153895567594, 0.0, 0.012147690340455016, 0.013697717998230712
2025-03-06, 0.11916813294225574, 0.02096069868995635, 0.007753440589261319, 0.30213498445649084, 0.5610546001915796, 0.00825915389556758, 0.004117391403801728, 0.021098620065000802, 0.027966174246387702
2025-03-06, 0.24445175336564665, 0.1886462882096069, 0.015506881178522981, 0.730673380777432, 0.9360032842220501, 0.013765256492612642, 0.006862319006336213, 0.0287708455431829, 0.03538577149542933
2025-03-06, 0.08228311949753316, 0.314410480349345, 0.06978096530335325, 0.07707525113685995, 0.1587373990785933, 0.0027530512985225316, 0.0027449276025344853, 0.012787042463636844, 0.01997583874741978
2025-02-04, 0.05612584491314024, 0.06288209606986905, 0.08528784648187622, 0.03083010045474387, 0.23536924690963815, 0.0, 0.0013724638012672426, 0.012147690340455, 0.021117315247272343
2025-02-04, 0.13830941686368703, 0.0419213973799127, 0.10854816824966086, 0.38229324563882544, 0.5200018245678054, 0.005506102597045063, 0.004117391403801728, 0.017262507325909743, 0.026824697746535144
2025-02-04, 0.13830941686368703, 0.0419213973799127, 0.10854816824966086, 0.38229324563882544, 0.5200018245678054, 0.005506102597045063, 0.004117391403801728, 0.017262507325909743, 0.026824697746535144
2025-02-04, 0.13830941686368703, 0.0419213973799127, 0.10854816824966086, 0.38229324563882544, 0.5200018245678054, 0.005506102597045063, 0.004117391403801728, 0.017262507325909743, 0.026824697746535144
2025-02-04, 0.13830941686368703, 0.0419213973799127, 0.10854816824966086, 0.38229324563882544, 0.5200018245678054, 0.005506102597045063, 0.004117391403801728, 0.017262507325909743, 0.026824697746535144
2025-02-04, 0.13830941686368703, 0.0419213973799127, 0.10854816824966086, 0.38229324563882544, 0.5200018245678054, 0.005506102597045063, 0.004117391403801728, 0.017262507325909743, 0.026824697746535144
2025-02-04, 0.13830941686368703, 0.0419213973799127, 0.10854816824966086, 0.38229324563882544, 0.5200018245678054, 0.005506102597045063, 0.004117391403801728, 0.017262507325909743, 0.026824697746535144
2025-02-04, 0.13830941686368703, 0.0419213973799127, 0.10854816824966086, 0.38229324563882544, 0.5200018245678054, 0.005506102597045063, 0.004117391403801728, 0.017262507325909743, 0.026824697746535144
2025-02-04, 0.13830941686368703, 0.0419213973799127, 0.10854816824966086, 0.38229324563882544, 0.5200018245678054, 0.005506102597045063, 0.004117391403801728, 0.017262507325909743, 0.026824697746535144
2025-02-04, 0.13830941686368703, 0.0419213973799127, 0.10854816824966086, 0.38229324563882544, 0.5200018245678054, 0.005506102597045063, 0.004117391403801728, 0.017262507325909743, 0.026824697746535144
2025-02-04, 0.13830941686368703, 0.0419213973799127, 0.10854816824966086, 0.38229324563882544, 0.5200018245678054, 0.005506102597045063, 0.004117391403801728, 0.017262507325909743, 0.026824697746535144
2025-02-04, 0.04692075587032018, 0.1467248908296942, 0.03876720294630728, 0.12948642190992468, 0.027368517082515986, 0.0, 0.0027449276025344853, 0.010868986094091329, 0.019405100497493513
2025-02-04, 0.06388858851898754, 0.23056768558951962, 0.062027524714091925, 0.16956555250109184, 0.005473703416503099, 0.005506102597045048, 0.0, 0.013426394586818687, 0.024541744746830022
2025-02-04, 0.09240854931875427, 0.23056768558951962, 0.09304128707113789, 0.22505973331963092, 0.14505314053733528, 0.0027530512985225165, 0.004117391403801728, 0.014705098833182372, 0.023971006496903743
2025-02-04, 0.05622234396029071, 0.20960698689956325, 0.0775344058926149, 0.09249030136423189, 0.030105368790767535, 0.0027530512985225316, 0.0027449276025344853, 0.013426394586818687, 0.021117315247272343
2025-01-05, 0.07418189178524812, 0.2724890829694323, 0.10079472766039921, 0.1664825424556175, 0.024631665374264432, 0.0027530512985225316, 0.0013724638012672426, 0.0089509297245458, 0.015980670997935834
2025-01-05, 0.10644878464794501, 0.0, 0.08528784648187622, 0.2250597333196312, 0.4953701591935412, 0.008259153895567594, 0.005489855205068971, 0.012147690340455016, 0.019975838747419792
2025-01-05, 0.10644878464794501, 0.0, 0.08528784648187622, 0.2250597333196312, 0.4953701591935412, 0.008259153895567594, 0.005489855205068971, 0.012147690340455016, 0.019975838747419792
2025-01-05, 0.10644878464794501, 0.0, 0.08528784648187622, 0.2250597333196312, 0.4953701591935412, 0.008259153895567594, 0.005489855205068971, 0.012147690340455016, 0.019975838747419792
2025-01-05, 0.10644878464794501, 0.0, 0.08528784648187622, 0.2250597333196312, 0.4953701591935412, 0.008259153895567594, 0.005489855205068971, 0.012147690340455016, 0.019975838747419792
2025-01-05, 0.10644878464794501, 0.0, 0.08528784648187622, 0.2250597333196312, 0.4953701591935412, 0.008259153895567594, 0.005489855205068971, 0.012147690340455016, 0.019975838747419792
2025-01-05, 0.10644878464794501, 0.0, 0.08528784648187622, 0.2250597333196312, 0.4953701591935412, 0.008259153895567594, 0.005489855205068971, 0.012147690340455016, 0.019975838747419792
2025-01-05, 0.10644878464794501, 0.0, 0.08528784648187622, 0.2250597333196312, 0.4953701591935412, 0.008259153895567594, 0.005489855205068971, 0.012147690340455016, 0.019975838747419792
2025-01-05, 0.10644878464794501, 0.0, 0.08528784648187622, 0.2250597333196312, 0.4953701591935412, 0.008259153895567594, 0.005489855205068971, 0.012147690340455016, 0.019975838747419792
2025-01-05, 0.10644878464794501, 0.0, 0.08528784648187622, 0.2250597333196312, 0.4953701591935412, 0.008259153895567594, 0.005489855205068971, 0.012147690340455016, 0.019975838747419792
2025-01-05, 0.10644878464794501, 0.0, 0.08528784648187622, 0.2250597333196312, 0.4953701591935412, 0.008259153895567594, 0.005489855205068971, 0.012147690340455016, 0.019975838747419792
2025-01-05, 0.08382107853152515, 0.2934497816593887, 0.09304128707113789, 0.21889371322868226, 0.038315923915522423, 0.0027530512985225316, 0.0027449276025344853, 0.007672225478182115, 0.013697717998230712
2025-01-05, 0.05807796710684691, 0.2096069868995635, 0.06978096530335325, 0.12023739177350143, 0.04105277562377422, 0.0027530512985225316, 0.0027449276025344853, 0.007032873355000272, 0.011414764998525591
2025-01-05, 0.07013423696829031, 0.25152838427947594, 0.13956193060670682, 0.10173933150065516, 0.043789627332025766, 0.0, 0.0013724638012672426, 0.007672225478182115, 0.015409932748009551
2025-01-05, 0.055946946648567766, 0.1257641921397381, 0.054274084124830264, 0.012332040181897604, 0.21621128495187705, 0.0027530512985225316, 0.004117391403801728, 0.012147690340455016, 0.019975838747419792
2024-12-06, 0.10523112709714014, 0.2934497816593884, 0.17057569296375263, 0.07399224109138534, 0.2682114674086575, 0.0027530512985225165, 0.0068623190063361985, 0.008311577601363957, 0.017692885747714673
2024-12-06, 0.15001346357242037, 0.1886462882096069, 0.15506881178522963, 0.2250597333196312, 0.5966336723988505, 0.0027530512985225165, 0.0027449276025344853, 0.011508338217273172, 0.017692885747714673
2024-12-06, 0.15001346357242037, 0.1886462882096069, 0.15506881178522963, 0.2250597333196312, 0.5966336723988505, 0.0027530512985225165, 0.0027449276025344853, 0.011508338217273172, 0.017692885747714673
2024-12-06, 0.15001346357242037, 0.1886462882096069, 0.15506881178522963, 0.2250597333196312, 0.5966336723988505, 0.0027530512985225165, 0.0027449276025344853, 0.011508338217273172, 0.017692885747714673
2024-12-06, 0.15001346357242037, 0.1886462882096069, 0.15506881178522963, 0.2250597333196312, 0.5966336723988505, 0.0027530512985225165, 0.0027449276025344853, 0.011508338217273172, 0.017692885747714673
2024-12-06, 0.15001346357242037, 0.1886462882096069, 0.15506881178522963, 0.2250597333196312, 0.5966336723988505, 0.0027530512985225165, 0.0027449276025344853, 0.011508338217273172, 0.017692885747714673
2024-12-06, 0.15001346357242037, 0.1886462882096069, 0.15506881178522963, 0.2250597333196312, 0.5966336723988505, 0.0027530512985225165, 0.0027449276025344853, 0.011508338217273172, 0.017692885747714673
2024-12-06, 0.15001346357242037, 0.1886462882096069, 0.15506881178522963, 0.2250597333196312, 0.5966336723988505, 0.0027530512985225165, 0.0027449276025344853, 0.011508338217273172, 0.017692885747714673
2024-12-06, 0.15001346357242037, 0.1886462882096069, 0.15506881178522963, 0.2250597333196312, 0.5966336723988505, 0.0027530512985225165, 0.0027449276025344853, 0.011508338217273172, 0.017692885747714673
2024-12-06, 0.15001346357242037, 0.1886462882096069, 0.15506881178522963, 0.2250597333196312, 0.5966336723988505, 0.0027530512985225165, 0.0027449276025344853, 0.011508338217273172, 0.017692885747714673
2024-12-06, 0.15001346357242037, 0.1886462882096069, 0.15506881178522963, 0.2250597333196312, 0.5966336723988505, 0.0027530512985225165, 0.0027449276025344853, 0.011508338217273172, 0.017692885747714673
2024-12-06, 0.12768045235860448, 0.31441048034934477, 0.17057569296375263, 0.05549418081853935, 0.45705423527801853, 0.0, 0.0027449276025344853, 0.005754169108636586, 0.015409932748009551
2024-12-06, 0.10613562070921793, 0.25152838427947594, 0.11630160883892218, 0.012332040181897604, 0.43515942161200566, 0.005506102597045048, 0.00823478280760344, 0.005754169108636586, 0.014268456248156992
2024-12-06, 0.1206887007058873, 0.33537117903930114, 0.18608257414227544, 0.00924903013642327, 0.3995803494047348, 0.0027530512985225316, 0.004117391403801728, 0.0089509297245458, 0.019405100497493513
2024-12-06, 0.11124008791078789, 0.31441048034934477, 0.1783291335530141, 0.03699612054569253, 0.33389590840669614, 0.0, 0.005489855205068971, 0.007672225478182115, 0.013126979748304431
2024-11-06, 0.10886887980100562, 0.25152838427947594, 0.14731537119596816, 0.04316214063664148, 0.39684349769648325, 0.0027530512985225165, 0.005489855205068956, 0.009590281847727644, 0.014268456248156992
2024-11-06, 0.15472156418746305, 0.12576419213973786, 0.13956193060670666, 0.26822187395627267, 0.6541075582721345, 0.011012205194090111, 0.009607246608870683, 0.0089509297245458, 0.02054657699734606
2024-11-06, 0.15472156418746305, 0.12576419213973786, 0.13956193060670666, 0.26822187395627267, 0.6541075582721345, 0.011012205194090111, 0.009607246608870683, 0.0089509297245458, 0.02054657699734606
2024-11-06, 0.15472156418746305, 0.12576419213973786, 0.13956193060670666, 0.26822187395627267, 0.6541075582721345, 0.011012205194090111, 0.009607246608870683, 0.0089509297245458, 0.02054657699734606
2024-11-06, 0.15472156418746305, 0.12576419213973786, 0.13956193060670666, 0.26822187395627267, 0.6541075582721345, 0.011012205194090111, 0.009607246608870683, 0.0089509297245458, 0.02054657699734606
2024-11-06, 0.15472156418746305, 0.12576419213973786, 0.13956193060670666, 0.26822187395627267, 0.6541075582721345, 0.011012205194090111, 0.009607246608870683, 0.0089509297245458, 0.02054657699734606
2024-11-06, 0.15472156418746305, 0.12576419213973786, 0.13956193060670666, 0.26822187395627267, 0.6541075582721345, 0.011012205194090111, 0.009607246608870683, 0.0089509297245458, 0.02054657699734606
2024-11-06, 0.15472156418746305, 0.12576419213973786, 0.13956193060670666, 0.26822187395627267, 0.6541075582721345, 0.011012205194090111, 0.009607246608870683, 0.0089509297245458, 0.02054657699734606
2024-11-06, 0.15472156418746305, 0.12576419213973786, 0.13956193060670666, 0.26822187395627267, 0.6541075582721345, 0.011012205194090111, 0.009607246608870683, 0.0089509297245458, 0.02054657699734606
2024-11-06, 0.15472156418746305, 0.12576419213973786, 0.13956193060670666, 0.26822187395627267, 0.6541075582721345, 0.011012205194090111, 0.009607246608870683, 0.0089509297245458, 0.02054657699734606
2024-11-06, 0.15472156418746305, 0.12576419213973786, 0.13956193060670666, 0.26822187395627267, 0.6541075582721345, 0.011012205194090111, 0.009607246608870683, 0.0089509297245458, 0.02054657699734606
2024-11-06, 0.10989905627767456, 0.31441048034934477, 0.17057569296375263, 0.0030830100454743324, 0.36126442548921234, 0.0027530512985225165, 0.0027449276025344853, 0.0089509297245458, 0.015409932748009551
2024-11-06, 0.1222944020297785, 0.48209606986899556, 0.19383601473153708, 0.26822187395627267, 0.008210555124754649, 0.005506102597045063, 0.0027449276025344853, 0.005754169108636586, 0.011985503248451872
2024-11-06, 0.2452212469785398, 0.20960698689956336, 0.13956193060670666, 0.5703568584127635, 0.9770560598458244, 0.019271359089657696, 0.01372463801267241, 0.012787042463636844, 0.019405100497493513
2024-11-06, 0.15853622380745938, 0.5449781659388644, 0.1783291335530141, 0.36071217532050454, 0.16421110249509638, 0.0027530512985225316, 0.0, 0.007032873355000272, 0.01027328849867303
2024-10-07, 0.1287709519981682, 0.37729257641921404, 0.14731537119596816, 0.018498060272846267, 0.4789490489440314, 0.0, 0.004117391403801728, 0.0, 0.003995167749483949
2024-10-07, 0.13012290301355608, 0.02096069868995635, 0.14731537119596816, 0.2127276931377336, 0.6349495963143732, 0.00825915389556758, 0.0068623190063361985, 0.0019180563695455287, 0.00799033549896791
2024-10-07, 0.13012290301355608, 0.02096069868995635, 0.14731537119596816, 0.2127276931377336, 0.6349495963143732, 0.00825915389556758, 0.0068623190063361985, 0.0019180563695455287, 0.00799033549896791
2024-10-07, 0.13012290301355608, 0.02096069868995635, 0.14731537119596816, 0.2127276931377336, 0.6349495963143732, 0.00825915389556758, 0.0068623190063361985, 0.0019180563695455287, 0.00799033549896791
2024-10-07, 0.13012290301355608, 0.02096069868995635, 0.14731537119596816, 0.2127276931377336, 0.6349495963143732, 0.00825915389556758, 0.0068623190063361985, 0.0019180563695455287, 0.00799033549896791
2024-10-07, 0.13012290301355608, 0.02096069868995635, 0.14731537119596816, 0.2127276931377336, 0.6349495963143732, 0.00825915389556758, 0.0068623190063361985, 0.0019180563695455287, 0.00799033549896791
2024-10-07, 0.13012290301355608, 0.02096069868995635, 0.14731537119596816, 0.2127276931377336, 0.6349495963143732, 0.00825915389556758, 0.0068623190063361985, 0.0019180563695455287, 0.00799033549896791
2024-10-07, 0.13012290301355608, 0.02096069868995635, 0.14731537119596816, 0.2127276931377336, 0.6349495963143732, 0.00825915389556758, 0.0068623190063361985, 0.0019180563695455287, 0.00799033549896791
2024-10-07, 0.13012290301355608, 0.02096069868995635, 0.14731537119596816, 0.2127276931377336, 0.6349495963143732, 0.00825915389556758, 0.0068623190063361985, 0.0019180563695455287, 0.00799033549896791
2024-10-07, 0.13012290301355608, 0.02096069868995635, 0.14731537119596816, 0.2127276931377336, 0.6349495963143732, 0.00825915389556758, 0.0068623190063361985, 0.0019180563695455287, 0.00799033549896791
2024-10-07, 0.13012290301355608, 0.02096069868995635, 0.14731537119596816, 0.2127276931377336, 0.6349495963143732, 0.00825915389556758, 0.0068623190063361985, 0.0019180563695455287, 0.00799033549896791
2024-10-07, 0.09861970413154326, 0.20960698689956325, 0.14731537119596816, 0.049328160727590414, 0.36673812890571567, 0.0, 0.005489855205068956, 0.0019180563695455287, 0.00856107374889419
2024-10-07, 0.09624660349238524, 0.23056768558951962, 0.1395619306067065, 0.033913110500218474, 0.35579072207270923, 0.0, 0.0013724638012672426, 0.0019180563695455287, 0.00684885899911535
2024-10-07, 0.10597972853105876, 0.2724890829694323, 0.10079472766039921, 0.08015826118233428, 0.37768553573872216, 0.0027530512985225165, 0.004117391403801728, 0.0012787042463636858, 0.00856107374889419
2024-10-07, 0.1180256685360006, 0.1257641921397381, 0.08528784648187622, 0.16956555250109184, 0.5446334899420701, 0.00825915389556758, 0.005489855205068956, 0.0006393521231818429, 0.0045659059994102285
2024-09-07, 0.13291314104662894, 0.1886462882096069, 0.22484977708858306, 0.13565244200087365, 0.4898964557770379, 0.005506102597045063, 0.005489855205068971, 0.0012787042463636858, 0.011985503248451872
2024-09-07, 0.16692905272377045, 0.02096069868995635, 0.2481100988563677, 0.3021349844564911, 0.7416868129361858, 0.0027530512985225165, 0.00823478280760344, 0.0012787042463636858, 0.01027328849867303
2024-09-07, 0.16692905272377045, 0.02096069868995635, 0.2481100988563677, 0.3021349844564911, 0.7416868129361858, 0.0027530512985225165, 0.00823478280760344, 0.0012787042463636858, 0.01027328849867303
2024-09-07, 0.16692905272377045, 0.02096069868995635, 0.2481100988563677, 0.3021349844564911, 0.7416868129361858, 0.0027530512985225165, 0.00823478280760344, 0.0012787042463636858, 0.01027328849867303
2024-09-07, 0.16692905272377045, 0.02096069868995635, 0.2481100988563677, 0.3021349844564911, 0.7416868129361858, 0.0027530512985225165, 0.00823478280760344, 0.0012787042463636858, 0.01027328849867303
2024-09-07, 0.16692905272377045, 0.02096069868995635, 0.2481100988563677, 0.3021349844564911, 0.7416868129361858, 0.0027530512985225165, 0.00823478280760344, 0.0012787042463636858, 0.01027328849867303
2024-09-07, 0.16692905272377045, 0.02096069868995635, 0.2481100988563677, 0.3021349844564911, 0.7416868129361858, 0.0027530512985225165, 0.00823478280760344, 0.0012787042463636858, 0.01027328849867303
2024-09-07, 0.16692905272377045, 0.02096069868995635, 0.2481100988563677, 0.3021349844564911, 0.7416868129361858, 0.0027530512985225165, 0.00823478280760344, 0.0012787042463636858, 0.01027328849867303
2024-09-07, 0.16692905272377045, 0.02096069868995635, 0.2481100988563677, 0.3021349844564911, 0.7416868129361858, 0.0027530512985225165, 0.00823478280760344, 0.0012787042463636858, 0.01027328849867303
2024-09-07, 0.16692905272377045, 0.02096069868995635, 0.2481100988563677, 0.3021349844564911, 0.7416868129361858, 0.0027530512985225165, 0.00823478280760344, 0.0012787042463636858, 0.01027328849867303
2024-09-07, 0.16692905272377045, 0.02096069868995635, 0.2481100988563677, 0.3021349844564911, 0.7416868129361858, 0.0027530512985225165, 0.00823478280760344, 0.0012787042463636858, 0.01027328849867303
2024-09-07, 0.13623123209091115, 0.1886462882096069, 0.2481100988563677, 0.08632428127328322, 0.5528440450668249, 0.0027530512985225316, 0.004117391403801728, 0.0019180563695455287, 0.005136644249336509
2024-09-07, 0.14836876551055053, 0.14672489082969445, 0.24035665826710603, 0.17573157259204078, 0.6048442275236053, 0.0027530512985225316, 0.005489855205068971, 0.0019180563695455287, 0.009131811998820471
2024-09-07, 0.09940550475404294, 0.23056768558951962, 0.271370420624152, 0.03699612054569253, 0.24084295032614148, 0.0, 0.005489855205068971, 0.0025574084927273717, 0.007419597249041629
2024-09-07, 0.08270870959302075, 0.0838427947598254, 0.255863539445629, 0.03699612054569253, 0.27094831911690925, 0.0027530512985225316, 0.005489855205068971, 0.0006393521231818429, 0.005136644249336509
2024-08-08, 0.08214264582028384, 0.16768558951965057, 0.0232603217677843, 0.21272769313773332, 0.24084295032614172, 0.0027530512985225316, 0.004117391403801728, 0.005754169108636586, 0.0
2024-08-08, 0.15891962898474182, 0.06288209606986905, 0.062027524714091925, 0.5056136474578011, 0.6185284860648637, 0.005506102597045048, 0.009607246608870683, 0.0031967606159092146, 0.003995167749483949
2024-08-08, 0.15891962898474182, 0.06288209606986905, 0.062027524714091925, 0.5056136474578011, 0.6185284860648637, 0.005506102597045048, 0.009607246608870683, 0.0031967606159092146, 0.003995167749483949
2024-08-08, 0.15891962898474182, 0.06288209606986905, 0.062027524714091925, 0.5056136474578011, 0.6185284860648637, 0.005506102597045048, 0.009607246608870683, 0.0031967606159092146, 0.003995167749483949
2024-08-08, 0.15891962898474182, 0.06288209606986905, 0.062027524714091925, 0.5056136474578011, 0.6185284860648637, 0.005506102597045048, 0.009607246608870683, 0.0031967606159092146, 0.003995167749483949
2024-08-08, 0.15891962898474182, 0.06288209606986905, 0.062027524714091925, 0.5056136474578011, 0.6185284860648637, 0.005506102597045048, 0.009607246608870683, 0.0031967606159092146, 0.003995167749483949
2024-08-08, 0.15891962898474182, 0.06288209606986905, 0.062027524714091925, 0.5056136474578011, 0.6185284860648637, 0.005506102597045048, 0.009607246608870683, 0.0031967606159092146, 0.003995167749483949
2024-08-08, 0.15891962898474182, 0.06288209606986905, 0.062027524714091925, 0.5056136474578011, 0.6185284860648637, 0.005506102597045048, 0.009607246608870683, 0.0031967606159092146, 0.003995167749483949
2024-08-08, 0.15891962898474182, 0.06288209606986905, 0.062027524714091925, 0.5056136474578011, 0.6185284860648637, 0.005506102597045048, 0.009607246608870683, 0.0031967606159092146, 0.003995167749483949
2024-08-08, 0.15891962898474182, 0.06288209606986905, 0.062027524714091925, 0.5056136474578011, 0.6185284860648637, 0.005506102597045048, 0.009607246608870683, 0.0031967606159092146, 0.003995167749483949
2024-08-08, 0.15891962898474182, 0.06288209606986905, 0.062027524714091925, 0.5056136474578011, 0.6185284860648637, 0.005506102597045048, 0.009607246608870683, 0.0031967606159092146, 0.003995167749483949
2024-08-08, 0.07186881271380334, 0.1467248908296942, 0.007753440589261319, 0.20964468309225898, 0.1943164712858644, 0.0027530512985225316, 0.0068623190063361985, 0.005754169108636586, 0.0011414764998525476
2024-08-08, 0.09620968109741658, 0.0838427947598254, 0.054274084124830264, 0.2558898337743751, 0.36673812890571567, 0.0, 0.0027449276025344853, 0.0044754648622729, 0.0017122147497788279
2024-08-08, 0.11820478465211293, 0.10480349344978175, 0.015506881178522981, 0.3637951853659789, 0.44336997673676054, 0.005506102597045063, 0.004117391403801728, 0.005114816985454743, 0.0034244294995576683
2024-08-08, 0.11209199744421622, 0.06288209606986905, 0.0, 0.410040336048095, 0.41052775623774124, 0.0027530512985225316, 0.004117391403801728, 0.0012787042463636858, 0.005136644249336509
2024-07-09, 0.11457627614148755, 0.16768558951965057, 0.046520643535568944, 0.19422963286488704, 0.47894904894403156, 0.01376525649261265, 0.0013724638012672426, 0.008950929724545786, 0.005136644249336521
2024-07-09, 0.1647773713926676, 0.04192139737991247, 0.023260321767784472, 0.48094956709400627, 0.7416868129361859, 0.0055061025970450555, 0.004117391403801728, 0.012787042463636844, 0.007990335498967922
2024-07-09, 0.1647773713926676, 0.04192139737991247, 0.023260321767784472, 0.48094956709400627, 0.7416868129361859, 0.0055061025970450555, 0.004117391403801728, 0.012787042463636844, 0.007990335498967922
2024-07-09, 0.1647773713926676, 0.04192139737991247, 0.023260321767784472, 0.48094956709400627, 0.7416868129361859, 0.0055061025970450555, 0.004117391403801728, 0.012787042463636844, 0.007990335498967922
2024-07-09, 0.1647773713926676, 0.04192139737991247, 0.023260321767784472, 0.48094956709400627, 0.7416868129361859, 0.0055061025970450555, 0.004117391403801728, 0.012787042463636844, 0.007990335498967922
2024-07-09, 0.1647773713926676, 0.04192139737991247, 0.023260321767784472, 0.48094956709400627, 0.7416868129361859, 0.0055061025970450555, 0.004117391403801728, 0.012787042463636844, 0.007990335498967922
2024-07-09, 0.1647773713926676, 0.04192139737991247, 0.023260321767784472, 0.48094956709400627, 0.7416868129361859, 0.0055061025970450555, 0.004117391403801728, 0.012787042463636844, 0.007990335498967922
2024-07-09, 0.1647773713926676, 0.04192139737991247, 0.023260321767784472, 0.48094956709400627, 0.7416868129361859, 0.0055061025970450555, 0.004117391403801728, 0.012787042463636844, 0.007990335498967922
2024-07-09, 0.1647773713926676, 0.04192139737991247, 0.023260321767784472, 0.48094956709400627, 0.7416868129361859, 0.0055061025970450555, 0.004117391403801728, 0.012787042463636844, 0.007990335498967922
2024-07-09, 0.1647773713926676, 0.04192139737991247, 0.023260321767784472, 0.48094956709400627, 0.7416868129361859, 0.0055061025970450555, 0.004117391403801728, 0.012787042463636844, 0.007990335498967922
2024-07-09, 0.1647773713926676, 0.04192139737991247, 0.023260321767784472, 0.48094956709400627, 0.7416868129361859, 0.0055061025970450555, 0.004117391403801728, 0.012787042463636844, 0.007990335498967922
2024-07-09, 0.12146042383334599, 0.1886462882096069, 0.0, 0.2743878940472216, 0.4734753455275282, 0.011012205194090118, 0.0027449276025344853, 0.013426394586818687, 0.007990335498967922
2024-07-09, 0.12581576229166042, 0.23056768558951962, 0.031013762357045963, 0.2127276931377336, 0.5008438626100442, 0.008259153895567587, 0.004117391403801728, 0.012147690340455, 0.006848858999115362
2024-07-09, 0.10149039486224953, 0.23056768558951962, 0.0, 0.16339953241014318, 0.38042238744697354, 0.01376525649261265, 0.0, 0.01406574671000053, 0.009702550248746764
2024-07-09, 0.07377630042646362, 0.20960698689956325, 0.015506881178522981, 0.07090923104591129, 0.24631665374264472, 0.011012205194090118, 0.004117391403801728, 0.017901859449091586, 0.014839194498083273
2024-06-09, 0.08405249656152314, 0.1676855895196508, 0.062027524714091925, 0.11715438172802722, 0.2873694293664189, 0.013765256492612642, 0.005489855205068971, 0.011508338217273172, 0.007419597249041629
2024-06-09, 0.19008376952173414, 0.1467248908296942, 0.031013762357045963, 0.5210286976851732, 0.7991606988094694, 0.0055061025970450555, 0.010979710410137926, 0.005114816985454743, 0.0011414764998525604
2024-06-09, 0.19008376952173414, 0.1467248908296942, 0.031013762357045963, 0.5210286976851732, 0.7991606988094694, 0.0055061025970450555, 0.010979710410137926, 0.005114816985454743, 0.0011414764998525604
2024-06-09, 0.19008376952173414, 0.1467248908296942, 0.031013762357045963, 0.5210286976851732, 0.7991606988094694, 0.0055061025970450555, 0.010979710410137926, 0.005114816985454743, 0.0011414764998525604
2024-06-09, 0.19008376952173414, 0.1467248908296942, 0.031013762357045963, 0.5210286976851732, 0.7991606988094694, 0.0055061025970450555, 0.010979710410137926, 0.005114816985454743, 0.0011414764998525604
2024-06-09, 0.19008376952173414, 0.1467248908296942, 0.031013762357045963, 0.5210286976851732, 0.7991606988094694, 0.0055061025970450555, 0.010979710410137926, 0.005114816985454743, 0.0011414764998525604
2024-06-09, 0.19008376952173414, 0.1467248908296942, 0.031013762357045963, 0.5210286976851732, 0.7991606988094694, 0.0055061025970450555, 0.010979710410137926, 0.005114816985454743, 0.0011414764998525604
2024-06-09, 0.19008376952173414, 0.1467248908296942, 0.031013762357045963, 0.5210286976851732, 0.7991606988094694, 0.0055061025970450555, 0.010979710410137926, 0.005114816985454743, 0.0011414764998525604
2024-06-09, 0.19008376952173414, 0.1467248908296942, 0.031013762357045963, 0.5210286976851732, 0.7991606988094694, 0.0055061025970450555, 0.010979710410137926, 0.005114816985454743, 0.0011414764998525604
2024-06-09, 0.19008376952173414, 0.1467248908296942, 0.031013762357045963, 0.5210286976851732, 0.7991606988094694, 0.0055061025970450555, 0.010979710410137926, 0.005114816985454743, 0.0011414764998525604
2024-06-09, 0.19008376952173414, 0.1467248908296942, 0.031013762357045963, 0.5210286976851732, 0.7991606988094694, 0.0055061025970450555, 0.010979710410137926, 0.005114816985454743, 0.0011414764998525604
2024-06-09, 0.0677034882628207, 0.10480349344978175, 0.05427408412483043, 0.1233204018189759, 0.22168498836838027, 0.019271359089657707, 0.004117391403801728, 0.009590281847727644, 0.0045659059994102415
2024-06-09, 0.08250560975523964, 0.06288209606986905, 0.062027524714091925, 0.18189759268298958, 0.31747479815718643, 0.013765256492612642, 0.005489855205068971, 0.010229633970909487, 0.006278120749189069
2024-06-09, 0.07659215090038035, 0.06288209606986905, 0.062027524714091925, 0.13873545204634782, 0.30926424303243155, 0.019271359089657707, 0.004117391403801728, 0.009590281847727644, 0.00684885899911535
2024-06-09, 0.08634213221088291, 0.0838427947598254, 0.1085481682496607, 0.18189759268298958, 0.2818957259499156, 0.013765256492612642, 0.005489855205068971, 0.009590281847727644, 0.005707382499262802
2024-05-10, 0.07765853828007224, 0.06288209606986905, 0.007753440589261491, 0.13873545204634782, 0.37768553573872177, 0.008259153895567587, 0.008234782807603456, 0.010868986094091329, 0.00684885899911535
2024-05-10, 0.22236099821039937, 0.25152838427947594, 0.01550688117852281, 0.6011869588675075, 0.886739953473521, 0.0, 0.010979710410137926, 0.0089509297245458, 0.003995167749483961
2024-05-10, 0.22236099821039937, 0.25152838427947594, 0.01550688117852281, 0.6011869588675075, 0.886739953473521, 0.0, 0.010979710410137926, 0.0089509297245458, 0.003995167749483961
2024-05-10, 0.22236099821039937, 0.25152838427947594, 0.01550688117852281, 0.6011869588675075, 0.886739953473521, 0.0, 0.010979710410137926, 0.0089509297245458, 0.003995167749483961
2024-05-10, 0.22236099821039937, 0.25152838427947594, 0.01550688117852281, 0.6011869588675075, 0.886739953473521, 0.0, 0.010979710410137926, 0.0089509297245458, 0.003995167749483961
2024-05-10, 0.22236099821039937, 0.25152838427947594, 0.01550688117852281, 0.6011869588675075, 0.886739953473521, 0.0, 0.010979710410137926, 0.0089509297245458, 0.003995167749483961
2024-05-10, 0.22236099821039937, 0.25152838427947594, 0.01550688117852281, 0.6011869588675075, 0.886739953473521, 0.0, 0.010979710410137926, 0.0089509297245458, 0.003995167749483961
2024-05-10, 0.22236099821039937, 0.25152838427947594, 0.01550688117852281, 0.6011869588675075, 0.886739953473521, 0.0, 0.010979710410137926, 0.0089509297245458, 0.003995167749483961
2024-05-10, 0.22236099821039937, 0.25152838427947594, 0.01550688117852281, 0.6011869588675075, 0.886739953473521, 0.0, 0.010979710410137926, 0.0089509297245458, 0.003995167749483961
2024-05-10, 0.22236099821039937, 0.25152838427947594, 0.01550688117852281, 0.6011869588675075, 0.886739953473521, 0.0, 0.010979710410137926, 0.0089509297245458, 0.003995167749483961
2024-05-10, 0.22236099821039937, 0.25152838427947594, 0.01550688117852281, 0.6011869588675075, 0.886739953473521, 0.0, 0.010979710410137926, 0.0089509297245458, 0.003995167749483961
2024-05-10, 0.07413997957274462, 0.0838427947598254, 0.015506881178522981, 0.16339953241014304, 0.29557998449117356, 0.011012205194090118, 0.005489855205068971, 0.010868986094091329, 0.007419597249041629
2024-05-10, 0.0852767852958075, 0.0419213973799127, 0.007753440589261491, 0.19422963286488718, 0.40231720111298647, 0.008259153895567587, 0.008234782807603456, 0.011508338217273172, 0.00799033549896791
2024-05-10, 0.07968810657231025, 0.02096069868995635, 0.01550688117852281, 0.16956555250109198, 0.39410664598823153, 0.008259153895567587, 0.009607246608870698, 0.011508338217273172, 0.00799033549896791
2024-05-10, 0.11985322271138019, 0.0419213973799127, 0.0, 0.3391311050021838, 0.5501071933585733, 0.0055061025970450555, 0.006862319006336213, 0.009590281847727644, 0.005707382499262802
2024-04-10, 0.10520624561285229, 0.35633187772925773, 0.10079472766039921, 0.08940729131875769, 0.24357980203439317, 0.008259153895567587, 0.005489855205068956, 0.022377324311364473, 0.015409932748009551
2024-04-10, 0.20089377438234624, 0.1676855895196508, 0.12405504942818368, 0.48711558718495507, 0.7800027368517083, 0.0055061025970450555, 0.010979710410137926, 0.019819915818637117, 0.011985503248451872
2024-04-10, 0.20089377438234624, 0.1676855895196508, 0.12405504942818368, 0.48711558718495507, 0.7800027368517083, 0.0055061025970450555, 0.010979710410137926, 0.019819915818637117, 0.011985503248451872
2024-04-10, 0.20089377438234624, 0.1676855895196508, 0.12405504942818368, 0.48711558718495507, 0.7800027368517083, 0.0055061025970450555, 0.010979710410137926, 0.019819915818637117, 0.011985503248451872
2024-04-10, 0.20089377438234624, 0.1676855895196508, 0.12405504942818368, 0.48711558718495507, 0.7800027368517083, 0.0055061025970450555, 0.010979710410137926, 0.019819915818637117, 0.011985503248451872
2024-04-10, 0.20089377438234624, 0.1676855895196508, 0.12405504942818368, 0.48711558718495507, 0.7800027368517083, 0.0055061025970450555, 0.010979710410137926, 0.019819915818637117, 0.011985503248451872
2024-04-10, 0.20089377438234624, 0.1676855895196508, 0.12405504942818368, 0.48711558718495507, 0.7800027368517083, 0.0055061025970450555, 0.010979710410137926, 0.019819915818637117, 0.011985503248451872
2024-04-10, 0.20089377438234624, 0.1676855895196508, 0.12405504942818368, 0.48711558718495507, 0.7800027368517083, 0.0055061025970450555, 0.010979710410137926, 0.019819915818637117, 0.011985503248451872
2024-04-10, 0.20089377438234624, 0.1676855895196508, 0.12405504942818368, 0.48711558718495507, 0.7800027368517083, 0.0055061025970450555, 0.010979710410137926, 0.019819915818637117, 0.011985503248451872
2024-04-10, 0.20089377438234624, 0.1676855895196508, 0.12405504942818368, 0.48711558718495507, 0.7800027368517083, 0.0055061025970450555, 0.010979710410137926, 0.019819915818637117, 0.011985503248451872
2024-04-10, 0.20089377438234624, 0.1676855895196508, 0.12405504942818368, 0.48711558718495507, 0.7800027368517083, 0.0055061025970450555, 0.010979710410137926, 0.019819915818637117, 0.011985503248451872
2024-04-10, 0.102721620415686, 0.33537117903930136, 0.03876720294630745, 0.1140713716825529, 0.2873694293664189, 0.008259153895567587, 0.005489855205068956, 0.02045926794181896, 0.011985503248451872
2024-04-10, 0.133518032793623, 0.2096069868995635, 0.05427408412483043, 0.27438789404722147, 0.4844227523605346, 0.005506102597045063, 0.0068623190063361985, 0.021098620065000802, 0.011985503248451872
2024-04-10, 0.0840508313717403, 0.4401746724890831, 0.0775344058926149, 0.00924903013642327, 0.09031610637230296, 0.01651830779113518, 0.0027449276025344853, 0.02045926794181896, 0.015409932748009551
2024-04-10, 0.10293622533672847, 0.4401746724890831, 0.0775344058926149, 0.08632428127328308, 0.16694795420334807, 0.011012205194090118, 0.005489855205068956, 0.021737972188182644, 0.014268456248156992
2024-03-11, 0.04866841872630065, 0.10480349344978175, 0.10079472766039921, 0.02158107031832074, 0.1094740683300643, 0.013765256492612642, 0.0, 0.022377324311364473, 0.016551409247862112
2024-03-11, 0.21122324278412688, 0.23056768558951962, 0.12405504942818368, 0.5056136474578011, 0.8073712539342244, 0.0, 0.004117391403801728, 0.01406574671000053, 0.003995167749483961
2024-03-11, 0.21122324278412688, 0.23056768558951962, 0.12405504942818368, 0.5056136474578011, 0.8073712539342244, 0.0, 0.004117391403801728, 0.01406574671000053, 0.003995167749483961
2024-03-11, 0.21122324278412688, 0.23056768558951962, 0.12405504942818368, 0.5056136474578011, 0.8073712539342244, 0.0, 0.004117391403801728, 0.01406574671000053, 0.003995167749483961
2024-03-11, 0.21122324278412688, 0.23056768558951962, 0.12405504942818368, 0.5056136474578011, 0.8073712539342244, 0.0, 0.004117391403801728, 0.01406574671000053, 0.003995167749483961
2024-03-11, 0.21122324278412688, 0.23056768558951962, 0.12405504942818368, 0.5056136474578011, 0.8073712539342244, 0.0, 0.004117391403801728, 0.01406574671000053, 0.003995167749483961
2024-03-11, 0.21122324278412688, 0.23056768558951962, 0.12405504942818368, 0.5056136474578011, 0.8073712539342244, 0.0, 0.004117391403801728, 0.01406574671000053, 0.003995167749483961
2024-03-11, 0.21122324278412688, 0.23056768558951962, 0.12405504942818368, 0.5056136474578011, 0.8073712539342244, 0.0, 0.004117391403801728, 0.01406574671000053, 0.003995167749483961
2024-03-11, 0.21122324278412688, 0.23056768558951962, 0.12405504942818368, 0.5056136474578011, 0.8073712539342244, 0.0, 0.004117391403801728, 0.01406574671000053, 0.003995167749483961
2024-03-11, 0.21122324278412688, 0.23056768558951962, 0.12405504942818368, 0.5056136474578011, 0.8073712539342244, 0.0, 0.004117391403801728, 0.01406574671000053, 0.003995167749483961
2024-03-11, 0.21122324278412688, 0.23056768558951962, 0.12405504942818368, 0.5056136474578011, 0.8073712539342244, 0.0, 0.004117391403801728, 0.01406574671000053, 0.003995167749483961
2024-03-11, 0.030193612490207695, 0.0419213973799127, 0.046520643535568944, 0.006166020090948802, 0.0957898097888063, 0.011012205194090111, 0.0, 0.023016676434546315, 0.01712214749778839
2024-03-11, 0.06069875492636099, 0.1257641921397381, 0.09304128707113789, 0.05857719086401355, 0.15326369566209008, 0.011012205194090111, 0.0013724638012672275, 0.02429538068091, 0.018263623997640952
2024-03-11, 0.06642662914964763, 0.1257641921397381, 0.13180849001744516, 0.05549418081853921, 0.16421110249509652, 0.013765256492612642, 0.0013724638012672275, 0.023016676434546315, 0.015980670997935834
2024-03-11, 0.04894557354637831, 0.10480349344978175, 0.06978096530335341, 0.027747090409269537, 0.14231628882908362, 0.008259153895567587, 0.0013724638012672426, 0.023016676434546315, 0.014268456248156992
2024-02-10, 0.05745940928622026, 0.25152838427947594, 0.031013762357045963, 0.04316214063664148, 0.09031610637230308, 0.008259153895567587, 0.004117391403801728, 0.009590281847727629, 0.021688053497198635
2024-02-10, 0.1933992536646835, 0.02096069868995635, 0.08528784648187622, 0.6289340492767772, 0.7854764402682115, 0.0027530512985225316, 0.008234782807603456, 0.0012787042463636858, 0.014268456248156992
2024-02-10, 0.1933992536646835, 0.02096069868995635, 0.08528784648187622, 0.6289340492767772, 0.7854764402682115, 0.0027530512985225316, 0.008234782807603456, 0.0012787042463636858, 0.014268456248156992
2024-02-10, 0.1933992536646835, 0.02096069868995635, 0.08528784648187622, 0.6289340492767772, 0.7854764402682115, 0.0027530512985225316, 0.008234782807603456, 0.0012787042463636858, 0.014268456248156992
2024-02-10, 0.1933992536646835, 0.02096069868995635, 0.08528784648187622, 0.6289340492767772, 0.7854764402682115, 0.0027530512985225316, 0.008234782807603456, 0.0012787042463636858, 0.014268456248156992
2024-02-10, 0.1933992536646835, 0.02096069868995635, 0.08528784648187622, 0.6289340492767772, 0.7854764402682115, 0.0027530512985225316, 0.008234782807603456, 0.0012787042463636858, 0.014268456248156992
2024-02-10, 0.1933992536646835, 0.02096069868995635, 0.08528784648187622, 0.6289340492767772, 0.7854764402682115, 0.0027530512985225316, 0.008234782807603456, 0.0012787042463636858, 0.014268456248156992
2024-02-10, 0.1933992536646835, 0.02096069868995635, 0.08528784648187622, 0.6289340492767772, 0.7854764402682115, 0.0027530512985225316, 0.008234782807603456, 0.0012787042463636858, 0.014268456248156992
2024-02-10, 0.1933992536646835, 0.02096069868995635, 0.08528784648187622, 0.6289340492767772, 0.7854764402682115, 0.0027530512985225316, 0.008234782807603456, 0.0012787042463636858, 0.014268456248156992
2024-02-10, 0.1933992536646835, 0.02096069868995635, 0.08528784648187622, 0.6289340492767772, 0.7854764402682115, 0.0027530512985225316, 0.008234782807603456, 0.0012787042463636858, 0.014268456248156992
2024-02-10, 0.1933992536646835, 0.02096069868995635, 0.08528784648187622, 0.6289340492767772, 0.7854764402682115, 0.0027530512985225316, 0.008234782807603456, 0.0012787042463636858, 0.014268456248156992
2024-02-10, 0.05649130668883803, 0.1886462882096069, 0.031013762357045963, 0.04316214063664148, 0.14505314053733528, 0.0055061025970450555, 0.005489855205068971, 0.010229633970909473, 0.022829529997051193
2024-02-10, 0.0870812253389545, 0.16768558951965057, 0.046520643535568944, 0.16031652236466884, 0.2873694293664188, 0.0055061025970450555, 0.0027449276025344853, 0.0076722254781821, 0.018834362247567234
2024-02-10, 0.3112470820166325, 0.3982532751091702, 0.11630160883892218, 0.9002389332785242, 1.0427405008438628, 0.01376525649261265, 0.012352174211405177, 0.005754169108636586, 0.0005707382499262802
2024-02-10, 0.09509694659442999, 0.2934497816593887, 0.05427408412483043, 0.13256943195539903, 0.23810609861788992, 0.008259153895567587, 0.004117391403801728, 0.008311577601363944, 0.021688053497198635
2024-01-11, 0.10422585326493594, 0.33537117903930114, 0.16282225237449113, 0.12640341186445037, 0.16421110249509638, 0.008259153895567587, 0.00274492760253447, 0.008311577601363944, 0.025683221246682594
2024-01-11, 0.19341272756805328, 0.0, 0.08528784648187622, 0.66593016982247, 0.7800027368517082, 0.0, 0.004117391403801713, 0.005114816985454743, 0.006848858999115362
2024-01-11, 0.19341272756805328, 0.0, 0.08528784648187622, 0.66593016982247, 0.7800027368517082, 0.0, 0.004117391403801713, 0.005114816985454743, 0.006848858999115362
2024-01-11, 0.19341272756805328, 0.0, 0.08528784648187622, 0.66593016982247, 0.7800027368517082, 0.0, 0.004117391403801713, 0.005114816985454743, 0.006848858999115362
2024-01-11, 0.19341272756805328, 0.0, 0.08528784648187622, 0.66593016982247, 0.7800027368517082, 0.0, 0.004117391403801713, 0.005114816985454743, 0.006848858999115362
2024-01-11, 0.19341272756805328, 0.0, 0.08528784648187622, 0.66593016982247, 0.7800027368517082, 0.0, 0.004117391403801713, 0.005114816985454743, 0.006848858999115362
2024-01-11, 0.19341272756805328, 0.0, 0.08528784648187622, 0.66593016982247, 0.7800027368517082, 0.0, 0.004117391403801713, 0.005114816985454743, 0.006848858999115362
2024-01-11, 0.19341272756805328, 0.0, 0.08528784648187622, 0.66593016982247, 0.7800027368517082, 0.0, 0.004117391403801713, 0.005114816985454743, 0.006848858999115362
2024-01-11, 0.19341272756805328, 0.0, 0.08528784648187622, 0.66593016982247, 0.7800027368517082, 0.0, 0.004117391403801713, 0.005114816985454743, 0.006848858999115362
2024-01-11, 0.19341272756805328, 0.0, 0.08528784648187622, 0.66593016982247, 0.7800027368517082, 0.0, 0.004117391403801713, 0.005114816985454743, 0.006848858999115362
2024-01-11, 0.19341272756805328, 0.0, 0.08528784648187622, 0.66593016982247, 0.7800027368517082, 0.0, 0.004117391403801713, 0.005114816985454743, 0.006848858999115362
2024-01-11, 0.08787953877819013, 0.25152838427947594, 0.12405504942818385, 0.11098836163707843, 0.16968480591159973, 0.008259153895567587, 0.00274492760253447, 0.008950929724545786, 0.026824697746535155
2024-01-11, 0.1005006331216024, 0.33537117903930114, 0.09304128707113789, 0.1079053515916041, 0.21621128495187705, 0.011012205194090118, 0.004117391403801713, 0.008950929724545786, 0.027395435996461437
2024-01-11, 0.11469520949955841, 0.31441048034934477, 0.13956193060670682, 0.18806361277393838, 0.22989554349313504, 0.0055061025970450555, 0.005489855205068956, 0.008950929724545786, 0.025683221246682594
2024-01-11, 0.1097494393189839, 0.33537117903930114, 0.12405504942818385, 0.15106749222824556, 0.2189481366601286, 0.011012205194090118, 0.004117391403801713, 0.008311577601363944, 0.025112482996756315
2023-12-12, 0.06731802767431741, 0.18864628820960713, 0.2170963364993214, 0.006166020090948665, 0.08210555124754819, 0.011012205194090127, 0.0013724638012672426, 0.007032873355000258, 0.025112482996756315
2023-12-12, 0.22459596620510652, 0.06288209606986905, 0.20158945532079842, 0.6381830794132005, 0.8757925466405146, 0.0, 0.005489855205068956, 0.0025574084927273717, 0.010273288498673042
2023-12-12, 0.22459596620510652, 0.06288209606986905, 0.20158945532079842, 0.6381830794132005, 0.8757925466405146, 0.0, 0.005489855205068956, 0.0025574084927273717, 0.010273288498673042
2023-12-12, 0.22459596620510652, 0.06288209606986905, 0.20158945532079842, 0.6381830794132005, 0.8757925466405146, 0.0, 0.005489855205068956, 0.0025574084927273717, 0.010273288498673042
2023-12-12, 0.22459596620510652, 0.06288209606986905, 0.20158945532079842, 0.6381830794132005, 0.8757925466405146, 0.0, 0.005489855205068956, 0.0025574084927273717, 0.010273288498673042
2023-12-12, 0.22459596620510652, 0.06288209606986905, 0.20158945532079842, 0.6381830794132005, 0.8757925466405146, 0.0, 0.005489855205068956, 0.0025574084927273717, 0.010273288498673042
2023-12-12, 0.22459596620510652, 0.06288209606986905, 0.20158945532079842, 0.6381830794132005, 0.8757925466405146, 0.0, 0.005489855205068956, 0.0025574084927273717, 0.010273288498673042
2023-12-12, 0.22459596620510652, 0.06288209606986905, 0.20158945532079842, 0.6381830794132005, 0.8757925466405146, 0.0, 0.005489855205068956, 0.0025574084927273717, 0.010273288498673042
2023-12-12, 0.22459596620510652, 0.06288209606986905, 0.20158945532079842, 0.6381830794132005, 0.8757925466405146, 0.0, 0.005489855205068956, 0.0025574084927273717, 0.010273288498673042
2023-12-12, 0.22459596620510652, 0.06288209606986905, 0.20158945532079842, 0.6381830794132005, 0.8757925466405146, 0.0, 0.005489855205068956, 0.0025574084927273717, 0.010273288498673042
2023-12-12, 0.22459596620510652, 0.06288209606986905, 0.20158945532079842, 0.6381830794132005, 0.8757925466405146, 0.0, 0.005489855205068956, 0.0025574084927273717, 0.010273288498673042
2023-12-12, 0.08281517185483368, 0.1676855895196508, 0.24811009885636737, 0.06166020090948802, 0.14231628882908376, 0.011012205194090127, 0.0013724638012672275, 0.006393521231818415, 0.023971006496903754
2023-12-12, 0.1032427545154561, 0.27248908296943253, 0.20158945532079842, 0.07399224109138562, 0.23810609861788992, 0.008259153895567594, 0.0, 0.006393521231818415, 0.025112482996756315
2023-12-12, 0.09112284000375996, 0.23056768558951984, 0.2170963364993214, 0.052411170773064744, 0.18884276786936108, 0.008259153895567594, 0.0013724638012672275, 0.007032873355000258, 0.023400268246977475
2023-12-12, 0.11036351335848198, 0.2515283842794762, 0.22484977708858306, 0.10790535159160382, 0.2600009122839028, 0.008259153895567594, 0.0, 0.006393521231818415, 0.023971006496903754
2023-11-12, 0.08455994182813814, 0.02096069868995635, 0.34115138592750527, 0.08015826118233456, 0.18063221274460617, 0.005506102597045063, 0.0068623190063361985, 0.006393521231818415, 0.034815033245503064
2023-11-12, 0.2594958009285241, 0.20960698689956303, 0.31013762357045926, 0.595020938776559, 0.9223190256807922, 0.0055061025970450555, 0.010979710410137926, 0.0012787042463636858, 0.021117315247272353
2023-11-12, 0.2594958009285241, 0.20960698689956303, 0.31013762357045926, 0.595020938776559, 0.9223190256807922, 0.0055061025970450555, 0.010979710410137926, 0.0012787042463636858, 0.021117315247272353
2023-11-12, 0.2594958009285241, 0.20960698689956303, 0.31013762357045926, 0.595020938776559, 0.9223190256807922, 0.0055061025970450555, 0.010979710410137926, 0.0012787042463636858, 0.021117315247272353
2023-11-12, 0.2594958009285241, 0.20960698689956303, 0.31013762357045926, 0.595020938776559, 0.9223190256807922, 0.0055061025970450555, 0.010979710410137926, 0.0012787042463636858, 0.021117315247272353
2023-11-12, 0.2594958009285241, 0.20960698689956303, 0.31013762357045926, 0.595020938776559, 0.9223190256807922, 0.0055061025970450555, 0.010979710410137926, 0.0012787042463636858, 0.021117315247272353
2023-11-12, 0.2594958009285241, 0.20960698689956303, 0.31013762357045926, 0.595020938776559, 0.9223190256807922, 0.0055061025970450555, 0.010979710410137926, 0.0012787042463636858, 0.021117315247272353
2023-11-12, 0.2594958009285241, 0.20960698689956303, 0.31013762357045926, 0.595020938776559, 0.9223190256807922, 0.0055061025970450555, 0.010979710410137926, 0.0012787042463636858, 0.021117315247272353
2023-11-12, 0.2594958009285241, 0.20960698689956303, 0.31013762357045926, 0.595020938776559, 0.9223190256807922, 0.0055061025970450555, 0.010979710410137926, 0.0012787042463636858, 0.021117315247272353
2023-11-12, 0.2594958009285241, 0.20960698689956303, 0.31013762357045926, 0.595020938776559, 0.9223190256807922, 0.0055061025970450555, 0.010979710410137926, 0.0012787042463636858, 0.021117315247272353
2023-11-12, 0.2594958009285241, 0.20960698689956303, 0.31013762357045926, 0.595020938776559, 0.9223190256807922, 0.0055061025970450555, 0.010979710410137926, 0.0012787042463636858, 0.021117315247272353
2023-11-12, 0.09234830785287193, 0.0419213973799127, 0.32564450474898227, 0.0955733114097065, 0.22442184007663193, 0.005506102597045063, 0.0068623190063361985, 0.005754169108636572, 0.033102818495724225
2023-11-12, 0.3704287131021257, 0.5449781659388644, 0.31789106415972096, 0.9464840839606403, 1.1084249418419014, 0.011012205194090118, 0.01372463801267241, 0.01406574671000053, 0.006848858999115362
2023-11-12, 0.1494871518600697, 0.04192139737991223, 0.3333979453382436, 0.29288595432006787, 0.48715960406878633, 0.0027530512985225316, 0.009607246608870683, 0.0019180563695455287, 0.026253959496608862
2023-11-12, 0.133878267760442, 0.10480349344978128, 0.3799185888738125, 0.19422963286488704, 0.3503170186562059, 0.0027530512985225316, 0.005489855205068971, 0.003836112739091043, 0.029678388996166545
2023-10-13, 0.06414187340682144, 0.02096069868995635, 0.0775344058926149, 0.2250597333196312, 0.1724216576198513, 0.0055061025970450555, 0.004117391403801728, 0.006393521231818415, 0.0011414764998525604
2023-10-13, 0.21137619722616408, 0.46113537117903924, 0.10854816824966086, 0.5086966575032758, 0.572002007024586, 0.005506102597045063, 0.004117391403801728, 0.007032873355000272, 0.023971006496903743
2023-10-13, 0.21137619722616408, 0.46113537117903924, 0.10854816824966086, 0.5086966575032758, 0.572002007024586, 0.005506102597045063, 0.004117391403801728, 0.007032873355000272, 0.023971006496903743
2023-10-13, 0.21137619722616408, 0.46113537117903924, 0.10854816824966086, 0.5086966575032758, 0.572002007024586, 0.005506102597045063, 0.004117391403801728, 0.007032873355000272, 0.023971006496903743
2023-10-13, 0.21137619722616408, 0.46113537117903924, 0.10854816824966086, 0.5086966575032758, 0.572002007024586, 0.005506102597045063, 0.004117391403801728, 0.007032873355000272, 0.023971006496903743
2023-10-13, 0.21137619722616408, 0.46113537117903924, 0.10854816824966086, 0.5086966575032758, 0.572002007024586, 0.005506102597045063, 0.004117391403801728, 0.007032873355000272, 0.023971006496903743
2023-10-13, 0.21137619722616408, 0.46113537117903924, 0.10854816824966086, 0.5086966575032758, 0.572002007024586, 0.005506102597045063, 0.004117391403801728, 0.007032873355000272, 0.023971006496903743
2023-10-13, 0.21137619722616408, 0.46113537117903924, 0.10854816824966086, 0.5086966575032758, 0.572002007024586, 0.005506102597045063, 0.004117391403801728, 0.007032873355000272, 0.023971006496903743
2023-10-13, 0.21137619722616408, 0.46113537117903924, 0.10854816824966086, 0.5086966575032758, 0.572002007024586, 0.005506102597045063, 0.004117391403801728, 0.007032873355000272, 0.023971006496903743
2023-10-13, 0.21137619722616408, 0.46113537117903924, 0.10854816824966086, 0.5086966575032758, 0.572002007024586, 0.005506102597045063, 0.004117391403801728, 0.007032873355000272, 0.023971006496903743
2023-10-13, 0.21137619722616408, 0.46113537117903924, 0.10854816824966086, 0.5086966575032758, 0.572002007024586, 0.005506102597045063, 0.004117391403801728, 0.007032873355000272, 0.023971006496903743
2023-10-13, 0.06338967131766789, 0.06288209606986905, 0.10079472766039921, 0.16031652236466884, 0.16694795420334793, 0.0055061025970450555, 0.004117391403801728, 0.0025574084927273717, 0.003995167749483961
2023-10-13, 0.1301488138118842, 0.1676855895196508, 0.0775344058926149, 0.3545461552295559, 0.4242120147789992, 0.002753051298522524, 0.004117391403801728, 0.0006393521231818429, 0.00970255024874675
2023-10-13, 0.3893499187547132, 0.8174672489082969, 0.1783291335530141, 0.937235053824217, 1.1111617935501528, 0.016518307791135174, 0.012352174211405184, 0.0166231552027279, 0.0251124829967563
2023-10-13, 0.15933008772855695, 0.2515283842794762, 0.10854816824966086, 0.4162063561390439, 0.4707384938192765, 0.005506102597045063, 0.006862319006336213, 0.0038361127390910575, 0.011414764998525591
2023-09-13, 0.0382384983330322, 0.1257641921397381, 0.09304128707113789, 0.0339131105002182, 0.03557907220727088, 0.0055061025970450555, 0.0013724638012672426, 0.009590281847727644, 0.0011414764998525604
2023-09-13, 0.2071735544200111, 0.6078602620087337, 0.08528784648187622, 0.37304421550240213, 0.5364229348173154, 0.008259153895567587, 0.0027449276025344853, 0.02493473280409186, 0.018834362247567234
2023-09-13, 0.2071735544200111, 0.6078602620087337, 0.08528784648187622, 0.37304421550240213, 0.5364229348173154, 0.008259153895567587, 0.0027449276025344853, 0.02493473280409186, 0.018834362247567234
2023-09-13, 0.2071735544200111, 0.6078602620087337, 0.08528784648187622, 0.37304421550240213, 0.5364229348173154, 0.008259153895567587, 0.0027449276025344853, 0.02493473280409186, 0.018834362247567234
2023-09-13, 0.2071735544200111, 0.6078602620087337, 0.08528784648187622, 0.37304421550240213, 0.5364229348173154, 0.008259153895567587, 0.0027449276025344853, 0.02493473280409186, 0.018834362247567234
2023-09-13, 0.2071735544200111, 0.6078602620087337, 0.08528784648187622, 0.37304421550240213, 0.5364229348173154, 0.008259153895567587, 0.0027449276025344853, 0.02493473280409186, 0.018834362247567234
2023-09-13, 0.2071735544200111, 0.6078602620087337, 0.08528784648187622, 0.37304421550240213, 0.5364229348173154, 0.008259153895567587, 0.0027449276025344853, 0.02493473280409186, 0.018834362247567234
2023-09-13, 0.2071735544200111, 0.6078602620087337, 0.08528784648187622, 0.37304421550240213, 0.5364229348173154, 0.008259153895567587, 0.0027449276025344853, 0.02493473280409186, 0.018834362247567234
2023-09-13, 0.2071735544200111, 0.6078602620087337, 0.08528784648187622, 0.37304421550240213, 0.5364229348173154, 0.008259153895567587, 0.0027449276025344853, 0.02493473280409186, 0.018834362247567234
2023-09-13, 0.2071735544200111, 0.6078602620087337, 0.08528784648187622, 0.37304421550240213, 0.5364229348173154, 0.008259153895567587, 0.0027449276025344853, 0.02493473280409186, 0.018834362247567234
2023-09-13, 0.2071735544200111, 0.6078602620087337, 0.08528784648187622, 0.37304421550240213, 0.5364229348173154, 0.008259153895567587, 0.0027449276025344853, 0.02493473280409186, 0.018834362247567234
2023-09-13, 0.055806711350285344, 0.2724890829694321, 0.10079472766039921, 0.018498060272846267, 0.032842220499019324, 0.008259153895567587, 0.004117391403801728, 0.008311577601363957, 0.0011414764998525604
2023-09-13, 0.04883704709568747, 0.18864628820960713, 0.11630160883892218, 0.015415050227371935, 0.049263330748528865, 0.002753051298522524, 0.0027449276025344853, 0.012147690340455, 0.003424429499557681
2023-09-13, 0.023157421649457277, 0.06288209606986905, 0.054274084124830264, 0.015415050227371935, 0.04105277562377422, 0.002753051298522524, 0.0, 0.008311577601363957, 0.0005707382499262802
2023-09-13, 0.3512656871644644, 0.9013100436681221, 0.10854816824966086, 0.783084551550497, 0.9277927290972953, 0.016518307791135174, 0.008234782807603456, 0.0332463104054558, 0.031390603745945385
2023-08-14, 0.10781680611511096, 0.20960698689956303, 0.062027524714091925, 0.20656167304678463, 0.3640012771974639, 0.0027530512985225316, 0.0013724638012672426, 0.012787042463636844, 0.003424429499557681
2023-08-14, 0.09169018870279039, 0.18864628820960713, 0.054274084124830604, 0.17264856254656644, 0.2627377639921546, 0.011012205194090118, 0.0, 0.023656028557728172, 0.020546576997346074
2023-08-14, 0.09169018870279039, 0.18864628820960713, 0.054274084124830604, 0.17264856254656644, 0.2627377639921546, 0.011012205194090118, 0.0, 0.023656028557728172, 0.020546576997346074
2023-08-14, 0.09169018870279039, 0.18864628820960713, 0.054274084124830604, 0.17264856254656644, 0.2627377639921546, 0.011012205194090118, 0.0, 0.023656028557728172, 0.020546576997346074
2023-08-14, 0.09169018870279039, 0.18864628820960713, 0.054274084124830604, 0.17264856254656644, 0.2627377639921546, 0.011012205194090118, 0.0, 0.023656028557728172, 0.020546576997346074
2023-08-14, 0.09169018870279039, 0.18864628820960713, 0.054274084124830604, 0.17264856254656644, 0.2627377639921546, 0.011012205194090118, 0.0, 0.023656028557728172, 0.020546576997346074
2023-08-14, 0.09169018870279039, 0.18864628820960713, 0.054274084124830604, 0.17264856254656644, 0.2627377639921546, 0.011012205194090118, 0.0, 0.023656028557728172, 0.020546576997346074
2023-08-14, 0.09169018870279039, 0.18864628820960713, 0.054274084124830604, 0.17264856254656644, 0.2627377639921546, 0.011012205194090118, 0.0, 0.023656028557728172, 0.020546576997346074
2023-08-14, 0.09169018870279039, 0.18864628820960713, 0.054274084124830604, 0.17264856254656644, 0.2627377639921546, 0.011012205194090118, 0.0, 0.023656028557728172, 0.020546576997346074
2023-08-14, 0.09169018870279039, 0.18864628820960713, 0.054274084124830604, 0.17264856254656644, 0.2627377639921546, 0.011012205194090118, 0.0, 0.023656028557728172, 0.020546576997346074
2023-08-14, 0.09169018870279039, 0.18864628820960713, 0.054274084124830604, 0.17264856254656644, 0.2627377639921546, 0.011012205194090118, 0.0, 0.023656028557728172, 0.020546576997346074
2023-08-14, 0.10416213476242077, 0.23056768558951984, 0.10079472766039956, 0.24664080363795207, 0.16694795420334793, 0.011012205194090118, 0.0013724638012672275, 0.037721775267728706, 0.03823946274506074
2023-08-14, 0.08097576486273536, 0.1676855895196508, 0.08528784648187657, 0.19731264291036166, 0.13410573370432885, 0.011012205194090118, 0.0013724638012672275, 0.0287708455431829, 0.0222587917471249
2023-08-14, 0.08910610337735983, 0.23056768558951984, 0.1550688117852298, 0.16956555250109212, 0.08757925466405153, 0.008259153895567594, 0.0013724638012672426, 0.031328254035910275, 0.029107650746240263
2023-08-14, 0.27125374994070445, 0.7755458515283845, 0.271370420624152, 0.4994476273668528, 0.5172649728595541, 0.022024410388180236, 0.0068623190063361985, 0.04155788800681976, 0.03595650974535563
2023-07-15, 0.102410348273718, 0.2515283842794762, 0.09304128707113789, 0.23122575341057985, 0.17789536103635462, 0.011012205194090111, 0.006862319006336213, 0.019180563695455257, 0.028536912496313984
2023-07-15, 0.12868684253704, 0.3353711790393016, 0.031013762357045963, 0.3391311050021837, 0.2682114674086577, 0.011012205194090111, 0.0027449276025344853, 0.019180563695455257, 0.022829529997051182
2023-07-15, 0.12868684253704, 0.3353711790393016, 0.031013762357045963, 0.3391311050021837, 0.2682114674086577, 0.011012205194090111, 0.0027449276025344853, 0.019180563695455257, 0.022829529997051182
2023-07-15, 0.12868684253704, 0.3353711790393016, 0.031013762357045963, 0.3391311050021837, 0.2682114674086577, 0.011012205194090111, 0.0027449276025344853, 0.019180563695455257, 0.022829529997051182
2023-07-15, 0.12868684253704, 0.3353711790393016, 0.031013762357045963, 0.3391311050021837, 0.2682114674086577, 0.011012205194090111, 0.0027449276025344853, 0.019180563695455257, 0.022829529997051182
2023-07-15, 0.12868684253704, 0.3353711790393016, 0.031013762357045963, 0.3391311050021837, 0.2682114674086577, 0.011012205194090111, 0.0027449276025344853, 0.019180563695455257, 0.022829529997051182
2023-07-15, 0.12868684253704, 0.3353711790393016, 0.031013762357045963, 0.3391311050021837, 0.2682114674086577, 0.011012205194090111, 0.0027449276025344853, 0.019180563695455257, 0.022829529997051182
2023-07-15, 0.12868684253704, 0.3353711790393016, 0.031013762357045963, 0.3391311050021837, 0.2682114674086577, 0.011012205194090111, 0.0027449276025344853, 0.019180563695455257, 0.022829529997051182
2023-07-15, 0.12868684253704, 0.3353711790393016, 0.031013762357045963, 0.3391311050021837, 0.2682114674086577, 0.011012205194090111, 0.0027449276025344853, 0.019180563695455257, 0.022829529997051182
2023-07-15, 0.12868684253704, 0.3353711790393016, 0.031013762357045963, 0.3391311050021837, 0.2682114674086577, 0.011012205194090111, 0.0027449276025344853, 0.019180563695455257, 0.022829529997051182
2023-07-15, 0.12868684253704, 0.3353711790393016, 0.031013762357045963, 0.3391311050021837, 0.2682114674086577, 0.011012205194090111, 0.0027449276025344853, 0.019180563695455257, 0.022829529997051182
2023-07-15, 0.05181325087924554, 0.06288209606986905, 0.0232603217677843, 0.08015826118233428, 0.23810609861788992, 0.0, 0.004117391403801728, 0.0025574084927273573, 0.003424429499557681
2023-07-15, 0.058428627374961975, 0.10480349344978128, 0.015506881178522981, 0.12023739177350143, 0.21621128495187705, 0.0, 0.004117391403801728, 0.0025574084927273573, 0.003995167749483961
2023-07-15, 0.0770401877851872, 0.1676855895196508, 0.015506881178522981, 0.19731264291036166, 0.1751585093281026, 0.011012205194090111, 0.005489855205068971, 0.017901859449091572, 0.026253959496608862
2023-07-15, 0.0624082654003564, 0.12576419213973764, 0.054274084124830604, 0.08632428127328295, 0.2080007298271224, 0.005506102597045048, 0.006862319006336213, 0.005114816985454729, 0.007419597249041642
2023-06-15, 0.07342505989641175, 0.23056768558951937, 0.046520643535568944, 0.05857719086401341, 0.23810609861788992, 0.0027530512985225316, 0.004117391403801728, 0.004475464862272886, 0.0022829529997051208
2023-06-15, 0.13771625515366165, 0.3353711790393016, 0.031013762357045963, 0.34221411504765853, 0.3311590566984443, 0.00825915389556758, 0.006862319006336213, 0.02173797218818263, 0.0251124829967563
2023-06-15, 0.13771625515366165, 0.3353711790393016, 0.031013762357045963, 0.34221411504765853, 0.3311590566984443, 0.00825915389556758, 0.006862319006336213, 0.02173797218818263, 0.0251124829967563
2023-06-15, 0.13771625515366165, 0.3353711790393016, 0.031013762357045963, 0.34221411504765853, 0.3311590566984443, 0.00825915389556758, 0.006862319006336213, 0.02173797218818263, 0.0251124829967563
2023-06-15, 0.13771625515366165, 0.3353711790393016, 0.031013762357045963, 0.34221411504765853, 0.3311590566984443, 0.00825915389556758, 0.006862319006336213, 0.02173797218818263, 0.0251124829967563
2023-06-15, 0.13771625515366165, 0.3353711790393016, 0.031013762357045963, 0.34221411504765853, 0.3311590566984443, 0.00825915389556758, 0.006862319006336213, 0.02173797218818263, 0.0251124829967563
2023-06-15, 0.13771625515366165, 0.3353711790393016, 0.031013762357045963, 0.34221411504765853, 0.3311590566984443, 0.00825915389556758, 0.006862319006336213, 0.02173797218818263, 0.0251124829967563
2023-06-15, 0.13771625515366165, 0.3353711790393016, 0.031013762357045963, 0.34221411504765853, 0.3311590566984443, 0.00825915389556758, 0.006862319006336213, 0.02173797218818263, 0.0251124829967563
2023-06-15, 0.13771625515366165, 0.3353711790393016, 0.031013762357045963, 0.34221411504765853, 0.3311590566984443, 0.00825915389556758, 0.006862319006336213, 0.02173797218818263, 0.0251124829967563
2023-06-15, 0.13771625515366165, 0.3353711790393016, 0.031013762357045963, 0.34221411504765853, 0.3311590566984443, 0.00825915389556758, 0.006862319006336213, 0.02173797218818263, 0.0251124829967563
2023-06-15, 0.13771625515366165, 0.3353711790393016, 0.031013762357045963, 0.34221411504765853, 0.3311590566984443, 0.00825915389556758, 0.006862319006336213, 0.02173797218818263, 0.0251124829967563
2023-06-15, 0.0813864509730916, 0.2515283842794757, 0.015506881178522981, 0.11098836163707815, 0.2627377639921546, 0.0, 0.005489855205068971, 0.0025574084927273573, 0.0022829529997051208
2023-06-15, 0.2784584455918099, 0.62882096069869, 0.0775344058926149, 0.7306733807774326, 0.6924234821876567, 0.019271359089657696, 0.008234782807603456, 0.031328254035910275, 0.039380939244913295
2023-06-15, 0.047759898468524915, 0.0, 0.046520643535568944, 0.16339953241014318, 0.12315832687132217, 0.00825915389556758, 0.005489855205068971, 0.014705098833182372, 0.020546576997346074
2023-06-15, 0.037303633026827994, 0.10480349344978175, 0.054274084124830264, 0.01541505022737221, 0.09578980978880619, 0.0027530512985225316, 0.0027449276025344853, 0.008950929724545786, 0.013697717998230712
2023-05-16, 0.07467520271482021, 0.06288209606986905, 0.271370420624152, 0.19731264291036166, 0.027368517082515986, 0.008259153895567594, 0.0013724638012672426, 0.013426394586818687, 0.015409932748009551
2023-05-16, 0.16541696415159834, 0.3982532751091702, 0.3489048265167669, 0.15106749222824556, 0.3585275737809608, 0.013765256492612642, 0.004117391403801728, 0.023016676434546315, 0.025683221246682583
2023-05-16, 0.16541696415159834, 0.3982532751091702, 0.3489048265167669, 0.15106749222824556, 0.3585275737809608, 0.013765256492612642, 0.004117391403801728, 0.023016676434546315, 0.025683221246682583
2023-05-16, 0.16541696415159834, 0.3982532751091702, 0.3489048265167669, 0.15106749222824556, 0.3585275737809608, 0.013765256492612642, 0.004117391403801728, 0.023016676434546315, 0.025683221246682583
2023-05-16, 0.16541696415159834, 0.3982532751091702, 0.3489048265167669, 0.15106749222824556, 0.3585275737809608, 0.013765256492612642, 0.004117391403801728, 0.023016676434546315, 0.025683221246682583
2023-05-16, 0.16541696415159834, 0.3982532751091702, 0.3489048265167669, 0.15106749222824556, 0.3585275737809608, 0.013765256492612642, 0.004117391403801728, 0.023016676434546315, 0.025683221246682583
2023-05-16, 0.16541696415159834, 0.3982532751091702, 0.3489048265167669, 0.15106749222824556, 0.3585275737809608, 0.013765256492612642, 0.004117391403801728, 0.023016676434546315, 0.025683221246682583
2023-05-16, 0.16541696415159834, 0.3982532751091702, 0.3489048265167669, 0.15106749222824556, 0.3585275737809608, 0.013765256492612642, 0.004117391403801728, 0.023016676434546315, 0.025683221246682583
2023-05-16, 0.16541696415159834, 0.3982532751091702, 0.3489048265167669, 0.15106749222824556, 0.3585275737809608, 0.013765256492612642, 0.004117391403801728, 0.023016676434546315, 0.025683221246682583
2023-05-16, 0.16541696415159834, 0.3982532751091702, 0.3489048265167669, 0.15106749222824556, 0.3585275737809608, 0.013765256492612642, 0.004117391403801728, 0.023016676434546315, 0.025683221246682583
2023-05-16, 0.16541696415159834, 0.3982532751091702, 0.3489048265167669, 0.15106749222824556, 0.3585275737809608, 0.013765256492612642, 0.004117391403801728, 0.023016676434546315, 0.025683221246682583
2023-05-16, 0.10931072696537833, 0.2724890829694321, 0.31789106415972096, 0.12332040181897604, 0.12863203028782574, 0.005506102597045063, 0.0013724638012672426, 0.012147690340455, 0.013126979748304431
2023-05-16, 0.10546838327625711, 0.18864628820960713, 0.31789106415972096, 0.2343087634560542, 0.0684212927062902, 0.005506102597045063, 0.0, 0.014705098833182372, 0.014268456248156992
2023-05-16, 0.11458409452217358, 0.2934497816593884, 0.31789106415972096, 0.2743878940472216, 0.005473703416503099, 0.0027530512985225316, 0.0, 0.009590281847727629, 0.013126979748304431
2023-05-16, 0.08080670381057367, 0.02096069868995635, 0.3333979453382439, 0.21272769313773385, 0.043789627332025766, 0.005506102597045063, 0.0013724638012672426, 0.012147690340455, 0.016551409247862112
2023-04-16, 0.09209304472109482, 0.0838427947598254, 0.3411513859275056, 0.06474321095496262, 0.2107375815353742, 0.0, 0.0068623190063361985, 0.013426394586818687, 0.015980670997935834
2023-04-16, 0.16172494469851031, 0.14672489082969492, 0.3101376235704596, 0.21272769313773385, 0.5583177484833283, 0.011012205194090127, 0.00823478280760344, 0.019819915818637103, 0.026824697746535144
2023-04-16, 0.16172494469851031, 0.14672489082969492, 0.3101376235704596, 0.21272769313773385, 0.5583177484833283, 0.011012205194090127, 0.00823478280760344, 0.019819915818637103, 0.026824697746535144
2023-04-16, 0.16172494469851031, 0.14672489082969492, 0.3101376235704596, 0.21272769313773385, 0.5583177484833283, 0.011012205194090127, 0.00823478280760344, 0.019819915818637103, 0.026824697746535144
2023-04-16, 0.16172494469851031, 0.14672489082969492, 0.3101376235704596, 0.21272769313773385, 0.5583177484833283, 0.011012205194090127, 0.00823478280760344, 0.019819915818637103, 0.026824697746535144
2023-04-16, 0.16172494469851031, 0.14672489082969492, 0.3101376235704596, 0.21272769313773385, 0.5583177484833283, 0.011012205194090127, 0.00823478280760344, 0.019819915818637103, 0.026824697746535144
2023-04-16, 0.16172494469851031, 0.14672489082969492, 0.3101376235704596, 0.21272769313773385, 0.5583177484833283, 0.011012205194090127, 0.00823478280760344, 0.019819915818637103, 0.026824697746535144
2023-04-16, 0.16172494469851031, 0.14672489082969492, 0.3101376235704596, 0.21272769313773385, 0.5583177484833283, 0.011012205194090127, 0.00823478280760344, 0.019819915818637103, 0.026824697746535144
2023-04-16, 0.16172494469851031, 0.14672489082969492, 0.3101376235704596, 0.21272769313773385, 0.5583177484833283, 0.011012205194090127, 0.00823478280760344, 0.019819915818637103, 0.026824697746535144
2023-04-16, 0.16172494469851031, 0.14672489082969492, 0.3101376235704596, 0.21272769313773385, 0.5583177484833283, 0.011012205194090127, 0.00823478280760344, 0.019819915818637103, 0.026824697746535144
2023-04-16, 0.16172494469851031, 0.14672489082969492, 0.3101376235704596, 0.21272769313773385, 0.5583177484833283, 0.011012205194090127, 0.00823478280760344, 0.019819915818637103, 0.026824697746535144
2023-04-16, 0.10684381656343639, 0.1257641921397381, 0.3954254700523355, 0.05857719086401396, 0.24357980203439328, 0.0, 0.005489855205068956, 0.012787042463636844, 0.013126979748304431
2023-04-16, 0.09069150751703477, 0.0, 0.28687730180267496, 0.1356524420008739, 0.2627377639921546, 0.0, 0.0068623190063361985, 0.013426394586818687, 0.019975838747419792
2023-04-16, 0.10691283539217168, 0.0419213973799127, 0.40317891064159683, 0.11407137168255303, 0.2572640605756515, 0.0, 0.004117391403801713, 0.015344450956364216, 0.019405100497493513
2023-04-16, 0.11207742483960653, 0.23056768558951937, 0.3489048265167669, 0.0955733114097065, 0.18610591616110975, 0.0, 0.005489855205068956, 0.013426394586818687, 0.016551409247862112
2023-03-17, 0.12672550467309227, 0.2515283842794762, 0.3954254700523355, 0.09865632145518083, 0.23536924690963862, 0.0027530512985225165, 0.0013724638012672426, 0.012147690340455016, 0.016551409247862112
2023-03-17, 0.17398517058921428, 0.0419213973799127, 0.3954254700523355, 0.314467024638389, 0.5802125621493411, 0.005506102597045063, 0.005489855205068971, 0.019180563695455274, 0.029678388996166545
2023-03-17, 0.17398517058921428, 0.0419213973799127, 0.3954254700523355, 0.314467024638389, 0.5802125621493411, 0.005506102597045063, 0.005489855205068971, 0.019180563695455274, 0.029678388996166545
2023-03-17, 0.17398517058921428, 0.0419213973799127, 0.3954254700523355, 0.314467024638389, 0.5802125621493411, 0.005506102597045063, 0.005489855205068971, 0.019180563695455274, 0.029678388996166545
2023-03-17, 0.17398517058921428, 0.0419213973799127, 0.3954254700523355, 0.314467024638389, 0.5802125621493411, 0.005506102597045063, 0.005489855205068971, 0.019180563695455274, 0.029678388996166545
2023-03-17, 0.17398517058921428, 0.0419213973799127, 0.3954254700523355, 0.314467024638389, 0.5802125621493411, 0.005506102597045063, 0.005489855205068971, 0.019180563695455274, 0.029678388996166545
2023-03-17, 0.17398517058921428, 0.0419213973799127, 0.3954254700523355, 0.314467024638389, 0.5802125621493411, 0.005506102597045063, 0.005489855205068971, 0.019180563695455274, 0.029678388996166545
2023-03-17, 0.17398517058921428, 0.0419213973799127, 0.3954254700523355, 0.314467024638389, 0.5802125621493411, 0.005506102597045063, 0.005489855205068971, 0.019180563695455274, 0.029678388996166545
2023-03-17, 0.17398517058921428, 0.0419213973799127, 0.3954254700523355, 0.314467024638389, 0.5802125621493411, 0.005506102597045063, 0.005489855205068971, 0.019180563695455274, 0.029678388996166545
2023-03-17, 0.17398517058921428, 0.0419213973799127, 0.3954254700523355, 0.314467024638389, 0.5802125621493411, 0.005506102597045063, 0.005489855205068971, 0.019180563695455274, 0.029678388996166545
2023-03-17, 0.17398517058921428, 0.0419213973799127, 0.3954254700523355, 0.314467024638389, 0.5802125621493411, 0.005506102597045063, 0.005489855205068971, 0.019180563695455274, 0.029678388996166545
2023-03-17, 0.12053941761703442, 0.10480349344978221, 0.41868579182012017, 0.1449014721372969, 0.2682114674086577, 0.0027530512985225316, 0.0027449276025344853, 0.010229633970909487, 0.011985503248451872
2023-03-17, 0.13195161164705424, 0.23056768558951937, 0.41093235123085814, 0.07707525113685995, 0.2955799844911737, 0.0027530512985225316, 0.0027449276025344853, 0.01598380307954606, 0.019975838747419792
2023-03-17, 0.16709933822685138, 0.2724890829694321, 0.4574529947664274, 0.21889371322868253, 0.3530538703644577, 0.0027530512985225316, 0.0027449276025344853, 0.0134263945868187, 0.015980670997935834
2023-03-17, 0.12403595515391802, 0.37729257641921427, 0.40317891064159683, 0.021581070318320326, 0.16147425078684532, 0.0027530512985225165, 0.0013724638012672426, 0.011508338217273172, 0.013126979748304431
2023-02-15, 0.10327550618166784, 0.3353711790393016, 0.21709633649932172, 0.09557331140970594, 0.15052684395383864, 0.0, 0.005489855205068956, 0.009590281847727644, 0.01255624149837815
2023-02-15, 0.1279158315901709, 0.020960698689955884, 0.2015894553207991, 0.2990519744110163, 0.4378962733202577, 0.005506102597045063, 0.005489855205068956, 0.024295380680910018, 0.028536912496313984
2023-02-15, 0.1279158315901709, 0.020960698689955884, 0.2015894553207991, 0.2990519744110163, 0.4378962733202577, 0.005506102597045063, 0.005489855205068956, 0.024295380680910018, 0.028536912496313984
2023-02-15, 0.1279158315901709, 0.020960698689955884, 0.2015894553207991, 0.2990519744110163, 0.4378962733202577, 0.005506102597045063, 0.005489855205068956, 0.024295380680910018, 0.028536912496313984
2023-02-15, 0.1279158315901709, 0.020960698689955884, 0.2015894553207991, 0.2990519744110163, 0.4378962733202577, 0.005506102597045063, 0.005489855205068956, 0.024295380680910018, 0.028536912496313984
2023-02-15, 0.1279158315901709, 0.020960698689955884, 0.2015894553207991, 0.2990519744110163, 0.4378962733202577, 0.005506102597045063, 0.005489855205068956, 0.024295380680910018, 0.028536912496313984
2023-02-15, 0.1279158315901709, 0.020960698689955884, 0.2015894553207991, 0.2990519744110163, 0.4378962733202577, 0.005506102597045063, 0.005489855205068956, 0.024295380680910018, 0.028536912496313984
2023-02-15, 0.1279158315901709, 0.020960698689955884, 0.2015894553207991, 0.2990519744110163, 0.4378962733202577, 0.005506102597045063, 0.005489855205068956, 0.024295380680910018, 0.028536912496313984
2023-02-15, 0.1279158315901709, 0.020960698689955884, 0.2015894553207991, 0.2990519744110163, 0.4378962733202577, 0.005506102597045063, 0.005489855205068956, 0.024295380680910018, 0.028536912496313984
2023-02-15, 0.1279158315901709, 0.020960698689955884, 0.2015894553207991, 0.2990519744110163, 0.4378962733202577, 0.005506102597045063, 0.005489855205068956, 0.024295380680910018, 0.028536912496313984
2023-02-15, 0.1279158315901709, 0.020960698689955884, 0.2015894553207991, 0.2990519744110163, 0.4378962733202577, 0.005506102597045063, 0.005489855205068956, 0.024295380680910018, 0.028536912496313984
2023-02-15, 0.09891690731430676, 0.23056768558951937, 0.1550688117852298, 0.09865632145518027, 0.27642202253341286, 0.0027530512985225316, 0.0068623190063361985, 0.009590281847727644, 0.011414764998525591
2023-02-15, 0.11655956326133039, 0.2934497816593889, 0.21709633649932172, 0.11098836163707815, 0.28736942936641907, 0.0, 0.005489855205068956, 0.0089509297245458, 0.009131811998820471
2023-02-15, 0.1246257897522343, 0.2934497816593889, 0.18608257414227578, 0.11098836163707815, 0.3694749806139675, 0.0027530512985225316, 0.005489855205068956, 0.012787042463636858, 0.015980670997935834
2023-02-15, 0.2655788456496929, 0.31441048034934477, 0.11630160883892253, 0.6227680291858283, 0.9715823564293211, 0.011012205194090127, 0.00823478280760344, 0.03580371889818317, 0.044517583494249814
2023-01-16, 0.06130793608253619, 0.020960698689956814, 0.13180849001744516, 0.07707525113685995, 0.22442184007663146, 0.0027530512985225316, 0.009607246608870683, 0.014705098833182372, 0.009131811998820471
2023-01-16, 0.14100328984907431, 0.23056768558952032, 0.1473153711959678, 0.28980294427459324, 0.4077909045294892, 0.0027530512985225316, 0.012352174211405168, 0.019180563695455257, 0.018263623997640942
2023-01-16, 0.14100328984907431, 0.23056768558952032, 0.1473153711959678, 0.28980294427459324, 0.4077909045294892, 0.0027530512985225316, 0.012352174211405168, 0.019180563695455257, 0.018263623997640942
2023-01-16, 0.14100328984907431, 0.23056768558952032, 0.1473153711959678, 0.28980294427459324, 0.4077909045294892, 0.0027530512985225316, 0.012352174211405168, 0.019180563695455257, 0.018263623997640942
2023-01-16, 0.14100328984907431, 0.23056768558952032, 0.1473153711959678, 0.28980294427459324, 0.4077909045294892, 0.0027530512985225316, 0.012352174211405168, 0.019180563695455257, 0.018263623997640942
2023-01-16, 0.14100328984907431, 0.23056768558952032, 0.1473153711959678, 0.28980294427459324, 0.4077909045294892, 0.0027530512985225316, 0.012352174211405168, 0.019180563695455257, 0.018263623997640942
2023-01-16, 0.14100328984907431, 0.23056768558952032, 0.1473153711959678, 0.28980294427459324, 0.4077909045294892, 0.0027530512985225316, 0.012352174211405168, 0.019180563695455257, 0.018263623997640942
2023-01-16, 0.14100328984907431, 0.23056768558952032, 0.1473153711959678, 0.28980294427459324, 0.4077909045294892, 0.0027530512985225316, 0.012352174211405168, 0.019180563695455257, 0.018263623997640942
2023-01-16, 0.14100328984907431, 0.23056768558952032, 0.1473153711959678, 0.28980294427459324, 0.4077909045294892, 0.0027530512985225316, 0.012352174211405168, 0.019180563695455257, 0.018263623997640942
2023-01-16, 0.14100328984907431, 0.23056768558952032, 0.1473153711959678, 0.28980294427459324, 0.4077909045294892, 0.0027530512985225316, 0.012352174211405168, 0.019180563695455257, 0.018263623997640942
2023-01-16, 0.14100328984907431, 0.23056768558952032, 0.1473153711959678, 0.28980294427459324, 0.4077909045294892, 0.0027530512985225316, 0.012352174211405168, 0.019180563695455257, 0.018263623997640942
2023-01-16, 0.08773700864659047, 0.20960698689956256, 0.20158945532079842, 0.09557331140970594, 0.16421110249509638, 0.0, 0.012352174211405168, 0.013426394586818687, 0.005136644249336509
2023-01-16, 0.04092126766225139, 0.020960698689956814, 0.1550688117852298, 0.04624515068211553, 0.0684212927062902, 0.0027530512985225316, 0.00823478280760344, 0.01598380307954606, 0.00970255024874675
2023-01-16, 0.048025659602301644, 0.0419213973799127, 0.09304128707113789, 0.07707525113685995, 0.13136888199607683, 0.0, 0.010979710410137926, 0.01726250732590973, 0.01255624149837815
2023-01-16, 0.11345155872683332, 0.0419213973799127, 0.12405504942818385, 0.29596896436554193, 0.4077909045294892, 0.0, 0.010979710410137926, 0.0166231552027279, 0.01027328849867303
2022-12-17, 0.1307344893999243, 0.4401746724890829, 0.13180849001744516, 0.09249030136423161, 0.36126442548921184, 0.0, 0.0, 0.012147690340455, 0.00799033549896791
2022-12-17, 0.15220232570145287, 0.2724890829694321, 0.16282225237449113, 0.274387894047221, 0.454317383569767, 0.0027530512985225316, 0.0013724638012672426, 0.024934732804091846, 0.024541744746830022
2022-12-17, 0.15220232570145287, 0.2724890829694321, 0.16282225237449113, 0.274387894047221, 0.454317383569767, 0.0027530512985225316, 0.0013724638012672426, 0.024934732804091846, 0.024541744746830022
2022-12-17, 0.15220232570145287, 0.2724890829694321, 0.16282225237449113, 0.274387894047221, 0.454317383569767, 0.0027530512985225316, 0.0013724638012672426, 0.024934732804091846, 0.024541744746830022
2022-12-17, 0.15220232570145287, 0.2724890829694321, 0.16282225237449113, 0.274387894047221, 0.454317383569767, 0.0027530512985225316, 0.0013724638012672426, 0.024934732804091846, 0.024541744746830022
2022-12-17, 0.15220232570145287, 0.2724890829694321, 0.16282225237449113, 0.274387894047221, 0.454317383569767, 0.0027530512985225316, 0.0013724638012672426, 0.024934732804091846, 0.024541744746830022
2022-12-17, 0.15220232570145287, 0.2724890829694321, 0.16282225237449113, 0.274387894047221, 0.454317383569767, 0.0027530512985225316, 0.0013724638012672426, 0.024934732804091846, 0.024541744746830022
2022-12-17, 0.15220232570145287, 0.2724890829694321, 0.16282225237449113, 0.274387894047221, 0.454317383569767, 0.0027530512985225316, 0.0013724638012672426, 0.024934732804091846, 0.024541744746830022
2022-12-17, 0.15220232570145287, 0.2724890829694321, 0.16282225237449113, 0.274387894047221, 0.454317383569767, 0.0027530512985225316, 0.0013724638012672426, 0.024934732804091846, 0.024541744746830022
2022-12-17, 0.15220232570145287, 0.2724890829694321, 0.16282225237449113, 0.274387894047221, 0.454317383569767, 0.0027530512985225316, 0.0013724638012672426, 0.024934732804091846, 0.024541744746830022
2022-12-17, 0.15220232570145287, 0.2724890829694321, 0.16282225237449113, 0.274387894047221, 0.454317383569767, 0.0027530512985225316, 0.0013724638012672426, 0.024934732804091846, 0.024541744746830022
2022-12-17, 0.11946158010502546, 0.3982532751091702, 0.18608257414227578, 0.12948642190992468, 0.21347443324362525, 0.0027530512985225165, 0.0013724638012672426, 0.013426394586818687, 0.01084402674859931
2022-12-17, 0.12621890038607955, 0.5030567685589514, 0.19383601473153708, 0.09557331140970594, 0.19705332299411546, 0.0, 0.0013724638012672426, 0.010868986094091315, 0.00799033549896791
2022-12-17, 0.11458728648292714, 0.37729257641921427, 0.20934289591006042, 0.11407137168255249, 0.199790174702367, 0.0027530512985225165, 0.0, 0.008311577601363944, 0.005136644249336509
2022-12-17, 0.08866027248818602, 0.3353711790393016, 0.18608257414227578, 0.024664080363795207, 0.14505314053733506, 0.0, 0.0027449276025344853, 0.010229633970909473, 0.005136644249336509
2022-11-17, 0.06957532208739296, 0.1257641921397381, 0.13180849001744516, 0.08324127122780861, 0.18610591616110927, 0.00825915389556758, 0.004117391403801728, 0.007032873355000272, 0.01027328849867303
2022-11-17, 0.1386010508087734, 0.1257641921397381, 0.12405504942818385, 0.33604809495670934, 0.46252793869452163, 0.016518307791135174, 0.006862319006336213, 0.015344450956364216, 0.02168805349719862
2022-11-17, 0.1386010508087734, 0.1257641921397381, 0.12405504942818385, 0.33604809495670934, 0.46252793869452163, 0.016518307791135174, 0.006862319006336213, 0.015344450956364216, 0.02168805349719862
2022-11-17, 0.1386010508087734, 0.1257641921397381, 0.12405504942818385, 0.33604809495670934, 0.46252793869452163, 0.016518307791135174, 0.006862319006336213, 0.015344450956364216, 0.02168805349719862
2022-11-17, 0.1386010508087734, 0.1257641921397381, 0.12405504942818385, 0.33604809495670934, 0.46252793869452163, 0.016518307791135174, 0.006862319006336213, 0.015344450956364216, 0.02168805349719862
2022-11-17, 0.1386010508087734, 0.1257641921397381, 0.12405504942818385, 0.33604809495670934, 0.46252793869452163, 0.016518307791135174, 0.006862319006336213, 0.015344450956364216, 0.02168805349719862
2022-11-17, 0.1386010508087734, 0.1257641921397381, 0.12405504942818385, 0.33604809495670934, 0.46252793869452163, 0.016518307791135174, 0.006862319006336213, 0.015344450956364216, 0.02168805349719862
2022-11-17, 0.1386010508087734, 0.1257641921397381, 0.12405504942818385, 0.33604809495670934, 0.46252793869452163, 0.016518307791135174, 0.006862319006336213, 0.015344450956364216, 0.02168805349719862
2022-11-17, 0.1386010508087734, 0.1257641921397381, 0.12405504942818385, 0.33604809495670934, 0.46252793869452163, 0.016518307791135174, 0.006862319006336213, 0.015344450956364216, 0.02168805349719862
2022-11-17, 0.1386010508087734, 0.1257641921397381, 0.12405504942818385, 0.33604809495670934, 0.46252793869452163, 0.016518307791135174, 0.006862319006336213, 0.015344450956364216, 0.02168805349719862
2022-11-17, 0.1386010508087734, 0.1257641921397381, 0.12405504942818385, 0.33604809495670934, 0.46252793869452163, 0.016518307791135174, 0.006862319006336213, 0.015344450956364216, 0.02168805349719862
2022-11-17, 0.057289645841825054, 0.020960698689956814, 0.19383601473153708, 0.05857719086401341, 0.15600054737034125, 0.011012205194090111, 0.004117391403801728, 0.006393521231818429, 0.007419597249041629
2022-11-17, 0.08293649494092571, 0.14672489082969492, 0.17057569296375313, 0.10173933150065516, 0.2107375815353737, 0.011012205194090111, 0.004117391403801728, 0.008311577601363957, 0.01027328849867303
2022-11-17, 0.06302548047699845, 0.1886462882096067, 0.10854816824966121, 0.021581070318320874, 0.1532636956620897, 0.011012205194090111, 0.005489855205068971, 0.007672225478182115, 0.00799033549896791
2022-11-17, 0.08092884816422231, 0.31441048034934477, 0.19383601473153708, 0.03699612054569308, 0.07115814441454175, 0.00825915389556758, 0.004117391403801728, 0.0089509297245458, 0.00970255024874675
2022-10-18, 0.041425878060912906, 0.0838427947598254, 0.10079472766039921, 0.027747090409269537, 0.08210555124754844, 0.0027530512985225316, 0.004117391403801728, 0.01406574671000053, 0.015980670997935834
2022-10-18, 0.10319235673659406, 0.2934497816593889, 0.007753440589261319, 0.12948642190992468, 0.3256853532819417, 0.008259153895567594, 0.006862319006336213, 0.024934732804091846, 0.029107650746240263
2022-10-18, 0.10319235673659406, 0.2934497816593889, 0.007753440589261319, 0.12948642190992468, 0.3256853532819417, 0.008259153895567594, 0.006862319006336213, 0.024934732804091846, 0.029107650746240263
2022-10-18, 0.10319235673659406, 0.2934497816593889, 0.007753440589261319, 0.12948642190992468, 0.3256853532819417, 0.008259153895567594, 0.006862319006336213, 0.024934732804091846, 0.029107650746240263
2022-10-18, 0.10319235673659406, 0.2934497816593889, 0.007753440589261319, 0.12948642190992468, 0.3256853532819417, 0.008259153895567594, 0.006862319006336213, 0.024934732804091846, 0.029107650746240263
2022-10-18, 0.10319235673659406, 0.2934497816593889, 0.007753440589261319, 0.12948642190992468, 0.3256853532819417, 0.008259153895567594, 0.006862319006336213, 0.024934732804091846, 0.029107650746240263
2022-10-18, 0.10319235673659406, 0.2934497816593889, 0.007753440589261319, 0.12948642190992468, 0.3256853532819417, 0.008259153895567594, 0.006862319006336213, 0.024934732804091846, 0.029107650746240263
2022-10-18, 0.10319235673659406, 0.2934497816593889, 0.007753440589261319, 0.12948642190992468, 0.3256853532819417, 0.008259153895567594, 0.006862319006336213, 0.024934732804091846, 0.029107650746240263
2022-10-18, 0.10319235673659406, 0.2934497816593889, 0.007753440589261319, 0.12948642190992468, 0.3256853532819417, 0.008259153895567594, 0.006862319006336213, 0.024934732804091846, 0.029107650746240263
2022-10-18, 0.10319235673659406, 0.2934497816593889, 0.007753440589261319, 0.12948642190992468, 0.3256853532819417, 0.008259153895567594, 0.006862319006336213, 0.024934732804091846, 0.029107650746240263
2022-10-18, 0.10319235673659406, 0.2934497816593889, 0.007753440589261319, 0.12948642190992468, 0.3256853532819417, 0.008259153895567594, 0.006862319006336213, 0.024934732804091846, 0.029107650746240263
2022-10-18, 0.030246895331497485, 0.020960698689956814, 0.08528784648187657, 0.07707525113685995, 0.02463166537426492, 0.0027530512985225316, 0.005489855205068971, 0.011508338217273158, 0.014268456248156992
2022-10-18, 0.03849312947061063, 0.0838427947598254, 0.09304128707113789, 0.04624515068211608, 0.046526479040277804, 0.0027530512985225316, 0.005489855205068971, 0.01406574671000053, 0.015980670997935834
2022-10-18, 0.043129321032101174, 0.0838427947598254, 0.13180849001744516, 0.0955733114097065, 0.008210555124754649, 0.0, 0.0027449276025344853, 0.010868986094091315, 0.011985503248451872
2022-10-18, 0.052799578106068466, 0.2096069868995635, 0.07753440589261525, 0.05857719086401396, 0.046526479040277804, 0.005506102597045063, 0.005489855205068971, 0.008311577601363944, 0.01084402674859931
2022-09-18, 0.04598306876360501, 0.1886462882096067, 0.015506881178522638, 0.12023739177350115, 0.002736851708252036, 0.013765256492612642, 0.004117391403801728, 0.010868986094091315, 0.011985503248451872
2022-09-18, 0.10225069453286363, 0.06288209606986951, 0.023260321767784645, 0.24355779359247773, 0.426948866487251, 0.0027530512985225316, 0.009607246608870683, 0.020459267941818945, 0.028536912496313984
2022-09-18, 0.10225069453286363, 0.06288209606986951, 0.023260321767784645, 0.24355779359247773, 0.426948866487251, 0.0027530512985225316, 0.009607246608870683, 0.020459267941818945, 0.028536912496313984
2022-09-18, 0.10225069453286363, 0.06288209606986951, 0.023260321767784645, 0.24355779359247773, 0.426948866487251, 0.0027530512985225316, 0.009607246608870683, 0.020459267941818945, 0.028536912496313984
2022-09-18, 0.10225069453286363, 0.06288209606986951, 0.023260321767784645, 0.24355779359247773, 0.426948866487251, 0.0027530512985225316, 0.009607246608870683, 0.020459267941818945, 0.028536912496313984
2022-09-18, 0.10225069453286363, 0.06288209606986951, 0.023260321767784645, 0.24355779359247773, 0.426948866487251, 0.0027530512985225316, 0.009607246608870683, 0.020459267941818945, 0.028536912496313984
2022-09-18, 0.10225069453286363, 0.06288209606986951, 0.023260321767784645, 0.24355779359247773, 0.426948866487251, 0.0027530512985225316, 0.009607246608870683, 0.020459267941818945, 0.028536912496313984
2022-09-18, 0.10225069453286363, 0.06288209606986951, 0.023260321767784645, 0.24355779359247773, 0.426948866487251, 0.0027530512985225316, 0.009607246608870683, 0.020459267941818945, 0.028536912496313984
2022-09-18, 0.10225069453286363, 0.06288209606986951, 0.023260321767784645, 0.24355779359247773, 0.426948866487251, 0.0027530512985225316, 0.009607246608870683, 0.020459267941818945, 0.028536912496313984
2022-09-18, 0.10225069453286363, 0.06288209606986951, 0.023260321767784645, 0.24355779359247773, 0.426948866487251, 0.0027530512985225316, 0.009607246608870683, 0.020459267941818945, 0.028536912496313984
2022-09-18, 0.10225069453286363, 0.06288209606986951, 0.023260321767784645, 0.24355779359247773, 0.426948866487251, 0.0027530512985225316, 0.009607246608870683, 0.020459267941818945, 0.028536912496313984
2022-09-18, 0.06025441331037123, 0.1886462882096067, 0.03876720294630728, 0.1726485625465659, 0.03284222049901908, 0.011012205194090111, 0.006862319006336213, 0.014705098833182372, 0.016551409247862112
2022-09-18, 0.04756726443404022, 0.23056768558951937, 0.03876720294630728, 0.055494180818539074, 0.016421110249509298, 0.011012205194090111, 0.005489855205068971, 0.010229633970909473, 0.01255624149837815
2022-09-18, 0.05397459312700496, 0.2724890829694321, 0.054274084124830604, 0.055494180818539074, 0.0, 0.011012205194090111, 0.005489855205068971, 0.015344450956364216, 0.017692885747714673
2022-09-18, 0.031625411939074866, 0.0838427947598254, 0.015506881178522638, 0.10173933150065516, 0.010947406833006199, 0.00825915389556758, 0.006862319006336213, 0.012147690340455, 0.013697717998230712
2022-08-19, 0.13303250216237594, 0.6707423580786027, 0.031013762357045963, 0.22197672327415685, 0.10673721662181239, 0.00825915389556758, 0.0027449276025344853, 0.010229633970909473, 0.01255624149837815
2022-08-19, 0.13094051984986907, 0.48209606986899556, 0.007753440589261319, 0.024664080363795207, 0.4844227523605345, 0.0, 0.0013724638012672426, 0.019819915818637103, 0.027395435996461423
2022-08-19, 0.13094051984986907, 0.48209606986899556, 0.007753440589261319, 0.024664080363795207, 0.4844227523605345, 0.0, 0.0013724638012672426, 0.019819915818637103, 0.027395435996461423
2022-08-19, 0.13094051984986907, 0.48209606986899556, 0.007753440589261319, 0.024664080363795207, 0.4844227523605345, 0.0, 0.0013724638012672426, 0.019819915818637103, 0.027395435996461423
2022-08-19, 0.13094051984986907, 0.48209606986899556, 0.007753440589261319, 0.024664080363795207, 0.4844227523605345, 0.0, 0.0013724638012672426, 0.019819915818637103, 0.027395435996461423
2022-08-19, 0.13094051984986907, 0.48209606986899556, 0.007753440589261319, 0.024664080363795207, 0.4844227523605345, 0.0, 0.0013724638012672426, 0.019819915818637103, 0.027395435996461423
2022-08-19, 0.13094051984986907, 0.48209606986899556, 0.007753440589261319, 0.024664080363795207, 0.4844227523605345, 0.0, 0.0013724638012672426, 0.019819915818637103, 0.027395435996461423
2022-08-19, 0.13094051984986907, 0.48209606986899556, 0.007753440589261319, 0.024664080363795207, 0.4844227523605345, 0.0, 0.0013724638012672426, 0.019819915818637103, 0.027395435996461423
2022-08-19, 0.13094051984986907, 0.48209606986899556, 0.007753440589261319, 0.024664080363795207, 0.4844227523605345, 0.0, 0.0013724638012672426, 0.019819915818637103, 0.027395435996461423
2022-08-19, 0.13094051984986907, 0.48209606986899556, 0.007753440589261319, 0.024664080363795207, 0.4844227523605345, 0.0, 0.0013724638012672426, 0.019819915818637103, 0.027395435996461423
2022-08-19, 0.13094051984986907, 0.48209606986899556, 0.007753440589261319, 0.024664080363795207, 0.4844227523605345, 0.0, 0.0013724638012672426, 0.019819915818637103, 0.027395435996461423
2022-08-19, 0.10512071011769392, 0.2515283842794762, 0.023260321767784645, 0.06166020090948774, 0.454317383569767, 0.0027530512985225316, 0.0013724638012672426, 0.019819915818637103, 0.026253959496608862
2022-08-19, 0.12631609055222634, 0.39825327510917063, 0.054274084124830604, 0.10482234154612949, 0.3995803494047345, 0.0027530512985225316, 0.0, 0.02173797218818263, 0.029107650746240263
2022-08-19, 0.11361531960434894, 0.39825327510917063, 0.062027524714091925, 0.052411170773064744, 0.35305387036445723, 0.0, 0.0013724638012672426, 0.01726250732590973, 0.024541744746830022
2022-08-19, 0.14504940337837965, 0.06288209606986905, 0.046520643535568944, 0.25280682372890073, 0.7280025543949278, 0.008259153895567594, 0.0027449276025344853, 0.024934732804091846, 0.03424429499557678
2022-07-20, 0.103572801606806, 0.31441048034934477, 0.054274084124830264, 0.03083010045474387, 0.3749486840304701, 0.005506102597045063, 0.0027449276025344853, 0.017901859449091572, 0.027966174246387702
2022-07-20, 0.10098252469175424, 0.3772925764192138, 0.015506881178523325, 0.052411170773064744, 0.3174747981571866, 0.005506102597045063, 0.005489855205068971, 0.015344450956364216, 0.018834362247567234
2022-07-20, 0.10098252469175424, 0.3772925764192138, 0.015506881178523325, 0.052411170773064744, 0.3174747981571866, 0.005506102597045063, 0.005489855205068971, 0.015344450956364216, 0.018834362247567234
2022-07-20, 0.10098252469175424, 0.3772925764192138, 0.015506881178523325, 0.052411170773064744, 0.3174747981571866, 0.005506102597045063, 0.005489855205068971, 0.015344450956364216, 0.018834362247567234
2022-07-20, 0.10098252469175424, 0.3772925764192138, 0.015506881178523325, 0.052411170773064744, 0.3174747981571866, 0.005506102597045063, 0.005489855205068971, 0.015344450956364216, 0.018834362247567234
2022-07-20, 0.10098252469175424, 0.3772925764192138, 0.015506881178523325, 0.052411170773064744, 0.3174747981571866, 0.005506102597045063, 0.005489855205068971, 0.015344450956364216, 0.018834362247567234
2022-07-20, 0.10098252469175424, 0.3772925764192138, 0.015506881178523325, 0.052411170773064744, 0.3174747981571866, 0.005506102597045063, 0.005489855205068971, 0.015344450956364216, 0.018834362247567234
2022-07-20, 0.10098252469175424, 0.3772925764192138, 0.015506881178523325, 0.052411170773064744, 0.3174747981571866, 0.005506102597045063, 0.005489855205068971, 0.015344450956364216, 0.018834362247567234
2022-07-20, 0.10098252469175424, 0.3772925764192138, 0.015506881178523325, 0.052411170773064744, 0.3174747981571866, 0.005506102597045063, 0.005489855205068971, 0.015344450956364216, 0.018834362247567234
2022-07-20, 0.10098252469175424, 0.3772925764192138, 0.015506881178523325, 0.052411170773064744, 0.3174747981571866, 0.005506102597045063, 0.005489855205068971, 0.015344450956364216, 0.018834362247567234
2022-07-20, 0.10098252469175424, 0.3772925764192138, 0.015506881178523325, 0.052411170773064744, 0.3174747981571866, 0.005506102597045063, 0.005489855205068971, 0.015344450956364216, 0.018834362247567234
2022-07-20, 0.183654624814, 0.7965065502183404, 0.046520643535568944, 0.4501194666392621, 0.16147425078684485, 0.005506102597045048, 0.0, 0.005114816985454729, 0.003995167749483961
2022-07-20, 0.1488898646516007, 0.02096069868995635, 0.13180849001744516, 0.3083010045474398, 0.6458970031473794, 0.011012205194090127, 0.005489855205068971, 0.029410197666364744, 0.03823946274506074
2022-07-20, 0.10580202655242596, 0.5240174672489083, 0.015506881178523325, 0.11715438172802736, 0.1423162888290835, 0.0, 0.0, 0.02173797218818263, 0.025683221246682583
2022-07-20, 0.10598116756233024, 0.08384279475982494, 0.031013762357045963, 0.12948642190992468, 0.536422934817315, 0.008259153895567594, 0.005489855205068971, 0.023656028557728158, 0.029678388996166545
2022-06-20, 0.11817025475570776, 0.4401746724890829, 0.11630160883892253, 0.0030830100454743324, 0.33936961182319947, 0.00825915389556758, 0.0, 0.015344450956364216, 0.022829529997051193
2022-06-20, 0.11817025475570776, 0.4401746724890829, 0.11630160883892253, 0.0030830100454743324, 0.33936961182319947, 0.00825915389556758, 0.0, 0.015344450956364216, 0.022829529997051193
2022-06-20, 0.11817025475570776, 0.4401746724890829, 0.11630160883892253, 0.0030830100454743324, 0.33936961182319947, 0.00825915389556758, 0.0, 0.015344450956364216, 0.022829529997051193
2022-06-20, 0.11817025475570776, 0.4401746724890829, 0.11630160883892253, 0.0030830100454743324, 0.33936961182319947, 0.00825915389556758, 0.0, 0.015344450956364216, 0.022829529997051193
2022-06-20, 0.11817025475570776, 0.4401746724890829, 0.11630160883892253, 0.0030830100454743324, 0.33936961182319947, 0.00825915389556758, 0.0, 0.015344450956364216, 0.022829529997051193
2022-06-20, 0.11817025475570776, 0.4401746724890829, 0.11630160883892253, 0.0030830100454743324, 0.33936961182319947, 0.00825915389556758, 0.0, 0.015344450956364216, 0.022829529997051193
2022-06-20, 0.11817025475570776, 0.4401746724890829, 0.11630160883892253, 0.0030830100454743324, 0.33936961182319947, 0.00825915389556758, 0.0, 0.015344450956364216, 0.022829529997051193
2022-06-20, 0.11817025475570776, 0.4401746724890829, 0.11630160883892253, 0.0030830100454743324, 0.33936961182319947, 0.00825915389556758, 0.0, 0.015344450956364216, 0.022829529997051193
2022-06-20, 0.11817025475570776, 0.4401746724890829, 0.11630160883892253, 0.0030830100454743324, 0.33936961182319947, 0.00825915389556758, 0.0, 0.015344450956364216, 0.022829529997051193
2022-06-20, 0.11817025475570776, 0.4401746724890829, 0.11630160883892253, 0.0030830100454743324, 0.33936961182319947, 0.00825915389556758, 0.0, 0.015344450956364216, 0.022829529997051193
2022-06-20, 0.11817025475570776, 0.4401746724890829, 0.11630160883892253, 0.0030830100454743324, 0.33936961182319947, 0.00825915389556758, 0.0, 0.015344450956364216, 0.022829529997051193
2022-06-20, 0.18349137174978694, 0.775545851528384, 0.0775344058926149, 0.403874315957146, 0.1943164712858644, 0.0027530512985225316, 0.0013724638012672426, 0.005114816985454729, 0.007419597249041642
2022-06-20, 0.10976146184501408, 0.33537117903930114, 0.12405504942818385, 0.0955733114097065, 0.27094831911690925, 0.00825915389556758, 0.0013724638012672426, 0.018541211572273415, 0.023971006496903743
2022-06-20, 0.10870812126648782, 0.1676855895196508, 0.031013762357045963, 0.11407137168255249, 0.4898964557770376, 0.011012205194090111, 0.0013724638012672426, 0.024934732804091846, 0.029678388996166545
2022-06-20, 0.17132337828076305, 0.2934497816593889, 0.13180849001744552, 0.24355779359247717, 0.6185284860648633, 0.016518307791135174, 0.005489855205068971, 0.02813149342000106, 0.033102818495724225
2022-05-21, 0.10111601307298948, 0.35633187772925745, 0.007753440589261319, 0.049328160727590414, 0.33389590840669636, 0.008259153895567594, 0.0013724638012672426, 0.021737972188182644, 0.030249127246092824
2022-05-21, 0.10257261517108748, 0.35633187772925745, 0.14731537119596816, 0.10482234154612949, 0.16968480591159998, 0.005506102597045063, 0.0013724638012672426, 0.012147690340455016, 0.02340026824697746
2022-05-21, 0.10257261517108748, 0.35633187772925745, 0.14731537119596816, 0.10482234154612949, 0.16968480591159998, 0.005506102597045063, 0.0013724638012672426, 0.012147690340455016, 0.02340026824697746
2022-05-21, 0.10257261517108748, 0.35633187772925745, 0.14731537119596816, 0.10482234154612949, 0.16968480591159998, 0.005506102597045063, 0.0013724638012672426, 0.012147690340455016, 0.02340026824697746
2022-05-21, 0.10257261517108748, 0.35633187772925745, 0.14731537119596816, 0.10482234154612949, 0.16968480591159998, 0.005506102597045063, 0.0013724638012672426, 0.012147690340455016, 0.02340026824697746
2022-05-21, 0.10257261517108748, 0.35633187772925745, 0.14731537119596816, 0.10482234154612949, 0.16968480591159998, 0.005506102597045063, 0.0013724638012672426, 0.012147690340455016, 0.02340026824697746
2022-05-21, 0.10257261517108748, 0.35633187772925745, 0.14731537119596816, 0.10482234154612949, 0.16968480591159998, 0.005506102597045063, 0.0013724638012672426, 0.012147690340455016, 0.02340026824697746
2022-05-21, 0.10257261517108748, 0.35633187772925745, 0.14731537119596816, 0.10482234154612949, 0.16968480591159998, 0.005506102597045063, 0.0013724638012672426, 0.012147690340455016, 0.02340026824697746
2022-05-21, 0.10257261517108748, 0.35633187772925745, 0.14731537119596816, 0.10482234154612949, 0.16968480591159998, 0.005506102597045063, 0.0013724638012672426, 0.012147690340455016, 0.02340026824697746
2022-05-21, 0.10257261517108748, 0.35633187772925745, 0.14731537119596816, 0.10482234154612949, 0.16968480591159998, 0.005506102597045063, 0.0013724638012672426, 0.012147690340455016, 0.02340026824697746
2022-05-21, 0.10257261517108748, 0.35633187772925745, 0.14731537119596816, 0.10482234154612949, 0.16968480591159998, 0.005506102597045063, 0.0013724638012672426, 0.012147690340455016, 0.02340026824697746
2022-05-21, 0.11951913688359797, 0.3982532751091702, 0.10079472766039921, 0.0339131105002182, 0.3804223874469737, 0.005506102597045063, 0.0013724638012672426, 0.015344450956364216, 0.020546576997346074
2022-05-21, 0.1143971913065659, 0.2515283842794757, 0.15506881178522947, 0.13256943195539903, 0.3202116498654386, 0.008259153895567594, 0.0027449276025344853, 0.01854121157227343, 0.026253959496608862
2022-05-21, 0.09745739150686807, 0.2515283842794757, 0.18608257414227544, 0.10173933150065516, 0.1997901747023675, 0.0027530512985225316, 0.0013724638012672426, 0.014705098833182387, 0.021688053497198635
2022-05-21, 0.09699116417006504, 0.4401746724890829, 0.06202752471409158, 0.052411170773064744, 0.17515850932810306, 0.0027530512985225316, 0.0013724638012672426, 0.014065746710000543, 0.027966174246387702
2022-04-21, 0.1497960870528305, 0.0838427947598254, 0.054274084124830604, 0.4223723762299926, 0.6021073758153538, 0.0027530512985225316, 0.00274492760253447, 0.010868986094091315, 0.0194051004974935
2022-04-21, 0.13457169098842642, 0.0, 0.09304128707113789, 0.36996120545692784, 0.5637914518998314, 0.0, 0.004117391403801713, 0.01598380307954606, 0.029678388996166545
2022-04-21, 0.13457169098842642, 0.0, 0.09304128707113789, 0.36996120545692784, 0.5637914518998314, 0.0, 0.004117391403801713, 0.01598380307954606, 0.029678388996166545
2022-04-21, 0.13457169098842642, 0.0, 0.09304128707113789, 0.36996120545692784, 0.5637914518998314, 0.0, 0.004117391403801713, 0.01598380307954606, 0.029678388996166545
2022-04-21, 0.13457169098842642, 0.0, 0.09304128707113789, 0.36996120545692784, 0.5637914518998314, 0.0, 0.004117391403801713, 0.01598380307954606, 0.029678388996166545
2022-04-21, 0.13457169098842642, 0.0, 0.09304128707113789, 0.36996120545692784, 0.5637914518998314, 0.0, 0.004117391403801713, 0.01598380307954606, 0.029678388996166545
2022-04-21, 0.13457169098842642, 0.0, 0.09304128707113789, 0.36996120545692784, 0.5637914518998314, 0.0, 0.004117391403801713, 0.01598380307954606, 0.029678388996166545
2022-04-21, 0.13457169098842642, 0.0, 0.09304128707113789, 0.36996120545692784, 0.5637914518998314, 0.0, 0.004117391403801713, 0.01598380307954606, 0.029678388996166545
2022-04-21, 0.13457169098842642, 0.0, 0.09304128707113789, 0.36996120545692784, 0.5637914518998314, 0.0, 0.004117391403801713, 0.01598380307954606, 0.029678388996166545
2022-04-21, 0.13457169098842642, 0.0, 0.09304128707113789, 0.36996120545692784, 0.5637914518998314, 0.0, 0.004117391403801713, 0.01598380307954606, 0.029678388996166545
2022-04-21, 0.13457169098842642, 0.0, 0.09304128707113789, 0.36996120545692784, 0.5637914518998314, 0.0, 0.004117391403801713, 0.01598380307954606, 0.029678388996166545
2022-04-21, 0.07012861377922898, 0.31441048034934477, 0.023260321767784645, 0.049328160727590414, 0.14778999224558684, 0.00825915389556758, 0.0068623190063361985, 0.0025574084927273717, 0.00856107374889419
2022-04-21, 0.06456956488529568, 0.14672489082969445, 0.13180849001744552, 0.04624515068211581, 0.16147425078684485, 0.00825915389556758, 0.0068623190063361985, 0.0031967606159092003, 0.011985503248451872
2022-04-21, 0.09582728044420984, 0.2096069868995635, 0.12405504942818385, 0.13256943195539903, 0.2818957259499157, 0.0027530512985225165, 0.004117391403801713, 0.0019180563695455287, 0.00970255024874675
2022-04-21, 0.24096268893438086, 0.2515283842794757, 0.062027524714091925, 0.66593016982247, 0.8922136568900242, 0.008259153895567594, 0.0013724638012672426, 0.017262507325909743, 0.029107650746240263
2022-03-22, 0.05142809503818961, 0.20960698689956303, 0.031013762357045963, 0.012332040181897604, 0.13957943712083196, 0.005506102597045063, 0.004117391403801728, 0.0012787042463636858, 0.00799033549896791
2022-03-22, 0.15350749012054102, 0.1257641921397381, 0.046520643535568944, 0.41928936618451823, 0.5938968206905989, 0.005506102597045063, 0.0027449276025344853, 0.011508338217273158, 0.022829529997051182
2022-03-22, 0.15350749012054102, 0.1257641921397381, 0.046520643535568944, 0.41928936618451823, 0.5938968206905989, 0.005506102597045063, 0.0027449276025344853, 0.011508338217273158, 0.022829529997051182
2022-03-22, 0.15350749012054102, 0.1257641921397381, 0.046520643535568944, 0.41928936618451823, 0.5938968206905989, 0.005506102597045063, 0.0027449276025344853, 0.011508338217273158, 0.022829529997051182
2022-03-22, 0.15350749012054102, 0.1257641921397381, 0.046520643535568944, 0.41928936618451823, 0.5938968206905989, 0.005506102597045063, 0.0027449276025344853, 0.011508338217273158, 0.022829529997051182
2022-03-22, 0.15350749012054102, 0.1257641921397381, 0.046520643535568944, 0.41928936618451823, 0.5938968206905989, 0.005506102597045063, 0.0027449276025344853, 0.011508338217273158, 0.022829529997051182
2022-03-22, 0.15350749012054102, 0.1257641921397381, 0.046520643535568944, 0.41928936618451823, 0.5938968206905989, 0.005506102597045063, 0.0027449276025344853, 0.011508338217273158, 0.022829529997051182
2022-03-22, 0.15350749012054102, 0.1257641921397381, 0.046520643535568944, 0.41928936618451823, 0.5938968206905989, 0.005506102597045063, 0.0027449276025344853, 0.011508338217273158, 0.022829529997051182
2022-03-22, 0.15350749012054102, 0.1257641921397381, 0.046520643535568944, 0.41928936618451823, 0.5938968206905989, 0.005506102597045063, 0.0027449276025344853, 0.011508338217273158, 0.022829529997051182
2022-03-22, 0.15350749012054102, 0.1257641921397381, 0.046520643535568944, 0.41928936618451823, 0.5938968206905989, 0.005506102597045063, 0.0027449276025344853, 0.011508338217273158, 0.022829529997051182
2022-03-22, 0.15350749012054102, 0.1257641921397381, 0.046520643535568944, 0.41928936618451823, 0.5938968206905989, 0.005506102597045063, 0.0027449276025344853, 0.011508338217273158, 0.022829529997051182
2022-03-22, 0.05288870208261348, 0.20960698689956303, 0.007753440589261319, 0.052411170773064744, 0.13410573370432885, 0.005506102597045063, 0.0027449276025344853, 0.0012787042463636858, 0.00970255024874675
2022-03-22, 0.0687518632366678, 0.3772925764192138, 0.007753440589261319, 0.04007913059116714, 0.10673721662181263, 0.00825915389556758, 0.004117391403801728, 0.0006393521231818429, 0.005136644249336509
2022-03-22, 0.2892388068847983, 0.5030567685589522, 0.13956193060670682, 0.7121753205045859, 0.8949505085982757, 0.011012205194090118, 0.0013724638012672426, 0.019819915818637103, 0.03196134199587165
2022-03-22, 0.09176192573065495, 0.0419213973799127, 0.046520643535568944, 0.25280682372890073, 0.369474980613967, 0.0027530512985225316, 0.0013724638012672426, 0.003836112739091043, 0.015409932748009551
2022-02-20, 0.061446042972592575, 0.20960698689956303, 0.16282225237449113, 0.0215810703183206, 0.07389499612279331, 0.0, 0.005489855205068956, 0.004475464862272886, 0.013697717998230712
2022-02-20, 0.1769449243592165, 0.18864628820960713, 0.16282225237449113, 0.38845926572977435, 0.6185284860648633, 0.00825915389556758, 0.004117391403801713, 0.017901859449091572, 0.026824697746535144
2022-02-20, 0.1769449243592165, 0.18864628820960713, 0.16282225237449113, 0.38845926572977435, 0.6185284860648633, 0.00825915389556758, 0.004117391403801713, 0.017901859449091572, 0.026824697746535144
2022-02-20, 0.1769449243592165, 0.18864628820960713, 0.16282225237449113, 0.38845926572977435, 0.6185284860648633, 0.00825915389556758, 0.004117391403801713, 0.017901859449091572, 0.026824697746535144
2022-02-20, 0.1769449243592165, 0.18864628820960713, 0.16282225237449113, 0.38845926572977435, 0.6185284860648633, 0.00825915389556758, 0.004117391403801713, 0.017901859449091572, 0.026824697746535144
2022-02-20, 0.1769449243592165, 0.18864628820960713, 0.16282225237449113, 0.38845926572977435, 0.6185284860648633, 0.00825915389556758, 0.004117391403801713, 0.017901859449091572, 0.026824697746535144
2022-02-20, 0.1769449243592165, 0.18864628820960713, 0.16282225237449113, 0.38845926572977435, 0.6185284860648633, 0.00825915389556758, 0.004117391403801713, 0.017901859449091572, 0.026824697746535144
2022-02-20, 0.1769449243592165, 0.18864628820960713, 0.16282225237449113, 0.38845926572977435, 0.6185284860648633, 0.00825915389556758, 0.004117391403801713, 0.017901859449091572, 0.026824697746535144
2022-02-20, 0.1769449243592165, 0.18864628820960713, 0.16282225237449113, 0.38845926572977435, 0.6185284860648633, 0.00825915389556758, 0.004117391403801713, 0.017901859449091572, 0.026824697746535144
2022-02-20, 0.1769449243592165, 0.18864628820960713, 0.16282225237449113, 0.38845926572977435, 0.6185284860648633, 0.00825915389556758, 0.004117391403801713, 0.017901859449091572, 0.026824697746535144
2022-02-20, 0.1769449243592165, 0.18864628820960713, 0.16282225237449113, 0.38845926572977435, 0.6185284860648633, 0.00825915389556758, 0.004117391403801713, 0.017901859449091572, 0.026824697746535144
2022-02-20, 0.06079236142468454, 0.14672489082969398, 0.1705756929637528, 0.04007913059116714, 0.10673721662181263, 0.0, 0.004117391403801713, 0.003836112739091043, 0.014268456248156992
2022-02-20, 0.0636384428178722, 0.23056768558951937, 0.18608257414227578, 0.052411170773064744, 0.021894813666012883, 0.0027530512985225316, 0.005489855205068956, 0.0019180563695455144, 0.00799033549896791
2022-02-20, 0.32114014150388737, 0.5659388646288211, 0.255863539445629, 0.7491714410502789, 0.9113716188477855, 0.016518307791135174, 0.00274492760253447, 0.02813149342000106, 0.039380939244913295
2022-02-20, 0.09144807331048005, 0.06288209606986905, 0.1783291335530141, 0.1449014721372969, 0.3120010947406832, 0.0027530512985225316, 0.005489855205068956, 0.006393521231818415, 0.01883436224756722
2022-01-21, 0.09047977702083906, 0.37729257641921427, 0.1783291335530141, 0.13873545204634768, 0.005473703416503343, 0.005506102597045063, 0.004117391403801713, 0.006393521231818415, 0.007990335498967922
2022-01-21, 0.1344926215189086, 0.02096069868995635, 0.14731537119596816, 0.32679906482028637, 0.5364229348173152, 0.011012205194090111, 0.00274492760253447, 0.014705098833182372, 0.015980670997935834
2022-01-21, 0.1344926215189086, 0.02096069868995635, 0.14731537119596816, 0.32679906482028637, 0.5364229348173152, 0.011012205194090111, 0.00274492760253447, 0.014705098833182372, 0.015980670997935834
2022-01-21, 0.1344926215189086, 0.02096069868995635, 0.14731537119596816, 0.32679906482028637, 0.5364229348173152, 0.011012205194090111, 0.00274492760253447, 0.014705098833182372, 0.015980670997935834
2022-01-21, 0.1344926215189086, 0.02096069868995635, 0.14731537119596816, 0.32679906482028637, 0.5364229348173152, 0.011012205194090111, 0.00274492760253447, 0.014705098833182372, 0.015980670997935834
2022-01-21, 0.1344926215189086, 0.02096069868995635, 0.14731537119596816, 0.32679906482028637, 0.5364229348173152, 0.011012205194090111, 0.00274492760253447, 0.014705098833182372, 0.015980670997935834
2022-01-21, 0.1344926215189086, 0.02096069868995635, 0.14731537119596816, 0.32679906482028637, 0.5364229348173152, 0.011012205194090111, 0.00274492760253447, 0.014705098833182372, 0.015980670997935834
2022-01-21, 0.1344926215189086, 0.02096069868995635, 0.14731537119596816, 0.32679906482028637, 0.5364229348173152, 0.011012205194090111, 0.00274492760253447, 0.014705098833182372, 0.015980670997935834
2022-01-21, 0.1344926215189086, 0.02096069868995635, 0.14731537119596816, 0.32679906482028637, 0.5364229348173152, 0.011012205194090111, 0.00274492760253447, 0.014705098833182372, 0.015980670997935834
2022-01-21, 0.1344926215189086, 0.02096069868995635, 0.14731537119596816, 0.32679906482028637, 0.5364229348173152, 0.011012205194090111, 0.00274492760253447, 0.014705098833182372, 0.015980670997935834
2022-01-21, 0.1344926215189086, 0.02096069868995635, 0.14731537119596816, 0.32679906482028637, 0.5364229348173152, 0.011012205194090111, 0.00274492760253447, 0.014705098833182372, 0.015980670997935834
2022-01-21, 0.08006662523425624, 0.31441048034934527, 0.1705756929637528, 0.12640341186445037, 0.010947406833006441, 0.00825915389556758, 0.00274492760253447, 0.0031967606159092146, 0.003995167749483961
2022-01-21, 0.08938335021387588, 0.31441048034934527, 0.18608257414227578, 0.1633995324101429, 0.032842220499019324, 0.0027530512985225316, 0.004117391403801713, 0.005754169108636572, 0.005707382499262802
2022-01-21, 0.2676373875000571, 0.35633187772925745, 0.1783291335530141, 0.6474321095496237, 0.8867399534735209, 0.019271359089657707, 0.0013724638012672426, 0.023656028557728158, 0.027966174246387702
2022-01-21, 0.09070249886816427, 0.1257641921397381, 0.13956193060670682, 0.11407137168255276, 0.30926424303243166, 0.00825915389556758, 0.0, 0.012147690340455, 0.016551409247862112
2021-12-22, 0.10624020059533605, 0.37729257641921404, 0.10854816824966086, 0.24355779359247745, 0.10400036491356109, 0.0027530512985225165, 0.0013724638012672426, 0.0038361127390910575, 0.00856107374889419
2021-12-22, 0.10590379051059275, 0.16768558951965057, 0.054274084124830604, 0.1418184620918223, 0.43789627332025743, 0.011012205194090111, 0.0, 0.013426394586818687, 0.021117315247272343
2021-12-22, 0.10590379051059275, 0.16768558951965057, 0.054274084124830604, 0.1418184620918223, 0.43789627332025743, 0.011012205194090111, 0.0, 0.013426394586818687, 0.021117315247272343
2021-12-22, 0.10590379051059275, 0.16768558951965057, 0.054274084124830604, 0.1418184620918223, 0.43789627332025743, 0.011012205194090111, 0.0, 0.013426394586818687, 0.021117315247272343
2021-12-22, 0.10590379051059275, 0.16768558951965057, 0.054274084124830604, 0.1418184620918223, 0.43789627332025743, 0.011012205194090111, 0.0, 0.013426394586818687, 0.021117315247272343
2021-12-22, 0.10590379051059275, 0.16768558951965057, 0.054274084124830604, 0.1418184620918223, 0.43789627332025743, 0.011012205194090111, 0.0, 0.013426394586818687, 0.021117315247272343
2021-12-22, 0.10590379051059275, 0.16768558951965057, 0.054274084124830604, 0.1418184620918223, 0.43789627332025743, 0.011012205194090111, 0.0, 0.013426394586818687, 0.021117315247272343
2021-12-22, 0.10590379051059275, 0.16768558951965057, 0.054274084124830604, 0.1418184620918223, 0.43789627332025743, 0.011012205194090111, 0.0, 0.013426394586818687, 0.021117315247272343
2021-12-22, 0.10590379051059275, 0.16768558951965057, 0.054274084124830604, 0.1418184620918223, 0.43789627332025743, 0.011012205194090111, 0.0, 0.013426394586818687, 0.021117315247272343
2021-12-22, 0.10590379051059275, 0.16768558951965057, 0.054274084124830604, 0.1418184620918223, 0.43789627332025743, 0.011012205194090111, 0.0, 0.013426394586818687, 0.021117315247272343
2021-12-22, 0.10590379051059275, 0.16768558951965057, 0.054274084124830604, 0.1418184620918223, 0.43789627332025743, 0.011012205194090111, 0.0, 0.013426394586818687, 0.021117315247272343
2021-12-22, 0.11260296390501731, 0.0, 0.062027524714091925, 0.2774709040926959, 0.5090544177347992, 0.011012205194090111, 0.0013724638012672426, 0.015344450956364216, 0.024541744746830022
2021-12-22, 0.0915733879515686, 0.14672489082969445, 0.06978096530335325, 0.08940729131875755, 0.3749486840304703, 0.011012205194090111, 0.00274492760253447, 0.013426394586818687, 0.024541744746830022
2021-12-22, 0.15458847019296584, 0.62882096069869, 0.09304128707113789, 0.31138401459291415, 0.18063221274460617, 0.0027530512985225165, 0.004117391403801713, 0.005114816985454729, 0.01084402674859931
2021-12-22, 0.07383638528374832, 0.0419213973799127, 0.10079472766039921, 0.09249030136423216, 0.30926424303243166, 0.011012205194090111, 0.0013724638012672426, 0.012147690340455, 0.02168805349719862
2021-11-22, 0.0669371684965716, 0.0, 0.031013762357045963, 0.14798448218277124, 0.30926424303243166, 0.008259153895567594, 0.0013724638012672426, 0.015344450956364216, 0.0222587917471249
2021-11-22, 0.07369758260410632, 0.0838427947598254, 0.007753440589261491, 0.033913110500218474, 0.41600145965424434, 0.011012205194090118, 0.0013724638012672426, 0.013426394586818687, 0.0222587917471249
2021-11-22, 0.07369758260410632, 0.0838427947598254, 0.007753440589261491, 0.033913110500218474, 0.41600145965424434, 0.011012205194090118, 0.0013724638012672426, 0.013426394586818687, 0.0222587917471249
2021-11-22, 0.07369758260410632, 0.0838427947598254, 0.007753440589261491, 0.033913110500218474, 0.41600145965424434, 0.011012205194090118, 0.0013724638012672426, 0.013426394586818687, 0.0222587917471249
2021-11-22, 0.07369758260410632, 0.0838427947598254, 0.007753440589261491, 0.033913110500218474, 0.41600145965424434, 0.011012205194090118, 0.0013724638012672426, 0.013426394586818687, 0.0222587917471249
2021-11-22, 0.07369758260410632, 0.0838427947598254, 0.007753440589261491, 0.033913110500218474, 0.41600145965424434, 0.011012205194090118, 0.0013724638012672426, 0.013426394586818687, 0.0222587917471249
2021-11-22, 0.07369758260410632, 0.0838427947598254, 0.007753440589261491, 0.033913110500218474, 0.41600145965424434, 0.011012205194090118, 0.0013724638012672426, 0.013426394586818687, 0.0222587917471249
2021-11-22, 0.07369758260410632, 0.0838427947598254, 0.007753440589261491, 0.033913110500218474, 0.41600145965424434, 0.011012205194090118, 0.0013724638012672426, 0.013426394586818687, 0.0222587917471249
2021-11-22, 0.07369758260410632, 0.0838427947598254, 0.007753440589261491, 0.033913110500218474, 0.41600145965424434, 0.011012205194090118, 0.0013724638012672426, 0.013426394586818687, 0.0222587917471249
2021-11-22, 0.07369758260410632, 0.0838427947598254, 0.007753440589261491, 0.033913110500218474, 0.41600145965424434, 0.011012205194090118, 0.0013724638012672426, 0.013426394586818687, 0.0222587917471249
2021-11-22, 0.07369758260410632, 0.0838427947598254, 0.007753440589261491, 0.033913110500218474, 0.41600145965424434, 0.011012205194090118, 0.0013724638012672426, 0.013426394586818687, 0.0222587917471249
2021-11-22, 0.05072926735664534, 0.02096069868995635, 0.062027524714091925, 0.009249030136422996, 0.2682114674086575, 0.008259153895567594, 0.0013724638012672426, 0.01406574671000053, 0.02168805349719862
2021-11-22, 0.06268551384422516, 0.0419213973799127, 0.05427408412483043, 0.05857719086401368, 0.29831683619942523, 0.011012205194090118, 0.004117391403801728, 0.012147690340455, 0.021117315247272343
2021-11-22, 0.13921187716232888, 0.4401746724890829, 0.05427408412483043, 0.3452971250931326, 0.25726406057565127, 0.0027530512985225316, 0.0027449276025344853, 0.0031967606159092146, 0.00799033549896791
2021-11-22, 0.11416893994276811, 0.0838427947598254, 0.015506881178522981, 0.3083010045474398, 0.4515805318615152, 0.011012205194090118, 0.0013724638012672426, 0.0166231552027279, 0.0251124829967563
2021-10-23, 0.07975893471495388, 0.1257641921397381, 0.046520643535568944, 0.07399224109138534, 0.34758016694795413, 0.0027530512985225316, 0.0, 0.01406574671000053, 0.027395435996461423
2021-10-23, 0.12036888795893955, 0.0419213973799127, 0.0775344058926149, 0.22197672327415657, 0.5720020070245858, 0.0027530512985225316, 0.0027449276025344853, 0.0166231552027279, 0.027395435996461423
2021-10-23, 0.12036888795893955, 0.0419213973799127, 0.0775344058926149, 0.22197672327415657, 0.5720020070245858, 0.0027530512985225316, 0.0027449276025344853, 0.0166231552027279, 0.027395435996461423
2021-10-23, 0.12036888795893955, 0.0419213973799127, 0.0775344058926149, 0.22197672327415657, 0.5720020070245858, 0.0027530512985225316, 0.0027449276025344853, 0.0166231552027279, 0.027395435996461423
2021-10-23, 0.12036888795893955, 0.0419213973799127, 0.0775344058926149, 0.22197672327415657, 0.5720020070245858, 0.0027530512985225316, 0.0027449276025344853, 0.0166231552027279, 0.027395435996461423
2021-10-23, 0.12036888795893955, 0.0419213973799127, 0.0775344058926149, 0.22197672327415657, 0.5720020070245858, 0.0027530512985225316, 0.0027449276025344853, 0.0166231552027279, 0.027395435996461423
2021-10-23, 0.12036888795893955, 0.0419213973799127, 0.0775344058926149, 0.22197672327415657, 0.5720020070245858, 0.0027530512985225316, 0.0027449276025344853, 0.0166231552027279, 0.027395435996461423
2021-10-23, 0.12036888795893955, 0.0419213973799127, 0.0775344058926149, 0.22197672327415657, 0.5720020070245858, 0.0027530512985225316, 0.0027449276025344853, 0.0166231552027279, 0.027395435996461423
2021-10-23, 0.12036888795893955, 0.0419213973799127, 0.0775344058926149, 0.22197672327415657, 0.5720020070245858, 0.0027530512985225316, 0.0027449276025344853, 0.0166231552027279, 0.027395435996461423
2021-10-23, 0.12036888795893955, 0.0419213973799127, 0.0775344058926149, 0.22197672327415657, 0.5720020070245858, 0.0027530512985225316, 0.0027449276025344853, 0.0166231552027279, 0.027395435996461423
2021-10-23, 0.12036888795893955, 0.0419213973799127, 0.0775344058926149, 0.22197672327415657, 0.5720020070245858, 0.0027530512985225316, 0.0027449276025344853, 0.0166231552027279, 0.027395435996461423
2021-10-23, 0.08969401058326049, 0.1257641921397381, 0.054274084124830264, 0.07707525113685995, 0.41600145965424434, 0.0, 0.004117391403801728, 0.01406574671000053, 0.026253959496608862
2021-10-23, 0.08576163067735994, 0.0419213973799127, 0.13180849001744516, 0.05857719086401341, 0.4077909045294894, 0.0027530512985225316, 0.0, 0.014705098833182372, 0.028536912496313984
2021-10-23, 0.12473954651104212, 0.37729257641921404, 0.031013762357045963, 0.3360480949567096, 0.2353692469096384, 0.008259153895567594, 0.0013724638012672426, 0.0, 0.00856107374889419
2021-10-23, 0.22777721204264523, 0.4401746724890829, 0.007753440589261319, 0.527194717776122, 0.7690553300187017, 0.008259153895567587, 0.004117391403801728, 0.026852789173637374, 0.03881020099498701
2021-09-23, 0.09418516951856798, 0.0419213973799127, 0.054274084124830264, 0.13256943195539903, 0.4789490489440314, 0.0027530512985225316, 0.0, 0.017901859449091586, 0.0251124829967563
2021-09-23, 0.08406180976460652, 0.06288209606986905, 0.062027524714091925, 0.09865632145518055, 0.40505405282123785, 0.0027530512985225316, 0.0013724638012672426, 0.01406574671000053, 0.025683221246682583
2021-09-23, 0.08406180976460652, 0.06288209606986905, 0.062027524714091925, 0.09865632145518055, 0.40505405282123785, 0.0027530512985225316, 0.0013724638012672426, 0.01406574671000053, 0.025683221246682583
2021-09-23, 0.08406180976460652, 0.06288209606986905, 0.062027524714091925, 0.09865632145518055, 0.40505405282123785, 0.0027530512985225316, 0.0013724638012672426, 0.01406574671000053, 0.025683221246682583
2021-09-23, 0.08406180976460652, 0.06288209606986905, 0.062027524714091925, 0.09865632145518055, 0.40505405282123785, 0.0027530512985225316, 0.0013724638012672426, 0.01406574671000053, 0.025683221246682583
2021-09-23, 0.08406180976460652, 0.06288209606986905, 0.062027524714091925, 0.09865632145518055, 0.40505405282123785, 0.0027530512985225316, 0.0013724638012672426, 0.01406574671000053, 0.025683221246682583
2021-09-23, 0.08406180976460652, 0.06288209606986905, 0.062027524714091925, 0.09865632145518055, 0.40505405282123785, 0.0027530512985225316, 0.0013724638012672426, 0.01406574671000053, 0.025683221246682583
2021-09-23, 0.08406180976460652, 0.06288209606986905, 0.062027524714091925, 0.09865632145518055, 0.40505405282123785, 0.0027530512985225316, 0.0013724638012672426, 0.01406574671000053, 0.025683221246682583
2021-09-23, 0.08406180976460652, 0.06288209606986905, 0.062027524714091925, 0.09865632145518055, 0.40505405282123785, 0.0027530512985225316, 0.0013724638012672426, 0.01406574671000053, 0.025683221246682583
2021-09-23, 0.08406180976460652, 0.06288209606986905, 0.062027524714091925, 0.09865632145518055, 0.40505405282123785, 0.0027530512985225316, 0.0013724638012672426, 0.01406574671000053, 0.025683221246682583
2021-09-23, 0.08406180976460652, 0.06288209606986905, 0.062027524714091925, 0.09865632145518055, 0.40505405282123785, 0.0027530512985225316, 0.0013724638012672426, 0.01406574671000053, 0.025683221246682583
2021-09-23, 0.11814719757252476, 0.06288209606986905, 0.046520643535568944, 0.24355779359247745, 0.5473703416503216, 0.005506102597045063, 0.0013724638012672426, 0.013426394586818687, 0.024541744746830022
2021-09-23, 0.13328260098360806, 0.3982532751091702, 0.08528784648187622, 0.34838013513860694, 0.22168498836838038, 0.005506102597045063, 0.0013724638012672426, 0.0006393521231818429, 0.005136644249336509
2021-09-23, 0.08814554154578909, 0.02096069868995635, 0.0775344058926149, 0.10173933150065516, 0.4515805318615152, 0.0027530512985225316, 0.0013724638012672426, 0.017262507325909743, 0.03196134199587165
2021-09-23, 0.19973037829902118, 0.314410480349345, 0.007753440589261319, 0.49019859723042924, 0.7143182958536698, 0.008259153895567587, 0.0013724638012672426, 0.02557408492727369, 0.035956509745355615
2021-08-24, 0.07111129779080287, 0.12576419213973786, 0.13180849001744552, 0.08324127122780889, 0.17789536103635462, 0.0027530512985225316, 0.004117391403801728, 0.015344450956364216, 0.027966174246387702
2021-08-24, 0.07111129779080287, 0.12576419213973786, 0.13180849001744552, 0.08324127122780889, 0.17789536103635462, 0.0027530512985225316, 0.004117391403801728, 0.015344450956364216, 0.027966174246387702
2021-08-24, 0.07111129779080287, 0.12576419213973786, 0.13180849001744552, 0.08324127122780889, 0.17789536103635462, 0.0027530512985225316, 0.004117391403801728, 0.015344450956364216, 0.027966174246387702
2021-08-24, 0.07111129779080287, 0.12576419213973786, 0.13180849001744552, 0.08324127122780889, 0.17789536103635462, 0.0027530512985225316, 0.004117391403801728, 0.015344450956364216, 0.027966174246387702
2021-08-24, 0.07111129779080287, 0.12576419213973786, 0.13180849001744552, 0.08324127122780889, 0.17789536103635462, 0.0027530512985225316, 0.004117391403801728, 0.015344450956364216, 0.027966174246387702
2021-08-24, 0.07111129779080287, 0.12576419213973786, 0.13180849001744552, 0.08324127122780889, 0.17789536103635462, 0.0027530512985225316, 0.004117391403801728, 0.015344450956364216, 0.027966174246387702
2021-08-24, 0.07111129779080287, 0.12576419213973786, 0.13180849001744552, 0.08324127122780889, 0.17789536103635462, 0.0027530512985225316, 0.004117391403801728, 0.015344450956364216, 0.027966174246387702
2021-08-24, 0.07111129779080287, 0.12576419213973786, 0.13180849001744552, 0.08324127122780889, 0.17789536103635462, 0.0027530512985225316, 0.004117391403801728, 0.015344450956364216, 0.027966174246387702
2021-08-24, 0.07111129779080287, 0.12576419213973786, 0.13180849001744552, 0.08324127122780889, 0.17789536103635462, 0.0027530512985225316, 0.004117391403801728, 0.015344450956364216, 0.027966174246387702
2021-08-24, 0.07111129779080287, 0.12576419213973786, 0.13180849001744552, 0.08324127122780889, 0.17789536103635462, 0.0027530512985225316, 0.004117391403801728, 0.015344450956364216, 0.027966174246387702
2021-08-24, 0.07111129779080287, 0.12576419213973786, 0.13180849001744552, 0.08324127122780889, 0.17789536103635462, 0.0027530512985225316, 0.004117391403801728, 0.015344450956364216, 0.027966174246387702
2021-08-24, 0.14828964085479623, 0.4401746724890829, 0.1705756929637528, 0.37304421550240213, 0.18063221274460592, 0.0027530512985225316, 0.0027449276025344853, 0.0038361127390910575, 0.01255624149837815
2021-08-24, 0.08586741732220228, 0.23056768558951962, 0.17832913355301447, 0.08940729131875755, 0.1368425854125804, 0.0055061025970450555, 0.004117391403801728, 0.015344450956364216, 0.026824697746535144
2021-08-24, 0.07163444241861966, 0.020960698689956116, 0.18608257414227578, 0.012332040181897604, 0.29010628107467057, 0.0055061025970450555, 0.0027449276025344853, 0.021098620065000802, 0.034244294995576775
2021-08-24, 0.20587978431029386, 0.37729257641921404, 0.12405504942818385, 0.3391311050021837, 0.7197919992701731, 0.013765256492612642, 0.005489855205068971, 0.02813149342000106, 0.039380939244913295
2021-07-25, 0.0908386321147876, 0.1467248908296942, 0.255863539445629, 0.07707525113685995, 0.1997901747023675, 0.005506102597045063, 0.006862319006336213, 0.0166231552027279, 0.018263623997640952
2021-07-25, 0.0908386321147876, 0.1467248908296942, 0.255863539445629, 0.07707525113685995, 0.1997901747023675, 0.005506102597045063, 0.006862319006336213, 0.0166231552027279, 0.018263623997640952
2021-07-25, 0.0908386321147876, 0.1467248908296942, 0.255863539445629, 0.07707525113685995, 0.1997901747023675, 0.005506102597045063, 0.006862319006336213, 0.0166231552027279, 0.018263623997640952
2021-07-25, 0.0908386321147876, 0.1467248908296942, 0.255863539445629, 0.07707525113685995, 0.1997901747023675, 0.005506102597045063, 0.006862319006336213, 0.0166231552027279, 0.018263623997640952
2021-07-25, 0.0908386321147876, 0.1467248908296942, 0.255863539445629, 0.07707525113685995, 0.1997901747023675, 0.005506102597045063, 0.006862319006336213, 0.0166231552027279, 0.018263623997640952
2021-07-25, 0.0908386321147876, 0.1467248908296942, 0.255863539445629, 0.07707525113685995, 0.1997901747023675, 0.005506102597045063, 0.006862319006336213, 0.0166231552027279, 0.018263623997640952
2021-07-25, 0.0908386321147876, 0.1467248908296942, 0.255863539445629, 0.07707525113685995, 0.1997901747023675, 0.005506102597045063, 0.006862319006336213, 0.0166231552027279, 0.018263623997640952
2021-07-25, 0.0908386321147876, 0.1467248908296942, 0.255863539445629, 0.07707525113685995, 0.1997901747023675, 0.005506102597045063, 0.006862319006336213, 0.0166231552027279, 0.018263623997640952
2021-07-25, 0.0908386321147876, 0.1467248908296942, 0.255863539445629, 0.07707525113685995, 0.1997901747023675, 0.005506102597045063, 0.006862319006336213, 0.0166231552027279, 0.018263623997640952
2021-07-25, 0.0908386321147876, 0.1467248908296942, 0.255863539445629, 0.07707525113685995, 0.1997901747023675, 0.005506102597045063, 0.006862319006336213, 0.0166231552027279, 0.018263623997640952
2021-07-25, 0.0908386321147876, 0.1467248908296942, 0.255863539445629, 0.07707525113685995, 0.1997901747023675, 0.005506102597045063, 0.006862319006336213, 0.0166231552027279, 0.018263623997640952
2021-07-25, 0.2149583593150034, 0.5449781659388646, 0.19383601473153708, 0.5734398684582381, 0.39684349769648325, 0.0027530512985225165, 0.004117391403801728, 0.0025574084927273573, 0.0011414764998525604
2021-07-25, 0.09929879102193245, 0.16768558951965057, 0.24035665826710603, 0.06474321095496234, 0.2736851708251608, 0.005506102597045063, 0.00823478280760344, 0.015344450956364216, 0.018834362247567234
2021-07-25, 0.17941681734514153, 0.2515283842794762, 0.24811009885636737, 0.3083010045474398, 0.5501071933585732, 0.011012205194090127, 0.009607246608870683, 0.02813149342000106, 0.028536912496313984
2021-07-25, 0.09706191944214829, 0.1676855895196508, 0.16282225237449113, 0.0339131105002182, 0.36126442548921234, 0.008259153895567594, 0.00823478280760344, 0.0166231552027279, 0.017692885747714673
2021-06-25, 0.08455447758926103, 0.10480349344978175, 0.20158945532079875, 0.049328160727590414, 0.27642202253341236, 0.008259153895567587, 0.015097101813939653, 0.008950929724545786, 0.011985503248451872
2021-06-25, 0.08455447758926103, 0.10480349344978175, 0.20158945532079875, 0.049328160727590414, 0.27642202253341236, 0.008259153895567587, 0.015097101813939653, 0.008950929724545786, 0.011985503248451872
2021-06-25, 0.08455447758926103, 0.10480349344978175, 0.20158945532079875, 0.049328160727590414, 0.27642202253341236, 0.008259153895567587, 0.015097101813939653, 0.008950929724545786, 0.011985503248451872
2021-06-25, 0.08455447758926103, 0.10480349344978175, 0.20158945532079875, 0.049328160727590414, 0.27642202253341236, 0.008259153895567587, 0.015097101813939653, 0.008950929724545786, 0.011985503248451872
2021-06-25, 0.08455447758926103, 0.10480349344978175, 0.20158945532079875, 0.049328160727590414, 0.27642202253341236, 0.008259153895567587, 0.015097101813939653, 0.008950929724545786, 0.011985503248451872
2021-06-25, 0.08455447758926103, 0.10480349344978175, 0.20158945532079875, 0.049328160727590414, 0.27642202253341236, 0.008259153895567587, 0.015097101813939653, 0.008950929724545786, 0.011985503248451872
2021-06-25, 0.08455447758926103, 0.10480349344978175, 0.20158945532079875, 0.049328160727590414, 0.27642202253341236, 0.008259153895567587, 0.015097101813939653, 0.008950929724545786, 0.011985503248451872
2021-06-25, 0.08455447758926103, 0.10480349344978175, 0.20158945532079875, 0.049328160727590414, 0.27642202253341236, 0.008259153895567587, 0.015097101813939653, 0.008950929724545786, 0.011985503248451872
2021-06-25, 0.08455447758926103, 0.10480349344978175, 0.20158945532079875, 0.049328160727590414, 0.27642202253341236, 0.008259153895567587, 0.015097101813939653, 0.008950929724545786, 0.011985503248451872
2021-06-25, 0.08455447758926103, 0.10480349344978175, 0.20158945532079875, 0.049328160727590414, 0.27642202253341236, 0.008259153895567587, 0.015097101813939653, 0.008950929724545786, 0.011985503248451872
2021-06-25, 0.08455447758926103, 0.10480349344978175, 0.20158945532079875, 0.049328160727590414, 0.27642202253341236, 0.008259153895567587, 0.015097101813939653, 0.008950929724545786, 0.011985503248451872
2021-06-25, 0.20858896119502635, 0.46113537117903947, 0.23260321767784473, 0.5456927780489683, 0.4132646079459928, 0.0027530512985225316, 0.010979710410137926, 0.0, 0.0022829529997051208
2021-06-25, 0.07713725431517147, 0.0838427947598254, 0.1705756929637528, 0.04007913059116714, 0.2846325776581675, 0.005506102597045063, 0.009607246608870683, 0.010868986094091315, 0.011985503248451872
2021-06-25, 0.21032628424045485, 0.2724890829694323, 0.20934289591006008, 0.3730442155024024, 0.7498973680609407, 0.01376525649261265, 0.015097101813939653, 0.02557408492727369, 0.02340026824697746
2021-06-25, 0.09278462196756958, 0.1676855895196508, 0.23260321767784473, 0.28671993422911896, 0.019157961957761333, 0.0027530512985225316, 0.012352174211405168, 0.009590281847727629, 0.011414764998525591
2021-05-26, 0.08754748073812352, 0.25152838427947594, 0.2868773018026746, 0.05857719086401368, 0.0684212927062902, 0.0, 0.010979710410137926, 0.010868986094091315, 0.013126979748304431
2021-05-26, 0.06161615086664482, 0.12576419213973786, 0.2636169800348903, 0.00924903013642327, 0.05747388587328352, 0.0, 0.010979710410137926, 0.012147690340455, 0.013697717998230712
2021-05-26, 0.06161615086664482, 0.12576419213973786, 0.2636169800348903, 0.00924903013642327, 0.05747388587328352, 0.0, 0.010979710410137926, 0.012147690340455, 0.013697717998230712
2021-05-26, 0.06161615086664482, 0.12576419213973786, 0.2636169800348903, 0.00924903013642327, 0.05747388587328352, 0.0, 0.010979710410137926, 0.012147690340455, 0.013697717998230712
2021-05-26, 0.06161615086664482, 0.12576419213973786, 0.2636169800348903, 0.00924903013642327, 0.05747388587328352, 0.0, 0.010979710410137926, 0.012147690340455, 0.013697717998230712
2021-05-26, 0.06161615086664482, 0.12576419213973786, 0.2636169800348903, 0.00924903013642327, 0.05747388587328352, 0.0, 0.010979710410137926, 0.012147690340455, 0.013697717998230712
2021-05-26, 0.06161615086664482, 0.12576419213973786, 0.2636169800348903, 0.00924903013642327, 0.05747388587328352, 0.0, 0.010979710410137926, 0.012147690340455, 0.013697717998230712
2021-05-26, 0.06161615086664482, 0.12576419213973786, 0.2636169800348903, 0.00924903013642327, 0.05747388587328352, 0.0, 0.010979710410137926, 0.012147690340455, 0.013697717998230712
2021-05-26, 0.06161615086664482, 0.12576419213973786, 0.2636169800348903, 0.00924903013642327, 0.05747388587328352, 0.0, 0.010979710410137926, 0.012147690340455, 0.013697717998230712
2021-05-26, 0.06161615086664482, 0.12576419213973786, 0.2636169800348903, 0.00924903013642327, 0.05747388587328352, 0.0, 0.010979710410137926, 0.012147690340455, 0.013697717998230712
2021-05-26, 0.06161615086664482, 0.12576419213973786, 0.2636169800348903, 0.00924903013642327, 0.05747388587328352, 0.0, 0.010979710410137926, 0.012147690340455, 0.013697717998230712
2021-05-26, 0.283845543363067, 0.7755458515283842, 0.3566582671060282, 0.5456927780489685, 0.5720020070245863, 0.011012205194090111, 0.006862319006336213, 0.0012787042463636858, 0.0017122147497788405
2021-05-26, 0.10605875423823838, 0.0838427947598254, 0.19383601473153708, 0.18189759268298916, 0.3448433152397026, 0.0027530512985225316, 0.009607246608870683, 0.013426394586818687, 0.018263623997640952
2021-05-26, 0.17840413983722334, 0.314410480349345, 0.1783291335530141, 0.37304421550240213, 0.49263330748528916, 0.0055061025970450555, 0.010979710410137926, 0.024934732804091846, 0.027395435996461423
2021-05-26, 0.10218691910258362, 0.10480349344978175, 0.3178910641597206, 0.11407137168255276, 0.22989554349313504, 0.0027530512985225316, 0.010979710410137926, 0.01598380307954606, 0.021117315247272343
2021-04-26, 0.06642913855612435, 0.0838427947598254, 0.22484977708858306, 0.07090923104591129, 0.11494777174656752, 0.0027530512985225165, 0.010979710410137926, 0.008311577601363957, 0.014839194498083273
2021-04-26, 0.06642913855612435, 0.0838427947598254, 0.22484977708858306, 0.07090923104591129, 0.11494777174656752, 0.0027530512985225165, 0.010979710410137926, 0.008311577601363957, 0.014839194498083273
2021-04-26, 0.06642913855612435, 0.0838427947598254, 0.22484977708858306, 0.07090923104591129, 0.11494777174656752, 0.0027530512985225165, 0.010979710410137926, 0.008311577601363957, 0.014839194498083273
2021-04-26, 0.06642913855612435, 0.0838427947598254, 0.22484977708858306, 0.07090923104591129, 0.11494777174656752, 0.0027530512985225165, 0.010979710410137926, 0.008311577601363957, 0.014839194498083273
2021-04-26, 0.06642913855612435, 0.0838427947598254, 0.22484977708858306, 0.07090923104591129, 0.11494777174656752, 0.0027530512985225165, 0.010979710410137926, 0.008311577601363957, 0.014839194498083273
2021-04-26, 0.06642913855612435, 0.0838427947598254, 0.22484977708858306, 0.07090923104591129, 0.11494777174656752, 0.0027530512985225165, 0.010979710410137926, 0.008311577601363957, 0.014839194498083273
2021-04-26, 0.06642913855612435, 0.0838427947598254, 0.22484977708858306, 0.07090923104591129, 0.11494777174656752, 0.0027530512985225165, 0.010979710410137926, 0.008311577601363957, 0.014839194498083273
2021-04-26, 0.06642913855612435, 0.0838427947598254, 0.22484977708858306, 0.07090923104591129, 0.11494777174656752, 0.0027530512985225165, 0.010979710410137926, 0.008311577601363957, 0.014839194498083273
2021-04-26, 0.06642913855612435, 0.0838427947598254, 0.22484977708858306, 0.07090923104591129, 0.11494777174656752, 0.0027530512985225165, 0.010979710410137926, 0.008311577601363957, 0.014839194498083273
2021-04-26, 0.06642913855612435, 0.0838427947598254, 0.22484977708858306, 0.07090923104591129, 0.11494777174656752, 0.0027530512985225165, 0.010979710410137926, 0.008311577601363957, 0.014839194498083273
2021-04-26, 0.06642913855612435, 0.0838427947598254, 0.22484977708858306, 0.07090923104591129, 0.11494777174656752, 0.0027530512985225165, 0.010979710410137926, 0.008311577601363957, 0.014839194498083273
2021-04-26, 0.14002986520618918, 0.1676855895196508, 0.20934289591006008, 0.3668781954114535, 0.3585275737809608, 0.005506102597045063, 0.008234782807603456, 0.0006393521231818429, 0.003424429499557681
2021-04-26, 0.07805463304731565, 0.06288209606986905, 0.20934289591006008, 0.10173933150065488, 0.20800072982712217, 0.0027530512985225165, 0.008234782807603456, 0.011508338217273172, 0.01997583874741978
2021-04-26, 0.07901466922283942, 0.2515283842794762, 0.28687730180267496, 0.04316214063664148, 0.013684258541257748, 0.0, 0.008234782807603456, 0.011508338217273172, 0.01712214749778839
2021-04-26, 0.247946991221451, 0.5240174672489083, 0.10079472766039956, 0.6227680291858285, 0.6732655202298954, 0.00825915389556758, 0.009607246608870698, 0.019180563695455274, 0.025683221246682583
2021-03-27, 0.0754302100403477, 0.31441048034934477, 0.08528784648187622, 0.11407137168255249, 0.05200018245678042, 0.0027530512985225316, 0.005489855205068971, 0.008311577601363944, 0.021117315247272343
2021-03-27, 0.0754302100403477, 0.31441048034934477, 0.08528784648187622, 0.11407137168255249, 0.05200018245678042, 0.0027530512985225316, 0.005489855205068971, 0.008311577601363944, 0.021117315247272343
2021-03-27, 0.0754302100403477, 0.31441048034934477, 0.08528784648187622, 0.11407137168255249, 0.05200018245678042, 0.0027530512985225316, 0.005489855205068971, 0.008311577601363944, 0.021117315247272343
2021-03-27, 0.0754302100403477, 0.31441048034934477, 0.08528784648187622, 0.11407137168255249, 0.05200018245678042, 0.0027530512985225316, 0.005489855205068971, 0.008311577601363944, 0.021117315247272343
2021-03-27, 0.0754302100403477, 0.31441048034934477, 0.08528784648187622, 0.11407137168255249, 0.05200018245678042, 0.0027530512985225316, 0.005489855205068971, 0.008311577601363944, 0.021117315247272343
2021-03-27, 0.0754302100403477, 0.31441048034934477, 0.08528784648187622, 0.11407137168255249, 0.05200018245678042, 0.0027530512985225316, 0.005489855205068971, 0.008311577601363944, 0.021117315247272343
2021-03-27, 0.0754302100403477, 0.31441048034934477, 0.08528784648187622, 0.11407137168255249, 0.05200018245678042, 0.0027530512985225316, 0.005489855205068971, 0.008311577601363944, 0.021117315247272343
2021-03-27, 0.0754302100403477, 0.31441048034934477, 0.08528784648187622, 0.11407137168255249, 0.05200018245678042, 0.0027530512985225316, 0.005489855205068971, 0.008311577601363944, 0.021117315247272343
2021-03-27, 0.0754302100403477, 0.31441048034934477, 0.08528784648187622, 0.11407137168255249, 0.05200018245678042, 0.0027530512985225316, 0.005489855205068971, 0.008311577601363944, 0.021117315247272343
2021-03-27, 0.0754302100403477, 0.31441048034934477, 0.08528784648187622, 0.11407137168255249, 0.05200018245678042, 0.0027530512985225316, 0.005489855205068971, 0.008311577601363944, 0.021117315247272343
2021-03-27, 0.0754302100403477, 0.31441048034934477, 0.08528784648187622, 0.11407137168255249, 0.05200018245678042, 0.0027530512985225316, 0.005489855205068971, 0.008311577601363944, 0.021117315247272343
2021-03-27, 0.22097103585469408, 0.691703056768559, 0.1395619306067065, 0.46245150682115943, 0.454317383569767, 0.005506102597045063, 0.0027449276025344853, 0.0006393521231818429, 0.01084402674859931
2021-03-27, 0.06717186848387269, 0.2934497816593884, 0.10854816824966053, 0.08632428127328295, 0.010947406833006686, 0.0027530512985225316, 0.005489855205068971, 0.007032873355000258, 0.022829529997051182
2021-03-27, 0.136320268018864, 0.23056768558951962, 0.0, 0.3083010045474398, 0.4707384938192768, 0.011012205194090111, 0.005489855205068971, 0.02621343705045553, 0.03823946274506074
2021-03-27, 0.10482597025961901, 0.5240174672489083, 0.15506881178522947, 0.11715438172802682, 0.016421110249509784, 0.0, 0.005489855205068971, 0.0044754648622729, 0.015980670997935834
2021-02-25, 0.3941326833152246, 1.194759825327511, 0.42643923240938214, 0.3391311050021837, 1.0837932764676361, 0.005506102597045048, 0.0027449276025344853, 0.044754648622728974, 0.055932348492775404
2021-02-25, 0.411567918925013, 1.1737991266375547, 0.37216514828455155, 0.542609768003494, 1.0920038315923912, 0.011012205194090111, 0.008234782807603456, 0.039639831637274234, 0.05307865724314402
2021-02-25, 0.411567918925013, 1.1737991266375547, 0.37216514828455155, 0.542609768003494, 1.0920038315923912, 0.011012205194090111, 0.008234782807603456, 0.039639831637274234, 0.05307865724314402
2021-02-25, 0.411567918925013, 1.1737991266375547, 0.37216514828455155, 0.542609768003494, 1.0920038315923912, 0.011012205194090111, 0.008234782807603456, 0.039639831637274234, 0.05307865724314402
2021-02-25, 0.411567918925013, 1.1737991266375547, 0.37216514828455155, 0.542609768003494, 1.0920038315923912, 0.011012205194090111, 0.008234782807603456, 0.039639831637274234, 0.05307865724314402
2021-02-25, 0.411567918925013, 1.1737991266375547, 0.37216514828455155, 0.542609768003494, 1.0920038315923912, 0.011012205194090111, 0.008234782807603456, 0.039639831637274234, 0.05307865724314402
2021-02-25, 0.411567918925013, 1.1737991266375547, 0.37216514828455155, 0.542609768003494, 1.0920038315923912, 0.011012205194090111, 0.008234782807603456, 0.039639831637274234, 0.05307865724314402
2021-02-25, 0.411567918925013, 1.1737991266375547, 0.37216514828455155, 0.542609768003494, 1.0920038315923912, 0.011012205194090111, 0.008234782807603456, 0.039639831637274234, 0.05307865724314402
2021-02-25, 0.411567918925013, 1.1737991266375547, 0.37216514828455155, 0.542609768003494, 1.0920038315923912, 0.011012205194090111, 0.008234782807603456, 0.039639831637274234, 0.05307865724314402
2021-02-25, 0.411567918925013, 1.1737991266375547, 0.37216514828455155, 0.542609768003494, 1.0920038315923912, 0.011012205194090111, 0.008234782807603456, 0.039639831637274234, 0.05307865724314402
2021-02-25, 0.411567918925013, 1.1737991266375547, 0.37216514828455155, 0.542609768003494, 1.0920038315923912, 0.011012205194090111, 0.008234782807603456, 0.039639831637274234, 0.05307865724314402
2021-02-25, 0.7021908488863193, 2.2637554585152833, 0.6978096530335338, 0.8724918428692546, 1.7433745381562742, 0.0027530512985225316, 0.006862319006336213, 0.012787042463636858, 0.017692885747714673
2021-02-25, 0.43049818931752176, 1.383406113537118, 0.43419267299864345, 0.4501194666392624, 1.0974775350088943, 0.0027530512985225316, 0.004117391403801728, 0.03196760615909212, 0.03995167749483958
2021-02-25, 0.08096330653055711, 0.2515283842794762, 0.062027524714091925, 0.01849806027284654, 0.13957943712083146, 0.016518307791135174, 0.004117391403801728, 0.07096808567318451, 0.08446926098908938
2021-02-25, 0.1409611354352991, 0.5240174672489083, 0.08528784648187657, 0.09249030136423216, 0.2791588742416639, 0.016518307791135174, 0.004117391403801728, 0.058181043209547645, 0.06791785174122728
2021-01-26, 0.19127963696364444, 0.62882096069869, 0.023260321767783955, 0.10482234154612949, 0.6185284860648629, 0.019271359089657707, 0.0027449276025344853, 0.06201715594863872, 0.07077154299085867
2021-01-26, 0.45939394866567806, 1.2786026200873364, 0.3023841829811983, 0.6381830794132005, 1.3410573370432881, 0.013765256492612642, 0.008234782807603456, 0.04155788800681976, 0.051366442493365166
2021-01-26, 0.45939394866567806, 1.2786026200873364, 0.3023841829811983, 0.6381830794132005, 1.3410573370432881, 0.013765256492612642, 0.008234782807603456, 0.04155788800681976, 0.051366442493365166
2021-01-26, 0.45939394866567806, 1.2786026200873364, 0.3023841829811983, 0.6381830794132005, 1.3410573370432881, 0.013765256492612642, 0.008234782807603456, 0.04155788800681976, 0.051366442493365166
2021-01-26, 0.45939394866567806, 1.2786026200873364, 0.3023841829811983, 0.6381830794132005, 1.3410573370432881, 0.013765256492612642, 0.008234782807603456, 0.04155788800681976, 0.051366442493365166
2021-01-26, 0.45939394866567806, 1.2786026200873364, 0.3023841829811983, 0.6381830794132005, 1.3410573370432881, 0.013765256492612642, 0.008234782807603456, 0.04155788800681976, 0.051366442493365166
2021-01-26, 0.45939394866567806, 1.2786026200873364, 0.3023841829811983, 0.6381830794132005, 1.3410573370432881, 0.013765256492612642, 0.008234782807603456, 0.04155788800681976, 0.051366442493365166
2021-01-26, 0.45939394866567806, 1.2786026200873364, 0.3023841829811983, 0.6381830794132005, 1.3410573370432881, 0.013765256492612642, 0.008234782807603456, 0.04155788800681976, 0.051366442493365166
2021-01-26, 0.45939394866567806, 1.2786026200873364, 0.3023841829811983, 0.6381830794132005, 1.3410573370432881, 0.013765256492612642, 0.008234782807603456, 0.04155788800681976, 0.051366442493365166
2021-01-26, 0.45939394866567806, 1.2786026200873364, 0.3023841829811983, 0.6381830794132005, 1.3410573370432881, 0.013765256492612642, 0.008234782807603456, 0.04155788800681976, 0.051366442493365166
2021-01-26, 0.45939394866567806, 1.2786026200873364, 0.3023841829811983, 0.6381830794132005, 1.3410573370432881, 0.013765256492612642, 0.008234782807603456, 0.04155788800681976, 0.051366442493365166
2021-01-26, 0.15469645275918734, 0.5030567685589519, 0.031013762357045963, 0.009249030136422996, 0.5336860831090634, 0.019271359089657707, 0.006862319006336213, 0.061377803825456864, 0.07305449599056378
2021-01-26, 0.15518444443576565, 0.46113537117903924, 0.031013762357045963, 0.1541505022737199, 0.44336997673676076, 0.016518307791135174, 0.005489855205068971, 0.060738451702275036, 0.06905932824107984
2021-01-26, 0.181444588136592, 0.4192139737991265, 0.10079472766039921, 0.14490147213729634, 0.6212653377731149, 0.019271359089657707, 0.005489855205068971, 0.06585326868772978, 0.07476671074034263
2021-01-26, 0.19648950921349978, 0.48209606986899556, 0.11630160883892185, 0.18189759268298944, 0.6212653377731149, 0.019271359089657707, 0.004117391403801728, 0.0664926208109116, 0.08047409323960544
2020-12-27, 0.1751801637143033, 0.6497816593886464, 0.015506881178523325, 0.13565244200087337, 0.45705423527801803, 0.01376525649261265, 0.010979710410137926, 0.05306622622409292, 0.06563489874152216
2020-12-27, 0.3930970459075457, 1.3414847161572054, 0.37216514828455155, 0.37304421550240185, 0.966108653012818, 0.0027530512985225316, 0.009607246608870698, 0.03452501465181949, 0.045088321744176096
2020-12-27, 0.3930970459075457, 1.3414847161572054, 0.37216514828455155, 0.37304421550240185, 0.966108653012818, 0.0027530512985225316, 0.009607246608870698, 0.03452501465181949, 0.045088321744176096
2020-12-27, 0.3930970459075457, 1.3414847161572054, 0.37216514828455155, 0.37304421550240185, 0.966108653012818, 0.0027530512985225316, 0.009607246608870698, 0.03452501465181949, 0.045088321744176096
2020-12-27, 0.3930970459075457, 1.3414847161572054, 0.37216514828455155, 0.37304421550240185, 0.966108653012818, 0.0027530512985225316, 0.009607246608870698, 0.03452501465181949, 0.045088321744176096
2020-12-27, 0.3930970459075457, 1.3414847161572054, 0.37216514828455155, 0.37304421550240185, 0.966108653012818, 0.0027530512985225316, 0.009607246608870698, 0.03452501465181949, 0.045088321744176096
2020-12-27, 0.3930970459075457, 1.3414847161572054, 0.37216514828455155, 0.37304421550240185, 0.966108653012818, 0.0027530512985225316, 0.009607246608870698, 0.03452501465181949, 0.045088321744176096
2020-12-27, 0.3930970459075457, 1.3414847161572054, 0.37216514828455155, 0.37304421550240185, 0.966108653012818, 0.0027530512985225316, 0.009607246608870698, 0.03452501465181949, 0.045088321744176096
2020-12-27, 0.3930970459075457, 1.3414847161572054, 0.37216514828455155, 0.37304421550240185, 0.966108653012818, 0.0027530512985225316, 0.009607246608870698, 0.03452501465181949, 0.045088321744176096
2020-12-27, 0.3930970459075457, 1.3414847161572054, 0.37216514828455155, 0.37304421550240185, 0.966108653012818, 0.0027530512985225316, 0.009607246608870698, 0.03452501465181949, 0.045088321744176096
2020-12-27, 0.3930970459075457, 1.3414847161572054, 0.37216514828455155, 0.37304421550240185, 0.966108653012818, 0.0027530512985225316, 0.009607246608870698, 0.03452501465181949, 0.045088321744176096
2020-12-27, 0.16712651561150627, 0.48209606986899556, 0.015506881178522638, 0.07090923104591129, 0.6157916343566118, 0.01376525649261265, 0.006862319006336213, 0.06073845170227502, 0.07134228124078495
2020-12-27, 0.12664435895798729, 0.6497816593886464, 0.007753440589262007, 0.049328160727590414, 0.1642111024950959, 0.011012205194090127, 0.008234782807603456, 0.054344930470456604, 0.06848858999115356
2020-12-27, 0.6296220046491169, 2.431441048034934, 0.6512890094979652, 0.6782622100043674, 1.2480043789627329, 0.0027530512985225165, 0.010979710410137926, 0.005114816985454743, 0.009131811998820471
2020-12-27, 0.22551726982242407, 0.8174672489082971, 0.17832913355301447, 0.05857719086401341, 0.626739041189618, 0.008259153895567594, 0.008234782807603456, 0.04603335286909266, 0.06049825449218565
2020-11-27, 0.1312503892586379, 0.4401746724890829, 0.054274084124830604, 0.14798448218277124, 0.2682114674086577, 0.019271359089657714, 0.00823478280760344, 0.05306622622409292, 0.058786039742406794
2020-11-27, 0.3281214589148152, 1.0270742358078602, 0.255863539445629, 0.32988207486576065, 0.9004242120147798, 0.01376525649261265, 0.00823478280760344, 0.03836112739091055, 0.051366442493365166
2020-11-27, 0.3281214589148152, 1.0270742358078602, 0.255863539445629, 0.32988207486576065, 0.9004242120147798, 0.01376525649261265, 0.00823478280760344, 0.03836112739091055, 0.051366442493365166
2020-11-27, 0.3281214589148152, 1.0270742358078602, 0.255863539445629, 0.32988207486576065, 0.9004242120147798, 0.01376525649261265, 0.00823478280760344, 0.03836112739091055, 0.051366442493365166
2020-11-27, 0.3281214589148152, 1.0270742358078602, 0.255863539445629, 0.32988207486576065, 0.9004242120147798, 0.01376525649261265, 0.00823478280760344, 0.03836112739091055, 0.051366442493365166
2020-11-27, 0.3281214589148152, 1.0270742358078602, 0.255863539445629, 0.32988207486576065, 0.9004242120147798, 0.01376525649261265, 0.00823478280760344, 0.03836112739091055, 0.051366442493365166
2020-11-27, 0.3281214589148152, 1.0270742358078602, 0.255863539445629, 0.32988207486576065, 0.9004242120147798, 0.01376525649261265, 0.00823478280760344, 0.03836112739091055, 0.051366442493365166
2020-11-27, 0.3281214589148152, 1.0270742358078602, 0.255863539445629, 0.32988207486576065, 0.9004242120147798, 0.01376525649261265, 0.00823478280760344, 0.03836112739091055, 0.051366442493365166
2020-11-27, 0.3281214589148152, 1.0270742358078602, 0.255863539445629, 0.32988207486576065, 0.9004242120147798, 0.01376525649261265, 0.00823478280760344, 0.03836112739091055, 0.051366442493365166
2020-11-27, 0.3281214589148152, 1.0270742358078602, 0.255863539445629, 0.32988207486576065, 0.9004242120147798, 0.01376525649261265, 0.00823478280760344, 0.03836112739091055, 0.051366442493365166
2020-11-27, 0.3281214589148152, 1.0270742358078602, 0.255863539445629, 0.32988207486576065, 0.9004242120147798, 0.01376525649261265, 0.00823478280760344, 0.03836112739091055, 0.051366442493365166
2020-11-27, 0.18463227596792112, 0.5240174672489083, 0.06978096530335393, 0.3144670246383885, 0.4269488664872515, 0.019271359089657714, 0.0068623190063361985, 0.051787521977729234, 0.06392268399174333
2020-11-27, 0.13333215506550627, 0.4192139737991265, 0.05427408412482992, 0.009249030136423544, 0.44336997673676076, 0.019271359089657714, 0.010979710410137926, 0.049230113485001864, 0.061068992742111916
2020-11-27, 0.15118310133357796, 0.4401746724890829, 0.10854816824966121, 0.12332040181897604, 0.39136979427998086, 0.01651830779113518, 0.005489855205068956, 0.054984282593638446, 0.06905932824107984
2020-11-27, 0.10825181849143382, 0.35633187772925745, 0.015506881178523325, 0.009249030136422996, 0.34758016694795507, 0.019271359089657714, 0.0068623190063361985, 0.052426874100911076, 0.058786039742406794
2020-10-28, 0.1395076179630993, 0.5659388646288209, 0.031013762357045963, 0.07090923104591129, 0.29831683619942523, 0.02477746168670276, 0.005489855205068956, 0.05626298684000213, 0.06335194574181703
2020-10-28, 0.2832473064766578, 1.1528384279475983, 0.21709633649932172, 0.17573157259204078, 0.6048442275236057, 0.019271359089657707, 0.004117391403801713, 0.03900047951409239, 0.05307865724314402
2020-10-28, 0.2832473064766578, 1.1528384279475983, 0.21709633649932172, 0.17573157259204078, 0.6048442275236057, 0.019271359089657707, 0.004117391403801713, 0.03900047951409239, 0.05307865724314402
2020-10-28, 0.2832473064766578, 1.1528384279475983, 0.21709633649932172, 0.17573157259204078, 0.6048442275236057, 0.019271359089657707, 0.004117391403801713, 0.03900047951409239, 0.05307865724314402
2020-10-28, 0.2832473064766578, 1.1528384279475983, 0.21709633649932172, 0.17573157259204078, 0.6048442275236057, 0.019271359089657707, 0.004117391403801713, 0.03900047951409239, 0.05307865724314402
2020-10-28, 0.2832473064766578, 1.1528384279475983, 0.21709633649932172, 0.17573157259204078, 0.6048442275236057, 0.019271359089657707, 0.004117391403801713, 0.03900047951409239, 0.05307865724314402
2020-10-28, 0.2832473064766578, 1.1528384279475983, 0.21709633649932172, 0.17573157259204078, 0.6048442275236057, 0.019271359089657707, 0.004117391403801713, 0.03900047951409239, 0.05307865724314402
2020-10-28, 0.2832473064766578, 1.1528384279475983, 0.21709633649932172, 0.17573157259204078, 0.6048442275236057, 0.019271359089657707, 0.004117391403801713, 0.03900047951409239, 0.05307865724314402
2020-10-28, 0.2832473064766578, 1.1528384279475983, 0.21709633649932172, 0.17573157259204078, 0.6048442275236057, 0.019271359089657707, 0.004117391403801713, 0.03900047951409239, 0.05307865724314402
2020-10-28, 0.2832473064766578, 1.1528384279475983, 0.21709633649932172, 0.17573157259204078, 0.6048442275236057, 0.019271359089657707, 0.004117391403801713, 0.03900047951409239, 0.05307865724314402
2020-10-28, 0.2832473064766578, 1.1528384279475983, 0.21709633649932172, 0.17573157259204078, 0.6048442275236057, 0.019271359089657707, 0.004117391403801713, 0.03900047951409239, 0.05307865724314402
2020-10-28, 0.16498914200466983, 0.5449781659388646, 0.13180849001744516, 0.10173933150065516, 0.3886329425717288, 0.027530512985225294, 0.00823478280760344, 0.05306622622409292, 0.06392268399174333
2020-10-28, 0.15034121637477763, 0.5030567685589519, 0.06978096530335325, 0.08015826118233428, 0.399580349404735, 0.02477746168670276, 0.004117391403801713, 0.055623634716820275, 0.06563489874152216
2020-10-28, 0.1563768720644043, 0.62882096069869, 0.12405504942818316, 0.13256943195539903, 0.1997901747023675, 0.02202441038818023, 0.004117391403801713, 0.06201715594863871, 0.07762040198997402
2020-10-28, 0.13756561584063587, 0.46113537117903924, 0.03876720294630728, 0.04624515068211608, 0.4023172011129861, 0.02202441038818023, 0.005489855205068956, 0.054344930470456604, 0.0702008047409324
2020-09-28, 0.16165654991361267, 0.5868995633187774, 0.054274084124830604, 0.07707525113685995, 0.4269488664872505, 0.02477746168670276, 0.005489855205068971, 0.049869465608183706, 0.06791785174122728
2020-09-28, 0.3895329858316965, 1.4882096069868993, 0.2946307423919363, 0.28671993422911896, 0.9442138393468046, 0.02202441038818023, 0.004117391403801728, 0.030688901912728446, 0.045659059994102365
2020-09-28, 0.3895329858316965, 1.4882096069868993, 0.2946307423919363, 0.28671993422911896, 0.9442138393468046, 0.02202441038818023, 0.004117391403801728, 0.030688901912728446, 0.045659059994102365
2020-09-28, 0.3895329858316965, 1.4882096069868993, 0.2946307423919363, 0.28671993422911896, 0.9442138393468046, 0.02202441038818023, 0.004117391403801728, 0.030688901912728446, 0.045659059994102365
2020-09-28, 0.3895329858316965, 1.4882096069868993, 0.2946307423919363, 0.28671993422911896, 0.9442138393468046, 0.02202441038818023, 0.004117391403801728, 0.030688901912728446, 0.045659059994102365
2020-09-28, 0.3895329858316965, 1.4882096069868993, 0.2946307423919363, 0.28671993422911896, 0.9442138393468046, 0.02202441038818023, 0.004117391403801728, 0.030688901912728446, 0.045659059994102365
2020-09-28, 0.3895329858316965, 1.4882096069868993, 0.2946307423919363, 0.28671993422911896, 0.9442138393468046, 0.02202441038818023, 0.004117391403801728, 0.030688901912728446, 0.045659059994102365
2020-09-28, 0.3895329858316965, 1.4882096069868993, 0.2946307423919363, 0.28671993422911896, 0.9442138393468046, 0.02202441038818023, 0.004117391403801728, 0.030688901912728446, 0.045659059994102365
2020-09-28, 0.3895329858316965, 1.4882096069868993, 0.2946307423919363, 0.28671993422911896, 0.9442138393468046, 0.02202441038818023, 0.004117391403801728, 0.030688901912728446, 0.045659059994102365
2020-09-28, 0.3895329858316965, 1.4882096069868993, 0.2946307423919363, 0.28671993422911896, 0.9442138393468046, 0.02202441038818023, 0.004117391403801728, 0.030688901912728446, 0.045659059994102365
2020-09-28, 0.3895329858316965, 1.4882096069868993, 0.2946307423919363, 0.28671993422911896, 0.9442138393468046, 0.02202441038818023, 0.004117391403801728, 0.030688901912728446, 0.045659059994102365
2020-09-28, 0.16068580756293874, 0.6707423580786027, 0.03876720294630728, 0.314467024638389, 0.09305295808055464, 0.027530512985225294, 0.005489855205068971, 0.06009909957909319, 0.07533744899026891
2020-09-28, 0.6325069902144337, 2.242794759825327, 0.5737546036053499, 0.7306733807774326, 1.4669525156228618, 0.011012205194090111, 0.0027449276025344853, 0.012147690340455016, 0.01997583874741978
2020-09-28, 0.165157339170449, 0.6707423580786027, 0.031013762357045963, 0.03699612054569253, 0.4269488664872505, 0.027530512985225294, 0.005489855205068971, 0.05690233896318396, 0.06563489874152216
2020-09-28, 0.23784274416082554, 1.0061135371179037, 0.04652064353556929, 0.13565244200087337, 0.5774757104410891, 0.02477746168670276, 0.004117391403801728, 0.049869465608183706, 0.058215301492480526
2020-08-29, 0.17356932326654118, 0.6917030567685588, 0.007753440589261319, 0.07707525113685995, 0.45705423527801803, 0.02477746168670276, 0.0027449276025344853, 0.06009909957909318, 0.06734711349130101
2020-08-29, 0.4006217236474041, 1.3624454148471616, 0.21709633649932172, 0.5117796675487502, 1.0016877252200886, 0.02202441038818023, 0.004117391403801728, 0.033885662528637644, 0.051937180743291456
2020-08-29, 0.4006217236474041, 1.3624454148471616, 0.21709633649932172, 0.5117796675487502, 1.0016877252200886, 0.02202441038818023, 0.004117391403801728, 0.033885662528637644, 0.051937180743291456
2020-08-29, 0.4006217236474041, 1.3624454148471616, 0.21709633649932172, 0.5117796675487502, 1.0016877252200886, 0.02202441038818023, 0.004117391403801728, 0.033885662528637644, 0.051937180743291456
2020-08-29, 0.4006217236474041, 1.3624454148471616, 0.21709633649932172, 0.5117796675487502, 1.0016877252200886, 0.02202441038818023, 0.004117391403801728, 0.033885662528637644, 0.051937180743291456
2020-08-29, 0.4006217236474041, 1.3624454148471616, 0.21709633649932172, 0.5117796675487502, 1.0016877252200886, 0.02202441038818023, 0.004117391403801728, 0.033885662528637644, 0.051937180743291456
2020-08-29, 0.4006217236474041, 1.3624454148471616, 0.21709633649932172, 0.5117796675487502, 1.0016877252200886, 0.02202441038818023, 0.004117391403801728, 0.033885662528637644, 0.051937180743291456
2020-08-29, 0.4006217236474041, 1.3624454148471616, 0.21709633649932172, 0.5117796675487502, 1.0016877252200886, 0.02202441038818023, 0.004117391403801728, 0.033885662528637644, 0.051937180743291456
2020-08-29, 0.4006217236474041, 1.3624454148471616, 0.21709633649932172, 0.5117796675487502, 1.0016877252200886, 0.02202441038818023, 0.004117391403801728, 0.033885662528637644, 0.051937180743291456
2020-08-29, 0.4006217236474041, 1.3624454148471616, 0.21709633649932172, 0.5117796675487502, 1.0016877252200886, 0.02202441038818023, 0.004117391403801728, 0.033885662528637644, 0.051937180743291456
2020-08-29, 0.4006217236474041, 1.3624454148471616, 0.21709633649932172, 0.5117796675487502, 1.0016877252200886, 0.02202441038818023, 0.004117391403801728, 0.033885662528637644, 0.051937180743291456
2020-08-29, 0.14371917323226957, 0.6917030567685588, 0.015506881178522638, 0.16031652236466856, 0.12863203028782527, 0.019271359089657707, 0.00274492760253447, 0.061377803825456864, 0.0702008047409324
2020-08-29, 0.19577559164676225, 0.7965065502183406, 0.07753440589261457, 0.09865632145518083, 0.46252793869452113, 0.02202441038818023, 0.0013724638012672426, 0.05050881773136555, 0.05707382499262797
2020-08-29, 0.16944193773072874, 0.7336244541484715, 0.10079472766039921, 0.04316214063664175, 0.3366327601149479, 0.02202441038818023, 0.0013724638012672426, 0.05114816985454739, 0.06677637524137471
2020-08-29, 0.16355487274953515, 0.7965065502183406, 0.023260321767784645, 0.006166020090948665, 0.32021164986543765, 0.02477746168670276, 0.0013724638012672426, 0.061377803825456864, 0.07476671074034263
2020-07-30, 0.15975227840759237, 0.5240174672489083, 0.07753440589261457, 0.18806361277393865, 0.32842220499019276, 0.013765256492612642, 0.0013724638012672426, 0.06265650807182055, 0.08218630798938428
2020-07-30, 0.2475658578966887, 1.1528384279475983, 0.2015894553207991, 0.07707525113685995, 0.454317383569767, 0.008259153895567587, 0.004117391403801728, 0.0332463104054558, 0.049083489493660044
2020-07-30, 0.2475658578966887, 1.1528384279475983, 0.2015894553207991, 0.07707525113685995, 0.454317383569767, 0.008259153895567587, 0.004117391403801728, 0.0332463104054558, 0.049083489493660044
2020-07-30, 0.2475658578966887, 1.1528384279475983, 0.2015894553207991, 0.07707525113685995, 0.454317383569767, 0.008259153895567587, 0.004117391403801728, 0.0332463104054558, 0.049083489493660044
2020-07-30, 0.2475658578966887, 1.1528384279475983, 0.2015894553207991, 0.07707525113685995, 0.454317383569767, 0.008259153895567587, 0.004117391403801728, 0.0332463104054558, 0.049083489493660044
2020-07-30, 0.2475658578966887, 1.1528384279475983, 0.2015894553207991, 0.07707525113685995, 0.454317383569767, 0.008259153895567587, 0.004117391403801728, 0.0332463104054558, 0.049083489493660044
2020-07-30, 0.2475658578966887, 1.1528384279475983, 0.2015894553207991, 0.07707525113685995, 0.454317383569767, 0.008259153895567587, 0.004117391403801728, 0.0332463104054558, 0.049083489493660044
2020-07-30, 0.2475658578966887, 1.1528384279475983, 0.2015894553207991, 0.07707525113685995, 0.454317383569767, 0.008259153895567587, 0.004117391403801728, 0.0332463104054558, 0.049083489493660044
2020-07-30, 0.2475658578966887, 1.1528384279475983, 0.2015894553207991, 0.07707525113685995, 0.454317383569767, 0.008259153895567587, 0.004117391403801728, 0.0332463104054558, 0.049083489493660044
2020-07-30, 0.2475658578966887, 1.1528384279475983, 0.2015894553207991, 0.07707525113685995, 0.454317383569767, 0.008259153895567587, 0.004117391403801728, 0.0332463104054558, 0.049083489493660044
2020-07-30, 0.2475658578966887, 1.1528384279475983, 0.2015894553207991, 0.07707525113685995, 0.454317383569767, 0.008259153895567587, 0.004117391403801728, 0.0332463104054558, 0.049083489493660044
2020-07-30, 0.1656751683030723, 0.6497816593886458, 0.09304128707113789, 0.16648254245561722, 0.2654746157004057, 0.013765256492612642, 0.0027449276025344853, 0.05306622622409292, 0.08104483148953172
2020-07-30, 0.26502667723948575, 0.8593886462882094, 0.1473153711959685, 0.33604809495670934, 0.6185284860648629, 0.013765256492612642, 0.0027449276025344853, 0.061377803825456864, 0.08104483148953172
2020-07-30, 0.13050320798535486, 0.6497816593886458, 0.007753440589261319, 0.10790535159160382, 0.12863203028782527, 0.016518307791135174, 0.004117391403801728, 0.05626298684000212, 0.0730544959905638
2020-07-30, 0.13896080052984633, 0.35633187772925745, 0.20158945532079842, 0.021581070318320874, 0.35852757378096034, 0.013765256492612642, 0.0013724638012672426, 0.06777132505727529, 0.09074738173827847
2020-06-30, 0.13065970749735262, 0.35633187772925795, 0.12405504942818316, 0.12948642190992468, 0.2736851708251608, 0.019271359089657707, 0.0013724638012672426, 0.05945974745591133, 0.081615569739458
2020-06-30, 0.3222398376838574, 1.1528384279475983, 0.18608257414227578, 0.4470364565937875, 0.6896866304794051, 0.011012205194090118, 0.0027449276025344853, 0.037721775267728706, 0.050795704243438884
2020-06-30, 0.3222398376838574, 1.1528384279475983, 0.18608257414227578, 0.4470364565937875, 0.6896866304794051, 0.011012205194090118, 0.0027449276025344853, 0.037721775267728706, 0.050795704243438884
2020-06-30, 0.3222398376838574, 1.1528384279475983, 0.18608257414227578, 0.4470364565937875, 0.6896866304794051, 0.011012205194090118, 0.0027449276025344853, 0.037721775267728706, 0.050795704243438884
2020-06-30, 0.3222398376838574, 1.1528384279475983, 0.18608257414227578, 0.4470364565937875, 0.6896866304794051, 0.011012205194090118, 0.0027449276025344853, 0.037721775267728706, 0.050795704243438884
2020-06-30, 0.3222398376838574, 1.1528384279475983, 0.18608257414227578, 0.4470364565937875, 0.6896866304794051, 0.011012205194090118, 0.0027449276025344853, 0.037721775267728706, 0.050795704243438884
2020-06-30, 0.3222398376838574, 1.1528384279475983, 0.18608257414227578, 0.4470364565937875, 0.6896866304794051, 0.011012205194090118, 0.0027449276025344853, 0.037721775267728706, 0.050795704243438884
2020-06-30, 0.3222398376838574, 1.1528384279475983, 0.18608257414227578, 0.4470364565937875, 0.6896866304794051, 0.011012205194090118, 0.0027449276025344853, 0.037721775267728706, 0.050795704243438884
2020-06-30, 0.3222398376838574, 1.1528384279475983, 0.18608257414227578, 0.4470364565937875, 0.6896866304794051, 0.011012205194090118, 0.0027449276025344853, 0.037721775267728706, 0.050795704243438884
2020-06-30, 0.3222398376838574, 1.1528384279475983, 0.18608257414227578, 0.4470364565937875, 0.6896866304794051, 0.011012205194090118, 0.0027449276025344853, 0.037721775267728706, 0.050795704243438884
2020-06-30, 0.3222398376838574, 1.1528384279475983, 0.18608257414227578, 0.4470364565937875, 0.6896866304794051, 0.011012205194090118, 0.0027449276025344853, 0.037721775267728706, 0.050795704243438884
2020-06-30, 0.18768056959086693, 0.3353711790393016, 0.248110098856367, 0.27130488400174674, 0.49263330748528966, 0.019271359089657707, 0.0013724638012672426, 0.05690233896318396, 0.07647892549012147
2020-06-30, 0.1458570607727866, 0.5240174672489083, 0.04652064353556929, 0.14181846209182258, 0.3010536879076763, 0.01651830779113518, 0.004117391403801728, 0.05690233896318396, 0.07590818724019519
2020-06-30, 0.14169181009621432, 0.35633187772925795, 0.062027524714091925, 0.24972381368342583, 0.30379053961592833, 0.01651830779113518, 0.0013724638012672426, 0.06329586019500238, 0.08047409323960543
2020-06-30, 0.1343000503120643, 0.37729257641921427, 0.0465206435355686, 0.0955733114097065, 0.39136979427997987, 0.01651830779113518, 0.0, 0.06265650807182055, 0.08446926098908937
2020-05-31, 0.1430984094211126, 0.35633187772925745, 0.09304128707113789, 0.13565244200087337, 0.3886329425717288, 0.019271359089657707, 0.0027449276025344853, 0.06521391656454792, 0.08389852273916311
2020-05-31, 0.3372485116606845, 1.0480349344978166, 0.23260321767784436, 0.3452971250931329, 0.9606349495963149, 0.01376525649261265, 0.0013724638012672426, 0.040918535883637905, 0.05536161024284913
2020-05-31, 0.3372485116606845, 1.0480349344978166, 0.23260321767784436, 0.3452971250931329, 0.9606349495963149, 0.01376525649261265, 0.0013724638012672426, 0.040918535883637905, 0.05536161024284913
2020-05-31, 0.3372485116606845, 1.0480349344978166, 0.23260321767784436, 0.3452971250931329, 0.9606349495963149, 0.01376525649261265, 0.0013724638012672426, 0.040918535883637905, 0.05536161024284913
2020-05-31, 0.3372485116606845, 1.0480349344978166, 0.23260321767784436, 0.3452971250931329, 0.9606349495963149, 0.01376525649261265, 0.0013724638012672426, 0.040918535883637905, 0.05536161024284913
2020-05-31, 0.3372485116606845, 1.0480349344978166, 0.23260321767784436, 0.3452971250931329, 0.9606349495963149, 0.01376525649261265, 0.0013724638012672426, 0.040918535883637905, 0.05536161024284913
2020-05-31, 0.3372485116606845, 1.0480349344978166, 0.23260321767784436, 0.3452971250931329, 0.9606349495963149, 0.01376525649261265, 0.0013724638012672426, 0.040918535883637905, 0.05536161024284913
2020-05-31, 0.3372485116606845, 1.0480349344978166, 0.23260321767784436, 0.3452971250931329, 0.9606349495963149, 0.01376525649261265, 0.0013724638012672426, 0.040918535883637905, 0.05536161024284913
2020-05-31, 0.3372485116606845, 1.0480349344978166, 0.23260321767784436, 0.3452971250931329, 0.9606349495963149, 0.01376525649261265, 0.0013724638012672426, 0.040918535883637905, 0.05536161024284913
2020-05-31, 0.3372485116606845, 1.0480349344978166, 0.23260321767784436, 0.3452971250931329, 0.9606349495963149, 0.01376525649261265, 0.0013724638012672426, 0.040918535883637905, 0.05536161024284913
2020-05-31, 0.3372485116606845, 1.0480349344978166, 0.23260321767784436, 0.3452971250931329, 0.9606349495963149, 0.01376525649261265, 0.0013724638012672426, 0.040918535883637905, 0.05536161024284913
2020-05-31, 0.11307142447811593, 0.46113537117903924, 0.08528784648187657, 0.0955733114097065, 0.09031610637230357, 0.016518307791135174, 0.004117391403801728, 0.06201715594863871, 0.08960590523842592
2020-05-31, 0.2007325520960971, 0.35633187772925745, 0.1395619306067065, 0.2959689643655425, 0.6568444099803865, 0.019271359089657707, 0.0013724638012672426, 0.05945974745591133, 0.07704966374004775
2020-05-31, 0.15029223085807905, 0.5030567685589519, 0.07753440589261457, 0.04007913059116742, 0.41873831136249634, 0.019271359089657707, 0.0013724638012672426, 0.06009909957909318, 0.08218630798938428
2020-05-31, 0.15476929364700343, 0.5449781659388646, 0.03876720294630728, 0.09865632145518083, 0.41052775623774124, 0.016518307791135174, 0.0027449276025344853, 0.05690233896318396, 0.06905932824107985
2020-05-01, 0.15959245192836685, 0.0419213973799127, 0.07753440589261525, 0.16031652236466856, 0.8429503261414958, 0.016518307791135174, 0.00411739140380172, 0.05690233896318396, 0.07647892549012147
2020-05-01, 0.23210416026638978, 0.6497816593886458, 0.20158945532079842, 0.2743878940472216, 0.6130547826483608, 0.008259153895567587, 0.005489855205068963, 0.040918535883637905, 0.06335194574181703
2020-05-01, 0.23210416026638978, 0.6497816593886458, 0.20158945532079842, 0.2743878940472216, 0.6130547826483608, 0.008259153895567587, 0.005489855205068963, 0.040918535883637905, 0.06335194574181703
2020-05-01, 0.23210416026638978, 0.6497816593886458, 0.20158945532079842, 0.2743878940472216, 0.6130547826483608, 0.008259153895567587, 0.005489855205068963, 0.040918535883637905, 0.06335194574181703
2020-05-01, 0.23210416026638978, 0.6497816593886458, 0.20158945532079842, 0.2743878940472216, 0.6130547826483608, 0.008259153895567587, 0.005489855205068963, 0.040918535883637905, 0.06335194574181703
2020-05-01, 0.23210416026638978, 0.6497816593886458, 0.20158945532079842, 0.2743878940472216, 0.6130547826483608, 0.008259153895567587, 0.005489855205068963, 0.040918535883637905, 0.06335194574181703
2020-05-01, 0.23210416026638978, 0.6497816593886458, 0.20158945532079842, 0.2743878940472216, 0.6130547826483608, 0.008259153895567587, 0.005489855205068963, 0.040918535883637905, 0.06335194574181703
2020-05-01, 0.23210416026638978, 0.6497816593886458, 0.20158945532079842, 0.2743878940472216, 0.6130547826483608, 0.008259153895567587, 0.005489855205068963, 0.040918535883637905, 0.06335194574181703
2020-05-01, 0.23210416026638978, 0.6497816593886458, 0.20158945532079842, 0.2743878940472216, 0.6130547826483608, 0.008259153895567587, 0.005489855205068963, 0.040918535883637905, 0.06335194574181703
2020-05-01, 0.23210416026638978, 0.6497816593886458, 0.20158945532079842, 0.2743878940472216, 0.6130547826483608, 0.008259153895567587, 0.005489855205068963, 0.040918535883637905, 0.06335194574181703
2020-05-01, 0.23210416026638978, 0.6497816593886458, 0.20158945532079842, 0.2743878940472216, 0.6130547826483608, 0.008259153895567587, 0.005489855205068963, 0.040918535883637905, 0.06335194574181703
2020-05-01, 0.08422391228242049, 0.08384279475982494, 0.06978096530335325, 0.08324127122780861, 0.27642202253341286, 0.016518307791135174, 0.005489855205068963, 0.06201715594863871, 0.07647892549012147
2020-05-01, 0.06240255589242108, 0.04192139737991223, 0.054274084124830604, 0.1788145826375151, 0.0793686995392964, 0.016518307791135174, 0.005489855205068963, 0.054344930470456604, 0.06848858999115356
2020-05-01, 0.08211696286163556, 0.02096069868995635, 0.054274084124830604, 0.05857719086401341, 0.3694749806139675, 0.016518307791135174, 0.002744927602534478, 0.05562363471682029, 0.07876187848982659
2020-05-01, 0.18090457801020624, 0.10480349344978128, 0.04652064353556929, 0.33604809495670934, 0.8128449573507283, 0.01376525649261265, 0.005489855205068963, 0.052426874100911076, 0.07533744899026891
2020-04-01, 0.16090900825715138, 0.46113537117903924, 0.4341926729986431, 0.0955733114097065, 0.14778999224558662, 0.016518307791135174, 0.0027449276025344853, 0.05626298684000212, 0.0730544959905638
2020-04-01, 0.4342972576376086, 1.0270742358078602, 0.8683853459972862, 0.45936849677568536, 0.9907403183870814, 0.011012205194090118, 0.005489855205068963, 0.04667270499227449, 0.06563489874152217
2020-04-01, 0.4342972576376086, 1.0270742358078602, 0.8683853459972862, 0.45936849677568536, 0.9907403183870814, 0.011012205194090118, 0.005489855205068963, 0.04667270499227449, 0.06563489874152217
2020-04-01, 0.4342972576376086, 1.0270742358078602, 0.8683853459972862, 0.45936849677568536, 0.9907403183870814, 0.011012205194090118, 0.005489855205068963, 0.04667270499227449, 0.06563489874152217
2020-04-01, 0.4342972576376086, 1.0270742358078602, 0.8683853459972862, 0.45936849677568536, 0.9907403183870814, 0.011012205194090118, 0.005489855205068963, 0.04667270499227449, 0.06563489874152217
2020-04-01, 0.4342972576376086, 1.0270742358078602, 0.8683853459972862, 0.45936849677568536, 0.9907403183870814, 0.011012205194090118, 0.005489855205068963, 0.04667270499227449, 0.06563489874152217
2020-04-01, 0.4342972576376086, 1.0270742358078602, 0.8683853459972862, 0.45936849677568536, 0.9907403183870814, 0.011012205194090118, 0.005489855205068963, 0.04667270499227449, 0.06563489874152217
2020-04-01, 0.4342972576376086, 1.0270742358078602, 0.8683853459972862, 0.45936849677568536, 0.9907403183870814, 0.011012205194090118, 0.005489855205068963, 0.04667270499227449, 0.06563489874152217
2020-04-01, 0.4342972576376086, 1.0270742358078602, 0.8683853459972862, 0.45936849677568536, 0.9907403183870814, 0.011012205194090118, 0.005489855205068963, 0.04667270499227449, 0.06563489874152217
2020-04-01, 0.4342972576376086, 1.0270742358078602, 0.8683853459972862, 0.45936849677568536, 0.9907403183870814, 0.011012205194090118, 0.005489855205068963, 0.04667270499227449, 0.06563489874152217
2020-04-01, 0.4342972576376086, 1.0270742358078602, 0.8683853459972862, 0.45936849677568536, 0.9907403183870814, 0.011012205194090118, 0.005489855205068963, 0.04667270499227449, 0.06563489874152217
2020-04-01, 0.20883711482732303, 0.4401746724890829, 0.5272339600697806, 0.055494180818539074, 0.51179126944305, 0.016518307791135174, 0.00411739140380172, 0.048590761361820015, 0.06677637524137472
2020-04-01, 0.21446895147229056, 0.3772925764192138, 0.48071331653421173, 0.20347866300131032, 0.5063175660265469, 0.019271359089657707, 0.0, 0.05562363471682029, 0.0730544959905638
2020-04-01, 0.17824553516449695, 0.5449781659388646, 0.4496995541771661, 0.006166020090948665, 0.2545272088673995, 0.016518307791135174, 0.00411739140380172, 0.06777132505727529, 0.08218630798938428
2020-04-01, 0.2218353575906424, 0.4401746724890829, 0.5272339600697806, 0.2620558538653237, 0.39684349769648297, 0.016518307791135174, 0.0027449276025344853, 0.054344930470456604, 0.07476671074034262
2020-03-02, 0.10217103047059631, 0.10480349344978175, 0.23260321767784473, 0.03083010045474387, 0.399580349404735, 0.011012205194090111, 0.0, 0.013426394586818687, 0.0251124829967563
2020-03-02, 0.12839850768508917, 0.33537117903930136, 0.3411513859275056, 0.16956555250109212, 0.16421110249509688, 0.008259153895567587, 0.0, 0.0006393521231818429, 0.00799033549896791
2020-03-02, 0.12839850768508917, 0.33537117903930136, 0.3411513859275056, 0.16956555250109212, 0.16421110249509688, 0.008259153895567587, 0.0, 0.0006393521231818429, 0.00799033549896791
2020-03-02, 0.12839850768508917, 0.33537117903930136, 0.3411513859275056, 0.16956555250109212, 0.16421110249509688, 0.008259153895567587, 0.0, 0.0006393521231818429, 0.00799033549896791
2020-03-02, 0.12839850768508917, 0.33537117903930136, 0.3411513859275056, 0.16956555250109212, 0.16421110249509688, 0.008259153895567587, 0.0, 0.0006393521231818429, 0.00799033549896791
2020-03-02, 0.12839850768508917, 0.33537117903930136, 0.3411513859275056, 0.16956555250109212, 0.16421110249509688, 0.008259153895567587, 0.0, 0.0006393521231818429, 0.00799033549896791
2020-03-02, 0.12839850768508917, 0.33537117903930136, 0.3411513859275056, 0.16956555250109212, 0.16421110249509688, 0.008259153895567587, 0.0, 0.0006393521231818429, 0.00799033549896791
2020-03-02, 0.12839850768508917, 0.33537117903930136, 0.3411513859275056, 0.16956555250109212, 0.16421110249509688, 0.008259153895567587, 0.0, 0.0006393521231818429, 0.00799033549896791
2020-03-02, 0.12839850768508917, 0.33537117903930136, 0.3411513859275056, 0.16956555250109212, 0.16421110249509688, 0.008259153895567587, 0.0, 0.0006393521231818429, 0.00799033549896791
2020-03-02, 0.12839850768508917, 0.33537117903930136, 0.3411513859275056, 0.16956555250109212, 0.16421110249509688, 0.008259153895567587, 0.0, 0.0006393521231818429, 0.00799033549896791
2020-03-02, 0.12839850768508917, 0.33537117903930136, 0.3411513859275056, 0.16956555250109212, 0.16421110249509688, 0.008259153895567587, 0.0, 0.0006393521231818429, 0.00799033549896791
2020-03-02, 0.1379051807342355, 0.1676855895196508, 0.3333979453382439, 0.08632428127328295, 0.46800164211102524, 0.013765256492612642, 0.0013724638012672426, 0.012147690340455, 0.02054657699734606
2020-03-02, 0.09525437644748778, 0.0419213973799127, 0.28687730180267496, 0.027747090409269537, 0.3585275737809608, 0.013765256492612642, 0.0, 0.011508338217273158, 0.02168805349719862
2020-03-02, 0.09114678911471377, 0.02096069868995635, 0.22484977708858306, 0.08632428127328295, 0.3503170186562061, 0.011012205194090111, 0.0013724638012672426, 0.011508338217273158, 0.022829529997051182
2020-03-02, 0.10931829589561223, 0.0838427947598254, 0.3333979453382439, 0.04316214063664148, 0.36673812890571594, 0.011012205194090111, 0.0, 0.014705098833182372, 0.02168805349719862
2020-02-01, 0.060018984261179145, 0.02096069868995635, 0.10079472766039956, 0.015415050227371935, 0.30379053961592833, 0.011012205194090118, 0.0027449276025344853, 0.00831157760136395, 0.01712214749778839
2020-02-01, 0.08716699297340552, 0.20960698689956325, 0.12405504942818385, 0.271304884001747, 0.07389499612279354, 0.005506102597045063, 0.0, 0.00383611273909105, 0.009131811998820471
2020-02-01, 0.08716699297340552, 0.20960698689956325, 0.12405504942818385, 0.271304884001747, 0.07389499612279354, 0.005506102597045063, 0.0, 0.00383611273909105, 0.009131811998820471
2020-02-01, 0.08716699297340552, 0.20960698689956325, 0.12405504942818385, 0.271304884001747, 0.07389499612279354, 0.005506102597045063, 0.0, 0.00383611273909105, 0.009131811998820471
2020-02-01, 0.08716699297340552, 0.20960698689956325, 0.12405504942818385, 0.271304884001747, 0.07389499612279354, 0.005506102597045063, 0.0, 0.00383611273909105, 0.009131811998820471
2020-02-01, 0.08716699297340552, 0.20960698689956325, 0.12405504942818385, 0.271304884001747, 0.07389499612279354, 0.005506102597045063, 0.0, 0.00383611273909105, 0.009131811998820471
2020-02-01, 0.08716699297340552, 0.20960698689956325, 0.12405504942818385, 0.271304884001747, 0.07389499612279354, 0.005506102597045063, 0.0, 0.00383611273909105, 0.009131811998820471
2020-02-01, 0.08716699297340552, 0.20960698689956325, 0.12405504942818385, 0.271304884001747, 0.07389499612279354, 0.005506102597045063, 0.0, 0.00383611273909105, 0.009131811998820471
2020-02-01, 0.08716699297340552, 0.20960698689956325, 0.12405504942818385, 0.271304884001747, 0.07389499612279354, 0.005506102597045063, 0.0, 0.00383611273909105, 0.009131811998820471
2020-02-01, 0.08716699297340552, 0.20960698689956325, 0.12405504942818385, 0.271304884001747, 0.07389499612279354, 0.005506102597045063, 0.0, 0.00383611273909105, 0.009131811998820471
2020-02-01, 0.08716699297340552, 0.20960698689956325, 0.12405504942818385, 0.271304884001747, 0.07389499612279354, 0.005506102597045063, 0.0, 0.00383611273909105, 0.009131811998820471
2020-02-01, 0.07298270785915432, 0.0419213973799127, 0.10079472766039956, 0.06166020090948802, 0.34758016694795413, 0.011012205194090118, 0.0013724638012672426, 0.006393521231818422, 0.013126979748304431
2020-02-01, 0.07860078708648878, 0.06288209606986905, 0.10079472766039956, 0.04624515068211608, 0.38589609086347676, 0.008259153895567587, 0.0013724638012672426, 0.01022963397090948, 0.013126979748304431
2020-02-01, 0.19680056185902225, 0.46113537117903924, 0.12405504942818385, 0.6381830794132005, 0.3448433152397026, 0.0, 0.0, 0.0044754648622729, 0.0017122147497788405
2020-02-01, 0.10955590986945288, 0.2934497816593887, 0.11630160883892253, 0.30521799450196546, 0.13957943712083196, 0.005506102597045063, 0.0, 0.00383611273909105, 0.01255624149837815
2020-01-02, 0.08653507732162669, 0.14672489082969445, 0.06978096530335325, 0.0339131105002182, 0.3804223874469732, 0.013765256492612642, 0.001372463801267235, 0.0166231552027279, 0.029678388996166545
2020-01-02, 0.07325191971892557, 0.08384279475982516, 0.09304128707113789, 0.3298820748657604, 0.049263330748529115, 0.0055061025970450555, 0.0027449276025344853, 0.005754169108636586, 0.015980670997935834
2020-01-02, 0.07325191971892557, 0.08384279475982516, 0.09304128707113789, 0.3298820748657604, 0.049263330748529115, 0.0055061025970450555, 0.0027449276025344853, 0.005754169108636586, 0.015980670997935834
2020-01-02, 0.07325191971892557, 0.08384279475982516, 0.09304128707113789, 0.3298820748657604, 0.049263330748529115, 0.0055061025970450555, 0.0027449276025344853, 0.005754169108636586, 0.015980670997935834
2020-01-02, 0.07325191971892557, 0.08384279475982516, 0.09304128707113789, 0.3298820748657604, 0.049263330748529115, 0.0055061025970450555, 0.0027449276025344853, 0.005754169108636586, 0.015980670997935834
2020-01-02, 0.07325191971892557, 0.08384279475982516, 0.09304128707113789, 0.3298820748657604, 0.049263330748529115, 0.0055061025970450555, 0.0027449276025344853, 0.005754169108636586, 0.015980670997935834
2020-01-02, 0.07325191971892557, 0.08384279475982516, 0.09304128707113789, 0.3298820748657604, 0.049263330748529115, 0.0055061025970450555, 0.0027449276025344853, 0.005754169108636586, 0.015980670997935834
2020-01-02, 0.07325191971892557, 0.08384279475982516, 0.09304128707113789, 0.3298820748657604, 0.049263330748529115, 0.0055061025970450555, 0.0027449276025344853, 0.005754169108636586, 0.015980670997935834
2020-01-02, 0.07325191971892557, 0.08384279475982516, 0.09304128707113789, 0.3298820748657604, 0.049263330748529115, 0.0055061025970450555, 0.0027449276025344853, 0.005754169108636586, 0.015980670997935834
2020-01-02, 0.07325191971892557, 0.08384279475982516, 0.09304128707113789, 0.3298820748657604, 0.049263330748529115, 0.0055061025970450555, 0.0027449276025344853, 0.005754169108636586, 0.015980670997935834
2020-01-02, 0.07325191971892557, 0.08384279475982516, 0.09304128707113789, 0.3298820748657604, 0.049263330748529115, 0.0055061025970450555, 0.0027449276025344853, 0.005754169108636586, 0.015980670997935834
2020-01-02, 0.09583350342611109, 0.1886462882096069, 0.1783291335530141, 0.2743878940472213, 0.09031610637230285, 0.0055061025970450555, 0.004117391403801728, 0.0076722254781821, 0.017692885747714673
2020-01-02, 0.09023518340280896, 0.1886462882096069, 0.1550688117852298, 0.22197672327415657, 0.13136888199607707, 0.0055061025970450555, 0.0, 0.0044754648622729, 0.014839194498083273
2020-01-02, 0.08215109305639401, 0.0419213973799127, 0.1550688117852298, 0.09557331140970622, 0.3256853532819412, 0.011012205194090118, 0.0013724638012672426, 0.008311577601363944, 0.018263623997640952
2020-01-02, 0.1954069368309419, 0.4192139737991265, 0.18608257414227578, 0.6258510392313026, 0.3174747981571866, 0.0027530512985225316, 0.004117391403801728, 0.0031967606159092146, 0.0045659059994102415
2019-12-03, 0.09341553866739745, 0.48209606986899556, 0.0, 0.049328160727590414, 0.18063221274460592, 0.008259153895567587, 0.0, 0.007032873355000272, 0.019975838747419792
2019-12-03, 0.09341553866739745, 0.48209606986899556, 0.0, 0.049328160727590414, 0.18063221274460592, 0.008259153895567587, 0.0, 0.007032873355000272, 0.019975838747419792
2019-12-03, 0.09341553866739745, 0.48209606986899556, 0.0, 0.049328160727590414, 0.18063221274460592, 0.008259153895567587, 0.0, 0.007032873355000272, 0.019975838747419792
2019-12-03, 0.09341553866739745, 0.48209606986899556, 0.0, 0.049328160727590414, 0.18063221274460592, 0.008259153895567587, 0.0, 0.007032873355000272, 0.019975838747419792
2019-12-03, 0.09341553866739745, 0.48209606986899556, 0.0, 0.049328160727590414, 0.18063221274460592, 0.008259153895567587, 0.0, 0.007032873355000272, 0.019975838747419792
2019-12-03, 0.09341553866739745, 0.48209606986899556, 0.0, 0.049328160727590414, 0.18063221274460592, 0.008259153895567587, 0.0, 0.007032873355000272, 0.019975838747419792
2019-12-03, 0.09341553866739745, 0.48209606986899556, 0.0, 0.049328160727590414, 0.18063221274460592, 0.008259153895567587, 0.0, 0.007032873355000272, 0.019975838747419792
2019-12-03, 0.09341553866739745, 0.48209606986899556, 0.0, 0.049328160727590414, 0.18063221274460592, 0.008259153895567587, 0.0, 0.007032873355000272, 0.019975838747419792
2019-12-03, 0.09341553866739745, 0.48209606986899556, 0.0, 0.049328160727590414, 0.18063221274460592, 0.008259153895567587, 0.0, 0.007032873355000272, 0.019975838747419792
2019-12-03, 0.09341553866739745, 0.48209606986899556, 0.0, 0.049328160727590414, 0.18063221274460592, 0.008259153895567587, 0.0, 0.007032873355000272, 0.019975838747419792
2019-12-03, 0.09341553866739745, 0.48209606986899556, 0.0, 0.049328160727590414, 0.18063221274460592, 0.008259153895567587, 0.0, 0.007032873355000272, 0.019975838747419792
2019-12-03, 0.18414823315502143, 0.9013100436681221, 0.13956193060670682, 0.2959689643655422, 0.11768462345481931, 0.0, 0.004117391403801728, 0.0025574084927273717, 0.011985503248451872
2019-12-03, 0.0861143946845839, 0.35633187772925745, 0.054274084124830264, 0.012332040181897604, 0.2189481366601286, 0.008259153895567587, 0.0013724638012672426, 0.013426394586818687, 0.023971006496903743
2019-12-03, 0.11199916870410352, 0.12576419213973786, 0.007753440589261319, 0.20964468309225898, 0.48168590065228273, 0.01376525649261265, 0.002744927602534478, 0.019819915818637117, 0.03481503324550305
2019-12-03, 0.12747486512016526, 0.314410480349345, 0.062027524714091925, 0.18189759268298944, 0.3995803494047348, 0.011012205194090118, 0.0013724638012672426, 0.019819915818637117, 0.029678388996166545
2019-11-03, 0.13310686791139106, 0.5449781659388644, 0.1240550494281835, 0.05549418081853935, 0.30652739132418017, 0.005506102597045063, 0.0027449276025344853, 0.014705098833182372, 0.01084402674859931
2019-11-03, 0.1187966326075853, 0.48209606986899534, 0.1240550494281835, 0.012332040181897604, 0.2873694293664188, 0.0027530512985225316, 0.004117391403801728, 0.021098620065000802, 0.016551409247862112
2019-11-03, 0.1187966326075853, 0.48209606986899534, 0.1240550494281835, 0.012332040181897604, 0.2873694293664188, 0.0027530512985225316, 0.004117391403801728, 0.021098620065000802, 0.016551409247862112
2019-11-03, 0.1187966326075853, 0.48209606986899534, 0.1240550494281835, 0.012332040181897604, 0.2873694293664188, 0.0027530512985225316, 0.004117391403801728, 0.021098620065000802, 0.016551409247862112
2019-11-03, 0.1187966326075853, 0.48209606986899534, 0.1240550494281835, 0.012332040181897604, 0.2873694293664188, 0.0027530512985225316, 0.004117391403801728, 0.021098620065000802, 0.016551409247862112
2019-11-03, 0.1187966326075853, 0.48209606986899534, 0.1240550494281835, 0.012332040181897604, 0.2873694293664188, 0.0027530512985225316, 0.004117391403801728, 0.021098620065000802, 0.016551409247862112
2019-11-03, 0.1187966326075853, 0.48209606986899534, 0.1240550494281835, 0.012332040181897604, 0.2873694293664188, 0.0027530512985225316, 0.004117391403801728, 0.021098620065000802, 0.016551409247862112
2019-11-03, 0.1187966326075853, 0.48209606986899534, 0.1240550494281835, 0.012332040181897604, 0.2873694293664188, 0.0027530512985225316, 0.004117391403801728, 0.021098620065000802, 0.016551409247862112
2019-11-03, 0.1187966326075853, 0.48209606986899534, 0.1240550494281835, 0.012332040181897604, 0.2873694293664188, 0.0027530512985225316, 0.004117391403801728, 0.021098620065000802, 0.016551409247862112
2019-11-03, 0.1187966326075853, 0.48209606986899534, 0.1240550494281835, 0.012332040181897604, 0.2873694293664188, 0.0027530512985225316, 0.004117391403801728, 0.021098620065000802, 0.016551409247862112
2019-11-03, 0.1187966326075853, 0.48209606986899534, 0.1240550494281835, 0.012332040181897604, 0.2873694293664188, 0.0027530512985225316, 0.004117391403801728, 0.021098620065000802, 0.016551409247862112
2019-11-03, 0.17542052989013485, 0.8593886462882097, 0.1395619306067065, 0.2959689643655422, 0.08757925466405153, 0.011012205194090111, 0.0068623190063361985, 0.0012787042463636858, 0.0017122147497788405
2019-11-03, 0.12748794625812673, 0.46113537117903897, 0.1240550494281835, 0.00924903013642327, 0.38589609086347654, 0.0027530512985225316, 0.005489855205068971, 0.015344450956364216, 0.015980670997935834
2019-11-03, 0.17258898343689766, 0.08384279475982516, 0.15506881178522947, 0.3977082958661974, 0.6842129270629018, 0.016518307791135174, 0.0013724638012672426, 0.024295380680910018, 0.017692885747714673
2019-11-03, 0.13284159636652573, 0.6078602620087334, 0.054274084124830264, 0.21581070318320764, 0.15326369566208994, 0.005506102597045063, 0.0068623190063361985, 0.008311577601363957, 0.01084402674859931
2019-10-04, 0.05939848679859399, 0.0838427947598254, 0.015506881178522981, 0.04007913059116687, 0.30926424303243144, 0.0027530512985225316, 0.010979710410137926, 0.0019180563695455287, 0.01084402674859931
2019-10-04, 0.05939848679859399, 0.0838427947598254, 0.015506881178522981, 0.04007913059116687, 0.30926424303243144, 0.0027530512985225316, 0.010979710410137926, 0.0019180563695455287, 0.01084402674859931
2019-10-04, 0.05939848679859399, 0.0838427947598254, 0.015506881178522981, 0.04007913059116687, 0.30926424303243144, 0.0027530512985225316, 0.010979710410137926, 0.0019180563695455287, 0.01084402674859931
2019-10-04, 0.05939848679859399, 0.0838427947598254, 0.015506881178522981, 0.04007913059116687, 0.30926424303243144, 0.0027530512985225316, 0.010979710410137926, 0.0019180563695455287, 0.01084402674859931
2019-10-04, 0.05939848679859399, 0.0838427947598254, 0.015506881178522981, 0.04007913059116687, 0.30926424303243144, 0.0027530512985225316, 0.010979710410137926, 0.0019180563695455287, 0.01084402674859931
2019-10-04, 0.05939848679859399, 0.0838427947598254, 0.015506881178522981, 0.04007913059116687, 0.30926424303243144, 0.0027530512985225316, 0.010979710410137926, 0.0019180563695455287, 0.01084402674859931
2019-10-04, 0.05939848679859399, 0.0838427947598254, 0.015506881178522981, 0.04007913059116687, 0.30926424303243144, 0.0027530512985225316, 0.010979710410137926, 0.0019180563695455287, 0.01084402674859931
2019-10-04, 0.05939848679859399, 0.0838427947598254, 0.015506881178522981, 0.04007913059116687, 0.30926424303243144, 0.0027530512985225316, 0.010979710410137926, 0.0019180563695455287, 0.01084402674859931
2019-10-04, 0.05939848679859399, 0.0838427947598254, 0.015506881178522981, 0.04007913059116687, 0.30926424303243144, 0.0027530512985225316, 0.010979710410137926, 0.0019180563695455287, 0.01084402674859931
2019-10-04, 0.05939848679859399, 0.0838427947598254, 0.015506881178522981, 0.04007913059116687, 0.30926424303243144, 0.0027530512985225316, 0.010979710410137926, 0.0019180563695455287, 0.01084402674859931
2019-10-04, 0.05939848679859399, 0.0838427947598254, 0.015506881178522981, 0.04007913059116687, 0.30926424303243144, 0.0027530512985225316, 0.010979710410137926, 0.0019180563695455287, 0.01084402674859931
2019-10-04, 0.0996479821028213, 0.3982532751091702, 0.03876720294630728, 0.27747090409269565, 0.05200018245678042, 0.005506102597045063, 0.01372463801267241, 0.005754169108636586, 0.005707382499262789
2019-10-04, 0.07931282891616663, 0.0, 0.08528784648187622, 0.04007913059116687, 0.4652647904027732, 0.00825915389556758, 0.009607246608870683, 0.008311577601363957, 0.01769288574771466
2019-10-04, 0.07486589069779363, 0.20960698689956303, 0.015506881178522981, 0.024664080363795207, 0.32842220499019276, 0.005506102597045048, 0.00823478280760344, 0.0012787042463636858, 0.005707382499262789
2019-10-04, 0.11998310329902018, 0.06288209606986905, 0.007753440589261662, 0.18189759268298944, 0.6623181133968892, 0.013765256492612642, 0.00823478280760344, 0.007032873355000272, 0.01598067099793582
2019-09-04, 0.07293764301449593, 0.0838427947598254, 0.08528784648187622, 0.11715438172802682, 0.26273776399215415, 0.0027530512985225316, 0.006862319006336213, 0.008311577601363957, 0.0165514092478621
2019-09-04, 0.07293764301449593, 0.0838427947598254, 0.08528784648187622, 0.11715438172802682, 0.26273776399215415, 0.0027530512985225316, 0.006862319006336213, 0.008311577601363957, 0.0165514092478621
2019-09-04, 0.07293764301449593, 0.0838427947598254, 0.08528784648187622, 0.11715438172802682, 0.26273776399215415, 0.0027530512985225316, 0.006862319006336213, 0.008311577601363957, 0.0165514092478621
2019-09-04, 0.07293764301449593, 0.0838427947598254, 0.08528784648187622, 0.11715438172802682, 0.26273776399215415, 0.0027530512985225316, 0.006862319006336213, 0.008311577601363957, 0.0165514092478621
2019-09-04, 0.07293764301449593, 0.0838427947598254, 0.08528784648187622, 0.11715438172802682, 0.26273776399215415, 0.0027530512985225316, 0.006862319006336213, 0.008311577601363957, 0.0165514092478621
2019-09-04, 0.07293764301449593, 0.0838427947598254, 0.08528784648187622, 0.11715438172802682, 0.26273776399215415, 0.0027530512985225316, 0.006862319006336213, 0.008311577601363957, 0.0165514092478621
2019-09-04, 0.07293764301449593, 0.0838427947598254, 0.08528784648187622, 0.11715438172802682, 0.26273776399215415, 0.0027530512985225316, 0.006862319006336213, 0.008311577601363957, 0.0165514092478621
2019-09-04, 0.07293764301449593, 0.0838427947598254, 0.08528784648187622, 0.11715438172802682, 0.26273776399215415, 0.0027530512985225316, 0.006862319006336213, 0.008311577601363957, 0.0165514092478621
2019-09-04, 0.07293764301449593, 0.0838427947598254, 0.08528784648187622, 0.11715438172802682, 0.26273776399215415, 0.0027530512985225316, 0.006862319006336213, 0.008311577601363957, 0.0165514092478621
2019-09-04, 0.07293764301449593, 0.0838427947598254, 0.08528784648187622, 0.11715438172802682, 0.26273776399215415, 0.0027530512985225316, 0.006862319006336213, 0.008311577601363957, 0.0165514092478621
2019-09-04, 0.07293764301449593, 0.0838427947598254, 0.08528784648187622, 0.11715438172802682, 0.26273776399215415, 0.0027530512985225316, 0.006862319006336213, 0.008311577601363957, 0.0165514092478621
2019-09-04, 0.12015570529663278, 0.5659388646288209, 0.015506881178522981, 0.34221411504765803, 0.021894813666012883, 0.0027530512985225316, 0.008234782807603456, 0.0012787042463636858, 0.0034244294995576683
2019-09-04, 0.09231998181418574, 0.1257641921397381, 0.06978096530335325, 0.03699612054569253, 0.4707384938192763, 0.0027530512985225316, 0.008234782807603456, 0.008311577601363957, 0.01598067099793582
2019-09-04, 0.09149966598322055, 0.18864628820960713, 0.1240550494281835, 0.06474321095496208, 0.32021164986543815, 0.0027530512985225316, 0.006862319006336213, 0.007032873355000272, 0.01769288574771466
2019-09-04, 0.09838945353962998, 0.2096069868995635, 0.10079472766039921, 0.13565244200087337, 0.312001094740683, 0.005506102597045048, 0.008234782807603456, 0.0044754648622729, 0.01084402674859931
2019-08-05, 0.14222051710717915, 0.6917030567685588, 0.054274084124830604, 0.0955733114097065, 0.2545272088674, 0.011012205194090111, 0.006862319006336213, 0.0038361127390910575, 0.01997583874741978
2019-08-05, 0.14222051710717915, 0.6917030567685588, 0.054274084124830604, 0.0955733114097065, 0.2545272088674, 0.011012205194090111, 0.006862319006336213, 0.0038361127390910575, 0.01997583874741978
2019-08-05, 0.14222051710717915, 0.6917030567685588, 0.054274084124830604, 0.0955733114097065, 0.2545272088674, 0.011012205194090111, 0.006862319006336213, 0.0038361127390910575, 0.01997583874741978
2019-08-05, 0.14222051710717915, 0.6917030567685588, 0.054274084124830604, 0.0955733114097065, 0.2545272088674, 0.011012205194090111, 0.006862319006336213, 0.0038361127390910575, 0.01997583874741978
2019-08-05, 0.14222051710717915, 0.6917030567685588, 0.054274084124830604, 0.0955733114097065, 0.2545272088674, 0.011012205194090111, 0.006862319006336213, 0.0038361127390910575, 0.01997583874741978
2019-08-05, 0.14222051710717915, 0.6917030567685588, 0.054274084124830604, 0.0955733114097065, 0.2545272088674, 0.011012205194090111, 0.006862319006336213, 0.0038361127390910575, 0.01997583874741978
2019-08-05, 0.14222051710717915, 0.6917030567685588, 0.054274084124830604, 0.0955733114097065, 0.2545272088674, 0.011012205194090111, 0.006862319006336213, 0.0038361127390910575, 0.01997583874741978
2019-08-05, 0.14222051710717915, 0.6917030567685588, 0.054274084124830604, 0.0955733114097065, 0.2545272088674, 0.011012205194090111, 0.006862319006336213, 0.0038361127390910575, 0.01997583874741978
2019-08-05, 0.14222051710717915, 0.6917030567685588, 0.054274084124830604, 0.0955733114097065, 0.2545272088674, 0.011012205194090111, 0.006862319006336213, 0.0038361127390910575, 0.01997583874741978
2019-08-05, 0.14222051710717915, 0.6917030567685588, 0.054274084124830604, 0.0955733114097065, 0.2545272088674, 0.011012205194090111, 0.006862319006336213, 0.0038361127390910575, 0.01997583874741978
2019-08-05, 0.14222051710717915, 0.6917030567685588, 0.054274084124830604, 0.0955733114097065, 0.2545272088674, 0.011012205194090111, 0.006862319006336213, 0.0038361127390910575, 0.01997583874741978
2019-08-05, 0.1925837204623605, 1.0480349344978164, 0.054274084124830604, 0.41312334609356954, 0.008210555124755135, 0.0, 0.009607246608870698, 0.0, 0.007419597249041629
2019-08-05, 0.1395506430112907, 0.6078602620087334, 0.0, 0.16339953241014343, 0.29831683619942523, 0.005506102597045063, 0.010979710410137941, 0.011508338217273158, 0.01883436224756722
2019-08-05, 0.1739735096096549, 0.20960698689956325, 0.1240550494281835, 0.2682218739562724, 0.7225288509784247, 0.022024410388180236, 0.004117391403801728, 0.017262507325909743, 0.02397100649690373
2019-08-05, 0.1652924855851798, 0.7965065502183406, 0.06978096530335359, 0.262055853865324, 0.16694795420334843, 0.005506102597045063, 0.006862319006336213, 0.0038361127390910575, 0.01084402674859931
2019-07-06, 0.17041419232971364, 0.6707423580786027, 0.13180849001744516, 0.2898029442745938, 0.22989554349313504, 0.005506102597045063, 0.005489855205068971, 0.0089509297245458, 0.021117315247272343
2019-07-06, 0.14333259453189526, 0.5659388646288209, 0.06978096530335325, 0.24355779359247773, 0.2326323952013866, 0.00825915389556758, 0.004117391403801728, 0.006393521231818429, 0.015980670997935834
2019-07-06, 0.14333259453189526, 0.5659388646288209, 0.06978096530335325, 0.24355779359247773, 0.2326323952013866, 0.00825915389556758, 0.004117391403801728, 0.006393521231818429, 0.015980670997935834
2019-07-06, 0.14333259453189526, 0.5659388646288209, 0.06978096530335325, 0.24355779359247773, 0.2326323952013866, 0.00825915389556758, 0.004117391403801728, 0.006393521231818429, 0.015980670997935834
2019-07-06, 0.14333259453189526, 0.5659388646288209, 0.06978096530335325, 0.24355779359247773, 0.2326323952013866, 0.00825915389556758, 0.004117391403801728, 0.006393521231818429, 0.015980670997935834
2019-07-06, 0.14333259453189526, 0.5659388646288209, 0.06978096530335325, 0.24355779359247773, 0.2326323952013866, 0.00825915389556758, 0.004117391403801728, 0.006393521231818429, 0.015980670997935834
2019-07-06, 0.14333259453189526, 0.5659388646288209, 0.06978096530335325, 0.24355779359247773, 0.2326323952013866, 0.00825915389556758, 0.004117391403801728, 0.006393521231818429, 0.015980670997935834
2019-07-06, 0.14333259453189526, 0.5659388646288209, 0.06978096530335325, 0.24355779359247773, 0.2326323952013866, 0.00825915389556758, 0.004117391403801728, 0.006393521231818429, 0.015980670997935834
2019-07-06, 0.14333259453189526, 0.5659388646288209, 0.06978096530335325, 0.24355779359247773, 0.2326323952013866, 0.00825915389556758, 0.004117391403801728, 0.006393521231818429, 0.015980670997935834
2019-07-06, 0.14333259453189526, 0.5659388646288209, 0.06978096530335325, 0.24355779359247773, 0.2326323952013866, 0.00825915389556758, 0.004117391403801728, 0.006393521231818429, 0.015980670997935834
2019-07-06, 0.14333259453189526, 0.5659388646288209, 0.06978096530335325, 0.24355779359247773, 0.2326323952013866, 0.00825915389556758, 0.004117391403801728, 0.006393521231818429, 0.015980670997935834
2019-07-06, 0.27724254421893335, 1.1528384279475983, 0.015506881178522981, 0.6936772602317398, 0.3311590566984446, 0.008259153895567594, 0.008234782807603456, 0.0025574084927273717, 0.005707382499262789
2019-07-06, 0.14114419025810276, 0.5030567685589519, 0.06978096530335325, 0.027747090409270085, 0.47621219723577984, 0.00825915389556758, 0.005489855205068971, 0.01406574671000053, 0.02454174474683001
2019-07-06, 0.16098102337296574, 0.16768558951965057, 0.2636169800348903, 0.1880636127739381, 0.6021073758153541, 0.019271359089657707, 0.0013724638012672426, 0.0166231552027279, 0.029107650746240252
2019-07-06, 0.15592773048287928, 0.2724890829694323, 0.20934289591006008, 0.15106749222824503, 0.5501071933585732, 0.013765256492612642, 0.005489855205068971, 0.0166231552027279, 0.028536912496313984
2019-06-06, 0.1251913246471547, 0.314410480349345, 0.09304128707113754, 0.055494180818539074, 0.4953701591935412, 0.011012205194090111, 0.005489855205068971, 0.009590281847727629, 0.01712214749778838
2019-06-06, 0.13997721942321031, 0.5449781659388644, 0.06978096530335325, 0.17573157259204078, 0.2846325776581675, 0.005506102597045048, 0.005489855205068971, 0.010868986094091315, 0.022829529997051182
2019-06-06, 0.13997721942321031, 0.5449781659388644, 0.06978096530335325, 0.17573157259204078, 0.2846325776581675, 0.005506102597045048, 0.005489855205068971, 0.010868986094091315, 0.022829529997051182
2019-06-06, 0.13997721942321031, 0.5449781659388644, 0.06978096530335325, 0.17573157259204078, 0.2846325776581675, 0.005506102597045048, 0.005489855205068971, 0.010868986094091315, 0.022829529997051182
2019-06-06, 0.13997721942321031, 0.5449781659388644, 0.06978096530335325, 0.17573157259204078, 0.2846325776581675, 0.005506102597045048, 0.005489855205068971, 0.010868986094091315, 0.022829529997051182
2019-06-06, 0.13997721942321031, 0.5449781659388644, 0.06978096530335325, 0.17573157259204078, 0.2846325776581675, 0.005506102597045048, 0.005489855205068971, 0.010868986094091315, 0.022829529997051182
2019-06-06, 0.13997721942321031, 0.5449781659388644, 0.06978096530335325, 0.17573157259204078, 0.2846325776581675, 0.005506102597045048, 0.005489855205068971, 0.010868986094091315, 0.022829529997051182
2019-06-06, 0.13997721942321031, 0.5449781659388644, 0.06978096530335325, 0.17573157259204078, 0.2846325776581675, 0.005506102597045048, 0.005489855205068971, 0.010868986094091315, 0.022829529997051182
2019-06-06, 0.13997721942321031, 0.5449781659388644, 0.06978096530335325, 0.17573157259204078, 0.2846325776581675, 0.005506102597045048, 0.005489855205068971, 0.010868986094091315, 0.022829529997051182
2019-06-06, 0.13997721942321031, 0.5449781659388644, 0.06978096530335325, 0.17573157259204078, 0.2846325776581675, 0.005506102597045048, 0.005489855205068971, 0.010868986094091315, 0.022829529997051182
2019-06-06, 0.13997721942321031, 0.5449781659388644, 0.06978096530335325, 0.17573157259204078, 0.2846325776581675, 0.005506102597045048, 0.005489855205068971, 0.010868986094091315, 0.022829529997051182
2019-06-06, 0.12285078268557217, 0.4192139737991267, 0.08528784648187622, 0.07090923104591129, 0.36673812890571544, 0.011012205194090111, 0.005489855205068971, 0.007032873355000272, 0.01712214749778838
2019-06-06, 0.13562735171940413, 0.314410480349345, 0.054274084124830264, 0.11098836163707815, 0.5555808967750767, 0.016518307791135174, 0.0027449276025344853, 0.007672225478182115, 0.022829529997051182
2019-06-06, 0.1214478063538523, 0.4192139737991267, 0.054274084124830264, 0.012332040181897878, 0.44063312502850926, 0.011012205194090111, 0.004117391403801728, 0.008311577601363957, 0.02168805349719862
2019-06-06, 0.2541953936499744, 1.0480349344978164, 0.007753440589261319, 0.6166020090948798, 0.33936961182319925, 0.005506102597045063, 0.009607246608870698, 0.0038361127390910575, 0.0028536912496313883
2019-05-07, 0.1410300633386166, 0.5240174672489083, 0.19383601473153708, 0.10790535159160437, 0.25179035715914794, 0.005506102597045063, 0.0013724638012672426, 0.014705098833182372, 0.029107650746240252
2019-05-07, 0.19402602381420575, 0.6078602620087337, 0.3489048265167669, 0.2774709040926959, 0.28189572594991547, 0.005506102597045063, 0.0, 0.008311577601363957, 0.0222587917471249
2019-05-07, 0.19402602381420575, 0.6078602620087337, 0.3489048265167669, 0.2774709040926959, 0.28189572594991547, 0.005506102597045063, 0.0, 0.008311577601363957, 0.0222587917471249
2019-05-07, 0.19402602381420575, 0.6078602620087337, 0.3489048265167669, 0.2774709040926959, 0.28189572594991547, 0.005506102597045063, 0.0, 0.008311577601363957, 0.0222587917471249
2019-05-07, 0.19402602381420575, 0.6078602620087337, 0.3489048265167669, 0.2774709040926959, 0.28189572594991547, 0.005506102597045063, 0.0, 0.008311577601363957, 0.0222587917471249
2019-05-07, 0.19402602381420575, 0.6078602620087337, 0.3489048265167669, 0.2774709040926959, 0.28189572594991547, 0.005506102597045063, 0.0, 0.008311577601363957, 0.0222587917471249
2019-05-07, 0.19402602381420575, 0.6078602620087337, 0.3489048265167669, 0.2774709040926959, 0.28189572594991547, 0.005506102597045063, 0.0, 0.008311577601363957, 0.0222587917471249
2019-05-07, 0.19402602381420575, 0.6078602620087337, 0.3489048265167669, 0.2774709040926959, 0.28189572594991547, 0.005506102597045063, 0.0, 0.008311577601363957, 0.0222587917471249
2019-05-07, 0.19402602381420575, 0.6078602620087337, 0.3489048265167669, 0.2774709040926959, 0.28189572594991547, 0.005506102597045063, 0.0, 0.008311577601363957, 0.0222587917471249
2019-05-07, 0.19402602381420575, 0.6078602620087337, 0.3489048265167669, 0.2774709040926959, 0.28189572594991547, 0.005506102597045063, 0.0, 0.008311577601363957, 0.0222587917471249
2019-05-07, 0.19402602381420575, 0.6078602620087337, 0.3489048265167669, 0.2774709040926959, 0.28189572594991547, 0.005506102597045063, 0.0, 0.008311577601363957, 0.0222587917471249
2019-05-07, 0.17230573926669077, 0.48209606986899556, 0.271370420624152, 0.018498060272845993, 0.5583177484833283, 0.011012205194090127, 0.0027449276025344853, 0.012147690340455, 0.0222587917471249
2019-05-07, 0.15660427129060445, 0.4401746724890829, 0.22484977708858306, 0.11715438172802736, 0.426948866487251, 0.011012205194090127, 0.0, 0.012147690340455, 0.02054657699734606
2019-05-07, 0.16512707258798973, 0.5030567685589519, 0.2791238612134133, 0.12948642190992468, 0.3749486840304706, 0.008259153895567594, 0.0, 0.009590281847727644, 0.016551409247862112
2019-05-07, 0.15091027173005442, 0.4401746724890829, 0.24811009885636737, 0.2250597333196312, 0.2545272088673995, 0.005506102597045063, 0.0, 0.012787042463636844, 0.021117315247272343
2019-04-07, 0.18038949601765797, 0.37729257641921404, 0.3023841829811976, 0.049328160727590414, 0.6787392236463989, 0.0055061025970450555, 0.0013724638012672426, 0.010229633970909473, 0.018263623997640942
2019-04-07, 0.14123876749671163, 0.4401746724890831, 0.3023841829811976, 0.1788145826375151, 0.19705332299411596, 0.0, 0.0, 0.0006393521231818429, 0.01084402674859931
2019-04-07, 0.14123876749671163, 0.4401746724890831, 0.3023841829811976, 0.1788145826375151, 0.19705332299411596, 0.0, 0.0, 0.0006393521231818429, 0.01084402674859931
2019-04-07, 0.14123876749671163, 0.4401746724890831, 0.3023841829811976, 0.1788145826375151, 0.19705332299411596, 0.0, 0.0, 0.0006393521231818429, 0.01084402674859931
2019-04-07, 0.14123876749671163, 0.4401746724890831, 0.3023841829811976, 0.1788145826375151, 0.19705332299411596, 0.0, 0.0, 0.0006393521231818429, 0.01084402674859931
2019-04-07, 0.14123876749671163, 0.4401746724890831, 0.3023841829811976, 0.1788145826375151, 0.19705332299411596, 0.0, 0.0, 0.0006393521231818429, 0.01084402674859931
2019-04-07, 0.14123876749671163, 0.4401746724890831, 0.3023841829811976, 0.1788145826375151, 0.19705332299411596, 0.0, 0.0, 0.0006393521231818429, 0.01084402674859931
2019-04-07, 0.14123876749671163, 0.4401746724890831, 0.3023841829811976, 0.1788145826375151, 0.19705332299411596, 0.0, 0.0, 0.0006393521231818429, 0.01084402674859931
2019-04-07, 0.14123876749671163, 0.4401746724890831, 0.3023841829811976, 0.1788145826375151, 0.19705332299411596, 0.0, 0.0, 0.0006393521231818429, 0.01084402674859931
2019-04-07, 0.14123876749671163, 0.4401746724890831, 0.3023841829811976, 0.1788145826375151, 0.19705332299411596, 0.0, 0.0, 0.0006393521231818429, 0.01084402674859931
2019-04-07, 0.14123876749671163, 0.4401746724890831, 0.3023841829811976, 0.1788145826375151, 0.19705332299411596, 0.0, 0.0, 0.0006393521231818429, 0.01084402674859931
2019-04-07, 0.13053558791634043, 0.4192139737991267, 0.2713704206241517, 0.16648254245561778, 0.16421110249509638, 0.0027530512985225316, 0.0013724638012672426, 0.005754169108636586, 0.013126979748304431
2019-04-07, 0.1742532878102342, 0.5449781659388644, 0.3178910641597206, 0.32988207486576065, 0.17515850932810306, 0.0027530512985225316, 0.004117391403801728, 0.0038361127390910575, 0.015409932748009551
2019-04-07, 0.27863914362845094, 0.9013100436681223, 0.3023841829811976, 0.6875112401407909, 0.30105368790767706, 0.016518307791135174, 0.008234782807603456, 0.006393521231818429, 0.005707382499262789
2019-04-07, 0.134279302761751, 0.10480349344978175, 0.10854816824966053, 0.20039565295583597, 0.6021073758153536, 0.013765256492612642, 0.0013724638012672426, 0.014705098833182372, 0.028536912496313984
2019-03-08, 0.15729501353270975, 0.62882096069869, 0.19383601473153708, 0.20656167304678463, 0.1943164712858644, 0.0, 0.004117391403801728, 0.009590281847727629, 0.021117315247272343
2019-03-08, 0.16556422321926498, 0.5868995633187774, 0.20934289591006008, 0.10482234154612949, 0.38589609086347676, 0.0027530512985225316, 0.0027449276025344853, 0.011508338217273158, 0.02054657699734606
2019-03-08, 0.16556422321926498, 0.5868995633187774, 0.20934289591006008, 0.10482234154612949, 0.38589609086347676, 0.0027530512985225316, 0.0027449276025344853, 0.011508338217273158, 0.02054657699734606
2019-03-08, 0.16556422321926498, 0.5868995633187774, 0.20934289591006008, 0.10482234154612949, 0.38589609086347676, 0.0027530512985225316, 0.0027449276025344853, 0.011508338217273158, 0.02054657699734606
2019-03-08, 0.16556422321926498, 0.5868995633187774, 0.20934289591006008, 0.10482234154612949, 0.38589609086347676, 0.0027530512985225316, 0.0027449276025344853, 0.011508338217273158, 0.02054657699734606
2019-03-08, 0.16556422321926498, 0.5868995633187774, 0.20934289591006008, 0.10482234154612949, 0.38589609086347676, 0.0027530512985225316, 0.0027449276025344853, 0.011508338217273158, 0.02054657699734606
2019-03-08, 0.16556422321926498, 0.5868995633187774, 0.20934289591006008, 0.10482234154612949, 0.38589609086347676, 0.0027530512985225316, 0.0027449276025344853, 0.011508338217273158, 0.02054657699734606
2019-03-08, 0.16556422321926498, 0.5868995633187774, 0.20934289591006008, 0.10482234154612949, 0.38589609086347676, 0.0027530512985225316, 0.0027449276025344853, 0.011508338217273158, 0.02054657699734606
2019-03-08, 0.16556422321926498, 0.5868995633187774, 0.20934289591006008, 0.10482234154612949, 0.38589609086347676, 0.0027530512985225316, 0.0027449276025344853, 0.011508338217273158, 0.02054657699734606
2019-03-08, 0.16556422321926498, 0.5868995633187774, 0.20934289591006008, 0.10482234154612949, 0.38589609086347676, 0.0027530512985225316, 0.0027449276025344853, 0.011508338217273158, 0.02054657699734606
2019-03-08, 0.16556422321926498, 0.5868995633187774, 0.20934289591006008, 0.10482234154612949, 0.38589609086347676, 0.0027530512985225316, 0.0027449276025344853, 0.011508338217273158, 0.02054657699734606
2019-03-08, 0.2600545479882519, 1.1737991266375547, 0.09304128707113789, 0.5364437479125453, 0.24631665374264458, 0.013765256492612642, 0.008234782807603456, 0.0025574084927273717, 0.006278120749189069
2019-03-08, 0.17218958878541768, 0.8593886462882094, 0.11630160883892218, 0.21581070318320764, 0.16147425078684485, 0.0027530512985225316, 0.004117391403801728, 0.005114816985454743, 0.01255624149837815
2019-03-08, 0.14178718583901098, 0.1676855895196508, 0.28687730180267496, 0.12332040181897604, 0.5035807143182959, 0.008259153895567587, 0.004117391403801728, 0.015344450956364216, 0.0251124829967563
2019-03-08, 0.14978452507022702, 0.23056768558951984, 0.255863539445629, 0.11715438172802736, 0.5336860831090638, 0.008259153895567587, 0.0027449276025344853, 0.019180563695455274, 0.030819865496019103
2019-02-06, 0.20051200010084716, 0.10480349344978128, 0.37991858887381286, 0.3452971250931323, 0.7252657026866762, 0.01376525649261265, 0.0, 0.012787042463636844, 0.0222587917471249
2019-02-06, 0.1590039672436453, 0.5240174672489083, 0.30238418298119796, 0.15106749222824556, 0.24357980203439328, 0.0027530512985225316, 0.005489855205068971, 0.015344450956364216, 0.027395435996461423
2019-02-06, 0.1590039672436453, 0.5240174672489083, 0.30238418298119796, 0.15106749222824556, 0.24357980203439328, 0.0027530512985225316, 0.005489855205068971, 0.015344450956364216, 0.027395435996461423
2019-02-06, 0.1590039672436453, 0.5240174672489083, 0.30238418298119796, 0.15106749222824556, 0.24357980203439328, 0.0027530512985225316, 0.005489855205068971, 0.015344450956364216, 0.027395435996461423
2019-02-06, 0.1590039672436453, 0.5240174672489083, 0.30238418298119796, 0.15106749222824556, 0.24357980203439328, 0.0027530512985225316, 0.005489855205068971, 0.015344450956364216, 0.027395435996461423
2019-02-06, 0.1590039672436453, 0.5240174672489083, 0.30238418298119796, 0.15106749222824556, 0.24357980203439328, 0.0027530512985225316, 0.005489855205068971, 0.015344450956364216, 0.027395435996461423
2019-02-06, 0.1590039672436453, 0.5240174672489083, 0.30238418298119796, 0.15106749222824556, 0.24357980203439328, 0.0027530512985225316, 0.005489855205068971, 0.015344450956364216, 0.027395435996461423
2019-02-06, 0.1590039672436453, 0.5240174672489083, 0.30238418298119796, 0.15106749222824556, 0.24357980203439328, 0.0027530512985225316, 0.005489855205068971, 0.015344450956364216, 0.027395435996461423
2019-02-06, 0.1590039672436453, 0.5240174672489083, 0.30238418298119796, 0.15106749222824556, 0.24357980203439328, 0.0027530512985225316, 0.005489855205068971, 0.015344450956364216, 0.027395435996461423
2019-02-06, 0.1590039672436453, 0.5240174672489083, 0.30238418298119796, 0.15106749222824556, 0.24357980203439328, 0.0027530512985225316, 0.005489855205068971, 0.015344450956364216, 0.027395435996461423
2019-02-06, 0.1590039672436453, 0.5240174672489083, 0.30238418298119796, 0.15106749222824556, 0.24357980203439328, 0.0027530512985225316, 0.005489855205068971, 0.015344450956364216, 0.027395435996461423
2019-02-06, 0.1448992942859387, 0.39825327510917063, 0.24811009885636737, 0.055494180818539074, 0.41600145965424434, 0.005506102597045063, 0.004117391403801728, 0.008311577601363957, 0.02340026824697746
2019-02-06, 0.17385280350267238, 0.3353711790393016, 0.2946307423919363, 0.20039565295583597, 0.5309492314008118, 0.0027530512985225316, 0.005489855205068971, 0.006393521231818429, 0.014839194498083273
2019-02-06, 0.2475529966027041, 0.9222707423580789, 0.30238418298119796, 0.4871155871849549, 0.23536924690963815, 0.013765256492612642, 0.010979710410137941, 0.005114816985454743, 0.0034244294995576683
2019-02-06, 0.16140747367087557, 0.6078602620087337, 0.30238418298119796, 0.3021349844564911, 0.05747388587328352, 0.005506102597045048, 0.005489855205068971, 0.0012787042463636858, 0.009131811998820471
2019-01-07, 0.12743858471987338, 0.48209606986899556, 0.19383601473153708, 0.08324127122780861, 0.22989554349313554, 0.0, 0.0027449276025344853, 0.013426394586818687, 0.014268456248156992
2019-01-07, 0.14039375918211536, 0.46113537117903924, 0.20158945532079875, 0.012332040181897878, 0.42968571819550255, 0.0, 0.0027449276025344853, 0.0076722254781821, 0.007990335498967922
2019-01-07, 0.14039375918211536, 0.46113537117903924, 0.20158945532079875, 0.012332040181897878, 0.42968571819550255, 0.0, 0.0027449276025344853, 0.0076722254781821, 0.007990335498967922
2019-01-07, 0.14039375918211536, 0.46113537117903924, 0.20158945532079875, 0.012332040181897878, 0.42968571819550255, 0.0, 0.0027449276025344853, 0.0076722254781821, 0.007990335498967922
2019-01-07, 0.14039375918211536, 0.46113537117903924, 0.20158945532079875, 0.012332040181897878, 0.42968571819550255, 0.0, 0.0027449276025344853, 0.0076722254781821, 0.007990335498967922
2019-01-07, 0.14039375918211536, 0.46113537117903924, 0.20158945532079875, 0.012332040181897878, 0.42968571819550255, 0.0, 0.0027449276025344853, 0.0076722254781821, 0.007990335498967922
2019-01-07, 0.14039375918211536, 0.46113537117903924, 0.20158945532079875, 0.012332040181897878, 0.42968571819550255, 0.0, 0.0027449276025344853, 0.0076722254781821, 0.007990335498967922
2019-01-07, 0.14039375918211536, 0.46113537117903924, 0.20158945532079875, 0.012332040181897878, 0.42968571819550255, 0.0, 0.0027449276025344853, 0.0076722254781821, 0.007990335498967922
2019-01-07, 0.14039375918211536, 0.46113537117903924, 0.20158945532079875, 0.012332040181897878, 0.42968571819550255, 0.0, 0.0027449276025344853, 0.0076722254781821, 0.007990335498967922
2019-01-07, 0.14039375918211536, 0.46113537117903924, 0.20158945532079875, 0.012332040181897878, 0.42968571819550255, 0.0, 0.0027449276025344853, 0.0076722254781821, 0.007990335498967922
2019-01-07, 0.14039375918211536, 0.46113537117903924, 0.20158945532079875, 0.012332040181897878, 0.42968571819550255, 0.0, 0.0027449276025344853, 0.0076722254781821, 0.007990335498967922
2019-01-07, 0.17042563951861528, 0.0, 0.2791238612134133, 0.3576291652750302, 0.6814760753546505, 0.011012205194090118, 0.004117391403801713, 0.01406574671000053, 0.015980670997935834
2019-01-07, 0.1315185306115113, 0.2934497816593889, 0.1783291335530141, 0.052411170773064744, 0.49263330748528966, 0.0055061025970450555, 0.0, 0.01726250732590973, 0.012556241498378164
2019-01-07, 0.23719693580268653, 1.2366812227074238, 0.03876720294630728, 0.4624515068211597, 0.13410573370432838, 0.016518307791135174, 0.005489855205068971, 0.0012787042463636715, 0.002282952999705108
2019-01-07, 0.18461234578478639, 0.9013100436681225, 0.13180849001744516, 0.2713048840017473, 0.15052684395383864, 0.008259153895567594, 0.006862319006336213, 0.005114816985454729, 0.0017122147497788405
2018-12-08, 0.1867518430208984, 0.5449781659388644, 0.4419461135879048, 0.16648254245561722, 0.3256853532819412, 0.002753051298522524, 0.0, 0.007032873355000258, 0.005136644249336521
2018-12-08, 0.18735859921712483, 0.6497816593886462, 0.4496995541771661, 0.08015826118233428, 0.29557998449117323, 0.002753051298522524, 0.00274492760253447, 0.009590281847727629, 0.008561073748894203
2018-12-08, 0.18735859921712483, 0.6497816593886462, 0.4496995541771661, 0.08015826118233428, 0.29557998449117323, 0.002753051298522524, 0.00274492760253447, 0.009590281847727629, 0.008561073748894203
2018-12-08, 0.18735859921712483, 0.6497816593886462, 0.4496995541771661, 0.08015826118233428, 0.29557998449117323, 0.002753051298522524, 0.00274492760253447, 0.009590281847727629, 0.008561073748894203
2018-12-08, 0.18735859921712483, 0.6497816593886462, 0.4496995541771661, 0.08015826118233428, 0.29557998449117323, 0.002753051298522524, 0.00274492760253447, 0.009590281847727629, 0.008561073748894203
2018-12-08, 0.18735859921712483, 0.6497816593886462, 0.4496995541771661, 0.08015826118233428, 0.29557998449117323, 0.002753051298522524, 0.00274492760253447, 0.009590281847727629, 0.008561073748894203
2018-12-08, 0.18735859921712483, 0.6497816593886462, 0.4496995541771661, 0.08015826118233428, 0.29557998449117323, 0.002753051298522524, 0.00274492760253447, 0.009590281847727629, 0.008561073748894203
2018-12-08, 0.18735859921712483, 0.6497816593886462, 0.4496995541771661, 0.08015826118233428, 0.29557998449117323, 0.002753051298522524, 0.00274492760253447, 0.009590281847727629, 0.008561073748894203
2018-12-08, 0.18735859921712483, 0.6497816593886462, 0.4496995541771661, 0.08015826118233428, 0.29557998449117323, 0.002753051298522524, 0.00274492760253447, 0.009590281847727629, 0.008561073748894203
2018-12-08, 0.18735859921712483, 0.6497816593886462, 0.4496995541771661, 0.08015826118233428, 0.29557998449117323, 0.002753051298522524, 0.00274492760253447, 0.009590281847727629, 0.008561073748894203
2018-12-08, 0.18735859921712483, 0.6497816593886462, 0.4496995541771661, 0.08015826118233428, 0.29557998449117323, 0.002753051298522524, 0.00274492760253447, 0.009590281847727629, 0.008561073748894203
2018-12-08, 0.16613164466054836, 0.1467248908296942, 0.3489048265167669, 0.21581070318320764, 0.5665283036080825, 0.008259153895567587, 0.00823478280760344, 0.019180563695455257, 0.015409932748009551
2018-12-08, 0.31842988293879293, 1.02707423580786, 0.542740841248304, 0.6196850191403539, 0.3311590566984448, 0.016518307791135167, 0.005489855205068971, 0.0019180563695455287, 0.0028536912496313883
2018-12-08, 0.17779719769521554, 0.2934497816593887, 0.37991858887381286, 0.13256943195539903, 0.5802125621493407, 0.0027530512985225316, 0.0013724638012672426, 0.017262507325909743, 0.014839194498083273
2018-12-08, 0.21292603215462216, 0.7755458515283842, 0.5039736383019967, 0.36071217532050454, 0.03831592391552218, 0.008259153895567587, 0.0013724638012672426, 0.008950929724545786, 0.006278120749189082
2018-11-08, 0.10439712787873276, 0.20960698689956325, 0.24035665826710603, 0.04007913059116687, 0.3174747981571866, 0.0055061025970450555, 0.004117391403801728, 0.0031967606159092146, 0.014839194498083273
2018-11-08, 0.1466517906058011, 0.25152838427947594, 0.3411513859275056, 0.4686175269121084, 0.09305295808055464, 0.005506102597045063, 0.0013724638012672426, 0.0, 0.011985503248451872
2018-11-08, 0.1466517906058011, 0.25152838427947594, 0.3411513859275056, 0.4686175269121084, 0.09305295808055464, 0.005506102597045063, 0.0013724638012672426, 0.0, 0.011985503248451872
2018-11-08, 0.1466517906058011, 0.25152838427947594, 0.3411513859275056, 0.4686175269121084, 0.09305295808055464, 0.005506102597045063, 0.0013724638012672426, 0.0, 0.011985503248451872
2018-11-08, 0.1466517906058011, 0.25152838427947594, 0.3411513859275056, 0.4686175269121084, 0.09305295808055464, 0.005506102597045063, 0.0013724638012672426, 0.0, 0.011985503248451872
2018-11-08, 0.1466517906058011, 0.25152838427947594, 0.3411513859275056, 0.4686175269121084, 0.09305295808055464, 0.005506102597045063, 0.0013724638012672426, 0.0, 0.011985503248451872
2018-11-08, 0.1466517906058011, 0.25152838427947594, 0.3411513859275056, 0.4686175269121084, 0.09305295808055464, 0.005506102597045063, 0.0013724638012672426, 0.0, 0.011985503248451872
2018-11-08, 0.1466517906058011, 0.25152838427947594, 0.3411513859275056, 0.4686175269121084, 0.09305295808055464, 0.005506102597045063, 0.0013724638012672426, 0.0, 0.011985503248451872
2018-11-08, 0.1466517906058011, 0.25152838427947594, 0.3411513859275056, 0.4686175269121084, 0.09305295808055464, 0.005506102597045063, 0.0013724638012672426, 0.0, 0.011985503248451872
2018-11-08, 0.1466517906058011, 0.25152838427947594, 0.3411513859275056, 0.4686175269121084, 0.09305295808055464, 0.005506102597045063, 0.0013724638012672426, 0.0, 0.011985503248451872
2018-11-08, 0.1466517906058011, 0.25152838427947594, 0.3411513859275056, 0.4686175269121084, 0.09305295808055464, 0.005506102597045063, 0.0013724638012672426, 0.0, 0.011985503248451872
2018-11-08, 0.10285211394263144, 0.1886462882096069, 0.21709633649932172, 0.052411170773064744, 0.3311590566984448, 0.0055061025970450555, 0.004117391403801728, 0.004475464862272886, 0.0194051004974935
2018-11-08, 0.10299732552994297, 0.0419213973799127, 0.23260321767784473, 0.16031652236466856, 0.36673812890571544, 0.0, 0.0013724638012672426, 0.004475464862272886, 0.016551409247862112
2018-11-08, 0.3369728657404876, 0.8174672489082969, 0.45745299476642776, 0.8324127122780872, 0.5583177484833278, 0.01651830779113518, 0.0027449276025344853, 0.010868986094091329, 0.0
2018-11-08, 0.11797375569257283, 0.0838427947598254, 0.3489048265167669, 0.274387894047221, 0.22168498836838038, 0.0027530512985225316, 0.0013724638012672426, 0.0, 0.01084402674859931
2018-10-09, 0.12044306872549941, 0.18864628820960713, 0.13180849001744535, 0.5241117077306477, 0.0793686995392964, 0.011012205194090111, 0.006862319006336205, 0.005754169108636572, 0.015980670997935834
2018-10-09, 0.12710996337674937, 0.33537117903930114, 0.2946307423919365, 0.16031652236466884, 0.21347443324362575, 0.0, 0.0027449276025344853, 0.0006393521231818429, 0.009702550248746764
2018-10-09, 0.12710996337674937, 0.33537117903930114, 0.2946307423919365, 0.16031652236466884, 0.21347443324362575, 0.0, 0.0027449276025344853, 0.0006393521231818429, 0.009702550248746764
2018-10-09, 0.12710996337674937, 0.33537117903930114, 0.2946307423919365, 0.16031652236466884, 0.21347443324362575, 0.0, 0.0027449276025344853, 0.0006393521231818429, 0.009702550248746764
2018-10-09, 0.12710996337674937, 0.33537117903930114, 0.2946307423919365, 0.16031652236466884, 0.21347443324362575, 0.0, 0.0027449276025344853, 0.0006393521231818429, 0.009702550248746764
2018-10-09, 0.12710996337674937, 0.33537117903930114, 0.2946307423919365, 0.16031652236466884, 0.21347443324362575, 0.0, 0.0027449276025344853, 0.0006393521231818429, 0.009702550248746764
2018-10-09, 0.12710996337674937, 0.33537117903930114, 0.2946307423919365, 0.16031652236466884, 0.21347443324362575, 0.0, 0.0027449276025344853, 0.0006393521231818429, 0.009702550248746764
2018-10-09, 0.12710996337674937, 0.33537117903930114, 0.2946307423919365, 0.16031652236466884, 0.21347443324362575, 0.0, 0.0027449276025344853, 0.0006393521231818429, 0.009702550248746764
2018-10-09, 0.12710996337674937, 0.33537117903930114, 0.2946307423919365, 0.16031652236466884, 0.21347443324362575, 0.0, 0.0027449276025344853, 0.0006393521231818429, 0.009702550248746764
2018-10-09, 0.12710996337674937, 0.33537117903930114, 0.2946307423919365, 0.16031652236466884, 0.21347443324362575, 0.0, 0.0027449276025344853, 0.0006393521231818429, 0.009702550248746764
2018-10-09, 0.12710996337674937, 0.33537117903930114, 0.2946307423919365, 0.16031652236466884, 0.21347443324362575, 0.0, 0.0027449276025344853, 0.0006393521231818429, 0.009702550248746764
2018-10-09, 0.1022188087419654, 0.1257641921397381, 0.1860825741422756, 0.41312334609356954, 0.05747388587328352, 0.008259153895567587, 0.008234782807603449, 0.005114816985454729, 0.013697717998230712
2018-10-09, 0.11138550091810678, 0.1257641921397381, 0.21709633649932156, 0.41928936618451823, 0.0848424029557995, 0.008259153895567587, 0.005489855205068963, 0.011508338217273158, 0.018834362247567234
2018-10-09, 0.09958447071479898, 0.06288209606986905, 0.1860825741422756, 0.4501194666392621, 0.06568444099803816, 0.008259153895567587, 0.009607246608870692, 0.0031967606159092003, 0.010844026748599323
2018-10-09, 0.0926472011181901, 0.1257641921397381, 0.15506881178522963, 0.3576291652750302, 0.07115814441454224, 0.008259153895567587, 0.005489855205068963, 0.006393521231818415, 0.011414764998525603
2018-09-09, 0.09943610582184585, 0.0419213973799127, 0.21709633649932156, 0.4747835470030573, 0.016421110249509784, 0.011012205194090118, 0.004117391403801728, 0.009590281847727629, 0.020546576997346074
2018-09-09, 0.14727942015173837, 0.3982532751091704, 0.3256445047489821, 0.09557331140970622, 0.33936961182319925, 0.005506102597045063, 0.004117391403801728, 0.0006393521231818429, 0.009131811998820483
2018-09-09, 0.14727942015173837, 0.3982532751091704, 0.3256445047489821, 0.09557331140970622, 0.33936961182319925, 0.005506102597045063, 0.004117391403801728, 0.0006393521231818429, 0.009131811998820483
2018-09-09, 0.14727942015173837, 0.3982532751091704, 0.3256445047489821, 0.09557331140970622, 0.33936961182319925, 0.005506102597045063, 0.004117391403801728, 0.0006393521231818429, 0.009131811998820483
2018-09-09, 0.14727942015173837, 0.3982532751091704, 0.3256445047489821, 0.09557331140970622, 0.33936961182319925, 0.005506102597045063, 0.004117391403801728, 0.0006393521231818429, 0.009131811998820483
2018-09-09, 0.14727942015173837, 0.3982532751091704, 0.3256445047489821, 0.09557331140970622, 0.33936961182319925, 0.005506102597045063, 0.004117391403801728, 0.0006393521231818429, 0.009131811998820483
2018-09-09, 0.14727942015173837, 0.3982532751091704, 0.3256445047489821, 0.09557331140970622, 0.33936961182319925, 0.005506102597045063, 0.004117391403801728, 0.0006393521231818429, 0.009131811998820483
2018-09-09, 0.14727942015173837, 0.3982532751091704, 0.3256445047489821, 0.09557331140970622, 0.33936961182319925, 0.005506102597045063, 0.004117391403801728, 0.0006393521231818429, 0.009131811998820483
2018-09-09, 0.14727942015173837, 0.3982532751091704, 0.3256445047489821, 0.09557331140970622, 0.33936961182319925, 0.005506102597045063, 0.004117391403801728, 0.0006393521231818429, 0.009131811998820483
2018-09-09, 0.14727942015173837, 0.3982532751091704, 0.3256445047489821, 0.09557331140970622, 0.33936961182319925, 0.005506102597045063, 0.004117391403801728, 0.0006393521231818429, 0.009131811998820483
2018-09-09, 0.14727942015173837, 0.3982532751091704, 0.3256445047489821, 0.09557331140970622, 0.33936961182319925, 0.005506102597045063, 0.004117391403801728, 0.0006393521231818429, 0.009131811998820483
2018-09-09, 0.08223637043272773, 0.0, 0.1860825741422756, 0.4316214063664158, 0.0, 0.008259153895567587, 0.005489855205068971, 0.007032873355000258, 0.019405100497493513
2018-09-09, 0.10556147078875545, 0.08384279475982516, 0.24811009885636753, 0.45628548673021074, 0.019157961957761333, 0.011012205194090118, 0.005489855205068971, 0.005754169108636572, 0.014839194498083273
2018-09-09, 0.1118075936646755, 0.12576419213973786, 0.19383601473153692, 0.48403257713948056, 0.04105277562377422, 0.01376525649261265, 0.0027449276025344853, 0.012147690340455, 0.021117315247272353
2018-09-09, 0.12228851792261133, 0.16768558951965057, 0.15506881178522963, 0.5456927780489683, 0.06294758928978711, 0.011012205194090118, 0.005489855205068971, 0.012147690340455, 0.018263623997640952
2018-08-10, 0.08094354065940419, 0.08384279475982516, 0.062027524714091925, 0.38537625568429973, 0.07936869953929689, 0.011012205194090118, 0.004117391403801728, 0.006393521231818415, 0.015409932748009551
2018-08-10, 0.12961182848376043, 0.4401746724890829, 0.1473153711959685, 0.1788145826375151, 0.25726406057565104, 0.0027530512985225316, 0.0013724638012672426, 0.0006393521231818429, 0.008561073748894203
2018-08-10, 0.12961182848376043, 0.4401746724890829, 0.1473153711959685, 0.1788145826375151, 0.25726406057565104, 0.0027530512985225316, 0.0013724638012672426, 0.0006393521231818429, 0.008561073748894203
2018-08-10, 0.12961182848376043, 0.4401746724890829, 0.1473153711959685, 0.1788145826375151, 0.25726406057565104, 0.0027530512985225316, 0.0013724638012672426, 0.0006393521231818429, 0.008561073748894203
2018-08-10, 0.12961182848376043, 0.4401746724890829, 0.1473153711959685, 0.1788145826375151, 0.25726406057565104, 0.0027530512985225316, 0.0013724638012672426, 0.0006393521231818429, 0.008561073748894203
2018-08-10, 0.12961182848376043, 0.4401746724890829, 0.1473153711959685, 0.1788145826375151, 0.25726406057565104, 0.0027530512985225316, 0.0013724638012672426, 0.0006393521231818429, 0.008561073748894203
2018-08-10, 0.12961182848376043, 0.4401746724890829, 0.1473153711959685, 0.1788145826375151, 0.25726406057565104, 0.0027530512985225316, 0.0013724638012672426, 0.0006393521231818429, 0.008561073748894203
2018-08-10, 0.12961182848376043, 0.4401746724890829, 0.1473153711959685, 0.1788145826375151, 0.25726406057565104, 0.0027530512985225316, 0.0013724638012672426, 0.0006393521231818429, 0.008561073748894203
2018-08-10, 0.12961182848376043, 0.4401746724890829, 0.1473153711959685, 0.1788145826375151, 0.25726406057565104, 0.0027530512985225316, 0.0013724638012672426, 0.0006393521231818429, 0.008561073748894203
2018-08-10, 0.12961182848376043, 0.4401746724890829, 0.1473153711959685, 0.1788145826375151, 0.25726406057565104, 0.0027530512985225316, 0.0013724638012672426, 0.0006393521231818429, 0.008561073748894203
2018-08-10, 0.12961182848376043, 0.4401746724890829, 0.1473153711959685, 0.1788145826375151, 0.25726406057565104, 0.0027530512985225316, 0.0013724638012672426, 0.0006393521231818429, 0.008561073748894203
2018-08-10, 0.0969147445129388, 0.06288209606986882, 0.046520643535568944, 0.4871155871849549, 0.14505314053733553, 0.008259153895567587, 0.004117391403801728, 0.0076722254781821, 0.013697717998230712
2018-08-10, 0.07688667187987838, 0.02096069868995635, 0.007753440589261319, 0.45320247668473645, 0.09852666149705823, 0.011012205194090118, 0.004117391403801728, 0.006393521231818415, 0.013126979748304431
2018-08-10, 0.07413218176786164, 0.0, 0.031013762357045963, 0.47170053695758296, 0.057473885873284, 0.011012205194090118, 0.004117391403801728, 0.005754169108636572, 0.011985503248451872
2018-08-10, 0.09806012107495743, 0.0, 0.007753440589261319, 0.5703568584127638, 0.17242165761985154, 0.008259153895567587, 0.0027449276025344853, 0.006393521231818415, 0.016551409247862112
2018-07-11, 0.08304085217233009, 0.04192139737991247, 0.08528784648187657, 0.4501194666392621, 0.049263330748528865, 0.011012205194090111, 0.005489855205068963, 0.006393521231818429, 0.014839194498083273
2018-07-11, 0.13192367972692293, 0.4401746724890829, 0.1473153711959685, 0.2127276931377336, 0.24357980203439328, 0.002753051298522524, 0.001372463801267235, 0.005754169108636572, 0.0017122147497788405
2018-07-11, 0.13192367972692293, 0.4401746724890829, 0.1473153711959685, 0.2127276931377336, 0.24357980203439328, 0.002753051298522524, 0.001372463801267235, 0.005754169108636572, 0.0017122147497788405
2018-07-11, 0.13192367972692293, 0.4401746724890829, 0.1473153711959685, 0.2127276931377336, 0.24357980203439328, 0.002753051298522524, 0.001372463801267235, 0.005754169108636572, 0.0017122147497788405
2018-07-11, 0.13192367972692293, 0.4401746724890829, 0.1473153711959685, 0.2127276931377336, 0.24357980203439328, 0.002753051298522524, 0.001372463801267235, 0.005754169108636572, 0.0017122147497788405
2018-07-11, 0.13192367972692293, 0.4401746724890829, 0.1473153711959685, 0.2127276931377336, 0.24357980203439328, 0.002753051298522524, 0.001372463801267235, 0.005754169108636572, 0.0017122147497788405
2018-07-11, 0.13192367972692293, 0.4401746724890829, 0.1473153711959685, 0.2127276931377336, 0.24357980203439328, 0.002753051298522524, 0.001372463801267235, 0.005754169108636572, 0.0017122147497788405
2018-07-11, 0.13192367972692293, 0.4401746724890829, 0.1473153711959685, 0.2127276931377336, 0.24357980203439328, 0.002753051298522524, 0.001372463801267235, 0.005754169108636572, 0.0017122147497788405
2018-07-11, 0.13192367972692293, 0.4401746724890829, 0.1473153711959685, 0.2127276931377336, 0.24357980203439328, 0.002753051298522524, 0.001372463801267235, 0.005754169108636572, 0.0017122147497788405
2018-07-11, 0.13192367972692293, 0.4401746724890829, 0.1473153711959685, 0.2127276931377336, 0.24357980203439328, 0.002753051298522524, 0.001372463801267235, 0.005754169108636572, 0.0017122147497788405
2018-07-11, 0.13192367972692293, 0.4401746724890829, 0.1473153711959685, 0.2127276931377336, 0.24357980203439328, 0.002753051298522524, 0.001372463801267235, 0.005754169108636572, 0.0017122147497788405
2018-07-11, 0.09516045132231662, 0.08384279475982516, 0.06978096530335359, 0.4994476273668525, 0.07389499612279331, 0.008259153895567587, 0.00411739140380172, 0.007672225478182115, 0.014268456248156992
2018-07-11, 0.08076635317220335, 0.08384279475982516, 0.062027524714091925, 0.4686175269121084, 0.0027368517082515496, 0.008259153895567587, 0.00411739140380172, 0.005114816985454743, 0.011414764998525591
2018-07-11, 0.26759720391956554, 0.9013100436681221, 0.2481100988563677, 0.2281427433651055, 0.7389499612279342, 0.008259153895567587, 0.0, 0.010868986094091315, 0.005136644249336521
2018-07-11, 0.16955944564191586, 0.6917030567685588, 0.20934289591006008, 0.00924903013642327, 0.4351594216120059, 0.0027530512985225316, 0.0013724638012672426, 0.005754169108636572, 0.0011414764998525604
2018-06-11, 0.08939262983160962, 0.1467248908296942, 0.06978096530335359, 0.4377874264573645, 0.019157961957761333, 0.011012205194090111, 0.008234782807603449, 0.007032873355000272, 0.015409932748009551
2018-06-11, 0.134338137351051, 0.48209606986899556, 0.1550688117852298, 0.15106749222824556, 0.26547461570040615, 0.0055061025970450555, 0.006862319006336205, 0.0006393521231818429, 0.007990335498967922
2018-06-11, 0.134338137351051, 0.48209606986899556, 0.1550688117852298, 0.15106749222824556, 0.26547461570040615, 0.0055061025970450555, 0.006862319006336205, 0.0006393521231818429, 0.007990335498967922
2018-06-11, 0.134338137351051, 0.48209606986899556, 0.1550688117852298, 0.15106749222824556, 0.26547461570040615, 0.0055061025970450555, 0.006862319006336205, 0.0006393521231818429, 0.007990335498967922
2018-06-11, 0.134338137351051, 0.48209606986899556, 0.1550688117852298, 0.15106749222824556, 0.26547461570040615, 0.0055061025970450555, 0.006862319006336205, 0.0006393521231818429, 0.007990335498967922
2018-06-11, 0.134338137351051, 0.48209606986899556, 0.1550688117852298, 0.15106749222824556, 0.26547461570040615, 0.0055061025970450555, 0.006862319006336205, 0.0006393521231818429, 0.007990335498967922
2018-06-11, 0.134338137351051, 0.48209606986899556, 0.1550688117852298, 0.15106749222824556, 0.26547461570040615, 0.0055061025970450555, 0.006862319006336205, 0.0006393521231818429, 0.007990335498967922
2018-06-11, 0.134338137351051, 0.48209606986899556, 0.1550688117852298, 0.15106749222824556, 0.26547461570040615, 0.0055061025970450555, 0.006862319006336205, 0.0006393521231818429, 0.007990335498967922
2018-06-11, 0.134338137351051, 0.48209606986899556, 0.1550688117852298, 0.15106749222824556, 0.26547461570040615, 0.0055061025970450555, 0.006862319006336205, 0.0006393521231818429, 0.007990335498967922
2018-06-11, 0.134338137351051, 0.48209606986899556, 0.1550688117852298, 0.15106749222824556, 0.26547461570040615, 0.0055061025970450555, 0.006862319006336205, 0.0006393521231818429, 0.007990335498967922
2018-06-11, 0.134338137351051, 0.48209606986899556, 0.1550688117852298, 0.15106749222824556, 0.26547461570040615, 0.0055061025970450555, 0.006862319006336205, 0.0006393521231818429, 0.007990335498967922
2018-06-11, 0.07912113026177779, 0.06288209606986905, 0.007753440589261662, 0.3977082958661974, 0.12042147516307111, 0.011012205194090111, 0.009607246608870692, 0.007032873355000272, 0.016551409247862112
2018-06-11, 0.07596807637949188, 0.0419213973799127, 0.015506881178522981, 0.44703645659378777, 0.060210737581535556, 0.008259153895567587, 0.008234782807603449, 0.008311577601363957, 0.018263623997640952
2018-06-11, 0.2966435992602059, 1.0899563318777292, 0.24035665826710603, 0.22197672327415657, 0.7936869953929665, 0.008259153895567587, 0.004117391403801728, 0.010229633970909473, 0.0045659059994102415
2018-06-11, 0.16145684074900885, 0.6497816593886464, 0.11630160883892253, 0.07090923104591101, 0.44063312502850926, 0.0, 0.005489855205068971, 0.005114816985454729, 0.003424429499557681
2018-05-12, 0.09327457426785585, 0.2515283842794758, 0.03876720294630762, 0.41312334609356954, 0.0, 0.011012205194090118, 0.00411739140380172, 0.007672225478182115, 0.019975838747419792
2018-05-12, 0.15675673291087375, 0.6917030567685589, 0.16282225237449113, 0.1942296328648873, 0.19157961957761285, 0.0027530512985225316, 0.00411739140380172, 0.0, 0.006848858999115362
2018-05-12, 0.15675673291087375, 0.6917030567685589, 0.16282225237449113, 0.1942296328648873, 0.19157961957761285, 0.0027530512985225316, 0.00411739140380172, 0.0, 0.006848858999115362
2018-05-12, 0.15675673291087375, 0.6917030567685589, 0.16282225237449113, 0.1942296328648873, 0.19157961957761285, 0.0027530512985225316, 0.00411739140380172, 0.0, 0.006848858999115362
2018-05-12, 0.15675673291087375, 0.6917030567685589, 0.16282225237449113, 0.1942296328648873, 0.19157961957761285, 0.0027530512985225316, 0.00411739140380172, 0.0, 0.006848858999115362
2018-05-12, 0.15675673291087375, 0.6917030567685589, 0.16282225237449113, 0.1942296328648873, 0.19157961957761285, 0.0027530512985225316, 0.00411739140380172, 0.0, 0.006848858999115362
2018-05-12, 0.15675673291087375, 0.6917030567685589, 0.16282225237449113, 0.1942296328648873, 0.19157961957761285, 0.0027530512985225316, 0.00411739140380172, 0.0, 0.006848858999115362
2018-05-12, 0.15675673291087375, 0.6917030567685589, 0.16282225237449113, 0.1942296328648873, 0.19157961957761285, 0.0027530512985225316, 0.00411739140380172, 0.0, 0.006848858999115362
2018-05-12, 0.15675673291087375, 0.6917030567685589, 0.16282225237449113, 0.1942296328648873, 0.19157961957761285, 0.0027530512985225316, 0.00411739140380172, 0.0, 0.006848858999115362
2018-05-12, 0.15675673291087375, 0.6917030567685589, 0.16282225237449113, 0.1942296328648873, 0.19157961957761285, 0.0027530512985225316, 0.00411739140380172, 0.0, 0.006848858999115362
2018-05-12, 0.15675673291087375, 0.6917030567685589, 0.16282225237449113, 0.1942296328648873, 0.19157961957761285, 0.0027530512985225316, 0.00411739140380172, 0.0, 0.006848858999115362
2018-05-12, 0.11744297688366062, 0.20960698689956336, 0.0775344058926149, 0.5117796675487502, 0.09578980978880619, 0.011012205194090118, 0.00411739140380172, 0.010868986094091329, 0.018834362247567234
2018-05-12, 0.1921735181368551, 0.8174672489082968, 0.13956193060670682, 0.08015826118233428, 0.48715960406878656, 0.0055061025970450555, 0.0, 0.006393521231818415, 0.0011414764998525604
2018-05-12, 0.29550406918292577, 1.194759825327511, 0.2481100988563677, 0.20656167304678463, 0.6924234821876571, 0.011012205194090111, 0.0, 0.008311577601363944, 0.002853691249631401
2018-05-12, 0.13515819474911256, 0.5449781659388645, 0.1783291335530141, 0.2836369241836446, 0.057473885873284, 0.0027530512985225316, 0.00411739140380172, 0.0025574084927273717, 0.007419597249041642
2018-04-12, 0.1169363016428116, 0.0838427947598254, 0.23260321767784456, 0.48403257713948056, 0.09031610637230308, 0.011012205194090118, 0.00411739140380172, 0.009590281847727644, 0.019975838747419792
2018-04-12, 0.1354873044636828, 0.46113537117903936, 0.28687730180267496, 0.07399224109138562, 0.24631665374264458, 0.005506102597045063, 0.0013724638012672426, 0.0012787042463636858, 0.007419597249041642
2018-04-12, 0.1354873044636828, 0.46113537117903936, 0.28687730180267496, 0.07399224109138562, 0.24631665374264458, 0.005506102597045063, 0.0013724638012672426, 0.0012787042463636858, 0.007419597249041642
2018-04-12, 0.1354873044636828, 0.46113537117903936, 0.28687730180267496, 0.07399224109138562, 0.24631665374264458, 0.005506102597045063, 0.0013724638012672426, 0.0012787042463636858, 0.007419597249041642
2018-04-12, 0.1354873044636828, 0.46113537117903936, 0.28687730180267496, 0.07399224109138562, 0.24631665374264458, 0.005506102597045063, 0.0013724638012672426, 0.0012787042463636858, 0.007419597249041642
2018-04-12, 0.1354873044636828, 0.46113537117903936, 0.28687730180267496, 0.07399224109138562, 0.24631665374264458, 0.005506102597045063, 0.0013724638012672426, 0.0012787042463636858, 0.007419597249041642
2018-04-12, 0.1354873044636828, 0.46113537117903936, 0.28687730180267496, 0.07399224109138562, 0.24631665374264458, 0.005506102597045063, 0.0013724638012672426, 0.0012787042463636858, 0.007419597249041642
2018-04-12, 0.1354873044636828, 0.46113537117903936, 0.28687730180267496, 0.07399224109138562, 0.24631665374264458, 0.005506102597045063, 0.0013724638012672426, 0.0012787042463636858, 0.007419597249041642
2018-04-12, 0.1354873044636828, 0.46113537117903936, 0.28687730180267496, 0.07399224109138562, 0.24631665374264458, 0.005506102597045063, 0.0013724638012672426, 0.0012787042463636858, 0.007419597249041642
2018-04-12, 0.1354873044636828, 0.46113537117903936, 0.28687730180267496, 0.07399224109138562, 0.24631665374264458, 0.005506102597045063, 0.0013724638012672426, 0.0012787042463636858, 0.007419597249041642
2018-04-12, 0.1354873044636828, 0.46113537117903936, 0.28687730180267496, 0.07399224109138562, 0.24631665374264458, 0.005506102597045063, 0.0013724638012672426, 0.0012787042463636858, 0.007419597249041642
2018-04-12, 0.11848370573742083, 0.12576419213973797, 0.24811009885636737, 0.5179456876396991, 0.021894813666012883, 0.008259153895567587, 0.002744927602534478, 0.008311577601363957, 0.014839194498083273
2018-04-12, 0.31799102564133425, 1.0270742358078604, 0.4264392324093818, 0.2743878940472213, 0.7936869953929662, 0.011012205194090111, 0.0013724638012672426, 0.0076722254781821, 0.0022829529997051208
2018-04-12, 0.13948220392511218, 0.3982532751091703, 0.28687730180267496, 0.36071217532050454, 0.043789627332025766, 0.0027530512985225316, 0.0013724638012672426, 0.0038361127390910575, 0.018263623997640952
2018-04-12, 0.20038217426196372, 0.754585152838428, 0.37991858887381286, 0.01849806027284654, 0.4378962733202572, 0.002753051298522524, 0.0, 0.0025574084927273717, 0.006848858999115362
2018-03-13, 0.07417161549658034, 0.020960698689956234, 0.13180849001744516, 0.3452971250931326, 0.06294758928978711, 0.008259153895567587, 0.006862319006336205, 0.006393521231818415, 0.01084402674859931
2018-03-13, 0.1154584544229015, 0.37729257641921393, 0.13956193060670666, 0.04316214063664175, 0.3448433152397028, 0.0, 0.009607246608870692, 0.0006393521231818429, 0.008561073748894203
2018-03-13, 0.1154584544229015, 0.37729257641921393, 0.13956193060670666, 0.04316214063664175, 0.3448433152397028, 0.0, 0.009607246608870692, 0.0006393521231818429, 0.008561073748894203
2018-03-13, 0.1154584544229015, 0.37729257641921393, 0.13956193060670666, 0.04316214063664175, 0.3448433152397028, 0.0, 0.009607246608870692, 0.0006393521231818429, 0.008561073748894203
2018-03-13, 0.1154584544229015, 0.37729257641921393, 0.13956193060670666, 0.04316214063664175, 0.3448433152397028, 0.0, 0.009607246608870692, 0.0006393521231818429, 0.008561073748894203
2018-03-13, 0.1154584544229015, 0.37729257641921393, 0.13956193060670666, 0.04316214063664175, 0.3448433152397028, 0.0, 0.009607246608870692, 0.0006393521231818429, 0.008561073748894203
2018-03-13, 0.1154584544229015, 0.37729257641921393, 0.13956193060670666, 0.04316214063664175, 0.3448433152397028, 0.0, 0.009607246608870692, 0.0006393521231818429, 0.008561073748894203
2018-03-13, 0.1154584544229015, 0.37729257641921393, 0.13956193060670666, 0.04316214063664175, 0.3448433152397028, 0.0, 0.009607246608870692, 0.0006393521231818429, 0.008561073748894203
2018-03-13, 0.1154584544229015, 0.37729257641921393, 0.13956193060670666, 0.04316214063664175, 0.3448433152397028, 0.0, 0.009607246608870692, 0.0006393521231818429, 0.008561073748894203
2018-03-13, 0.1154584544229015, 0.37729257641921393, 0.13956193060670666, 0.04316214063664175, 0.3448433152397028, 0.0, 0.009607246608870692, 0.0006393521231818429, 0.008561073748894203
2018-03-13, 0.1154584544229015, 0.37729257641921393, 0.13956193060670666, 0.04316214063664175, 0.3448433152397028, 0.0, 0.009607246608870692, 0.0006393521231818429, 0.008561073748894203
2018-03-13, 0.0757214482057419, 0.020960698689956234, 0.10079472766039937, 0.4377874264573645, 0.010947406833006686, 0.008259153895567587, 0.006862319006336205, 0.007032873355000258, 0.013126979748304431
2018-03-13, 0.3153314252454265, 0.8593886462882095, 0.28687730180267496, 0.3792102355933511, 0.9633718013045662, 0.008259153895567587, 0.009607246608870692, 0.010229633970909487, 0.005707382499262789
2018-03-13, 0.09601977757785252, 0.23056768558951962, 0.1783291335530141, 0.21889371322868226, 0.11221092003831597, 0.0027530512985225316, 0.008234782807603449, 0.005754169108636572, 0.011414764998525591
2018-03-13, 0.19988267402742219, 0.5868995633187772, 0.24811009885636753, 0.16339953241014318, 0.5829494138575927, 0.0027530512985225316, 0.009607246608870692, 0.0019180563695455287, 0.003424429499557681
2018-02-11, 0.10005479307983924, 0.0419213973799127, 0.23260321767784456, 0.480949567094006, 0.005473703416503586, 0.011012205194090118, 0.00411739140380172, 0.008950929724545786, 0.015409932748009551
2018-02-11, 0.14301671881984654, 0.37729257641921393, 0.3333979453382439, 0.006166020090948939, 0.4023172011129866, 0.0027530512985225316, 0.008234782807603449, 0.0025574084927273573, 0.011414764998525591
2018-02-11, 0.14301671881984654, 0.37729257641921393, 0.3333979453382439, 0.006166020090948939, 0.4023172011129866, 0.0027530512985225316, 0.008234782807603449, 0.0025574084927273573, 0.011414764998525591
2018-02-11, 0.14301671881984654, 0.37729257641921393, 0.3333979453382439, 0.006166020090948939, 0.4023172011129866, 0.0027530512985225316, 0.008234782807603449, 0.0025574084927273573, 0.011414764998525591
2018-02-11, 0.14301671881984654, 0.37729257641921393, 0.3333979453382439, 0.006166020090948939, 0.4023172011129866, 0.0027530512985225316, 0.008234782807603449, 0.0025574084927273573, 0.011414764998525591
2018-02-11, 0.14301671881984654, 0.37729257641921393, 0.3333979453382439, 0.006166020090948939, 0.4023172011129866, 0.0027530512985225316, 0.008234782807603449, 0.0025574084927273573, 0.011414764998525591
2018-02-11, 0.14301671881984654, 0.37729257641921393, 0.3333979453382439, 0.006166020090948939, 0.4023172011129866, 0.0027530512985225316, 0.008234782807603449, 0.0025574084927273573, 0.011414764998525591
2018-02-11, 0.14301671881984654, 0.37729257641921393, 0.3333979453382439, 0.006166020090948939, 0.4023172011129866, 0.0027530512985225316, 0.008234782807603449, 0.0025574084927273573, 0.011414764998525591
2018-02-11, 0.14301671881984654, 0.37729257641921393, 0.3333979453382439, 0.006166020090948939, 0.4023172011129866, 0.0027530512985225316, 0.008234782807603449, 0.0025574084927273573, 0.011414764998525591
2018-02-11, 0.14301671881984654, 0.37729257641921393, 0.3333979453382439, 0.006166020090948939, 0.4023172011129866, 0.0027530512985225316, 0.008234782807603449, 0.0025574084927273573, 0.011414764998525591
2018-02-11, 0.14301671881984654, 0.37729257641921393, 0.3333979453382439, 0.006166020090948939, 0.4023172011129866, 0.0027530512985225316, 0.008234782807603449, 0.0025574084927273573, 0.011414764998525591
2018-02-11, 0.08548183764507665, 0.0419213973799127, 0.23260321767784456, 0.3637951853659789, 0.005473703416503586, 0.011012205194090118, 0.00411739140380172, 0.008950929724545786, 0.015980670997935834
2018-02-11, 0.09735433095281813, 0.06288209606986893, 0.28687730180267496, 0.3792102355933508, 0.005473703416503099, 0.008259153895567587, 0.006862319006336205, 0.012147690340455, 0.01712214749778839
2018-02-11, 0.0947137446235798, 0.0, 0.26361698003489054, 0.3452971250931326, 0.09852666149705823, 0.011012205194090118, 0.005489855205068963, 0.011508338217273158, 0.022258791747124914
2018-02-11, 0.08122972388284128, 0.020960698689956234, 0.23260321767784456, 0.25897284381984936, 0.09852666149705823, 0.008259153895567587, 0.006862319006336205, 0.0076722254781821, 0.015980670997935834
2018-01-12, 0.16710211808489914, 0.0419213973799127, 0.11630160883892218, 0.4162063561390436, 0.7225288509784247, 0.008259153895567587, 0.0, 0.01790185944909158, 0.013697717998230712
2018-01-12, 0.11983901199155893, 0.14672489082969434, 0.16282225237449113, 0.20347866300131032, 0.4187383113624961, 0.0055061025970450555, 0.0013724638012672426, 0.011508338217273165, 0.00856107374889419
2018-01-12, 0.11983901199155893, 0.14672489082969434, 0.16282225237449113, 0.20347866300131032, 0.4187383113624961, 0.0055061025970450555, 0.0013724638012672426, 0.011508338217273165, 0.00856107374889419
2018-01-12, 0.11983901199155893, 0.14672489082969434, 0.16282225237449113, 0.20347866300131032, 0.4187383113624961, 0.0055061025970450555, 0.0013724638012672426, 0.011508338217273165, 0.00856107374889419
2018-01-12, 0.11983901199155893, 0.14672489082969434, 0.16282225237449113, 0.20347866300131032, 0.4187383113624961, 0.0055061025970450555, 0.0013724638012672426, 0.011508338217273165, 0.00856107374889419
2018-01-12, 0.11983901199155893, 0.14672489082969434, 0.16282225237449113, 0.20347866300131032, 0.4187383113624961, 0.0055061025970450555, 0.0013724638012672426, 0.011508338217273165, 0.00856107374889419
2018-01-12, 0.11983901199155893, 0.14672489082969434, 0.16282225237449113, 0.20347866300131032, 0.4187383113624961, 0.0055061025970450555, 0.0013724638012672426, 0.011508338217273165, 0.00856107374889419
2018-01-12, 0.11983901199155893, 0.14672489082969434, 0.16282225237449113, 0.20347866300131032, 0.4187383113624961, 0.0055061025970450555, 0.0013724638012672426, 0.011508338217273165, 0.00856107374889419
2018-01-12, 0.11983901199155893, 0.14672489082969434, 0.16282225237449113, 0.20347866300131032, 0.4187383113624961, 0.0055061025970450555, 0.0013724638012672426, 0.011508338217273165, 0.00856107374889419
2018-01-12, 0.11983901199155893, 0.14672489082969434, 0.16282225237449113, 0.20347866300131032, 0.4187383113624961, 0.0055061025970450555, 0.0013724638012672426, 0.011508338217273165, 0.00856107374889419
2018-01-12, 0.11983901199155893, 0.14672489082969434, 0.16282225237449113, 0.20347866300131032, 0.4187383113624961, 0.0055061025970450555, 0.0013724638012672426, 0.011508338217273165, 0.00856107374889419
2018-01-12, 0.1192293229688894, 0.10480349344978163, 0.12405504942818368, 0.2158107031832079, 0.48715960406878633, 0.0027530512985225316, 0.0027449276025344853, 0.01022963397090948, 0.006278120749189069
2018-01-12, 0.1491960702098524, 0.4192139737991266, 0.15506881178522963, 0.36687819541145333, 0.2381060986178898, 0.0055061025970450555, 0.0027449276025344853, 0.0031967606159092076, 0.002853691249631401
2018-01-12, 0.09124410446818004, 0.25152838427947594, 0.13180849001744516, 0.1356524420008735, 0.19705332299411596, 0.0, 0.0027449276025344853, 0.00831157760136395, 0.0028536912496313883
2018-01-12, 0.08444534132622068, 0.2934497816593887, 0.13956193060670666, 0.2158107031832079, 0.01094740683300632, 0.0027530512985225316, 0.0013724638012672426, 0.007672225478182108, 0.003995167749483949
2017-12-13, 0.10041050421395366, 0.377292576419214, 0.06978096530335325, 0.2558898337743751, 0.08210555124754831, 0.0, 0.009607246608870692, 0.005754169108636586, 0.002853691249631401
2017-12-13, 0.11433956583311476, 0.251528384279476, 0.09304128707113772, 0.1541505022737199, 0.4023172011129863, 0.0027530512985225316, 0.006862319006336205, 0.0006393521231818287, 0.003424429499557681
2017-12-13, 0.11433956583311476, 0.251528384279476, 0.09304128707113772, 0.1541505022737199, 0.4023172011129863, 0.0027530512985225316, 0.006862319006336205, 0.0006393521231818287, 0.003424429499557681
2017-12-13, 0.11433956583311476, 0.251528384279476, 0.09304128707113772, 0.1541505022737199, 0.4023172011129863, 0.0027530512985225316, 0.006862319006336205, 0.0006393521231818287, 0.003424429499557681
2017-12-13, 0.11433956583311476, 0.251528384279476, 0.09304128707113772, 0.1541505022737199, 0.4023172011129863, 0.0027530512985225316, 0.006862319006336205, 0.0006393521231818287, 0.003424429499557681
2017-12-13, 0.11433956583311476, 0.251528384279476, 0.09304128707113772, 0.1541505022737199, 0.4023172011129863, 0.0027530512985225316, 0.006862319006336205, 0.0006393521231818287, 0.003424429499557681
2017-12-13, 0.11433956583311476, 0.251528384279476, 0.09304128707113772, 0.1541505022737199, 0.4023172011129863, 0.0027530512985225316, 0.006862319006336205, 0.0006393521231818287, 0.003424429499557681
2017-12-13, 0.11433956583311476, 0.251528384279476, 0.09304128707113772, 0.1541505022737199, 0.4023172011129863, 0.0027530512985225316, 0.006862319006336205, 0.0006393521231818287, 0.003424429499557681
2017-12-13, 0.11433956583311476, 0.251528384279476, 0.09304128707113772, 0.1541505022737199, 0.4023172011129863, 0.0027530512985225316, 0.006862319006336205, 0.0006393521231818287, 0.003424429499557681
2017-12-13, 0.11433956583311476, 0.251528384279476, 0.09304128707113772, 0.1541505022737199, 0.4023172011129863, 0.0027530512985225316, 0.006862319006336205, 0.0006393521231818287, 0.003424429499557681
2017-12-13, 0.11433956583311476, 0.251528384279476, 0.09304128707113772, 0.1541505022737199, 0.4023172011129863, 0.0027530512985225316, 0.006862319006336205, 0.0006393521231818287, 0.003424429499557681
2017-12-13, 0.09156819448862362, 0.39825327510917025, 0.06978096530335325, 0.23739177350152865, 0.016421110249509662, 0.0, 0.006862319006336205, 0.0038361127390910575, 0.0
2017-12-13, 0.10794044250131059, 0.41921397379912656, 0.08528784648187622, 0.2651388639107982, 0.0766318478310451, 0.0, 0.006862319006336205, 0.006393521231818429, 0.003995167749483961
2017-12-13, 0.08502083559744704, 0.377292576419214, 0.06202752471409175, 0.22505973331963106, 0.0027368517082515496, 0.0, 0.006862319006336205, 0.0044754648622729, 0.0017122147497788405
2017-12-13, 0.08094678290892429, 0.3563318777292577, 0.09304128707113772, 0.18498060272846392, 0.0, 0.002753051298522524, 0.005489855205068971, 0.0038361127390910575, 0.0011414764998525604
2017-11-13, 0.07833484213271859, 0.314410480349345, 0.0775344058926149, 0.18806361277393838, 0.030105368790767535, 0.0, 0.006862319006336213, 0.0, 0.009702550248746764
2017-11-13, 0.10772540244638205, 0.18864628820960702, 0.09304128707113789, 0.12023739177350143, 0.4324225699037541, 0.0, 0.006862319006336213, 0.005754169108636572, 0.014839194498083273
2017-11-13, 0.10772540244638205, 0.18864628820960702, 0.09304128707113789, 0.12023739177350143, 0.4324225699037541, 0.0, 0.006862319006336213, 0.005754169108636572, 0.014839194498083273
2017-11-13, 0.10772540244638205, 0.18864628820960702, 0.09304128707113789, 0.12023739177350143, 0.4324225699037541, 0.0, 0.006862319006336213, 0.005754169108636572, 0.014839194498083273
2017-11-13, 0.10772540244638205, 0.18864628820960702, 0.09304128707113789, 0.12023739177350143, 0.4324225699037541, 0.0, 0.006862319006336213, 0.005754169108636572, 0.014839194498083273
2017-11-13, 0.10772540244638205, 0.18864628820960702, 0.09304128707113789, 0.12023739177350143, 0.4324225699037541, 0.0, 0.006862319006336213, 0.005754169108636572, 0.014839194498083273
2017-11-13, 0.10772540244638205, 0.18864628820960702, 0.09304128707113789, 0.12023739177350143, 0.4324225699037541, 0.0, 0.006862319006336213, 0.005754169108636572, 0.014839194498083273
2017-11-13, 0.10772540244638205, 0.18864628820960702, 0.09304128707113789, 0.12023739177350143, 0.4324225699037541, 0.0, 0.006862319006336213, 0.005754169108636572, 0.014839194498083273
2017-11-13, 0.10772540244638205, 0.18864628820960702, 0.09304128707113789, 0.12023739177350143, 0.4324225699037541, 0.0, 0.006862319006336213, 0.005754169108636572, 0.014839194498083273
2017-11-13, 0.10772540244638205, 0.18864628820960702, 0.09304128707113789, 0.12023739177350143, 0.4324225699037541, 0.0, 0.006862319006336213, 0.005754169108636572, 0.014839194498083273
2017-11-13, 0.10772540244638205, 0.18864628820960702, 0.09304128707113789, 0.12023739177350143, 0.4324225699037541, 0.0, 0.006862319006336213, 0.005754169108636572, 0.014839194498083273
2017-11-13, 0.07962914844719055, 0.314410480349345, 0.0775344058926149, 0.20964468309225912, 0.021894813666012883, 0.0, 0.005489855205068971, 0.0006393521231818429, 0.007419597249041642
2017-11-13, 0.12467418546507107, 0.440174672489083, 0.0852878464818764, 0.31755003468386306, 0.13410573370432885, 0.0027530512985225316, 0.005489855205068971, 0.005754169108636586, 0.006278120749189082
2017-11-13, 0.07732597726749778, 0.16768558951965068, 0.031013762357045963, 0.14490147213729676, 0.25726406057565104, 0.002753051298522524, 0.006862319006336213, 0.0012787042463636858, 0.006848858999115362
2017-11-13, 0.07600588966715016, 0.18864628820960702, 0.031013762357045963, 0.018498060272846267, 0.34758016694795413, 0.002753051298522524, 0.006862319006336213, 0.0012787042463636715, 0.011414764998525603
2017-10-14, 0.07775482400407883, 0.12576419213973797, 0.11630160883892236, 0.06474321095496222, 0.2983168361994255, 0.0027530512985225316, 0.002744927602534478, 0.0, 0.011414764998525591
2017-10-14, 0.09751417169670935, 0.06288209606986893, 0.09304128707113789, 0.1603165223646687, 0.4351594216120059, 0.0027530512985225316, 0.0013724638012672426, 0.005754169108636572, 0.01883436224756722
2017-10-14, 0.09751417169670935, 0.06288209606986893, 0.09304128707113789, 0.1603165223646687, 0.4351594216120059, 0.0027530512985225316, 0.0013724638012672426, 0.005754169108636572, 0.01883436224756722
2017-10-14, 0.09751417169670935, 0.06288209606986893, 0.09304128707113789, 0.1603165223646687, 0.4351594216120059, 0.0027530512985225316, 0.0013724638012672426, 0.005754169108636572, 0.01883436224756722
2017-10-14, 0.09751417169670935, 0.06288209606986893, 0.09304128707113789, 0.1603165223646687, 0.4351594216120059, 0.0027530512985225316, 0.0013724638012672426, 0.005754169108636572, 0.01883436224756722
2017-10-14, 0.09751417169670935, 0.06288209606986893, 0.09304128707113789, 0.1603165223646687, 0.4351594216120059, 0.0027530512985225316, 0.0013724638012672426, 0.005754169108636572, 0.01883436224756722
2017-10-14, 0.09751417169670935, 0.06288209606986893, 0.09304128707113789, 0.1603165223646687, 0.4351594216120059, 0.0027530512985225316, 0.0013724638012672426, 0.005754169108636572, 0.01883436224756722
2017-10-14, 0.09751417169670935, 0.06288209606986893, 0.09304128707113789, 0.1603165223646687, 0.4351594216120059, 0.0027530512985225316, 0.0013724638012672426, 0.005754169108636572, 0.01883436224756722
2017-10-14, 0.09751417169670935, 0.06288209606986893, 0.09304128707113789, 0.1603165223646687, 0.4351594216120059, 0.0027530512985225316, 0.0013724638012672426, 0.005754169108636572, 0.01883436224756722
2017-10-14, 0.09751417169670935, 0.06288209606986893, 0.09304128707113789, 0.1603165223646687, 0.4351594216120059, 0.0027530512985225316, 0.0013724638012672426, 0.005754169108636572, 0.01883436224756722
2017-10-14, 0.09751417169670935, 0.06288209606986893, 0.09304128707113789, 0.1603165223646687, 0.4351594216120059, 0.0027530512985225316, 0.0013724638012672426, 0.005754169108636572, 0.01883436224756722
2017-10-14, 0.08944655993577932, 0.1886462882096069, 0.12405504942818385, 0.07707525113685981, 0.3120010947406835, 0.0, 0.002744927602534478, 0.0019180563695455287, 0.009131811998820471
2017-10-14, 0.07967337280629384, 0.10480349344978163, 0.06978096530335341, 0.08940729131875742, 0.3585275737809608, 0.0, 0.002744927602534478, 0.0012787042463636715, 0.01084402674859931
2017-10-14, 0.0707735572085555, 0.06288209606986893, 0.062027524714091925, 0.08632428127328308, 0.3366327601149479, 0.005506102597045063, 0.00411739140380172, 0.0012787042463636858, 0.007419597249041629
2017-10-14, 0.08394815783246289, 0.08384279475982528, 0.10854816824966086, 0.08940729131875742, 0.3694749806139672, 0.0027530512985225316, 0.0013724638012672426, 0.0019180563695455144, 0.014268456248156992
2017-09-14, 0.09372818359962212, 0.04192139737991258, 0.054274084124830264, 0.1695655525010917, 0.4707384938192765, 0.002753051298522524, 0.0013724638012672426, 0.0006393521231818429, 0.008561073748894203
2017-09-14, 0.0918337198877115, 0.0419213973799127, 0.04652064353556877, 0.17573157259204064, 0.44884368015326365, 0.0055061025970450555, 0.002744927602534478, 0.0025574084927273573, 0.010844026748599323
2017-09-14, 0.0918337198877115, 0.0419213973799127, 0.04652064353556877, 0.17573157259204064, 0.44884368015326365, 0.0055061025970450555, 0.002744927602534478, 0.0025574084927273573, 0.010844026748599323
2017-09-14, 0.0918337198877115, 0.0419213973799127, 0.04652064353556877, 0.17573157259204064, 0.44884368015326365, 0.0055061025970450555, 0.002744927602534478, 0.0025574084927273573, 0.010844026748599323
2017-09-14, 0.0918337198877115, 0.0419213973799127, 0.04652064353556877, 0.17573157259204064, 0.44884368015326365, 0.0055061025970450555, 0.002744927602534478, 0.0025574084927273573, 0.010844026748599323
2017-09-14, 0.0918337198877115, 0.0419213973799127, 0.04652064353556877, 0.17573157259204064, 0.44884368015326365, 0.0055061025970450555, 0.002744927602534478, 0.0025574084927273573, 0.010844026748599323
2017-09-14, 0.0918337198877115, 0.0419213973799127, 0.04652064353556877, 0.17573157259204064, 0.44884368015326365, 0.0055061025970450555, 0.002744927602534478, 0.0025574084927273573, 0.010844026748599323
2017-09-14, 0.0918337198877115, 0.0419213973799127, 0.04652064353556877, 0.17573157259204064, 0.44884368015326365, 0.0055061025970450555, 0.002744927602534478, 0.0025574084927273573, 0.010844026748599323
2017-09-14, 0.0918337198877115, 0.0419213973799127, 0.04652064353556877, 0.17573157259204064, 0.44884368015326365, 0.0055061025970450555, 0.002744927602534478, 0.0025574084927273573, 0.010844026748599323
2017-09-14, 0.0918337198877115, 0.0419213973799127, 0.04652064353556877, 0.17573157259204064, 0.44884368015326365, 0.0055061025970450555, 0.002744927602534478, 0.0025574084927273573, 0.010844026748599323
2017-09-14, 0.0918337198877115, 0.0419213973799127, 0.04652064353556877, 0.17573157259204064, 0.44884368015326365, 0.0055061025970450555, 0.002744927602534478, 0.0025574084927273573, 0.010844026748599323
2017-09-14, 0.09089770073950594, 0.0838427947598254, 0.007753440589261491, 0.21581070318320777, 0.39684349769648297, 0.0055061025970450555, 0.002744927602534478, 0.003836112739091043, 0.010844026748599323
2017-09-14, 0.17469058919065777, 0.20960698689956336, 0.007753440589261491, 0.4686175269121085, 0.6787392236463987, 0.008259153895567587, 0.002744927602534478, 0.006393521231818415, 0.015409932748009551
2017-09-14, 0.0903625781838895, 0.20960698689956336, 0.015506881178522981, 0.29288595432006787, 0.1943164712858643, 0.0027530512985225316, 0.0, 0.0038361127390910575, 0.003995167749483961
2017-09-14, 0.048613592470473976, 0.14672489082969434, 0.04652064353556877, 0.1479844821827711, 0.038315923915522423, 0.0, 0.0013724638012672426, 0.0, 0.007990335498967922
2017-08-15, 0.10263723380160142, 0.14672489082969434, 0.06978096530335325, 0.2158107031832079, 0.3749486840304703, 0.008259153895567587, 0.0013724638012672426, 0.0019180563695455287, 0.0022829529997051208
2017-08-15, 0.06407740885284337, 0.0838427947598254, 0.023260321767784472, 0.20347866300131032, 0.18336906445285772, 0.002753051298522524, 0.0013724638012672426, 0.0025574084927273573, 0.011985503248451872
2017-08-15, 0.06407740885284337, 0.0838427947598254, 0.023260321767784472, 0.20347866300131032, 0.18336906445285772, 0.002753051298522524, 0.0013724638012672426, 0.0025574084927273573, 0.011985503248451872
2017-08-15, 0.06407740885284337, 0.0838427947598254, 0.023260321767784472, 0.20347866300131032, 0.18336906445285772, 0.002753051298522524, 0.0013724638012672426, 0.0025574084927273573, 0.011985503248451872
2017-08-15, 0.06407740885284337, 0.0838427947598254, 0.023260321767784472, 0.20347866300131032, 0.18336906445285772, 0.002753051298522524, 0.0013724638012672426, 0.0025574084927273573, 0.011985503248451872
2017-08-15, 0.06407740885284337, 0.0838427947598254, 0.023260321767784472, 0.20347866300131032, 0.18336906445285772, 0.002753051298522524, 0.0013724638012672426, 0.0025574084927273573, 0.011985503248451872
2017-08-15, 0.06407740885284337, 0.0838427947598254, 0.023260321767784472, 0.20347866300131032, 0.18336906445285772, 0.002753051298522524, 0.0013724638012672426, 0.0025574084927273573, 0.011985503248451872
2017-08-15, 0.06407740885284337, 0.0838427947598254, 0.023260321767784472, 0.20347866300131032, 0.18336906445285772, 0.002753051298522524, 0.0013724638012672426, 0.0025574084927273573, 0.011985503248451872
2017-08-15, 0.06407740885284337, 0.0838427947598254, 0.023260321767784472, 0.20347866300131032, 0.18336906445285772, 0.002753051298522524, 0.0013724638012672426, 0.0025574084927273573, 0.011985503248451872
2017-08-15, 0.06407740885284337, 0.0838427947598254, 0.023260321767784472, 0.20347866300131032, 0.18336906445285772, 0.002753051298522524, 0.0013724638012672426, 0.0025574084927273573, 0.011985503248451872
2017-08-15, 0.06407740885284337, 0.0838427947598254, 0.023260321767784472, 0.20347866300131032, 0.18336906445285772, 0.002753051298522524, 0.0013724638012672426, 0.0025574084927273573, 0.011985503248451872
2017-08-15, 0.06525788562274953, 0.02096069868995635, 0.054274084124830264, 0.24047478354700313, 0.1915796195776126, 0.0, 0.0013724638012672426, 0.0025574084927273573, 0.010844026748599323
2017-08-15, 0.17933641394935154, 0.33537117903930136, 0.03876720294630728, 0.5765228785037124, 0.4515805318615154, 0.005506102597045063, 0.0013724638012672426, 0.009590281847727629, 0.015980670997935834
2017-08-15, 0.16927696032359962, 0.35633187772925756, 0.07753440589261473, 0.3514631451840814, 0.5555808967750764, 0.008259153895567587, 0.0, 0.0044754648622729, 0.0005707382499262802
2017-08-15, 0.02359805414065988, 0.06288209606986893, 0.04652064353556877, 0.049328160727590414, 0.01642111024950954, 0.0, 0.0013724638012672426, 0.0025574084927273573, 0.009702550248746764
2017-07-16, 0.04751458176395368, 0.04192139737991258, 0.023260321767784472, 0.27438789404722147, 0.024631665374264432, 0.0, 0.0013724638012672426, 0.0025574084927273573, 0.011985503248451872
2017-07-16, 0.06470571609632961, 0.10480349344978163, 0.015506881178522981, 0.3607121753205047, 0.019157961957761333, 0.0, 0.0, 0.0031967606159092003, 0.014268456248156992
2017-07-16, 0.06470571609632961, 0.10480349344978163, 0.015506881178522981, 0.3607121753205047, 0.019157961957761333, 0.0, 0.0, 0.0031967606159092003, 0.014268456248156992
2017-07-16, 0.06470571609632961, 0.10480349344978163, 0.015506881178522981, 0.3607121753205047, 0.019157961957761333, 0.0, 0.0, 0.0031967606159092003, 0.014268456248156992
2017-07-16, 0.06470571609632961, 0.10480349344978163, 0.015506881178522981, 0.3607121753205047, 0.019157961957761333, 0.0, 0.0, 0.0031967606159092003, 0.014268456248156992
2017-07-16, 0.06470571609632961, 0.10480349344978163, 0.015506881178522981, 0.3607121753205047, 0.019157961957761333, 0.0, 0.0, 0.0031967606159092003, 0.014268456248156992
2017-07-16, 0.06470571609632961, 0.10480349344978163, 0.015506881178522981, 0.3607121753205047, 0.019157961957761333, 0.0, 0.0, 0.0031967606159092003, 0.014268456248156992
2017-07-16, 0.06470571609632961, 0.10480349344978163, 0.015506881178522981, 0.3607121753205047, 0.019157961957761333, 0.0, 0.0, 0.0031967606159092003, 0.014268456248156992
2017-07-16, 0.06470571609632961, 0.10480349344978163, 0.015506881178522981, 0.3607121753205047, 0.019157961957761333, 0.0, 0.0, 0.0031967606159092003, 0.014268456248156992
2017-07-16, 0.06470571609632961, 0.10480349344978163, 0.015506881178522981, 0.3607121753205047, 0.019157961957761333, 0.0, 0.0, 0.0031967606159092003, 0.014268456248156992
2017-07-16, 0.06470571609632961, 0.10480349344978163, 0.015506881178522981, 0.3607121753205047, 0.019157961957761333, 0.0, 0.0, 0.0031967606159092003, 0.014268456248156992
2017-07-16, 0.04165653319917139, 0.02096069868995635, 0.015506881178522981, 0.23122575341058, 0.04105277562377422, 0.0055061025970450555, 0.0027449276025344853, 0.0025574084927273573, 0.013697717998230712
2017-07-16, 0.05508268005145399, 0.04192139737991258, 0.046520643535568944, 0.20656167304678477, 0.13410573370432885, 0.0, 0.0, 0.0012787042463636715, 0.01027328849867303
2017-07-16, 0.05253434780620755, 0.02096069868995635, 0.054274084124830264, 0.30521799450196535, 0.021894813666012883, 0.0, 0.002744927602534478, 0.0031967606159092003, 0.011985503248451872
2017-07-16, 0.05966554749954338, 0.02096069868995635, 0.023260321767784472, 0.34221411504765814, 0.0684212927062902, 0.0, 0.0013724638012672426, 0.005114816985454729, 0.01598067099793582
2017-06-16, 0.07017544799425193, 0.06288209606986905, 0.09304128707113772, 0.332965084911235, 0.043789627332025766, 0.0055061025970450555, 0.0, 0.008950929724545786, 0.014268456248156992
2017-06-16, 0.05981696200282813, 0.0, 0.11630160883892218, 0.1942296328648873, 0.13410573370432885, 0.008259153895567587, 0.0, 0.010229633970909473, 0.01540993274800954
2017-06-16, 0.05981696200282813, 0.0, 0.11630160883892218, 0.1942296328648873, 0.13410573370432885, 0.008259153895567587, 0.0, 0.010229633970909473, 0.01540993274800954
2017-06-16, 0.05981696200282813, 0.0, 0.11630160883892218, 0.1942296328648873, 0.13410573370432885, 0.008259153895567587, 0.0, 0.010229633970909473, 0.01540993274800954
2017-06-16, 0.05981696200282813, 0.0, 0.11630160883892218, 0.1942296328648873, 0.13410573370432885, 0.008259153895567587, 0.0, 0.010229633970909473, 0.01540993274800954
2017-06-16, 0.05981696200282813, 0.0, 0.11630160883892218, 0.1942296328648873, 0.13410573370432885, 0.008259153895567587, 0.0, 0.010229633970909473, 0.01540993274800954
2017-06-16, 0.05981696200282813, 0.0, 0.11630160883892218, 0.1942296328648873, 0.13410573370432885, 0.008259153895567587, 0.0, 0.010229633970909473, 0.01540993274800954
2017-06-16, 0.05981696200282813, 0.0, 0.11630160883892218, 0.1942296328648873, 0.13410573370432885, 0.008259153895567587, 0.0, 0.010229633970909473, 0.01540993274800954
2017-06-16, 0.05981696200282813, 0.0, 0.11630160883892218, 0.1942296328648873, 0.13410573370432885, 0.008259153895567587, 0.0, 0.010229633970909473, 0.01540993274800954
2017-06-16, 0.05981696200282813, 0.0, 0.11630160883892218, 0.1942296328648873, 0.13410573370432885, 0.008259153895567587, 0.0, 0.010229633970909473, 0.01540993274800954
2017-06-16, 0.05981696200282813, 0.0, 0.11630160883892218, 0.1942296328648873, 0.13410573370432885, 0.008259153895567587, 0.0, 0.010229633970909473, 0.01540993274800954
2017-06-16, 0.07715961906337429, 0.02096069868995635, 0.0852878464818764, 0.1572335123191945, 0.31473794644893505, 0.011012205194090118, 0.00411739140380172, 0.010229633970909473, 0.013697717998230712
2017-06-16, 0.06197205603403922, 0.02096069868995635, 0.13180849001744516, 0.06474321095496234, 0.24631665374264483, 0.0055061025970450555, 0.0013724638012672426, 0.010229633970909473, 0.014839194498083273
2017-06-16, 0.15222410941215025, 0.29344978165938856, 0.06978096530335341, 0.20964468309225898, 0.5938968206905989, 0.011012205194090118, 0.00411739140380172, 0.015344450956364216, 0.02054657699734606
2017-06-16, 0.13803236953156614, 0.18864628820960702, 0.13180849001744516, 0.5271947177761221, 0.24357980203439303, 0.0027530512985225316, 0.0013724638012672426, 0.0031967606159092146, 0.005707382499262789
2017-05-17, 0.07873036033442034, 0.0838427947598254, 0.11630160883892218, 0.14798448218277124, 0.24084295032614148, 0.013765256492612642, 0.002744927602534478, 0.008950929724545786, 0.01540993274800954
2017-05-17, 0.07873036033442034, 0.0838427947598254, 0.11630160883892218, 0.14798448218277124, 0.24084295032614148, 0.013765256492612642, 0.002744927602534478, 0.008950929724545786, 0.01540993274800954
2017-05-17, 0.07873036033442034, 0.0838427947598254, 0.11630160883892218, 0.14798448218277124, 0.24084295032614148, 0.013765256492612642, 0.002744927602534478, 0.008950929724545786, 0.01540993274800954
2017-05-17, 0.07873036033442034, 0.0838427947598254, 0.11630160883892218, 0.14798448218277124, 0.24084295032614148, 0.013765256492612642, 0.002744927602534478, 0.008950929724545786, 0.01540993274800954
2017-05-17, 0.07873036033442034, 0.0838427947598254, 0.11630160883892218, 0.14798448218277124, 0.24084295032614148, 0.013765256492612642, 0.002744927602534478, 0.008950929724545786, 0.01540993274800954
2017-05-17, 0.07873036033442034, 0.0838427947598254, 0.11630160883892218, 0.14798448218277124, 0.24084295032614148, 0.013765256492612642, 0.002744927602534478, 0.008950929724545786, 0.01540993274800954
2017-05-17, 0.07873036033442034, 0.0838427947598254, 0.11630160883892218, 0.14798448218277124, 0.24084295032614148, 0.013765256492612642, 0.002744927602534478, 0.008950929724545786, 0.01540993274800954
2017-05-17, 0.07873036033442034, 0.0838427947598254, 0.11630160883892218, 0.14798448218277124, 0.24084295032614148, 0.013765256492612642, 0.002744927602534478, 0.008950929724545786, 0.01540993274800954
2017-05-17, 0.07873036033442034, 0.0838427947598254, 0.11630160883892218, 0.14798448218277124, 0.24084295032614148, 0.013765256492612642, 0.002744927602534478, 0.008950929724545786, 0.01540993274800954
2017-05-17, 0.07873036033442034, 0.0838427947598254, 0.11630160883892218, 0.14798448218277124, 0.24084295032614148, 0.013765256492612642, 0.002744927602534478, 0.008950929724545786, 0.01540993274800954
2017-05-17, 0.07873036033442034, 0.0838427947598254, 0.11630160883892218, 0.14798448218277124, 0.24084295032614148, 0.013765256492612642, 0.002744927602534478, 0.008950929724545786, 0.01540993274800954
2017-05-17, 0.15886284494425032, 0.3144104803493449, 0.10079472766039921, 0.517945687639699, 0.30926424303243166, 0.008259153895567587, 0.0, 0.0076722254781821, 0.01255624149837815
2017-05-17, 0.0773175610976497, 0.0838427947598254, 0.08528784648187622, 0.08632428127328322, 0.3174747981571866, 0.016518307791135174, 0.002744927602534478, 0.011508338217273158, 0.014839194498083273
2017-05-17, 0.10971700541115617, 0.20960698689956325, 0.054274084124830264, 0.14798448218277097, 0.3941066459882317, 0.02202441038818023, 0.006862319006336205, 0.0166231552027279, 0.026253959496608862
2017-05-17, 0.0805337050510105, 0.08384279475982528, 0.10079472766039921, 0.006166020090948665, 0.4023172011129863, 0.019271359089657707, 0.002744927602534478, 0.010868986094091315, 0.018263623997640942
2017-04-17, 0.09267397876980961, 0.02096069868995635, 0.06978096530335341, 0.3298820748657604, 0.29010628107467057, 0.008259153895567587, 0.0027449276025344853, 0.0076722254781821, 0.011985503248451872
2017-04-17, 0.08333776327299014, 0.0419213973799127, 0.10079472766039937, 0.32371605477481175, 0.1724216576198513, 0.008259153895567587, 0.0, 0.007032873355000258, 0.01255624149837815
2017-04-17, 0.08333776327299014, 0.0419213973799127, 0.10079472766039937, 0.32371605477481175, 0.1724216576198513, 0.008259153895567587, 0.0, 0.007032873355000258, 0.01255624149837815
2017-04-17, 0.08333776327299014, 0.0419213973799127, 0.10079472766039937, 0.32371605477481175, 0.1724216576198513, 0.008259153895567587, 0.0, 0.007032873355000258, 0.01255624149837815
2017-04-17, 0.08333776327299014, 0.0419213973799127, 0.10079472766039937, 0.32371605477481175, 0.1724216576198513, 0.008259153895567587, 0.0, 0.007032873355000258, 0.01255624149837815
2017-04-17, 0.08333776327299014, 0.0419213973799127, 0.10079472766039937, 0.32371605477481175, 0.1724216576198513, 0.008259153895567587, 0.0, 0.007032873355000258, 0.01255624149837815
2017-04-17, 0.08333776327299014, 0.0419213973799127, 0.10079472766039937, 0.32371605477481175, 0.1724216576198513, 0.008259153895567587, 0.0, 0.007032873355000258, 0.01255624149837815
2017-04-17, 0.08333776327299014, 0.0419213973799127, 0.10079472766039937, 0.32371605477481175, 0.1724216576198513, 0.008259153895567587, 0.0, 0.007032873355000258, 0.01255624149837815
2017-04-17, 0.08333776327299014, 0.0419213973799127, 0.10079472766039937, 0.32371605477481175, 0.1724216576198513, 0.008259153895567587, 0.0, 0.007032873355000258, 0.01255624149837815
2017-04-17, 0.08333776327299014, 0.0419213973799127, 0.10079472766039937, 0.32371605477481175, 0.1724216576198513, 0.008259153895567587, 0.0, 0.007032873355000258, 0.01255624149837815
2017-04-17, 0.08333776327299014, 0.0419213973799127, 0.10079472766039937, 0.32371605477481175, 0.1724216576198513, 0.008259153895567587, 0.0, 0.007032873355000258, 0.01255624149837815
2017-04-17, 0.13162621503921404, 0.33537117903930136, 0.06978096530335341, 0.1541505022737199, 0.4734753455275282, 0.0027530512985225316, 0.006862319006336205, 0.0031967606159092146, 0.007419597249041629
2017-04-17, 0.0484016538104457, 0.0838427947598254, 0.06978096530335341, 0.16339953241014318, 0.043789627332025766, 0.011012205194090118, 0.0, 0.005114816985454743, 0.01027328849867303
2017-04-17, 0.05711316932948012, 0.1886462882096069, 0.05427408412483043, 0.1541505022737199, 0.038315923915522423, 0.0055061025970450555, 0.00411739140380172, 0.0044754648622729, 0.007419597249041629
2017-04-17, 0.1961904372574177, 0.25152838427947594, 0.007753440589261491, 0.6998432803226882, 0.5665283036080829, 0.016518307791135174, 0.0, 0.010229633970909473, 0.01712214749778838
2017-03-18, 0.040990101773458625, 0.10480349344978175, 0.062027524714091925, 0.12948642190992468, 0.01642111024950954, 0.0, 0.0, 0.0031967606159092146, 0.011985503248451872
2017-03-18, 0.0820782249894465, 0.0419213973799127, 0.11630160883892236, 0.271304884001747, 0.21073758153537395, 0.002753051298522524, 0.0, 0.0044754648622729, 0.009131811998820471
2017-03-18, 0.0820782249894465, 0.0419213973799127, 0.11630160883892236, 0.271304884001747, 0.21073758153537395, 0.002753051298522524, 0.0, 0.0044754648622729, 0.009131811998820471
2017-03-18, 0.0820782249894465, 0.0419213973799127, 0.11630160883892236, 0.271304884001747, 0.21073758153537395, 0.002753051298522524, 0.0, 0.0044754648622729, 0.009131811998820471
2017-03-18, 0.0820782249894465, 0.0419213973799127, 0.11630160883892236, 0.271304884001747, 0.21073758153537395, 0.002753051298522524, 0.0, 0.0044754648622729, 0.009131811998820471
2017-03-18, 0.0820782249894465, 0.0419213973799127, 0.11630160883892236, 0.271304884001747, 0.21073758153537395, 0.002753051298522524, 0.0, 0.0044754648622729, 0.009131811998820471
2017-03-18, 0.0820782249894465, 0.0419213973799127, 0.11630160883892236, 0.271304884001747, 0.21073758153537395, 0.002753051298522524, 0.0, 0.0044754648622729, 0.009131811998820471
2017-03-18, 0.0820782249894465, 0.0419213973799127, 0.11630160883892236, 0.271304884001747, 0.21073758153537395, 0.002753051298522524, 0.0, 0.0044754648622729, 0.009131811998820471
2017-03-18, 0.0820782249894465, 0.0419213973799127, 0.11630160883892236, 0.271304884001747, 0.21073758153537395, 0.002753051298522524, 0.0, 0.0044754648622729, 0.009131811998820471
2017-03-18, 0.0820782249894465, 0.0419213973799127, 0.11630160883892236, 0.271304884001747, 0.21073758153537395, 0.002753051298522524, 0.0, 0.0044754648622729, 0.009131811998820471
2017-03-18, 0.0820782249894465, 0.0419213973799127, 0.11630160883892236, 0.271304884001747, 0.21073758153537395, 0.002753051298522524, 0.0, 0.0044754648622729, 0.009131811998820471
2017-03-18, 0.04160663039205143, 0.02096069868995635, 0.05427408412483043, 0.22505973331963092, 0.013684258541257993, 0.002753051298522524, 0.0013724638012672426, 0.0044754648622729, 0.01027328849867303
2017-03-18, 0.03562426523386467, 0.10480349344978175, 0.05427408412483043, 0.04007913059116714, 0.06568444099803865, 0.0027530512985225316, 0.0013724638012672426, 0.005754169108636586, 0.01027328849867303
2017-03-18, 0.049635643487188526, 0.10480349344978175, 0.062027524714091925, 0.0215810703183206, 0.1915796195776126, 0.0027530512985225316, 0.0013724638012672426, 0.0038361127390910575, 0.009131811998820471
2017-03-18, 0.08274612854319528, 0.23056768558951962, 0.03876720294630745, 0.07707525113685995, 0.29831683619942523, 0.008259153895567587, 0.005489855205068963, 0.0006393521231818429, 0.0028536912496313883
2017-02-16, 0.046781635550974865, 0.1257641921397381, 0.10079472766039937, 0.11715438172802722, 0.010947406833006441, 0.0027530512985225316, 0.006862319006336205, 0.0025574084927273717, 0.007419597249041629
2017-02-16, 0.10115719040579081, 0.0, 0.12405504942818368, 0.40695732600262047, 0.25726406057565127, 0.008259153895567587, 0.0027449276025344853, 0.0025574084927273717, 0.007419597249041629
2017-02-16, 0.10115719040579081, 0.0, 0.12405504942818368, 0.40695732600262047, 0.25726406057565127, 0.008259153895567587, 0.0027449276025344853, 0.0025574084927273717, 0.007419597249041629
2017-02-16, 0.10115719040579081, 0.0, 0.12405504942818368, 0.40695732600262047, 0.25726406057565127, 0.008259153895567587, 0.0027449276025344853, 0.0025574084927273717, 0.007419597249041629
2017-02-16, 0.10115719040579081, 0.0, 0.12405504942818368, 0.40695732600262047, 0.25726406057565127, 0.008259153895567587, 0.0027449276025344853, 0.0025574084927273717, 0.007419597249041629
2017-02-16, 0.10115719040579081, 0.0, 0.12405504942818368, 0.40695732600262047, 0.25726406057565127, 0.008259153895567587, 0.0027449276025344853, 0.0025574084927273717, 0.007419597249041629
2017-02-16, 0.10115719040579081, 0.0, 0.12405504942818368, 0.40695732600262047, 0.25726406057565127, 0.008259153895567587, 0.0027449276025344853, 0.0025574084927273717, 0.007419597249041629
2017-02-16, 0.10115719040579081, 0.0, 0.12405504942818368, 0.40695732600262047, 0.25726406057565127, 0.008259153895567587, 0.0027449276025344853, 0.0025574084927273717, 0.007419597249041629
2017-02-16, 0.10115719040579081, 0.0, 0.12405504942818368, 0.40695732600262047, 0.25726406057565127, 0.008259153895567587, 0.0027449276025344853, 0.0025574084927273717, 0.007419597249041629
2017-02-16, 0.10115719040579081, 0.0, 0.12405504942818368, 0.40695732600262047, 0.25726406057565127, 0.008259153895567587, 0.0027449276025344853, 0.0025574084927273717, 0.007419597249041629
2017-02-16, 0.10115719040579081, 0.0, 0.12405504942818368, 0.40695732600262047, 0.25726406057565127, 0.008259153895567587, 0.0027449276025344853, 0.0025574084927273717, 0.007419597249041629
2017-02-16, 0.06359046281066344, 0.1467248908296942, 0.11630160883892236, 0.1726485625465663, 0.05200018245678066, 0.002753051298522524, 0.004117391403801728, 0.0044754648622729, 0.00970255024874675
2017-02-16, 0.06848893619733697, 0.16768558951965057, 0.13956193060670666, 0.1356524420008735, 0.07936869953929665, 0.002753051298522524, 0.006862319006336205, 0.005754169108636586, 0.01027328849867303
2017-02-16, 0.06561476052628903, 0.1886462882096069, 0.10854816824966086, 0.12023739177350157, 0.08757925466405153, 0.002753051298522524, 0.004117391403801728, 0.0044754648622729, 0.00856107374889419
2017-02-16, 0.09728892238878109, 0.2724890829694323, 0.10854816824966086, 0.049328160727590414, 0.32842220499019303, 0.0027530512985225316, 0.006862319006336205, 0.0019180563695455287, 0.00799033549896791
2017-01-17, 0.07886623334787667, 0.1886462882096069, 0.14731537119596833, 0.009249030136422996, 0.2600009122839028, 0.0027530512985225316, 0.010979710410137934, 0.0, 0.011985503248451872
2017-01-17, 0.09884637980194963, 0.06288209606986905, 0.14731537119596833, 0.1541505022737199, 0.3995803494047348, 0.0055061025970450555, 0.006862319006336205, 0.0019180563695455287, 0.01255624149837815
2017-01-17, 0.09884637980194963, 0.06288209606986905, 0.14731537119596833, 0.1541505022737199, 0.3995803494047348, 0.0055061025970450555, 0.006862319006336205, 0.0019180563695455287, 0.01255624149837815
2017-01-17, 0.09884637980194963, 0.06288209606986905, 0.14731537119596833, 0.1541505022737199, 0.3995803494047348, 0.0055061025970450555, 0.006862319006336205, 0.0019180563695455287, 0.01255624149837815
2017-01-17, 0.09884637980194963, 0.06288209606986905, 0.14731537119596833, 0.1541505022737199, 0.3995803494047348, 0.0055061025970450555, 0.006862319006336205, 0.0019180563695455287, 0.01255624149837815
2017-01-17, 0.09884637980194963, 0.06288209606986905, 0.14731537119596833, 0.1541505022737199, 0.3995803494047348, 0.0055061025970450555, 0.006862319006336205, 0.0019180563695455287, 0.01255624149837815
2017-01-17, 0.09884637980194963, 0.06288209606986905, 0.14731537119596833, 0.1541505022737199, 0.3995803494047348, 0.0055061025970450555, 0.006862319006336205, 0.0019180563695455287, 0.01255624149837815
2017-01-17, 0.09884637980194963, 0.06288209606986905, 0.14731537119596833, 0.1541505022737199, 0.3995803494047348, 0.0055061025970450555, 0.006862319006336205, 0.0019180563695455287, 0.01255624149837815
2017-01-17, 0.09884637980194963, 0.06288209606986905, 0.14731537119596833, 0.1541505022737199, 0.3995803494047348, 0.0055061025970450555, 0.006862319006336205, 0.0019180563695455287, 0.01255624149837815
2017-01-17, 0.09884637980194963, 0.06288209606986905, 0.14731537119596833, 0.1541505022737199, 0.3995803494047348, 0.0055061025970450555, 0.006862319006336205, 0.0019180563695455287, 0.01255624149837815
2017-01-17, 0.09884637980194963, 0.06288209606986905, 0.14731537119596833, 0.1541505022737199, 0.3995803494047348, 0.0055061025970450555, 0.006862319006336205, 0.0019180563695455287, 0.01255624149837815
2017-01-17, 0.07613213943743863, 0.1886462882096069, 0.13180849001744535, 0.00924903013642327, 0.2545272088673995, 0.0027530512985225316, 0.009607246608870692, 0.0044754648622729, 0.00799033549896791
2017-01-17, 0.08080666920990404, 0.10480349344978152, 0.13956193060670682, 0.06782622100043668, 0.31473794644893505, 0.0027530512985225316, 0.006862319006336205, 0.0019180563695455287, 0.00799033549896791
2017-01-17, 0.22844573526736278, 0.314410480349345, 0.13180849001744535, 0.5580248182308659, 0.7909501436847146, 0.013765256492612642, 0.0, 0.0031967606159092146, 0.015409932748009551
2017-01-17, 0.1569129295716618, 0.4401746724890829, 0.20158945532079858, 0.3483801351386072, 0.2353692469096384, 0.008259153895567587, 0.012352174211405177, 0.005754169108636586, 0.003424429499557681
2016-12-18, 0.10752995474335854, 0.35633187772925773, 0.08528784648187622, 0.16956555250109184, 0.2271586917848835, 0.0, 0.012352174211405177, 0.0038361127390910575, 0.005707382499262802
2016-12-18, 0.10999468914145416, 0.23056768558951962, 0.10079472766039921, 0.052411170773064744, 0.46252793869452186, 0.011012205194090111, 0.009607246608870692, 0.0044754648622729, 0.00856107374889419
2016-12-18, 0.10999468914145416, 0.23056768558951962, 0.10079472766039921, 0.052411170773064744, 0.46252793869452186, 0.011012205194090111, 0.009607246608870692, 0.0044754648622729, 0.00856107374889419
2016-12-18, 0.10999468914145416, 0.23056768558951962, 0.10079472766039921, 0.052411170773064744, 0.46252793869452186, 0.011012205194090111, 0.009607246608870692, 0.0044754648622729, 0.00856107374889419
2016-12-18, 0.10999468914145416, 0.23056768558951962, 0.10079472766039921, 0.052411170773064744, 0.46252793869452186, 0.011012205194090111, 0.009607246608870692, 0.0044754648622729, 0.00856107374889419
2016-12-18, 0.10999468914145416, 0.23056768558951962, 0.10079472766039921, 0.052411170773064744, 0.46252793869452186, 0.011012205194090111, 0.009607246608870692, 0.0044754648622729, 0.00856107374889419
2016-12-18, 0.10999468914145416, 0.23056768558951962, 0.10079472766039921, 0.052411170773064744, 0.46252793869452186, 0.011012205194090111, 0.009607246608870692, 0.0044754648622729, 0.00856107374889419
2016-12-18, 0.10999468914145416, 0.23056768558951962, 0.10079472766039921, 0.052411170773064744, 0.46252793869452186, 0.011012205194090111, 0.009607246608870692, 0.0044754648622729, 0.00856107374889419
2016-12-18, 0.10999468914145416, 0.23056768558951962, 0.10079472766039921, 0.052411170773064744, 0.46252793869452186, 0.011012205194090111, 0.009607246608870692, 0.0044754648622729, 0.00856107374889419
2016-12-18, 0.10999468914145416, 0.23056768558951962, 0.10079472766039921, 0.052411170773064744, 0.46252793869452186, 0.011012205194090111, 0.009607246608870692, 0.0044754648622729, 0.00856107374889419
2016-12-18, 0.10999468914145416, 0.23056768558951962, 0.10079472766039921, 0.052411170773064744, 0.46252793869452186, 0.011012205194090111, 0.009607246608870692, 0.0044754648622729, 0.00856107374889419
2016-12-18, 0.1029938823091368, 0.2934497816593887, 0.11630160883892218, 0.06166020090948802, 0.3229485015736897, 0.0055061025970450555, 0.010979710410137934, 0.005114816985454743, 0.007990335498967922
2016-12-18, 0.08300629430240337, 0.2724890829694323, 0.062027524714091925, 0.11098836163707843, 0.19431647128586416, 0.0, 0.015097101813939662, 0.0, 0.009131811998820471
2016-12-18, 0.09439891776645236, 0.33537117903930136, 0.08528784648187622, 0.024664080363795207, 0.2818957259499157, 0.0055061025970450555, 0.012352174211405177, 0.0038361127390910575, 0.006278120749189082
2016-12-18, 0.10176524543642874, 0.2724890829694323, 0.0775344058926149, 0.00924903013642327, 0.426948866487251, 0.0055061025970450555, 0.010979710410137934, 0.0, 0.011414764998525591
2016-11-18, 0.05422979953203045, 0.04192139737991247, 0.007753440589261662, 0.055494180818539074, 0.29831683619942523, 0.0055061025970450555, 0.015097101813939653, 0.005754169108636572, 0.003995167749483961
2016-11-18, 0.08110196733306277, 0.04192139737991247, 0.007753440589261319, 0.09865632145518083, 0.47621219723577984, 0.0, 0.01372463801267241, 0.0025574084927273717, 0.007990335498967922
2016-11-18, 0.08110196733306277, 0.04192139737991247, 0.007753440589261319, 0.09865632145518083, 0.47621219723577984, 0.0, 0.01372463801267241, 0.0025574084927273717, 0.007990335498967922
2016-11-18, 0.08110196733306277, 0.04192139737991247, 0.007753440589261319, 0.09865632145518083, 0.47621219723577984, 0.0, 0.01372463801267241, 0.0025574084927273717, 0.007990335498967922
2016-11-18, 0.08110196733306277, 0.04192139737991247, 0.007753440589261319, 0.09865632145518083, 0.47621219723577984, 0.0, 0.01372463801267241, 0.0025574084927273717, 0.007990335498967922
2016-11-18, 0.08110196733306277, 0.04192139737991247, 0.007753440589261319, 0.09865632145518083, 0.47621219723577984, 0.0, 0.01372463801267241, 0.0025574084927273717, 0.007990335498967922
2016-11-18, 0.08110196733306277, 0.04192139737991247, 0.007753440589261319, 0.09865632145518083, 0.47621219723577984, 0.0, 0.01372463801267241, 0.0025574084927273717, 0.007990335498967922
2016-11-18, 0.08110196733306277, 0.04192139737991247, 0.007753440589261319, 0.09865632145518083, 0.47621219723577984, 0.0, 0.01372463801267241, 0.0025574084927273717, 0.007990335498967922
2016-11-18, 0.08110196733306277, 0.04192139737991247, 0.007753440589261319, 0.09865632145518083, 0.47621219723577984, 0.0, 0.01372463801267241, 0.0025574084927273717, 0.007990335498967922
2016-11-18, 0.08110196733306277, 0.04192139737991247, 0.007753440589261319, 0.09865632145518083, 0.47621219723577984, 0.0, 0.01372463801267241, 0.0025574084927273717, 0.007990335498967922
2016-11-18, 0.08110196733306277, 0.04192139737991247, 0.007753440589261319, 0.09865632145518083, 0.47621219723577984, 0.0, 0.01372463801267241, 0.0025574084927273717, 0.007990335498967922
2016-11-18, 0.06986499801783362, 0.1467248908296942, 0.031013762357045963, 0.04007913059116714, 0.31473794644893505, 0.002753051298522524, 0.01372463801267241, 0.007032873355000258, 0.002853691249631401
2016-11-18, 0.07145231546163903, 0.16768558951965057, 0.007753440589261662, 0.09865632145518083, 0.2682114674086577, 0.002753051298522524, 0.015097101813939653, 0.005754169108636572, 0.005707382499262802
2016-11-18, 0.20523754885376816, 0.314410480349345, 0.07753440589261457, 0.4038743159571463, 0.8155818090589794, 0.011012205194090118, 0.006862319006336205, 0.0006393521231818429, 0.011985503248451872
2016-11-18, 0.10838221403582288, 0.0419213973799127, 0.023260321767784645, 0.19422963286488704, 0.5802125621493411, 0.0027530512985225316, 0.012352174211405168, 0.0031967606159092146, 0.009131811998820483
2016-10-19, 0.12486775502399926, 0.62882096069869, 0.015506881178522638, 0.015415050227371935, 0.31473794644893505, 0.002753051298522524, 0.009607246608870692, 0.006393521231818429, 0.005707382499262789
2016-10-19, 0.14492671988495578, 0.37729257641921404, 0.10854816824966053, 0.1418184620918223, 0.5063175660265476, 0.0027530512985225316, 0.006862319006336205, 0.0038361127390910575, 0.011985503248451872
2016-10-19, 0.14492671988495578, 0.37729257641921404, 0.10854816824966053, 0.1418184620918223, 0.5063175660265476, 0.0027530512985225316, 0.006862319006336205, 0.0038361127390910575, 0.011985503248451872
2016-10-19, 0.14492671988495578, 0.37729257641921404, 0.10854816824966053, 0.1418184620918223, 0.5063175660265476, 0.0027530512985225316, 0.006862319006336205, 0.0038361127390910575, 0.011985503248451872
2016-10-19, 0.14492671988495578, 0.37729257641921404, 0.10854816824966053, 0.1418184620918223, 0.5063175660265476, 0.0027530512985225316, 0.006862319006336205, 0.0038361127390910575, 0.011985503248451872
2016-10-19, 0.14492671988495578, 0.37729257641921404, 0.10854816824966053, 0.1418184620918223, 0.5063175660265476, 0.0027530512985225316, 0.006862319006336205, 0.0038361127390910575, 0.011985503248451872
2016-10-19, 0.14492671988495578, 0.37729257641921404, 0.10854816824966053, 0.1418184620918223, 0.5063175660265476, 0.0027530512985225316, 0.006862319006336205, 0.0038361127390910575, 0.011985503248451872
2016-10-19, 0.14492671988495578, 0.37729257641921404, 0.10854816824966053, 0.1418184620918223, 0.5063175660265476, 0.0027530512985225316, 0.006862319006336205, 0.0038361127390910575, 0.011985503248451872
2016-10-19, 0.14492671988495578, 0.37729257641921404, 0.10854816824966053, 0.1418184620918223, 0.5063175660265476, 0.0027530512985225316, 0.006862319006336205, 0.0038361127390910575, 0.011985503248451872
2016-10-19, 0.14492671988495578, 0.37729257641921404, 0.10854816824966053, 0.1418184620918223, 0.5063175660265476, 0.0027530512985225316, 0.006862319006336205, 0.0038361127390910575, 0.011985503248451872
2016-10-19, 0.14492671988495578, 0.37729257641921404, 0.10854816824966053, 0.1418184620918223, 0.5063175660265476, 0.0027530512985225316, 0.006862319006336205, 0.0038361127390910575, 0.011985503248451872
2016-10-19, 0.12824627131281102, 0.6707423580786027, 0.007753440589261319, 0.06782622100043668, 0.25726406057565127, 0.002753051298522524, 0.009607246608870692, 0.008311577601363957, 0.0017122147497788405
2016-10-19, 0.1155360944120568, 0.46113537117903924, 0.15506881178522947, 0.08015826118233428, 0.1970533229941157, 0.0055061025970450555, 0.012352174211405177, 0.009590281847727644, 0.0034244294995576683
2016-10-19, 0.1343046661666614, 0.7126637554585155, 0.08528784648187622, 0.10482234154612949, 0.14505314053733528, 0.002753051298522524, 0.010979710410137934, 0.008311577601363957, 0.0045659059994102285
2016-10-19, 0.20259545330712367, 0.0838427947598254, 0.19383601473153708, 0.47170053695758296, 0.8429503261414951, 0.011012205194090118, 0.0013724638012672426, 0.0006393521231818429, 0.015409932748009551
2016-09-19, 0.14041515533964205, 0.6707423580786027, 0.1240550494281835, 0.00924903013642327, 0.2955799844911737, 0.0, 0.009607246608870692, 0.0089509297245458, 0.005136644249336509
2016-09-19, 0.165649040819584, 0.4401746724890831, 0.15506881178522947, 0.18806361277393838, 0.5172649728595539, 0.002753051298522524, 0.009607246608870692, 0.0025574084927273717, 0.00970255024874675
2016-09-19, 0.165649040819584, 0.4401746724890831, 0.15506881178522947, 0.18806361277393838, 0.5172649728595539, 0.002753051298522524, 0.009607246608870692, 0.0025574084927273717, 0.00970255024874675
2016-09-19, 0.165649040819584, 0.4401746724890831, 0.15506881178522947, 0.18806361277393838, 0.5172649728595539, 0.002753051298522524, 0.009607246608870692, 0.0025574084927273717, 0.00970255024874675
2016-09-19, 0.165649040819584, 0.4401746724890831, 0.15506881178522947, 0.18806361277393838, 0.5172649728595539, 0.002753051298522524, 0.009607246608870692, 0.0025574084927273717, 0.00970255024874675
2016-09-19, 0.165649040819584, 0.4401746724890831, 0.15506881178522947, 0.18806361277393838, 0.5172649728595539, 0.002753051298522524, 0.009607246608870692, 0.0025574084927273717, 0.00970255024874675
2016-09-19, 0.165649040819584, 0.4401746724890831, 0.15506881178522947, 0.18806361277393838, 0.5172649728595539, 0.002753051298522524, 0.009607246608870692, 0.0025574084927273717, 0.00970255024874675
2016-09-19, 0.165649040819584, 0.4401746724890831, 0.15506881178522947, 0.18806361277393838, 0.5172649728595539, 0.002753051298522524, 0.009607246608870692, 0.0025574084927273717, 0.00970255024874675
2016-09-19, 0.165649040819584, 0.4401746724890831, 0.15506881178522947, 0.18806361277393838, 0.5172649728595539, 0.002753051298522524, 0.009607246608870692, 0.0025574084927273717, 0.00970255024874675
2016-09-19, 0.165649040819584, 0.4401746724890831, 0.15506881178522947, 0.18806361277393838, 0.5172649728595539, 0.002753051298522524, 0.009607246608870692, 0.0025574084927273717, 0.00970255024874675
2016-09-19, 0.165649040819584, 0.4401746724890831, 0.15506881178522947, 0.18806361277393838, 0.5172649728595539, 0.002753051298522524, 0.009607246608870692, 0.0025574084927273717, 0.00970255024874675
2016-09-19, 0.13628376961828745, 0.5659388646288209, 0.1783291335530141, 0.015415050227371935, 0.30652739132418017, 0.0, 0.009607246608870692, 0.007032873355000272, 0.007419597249041629
2016-09-19, 0.16072351824599695, 0.5868995633187774, 0.16282225237449113, 0.09865632145518083, 0.41600145965424457, 0.0, 0.008234782807603449, 0.005754169108636586, 0.007419597249041629
2016-09-19, 0.1425502539614435, 0.62882096069869, 0.19383601473153708, 0.09249030136423189, 0.19431647128586416, 0.005506102597045063, 0.010979710410137934, 0.007032873355000272, 0.007419597249041629
2016-09-19, 0.13745757953127738, 0.7545851528384281, 0.054274084124830264, 0.0, 0.2682114674086577, 0.0027530512985225316, 0.009607246608870692, 0.010229633970909487, 0.0
2016-08-20, 0.14913154240255405, 0.5240174672489085, 0.19383601473153708, 0.12948642190992468, 0.32294850157368993, 0.0055061025970450555, 0.010979710410137934, 0.0, 0.006278120749189069
2016-08-20, 0.13761431582714984, 0.37729257641921404, 0.18608257414227544, 0.16648254245561722, 0.34210646353145074, 0.0, 0.012352174211405177, 0.005754169108636586, 0.01084402674859931
2016-08-20, 0.13761431582714984, 0.37729257641921404, 0.18608257414227544, 0.16648254245561722, 0.34210646353145074, 0.0, 0.012352174211405177, 0.005754169108636586, 0.01084402674859931
2016-08-20, 0.13761431582714984, 0.37729257641921404, 0.18608257414227544, 0.16648254245561722, 0.34210646353145074, 0.0, 0.012352174211405177, 0.005754169108636586, 0.01084402674859931
2016-08-20, 0.13761431582714984, 0.37729257641921404, 0.18608257414227544, 0.16648254245561722, 0.34210646353145074, 0.0, 0.012352174211405177, 0.005754169108636586, 0.01084402674859931
2016-08-20, 0.13761431582714984, 0.37729257641921404, 0.18608257414227544, 0.16648254245561722, 0.34210646353145074, 0.0, 0.012352174211405177, 0.005754169108636586, 0.01084402674859931
2016-08-20, 0.13761431582714984, 0.37729257641921404, 0.18608257414227544, 0.16648254245561722, 0.34210646353145074, 0.0, 0.012352174211405177, 0.005754169108636586, 0.01084402674859931
2016-08-20, 0.13761431582714984, 0.37729257641921404, 0.18608257414227544, 0.16648254245561722, 0.34210646353145074, 0.0, 0.012352174211405177, 0.005754169108636586, 0.01084402674859931
2016-08-20, 0.13761431582714984, 0.37729257641921404, 0.18608257414227544, 0.16648254245561722, 0.34210646353145074, 0.0, 0.012352174211405177, 0.005754169108636586, 0.01084402674859931
2016-08-20, 0.13761431582714984, 0.37729257641921404, 0.18608257414227544, 0.16648254245561722, 0.34210646353145074, 0.0, 0.012352174211405177, 0.005754169108636586, 0.01084402674859931
2016-08-20, 0.13761431582714984, 0.37729257641921404, 0.18608257414227544, 0.16648254245561722, 0.34210646353145074, 0.0, 0.012352174211405177, 0.005754169108636586, 0.01084402674859931
2016-08-20, 0.1441676376347304, 0.46113537117903947, 0.1783291335530141, 0.17264856254656616, 0.3174747981571863, 0.0027530512985225316, 0.009607246608870692, 0.005114816985454743, 0.006278120749189069
2016-08-20, 0.1776220546521144, 0.4192139737991267, 0.17057569296375244, 0.27747090409269565, 0.522738676276057, 0.0, 0.009607246608870692, 0.007672225478182115, 0.013697717998230712
2016-08-20, 0.16311192296015245, 0.6917030567685588, 0.20934289591006008, 0.20964468309225925, 0.16147425078684485, 0.011012205194090111, 0.015097101813939662, 0.0031967606159092146, 0.003424429499557681
2016-08-20, 0.18329549492198616, 0.1257641921397381, 0.20158945532079842, 0.4840325771394803, 0.6185284860648637, 0.011012205194090118, 0.0013724638012672426, 0.011508338217273172, 0.01255624149837815
2016-07-21, 0.1196649003020219, 0.48209606986899556, 0.10854816824966053, 0.1325694319553993, 0.20800072982712217, 0.002753051298522524, 0.009607246608870692, 0.005754169108636586, 0.00799033549896791
2016-07-21, 0.1196649003020219, 0.48209606986899556, 0.10854816824966053, 0.1325694319553993, 0.20800072982712217, 0.002753051298522524, 0.009607246608870692, 0.005754169108636586, 0.00799033549896791
2016-07-21, 0.1196649003020219, 0.48209606986899556, 0.10854816824966053, 0.1325694319553993, 0.20800072982712217, 0.002753051298522524, 0.009607246608870692, 0.005754169108636586, 0.00799033549896791
2016-07-21, 0.1196649003020219, 0.48209606986899556, 0.10854816824966053, 0.1325694319553993, 0.20800072982712217, 0.002753051298522524, 0.009607246608870692, 0.005754169108636586, 0.00799033549896791
2016-07-21, 0.1196649003020219, 0.48209606986899556, 0.10854816824966053, 0.1325694319553993, 0.20800072982712217, 0.002753051298522524, 0.009607246608870692, 0.005754169108636586, 0.00799033549896791
2016-07-21, 0.1196649003020219, 0.48209606986899556, 0.10854816824966053, 0.1325694319553993, 0.20800072982712217, 0.002753051298522524, 0.009607246608870692, 0.005754169108636586, 0.00799033549896791
2016-07-21, 0.1196649003020219, 0.48209606986899556, 0.10854816824966053, 0.1325694319553993, 0.20800072982712217, 0.002753051298522524, 0.009607246608870692, 0.005754169108636586, 0.00799033549896791
2016-07-21, 0.1196649003020219, 0.48209606986899556, 0.10854816824966053, 0.1325694319553993, 0.20800072982712217, 0.002753051298522524, 0.009607246608870692, 0.005754169108636586, 0.00799033549896791
2016-07-21, 0.1196649003020219, 0.48209606986899556, 0.10854816824966053, 0.1325694319553993, 0.20800072982712217, 0.002753051298522524, 0.009607246608870692, 0.005754169108636586, 0.00799033549896791
2016-07-21, 0.1196649003020219, 0.48209606986899556, 0.10854816824966053, 0.1325694319553993, 0.20800072982712217, 0.002753051298522524, 0.009607246608870692, 0.005754169108636586, 0.00799033549896791
2016-07-21, 0.1196649003020219, 0.48209606986899556, 0.10854816824966053, 0.1325694319553993, 0.20800072982712217, 0.002753051298522524, 0.009607246608870692, 0.005754169108636586, 0.00799033549896791
2016-07-21, 0.1967493698800686, 0.8174672489082971, 0.10854816824966053, 0.47170053695758296, 0.15600054737034175, 0.005506102597045063, 0.012352174211405177, 0.0012787042463636858, 0.0011414764998525604
2016-07-21, 0.13627706283826865, 0.5030567685589519, 0.06978096530335325, 0.11407137168255276, 0.38589609086347676, 0.0055061025970450555, 0.005489855205068963, 0.0012787042463636858, 0.005136644249336509
2016-07-21, 0.1367303702063421, 0.3772925764192138, 0.15506881178522947, 0.06166020090948774, 0.4789490489440314, 0.008259153895567587, 0.005489855205068963, 0.0025574084927273717, 0.0045659059994102285
2016-07-21, 0.1565073050631636, 0.0419213973799127, 0.17057569296375244, 0.3175500346838628, 0.6732655202298954, 0.013765256492612642, 0.0013724638012672426, 0.015344450956364216, 0.018263623997640942
2016-06-21, 0.12396662572706862, 0.5659388646288209, 0.17057569296375244, 0.06166020090948802, 0.16968480591159948, 0.0055061025970450555, 0.005489855205068963, 0.008311577601363944, 0.0045659059994102285
2016-06-21, 0.12396662572706862, 0.5659388646288209, 0.17057569296375244, 0.06166020090948802, 0.16968480591159948, 0.0055061025970450555, 0.005489855205068963, 0.008311577601363944, 0.0045659059994102285
2016-06-21, 0.12396662572706862, 0.5659388646288209, 0.17057569296375244, 0.06166020090948802, 0.16968480591159948, 0.0055061025970450555, 0.005489855205068963, 0.008311577601363944, 0.0045659059994102285
2016-06-21, 0.12396662572706862, 0.5659388646288209, 0.17057569296375244, 0.06166020090948802, 0.16968480591159948, 0.0055061025970450555, 0.005489855205068963, 0.008311577601363944, 0.0045659059994102285
2016-06-21, 0.12396662572706862, 0.5659388646288209, 0.17057569296375244, 0.06166020090948802, 0.16968480591159948, 0.0055061025970450555, 0.005489855205068963, 0.008311577601363944, 0.0045659059994102285
2016-06-21, 0.12396662572706862, 0.5659388646288209, 0.17057569296375244, 0.06166020090948802, 0.16968480591159948, 0.0055061025970450555, 0.005489855205068963, 0.008311577601363944, 0.0045659059994102285
2016-06-21, 0.12396662572706862, 0.5659388646288209, 0.17057569296375244, 0.06166020090948802, 0.16968480591159948, 0.0055061025970450555, 0.005489855205068963, 0.008311577601363944, 0.0045659059994102285
2016-06-21, 0.12396662572706862, 0.5659388646288209, 0.17057569296375244, 0.06166020090948802, 0.16968480591159948, 0.0055061025970450555, 0.005489855205068963, 0.008311577601363944, 0.0045659059994102285
2016-06-21, 0.12396662572706862, 0.5659388646288209, 0.17057569296375244, 0.06166020090948802, 0.16968480591159948, 0.0055061025970450555, 0.005489855205068963, 0.008311577601363944, 0.0045659059994102285
2016-06-21, 0.12396662572706862, 0.5659388646288209, 0.17057569296375244, 0.06166020090948802, 0.16968480591159948, 0.0055061025970450555, 0.005489855205068963, 0.008311577601363944, 0.0045659059994102285
2016-06-21, 0.12396662572706862, 0.5659388646288209, 0.17057569296375244, 0.06166020090948802, 0.16968480591159948, 0.0055061025970450555, 0.005489855205068963, 0.008311577601363944, 0.0045659059994102285
2016-06-21, 0.2516758013388829, 0.9013100436681221, 0.17057569296375244, 0.4377874264573645, 0.4707384938192768, 0.01376525649261265, 0.015097101813939662, 0.0012787042463636858, 0.002853691249631401
2016-06-21, 0.10218769298551815, 0.4192139737991265, 0.1783291335530141, 0.04624515068211608, 0.1423162888290835, 0.002753051298522524, 0.006862319006336205, 0.011508338217273158, 0.01027328849867303
2016-06-21, 0.1194606510528026, 0.6497816593886464, 0.1395619306067065, 0.00924903013642327, 0.13410573370432885, 0.0, 0.009607246608870692, 0.0076722254781821, 0.005707382499262789
2016-06-21, 0.17047495463055687, 0.06288209606986905, 0.24035665826710603, 0.4470364565937875, 0.5610546001915794, 0.013765256492612642, 0.0027449276025344853, 0.01598380307954606, 0.01997583874741978
2016-05-22, 0.09799116996739125, 0.18864628820960713, 0.11630160883892218, 0.16339953241014318, 0.2901062810746701, 0.0, 0.009607246608870692, 0.009590281847727629, 0.006278120749189069
2016-05-22, 0.09606025484933192, 0.10480349344978175, 0.17057569296375244, 0.1788145826375151, 0.2928431327829221, 0.0027530512985225316, 0.008234782807603449, 0.007032873355000258, 0.0034244294995576683
2016-05-22, 0.09606025484933192, 0.10480349344978175, 0.17057569296375244, 0.1788145826375151, 0.2928431327829221, 0.0027530512985225316, 0.008234782807603449, 0.007032873355000258, 0.0034244294995576683
2016-05-22, 0.09606025484933192, 0.10480349344978175, 0.17057569296375244, 0.1788145826375151, 0.2928431327829221, 0.0027530512985225316, 0.008234782807603449, 0.007032873355000258, 0.0034244294995576683
2016-05-22, 0.09606025484933192, 0.10480349344978175, 0.17057569296375244, 0.1788145826375151, 0.2928431327829221, 0.0027530512985225316, 0.008234782807603449, 0.007032873355000258, 0.0034244294995576683
2016-05-22, 0.09606025484933192, 0.10480349344978175, 0.17057569296375244, 0.1788145826375151, 0.2928431327829221, 0.0027530512985225316, 0.008234782807603449, 0.007032873355000258, 0.0034244294995576683
2016-05-22, 0.09606025484933192, 0.10480349344978175, 0.17057569296375244, 0.1788145826375151, 0.2928431327829221, 0.0027530512985225316, 0.008234782807603449, 0.007032873355000258, 0.0034244294995576683
2016-05-22, 0.09606025484933192, 0.10480349344978175, 0.17057569296375244, 0.1788145826375151, 0.2928431327829221, 0.0027530512985225316, 0.008234782807603449, 0.007032873355000258, 0.0034244294995576683
2016-05-22, 0.09606025484933192, 0.10480349344978175, 0.17057569296375244, 0.1788145826375151, 0.2928431327829221, 0.0027530512985225316, 0.008234782807603449, 0.007032873355000258, 0.0034244294995576683
2016-05-22, 0.09606025484933192, 0.10480349344978175, 0.17057569296375244, 0.1788145826375151, 0.2928431327829221, 0.0027530512985225316, 0.008234782807603449, 0.007032873355000258, 0.0034244294995576683
2016-05-22, 0.09606025484933192, 0.10480349344978175, 0.17057569296375244, 0.1788145826375151, 0.2928431327829221, 0.0027530512985225316, 0.008234782807603449, 0.007032873355000258, 0.0034244294995576683
2016-05-22, 0.1751986368803603, 0.5659388646288209, 0.15506881178522947, 0.32988207486576065, 0.3202116498654384, 0.011012205194090111, 0.012352174211405177, 0.0025574084927273573, 0.0045659059994102415
2016-05-22, 0.22981337260998175, 0.3982532751091702, 0.271370420624152, 0.4470364565937875, 0.6677918168133923, 0.011012205194090118, 0.0027449276025344853, 0.019180563695455257, 0.021117315247272343
2016-05-22, 0.11206808225237834, 0.48209606986899556, 0.10079472766039921, 0.13565244200087337, 0.15600054737034175, 0.002753051298522524, 0.012352174211405177, 0.005754169108636572, 0.0011414764998525604
2016-05-22, 0.11919518282818596, 0.14672489082969445, 0.2170963364993214, 0.23122575341057985, 0.3229485015736897, 0.005506102597045063, 0.006862319006336205, 0.01406574671000053, 0.009131811998820471
2016-04-22, 0.11511580569350809, 0.48209606986899556, 0.17057569296375244, 0.09249030136423189, 0.1368425854125804, 0.0055061025970450555, 0.006862319006336205, 0.0134263945868187, 0.013126979748304431
2016-04-22, 0.11511580569350809, 0.48209606986899556, 0.17057569296375244, 0.09249030136423189, 0.1368425854125804, 0.0055061025970450555, 0.006862319006336205, 0.0134263945868187, 0.013126979748304431
2016-04-22, 0.11511580569350809, 0.48209606986899556, 0.17057569296375244, 0.09249030136423189, 0.1368425854125804, 0.0055061025970450555, 0.006862319006336205, 0.0134263945868187, 0.013126979748304431
2016-04-22, 0.11511580569350809, 0.48209606986899556, 0.17057569296375244, 0.09249030136423189, 0.1368425854125804, 0.0055061025970450555, 0.006862319006336205, 0.0134263945868187, 0.013126979748304431
2016-04-22, 0.11511580569350809, 0.48209606986899556, 0.17057569296375244, 0.09249030136423189, 0.1368425854125804, 0.0055061025970450555, 0.006862319006336205, 0.0134263945868187, 0.013126979748304431
2016-04-22, 0.11511580569350809, 0.48209606986899556, 0.17057569296375244, 0.09249030136423189, 0.1368425854125804, 0.0055061025970450555, 0.006862319006336205, 0.0134263945868187, 0.013126979748304431
2016-04-22, 0.11511580569350809, 0.48209606986899556, 0.17057569296375244, 0.09249030136423189, 0.1368425854125804, 0.0055061025970450555, 0.006862319006336205, 0.0134263945868187, 0.013126979748304431
2016-04-22, 0.11511580569350809, 0.48209606986899556, 0.17057569296375244, 0.09249030136423189, 0.1368425854125804, 0.0055061025970450555, 0.006862319006336205, 0.0134263945868187, 0.013126979748304431
2016-04-22, 0.11511580569350809, 0.48209606986899556, 0.17057569296375244, 0.09249030136423189, 0.1368425854125804, 0.0055061025970450555, 0.006862319006336205, 0.0134263945868187, 0.013126979748304431
2016-04-22, 0.11511580569350809, 0.48209606986899556, 0.17057569296375244, 0.09249030136423189, 0.1368425854125804, 0.0055061025970450555, 0.006862319006336205, 0.0134263945868187, 0.013126979748304431
2016-04-22, 0.11511580569350809, 0.48209606986899556, 0.17057569296375244, 0.09249030136423189, 0.1368425854125804, 0.0055061025970450555, 0.006862319006336205, 0.0134263945868187, 0.013126979748304431
2016-04-22, 0.18477223041025637, 0.7545851528384281, 0.20934289591006008, 0.2620558538653237, 0.2298955434931353, 0.008259153895567587, 0.010979710410137934, 0.0019180563695455287, 0.0011414764998525476
2016-04-22, 0.12355031884628576, 0.5449781659388646, 0.16282225237449113, 0.08632428127328322, 0.16694795420334793, 0.002753051298522524, 0.005489855205068963, 0.007672225478182115, 0.011414764998525591
2016-04-22, 0.18671754698851667, 0.33537117903930114, 0.255863539445629, 0.3483801351386072, 0.5254755279843087, 0.008259153895567587, 0.001372463801267235, 0.007032873355000272, 0.011985503248451872
2016-04-22, 0.19893517128370614, 0.1676855895196508, 0.24035665826710603, 0.456285486730211, 0.6924234821876567, 0.013765256492612642, 0.0027449276025344853, 0.010229633970909487, 0.00799033549896791
2016-03-23, 0.10668747368698996, 0.5240174672489083, 0.20934289591006008, 0.0, 0.08757925466405105, 0.0, 0.0, 0.026852789173637388, 0.005707382499262802
2016-03-23, 0.10668747368698996, 0.5240174672489083, 0.20934289591006008, 0.0, 0.08757925466405105, 0.0, 0.0, 0.026852789173637388, 0.005707382499262802
2016-03-23, 0.10668747368698996, 0.5240174672489083, 0.20934289591006008, 0.0, 0.08757925466405105, 0.0, 0.0, 0.026852789173637388, 0.005707382499262802
2016-03-23, 0.10668747368698996, 0.5240174672489083, 0.20934289591006008, 0.0, 0.08757925466405105, 0.0, 0.0, 0.026852789173637388, 0.005707382499262802
2016-03-23, 0.10668747368698996, 0.5240174672489083, 0.20934289591006008, 0.0, 0.08757925466405105, 0.0, 0.0, 0.026852789173637388, 0.005707382499262802
2016-03-23, 0.10668747368698996, 0.5240174672489083, 0.20934289591006008, 0.0, 0.08757925466405105, 0.0, 0.0, 0.026852789173637388, 0.005707382499262802
2016-03-23, 0.10668747368698996, 0.5240174672489083, 0.20934289591006008, 0.0, 0.08757925466405105, 0.0, 0.0, 0.026852789173637388, 0.005707382499262802
2016-03-23, 0.10668747368698996, 0.5240174672489083, 0.20934289591006008, 0.0, 0.08757925466405105, 0.0, 0.0, 0.026852789173637388, 0.005707382499262802
2016-03-23, 0.10668747368698996, 0.5240174672489083, 0.20934289591006008, 0.0, 0.08757925466405105, 0.0, 0.0, 0.026852789173637388, 0.005707382499262802
2016-03-23, 0.10668747368698996, 0.5240174672489083, 0.20934289591006008, 0.0, 0.08757925466405105, 0.0, 0.0, 0.026852789173637388, 0.005707382499262802
2016-03-23, 0.10668747368698996, 0.5240174672489083, 0.20934289591006008, 0.0, 0.08757925466405105, 0.0, 0.0, 0.026852789173637388, 0.005707382499262802
2016-03-23, 0.22049630846524015, 0.8593886462882094, 0.1705756929637528, 0.3144670246383887, 0.3503170186562061, 0.011012205194090118, 0.005489855205068956, 0.033885662528637644, 0.018834362247567234
2016-03-23, 0.11511423425072399, 0.5240174672489083, 0.24035665826710603, 0.024664080363795207, 0.10400036491356084, 0.002753051298522524, 0.0027449276025344853, 0.022377324311364487, 0.0
2016-03-23, 0.18114912356142995, 0.31441048034934527, 0.24035665826710603, 0.32679906482028637, 0.5336860831090634, 0.005506102597045063, 0.004117391403801728, 0.019180563695455274, 0.005136644249336509
2016-03-23, 0.12847580370773615, 0.35633187772925745, 0.20158945532079875, 0.10790535159160382, 0.32842220499019276, 0.0027530512985225316, 0.0013724638012672426, 0.024295380680910018, 0.005136644249336521
2016-02-22, 0.14810172675290648, 0.7126637554585151, 0.20934289591006008, 0.015415050227371935, 0.2162112849518773, 0.0027530512985225316, 0.0, 0.02557408492727369, 0.002853691249631401
2016-02-22, 0.14810172675290648, 0.7126637554585151, 0.20934289591006008, 0.015415050227371935, 0.2162112849518773, 0.0027530512985225316, 0.0, 0.02557408492727369, 0.002853691249631401
2016-02-22, 0.14810172675290648, 0.7126637554585151, 0.20934289591006008, 0.015415050227371935, 0.2162112849518773, 0.0027530512985225316, 0.0, 0.02557408492727369, 0.002853691249631401
2016-02-22, 0.14810172675290648, 0.7126637554585151, 0.20934289591006008, 0.015415050227371935, 0.2162112849518773, 0.0027530512985225316, 0.0, 0.02557408492727369, 0.002853691249631401
2016-02-22, 0.14810172675290648, 0.7126637554585151, 0.20934289591006008, 0.015415050227371935, 0.2162112849518773, 0.0027530512985225316, 0.0, 0.02557408492727369, 0.002853691249631401
2016-02-22, 0.14810172675290648, 0.7126637554585151, 0.20934289591006008, 0.015415050227371935, 0.2162112849518773, 0.0027530512985225316, 0.0, 0.02557408492727369, 0.002853691249631401
2016-02-22, 0.14810172675290648, 0.7126637554585151, 0.20934289591006008, 0.015415050227371935, 0.2162112849518773, 0.0027530512985225316, 0.0, 0.02557408492727369, 0.002853691249631401
2016-02-22, 0.14810172675290648, 0.7126637554585151, 0.20934289591006008, 0.015415050227371935, 0.2162112849518773, 0.0027530512985225316, 0.0, 0.02557408492727369, 0.002853691249631401
2016-02-22, 0.14810172675290648, 0.7126637554585151, 0.20934289591006008, 0.015415050227371935, 0.2162112849518773, 0.0027530512985225316, 0.0, 0.02557408492727369, 0.002853691249631401
2016-02-22, 0.14810172675290648, 0.7126637554585151, 0.20934289591006008, 0.015415050227371935, 0.2162112849518773, 0.0027530512985225316, 0.0, 0.02557408492727369, 0.002853691249631401
2016-02-22, 0.14810172675290648, 0.7126637554585151, 0.20934289591006008, 0.015415050227371935, 0.2162112849518773, 0.0027530512985225316, 0.0, 0.02557408492727369, 0.002853691249631401
2016-02-22, 0.21905731959586128, 1.02707423580786, 0.18608257414227578, 0.2250597333196312, 0.2600009122839026, 0.0055061025970450555, 0.005489855205068956, 0.030688901912728432, 0.01255624149837815
2016-02-22, 0.16908073192190903, 0.8593886462882097, 0.1783291335530141, 0.07090923104591101, 0.22168498836838038, 0.0, 0.0013724638012672426, 0.019819915818637117, 0.0011414764998525604
2016-02-22, 0.14402327243620688, 0.8384279475982532, 0.1705756929637528, 0.06782622100043668, 0.03557907220727112, 0.0, 0.0013724638012672426, 0.02813149342000106, 0.01027328849867303
2016-02-22, 0.20045053010382555, 0.3982532751091704, 0.1783291335530141, 0.4408704365028388, 0.5501071933585732, 0.011012205194090118, 0.004117391403801728, 0.01406574671000053, 0.00684885899911535
2016-01-23, 0.14425515218943563, 0.7126637554585151, 0.27912386121341365, 0.03083010045474387, 0.11494777174656728, 0.0027530512985225316, 0.0, 0.010868986094091329, 0.0028536912496313883
2016-01-23, 0.13840264089762983, 0.6917030567685588, 0.2946307423919363, 0.08940729131875755, 0.010947406833006441, 0.005506102597045063, 0.0013724638012672426, 0.010229633970909487, 0.0034244294995576683
2016-01-23, 0.13840264089762983, 0.6917030567685588, 0.2946307423919363, 0.08940729131875755, 0.010947406833006441, 0.005506102597045063, 0.0013724638012672426, 0.010229633970909487, 0.0034244294995576683
2016-01-23, 0.13840264089762983, 0.6917030567685588, 0.2946307423919363, 0.08940729131875755, 0.010947406833006441, 0.005506102597045063, 0.0013724638012672426, 0.010229633970909487, 0.0034244294995576683
2016-01-23, 0.13840264089762983, 0.6917030567685588, 0.2946307423919363, 0.08940729131875755, 0.010947406833006441, 0.005506102597045063, 0.0013724638012672426, 0.010229633970909487, 0.0034244294995576683
2016-01-23, 0.13840264089762983, 0.6917030567685588, 0.2946307423919363, 0.08940729131875755, 0.010947406833006441, 0.005506102597045063, 0.0013724638012672426, 0.010229633970909487, 0.0034244294995576683
2016-01-23, 0.13840264089762983, 0.6917030567685588, 0.2946307423919363, 0.08940729131875755, 0.010947406833006441, 0.005506102597045063, 0.0013724638012672426, 0.010229633970909487, 0.0034244294995576683
2016-01-23, 0.13840264089762983, 0.6917030567685588, 0.2946307423919363, 0.08940729131875755, 0.010947406833006441, 0.005506102597045063, 0.0013724638012672426, 0.010229633970909487, 0.0034244294995576683
2016-01-23, 0.13840264089762983, 0.6917030567685588, 0.2946307423919363, 0.08940729131875755, 0.010947406833006441, 0.005506102597045063, 0.0013724638012672426, 0.010229633970909487, 0.0034244294995576683
2016-01-23, 0.13840264089762983, 0.6917030567685588, 0.2946307423919363, 0.08940729131875755, 0.010947406833006441, 0.005506102597045063, 0.0013724638012672426, 0.010229633970909487, 0.0034244294995576683
2016-01-23, 0.13840264089762983, 0.6917030567685588, 0.2946307423919363, 0.08940729131875755, 0.010947406833006441, 0.005506102597045063, 0.0013724638012672426, 0.010229633970909487, 0.0034244294995576683
2016-01-23, 0.13697074539851162, 0.7126637554585151, 0.2636169800348907, 0.07399224109138562, 0.01642111024950954, 0.005506102597045063, 0.0013724638012672426, 0.01534445095636423, 0.006848858999115362
2016-01-23, 0.1442970723055935, 0.4192139737991267, 0.271370420624152, 0.08632428127328322, 0.34210646353145074, 0.008259153895567587, 0.0, 0.01854121157227343, 0.008561073748894203
2016-01-23, 0.286155374604362, 1.1318777292576416, 0.22484977708858306, 0.46553451686663405, 0.4351594216120059, 0.011012205194090118, 0.005489855205068956, 0.0044754648622729, 0.01084402674859931
2016-01-23, 0.16917127839714838, 0.2724890829694323, 0.271370420624152, 0.28980294427459324, 0.4762121972357796, 0.011012205194090118, 0.008234782807603456, 0.01854121157227343, 0.005707382499262802
2015-12-24, 0.09839999990972863, 0.4192139737991267, 0.046520643535568944, 0.10173933150065516, 0.19431647128586393, 0.008259153895567587, 0.0013724638012672426, 0.014065746710000543, 0.0017122147497788405
2015-12-24, 0.1000122701985876, 0.4820960698689958, 0.03876720294630728, 0.21889371322868226, 0.03557907220727112, 0.005506102597045063, 0.004117391403801728, 0.0134263945868187, 0.0017122147497788405
2015-12-24, 0.1000122701985876, 0.4820960698689958, 0.03876720294630728, 0.21889371322868226, 0.03557907220727112, 0.005506102597045063, 0.004117391403801728, 0.0134263945868187, 0.0017122147497788405
2015-12-24, 0.1000122701985876, 0.4820960698689958, 0.03876720294630728, 0.21889371322868226, 0.03557907220727112, 0.005506102597045063, 0.004117391403801728, 0.0134263945868187, 0.0017122147497788405
2015-12-24, 0.1000122701985876, 0.4820960698689958, 0.03876720294630728, 0.21889371322868226, 0.03557907220727112, 0.005506102597045063, 0.004117391403801728, 0.0134263945868187, 0.0017122147497788405
2015-12-24, 0.1000122701985876, 0.4820960698689958, 0.03876720294630728, 0.21889371322868226, 0.03557907220727112, 0.005506102597045063, 0.004117391403801728, 0.0134263945868187, 0.0017122147497788405
2015-12-24, 0.1000122701985876, 0.4820960698689958, 0.03876720294630728, 0.21889371322868226, 0.03557907220727112, 0.005506102597045063, 0.004117391403801728, 0.0134263945868187, 0.0017122147497788405
2015-12-24, 0.1000122701985876, 0.4820960698689958, 0.03876720294630728, 0.21889371322868226, 0.03557907220727112, 0.005506102597045063, 0.004117391403801728, 0.0134263945868187, 0.0017122147497788405
2015-12-24, 0.1000122701985876, 0.4820960698689958, 0.03876720294630728, 0.21889371322868226, 0.03557907220727112, 0.005506102597045063, 0.004117391403801728, 0.0134263945868187, 0.0017122147497788405
2015-12-24, 0.1000122701985876, 0.4820960698689958, 0.03876720294630728, 0.21889371322868226, 0.03557907220727112, 0.005506102597045063, 0.004117391403801728, 0.0134263945868187, 0.0017122147497788405
2015-12-24, 0.1000122701985876, 0.4820960698689958, 0.03876720294630728, 0.21889371322868226, 0.03557907220727112, 0.005506102597045063, 0.004117391403801728, 0.0134263945868187, 0.0017122147497788405
2015-12-24, 0.2696853061326965, 0.9641921397379913, 0.007753440589261662, 0.5826888985946611, 0.5692651553163345, 0.0055061025970450555, 0.009607246608870698, 0.0019180563695455287, 0.0165514092478621
2015-12-24, 0.08924873767909336, 0.1467248908296942, 0.09304128707113789, 0.14798448218277097, 0.2791588742416639, 0.01376525649261265, 0.0013724638012672426, 0.021098620065000802, 0.010844026748599323
2015-12-24, 0.04263871338709768, 0.1886462882096069, 0.031013762357045963, 0.024664080363795207, 0.06294758928978711, 0.01376525649261265, 0.0013724638012672426, 0.014705098833182387, 0.003995167749483961
2015-12-24, 0.06995050410588492, 0.25152838427947594, 0.08528784648187622, 0.0030830100454743324, 0.18610591616110927, 0.011012205194090118, 0.0027449276025344853, 0.014705098833182387, 0.005136644249336521
2015-11-24, 0.060601904150875935, 0.12576419213973786, 0.062027524714091925, 0.027747090409269537, 0.22442184007663193, 0.011012205194090111, 0.0027449276025344853, 0.01854121157227343, 0.012556241498378164
2015-11-24, 0.08470086374151278, 0.33537117903930136, 0.015506881178522981, 0.25897284381984936, 0.04105277562377422, 0.011012205194090111, 0.0027449276025344853, 0.0089509297245458, 0.003995167749483949
2015-11-24, 0.08470086374151278, 0.33537117903930136, 0.015506881178522981, 0.25897284381984936, 0.04105277562377422, 0.011012205194090111, 0.0027449276025344853, 0.0089509297245458, 0.003995167749483949
2015-11-24, 0.08470086374151278, 0.33537117903930136, 0.015506881178522981, 0.25897284381984936, 0.04105277562377422, 0.011012205194090111, 0.0027449276025344853, 0.0089509297245458, 0.003995167749483949
2015-11-24, 0.08470086374151278, 0.33537117903930136, 0.015506881178522981, 0.25897284381984936, 0.04105277562377422, 0.011012205194090111, 0.0027449276025344853, 0.0089509297245458, 0.003995167749483949
2015-11-24, 0.08470086374151278, 0.33537117903930136, 0.015506881178522981, 0.25897284381984936, 0.04105277562377422, 0.011012205194090111, 0.0027449276025344853, 0.0089509297245458, 0.003995167749483949
2015-11-24, 0.08470086374151278, 0.33537117903930136, 0.015506881178522981, 0.25897284381984936, 0.04105277562377422, 0.011012205194090111, 0.0027449276025344853, 0.0089509297245458, 0.003995167749483949
2015-11-24, 0.08470086374151278, 0.33537117903930136, 0.015506881178522981, 0.25897284381984936, 0.04105277562377422, 0.011012205194090111, 0.0027449276025344853, 0.0089509297245458, 0.003995167749483949
2015-11-24, 0.08470086374151278, 0.33537117903930136, 0.015506881178522981, 0.25897284381984936, 0.04105277562377422, 0.011012205194090111, 0.0027449276025344853, 0.0089509297245458, 0.003995167749483949
2015-11-24, 0.08470086374151278, 0.33537117903930136, 0.015506881178522981, 0.25897284381984936, 0.04105277562377422, 0.011012205194090111, 0.0027449276025344853, 0.0089509297245458, 0.003995167749483949
2015-11-24, 0.08470086374151278, 0.33537117903930136, 0.015506881178522981, 0.25897284381984936, 0.04105277562377422, 0.011012205194090111, 0.0027449276025344853, 0.0089509297245458, 0.003995167749483949
2015-11-24, 0.07488327049968604, 0.23056768558951962, 0.046520643535568944, 0.033913110500218474, 0.24905350545089638, 0.016518307791135174, 0.0013724638012672426, 0.01598380307954606, 0.005136644249336521
2015-11-24, 0.07013813874403414, 0.20960698689956325, 0.007753440589261319, 0.04007913059116742, 0.24905350545089638, 0.013765256492612642, 0.0, 0.024295380680910018, 0.016551409247862112
2015-11-24, 0.0808127248210354, 0.16768558951965057, 0.031013762357045963, 0.08324127122780889, 0.3120010947406835, 0.013765256492612642, 0.0013724638012672426, 0.024295380680910018, 0.013126979748304445
2015-11-24, 0.055148329200786425, 0.06288209606986905, 0.031013762357045963, 0.10173933150065516, 0.18610591616110927, 0.016518307791135174, 0.0013724638012672426, 0.025574084927273703, 0.015980670997935834
2015-10-25, 0.07800296559955444, 0.0838427947598254, 0.015506881178522981, 0.12332040181897604, 0.3503170186562057, 0.019271359089657707, 0.002744927602534478, 0.02045926794181896, 0.008561073748894203
2015-10-25, 0.07536944598582365, 0.37729257641921404, 0.015506881178522981, 0.10482234154612949, 0.06568444099803865, 0.011012205194090118, 0.0027449276025344853, 0.017901859449091586, 0.007990335498967922
2015-10-25, 0.07536944598582365, 0.37729257641921404, 0.015506881178522981, 0.10482234154612949, 0.06568444099803865, 0.011012205194090118, 0.0027449276025344853, 0.017901859449091586, 0.007990335498967922
2015-10-25, 0.07536944598582365, 0.37729257641921404, 0.015506881178522981, 0.10482234154612949, 0.06568444099803865, 0.011012205194090118, 0.0027449276025344853, 0.017901859449091586, 0.007990335498967922
2015-10-25, 0.07536944598582365, 0.37729257641921404, 0.015506881178522981, 0.10482234154612949, 0.06568444099803865, 0.011012205194090118, 0.0027449276025344853, 0.017901859449091586, 0.007990335498967922
2015-10-25, 0.07536944598582365, 0.37729257641921404, 0.015506881178522981, 0.10482234154612949, 0.06568444099803865, 0.011012205194090118, 0.0027449276025344853, 0.017901859449091586, 0.007990335498967922
2015-10-25, 0.07536944598582365, 0.37729257641921404, 0.015506881178522981, 0.10482234154612949, 0.06568444099803865, 0.011012205194090118, 0.0027449276025344853, 0.017901859449091586, 0.007990335498967922
2015-10-25, 0.07536944598582365, 0.37729257641921404, 0.015506881178522981, 0.10482234154612949, 0.06568444099803865, 0.011012205194090118, 0.0027449276025344853, 0.017901859449091586, 0.007990335498967922
2015-10-25, 0.07536944598582365, 0.37729257641921404, 0.015506881178522981, 0.10482234154612949, 0.06568444099803865, 0.011012205194090118, 0.0027449276025344853, 0.017901859449091586, 0.007990335498967922
2015-10-25, 0.07536944598582365, 0.37729257641921404, 0.015506881178522981, 0.10482234154612949, 0.06568444099803865, 0.011012205194090118, 0.0027449276025344853, 0.017901859449091586, 0.007990335498967922
2015-10-25, 0.07536944598582365, 0.37729257641921404, 0.015506881178522981, 0.10482234154612949, 0.06568444099803865, 0.011012205194090118, 0.0027449276025344853, 0.017901859449091586, 0.007990335498967922
2015-10-25, 0.09473382160100136, 0.4401746724890831, 0.054274084124830604, 0.20656167304678463, 0.02736851708251623, 0.011012205194090118, 0.004117391403801728, 0.011508338217273172, 0.002853691249631401
2015-10-25, 0.2513771503445262, 0.7965065502183406, 0.09304128707113789, 0.5518587981399172, 0.5473703416503216, 0.0027530512985225316, 0.006862319006336213, 0.0006393521231818429, 0.011985503248451872
2015-10-25, 0.08873410713714897, 0.35633187772925773, 0.08528784648187622, 0.08015826118233428, 0.14505314053733506, 0.013765256492612642, 0.0027449276025344853, 0.01854121157227343, 0.007990335498967922
2015-10-25, 0.08485492469841269, 0.1257641921397381, 0.046520643535568944, 0.1325694319553993, 0.3229485015736897, 0.019271359089657707, 0.002744927602534478, 0.02045926794181896, 0.008561073748894203
2015-09-25, 0.12939198727953932, 0.5030567685589517, 0.20934289591006008, 0.24047478354700313, 0.038315923915522666, 0.01651830779113518, 0.00411739140380172, 0.004475464862272886, 0.01883436224756722
2015-09-25, 0.12939198727953932, 0.5030567685589517, 0.20934289591006008, 0.24047478354700313, 0.038315923915522666, 0.01651830779113518, 0.00411739140380172, 0.004475464862272886, 0.01883436224756722
2015-09-25, 0.12939198727953932, 0.5030567685589517, 0.20934289591006008, 0.24047478354700313, 0.038315923915522666, 0.01651830779113518, 0.00411739140380172, 0.004475464862272886, 0.01883436224756722
2015-09-25, 0.12939198727953932, 0.5030567685589517, 0.20934289591006008, 0.24047478354700313, 0.038315923915522666, 0.01651830779113518, 0.00411739140380172, 0.004475464862272886, 0.01883436224756722
2015-09-25, 0.12939198727953932, 0.5030567685589517, 0.20934289591006008, 0.24047478354700313, 0.038315923915522666, 0.01651830779113518, 0.00411739140380172, 0.004475464862272886, 0.01883436224756722
2015-09-25, 0.12939198727953932, 0.5030567685589517, 0.20934289591006008, 0.24047478354700313, 0.038315923915522666, 0.01651830779113518, 0.00411739140380172, 0.004475464862272886, 0.01883436224756722
2015-09-25, 0.12939198727953932, 0.5030567685589517, 0.20934289591006008, 0.24047478354700313, 0.038315923915522666, 0.01651830779113518, 0.00411739140380172, 0.004475464862272886, 0.01883436224756722
2015-09-25, 0.12939198727953932, 0.5030567685589517, 0.20934289591006008, 0.24047478354700313, 0.038315923915522666, 0.01651830779113518, 0.00411739140380172, 0.004475464862272886, 0.01883436224756722
2015-09-25, 0.12939198727953932, 0.5030567685589517, 0.20934289591006008, 0.24047478354700313, 0.038315923915522666, 0.01651830779113518, 0.00411739140380172, 0.004475464862272886, 0.01883436224756722
2015-09-25, 0.12939198727953932, 0.5030567685589517, 0.20934289591006008, 0.24047478354700313, 0.038315923915522666, 0.01651830779113518, 0.00411739140380172, 0.004475464862272886, 0.01883436224756722
2015-09-25, 0.12939198727953932, 0.5030567685589517, 0.20934289591006008, 0.24047478354700313, 0.038315923915522666, 0.01651830779113518, 0.00411739140380172, 0.004475464862272886, 0.01883436224756722
2015-09-25, 0.19250380640987438, 0.7545851528384279, 0.12405504942818385, 0.40079130591167195, 0.24084295032614172, 0.008259153895567594, 0.006862319006336205, 0.0006393521231818429, 0.003995167749483949
2015-09-25, 0.10347853483068915, 0.33537117903930136, 0.19383601473153708, 0.16339953241014318, 0.08210555124754844, 0.01376525649261265, 0.006862319006336205, 0.010229633970909473, 0.0222587917471249
2015-09-25, 0.10753597713179608, 0.46113537117903897, 0.1550688117852298, 0.17264856254656644, 0.030105368790767778, 0.01376525649261265, 0.00411739140380172, 0.005754169108636572, 0.01769288574771466
2015-09-25, 0.10043709121425394, 0.33537117903930136, 0.20158945532079875, 0.033913110500218474, 0.18063221274460617, 0.019271359089657707, 0.001372463801267235, 0.010229633970909473, 0.021117315247272343
2015-08-26, 0.09383786724539467, 0.12576419213973786, 0.031013762357045963, 0.4747835470030573, 0.06568444099803865, 0.019271359089657696, 0.004117391403801728, 0.008950929724545786, 0.021117315247272343
2015-08-26, 0.09726643287020005, 0.314410480349345, 0.015506881178522981, 0.24047478354700313, 0.16147425078684485, 0.019271359089657696, 0.004117391403801728, 0.005754169108636572, 0.01712214749778838
2015-08-26, 0.09726643287020005, 0.314410480349345, 0.015506881178522981, 0.24047478354700313, 0.16147425078684485, 0.019271359089657696, 0.004117391403801728, 0.005754169108636572, 0.01712214749778838
2015-08-26, 0.09726643287020005, 0.314410480349345, 0.015506881178522981, 0.24047478354700313, 0.16147425078684485, 0.019271359089657696, 0.004117391403801728, 0.005754169108636572, 0.01712214749778838
2015-08-26, 0.09726643287020005, 0.314410480349345, 0.015506881178522981, 0.24047478354700313, 0.16147425078684485, 0.019271359089657696, 0.004117391403801728, 0.005754169108636572, 0.01712214749778838
2015-08-26, 0.09726643287020005, 0.314410480349345, 0.015506881178522981, 0.24047478354700313, 0.16147425078684485, 0.019271359089657696, 0.004117391403801728, 0.005754169108636572, 0.01712214749778838
2015-08-26, 0.09726643287020005, 0.314410480349345, 0.015506881178522981, 0.24047478354700313, 0.16147425078684485, 0.019271359089657696, 0.004117391403801728, 0.005754169108636572, 0.01712214749778838
2015-08-26, 0.09726643287020005, 0.314410480349345, 0.015506881178522981, 0.24047478354700313, 0.16147425078684485, 0.019271359089657696, 0.004117391403801728, 0.005754169108636572, 0.01712214749778838
2015-08-26, 0.09726643287020005, 0.314410480349345, 0.015506881178522981, 0.24047478354700313, 0.16147425078684485, 0.019271359089657696, 0.004117391403801728, 0.005754169108636572, 0.01712214749778838
2015-08-26, 0.09726643287020005, 0.314410480349345, 0.015506881178522981, 0.24047478354700313, 0.16147425078684485, 0.019271359089657696, 0.004117391403801728, 0.005754169108636572, 0.01712214749778838
2015-08-26, 0.09726643287020005, 0.314410480349345, 0.015506881178522981, 0.24047478354700313, 0.16147425078684485, 0.019271359089657696, 0.004117391403801728, 0.005754169108636572, 0.01712214749778838
2015-08-26, 0.06639704018910803, 0.10480349344978152, 0.007753440589261319, 0.32679906482028637, 0.03284222049901908, 0.024777461686702754, 0.0, 0.010229633970909473, 0.023971006496903743
2015-08-26, 0.09579766545835787, 0.12576419213973786, 0.023260321767784645, 0.3977082958661974, 0.15600054737034175, 0.02202441038818023, 0.0013724638012672426, 0.013426394586818687, 0.026824697746535144
2015-08-26, 0.08156848063264867, 0.16768558951965057, 0.046520643535568944, 0.3761272255478765, 0.008210555124754892, 0.024777461686702754, 0.0013724638012672426, 0.009590281847727629, 0.018263623997640942
2015-08-26, 0.09915601408576427, 0.25152838427947594, 0.046520643535568944, 0.3422141150476583, 0.09031610637230308, 0.02202441038818023, 0.0027449276025344853, 0.012787042463636844, 0.0251124829967563
2015-07-27, 0.13234924043408647, 0.0419213973799127, 0.0775344058926149, 0.33604809495670934, 0.5665283036080829, 0.019271359089657714, 0.001372463801267235, 0.0012787042463636715, 0.014839194498083259
2015-07-27, 0.11248444784447728, 0.1257641921397381, 0.046520643535568944, 0.24047478354700313, 0.454317383569767, 0.01651830779113518, 0.001372463801267235, 0.0006393521231818287, 0.014268456248156992
2015-07-27, 0.11248444784447728, 0.1257641921397381, 0.046520643535568944, 0.24047478354700313, 0.454317383569767, 0.01651830779113518, 0.001372463801267235, 0.0006393521231818287, 0.014268456248156992
2015-07-27, 0.11248444784447728, 0.1257641921397381, 0.046520643535568944, 0.24047478354700313, 0.454317383569767, 0.01651830779113518, 0.001372463801267235, 0.0006393521231818287, 0.014268456248156992
2015-07-27, 0.11248444784447728, 0.1257641921397381, 0.046520643535568944, 0.24047478354700313, 0.454317383569767, 0.01651830779113518, 0.001372463801267235, 0.0006393521231818287, 0.014268456248156992
2015-07-27, 0.11248444784447728, 0.1257641921397381, 0.046520643535568944, 0.24047478354700313, 0.454317383569767, 0.01651830779113518, 0.001372463801267235, 0.0006393521231818287, 0.014268456248156992
2015-07-27, 0.11248444784447728, 0.1257641921397381, 0.046520643535568944, 0.24047478354700313, 0.454317383569767, 0.01651830779113518, 0.001372463801267235, 0.0006393521231818287, 0.014268456248156992
2015-07-27, 0.11248444784447728, 0.1257641921397381, 0.046520643535568944, 0.24047478354700313, 0.454317383569767, 0.01651830779113518, 0.001372463801267235, 0.0006393521231818287, 0.014268456248156992
2015-07-27, 0.11248444784447728, 0.1257641921397381, 0.046520643535568944, 0.24047478354700313, 0.454317383569767, 0.01651830779113518, 0.001372463801267235, 0.0006393521231818287, 0.014268456248156992
2015-07-27, 0.11248444784447728, 0.1257641921397381, 0.046520643535568944, 0.24047478354700313, 0.454317383569767, 0.01651830779113518, 0.001372463801267235, 0.0006393521231818287, 0.014268456248156992
2015-07-27, 0.11248444784447728, 0.1257641921397381, 0.046520643535568944, 0.24047478354700313, 0.454317383569767, 0.01651830779113518, 0.001372463801267235, 0.0006393521231818287, 0.014268456248156992
2015-07-27, 0.11649149816263807, 0.1257641921397381, 0.06978096530335359, 0.2127276931377336, 0.4898964557770379, 0.01651830779113518, 0.00411739140380172, 0.0, 0.013126979748304431
2015-07-27, 0.10229167540791159, 0.37729257641921404, 0.10079472766039956, 0.21889371322868226, 0.09852666149705773, 0.005506102597045063, 0.006862319006336205, 0.007032873355000272, 0.0034244294995576683
2015-07-27, 0.08995930321725067, 0.37729257641921404, 0.13180849001744552, 0.18189759268298944, 0.005473703416503343, 0.008259153895567594, 0.005489855205068963, 0.008311577601363957, 0.0011414764998525476
2015-07-27, 0.07991031620699453, 0.33537117903930136, 0.062027524714091925, 0.09249030136423189, 0.12589517857957397, 0.008259153895567594, 0.005489855205068963, 0.005754169108636586, 0.003995167749483949
2015-06-27, 0.06443721471730536, 0.33537117903930136, 0.0775344058926149, 0.02774709040926981, 0.05747388587328376, 0.005506102597045063, 0.008234782807603456, 0.0019180563695455287, 0.0017122147497788405
2015-06-27, 0.0950343247308296, 0.0419213973799127, 0.13180849001744516, 0.18498060272846378, 0.369474980613967, 0.01376525649261265, 0.006862319006336213, 0.005754169108636572, 0.005707382499262789
2015-06-27, 0.0950343247308296, 0.0419213973799127, 0.13180849001744516, 0.18498060272846378, 0.369474980613967, 0.01376525649261265, 0.006862319006336213, 0.005754169108636572, 0.005707382499262789
2015-06-27, 0.0950343247308296, 0.0419213973799127, 0.13180849001744516, 0.18498060272846378, 0.369474980613967, 0.01376525649261265, 0.006862319006336213, 0.005754169108636572, 0.005707382499262789
2015-06-27, 0.0950343247308296, 0.0419213973799127, 0.13180849001744516, 0.18498060272846378, 0.369474980613967, 0.01376525649261265, 0.006862319006336213, 0.005754169108636572, 0.005707382499262789
2015-06-27, 0.0950343247308296, 0.0419213973799127, 0.13180849001744516, 0.18498060272846378, 0.369474980613967, 0.01376525649261265, 0.006862319006336213, 0.005754169108636572, 0.005707382499262789
2015-06-27, 0.0950343247308296, 0.0419213973799127, 0.13180849001744516, 0.18498060272846378, 0.369474980613967, 0.01376525649261265, 0.006862319006336213, 0.005754169108636572, 0.005707382499262789
2015-06-27, 0.0950343247308296, 0.0419213973799127, 0.13180849001744516, 0.18498060272846378, 0.369474980613967, 0.01376525649261265, 0.006862319006336213, 0.005754169108636572, 0.005707382499262789
2015-06-27, 0.0950343247308296, 0.0419213973799127, 0.13180849001744516, 0.18498060272846378, 0.369474980613967, 0.01376525649261265, 0.006862319006336213, 0.005754169108636572, 0.005707382499262789
2015-06-27, 0.0950343247308296, 0.0419213973799127, 0.13180849001744516, 0.18498060272846378, 0.369474980613967, 0.01376525649261265, 0.006862319006336213, 0.005754169108636572, 0.005707382499262789
2015-06-27, 0.0950343247308296, 0.0419213973799127, 0.13180849001744516, 0.18498060272846378, 0.369474980613967, 0.01376525649261265, 0.006862319006336213, 0.005754169108636572, 0.005707382499262789
2015-06-27, 0.06663289900150199, 0.2934497816593887, 0.11630160883892218, 0.07090923104591129, 0.032842220499019324, 0.005506102597045063, 0.006862319006336213, 0.0031967606159092146, 0.003995167749483961
2015-06-27, 0.061001128686678716, 0.23056768558951962, 0.10854816824966086, 0.10173933150065516, 0.032842220499019324, 0.005506102597045063, 0.008234782807603456, 0.0, 0.0005707382499262802
2015-06-27, 0.1931762853144358, 0.23056768558951962, 0.10079472766039921, 0.4717005369575827, 0.6951603338959085, 0.022024410388180236, 0.0013724638012672426, 0.008950929724545786, 0.014839194498083273
2015-06-27, 0.07510561836243, 0.1257641921397381, 0.10079472766039921, 0.07707525113685995, 0.2791588742416639, 0.011012205194090127, 0.004117391403801728, 0.0006393521231818429, 0.0022829529997051208
2015-05-28, 0.07848171763574224, 0.35633187772925773, 0.17057569296375263, 0.03699612054569281, 0.049263330748528865, 0.0027530512985225316, 0.008234782807603456, 0.0025574084927273717, 0.0011414764998525604
2015-05-28, 0.12502113344183424, 0.1676855895196508, 0.13956193060670666, 0.24047478354700286, 0.4242120147789992, 0.011012205194090127, 0.004117391403801728, 0.005114816985454729, 0.00799033549896791
2015-05-28, 0.12502113344183424, 0.1676855895196508, 0.13956193060670666, 0.24047478354700286, 0.4242120147789992, 0.011012205194090127, 0.004117391403801728, 0.005114816985454729, 0.00799033549896791
2015-05-28, 0.12502113344183424, 0.1676855895196508, 0.13956193060670666, 0.24047478354700286, 0.4242120147789992, 0.011012205194090127, 0.004117391403801728, 0.005114816985454729, 0.00799033549896791
2015-05-28, 0.12502113344183424, 0.1676855895196508, 0.13956193060670666, 0.24047478354700286, 0.4242120147789992, 0.011012205194090127, 0.004117391403801728, 0.005114816985454729, 0.00799033549896791
2015-05-28, 0.12502113344183424, 0.1676855895196508, 0.13956193060670666, 0.24047478354700286, 0.4242120147789992, 0.011012205194090127, 0.004117391403801728, 0.005114816985454729, 0.00799033549896791
2015-05-28, 0.12502113344183424, 0.1676855895196508, 0.13956193060670666, 0.24047478354700286, 0.4242120147789992, 0.011012205194090127, 0.004117391403801728, 0.005114816985454729, 0.00799033549896791
2015-05-28, 0.12502113344183424, 0.1676855895196508, 0.13956193060670666, 0.24047478354700286, 0.4242120147789992, 0.011012205194090127, 0.004117391403801728, 0.005114816985454729, 0.00799033549896791
2015-05-28, 0.12502113344183424, 0.1676855895196508, 0.13956193060670666, 0.24047478354700286, 0.4242120147789992, 0.011012205194090127, 0.004117391403801728, 0.005114816985454729, 0.00799033549896791
2015-05-28, 0.12502113344183424, 0.1676855895196508, 0.13956193060670666, 0.24047478354700286, 0.4242120147789992, 0.011012205194090127, 0.004117391403801728, 0.005114816985454729, 0.00799033549896791
2015-05-28, 0.12502113344183424, 0.1676855895196508, 0.13956193060670666, 0.24047478354700286, 0.4242120147789992, 0.011012205194090127, 0.004117391403801728, 0.005114816985454729, 0.00799033549896791
2015-05-28, 0.07923637685049248, 0.37729257641921404, 0.13956193060670666, 0.012332040181897604, 0.09031610637230308, 0.008259153895567594, 0.005489855205068971, 0.0006393521231818429, 0.0
2015-05-28, 0.11767001479849454, 0.4820960698689958, 0.14731537119596816, 0.18498060272846403, 0.10126351320530953, 0.005506102597045063, 0.008234782807603456, 0.005114816985454743, 0.006848858999115362
2015-05-28, 0.16488146176470833, 0.02096069868995635, 0.12405504942818385, 0.49636461732137793, 0.6349495963143732, 0.019271359089657714, 0.0013724638012672426, 0.008950929724545786, 0.013126979748304431
2015-05-28, 0.09438050139377657, 0.5030567685589519, 0.10854816824966086, 0.07399224109138562, 0.05200018245678066, 0.0027530512985225316, 0.006862319006336213, 0.0038361127390910575, 0.003995167749483961
2015-04-28, 0.07364952437344296, 0.35633187772925745, 0.09304128707113772, 0.1079053515916041, 0.01642111024950954, 0.005506102597045048, 0.006862319006336213, 0.0025574084927273717, 0.0005707382499262802
2015-04-28, 0.12014211660904327, 0.1467248908296942, 0.09304128707113772, 0.2497238136834261, 0.4461068284450121, 0.011012205194090111, 0.004117391403801728, 0.0012787042463636715, 0.009131811998820471
2015-04-28, 0.12014211660904327, 0.1467248908296942, 0.09304128707113772, 0.2497238136834261, 0.4461068284450121, 0.011012205194090111, 0.004117391403801728, 0.0012787042463636715, 0.009131811998820471
2015-04-28, 0.12014211660904327, 0.1467248908296942, 0.09304128707113772, 0.2497238136834261, 0.4461068284450121, 0.011012205194090111, 0.004117391403801728, 0.0012787042463636715, 0.009131811998820471
2015-04-28, 0.12014211660904327, 0.1467248908296942, 0.09304128707113772, 0.2497238136834261, 0.4461068284450121, 0.011012205194090111, 0.004117391403801728, 0.0012787042463636715, 0.009131811998820471
2015-04-28, 0.12014211660904327, 0.1467248908296942, 0.09304128707113772, 0.2497238136834261, 0.4461068284450121, 0.011012205194090111, 0.004117391403801728, 0.0012787042463636715, 0.009131811998820471
2015-04-28, 0.12014211660904327, 0.1467248908296942, 0.09304128707113772, 0.2497238136834261, 0.4461068284450121, 0.011012205194090111, 0.004117391403801728, 0.0012787042463636715, 0.009131811998820471
2015-04-28, 0.12014211660904327, 0.1467248908296942, 0.09304128707113772, 0.2497238136834261, 0.4461068284450121, 0.011012205194090111, 0.004117391403801728, 0.0012787042463636715, 0.009131811998820471
2015-04-28, 0.12014211660904327, 0.1467248908296942, 0.09304128707113772, 0.2497238136834261, 0.4461068284450121, 0.011012205194090111, 0.004117391403801728, 0.0012787042463636715, 0.009131811998820471
2015-04-28, 0.12014211660904327, 0.1467248908296942, 0.09304128707113772, 0.2497238136834261, 0.4461068284450121, 0.011012205194090111, 0.004117391403801728, 0.0012787042463636715, 0.009131811998820471
2015-04-28, 0.12014211660904327, 0.1467248908296942, 0.09304128707113772, 0.2497238136834261, 0.4461068284450121, 0.011012205194090111, 0.004117391403801728, 0.0012787042463636715, 0.009131811998820471
2015-04-28, 0.06572717149244571, 0.35633187772925745, 0.09304128707113772, 0.04316214063664148, 0.019157961957761333, 0.005506102597045048, 0.005489855205068971, 0.0025574084927273717, 0.0005707382499262802
2015-04-28, 0.0730278031733146, 0.35633187772925745, 0.1085481682496607, 0.030830100454744144, 0.07115814441454175, 0.00825915389556758, 0.004117391403801728, 0.0038361127390910575, 0.0011414764998525604
2015-04-28, 0.08917207465509593, 0.33537117903930114, 0.09304128707113772, 0.04316214063664148, 0.22989554349313504, 0.005506102597045048, 0.004117391403801728, 0.0, 0.0022829529997051208
2015-04-28, 0.10493110113105782, 0.33537117903930114, 0.10079472766039921, 0.08632428127328322, 0.3010536879076768, 0.005506102597045048, 0.005489855205068971, 0.0031967606159092146, 0.0017122147497788405
2015-03-29, 0.09814081891364704, 0.4401746724890831, 0.12405504942818385, 0.10790535159160382, 0.07936869953929665, 0.005506102597045063, 0.005489855205068971, 0.01406574671000053, 0.008561073748894203
2015-03-29, 0.12804828161591564, 0.314410480349345, 0.09304128707113789, 0.19422963286488704, 0.39684349769648325, 0.011012205194090127, 0.004117391403801728, 0.009590281847727644, 0.0011414764998525604
2015-03-29, 0.12804828161591564, 0.314410480349345, 0.09304128707113789, 0.19422963286488704, 0.39684349769648325, 0.011012205194090127, 0.004117391403801728, 0.009590281847727644, 0.0011414764998525604
2015-03-29, 0.12804828161591564, 0.314410480349345, 0.09304128707113789, 0.19422963286488704, 0.39684349769648325, 0.011012205194090127, 0.004117391403801728, 0.009590281847727644, 0.0011414764998525604
2015-03-29, 0.12804828161591564, 0.314410480349345, 0.09304128707113789, 0.19422963286488704, 0.39684349769648325, 0.011012205194090127, 0.004117391403801728, 0.009590281847727644, 0.0011414764998525604
2015-03-29, 0.12804828161591564, 0.314410480349345, 0.09304128707113789, 0.19422963286488704, 0.39684349769648325, 0.011012205194090127, 0.004117391403801728, 0.009590281847727644, 0.0011414764998525604
2015-03-29, 0.12804828161591564, 0.314410480349345, 0.09304128707113789, 0.19422963286488704, 0.39684349769648325, 0.011012205194090127, 0.004117391403801728, 0.009590281847727644, 0.0011414764998525604
2015-03-29, 0.12804828161591564, 0.314410480349345, 0.09304128707113789, 0.19422963286488704, 0.39684349769648325, 0.011012205194090127, 0.004117391403801728, 0.009590281847727644, 0.0011414764998525604
2015-03-29, 0.12804828161591564, 0.314410480349345, 0.09304128707113789, 0.19422963286488704, 0.39684349769648325, 0.011012205194090127, 0.004117391403801728, 0.009590281847727644, 0.0011414764998525604
2015-03-29, 0.12804828161591564, 0.314410480349345, 0.09304128707113789, 0.19422963286488704, 0.39684349769648325, 0.011012205194090127, 0.004117391403801728, 0.009590281847727644, 0.0011414764998525604
2015-03-29, 0.12804828161591564, 0.314410480349345, 0.09304128707113789, 0.19422963286488704, 0.39684349769648325, 0.011012205194090127, 0.004117391403801728, 0.009590281847727644, 0.0011414764998525604
2015-03-29, 0.09249277380720418, 0.4401746724890831, 0.10079472766039956, 0.1664825424556175, 0.0027368517082515496, 0.0027530512985225316, 0.006862319006336213, 0.012147690340455, 0.007990335498967922
2015-03-29, 0.09381421288605067, 0.4192139737991267, 0.10854816824966086, 0.12023739177350143, 0.0684212927062902, 0.008259153895567594, 0.005489855205068971, 0.01406574671000053, 0.006278120749189082
2015-03-29, 0.10943588221766452, 0.5240174672489083, 0.09304128707113789, 0.19114662281941272, 0.030105368790767778, 0.0027530512985225316, 0.008234782807603456, 0.015344450956364216, 0.010844026748599323
2015-03-29, 0.12129911158871277, 0.5659388646288209, 0.0775344058926149, 0.21889371322868226, 0.0684212927062902, 0.005506102597045063, 0.005489855205068971, 0.0166231552027279, 0.011985503248451884
2015-02-27, 0.07450056089223005, 0.3982532751091704, 0.13180849001744535, 0.021581070318320874, 0.016421110249509784, 0.005506102597045063, 0.006862319006336213, 0.012147690340455, 0.003424429499557681
2015-02-27, 0.12204866738678605, 0.23056768558951984, 0.13956193060670682, 0.20964468309225898, 0.3694749806139672, 0.011012205194090127, 0.004117391403801728, 0.010868986094091315, 0.0011414764998525604
2015-02-27, 0.12204866738678605, 0.23056768558951984, 0.13956193060670682, 0.20964468309225898, 0.3694749806139672, 0.011012205194090127, 0.004117391403801728, 0.010868986094091315, 0.0011414764998525604
2015-02-27, 0.12204866738678605, 0.23056768558951984, 0.13956193060670682, 0.20964468309225898, 0.3694749806139672, 0.011012205194090127, 0.004117391403801728, 0.010868986094091315, 0.0011414764998525604
2015-02-27, 0.12204866738678605, 0.23056768558951984, 0.13956193060670682, 0.20964468309225898, 0.3694749806139672, 0.011012205194090127, 0.004117391403801728, 0.010868986094091315, 0.0011414764998525604
2015-02-27, 0.12204866738678605, 0.23056768558951984, 0.13956193060670682, 0.20964468309225898, 0.3694749806139672, 0.011012205194090127, 0.004117391403801728, 0.010868986094091315, 0.0011414764998525604
2015-02-27, 0.12204866738678605, 0.23056768558951984, 0.13956193060670682, 0.20964468309225898, 0.3694749806139672, 0.011012205194090127, 0.004117391403801728, 0.010868986094091315, 0.0011414764998525604
2015-02-27, 0.12204866738678605, 0.23056768558951984, 0.13956193060670682, 0.20964468309225898, 0.3694749806139672, 0.011012205194090127, 0.004117391403801728, 0.010868986094091315, 0.0011414764998525604
2015-02-27, 0.12204866738678605, 0.23056768558951984, 0.13956193060670682, 0.20964468309225898, 0.3694749806139672, 0.011012205194090127, 0.004117391403801728, 0.010868986094091315, 0.0011414764998525604
2015-02-27, 0.12204866738678605, 0.23056768558951984, 0.13956193060670682, 0.20964468309225898, 0.3694749806139672, 0.011012205194090127, 0.004117391403801728, 0.010868986094091315, 0.0011414764998525604
2015-02-27, 0.12204866738678605, 0.23056768558951984, 0.13956193060670682, 0.20964468309225898, 0.3694749806139672, 0.011012205194090127, 0.004117391403801728, 0.010868986094091315, 0.0011414764998525604
2015-02-27, 0.07743876405112124, 0.35633187772925773, 0.13956193060670682, 0.08015826118233428, 0.016421110249509784, 0.0027530512985225316, 0.006862319006336213, 0.013426394586818687, 0.003995167749483961
2015-02-27, 0.07204354087656699, 0.314410480349345, 0.1628222523744913, 0.01849806027284654, 0.057473885873284, 0.005506102597045063, 0.005489855205068971, 0.012147690340455, 0.0
2015-02-27, 0.18786262636063025, 0.08384279475982516, 0.1628222523744913, 0.5611078282763405, 0.6623181133968894, 0.019271359089657714, 0.0, 0.0038361127390910575, 0.00970255024874675
2015-02-27, 0.10695346796859301, 0.5030567685589519, 0.09304128707113789, 0.12332040181897576, 0.10400036491356109, 0.0, 0.008234782807603456, 0.01598380307954606, 0.007990335498967922
2015-01-28, 0.1062233457299309, 0.4401746724890829, 0.11630160883892218, 0.1264034118644501, 0.1395794371208322, 0.008259153895567594, 0.0013724638012672426, 0.01598380307954606, 0.0017122147497788405
2015-01-28, 0.10395039144914227, 0.2724890829694323, 0.13956193060670682, 0.05241117077306502, 0.342106463531451, 0.011012205194090127, 0.0013724638012672426, 0.011508338217273172, 0.0011414764998525604
2015-01-28, 0.10395039144914227, 0.2724890829694323, 0.13956193060670682, 0.05241117077306502, 0.342106463531451, 0.011012205194090127, 0.0013724638012672426, 0.011508338217273172, 0.0011414764998525604
2015-01-28, 0.10395039144914227, 0.2724890829694323, 0.13956193060670682, 0.05241117077306502, 0.342106463531451, 0.011012205194090127, 0.0013724638012672426, 0.011508338217273172, 0.0011414764998525604
2015-01-28, 0.10395039144914227, 0.2724890829694323, 0.13956193060670682, 0.05241117077306502, 0.342106463531451, 0.011012205194090127, 0.0013724638012672426, 0.011508338217273172, 0.0011414764998525604
2015-01-28, 0.10395039144914227, 0.2724890829694323, 0.13956193060670682, 0.05241117077306502, 0.342106463531451, 0.011012205194090127, 0.0013724638012672426, 0.011508338217273172, 0.0011414764998525604
2015-01-28, 0.10395039144914227, 0.2724890829694323, 0.13956193060670682, 0.05241117077306502, 0.342106463531451, 0.011012205194090127, 0.0013724638012672426, 0.011508338217273172, 0.0011414764998525604
2015-01-28, 0.10395039144914227, 0.2724890829694323, 0.13956193060670682, 0.05241117077306502, 0.342106463531451, 0.011012205194090127, 0.0013724638012672426, 0.011508338217273172, 0.0011414764998525604
2015-01-28, 0.10395039144914227, 0.2724890829694323, 0.13956193060670682, 0.05241117077306502, 0.342106463531451, 0.011012205194090127, 0.0013724638012672426, 0.011508338217273172, 0.0011414764998525604
2015-01-28, 0.10395039144914227, 0.2724890829694323, 0.13956193060670682, 0.05241117077306502, 0.342106463531451, 0.011012205194090127, 0.0013724638012672426, 0.011508338217273172, 0.0011414764998525604
2015-01-28, 0.10395039144914227, 0.2724890829694323, 0.13956193060670682, 0.05241117077306502, 0.342106463531451, 0.011012205194090127, 0.0013724638012672426, 0.011508338217273172, 0.0011414764998525604
2015-01-28, 0.09496755990137326, 0.2934497816593887, 0.13180849001744516, 0.033913110500218474, 0.2736851708251608, 0.011012205194090127, 0.0013724638012672426, 0.012787042463636844, 0.0017122147497788405
2015-01-28, 0.12759784629817264, 0.314410480349345, 0.11630160883892218, 0.1449014721372969, 0.42147516307074767, 0.008259153895567594, 0.0, 0.010868986094091329, 0.0045659059994102285
2015-01-28, 0.11383177261047332, 0.2724890829694323, 0.17057569296375263, 0.08940729131875755, 0.35305387036445746, 0.011012205194090127, 0.0027449276025344853, 0.010229633970909487, 0.0011414764998525604
2015-01-28, 0.09952587649992317, 0.1886462882096069, 0.20158945532079858, 0.06166020090948802, 0.3120010947406835, 0.01376525649261265, 0.0027449276025344853, 0.0089509297245458, 0.00684885899911535
2014-12-29, 0.1275482752279096, 0.4192139737991267, 0.03876720294630745, 0.2158107031832079, 0.3256853532819415, 0.008259153895567594, 0.0, 0.011508338217273172, 0.0011414764998525604
2014-12-29, 0.09546585814496923, 0.2934497816593887, 0.015506881178522981, 0.16956555250109184, 0.2600009122839028, 0.008259153895567594, 0.0013724638012672426, 0.012147690340455, 0.003424429499557681
2014-12-29, 0.09546585814496923, 0.2934497816593887, 0.015506881178522981, 0.16956555250109184, 0.2600009122839028, 0.008259153895567594, 0.0013724638012672426, 0.012147690340455, 0.003424429499557681
2014-12-29, 0.09546585814496923, 0.2934497816593887, 0.015506881178522981, 0.16956555250109184, 0.2600009122839028, 0.008259153895567594, 0.0013724638012672426, 0.012147690340455, 0.003424429499557681
2014-12-29, 0.09546585814496923, 0.2934497816593887, 0.015506881178522981, 0.16956555250109184, 0.2600009122839028, 0.008259153895567594, 0.0013724638012672426, 0.012147690340455, 0.003424429499557681
2014-12-29, 0.09546585814496923, 0.2934497816593887, 0.015506881178522981, 0.16956555250109184, 0.2600009122839028, 0.008259153895567594, 0.0013724638012672426, 0.012147690340455, 0.003424429499557681
2014-12-29, 0.09546585814496923, 0.2934497816593887, 0.015506881178522981, 0.16956555250109184, 0.2600009122839028, 0.008259153895567594, 0.0013724638012672426, 0.012147690340455, 0.003424429499557681
2014-12-29, 0.09546585814496923, 0.2934497816593887, 0.015506881178522981, 0.16956555250109184, 0.2600009122839028, 0.008259153895567594, 0.0013724638012672426, 0.012147690340455, 0.003424429499557681
2014-12-29, 0.09546585814496923, 0.2934497816593887, 0.015506881178522981, 0.16956555250109184, 0.2600009122839028, 0.008259153895567594, 0.0013724638012672426, 0.012147690340455, 0.003424429499557681
2014-12-29, 0.09546585814496923, 0.2934497816593887, 0.015506881178522981, 0.16956555250109184, 0.2600009122839028, 0.008259153895567594, 0.0013724638012672426, 0.012147690340455, 0.003424429499557681
2014-12-29, 0.09546585814496923, 0.2934497816593887, 0.015506881178522981, 0.16956555250109184, 0.2600009122839028, 0.008259153895567594, 0.0013724638012672426, 0.012147690340455, 0.003424429499557681
2014-12-29, 0.15102463953694922, 0.6707423580786027, 0.046520643535568944, 0.19422963286488704, 0.2682114674086575, 0.0027530512985225316, 0.004117391403801728, 0.015344450956364216, 0.006278120749189082
2014-12-29, 0.11478015396250585, 0.35633187772925773, 0.031013762357045963, 0.21272769313773332, 0.2955799844911737, 0.005506102597045063, 0.0013724638012672426, 0.013426394586818687, 0.0022829529997051208
2014-12-29, 0.13095819092078023, 0.1676855895196508, 0.0, 0.3792102355933508, 0.47621219723577984, 0.011012205194090118, 0.0027449276025344853, 0.010229633970909487, 0.0005707382499262802
2014-12-29, 0.0965443912936469, 0.5449781659388646, 0.023260321767784472, 0.049328160727590414, 0.12863203028782552, 0.0027530512985225316, 0.0, 0.01598380307954606, 0.007419597249041642
2014-11-29, 0.08020375609820138, 0.16768558951965057, 0.046520643535568944, 0.12332040181897604, 0.29010628107467057, 0.0, 0.0, 0.013426394586818687, 0.0005707382499262802
2014-11-29, 0.08020375609820138, 0.16768558951965057, 0.046520643535568944, 0.12332040181897604, 0.29010628107467057, 0.0, 0.0, 0.013426394586818687, 0.0005707382499262802
2014-11-29, 0.08020375609820138, 0.16768558951965057, 0.046520643535568944, 0.12332040181897604, 0.29010628107467057, 0.0, 0.0, 0.013426394586818687, 0.0005707382499262802
2014-11-29, 0.08020375609820138, 0.16768558951965057, 0.046520643535568944, 0.12332040181897604, 0.29010628107467057, 0.0, 0.0, 0.013426394586818687, 0.0005707382499262802
2014-11-29, 0.08020375609820138, 0.16768558951965057, 0.046520643535568944, 0.12332040181897604, 0.29010628107467057, 0.0, 0.0, 0.013426394586818687, 0.0005707382499262802
2014-11-29, 0.08020375609820138, 0.16768558951965057, 0.046520643535568944, 0.12332040181897604, 0.29010628107467057, 0.0, 0.0, 0.013426394586818687, 0.0005707382499262802
2014-11-29, 0.08020375609820138, 0.16768558951965057, 0.046520643535568944, 0.12332040181897604, 0.29010628107467057, 0.0, 0.0, 0.013426394586818687, 0.0005707382499262802
2014-11-29, 0.08020375609820138, 0.16768558951965057, 0.046520643535568944, 0.12332040181897604, 0.29010628107467057, 0.0, 0.0, 0.013426394586818687, 0.0005707382499262802
2014-11-29, 0.08020375609820138, 0.16768558951965057, 0.046520643535568944, 0.12332040181897604, 0.29010628107467057, 0.0, 0.0, 0.013426394586818687, 0.0005707382499262802
2014-11-29, 0.08020375609820138, 0.16768558951965057, 0.046520643535568944, 0.12332040181897604, 0.29010628107467057, 0.0, 0.0, 0.013426394586818687, 0.0005707382499262802
2014-11-29, 0.08020375609820138, 0.16768558951965057, 0.046520643535568944, 0.12332040181897604, 0.29010628107467057, 0.0, 0.0, 0.013426394586818687, 0.0005707382499262802
2014-11-29, 0.10908697540588336, 0.46113537117903924, 0.023260321767784472, 0.16031652236466856, 0.19979017470236726, 0.0027530512985225316, 0.0027449276025344853, 0.014705098833182372, 0.007990335498967922
2014-11-29, 0.07244038700179013, 0.23056768558951962, 0.023260321767784472, 0.08632428127328322, 0.22168498836838038, 0.0027530512985225316, 0.0, 0.011508338217273172, 0.003424429499557681
2014-11-29, 0.06273368645827991, 0.2724890829694321, 0.031013762357045963, 0.024664080363795207, 0.1532636956620902, 0.0055061025970450555, 0.0, 0.011508338217273172, 0.003424429499557681
2014-11-29, 0.1473947776799096, 0.06288209606986905, 0.05427408412483043, 0.5117796675487502, 0.5145281211513023, 0.013765256492612642, 0.005489855205068963, 0.009590281847727644, 0.00684885899911535
2014-10-30, 0.06972320243476914, 0.33537117903930114, 0.031013762357045963, 0.07399224109138562, 0.10400036491356109, 0.0, 0.0027449276025344853, 0.0089509297245458, 0.0017122147497788405
2014-10-30, 0.09044422629083088, 0.31441048034934477, 0.023260321767784472, 0.14798448218277124, 0.22442184007663193, 0.0, 0.0027449276025344853, 0.009590281847727644, 0.0011414764998525604
2014-10-30, 0.09044422629083088, 0.31441048034934477, 0.023260321767784472, 0.14798448218277124, 0.22442184007663193, 0.0, 0.0027449276025344853, 0.009590281847727644, 0.0011414764998525604
2014-10-30, 0.09044422629083088, 0.31441048034934477, 0.023260321767784472, 0.14798448218277124, 0.22442184007663193, 0.0, 0.0027449276025344853, 0.009590281847727644, 0.0011414764998525604
2014-10-30, 0.09044422629083088, 0.31441048034934477, 0.023260321767784472, 0.14798448218277124, 0.22442184007663193, 0.0, 0.0027449276025344853, 0.009590281847727644, 0.0011414764998525604
2014-10-30, 0.09044422629083088, 0.31441048034934477, 0.023260321767784472, 0.14798448218277124, 0.22442184007663193, 0.0, 0.0027449276025344853, 0.009590281847727644, 0.0011414764998525604
2014-10-30, 0.09044422629083088, 0.31441048034934477, 0.023260321767784472, 0.14798448218277124, 0.22442184007663193, 0.0, 0.0027449276025344853, 0.009590281847727644, 0.0011414764998525604
2014-10-30, 0.09044422629083088, 0.31441048034934477, 0.023260321767784472, 0.14798448218277124, 0.22442184007663193, 0.0, 0.0027449276025344853, 0.009590281847727644, 0.0011414764998525604
2014-10-30, 0.09044422629083088, 0.31441048034934477, 0.023260321767784472, 0.14798448218277124, 0.22442184007663193, 0.0, 0.0027449276025344853, 0.009590281847727644, 0.0011414764998525604
2014-10-30, 0.09044422629083088, 0.31441048034934477, 0.023260321767784472, 0.14798448218277124, 0.22442184007663193, 0.0, 0.0027449276025344853, 0.009590281847727644, 0.0011414764998525604
2014-10-30, 0.09044422629083088, 0.31441048034934477, 0.023260321767784472, 0.14798448218277124, 0.22442184007663193, 0.0, 0.0027449276025344853, 0.009590281847727644, 0.0011414764998525604
2014-10-30, 0.05538045998284892, 0.33537117903930114, 0.007753440589261491, 0.01849806027284654, 0.0684212927062902, 0.0, 0.004117391403801728, 0.008311577601363957, 0.0005707382499262802
2014-10-30, 0.06365501461998171, 0.3982532751091702, 0.06202752471409175, 0.015415050227371935, 0.013684258541258236, 0.0027530512985225316, 0.0027449276025344853, 0.011508338217273172, 0.002853691249631401
2014-10-30, 0.09110473728185074, 0.4192139737991265, 0.03876720294630745, 0.09249030136423189, 0.1587373990785933, 0.0027530512985225316, 0.0013724638012672426, 0.011508338217273172, 0.003995167749483961
2014-10-30, 0.12135365091074041, 0.5240174672489083, 0.03876720294630745, 0.16339953241014318, 0.21347443324362525, 0.00825915389556758, 0.005489855205068971, 0.013426394586818687, 0.003995167749483961
2014-09-30, 0.06006100625983973, 0.23056768558951962, 0.062027524714091925, 0.05549418081853935, 0.12315832687132242, 0.0027530512985225316, 0.0013724638012672426, 0.005114816985454743, 0.0
2014-09-30, 0.05349143820866524, 0.16768558951965057, 0.0852878464818764, 0.06166020090948802, 0.10400036491356109, 0.0, 0.0027449276025344853, 0.0025574084927273717, 0.003995167749483949
2014-09-30, 0.05349143820866524, 0.16768558951965057, 0.0852878464818764, 0.06166020090948802, 0.10400036491356109, 0.0, 0.0027449276025344853, 0.0025574084927273717, 0.003995167749483949
2014-09-30, 0.05349143820866524, 0.16768558951965057, 0.0852878464818764, 0.06166020090948802, 0.10400036491356109, 0.0, 0.0027449276025344853, 0.0025574084927273717, 0.003995167749483949
2014-09-30, 0.05349143820866524, 0.16768558951965057, 0.0852878464818764, 0.06166020090948802, 0.10400036491356109, 0.0, 0.0027449276025344853, 0.0025574084927273717, 0.003995167749483949
2014-09-30, 0.05349143820866524, 0.16768558951965057, 0.0852878464818764, 0.06166020090948802, 0.10400036491356109, 0.0, 0.0027449276025344853, 0.0025574084927273717, 0.003995167749483949
2014-09-30, 0.05349143820866524, 0.16768558951965057, 0.0852878464818764, 0.06166020090948802, 0.10400036491356109, 0.0, 0.0027449276025344853, 0.0025574084927273717, 0.003995167749483949
2014-09-30, 0.05349143820866524, 0.16768558951965057, 0.0852878464818764, 0.06166020090948802, 0.10400036491356109, 0.0, 0.0027449276025344853, 0.0025574084927273717, 0.003995167749483949
2014-09-30, 0.05349143820866524, 0.16768558951965057, 0.0852878464818764, 0.06166020090948802, 0.10400036491356109, 0.0, 0.0027449276025344853, 0.0025574084927273717, 0.003995167749483949
2014-09-30, 0.05349143820866524, 0.16768558951965057, 0.0852878464818764, 0.06166020090948802, 0.10400036491356109, 0.0, 0.0027449276025344853, 0.0025574084927273717, 0.003995167749483949
2014-09-30, 0.05349143820866524, 0.16768558951965057, 0.0852878464818764, 0.06166020090948802, 0.10400036491356109, 0.0, 0.0027449276025344853, 0.0025574084927273717, 0.003995167749483949
2014-09-30, 0.051152609939139004, 0.1467248908296942, 0.0852878464818764, 0.08632428127328322, 0.07936869953929665, 0.0, 0.004117391403801728, 0.005114816985454743, 0.0022829529997051208
2014-09-30, 0.08713748852770715, 0.04192139737991247, 0.0852878464818764, 0.22197672327415657, 0.32842220499019303, 0.005506102597045063, 0.006862319006336213, 0.0025574084927273717, 0.0045659059994102285
2014-09-30, 0.15152016659891018, 0.4192139737991265, 0.0775344058926149, 0.3267990648202861, 0.36126442548921234, 0.00825915389556758, 0.0013724638012672275, 0.010868986094091315, 0.006848858999115362
2014-09-30, 0.13194969495078032, 0.1257641921397381, 0.11630160883892236, 0.3576291652750302, 0.4324225699037541, 0.008259153895567594, 0.008234782807603456, 0.0012787042463636858, 0.005707382499262789
2014-08-31, 0.05461581343066537, 0.12576419213973786, 0.062027524714091925, 0.08632428127328322, 0.15326369566208994, 0.0, 0.0013724638012672275, 0.007032873355000272, 0.0011414764998525604
2014-08-31, 0.060657789922556764, 0.12576419213973786, 0.05427408412483043, 0.07399224109138562, 0.22168498836838016, 0.0, 0.0013724638012672275, 0.007032873355000272, 0.0011414764998525604
2014-08-31, 0.060657789922556764, 0.12576419213973786, 0.05427408412483043, 0.07399224109138562, 0.22168498836838016, 0.0, 0.0013724638012672275, 0.007032873355000272, 0.0011414764998525604
2014-08-31, 0.060657789922556764, 0.12576419213973786, 0.05427408412483043, 0.07399224109138562, 0.22168498836838016, 0.0, 0.0013724638012672275, 0.007032873355000272, 0.0011414764998525604
2014-08-31, 0.060657789922556764, 0.12576419213973786, 0.05427408412483043, 0.07399224109138562, 0.22168498836838016, 0.0, 0.0013724638012672275, 0.007032873355000272, 0.0011414764998525604
2014-08-31, 0.060657789922556764, 0.12576419213973786, 0.05427408412483043, 0.07399224109138562, 0.22168498836838016, 0.0, 0.0013724638012672275, 0.007032873355000272, 0.0011414764998525604
2014-08-31, 0.060657789922556764, 0.12576419213973786, 0.05427408412483043, 0.07399224109138562, 0.22168498836838016, 0.0, 0.0013724638012672275, 0.007032873355000272, 0.0011414764998525604
2014-08-31, 0.060657789922556764, 0.12576419213973786, 0.05427408412483043, 0.07399224109138562, 0.22168498836838016, 0.0, 0.0013724638012672275, 0.007032873355000272, 0.0011414764998525604
2014-08-31, 0.060657789922556764, 0.12576419213973786, 0.05427408412483043, 0.07399224109138562, 0.22168498836838016, 0.0, 0.0013724638012672275, 0.007032873355000272, 0.0011414764998525604
2014-08-31, 0.060657789922556764, 0.12576419213973786, 0.05427408412483043, 0.07399224109138562, 0.22168498836838016, 0.0, 0.0013724638012672275, 0.007032873355000272, 0.0011414764998525604
2014-08-31, 0.060657789922556764, 0.12576419213973786, 0.05427408412483043, 0.07399224109138562, 0.22168498836838016, 0.0, 0.0013724638012672275, 0.007032873355000272, 0.0011414764998525604
2014-08-31, 0.14900169845987027, 0.3772925764192138, 0.08528784648187622, 0.30521799450196546, 0.3886329425717283, 0.011012205194090111, 0.0013724638012672426, 0.01406574671000053, 0.009131811998820471
2014-08-31, 0.1271777253202121, 0.10480349344978175, 0.10079472766039921, 0.3915422757752484, 0.3941066459882314, 0.008259153895567594, 0.00823478280760344, 0.005114816985454743, 0.0045659059994102415
2014-08-31, 0.07561477387867242, 0.02096069868995635, 0.10079472766039921, 0.18806361277393838, 0.2791588742416639, 0.0027530512985225316, 0.0068623190063361985, 0.005754169108636586, 0.0005707382499262802
2014-08-31, 0.09861207889833683, 0.2934497816593887, 0.10079472766039921, 0.20347866300131032, 0.1724216576198513, 0.005506102597045048, 0.0013724638012672275, 0.009590281847727644, 0.002282952999705108
2014-08-01, 0.06471066803763093, 0.14672489082969445, 0.023260321767784472, 0.12640341186445037, 0.20800072982712217, 0.0, 0.004117391403801728, 0.005754169108636586, 0.003424429499557681
2014-08-01, 0.06232338007957549, 0.14672489082969445, 0.0, 0.07090923104591129, 0.2654746157004059, 0.0027530512985225165, 0.004117391403801728, 0.005754169108636586, 0.002853691249631401
2014-08-01, 0.06232338007957549, 0.14672489082969445, 0.0, 0.07090923104591129, 0.2654746157004059, 0.0027530512985225165, 0.004117391403801728, 0.005754169108636586, 0.002853691249631401
2014-08-01, 0.06232338007957549, 0.14672489082969445, 0.0, 0.07090923104591129, 0.2654746157004059, 0.0027530512985225165, 0.004117391403801728, 0.005754169108636586, 0.002853691249631401
2014-08-01, 0.06232338007957549, 0.14672489082969445, 0.0, 0.07090923104591129, 0.2654746157004059, 0.0027530512985225165, 0.004117391403801728, 0.005754169108636586, 0.002853691249631401
2014-08-01, 0.06232338007957549, 0.14672489082969445, 0.0, 0.07090923104591129, 0.2654746157004059, 0.0027530512985225165, 0.004117391403801728, 0.005754169108636586, 0.002853691249631401
2014-08-01, 0.06232338007957549, 0.14672489082969445, 0.0, 0.07090923104591129, 0.2654746157004059, 0.0027530512985225165, 0.004117391403801728, 0.005754169108636586, 0.002853691249631401
2014-08-01, 0.06232338007957549, 0.14672489082969445, 0.0, 0.07090923104591129, 0.2654746157004059, 0.0027530512985225165, 0.004117391403801728, 0.005754169108636586, 0.002853691249631401
2014-08-01, 0.06232338007957549, 0.14672489082969445, 0.0, 0.07090923104591129, 0.2654746157004059, 0.0027530512985225165, 0.004117391403801728, 0.005754169108636586, 0.002853691249631401
2014-08-01, 0.06232338007957549, 0.14672489082969445, 0.0, 0.07090923104591129, 0.2654746157004059, 0.0027530512985225165, 0.004117391403801728, 0.005754169108636586, 0.002853691249631401
2014-08-01, 0.06232338007957549, 0.14672489082969445, 0.0, 0.07090923104591129, 0.2654746157004059, 0.0027530512985225165, 0.004117391403801728, 0.005754169108636586, 0.002853691249631401
2014-08-01, 0.14782196529359223, 0.48209606986899556, 0.05427408412483043, 0.2959689643655422, 0.3174747981571866, 0.013765256492612657, 0.0, 0.012147690340455016, 0.006848858999115362
2014-08-01, 0.13035450509193142, 0.1467248908296942, 0.0, 0.40079130591167167, 0.4707384938192765, 0.00825915389556758, 0.010979710410137926, 0.0019180563695455144, 0.003424429499557681
2014-08-01, 0.05926764283764604, 0.23056768558951962, 0.007753440589261491, 0.12640341186445037, 0.09305295808055464, 0.0027530512985225316, 0.0013724638012672426, 0.007672225478182115, 0.0045659059994102415
2014-08-01, 0.06471412537814732, 0.25152838427947594, 0.031013762357045963, 0.10482234154612949, 0.11221092003831597, 0.005506102597045063, 0.0027449276025344853, 0.007032873355000272, 0.002853691249631401
2014-07-02, 0.06137848851467178, 0.20960698689956325, 0.15506881178522963, 0.09249030136423216, 0.021894813666012883, 0.0, 0.0013724638012672426, 0.008311577601363957, 0.0022829529997051208
2014-07-02, 0.05764155006267899, 0.0419213973799127, 0.11630160883892236, 0.08324127122780861, 0.20800072982712217, 0.0, 0.0, 0.007672225478182115, 0.003995167749483961
2014-07-02, 0.05764155006267899, 0.0419213973799127, 0.11630160883892236, 0.08324127122780861, 0.20800072982712217, 0.0, 0.0, 0.007672225478182115, 0.003995167749483961
2014-07-02, 0.05764155006267899, 0.0419213973799127, 0.11630160883892236, 0.08324127122780861, 0.20800072982712217, 0.0, 0.0, 0.007672225478182115, 0.003995167749483961
2014-07-02, 0.05764155006267899, 0.0419213973799127, 0.11630160883892236, 0.08324127122780861, 0.20800072982712217, 0.0, 0.0, 0.007672225478182115, 0.003995167749483961
2014-07-02, 0.05764155006267899, 0.0419213973799127, 0.11630160883892236, 0.08324127122780861, 0.20800072982712217, 0.0, 0.0, 0.007672225478182115, 0.003995167749483961
2014-07-02, 0.05764155006267899, 0.0419213973799127, 0.11630160883892236, 0.08324127122780861, 0.20800072982712217, 0.0, 0.0, 0.007672225478182115, 0.003995167749483961
2014-07-02, 0.05764155006267899, 0.0419213973799127, 0.11630160883892236, 0.08324127122780861, 0.20800072982712217, 0.0, 0.0, 0.007672225478182115, 0.003995167749483961
2014-07-02, 0.05764155006267899, 0.0419213973799127, 0.11630160883892236, 0.08324127122780861, 0.20800072982712217, 0.0, 0.0, 0.007672225478182115, 0.003995167749483961
2014-07-02, 0.05764155006267899, 0.0419213973799127, 0.11630160883892236, 0.08324127122780861, 0.20800072982712217, 0.0, 0.0, 0.007672225478182115, 0.003995167749483961
2014-07-02, 0.05764155006267899, 0.0419213973799127, 0.11630160883892236, 0.08324127122780861, 0.20800072982712217, 0.0, 0.0, 0.007672225478182115, 0.003995167749483961
2014-07-02, 0.10744452858744168, 0.23056768558951962, 0.22484977708858306, 0.12948642190992468, 0.2600009122839028, 0.0027530512985225165, 0.0013724638012672275, 0.007672225478182115, 0.002853691249631401
2014-07-02, 0.07683127909426045, 0.08384279475982516, 0.14731537119596816, 0.16031652236466856, 0.21621128495187705, 0.0, 0.0, 0.006393521231818429, 0.0005707382499262802
2014-07-02, 0.04360183623215298, 0.12576419213973786, 0.10079472766039937, 0.08015826118233456, 0.030105368790767778, 0.0, 0.0027449276025344853, 0.006393521231818429, 0.002853691249631401
2014-07-02, 0.047539334105321594, 0.12576419213973786, 0.13180849001744516, 0.07090923104591129, 0.038315923915522423, 0.0, 0.0, 0.0089509297245458, 0.0045659059994102415
2014-06-02, 0.06768772665055342, 0.16768558951965057, 0.03101376235704579, 0.23122575341057985, 0.10126351320530953, 0.0027530512985225316, 0.0013724638012672426, 0.0044754648622729, 0.0017122147497788405
2014-06-02, 0.0795608575609253, 0.12576419213973786, 0.06978096530335325, 0.11407137168255276, 0.3010536879076768, 0.005506102597045048, 0.0068623190063361985, 0.008311577601363957, 0.005136644249336521
2014-06-02, 0.0795608575609253, 0.12576419213973786, 0.06978096530335325, 0.11407137168255276, 0.3010536879076768, 0.005506102597045048, 0.0068623190063361985, 0.008311577601363957, 0.005136644249336521
2014-06-02, 0.0795608575609253, 0.12576419213973786, 0.06978096530335325, 0.11407137168255276, 0.3010536879076768, 0.005506102597045048, 0.0068623190063361985, 0.008311577601363957, 0.005136644249336521
2014-06-02, 0.0795608575609253, 0.12576419213973786, 0.06978096530335325, 0.11407137168255276, 0.3010536879076768, 0.005506102597045048, 0.0068623190063361985, 0.008311577601363957, 0.005136644249336521
2014-06-02, 0.0795608575609253, 0.12576419213973786, 0.06978096530335325, 0.11407137168255276, 0.3010536879076768, 0.005506102597045048, 0.0068623190063361985, 0.008311577601363957, 0.005136644249336521
2014-06-02, 0.0795608575609253, 0.12576419213973786, 0.06978096530335325, 0.11407137168255276, 0.3010536879076768, 0.005506102597045048, 0.0068623190063361985, 0.008311577601363957, 0.005136644249336521
2014-06-02, 0.0795608575609253, 0.12576419213973786, 0.06978096530335325, 0.11407137168255276, 0.3010536879076768, 0.005506102597045048, 0.0068623190063361985, 0.008311577601363957, 0.005136644249336521
2014-06-02, 0.0795608575609253, 0.12576419213973786, 0.06978096530335325, 0.11407137168255276, 0.3010536879076768, 0.005506102597045048, 0.0068623190063361985, 0.008311577601363957, 0.005136644249336521
2014-06-02, 0.0795608575609253, 0.12576419213973786, 0.06978096530335325, 0.11407137168255276, 0.3010536879076768, 0.005506102597045048, 0.0068623190063361985, 0.008311577601363957, 0.005136644249336521
2014-06-02, 0.0795608575609253, 0.12576419213973786, 0.06978096530335325, 0.11407137168255276, 0.3010536879076768, 0.005506102597045048, 0.0068623190063361985, 0.008311577601363957, 0.005136644249336521
2014-06-02, 0.07091063925839124, 0.10480349344978152, 0.09304128707113772, 0.22505973331963092, 0.12315832687132242, 0.005506102597045048, 0.004117391403801728, 0.007032873355000272, 0.0045659059994102415
2014-06-02, 0.050070717715154194, 0.06288209606986882, 0.09304128707113772, 0.20347866300131032, 0.01915796195776109, 0.0027530512985225316, 0.0027449276025344853, 0.010229633970909487, 0.006278120749189082
2014-06-02, 0.05731399586185454, 0.06288209606986882, 0.07753440589261473, 0.1664825424556175, 0.1368425854125804, 0.0027530512985225316, 0.004117391403801728, 0.0044754648622729, 0.003424429499557681
2014-06-02, 0.10836145454932254, 0.23056768558951962, 0.06202752471409175, 0.39462528582072276, 0.16421110249509663, 0.0, 0.0013724638012672426, 0.0089509297245458, 0.005136644249336521
2014-05-03, 0.07208726536555762, 0.10480349344978175, 0.08528784648187622, 0.16956555250109184, 0.20252702641061907, 0.0027530512985225316, 0.0013724638012672426, 0.006393521231818429, 0.003995167749483961
2014-05-03, 0.06686851759802734, 0.08384279475982516, 0.054274084124830264, 0.07707525113685995, 0.30652739132418017, 0.005506102597045048, 0.0027449276025344853, 0.0038361127390910575, 0.0011414764998525604
2014-05-03, 0.06686851759802734, 0.08384279475982516, 0.054274084124830264, 0.07707525113685995, 0.30652739132418017, 0.005506102597045048, 0.0027449276025344853, 0.0038361127390910575, 0.0011414764998525604
2014-05-03, 0.06686851759802734, 0.08384279475982516, 0.054274084124830264, 0.07707525113685995, 0.30652739132418017, 0.005506102597045048, 0.0027449276025344853, 0.0038361127390910575, 0.0011414764998525604
2014-05-03, 0.06686851759802734, 0.08384279475982516, 0.054274084124830264, 0.07707525113685995, 0.30652739132418017, 0.005506102597045048, 0.0027449276025344853, 0.0038361127390910575, 0.0011414764998525604
2014-05-03, 0.06686851759802734, 0.08384279475982516, 0.054274084124830264, 0.07707525113685995, 0.30652739132418017, 0.005506102597045048, 0.0027449276025344853, 0.0038361127390910575, 0.0011414764998525604
2014-05-03, 0.06686851759802734, 0.08384279475982516, 0.054274084124830264, 0.07707525113685995, 0.30652739132418017, 0.005506102597045048, 0.0027449276025344853, 0.0038361127390910575, 0.0011414764998525604
2014-05-03, 0.06686851759802734, 0.08384279475982516, 0.054274084124830264, 0.07707525113685995, 0.30652739132418017, 0.005506102597045048, 0.0027449276025344853, 0.0038361127390910575, 0.0011414764998525604
2014-05-03, 0.06686851759802734, 0.08384279475982516, 0.054274084124830264, 0.07707525113685995, 0.30652739132418017, 0.005506102597045048, 0.0027449276025344853, 0.0038361127390910575, 0.0011414764998525604
2014-05-03, 0.06686851759802734, 0.08384279475982516, 0.054274084124830264, 0.07707525113685995, 0.30652739132418017, 0.005506102597045048, 0.0027449276025344853, 0.0038361127390910575, 0.0011414764998525604
2014-05-03, 0.06686851759802734, 0.08384279475982516, 0.054274084124830264, 0.07707525113685995, 0.30652739132418017, 0.005506102597045048, 0.0027449276025344853, 0.0038361127390910575, 0.0011414764998525604
2014-05-03, 0.05094679801126913, 0.0, 0.06202752471409175, 0.015415050227371935, 0.3120010947406835, 0.00825915389556758, 0.004117391403801728, 0.005754169108636586, 0.0
2014-05-03, 0.05186203441535714, 0.0, 0.03876720294630728, 0.006166020090948939, 0.35305387036445746, 0.005506102597045048, 0.005489855205068971, 0.0019180563695455287, 0.003995167749483961
2014-05-03, 0.05503158331534749, 0.02096069868995635, 0.03876720294630728, 0.027747090409269537, 0.342106463531451, 0.005506102597045048, 0.0027449276025344853, 0.0012787042463636858, 0.0011414764998525604
2014-05-03, 0.07711785737189841, 0.08384279475982516, 0.09304128707113772, 0.08324127122780861, 0.33936961182319947, 0.00825915389556758, 0.005489855205068971, 0.0025574084927273717, 0.0011414764998525604
2014-04-03, 0.07355292822805597, 0.02096069868995635, 0.06978096530335341, 0.21889371322868226, 0.26273776399215437, 0.008259153895567594, 0.0027449276025344853, 0.0044754648622729, 0.0005707382499262802
2014-04-03, 0.03766608199796631, 0.02096069868995635, 0.0, 0.10482234154612949, 0.16694795420334818, 0.0027530512985225316, 0.0, 0.0012787042463636858, 0.0045659059994102415
2014-04-03, 0.03766608199796631, 0.02096069868995635, 0.0, 0.10482234154612949, 0.16694795420334818, 0.0027530512985225316, 0.0, 0.0012787042463636858, 0.0045659059994102415
2014-04-03, 0.03766608199796631, 0.02096069868995635, 0.0, 0.10482234154612949, 0.16694795420334818, 0.0027530512985225316, 0.0, 0.0012787042463636858, 0.0045659059994102415
2014-04-03, 0.03766608199796631, 0.02096069868995635, 0.0, 0.10482234154612949, 0.16694795420334818, 0.0027530512985225316, 0.0, 0.0012787042463636858, 0.0045659059994102415
2014-04-03, 0.03766608199796631, 0.02096069868995635, 0.0, 0.10482234154612949, 0.16694795420334818, 0.0027530512985225316, 0.0, 0.0012787042463636858, 0.0045659059994102415
2014-04-03, 0.03766608199796631, 0.02096069868995635, 0.0, 0.10482234154612949, 0.16694795420334818, 0.0027530512985225316, 0.0, 0.0012787042463636858, 0.0045659059994102415
2014-04-03, 0.03766608199796631, 0.02096069868995635, 0.0, 0.10482234154612949, 0.16694795420334818, 0.0027530512985225316, 0.0, 0.0012787042463636858, 0.0045659059994102415
2014-04-03, 0.03766608199796631, 0.02096069868995635, 0.0, 0.10482234154612949, 0.16694795420334818, 0.0027530512985225316, 0.0, 0.0012787042463636858, 0.0045659059994102415
2014-04-03, 0.03766608199796631, 0.02096069868995635, 0.0, 0.10482234154612949, 0.16694795420334818, 0.0027530512985225316, 0.0, 0.0012787042463636858, 0.0045659059994102415
2014-04-03, 0.03766608199796631, 0.02096069868995635, 0.0, 0.10482234154612949, 0.16694795420334818, 0.0027530512985225316, 0.0, 0.0012787042463636858, 0.0045659059994102415
2014-04-03, 0.130180954877797, 0.33537117903930136, 0.0775344058926149, 0.2836369241836446, 0.3229485015736897, 0.011012205194090111, 0.004117391403801728, 0.005114816985454743, 0.0017122147497788405
2014-04-03, 0.045187795555595274, 0.0838427947598254, 0.0, 0.10482234154612949, 0.16421110249509663, 0.0027530512985225316, 0.0027449276025344853, 0.0025574084927273717, 0.0005707382499262802
2014-04-03, 0.04152420652002496, 0.0419213973799127, 0.031013762357045963, 0.09865632145518083, 0.15052684395383864, 0.005506102597045063, 0.0013724638012672426, 0.0031967606159092146, 0.0
2014-04-03, 0.03687248998709058, 0.10480349344978175, 0.0852878464818764, 0.04316214063664148, 0.054737034165032214, 0.0, 0.0013724638012672426, 0.0044754648622729, 0.0011414764998525604
2014-03-04, 0.04996214498678831, 0.20960698689956325, 0.12405504942818368, 0.018498060272846267, 0.032842220499019324, 0.005506102597045063, 0.005489855205068956, 0.0025574084927273717, 0.0011414764998525604
2014-03-04, 0.07992653169634951, 0.02096069868995635, 0.14731537119596816, 0.18806361277393838, 0.2600009122839028, 0.008259153895567594, 0.009607246608870683, 0.0006393521231818429, 0.0045659059994102415
2014-03-04, 0.07992653169634951, 0.02096069868995635, 0.14731537119596816, 0.18806361277393838, 0.2600009122839028, 0.008259153895567594, 0.009607246608870683, 0.0006393521231818429, 0.0045659059994102415
2014-03-04, 0.07992653169634951, 0.02096069868995635, 0.14731537119596816, 0.18806361277393838, 0.2600009122839028, 0.008259153895567594, 0.009607246608870683, 0.0006393521231818429, 0.0045659059994102415
2014-03-04, 0.07992653169634951, 0.02096069868995635, 0.14731537119596816, 0.18806361277393838, 0.2600009122839028, 0.008259153895567594, 0.009607246608870683, 0.0006393521231818429, 0.0045659059994102415
2014-03-04, 0.07992653169634951, 0.02096069868995635, 0.14731537119596816, 0.18806361277393838, 0.2600009122839028, 0.008259153895567594, 0.009607246608870683, 0.0006393521231818429, 0.0045659059994102415
2014-03-04, 0.07992653169634951, 0.02096069868995635, 0.14731537119596816, 0.18806361277393838, 0.2600009122839028, 0.008259153895567594, 0.009607246608870683, 0.0006393521231818429, 0.0045659059994102415
2014-03-04, 0.07992653169634951, 0.02096069868995635, 0.14731537119596816, 0.18806361277393838, 0.2600009122839028, 0.008259153895567594, 0.009607246608870683, 0.0006393521231818429, 0.0045659059994102415
2014-03-04, 0.07992653169634951, 0.02096069868995635, 0.14731537119596816, 0.18806361277393838, 0.2600009122839028, 0.008259153895567594, 0.009607246608870683, 0.0006393521231818429, 0.0045659059994102415
2014-03-04, 0.07992653169634951, 0.02096069868995635, 0.14731537119596816, 0.18806361277393838, 0.2600009122839028, 0.008259153895567594, 0.009607246608870683, 0.0006393521231818429, 0.0045659059994102415
2014-03-04, 0.07992653169634951, 0.02096069868995635, 0.14731537119596816, 0.18806361277393838, 0.2600009122839028, 0.008259153895567594, 0.009607246608870683, 0.0006393521231818429, 0.0045659059994102415
2014-03-04, 0.05125567289822855, 0.1257641921397381, 0.11630160883892218, 0.009249030136422996, 0.13410573370432885, 0.008259153895567594, 0.009607246608870683, 0.0044754648622729, 0.0022829529997051208
2014-03-04, 0.0739045635478953, 0.20960698689956325, 0.12405504942818368, 0.14798448218277097, 0.09852666149705773, 0.0, 0.0068623190063361985, 0.0019180563695455287, 0.0022829529997051208
2014-03-04, 0.05820144627163551, 0.10480349344978175, 0.09304128707113772, 0.11407137168255276, 0.1395794371208322, 0.0027530512985225316, 0.00823478280760344, 0.0025574084927273717, 0.0005707382499262802
2014-03-04, 0.18703564827823008, 0.23056768558951962, 0.13956193060670666, 0.4994476273668525, 0.5856862655658442, 0.016518307791135174, 0.015097101813939653, 0.0025574084927273573, 0.006848858999115362
2014-02-02, 0.052864222960925626, 0.0419213973799127, 0.09304128707113772, 0.018498060272846267, 0.2545272088673997, 0.005506102597045063, 0.0068623190063361985, 0.0025574084927273717, 0.0
2014-02-02, 0.11053891364031827, 0.10480349344978152, 0.13180849001744516, 0.17573157259204078, 0.4515805318615154, 0.005506102597045063, 0.009607246608870683, 0.0012787042463636858, 0.003995167749483961
2014-02-02, 0.11053891364031827, 0.10480349344978152, 0.13180849001744516, 0.17573157259204078, 0.4515805318615154, 0.005506102597045063, 0.009607246608870683, 0.0012787042463636858, 0.003995167749483961
2014-02-02, 0.11053891364031827, 0.10480349344978152, 0.13180849001744516, 0.17573157259204078, 0.4515805318615154, 0.005506102597045063, 0.009607246608870683, 0.0012787042463636858, 0.003995167749483961
2014-02-02, 0.11053891364031827, 0.10480349344978152, 0.13180849001744516, 0.17573157259204078, 0.4515805318615154, 0.005506102597045063, 0.009607246608870683, 0.0012787042463636858, 0.003995167749483961
2014-02-02, 0.11053891364031827, 0.10480349344978152, 0.13180849001744516, 0.17573157259204078, 0.4515805318615154, 0.005506102597045063, 0.009607246608870683, 0.0012787042463636858, 0.003995167749483961
2014-02-02, 0.11053891364031827, 0.10480349344978152, 0.13180849001744516, 0.17573157259204078, 0.4515805318615154, 0.005506102597045063, 0.009607246608870683, 0.0012787042463636858, 0.003995167749483961
2014-02-02, 0.11053891364031827, 0.10480349344978152, 0.13180849001744516, 0.17573157259204078, 0.4515805318615154, 0.005506102597045063, 0.009607246608870683, 0.0012787042463636858, 0.003995167749483961
2014-02-02, 0.11053891364031827, 0.10480349344978152, 0.13180849001744516, 0.17573157259204078, 0.4515805318615154, 0.005506102597045063, 0.009607246608870683, 0.0012787042463636858, 0.003995167749483961
2014-02-02, 0.11053891364031827, 0.10480349344978152, 0.13180849001744516, 0.17573157259204078, 0.4515805318615154, 0.005506102597045063, 0.009607246608870683, 0.0012787042463636858, 0.003995167749483961
2014-02-02, 0.11053891364031827, 0.10480349344978152, 0.13180849001744516, 0.17573157259204078, 0.4515805318615154, 0.005506102597045063, 0.009607246608870683, 0.0012787042463636858, 0.003995167749483961
2014-02-02, 0.046257997946763094, 0.0, 0.11630160883892218, 0.04007913059116714, 0.19705332299411596, 0.0027530512985225316, 0.009607246608870683, 0.0025574084927273717, 0.0017122147497788405
2014-02-02, 0.060472947893560884, 0.0838427947598254, 0.15506881178522963, 0.015415050227371935, 0.21621128495187705, 0.0027530512985225316, 0.0068623190063361985, 0.0019180563695455287, 0.0017122147497788405
2014-02-02, 0.07781152720542028, 0.1676855895196508, 0.15506881178522963, 0.13873545204634796, 0.14778999224558684, 0.0, 0.00823478280760344, 0.0038361127390910575, 0.0011414764998525604
2014-02-02, 0.06024696224647691, 0.1257641921397381, 0.15506881178522963, 0.1418184620918223, 0.038315923915522666, 0.0027530512985225165, 0.0068623190063361985, 0.005114816985454743, 0.006278120749189082
2014-01-03, 0.0785400177545931, 0.14672489082969445, 0.17057569296375263, 0.006166020090948665, 0.2928431327829221, 0.0027530512985225316, 0.005489855205068956, 0.0031967606159092146, 0.0005707382499262802
2014-01-03, 0.0849911384432904, 0.0419213973799127, 0.16282225237449113, 0.09865632145518083, 0.35579072207270923, 0.008259153895567594, 0.0068623190063361985, 0.0044754648622729, 0.0011414764998525604
2014-01-03, 0.0849911384432904, 0.0419213973799127, 0.16282225237449113, 0.09865632145518083, 0.35579072207270923, 0.008259153895567594, 0.0068623190063361985, 0.0044754648622729, 0.0011414764998525604
2014-01-03, 0.0849911384432904, 0.0419213973799127, 0.16282225237449113, 0.09865632145518083, 0.35579072207270923, 0.008259153895567594, 0.0068623190063361985, 0.0044754648622729, 0.0011414764998525604
2014-01-03, 0.0849911384432904, 0.0419213973799127, 0.16282225237449113, 0.09865632145518083, 0.35579072207270923, 0.008259153895567594, 0.0068623190063361985, 0.0044754648622729, 0.0011414764998525604
2014-01-03, 0.0849911384432904, 0.0419213973799127, 0.16282225237449113, 0.09865632145518083, 0.35579072207270923, 0.008259153895567594, 0.0068623190063361985, 0.0044754648622729, 0.0011414764998525604
2014-01-03, 0.0849911384432904, 0.0419213973799127, 0.16282225237449113, 0.09865632145518083, 0.35579072207270923, 0.008259153895567594, 0.0068623190063361985, 0.0044754648622729, 0.0011414764998525604
2014-01-03, 0.0849911384432904, 0.0419213973799127, 0.16282225237449113, 0.09865632145518083, 0.35579072207270923, 0.008259153895567594, 0.0068623190063361985, 0.0044754648622729, 0.0011414764998525604
2014-01-03, 0.0849911384432904, 0.0419213973799127, 0.16282225237449113, 0.09865632145518083, 0.35579072207270923, 0.008259153895567594, 0.0068623190063361985, 0.0044754648622729, 0.0011414764998525604
2014-01-03, 0.0849911384432904, 0.0419213973799127, 0.16282225237449113, 0.09865632145518083, 0.35579072207270923, 0.008259153895567594, 0.0068623190063361985, 0.0044754648622729, 0.0011414764998525604
2014-01-03, 0.0849911384432904, 0.0419213973799127, 0.16282225237449113, 0.09865632145518083, 0.35579072207270923, 0.008259153895567594, 0.0068623190063361985, 0.0044754648622729, 0.0011414764998525604
2014-01-03, 0.0648022441708264, 0.06288209606986905, 0.16282225237449113, 0.027747090409269537, 0.24631665374264483, 0.005506102597045063, 0.00823478280760344, 0.0031967606159092146, 0.0017122147497788405
2014-01-03, 0.09049109265601482, 0.18864628820960713, 0.17057569296375263, 0.052411170773064744, 0.2983168361994255, 0.0027530512985225316, 0.00823478280760344, 0.0012787042463636858, 0.0017122147497788405
2014-01-03, 0.13138261534961612, 0.02096069868995635, 0.16282225237449113, 0.2250597333196312, 0.6103179309401088, 0.011012205194090127, 0.010979710410137926, 0.0019180563695455287, 0.00799033549896791
2014-01-03, 0.11153090171154852, 0.1257641921397381, 0.14731537119596816, 0.13256943195539903, 0.4597910869862703, 0.011012205194090127, 0.009607246608870683, 0.0044754648622729, 0.0017122147497788405
2013-12-04, 0.060950377512619267, 0.10480349344978152, 0.09304128707113789, 0.009249030136422996, 0.26547461570040615, 0.005506102597045063, 0.004117391403801728, 0.0025574084927273717, 0.002853691249631401
2013-12-04, 0.09037204308024417, 0.1467248908296942, 0.06978096530335341, 0.11098836163707843, 0.3804223874469737, 0.005506102597045063, 0.005489855205068971, 0.0006393521231818429, 0.003424429499557681
2013-12-04, 0.09037204308024417, 0.1467248908296942, 0.06978096530335341, 0.11098836163707843, 0.3804223874469737, 0.005506102597045063, 0.005489855205068971, 0.0006393521231818429, 0.003424429499557681
2013-12-04, 0.09037204308024417, 0.1467248908296942, 0.06978096530335341, 0.11098836163707843, 0.3804223874469737, 0.005506102597045063, 0.005489855205068971, 0.0006393521231818429, 0.003424429499557681
2013-12-04, 0.09037204308024417, 0.1467248908296942, 0.06978096530335341, 0.11098836163707843, 0.3804223874469737, 0.005506102597045063, 0.005489855205068971, 0.0006393521231818429, 0.003424429499557681
2013-12-04, 0.09037204308024417, 0.1467248908296942, 0.06978096530335341, 0.11098836163707843, 0.3804223874469737, 0.005506102597045063, 0.005489855205068971, 0.0006393521231818429, 0.003424429499557681
2013-12-04, 0.09037204308024417, 0.1467248908296942, 0.06978096530335341, 0.11098836163707843, 0.3804223874469737, 0.005506102597045063, 0.005489855205068971, 0.0006393521231818429, 0.003424429499557681
2013-12-04, 0.09037204308024417, 0.1467248908296942, 0.06978096530335341, 0.11098836163707843, 0.3804223874469737, 0.005506102597045063, 0.005489855205068971, 0.0006393521231818429, 0.003424429499557681
2013-12-04, 0.09037204308024417, 0.1467248908296942, 0.06978096530335341, 0.11098836163707843, 0.3804223874469737, 0.005506102597045063, 0.005489855205068971, 0.0006393521231818429, 0.003424429499557681
2013-12-04, 0.09037204308024417, 0.1467248908296942, 0.06978096530335341, 0.11098836163707843, 0.3804223874469737, 0.005506102597045063, 0.005489855205068971, 0.0006393521231818429, 0.003424429499557681
2013-12-04, 0.09037204308024417, 0.1467248908296942, 0.06978096530335341, 0.11098836163707843, 0.3804223874469737, 0.005506102597045063, 0.005489855205068971, 0.0006393521231818429, 0.003424429499557681
2013-12-04, 0.05596184796566256, 0.10480349344978152, 0.0852878464818764, 0.006166020090948665, 0.24084295032614172, 0.0027530512985225316, 0.005489855205068971, 0.0006393521231818429, 0.0017122147497788405
2013-12-04, 0.05071522964566513, 0.02096069868995635, 0.046520643535568944, 0.07090923104591101, 0.25726406057565127, 0.0027530512985225316, 0.004117391403801728, 0.0031967606159092146, 0.0
2013-12-04, 0.037039934901315436, 0.02096069868995635, 0.046520643535568944, 0.12023739177350143, 0.09852666149705798, 0.0, 0.0027449276025344853, 0.0044754648622729, 0.002853691249631401
2013-12-04, 0.038145423767846666, 0.0838427947598254, 0.03876720294630745, 0.17264856254656616, 0.0, 0.0027530512985225165, 0.0027449276025344853, 0.0038361127390910575, 0.0005707382499262802
2013-11-04, 0.03579847102612151, 0.0838427947598254, 0.1240550494281835, 0.052411170773064744, 0.019157961957761333, 0.0, 0.0013724638012672426, 0.0038361127390910575, 0.0017122147497788405
2013-11-04, 0.1417385203863762, 0.2934497816593887, 0.1395619306067065, 0.2743878940472213, 0.40505405282123813, 0.011012205194090111, 0.004117391403801728, 0.005754169108636586, 0.0005707382499262802
2013-11-04, 0.1417385203863762, 0.2934497816593887, 0.1395619306067065, 0.2743878940472213, 0.40505405282123813, 0.011012205194090111, 0.004117391403801728, 0.005754169108636586, 0.0005707382499262802
2013-11-04, 0.1417385203863762, 0.2934497816593887, 0.1395619306067065, 0.2743878940472213, 0.40505405282123813, 0.011012205194090111, 0.004117391403801728, 0.005754169108636586, 0.0005707382499262802
2013-11-04, 0.1417385203863762, 0.2934497816593887, 0.1395619306067065, 0.2743878940472213, 0.40505405282123813, 0.011012205194090111, 0.004117391403801728, 0.005754169108636586, 0.0005707382499262802
2013-11-04, 0.1417385203863762, 0.2934497816593887, 0.1395619306067065, 0.2743878940472213, 0.40505405282123813, 0.011012205194090111, 0.004117391403801728, 0.005754169108636586, 0.0005707382499262802
2013-11-04, 0.1417385203863762, 0.2934497816593887, 0.1395619306067065, 0.2743878940472213, 0.40505405282123813, 0.011012205194090111, 0.004117391403801728, 0.005754169108636586, 0.0005707382499262802
2013-11-04, 0.1417385203863762, 0.2934497816593887, 0.1395619306067065, 0.2743878940472213, 0.40505405282123813, 0.011012205194090111, 0.004117391403801728, 0.005754169108636586, 0.0005707382499262802
2013-11-04, 0.1417385203863762, 0.2934497816593887, 0.1395619306067065, 0.2743878940472213, 0.40505405282123813, 0.011012205194090111, 0.004117391403801728, 0.005754169108636586, 0.0005707382499262802
2013-11-04, 0.1417385203863762, 0.2934497816593887, 0.1395619306067065, 0.2743878940472213, 0.40505405282123813, 0.011012205194090111, 0.004117391403801728, 0.005754169108636586, 0.0005707382499262802
2013-11-04, 0.1417385203863762, 0.2934497816593887, 0.1395619306067065, 0.2743878940472213, 0.40505405282123813, 0.011012205194090111, 0.004117391403801728, 0.005754169108636586, 0.0005707382499262802
2013-11-04, 0.03946644309410879, 0.06288209606986905, 0.16282225237449097, 0.07399224109138562, 0.008210555124754892, 0.0027530512985225316, 0.0013724638012672426, 0.0025574084927273717, 0.0011414764998525604
2013-11-04, 0.05680099819702113, 0.14672489082969445, 0.17057569296375244, 0.006166020090948939, 0.12589517857957397, 0.0, 0.0, 0.0044754648622729, 0.0005707382499262802
2013-11-04, 0.07057748315234996, 0.02096069868995635, 0.14731537119596796, 0.20039565295583597, 0.18063221274460617, 0.0027530512985225316, 0.0027449276025344853, 0.006393521231818429, 0.003424429499557681
2013-11-04, 0.05805308177693006, 0.0, 0.1395619306067065, 0.16339953241014318, 0.15326369566208994, 0.0, 0.0013724638012672426, 0.005114816985454743, 0.0017122147497788405
2013-10-05, 0.04370866424291854, 0.0419213973799127, 0.10854816824966086, 0.11098836163707815, 0.0684212927062902, 0.0, 0.009607246608870683, 0.0044754648622729, 0.005707382499262802
2013-10-05, 0.10765171539501381, 0.20960698689956325, 0.13180849001744535, 0.10482234154612949, 0.40505405282123813, 0.0, 0.0068623190063361985, 0.0019180563695455287, 0.0011414764998525604
2013-10-05, 0.10765171539501381, 0.20960698689956325, 0.13180849001744535, 0.10482234154612949, 0.40505405282123813, 0.0, 0.0068623190063361985, 0.0019180563695455287, 0.0011414764998525604
2013-10-05, 0.10765171539501381, 0.20960698689956325, 0.13180849001744535, 0.10482234154612949, 0.40505405282123813, 0.0, 0.0068623190063361985, 0.0019180563695455287, 0.0011414764998525604
2013-10-05, 0.10765171539501381, 0.20960698689956325, 0.13180849001744535, 0.10482234154612949, 0.40505405282123813, 0.0, 0.0068623190063361985, 0.0019180563695455287, 0.0011414764998525604
2013-10-05, 0.10765171539501381, 0.20960698689956325, 0.13180849001744535, 0.10482234154612949, 0.40505405282123813, 0.0, 0.0068623190063361985, 0.0019180563695455287, 0.0011414764998525604
2013-10-05, 0.10765171539501381, 0.20960698689956325, 0.13180849001744535, 0.10482234154612949, 0.40505405282123813, 0.0, 0.0068623190063361985, 0.0019180563695455287, 0.0011414764998525604
2013-10-05, 0.10765171539501381, 0.20960698689956325, 0.13180849001744535, 0.10482234154612949, 0.40505405282123813, 0.0, 0.0068623190063361985, 0.0019180563695455287, 0.0011414764998525604
2013-10-05, 0.10765171539501381, 0.20960698689956325, 0.13180849001744535, 0.10482234154612949, 0.40505405282123813, 0.0, 0.0068623190063361985, 0.0019180563695455287, 0.0011414764998525604
2013-10-05, 0.10765171539501381, 0.20960698689956325, 0.13180849001744535, 0.10482234154612949, 0.40505405282123813, 0.0, 0.0068623190063361985, 0.0019180563695455287, 0.0011414764998525604
2013-10-05, 0.10765171539501381, 0.20960698689956325, 0.13180849001744535, 0.10482234154612949, 0.40505405282123813, 0.0, 0.0068623190063361985, 0.0019180563695455287, 0.0011414764998525604
2013-10-05, 0.05801195000626135, 0.10480349344978175, 0.10854816824966086, 0.1171543817280271, 0.11768462345481907, 0.005506102597045063, 0.005489855205068956, 0.0031967606159092146, 0.0017122147497788405
2013-10-05, 0.0596447600518568, 0.1257641921397381, 0.10854816824966086, 0.16031652236466856, 0.07115814441454175, 0.0027530512985225316, 0.005489855205068956, 0.0025574084927273717, 0.0005707382499262802
2013-10-05, 0.0554722650224228, 0.0838427947598254, 0.10079472766039937, 0.20347866300131032, 0.038315923915522423, 0.005506102597045063, 0.0068623190063361985, 0.0038361127390910575, 0.0011414764998525604
2013-10-05, 0.07039622697656772, 0.0838427947598254, 0.13956193060670682, 0.23122575341057985, 0.09031610637230308, 0.0027530512985225316, 0.0068623190063361985, 0.005754169108636586, 0.002853691249631401
2013-09-05, 0.046937825315858196, 0.06288209606986905, 0.10854816824966086, 0.12948642190992468, 0.049263330748528865, 0.011012205194090111, 0.009607246608870683, 0.0012787042463636858, 0.0034244294995576683
2013-09-05, 0.09007581920240813, 0.10480349344978152, 0.06978096530335341, 0.13873545204634796, 0.3776855357387219, 0.005506102597045063, 0.016469565615206898, 0.0019180563695455287, 0.005707382499262789
2013-09-05, 0.09007581920240813, 0.10480349344978152, 0.06978096530335341, 0.13873545204634796, 0.3776855357387219, 0.005506102597045063, 0.016469565615206898, 0.0019180563695455287, 0.005707382499262789
2013-09-05, 0.09007581920240813, 0.10480349344978152, 0.06978096530335341, 0.13873545204634796, 0.3776855357387219, 0.005506102597045063, 0.016469565615206898, 0.0019180563695455287, 0.005707382499262789
2013-09-05, 0.09007581920240813, 0.10480349344978152, 0.06978096530335341, 0.13873545204634796, 0.3776855357387219, 0.005506102597045063, 0.016469565615206898, 0.0019180563695455287, 0.005707382499262789
2013-09-05, 0.09007581920240813, 0.10480349344978152, 0.06978096530335341, 0.13873545204634796, 0.3776855357387219, 0.005506102597045063, 0.016469565615206898, 0.0019180563695455287, 0.005707382499262789
2013-09-05, 0.09007581920240813, 0.10480349344978152, 0.06978096530335341, 0.13873545204634796, 0.3776855357387219, 0.005506102597045063, 0.016469565615206898, 0.0019180563695455287, 0.005707382499262789
2013-09-05, 0.09007581920240813, 0.10480349344978152, 0.06978096530335341, 0.13873545204634796, 0.3776855357387219, 0.005506102597045063, 0.016469565615206898, 0.0019180563695455287, 0.005707382499262789
2013-09-05, 0.09007581920240813, 0.10480349344978152, 0.06978096530335341, 0.13873545204634796, 0.3776855357387219, 0.005506102597045063, 0.016469565615206898, 0.0019180563695455287, 0.005707382499262789
2013-09-05, 0.09007581920240813, 0.10480349344978152, 0.06978096530335341, 0.13873545204634796, 0.3776855357387219, 0.005506102597045063, 0.016469565615206898, 0.0019180563695455287, 0.005707382499262789
2013-09-05, 0.09007581920240813, 0.10480349344978152, 0.06978096530335341, 0.13873545204634796, 0.3776855357387219, 0.005506102597045063, 0.016469565615206898, 0.0019180563695455287, 0.005707382499262789
2013-09-05, 0.04567063500701405, 0.020960698689956116, 0.11630160883892236, 0.18498060272846378, 0.010947406833006441, 0.011012205194090111, 0.010979710410137926, 0.0044754648622729, 0.005707382499262789
2013-09-05, 0.11163145806012792, 0.23056768558951984, 0.11630160883892236, 0.30521799450196546, 0.21621128495187705, 0.016518307791135174, 0.00823478280760344, 0.0, 0.0
2013-09-05, 0.060399854018521534, 0.18864628820960713, 0.0852878464818764, 0.15106749222824556, 0.027368517082515986, 0.016518307791135174, 0.009607246608870683, 0.0012787042463636858, 0.0034244294995576683
2013-09-05, 0.2022944657000916, 0.3982532751091702, 0.0852878464818764, 0.38537625568429973, 0.7061077407289149, 0.0055061025970450555, 0.02058695701900861, 0.006393521231818429, 0.01084402674859931
2013-08-06, 0.06634960430347214, 0.10480349344978175, 0.15506881178522963, 0.20347866300131032, 0.021894813666012883, 0.011012205194090111, 0.009607246608870698, 0.008950929724545786, 0.015980670997935834
2013-08-06, 0.0888251593344082, 0.0419213973799127, 0.10854816824966086, 0.027747090409269537, 0.4844227523605345, 0.0027530512985225316, 0.013724638012672426, 0.011508338217273158, 0.01997583874741978
2013-08-06, 0.0888251593344082, 0.0419213973799127, 0.10854816824966086, 0.027747090409269537, 0.4844227523605345, 0.0027530512985225316, 0.013724638012672426, 0.011508338217273158, 0.01997583874741978
2013-08-06, 0.0888251593344082, 0.0419213973799127, 0.10854816824966086, 0.027747090409269537, 0.4844227523605345, 0.0027530512985225316, 0.013724638012672426, 0.011508338217273158, 0.01997583874741978
2013-08-06, 0.0888251593344082, 0.0419213973799127, 0.10854816824966086, 0.027747090409269537, 0.4844227523605345, 0.0027530512985225316, 0.013724638012672426, 0.011508338217273158, 0.01997583874741978
2013-08-06, 0.0888251593344082, 0.0419213973799127, 0.10854816824966086, 0.027747090409269537, 0.4844227523605345, 0.0027530512985225316, 0.013724638012672426, 0.011508338217273158, 0.01997583874741978
2013-08-06, 0.0888251593344082, 0.0419213973799127, 0.10854816824966086, 0.027747090409269537, 0.4844227523605345, 0.0027530512985225316, 0.013724638012672426, 0.011508338217273158, 0.01997583874741978
2013-08-06, 0.0888251593344082, 0.0419213973799127, 0.10854816824966086, 0.027747090409269537, 0.4844227523605345, 0.0027530512985225316, 0.013724638012672426, 0.011508338217273158, 0.01997583874741978
2013-08-06, 0.0888251593344082, 0.0419213973799127, 0.10854816824966086, 0.027747090409269537, 0.4844227523605345, 0.0027530512985225316, 0.013724638012672426, 0.011508338217273158, 0.01997583874741978
2013-08-06, 0.0888251593344082, 0.0419213973799127, 0.10854816824966086, 0.027747090409269537, 0.4844227523605345, 0.0027530512985225316, 0.013724638012672426, 0.011508338217273158, 0.01997583874741978
2013-08-06, 0.0888251593344082, 0.0419213973799127, 0.10854816824966086, 0.027747090409269537, 0.4844227523605345, 0.0027530512985225316, 0.013724638012672426, 0.011508338217273158, 0.01997583874741978
2013-08-06, 0.06989120471525659, 0.16768558951965057, 0.10854816824966086, 0.20964468309225925, 0.027368517082515986, 0.008259153895567594, 0.010979710410137941, 0.008950929724545786, 0.01769288574771466
2013-08-06, 0.06749221412969737, 0.0838427947598254, 0.13180849001744516, 0.15106749222824556, 0.12589517857957397, 0.008259153895567594, 0.012352174211405184, 0.009590281847727629, 0.01712214749778838
2013-08-06, 0.06270607443918294, 0.10480349344978175, 0.10854816824966086, 0.12948642190992468, 0.11494777174656752, 0.005506102597045063, 0.012352174211405184, 0.008311577601363944, 0.01769288574771466
2013-08-06, 0.048135433883328534, 0.0419213973799127, 0.10079472766039937, 0.024664080363795207, 0.18063221274460617, 0.0027530512985225316, 0.013724638012672426, 0.005754169108636572, 0.014839194498083273
2013-07-07, 0.06027179004219337, 0.06288209606986882, 0.06978096530335341, 0.02774709040926981, 0.28736942936641907, 0.0027530512985225316, 0.010979710410137926, 0.006393521231818415, 0.014268456248156992
2013-07-07, 0.07594861696697255, 0.1467248908296942, 0.06978096530335341, 0.01541505022737221, 0.3311590566984446, 0.0027530512985225316, 0.010979710410137926, 0.010229633970909473, 0.02054657699734606
2013-07-07, 0.07594861696697255, 0.1467248908296942, 0.06978096530335341, 0.01541505022737221, 0.3311590566984446, 0.0027530512985225316, 0.010979710410137926, 0.010229633970909473, 0.02054657699734606
2013-07-07, 0.07594861696697255, 0.1467248908296942, 0.06978096530335341, 0.01541505022737221, 0.3311590566984446, 0.0027530512985225316, 0.010979710410137926, 0.010229633970909473, 0.02054657699734606
2013-07-07, 0.07594861696697255, 0.1467248908296942, 0.06978096530335341, 0.01541505022737221, 0.3311590566984446, 0.0027530512985225316, 0.010979710410137926, 0.010229633970909473, 0.02054657699734606
2013-07-07, 0.07594861696697255, 0.1467248908296942, 0.06978096530335341, 0.01541505022737221, 0.3311590566984446, 0.0027530512985225316, 0.010979710410137926, 0.010229633970909473, 0.02054657699734606
2013-07-07, 0.07594861696697255, 0.1467248908296942, 0.06978096530335341, 0.01541505022737221, 0.3311590566984446, 0.0027530512985225316, 0.010979710410137926, 0.010229633970909473, 0.02054657699734606
2013-07-07, 0.07594861696697255, 0.1467248908296942, 0.06978096530335341, 0.01541505022737221, 0.3311590566984446, 0.0027530512985225316, 0.010979710410137926, 0.010229633970909473, 0.02054657699734606
2013-07-07, 0.07594861696697255, 0.1467248908296942, 0.06978096530335341, 0.01541505022737221, 0.3311590566984446, 0.0027530512985225316, 0.010979710410137926, 0.010229633970909473, 0.02054657699734606
2013-07-07, 0.07594861696697255, 0.1467248908296942, 0.06978096530335341, 0.01541505022737221, 0.3311590566984446, 0.0027530512985225316, 0.010979710410137926, 0.010229633970909473, 0.02054657699734606
2013-07-07, 0.07594861696697255, 0.1467248908296942, 0.06978096530335341, 0.01541505022737221, 0.3311590566984446, 0.0027530512985225316, 0.010979710410137926, 0.010229633970909473, 0.02054657699734606
2013-07-07, 0.05705990113677315, 0.0419213973799127, 0.0775344058926149, 0.0215810703183206, 0.2736851708251608, 0.005506102597045063, 0.009607246608870698, 0.008950929724545786, 0.01769288574771466
2013-07-07, 0.04228604841602749, 0.02096069868995635, 0.023260321767784645, 0.08632428127328295, 0.16968480591159973, 0.005506102597045063, 0.009607246608870698, 0.006393521231818415, 0.0165514092478621
2013-07-07, 0.05168493555574866, 0.0419213973799127, 0.03876720294630762, 0.21272769313773332, 0.08210555124754819, 0.008259153895567594, 0.009607246608870698, 0.006393521231818415, 0.013697717998230712
2013-07-07, 0.03425374132784965, 0.02096069868995635, 0.007753440589261662, 0.10173933150065516, 0.10400036491356132, 0.008259153895567594, 0.008234782807603456, 0.0076722254781821, 0.015409932748009551
2013-06-07, 0.043741659939491404, 0.0838427947598254, 0.007753440589261319, 0.024664080363794933, 0.19431647128586416, 0.01376525649261265, 0.010979710410137941, 0.0031967606159092003, 0.011414764998525591
2013-06-07, 0.09354987590405774, 0.06288209606986882, 0.054274084124830604, 0.1664825424556175, 0.42147516307074767, 0.008259153895567587, 0.01372463801267241, 0.007032873355000258, 0.014268456248156992
2013-06-07, 0.09354987590405774, 0.06288209606986882, 0.054274084124830604, 0.1664825424556175, 0.42147516307074767, 0.008259153895567587, 0.01372463801267241, 0.007032873355000258, 0.014268456248156992
2013-06-07, 0.09354987590405774, 0.06288209606986882, 0.054274084124830604, 0.1664825424556175, 0.42147516307074767, 0.008259153895567587, 0.01372463801267241, 0.007032873355000258, 0.014268456248156992
2013-06-07, 0.09354987590405774, 0.06288209606986882, 0.054274084124830604, 0.1664825424556175, 0.42147516307074767, 0.008259153895567587, 0.01372463801267241, 0.007032873355000258, 0.014268456248156992
2013-06-07, 0.09354987590405774, 0.06288209606986882, 0.054274084124830604, 0.1664825424556175, 0.42147516307074767, 0.008259153895567587, 0.01372463801267241, 0.007032873355000258, 0.014268456248156992
2013-06-07, 0.09354987590405774, 0.06288209606986882, 0.054274084124830604, 0.1664825424556175, 0.42147516307074767, 0.008259153895567587, 0.01372463801267241, 0.007032873355000258, 0.014268456248156992
2013-06-07, 0.09354987590405774, 0.06288209606986882, 0.054274084124830604, 0.1664825424556175, 0.42147516307074767, 0.008259153895567587, 0.01372463801267241, 0.007032873355000258, 0.014268456248156992
2013-06-07, 0.09354987590405774, 0.06288209606986882, 0.054274084124830604, 0.1664825424556175, 0.42147516307074767, 0.008259153895567587, 0.01372463801267241, 0.007032873355000258, 0.014268456248156992
2013-06-07, 0.09354987590405774, 0.06288209606986882, 0.054274084124830604, 0.1664825424556175, 0.42147516307074767, 0.008259153895567587, 0.01372463801267241, 0.007032873355000258, 0.014268456248156992
2013-06-07, 0.09354987590405774, 0.06288209606986882, 0.054274084124830604, 0.1664825424556175, 0.42147516307074767, 0.008259153895567587, 0.01372463801267241, 0.007032873355000258, 0.014268456248156992
2013-06-07, 0.047834312798283284, 0.06288209606986905, 0.03876720294630762, 0.055494180818539074, 0.18610591616110952, 0.01376525649261265, 0.010979710410137941, 0.003836112739091043, 0.01084402674859931
2013-06-07, 0.0635844414122281, 0.2096069868995635, 0.015506881178522981, 0.1171543817280271, 0.12042147516307086, 0.01651830779113518, 0.008234782807603456, 0.006393521231818415, 0.014839194498083273
2013-06-07, 0.06794838234305776, 0.25152838427947594, 0.015506881178522981, 0.19114662281941244, 0.04378962733202552, 0.019271359089657696, 0.008234782807603456, 0.003836112739091043, 0.01027328849867303
2013-06-07, 0.09566631316651973, 0.2934497816593887, 0.015506881178522981, 0.28980294427459324, 0.12042147516307063, 0.02202441038818023, 0.008234782807603456, 0.004475464862272886, 0.011414764998525591
2013-05-08, 0.06945806097830615, 0.2724890829694323, 0.08528784648187622, 0.009249030136422996, 0.15600054737034175, 0.016518307791135174, 0.012352174211405168, 0.0031967606159092003, 0.0005707382499262802
2013-05-08, 0.10181589738879893, 0.10480349344978175, 0.03876720294630762, 0.20656167304678463, 0.4324225699037541, 0.011012205194090111, 0.012352174211405168, 0.005754169108636572, 0.002853691249631401
2013-05-08, 0.10181589738879893, 0.10480349344978175, 0.03876720294630762, 0.20656167304678463, 0.4324225699037541, 0.011012205194090111, 0.012352174211405168, 0.005754169108636572, 0.002853691249631401
2013-05-08, 0.10181589738879893, 0.10480349344978175, 0.03876720294630762, 0.20656167304678463, 0.4324225699037541, 0.011012205194090111, 0.012352174211405168, 0.005754169108636572, 0.002853691249631401
2013-05-08, 0.10181589738879893, 0.10480349344978175, 0.03876720294630762, 0.20656167304678463, 0.4324225699037541, 0.011012205194090111, 0.012352174211405168, 0.005754169108636572, 0.002853691249631401
2013-05-08, 0.10181589738879893, 0.10480349344978175, 0.03876720294630762, 0.20656167304678463, 0.4324225699037541, 0.011012205194090111, 0.012352174211405168, 0.005754169108636572, 0.002853691249631401
2013-05-08, 0.10181589738879893, 0.10480349344978175, 0.03876720294630762, 0.20656167304678463, 0.4324225699037541, 0.011012205194090111, 0.012352174211405168, 0.005754169108636572, 0.002853691249631401
2013-05-08, 0.10181589738879893, 0.10480349344978175, 0.03876720294630762, 0.20656167304678463, 0.4324225699037541, 0.011012205194090111, 0.012352174211405168, 0.005754169108636572, 0.002853691249631401
2013-05-08, 0.10181589738879893, 0.10480349344978175, 0.03876720294630762, 0.20656167304678463, 0.4324225699037541, 0.011012205194090111, 0.012352174211405168, 0.005754169108636572, 0.002853691249631401
2013-05-08, 0.10181589738879893, 0.10480349344978175, 0.03876720294630762, 0.20656167304678463, 0.4324225699037541, 0.011012205194090111, 0.012352174211405168, 0.005754169108636572, 0.002853691249631401
2013-05-08, 0.10181589738879893, 0.10480349344978175, 0.03876720294630762, 0.20656167304678463, 0.4324225699037541, 0.011012205194090111, 0.012352174211405168, 0.005754169108636572, 0.002853691249631401
2013-05-08, 0.07472498578112105, 0.2724890829694323, 0.031013762357045963, 0.02774709040926981, 0.23810609861788992, 0.013765256492612642, 0.010979710410137926, 0.0025574084927273573, 0.0011414764998525604
2013-05-08, 0.07328860838779773, 0.2724890829694323, 0.03876720294630762, 0.006166020090948939, 0.24084295032614148, 0.016518307791135174, 0.009607246608870683, 0.0019180563695455287, 0.0
2013-05-08, 0.07138959107224892, 0.1257641921397381, 0.031013762357045963, 0.12332040181897604, 0.25726406057565104, 0.016518307791135174, 0.010979710410137926, 0.005114816985454729, 0.0011414764998525604
2013-05-08, 0.09376490189720066, 0.23056768558951984, 0.062027524714091925, 0.09865632145518083, 0.3256853532819412, 0.011012205194090111, 0.012352174211405168, 0.006393521231818415, 0.003424429499557681
2013-04-08, 0.06325820584046127, 0.12576419213973786, 0.06978096530335359, 0.01541505022737221, 0.24905350545089613, 0.0055061025970450555, 0.010979710410137926, 0.009590281847727629, 0.019975838747419792
2013-04-08, 0.0943419497930816, 0.06288209606986882, 0.08528784648187657, 0.16031652236466856, 0.39136979427997987, 0.0027530512985225316, 0.01372463801267241, 0.012147690340455, 0.026253959496608862
2013-04-08, 0.0943419497930816, 0.06288209606986882, 0.08528784648187657, 0.16031652236466856, 0.39136979427997987, 0.0027530512985225316, 0.01372463801267241, 0.012147690340455, 0.026253959496608862
2013-04-08, 0.0943419497930816, 0.06288209606986882, 0.08528784648187657, 0.16031652236466856, 0.39136979427997987, 0.0027530512985225316, 0.01372463801267241, 0.012147690340455, 0.026253959496608862
2013-04-08, 0.0943419497930816, 0.06288209606986882, 0.08528784648187657, 0.16031652236466856, 0.39136979427997987, 0.0027530512985225316, 0.01372463801267241, 0.012147690340455, 0.026253959496608862
2013-04-08, 0.0943419497930816, 0.06288209606986882, 0.08528784648187657, 0.16031652236466856, 0.39136979427997987, 0.0027530512985225316, 0.01372463801267241, 0.012147690340455, 0.026253959496608862
2013-04-08, 0.0943419497930816, 0.06288209606986882, 0.08528784648187657, 0.16031652236466856, 0.39136979427997987, 0.0027530512985225316, 0.01372463801267241, 0.012147690340455, 0.026253959496608862
2013-04-08, 0.0943419497930816, 0.06288209606986882, 0.08528784648187657, 0.16031652236466856, 0.39136979427997987, 0.0027530512985225316, 0.01372463801267241, 0.012147690340455, 0.026253959496608862
2013-04-08, 0.0943419497930816, 0.06288209606986882, 0.08528784648187657, 0.16031652236466856, 0.39136979427997987, 0.0027530512985225316, 0.01372463801267241, 0.012147690340455, 0.026253959496608862
2013-04-08, 0.0943419497930816, 0.06288209606986882, 0.08528784648187657, 0.16031652236466856, 0.39136979427997987, 0.0027530512985225316, 0.01372463801267241, 0.012147690340455, 0.026253959496608862
2013-04-08, 0.0943419497930816, 0.06288209606986882, 0.08528784648187657, 0.16031652236466856, 0.39136979427997987, 0.0027530512985225316, 0.01372463801267241, 0.012147690340455, 0.026253959496608862
2013-04-08, 0.06972013425252956, 0.1886462882096069, 0.0775344058926149, 0.01541505022737221, 0.22168498836838016, 0.011012205194090118, 0.010979710410137926, 0.010229633970909473, 0.022258791747124914
2013-04-08, 0.09035680895075598, 0.2724890829694323, 0.13180849001744516, 0.006166020090948665, 0.27094831911690903, 0.0055061025970450555, 0.012352174211405168, 0.007032873355000272, 0.016551409247862112
2013-04-08, 0.07725052692089616, 0.314410480349345, 0.11630160883892218, 0.05549418081853935, 0.08484240295579974, 0.008259153895567587, 0.010979710410137926, 0.008311577601363957, 0.019405100497493513
2013-04-08, 0.071246119913708, 0.20960698689956325, 0.10079472766039921, 0.0955733114097065, 0.11768462345481907, 0.011012205194090118, 0.012352174211405168, 0.006393521231818429, 0.016551409247862112
2013-03-09, 0.08465137059667727, 0.37729257641921404, 0.0232603217677843, 0.052411170773064744, 0.1778953610363544, 0.005506102597045063, 0.012352174211405168, 0.010229633970909473, 0.018263623997640952
2013-03-09, 0.10217023570910806, 0.23056768558951962, 0.0232603217677843, 0.1418184620918223, 0.37221183232221877, 0.0, 0.015097101813939653, 0.012147690340455, 0.0222587917471249
2013-03-09, 0.10217023570910806, 0.23056768558951962, 0.0232603217677843, 0.1418184620918223, 0.37221183232221877, 0.0, 0.015097101813939653, 0.012147690340455, 0.0222587917471249
2013-03-09, 0.10217023570910806, 0.23056768558951962, 0.0232603217677843, 0.1418184620918223, 0.37221183232221877, 0.0, 0.015097101813939653, 0.012147690340455, 0.0222587917471249
2013-03-09, 0.10217023570910806, 0.23056768558951962, 0.0232603217677843, 0.1418184620918223, 0.37221183232221877, 0.0, 0.015097101813939653, 0.012147690340455, 0.0222587917471249
2013-03-09, 0.10217023570910806, 0.23056768558951962, 0.0232603217677843, 0.1418184620918223, 0.37221183232221877, 0.0, 0.015097101813939653, 0.012147690340455, 0.0222587917471249
2013-03-09, 0.10217023570910806, 0.23056768558951962, 0.0232603217677843, 0.1418184620918223, 0.37221183232221877, 0.0, 0.015097101813939653, 0.012147690340455, 0.0222587917471249
2013-03-09, 0.10217023570910806, 0.23056768558951962, 0.0232603217677843, 0.1418184620918223, 0.37221183232221877, 0.0, 0.015097101813939653, 0.012147690340455, 0.0222587917471249
2013-03-09, 0.10217023570910806, 0.23056768558951962, 0.0232603217677843, 0.1418184620918223, 0.37221183232221877, 0.0, 0.015097101813939653, 0.012147690340455, 0.0222587917471249
2013-03-09, 0.10217023570910806, 0.23056768558951962, 0.0232603217677843, 0.1418184620918223, 0.37221183232221877, 0.0, 0.015097101813939653, 0.012147690340455, 0.0222587917471249
2013-03-09, 0.10217023570910806, 0.23056768558951962, 0.0232603217677843, 0.1418184620918223, 0.37221183232221877, 0.0, 0.015097101813939653, 0.012147690340455, 0.0222587917471249
2013-03-09, 0.07714166715399509, 0.314410480349345, 0.031013762357045963, 0.05549418081853935, 0.16694795420334818, 0.008259153895567587, 0.01372463801267241, 0.009590281847727629, 0.017692885747714673
2013-03-09, 0.0727947539008733, 0.37729257641921404, 0.0, 0.04316214063664175, 0.11494777174656752, 0.008259153895567587, 0.010979710410137926, 0.008311577601363944, 0.019405100497493513
2013-03-09, 0.06317143469754946, 0.2934497816593887, 0.031013762357045963, 0.05549418081853935, 0.07936869953929665, 0.008259153895567587, 0.012352174211405168, 0.008311577601363944, 0.01712214749778839
2013-03-09, 0.08185582713231565, 0.4401746724890831, 0.0232603217677843, 0.07707525113685995, 0.06294758928978686, 0.01376525649261265, 0.010979710410137926, 0.008950929724545786, 0.017692885747714673
2013-02-07, 0.08292141649131377, 0.35633187772925773, 0.07753440589261457, 0.10482234154612977, 0.08210555124754819, 0.008259153895567587, 0.01372463801267241, 0.005754169108636586, 0.014839194498083273
2013-02-07, 0.0939716697621912, 0.10480349344978152, 0.031013762357045963, 0.16956555250109184, 0.39684349769648325, 0.0, 0.01372463801267241, 0.014705098833182372, 0.021117315247272343
2013-02-07, 0.0939716697621912, 0.10480349344978152, 0.031013762357045963, 0.16956555250109184, 0.39684349769648325, 0.0, 0.01372463801267241, 0.014705098833182372, 0.021117315247272343
2013-02-07, 0.0939716697621912, 0.10480349344978152, 0.031013762357045963, 0.16956555250109184, 0.39684349769648325, 0.0, 0.01372463801267241, 0.014705098833182372, 0.021117315247272343
2013-02-07, 0.0939716697621912, 0.10480349344978152, 0.031013762357045963, 0.16956555250109184, 0.39684349769648325, 0.0, 0.01372463801267241, 0.014705098833182372, 0.021117315247272343
2013-02-07, 0.0939716697621912, 0.10480349344978152, 0.031013762357045963, 0.16956555250109184, 0.39684349769648325, 0.0, 0.01372463801267241, 0.014705098833182372, 0.021117315247272343
2013-02-07, 0.0939716697621912, 0.10480349344978152, 0.031013762357045963, 0.16956555250109184, 0.39684349769648325, 0.0, 0.01372463801267241, 0.014705098833182372, 0.021117315247272343
2013-02-07, 0.0939716697621912, 0.10480349344978152, 0.031013762357045963, 0.16956555250109184, 0.39684349769648325, 0.0, 0.01372463801267241, 0.014705098833182372, 0.021117315247272343
2013-02-07, 0.0939716697621912, 0.10480349344978152, 0.031013762357045963, 0.16956555250109184, 0.39684349769648325, 0.0, 0.01372463801267241, 0.014705098833182372, 0.021117315247272343
2013-02-07, 0.0939716697621912, 0.10480349344978152, 0.031013762357045963, 0.16956555250109184, 0.39684349769648325, 0.0, 0.01372463801267241, 0.014705098833182372, 0.021117315247272343
2013-02-07, 0.0939716697621912, 0.10480349344978152, 0.031013762357045963, 0.16956555250109184, 0.39684349769648325, 0.0, 0.01372463801267241, 0.014705098833182372, 0.021117315247272343
2013-02-07, 0.07987530320092151, 0.35633187772925773, 0.08528784648187622, 0.05549418081853935, 0.09852666149705798, 0.011012205194090118, 0.010979710410137926, 0.007672225478182115, 0.013697717998230712
2013-02-07, 0.06993260868677052, 0.33537117903930136, 0.06978096530335325, 0.07707525113685995, 0.032842220499019324, 0.011012205194090118, 0.012352174211405168, 0.0044754648622729, 0.016551409247862112
2013-02-07, 0.09724951780355894, 0.4401746724890831, 0.054274084124830264, 0.19731264291036166, 0.03557907220727088, 0.01376525649261265, 0.009607246608870683, 0.009590281847727629, 0.017692885747714673
2013-02-07, 0.19196810296152947, 0.25152838427947594, 0.046520643535568944, 0.4408704365028388, 0.7280025543949276, 0.0055061025970450555, 0.015097101813939653, 0.01854121157227343, 0.029678388996166545
2013-01-08, 0.06492495069859065, 0.25152838427947594, 0.062027524714091925, 0.1633995324101429, 0.008210555124754892, 0.008259153895567594, 0.00823478280760344, 0.005754169108636572, 0.011985503248451884
2013-01-08, 0.12345422874284381, 0.02096069868995635, 0.10854816824966053, 0.30521799450196546, 0.5063175660265474, 0.002753051298522524, 0.012352174211405168, 0.011508338217273158, 0.019975838747419792
2013-01-08, 0.12345422874284381, 0.02096069868995635, 0.10854816824966053, 0.30521799450196546, 0.5063175660265474, 0.002753051298522524, 0.012352174211405168, 0.011508338217273158, 0.019975838747419792
2013-01-08, 0.12345422874284381, 0.02096069868995635, 0.10854816824966053, 0.30521799450196546, 0.5063175660265474, 0.002753051298522524, 0.012352174211405168, 0.011508338217273158, 0.019975838747419792
2013-01-08, 0.12345422874284381, 0.02096069868995635, 0.10854816824966053, 0.30521799450196546, 0.5063175660265474, 0.002753051298522524, 0.012352174211405168, 0.011508338217273158, 0.019975838747419792
2013-01-08, 0.12345422874284381, 0.02096069868995635, 0.10854816824966053, 0.30521799450196546, 0.5063175660265474, 0.002753051298522524, 0.012352174211405168, 0.011508338217273158, 0.019975838747419792
2013-01-08, 0.12345422874284381, 0.02096069868995635, 0.10854816824966053, 0.30521799450196546, 0.5063175660265474, 0.002753051298522524, 0.012352174211405168, 0.011508338217273158, 0.019975838747419792
2013-01-08, 0.12345422874284381, 0.02096069868995635, 0.10854816824966053, 0.30521799450196546, 0.5063175660265474, 0.002753051298522524, 0.012352174211405168, 0.011508338217273158, 0.019975838747419792
2013-01-08, 0.12345422874284381, 0.02096069868995635, 0.10854816824966053, 0.30521799450196546, 0.5063175660265474, 0.002753051298522524, 0.012352174211405168, 0.011508338217273158, 0.019975838747419792
2013-01-08, 0.12345422874284381, 0.02096069868995635, 0.10854816824966053, 0.30521799450196546, 0.5063175660265474, 0.002753051298522524, 0.012352174211405168, 0.011508338217273158, 0.019975838747419792
2013-01-08, 0.12345422874284381, 0.02096069868995635, 0.10854816824966053, 0.30521799450196546, 0.5063175660265474, 0.002753051298522524, 0.012352174211405168, 0.011508338217273158, 0.019975838747419792
2013-01-08, 0.06537827309452073, 0.23056768558951962, 0.10079472766039921, 0.052411170773064744, 0.11221092003831597, 0.008259153895567594, 0.00823478280760344, 0.0025574084927273573, 0.007990335498967922
2013-01-08, 0.11417389066629237, 0.44017467248908265, 0.10854816824966053, 0.22505973331963092, 0.10947406833006443, 0.011012205194090127, 0.006862319006336213, 0.0025574084927273573, 0.009702550248746764
2013-01-08, 0.09764786163048028, 0.314410480349345, 0.1240550494281835, 0.04007913059116714, 0.2682114674086575, 0.0, 0.010979710410137926, 0.005754169108636572, 0.017692885747714673
2013-01-08, 0.24096326768976065, 0.314410480349345, 0.06978096530335325, 0.604269968912982, 0.8675819915157595, 0.011012205194090111, 0.01784202941647414, 0.01598380307954606, 0.026824697746535144
2012-12-09, 0.08618388027698112, 0.33537117903930136, 0.1783291335530141, 0.049328160727590414, 0.09031610637230308, 0.011012205194090111, 0.012352174211405184, 0.0019180563695455287, 0.01084402674859931
2012-12-09, 0.12649064970858415, 0.1886462882096069, 0.08528784648187657, 0.21272769313773332, 0.48715960406878606, 0.0027530512985225316, 0.016469565615206898, 0.005754169108636586, 0.013126979748304431
2012-12-09, 0.12649064970858415, 0.1886462882096069, 0.08528784648187657, 0.21272769313773332, 0.48715960406878606, 0.0027530512985225316, 0.016469565615206898, 0.005754169108636586, 0.013126979748304431
2012-12-09, 0.12649064970858415, 0.1886462882096069, 0.08528784648187657, 0.21272769313773332, 0.48715960406878606, 0.0027530512985225316, 0.016469565615206898, 0.005754169108636586, 0.013126979748304431
2012-12-09, 0.12649064970858415, 0.1886462882096069, 0.08528784648187657, 0.21272769313773332, 0.48715960406878606, 0.0027530512985225316, 0.016469565615206898, 0.005754169108636586, 0.013126979748304431
2012-12-09, 0.12649064970858415, 0.1886462882096069, 0.08528784648187657, 0.21272769313773332, 0.48715960406878606, 0.0027530512985225316, 0.016469565615206898, 0.005754169108636586, 0.013126979748304431
2012-12-09, 0.12649064970858415, 0.1886462882096069, 0.08528784648187657, 0.21272769313773332, 0.48715960406878606, 0.0027530512985225316, 0.016469565615206898, 0.005754169108636586, 0.013126979748304431
2012-12-09, 0.12649064970858415, 0.1886462882096069, 0.08528784648187657, 0.21272769313773332, 0.48715960406878606, 0.0027530512985225316, 0.016469565615206898, 0.005754169108636586, 0.013126979748304431
2012-12-09, 0.12649064970858415, 0.1886462882096069, 0.08528784648187657, 0.21272769313773332, 0.48715960406878606, 0.0027530512985225316, 0.016469565615206898, 0.005754169108636586, 0.013126979748304431
2012-12-09, 0.12649064970858415, 0.1886462882096069, 0.08528784648187657, 0.21272769313773332, 0.48715960406878606, 0.0027530512985225316, 0.016469565615206898, 0.005754169108636586, 0.013126979748304431
2012-12-09, 0.12649064970858415, 0.1886462882096069, 0.08528784648187657, 0.21272769313773332, 0.48715960406878606, 0.0027530512985225316, 0.016469565615206898, 0.005754169108636586, 0.013126979748304431
2012-12-09, 0.0912244401657402, 0.4401746724890831, 0.09304128707113789, 0.07399224109138562, 0.08484240295579974, 0.011012205194090111, 0.010979710410137941, 0.0031967606159092146, 0.01255624149837815
2012-12-09, 0.08706772393780275, 0.46113537117903947, 0.09304128707113789, 0.1079053515916041, 0.0027368517082515496, 0.011012205194090111, 0.013724638012672426, 0.0012787042463636858, 0.005707382499262802
2012-12-09, 0.10229492628752604, 0.5030567685589522, 0.0775344058926149, 0.14798448218277124, 0.054737034165032214, 0.013765256492612642, 0.013724638012672426, 0.0012787042463636858, 0.006278120749189082
2012-12-09, 0.124939554712665, 0.5659388646288207, 0.11630160883892253, 0.20039565295583597, 0.07936869953929665, 0.019271359089657707, 0.010979710410137941, 0.003836112739091043, 0.003424429499557681
2012-11-09, 0.08393003106448507, 0.18864628820960713, 0.23260321767784436, 0.02774709040926981, 0.1915796195776126, 0.013765256492612642, 0.010979710410137941, 0.0038361127390910575, 0.0022829529997051208
2012-11-09, 0.14841945122589453, 0.14672489082969445, 0.1705756929637528, 0.30521799450196546, 0.5336860831090636, 0.005506102597045063, 0.015097101813939653, 0.0025574084927273717, 0.00799033549896791
2012-11-09, 0.14841945122589453, 0.14672489082969445, 0.1705756929637528, 0.30521799450196546, 0.5336860831090636, 0.005506102597045063, 0.015097101813939653, 0.0025574084927273717, 0.00799033549896791
2012-11-09, 0.14841945122589453, 0.14672489082969445, 0.1705756929637528, 0.30521799450196546, 0.5336860831090636, 0.005506102597045063, 0.015097101813939653, 0.0025574084927273717, 0.00799033549896791
2012-11-09, 0.14841945122589453, 0.14672489082969445, 0.1705756929637528, 0.30521799450196546, 0.5336860831090636, 0.005506102597045063, 0.015097101813939653, 0.0025574084927273717, 0.00799033549896791
2012-11-09, 0.14841945122589453, 0.14672489082969445, 0.1705756929637528, 0.30521799450196546, 0.5336860831090636, 0.005506102597045063, 0.015097101813939653, 0.0025574084927273717, 0.00799033549896791
2012-11-09, 0.14841945122589453, 0.14672489082969445, 0.1705756929637528, 0.30521799450196546, 0.5336860831090636, 0.005506102597045063, 0.015097101813939653, 0.0025574084927273717, 0.00799033549896791
2012-11-09, 0.14841945122589453, 0.14672489082969445, 0.1705756929637528, 0.30521799450196546, 0.5336860831090636, 0.005506102597045063, 0.015097101813939653, 0.0025574084927273717, 0.00799033549896791
2012-11-09, 0.14841945122589453, 0.14672489082969445, 0.1705756929637528, 0.30521799450196546, 0.5336860831090636, 0.005506102597045063, 0.015097101813939653, 0.0025574084927273717, 0.00799033549896791
2012-11-09, 0.14841945122589453, 0.14672489082969445, 0.1705756929637528, 0.30521799450196546, 0.5336860831090636, 0.005506102597045063, 0.015097101813939653, 0.0025574084927273717, 0.00799033549896791
2012-11-09, 0.14841945122589453, 0.14672489082969445, 0.1705756929637528, 0.30521799450196546, 0.5336860831090636, 0.005506102597045063, 0.015097101813939653, 0.0025574084927273717, 0.00799033549896791
2012-11-09, 0.09021171281472688, 0.35633187772925745, 0.18608257414227544, 0.04624515068211581, 0.10673721662181263, 0.00825915389556758, 0.012352174211405184, 0.005114816985454729, 0.0005707382499262802
2012-11-09, 0.10490721886919623, 0.4192139737991265, 0.1705756929637528, 0.04316214063664175, 0.1778953610363544, 0.011012205194090111, 0.012352174211405184, 0.0044754648622729, 0.0005707382499262802
2012-11-09, 0.10943449531107068, 0.35633187772925745, 0.13956193060670682, 0.11098836163707843, 0.23810609861788992, 0.011012205194090111, 0.012352174211405184, 0.0025574084927273717, 0.0045659059994102285
2012-11-09, 0.10805858431262712, 0.2515283842794757, 0.20934289591006008, 0.1079053515916041, 0.27094831911690925, 0.00825915389556758, 0.012352174211405184, 0.0012787042463636858, 0.002853691249631401
2012-10-10, 0.1130465232055975, 0.5868995633187774, 0.046520643535568944, 0.10790535159160382, 0.14505314053733506, 0.00825915389556758, 0.004117391403801728, 0.0044754648622729, 0.0011414764998525604
2012-10-10, 0.1356376649639429, 0.18864628820960713, 0.10079472766039921, 0.19731264291036166, 0.5829494138575925, 0.0, 0.005489855205068971, 0.0019180563695455287, 0.00799033549896791
2012-10-10, 0.1356376649639429, 0.18864628820960713, 0.10079472766039921, 0.19731264291036166, 0.5829494138575925, 0.0, 0.005489855205068971, 0.0019180563695455287, 0.00799033549896791
2012-10-10, 0.1356376649639429, 0.18864628820960713, 0.10079472766039921, 0.19731264291036166, 0.5829494138575925, 0.0, 0.005489855205068971, 0.0019180563695455287, 0.00799033549896791
2012-10-10, 0.1356376649639429, 0.18864628820960713, 0.10079472766039921, 0.19731264291036166, 0.5829494138575925, 0.0, 0.005489855205068971, 0.0019180563695455287, 0.00799033549896791
2012-10-10, 0.1356376649639429, 0.18864628820960713, 0.10079472766039921, 0.19731264291036166, 0.5829494138575925, 0.0, 0.005489855205068971, 0.0019180563695455287, 0.00799033549896791
2012-10-10, 0.1356376649639429, 0.18864628820960713, 0.10079472766039921, 0.19731264291036166, 0.5829494138575925, 0.0, 0.005489855205068971, 0.0019180563695455287, 0.00799033549896791
2012-10-10, 0.1356376649639429, 0.18864628820960713, 0.10079472766039921, 0.19731264291036166, 0.5829494138575925, 0.0, 0.005489855205068971, 0.0019180563695455287, 0.00799033549896791
2012-10-10, 0.1356376649639429, 0.18864628820960713, 0.10079472766039921, 0.19731264291036166, 0.5829494138575925, 0.0, 0.005489855205068971, 0.0019180563695455287, 0.00799033549896791
2012-10-10, 0.1356376649639429, 0.18864628820960713, 0.10079472766039921, 0.19731264291036166, 0.5829494138575925, 0.0, 0.005489855205068971, 0.0019180563695455287, 0.00799033549896791
2012-10-10, 0.1356376649639429, 0.18864628820960713, 0.10079472766039921, 0.19731264291036166, 0.5829494138575925, 0.0, 0.005489855205068971, 0.0019180563695455287, 0.00799033549896791
2012-10-10, 0.11476165713545816, 0.5868995633187774, 0.10854816824966086, 0.08324127122780861, 0.12315832687132217, 0.011012205194090111, 0.0027449276025344853, 0.0019180563695455287, 0.0005707382499262802
2012-10-10, 0.10772194986260862, 0.46113537117903924, 0.0775344058926149, 0.09249030136423189, 0.22168498836838016, 0.005506102597045048, 0.0, 0.0, 0.003424429499557681
2012-10-10, 0.17720107278007757, 0.0838427947598254, 0.14731537119596816, 0.4747835470030573, 0.6732655202298956, 0.005506102597045063, 0.009607246608870683, 0.009590281847727644, 0.013697717998230712
2012-10-10, 0.12051678177585202, 0.6497816593886464, 0.08528784648187622, 0.18189759268298944, 0.024631665374264432, 0.013765256492612642, 0.0013724638012672426, 0.005114816985454729, 0.0022829529997051208
2012-09-10, 0.1167519607632304, 0.691703056768559, 0.015506881178522981, 0.06782622100043695, 0.14505314053733506, 0.00825915389556758, 0.0027449276025344853, 0.0006393521231818429, 0.0022829529997051208
2012-09-10, 0.09260819482747634, 0.2934497816593884, 0.09304128707113754, 0.0215810703183206, 0.312001094740683, 0.0027530512985225165, 0.0013724638012672426, 0.006393521231818429, 0.01027328849867303
2012-09-10, 0.09260819482747634, 0.2934497816593884, 0.09304128707113754, 0.0215810703183206, 0.312001094740683, 0.0027530512985225165, 0.0013724638012672426, 0.006393521231818429, 0.01027328849867303
2012-09-10, 0.09260819482747634, 0.2934497816593884, 0.09304128707113754, 0.0215810703183206, 0.312001094740683, 0.0027530512985225165, 0.0013724638012672426, 0.006393521231818429, 0.01027328849867303
2012-09-10, 0.09260819482747634, 0.2934497816593884, 0.09304128707113754, 0.0215810703183206, 0.312001094740683, 0.0027530512985225165, 0.0013724638012672426, 0.006393521231818429, 0.01027328849867303
2012-09-10, 0.09260819482747634, 0.2934497816593884, 0.09304128707113754, 0.0215810703183206, 0.312001094740683, 0.0027530512985225165, 0.0013724638012672426, 0.006393521231818429, 0.01027328849867303
2012-09-10, 0.09260819482747634, 0.2934497816593884, 0.09304128707113754, 0.0215810703183206, 0.312001094740683, 0.0027530512985225165, 0.0013724638012672426, 0.006393521231818429, 0.01027328849867303
2012-09-10, 0.09260819482747634, 0.2934497816593884, 0.09304128707113754, 0.0215810703183206, 0.312001094740683, 0.0027530512985225165, 0.0013724638012672426, 0.006393521231818429, 0.01027328849867303
2012-09-10, 0.09260819482747634, 0.2934497816593884, 0.09304128707113754, 0.0215810703183206, 0.312001094740683, 0.0027530512985225165, 0.0013724638012672426, 0.006393521231818429, 0.01027328849867303
2012-09-10, 0.09260819482747634, 0.2934497816593884, 0.09304128707113754, 0.0215810703183206, 0.312001094740683, 0.0027530512985225165, 0.0013724638012672426, 0.006393521231818429, 0.01027328849867303
2012-09-10, 0.09260819482747634, 0.2934497816593884, 0.09304128707113754, 0.0215810703183206, 0.312001094740683, 0.0027530512985225165, 0.0013724638012672426, 0.006393521231818429, 0.01027328849867303
2012-09-10, 0.1242475312396656, 0.3982532751091702, 0.054274084124830264, 0.08324127122780861, 0.4378962733202572, 0.0027530512985225165, 0.0027449276025344853, 0.005114816985454743, 0.00970255024874675
2012-09-10, 0.10865178371837327, 0.48209606986899556, 0.06202752471409158, 0.015415050227371935, 0.2955799844911737, 0.005506102597045048, 0.0027449276025344853, 0.0012787042463636858, 0.0045659059994102285
2012-09-10, 0.1379168198250135, 0.14672489082969445, 0.03876720294630728, 0.30213498445649084, 0.5856862655658438, 0.0027530512985225316, 0.004117391403801728, 0.008311577601363957, 0.014839194498083273
2012-09-10, 0.16406811102152563, 0.838427947598253, 0.015506881178522981, 0.32988207486576065, 0.11221092003831597, 0.011012205194090111, 0.0013724638012672426, 0.0012787042463636858, 0.002853691249631401
2012-08-11, 0.1380888003005006, 0.5449781659388646, 0.19383601473153708, 0.10790535159160382, 0.24631665374264458, 0.0, 0.004117391403801728, 0.0012787042463636858, 0.006278120749189069
2012-08-11, 0.1380888003005006, 0.5449781659388646, 0.19383601473153708, 0.10790535159160382, 0.24631665374264458, 0.0, 0.004117391403801728, 0.0012787042463636858, 0.006278120749189069
2012-08-11, 0.1380888003005006, 0.5449781659388646, 0.19383601473153708, 0.10790535159160382, 0.24631665374264458, 0.0, 0.004117391403801728, 0.0012787042463636858, 0.006278120749189069
2012-08-11, 0.1380888003005006, 0.5449781659388646, 0.19383601473153708, 0.10790535159160382, 0.24631665374264458, 0.0, 0.004117391403801728, 0.0012787042463636858, 0.006278120749189069
2012-08-11, 0.1380888003005006, 0.5449781659388646, 0.19383601473153708, 0.10790535159160382, 0.24631665374264458, 0.0, 0.004117391403801728, 0.0012787042463636858, 0.006278120749189069
2012-08-11, 0.1380888003005006, 0.5449781659388646, 0.19383601473153708, 0.10790535159160382, 0.24631665374264458, 0.0, 0.004117391403801728, 0.0012787042463636858, 0.006278120749189069
2012-08-11, 0.1380888003005006, 0.5449781659388646, 0.19383601473153708, 0.10790535159160382, 0.24631665374264458, 0.0, 0.004117391403801728, 0.0012787042463636858, 0.006278120749189069
2012-08-11, 0.1380888003005006, 0.5449781659388646, 0.19383601473153708, 0.10790535159160382, 0.24631665374264458, 0.0, 0.004117391403801728, 0.0012787042463636858, 0.006278120749189069
2012-08-11, 0.1380888003005006, 0.5449781659388646, 0.19383601473153708, 0.10790535159160382, 0.24631665374264458, 0.0, 0.004117391403801728, 0.0012787042463636858, 0.006278120749189069
2012-08-11, 0.1380888003005006, 0.5449781659388646, 0.19383601473153708, 0.10790535159160382, 0.24631665374264458, 0.0, 0.004117391403801728, 0.0012787042463636858, 0.006278120749189069
2012-08-11, 0.1380888003005006, 0.5449781659388646, 0.19383601473153708, 0.10790535159160382, 0.24631665374264458, 0.0, 0.004117391403801728, 0.0012787042463636858, 0.006278120749189069
2012-08-11, 0.15879795491880402, 0.985152838427948, 0.20934289591006008, 0.05857719086401368, 0.0027368517082515496, 0.011012205194090127, 0.0, 0.0012787042463636858, 0.0022829529997051208
2012-08-11, 0.13899270996411053, 0.5659388646288209, 0.16282225237449113, 0.13256943195539903, 0.2298955434931353, 0.0, 0.004117391403801728, 0.005754169108636586, 0.01084402674859931
2012-08-11, 0.2087534400402697, 0.2934497816593889, 0.2791238612134133, 0.4162063561390439, 0.6349495963143729, 0.005506102597045048, 0.008234782807603456, 0.010868986094091329, 0.02168805349719862
2012-08-11, 0.1782275576762398, 1.0061135371179037, 0.13180849001744516, 0.1418184620918223, 0.13136888199607707, 0.011012205194090127, 0.0, 0.0025574084927273717, 0.0011414764998525604
2012-07-12, 0.16721053895256288, 0.7126637554585149, 0.10079472766039956, 0.40695732600262063, 0.0684212927062902, 0.0027530512985225316, 0.010979710410137926, 0.013426394586818687, 0.02168805349719862
2012-07-12, 0.16721053895256288, 0.7126637554585149, 0.10079472766039956, 0.40695732600262063, 0.0684212927062902, 0.0027530512985225316, 0.010979710410137926, 0.013426394586818687, 0.02168805349719862
2012-07-12, 0.16721053895256288, 0.7126637554585149, 0.10079472766039956, 0.40695732600262063, 0.0684212927062902, 0.0027530512985225316, 0.010979710410137926, 0.013426394586818687, 0.02168805349719862
2012-07-12, 0.16721053895256288, 0.7126637554585149, 0.10079472766039956, 0.40695732600262063, 0.0684212927062902, 0.0027530512985225316, 0.010979710410137926, 0.013426394586818687, 0.02168805349719862
2012-07-12, 0.16721053895256288, 0.7126637554585149, 0.10079472766039956, 0.40695732600262063, 0.0684212927062902, 0.0027530512985225316, 0.010979710410137926, 0.013426394586818687, 0.02168805349719862
2012-07-12, 0.16721053895256288, 0.7126637554585149, 0.10079472766039956, 0.40695732600262063, 0.0684212927062902, 0.0027530512985225316, 0.010979710410137926, 0.013426394586818687, 0.02168805349719862
2012-07-12, 0.16721053895256288, 0.7126637554585149, 0.10079472766039956, 0.40695732600262063, 0.0684212927062902, 0.0027530512985225316, 0.010979710410137926, 0.013426394586818687, 0.02168805349719862
2012-07-12, 0.16721053895256288, 0.7126637554585149, 0.10079472766039956, 0.40695732600262063, 0.0684212927062902, 0.0027530512985225316, 0.010979710410137926, 0.013426394586818687, 0.02168805349719862
2012-07-12, 0.16721053895256288, 0.7126637554585149, 0.10079472766039956, 0.40695732600262063, 0.0684212927062902, 0.0027530512985225316, 0.010979710410137926, 0.013426394586818687, 0.02168805349719862
2012-07-12, 0.16721053895256288, 0.7126637554585149, 0.10079472766039956, 0.40695732600262063, 0.0684212927062902, 0.0027530512985225316, 0.010979710410137926, 0.013426394586818687, 0.02168805349719862
2012-07-12, 0.16721053895256288, 0.7126637554585149, 0.10079472766039956, 0.40695732600262063, 0.0684212927062902, 0.0027530512985225316, 0.010979710410137926, 0.013426394586818687, 0.02168805349719862
2012-07-12, 0.2785660242203905, 1.2366812227074233, 0.031013762357045963, 0.6381830794132005, 0.2955799844911737, 0.00825915389556758, 0.010979710410137926, 0.0038361127390910575, 0.003995167749483961
2012-07-12, 0.15884699718445278, 0.6078602620087332, 0.10854816824966086, 0.3483801351386072, 0.16694795420334793, 0.0, 0.010979710410137926, 0.011508338217273172, 0.016551409247862112
2012-07-12, 0.13217006109623303, 0.35633187772925745, 0.10854816824966086, 0.07090923104591129, 0.4488436801532634, 0.005506102597045063, 0.015097101813939653, 0.02301667643454633, 0.029107650746240263
2012-07-12, 0.15475444906275115, 0.46113537117903924, 0.12405504942818385, 0.14798448218277124, 0.43515942161200566, 0.008259153895567594, 0.01372463801267241, 0.019180563695455274, 0.028536912496313984
2012-06-12, 0.1181344494154063, 0.2724890829694321, 0.09304128707113789, 0.03083010045474442, 0.4652647904027732, 0.013765256492612642, 0.01372463801267241, 0.026852789173637388, 0.029107650746240263
2012-06-12, 0.14166824895541583, 0.6078602620087332, 0.06978096530335325, 0.30521799450196546, 0.0848424029557995, 0.005506102597045063, 0.012352174211405168, 0.019819915818637117, 0.027966174246387702
2012-06-12, 0.14166824895541583, 0.6078602620087332, 0.06978096530335325, 0.30521799450196546, 0.0848424029557995, 0.005506102597045063, 0.012352174211405168, 0.019819915818637117, 0.027966174246387702
2012-06-12, 0.14166824895541583, 0.6078602620087332, 0.06978096530335325, 0.30521799450196546, 0.0848424029557995, 0.005506102597045063, 0.012352174211405168, 0.019819915818637117, 0.027966174246387702
2012-06-12, 0.14166824895541583, 0.6078602620087332, 0.06978096530335325, 0.30521799450196546, 0.0848424029557995, 0.005506102597045063, 0.012352174211405168, 0.019819915818637117, 0.027966174246387702
2012-06-12, 0.14166824895541583, 0.6078602620087332, 0.06978096530335325, 0.30521799450196546, 0.0848424029557995, 0.005506102597045063, 0.012352174211405168, 0.019819915818637117, 0.027966174246387702
2012-06-12, 0.14166824895541583, 0.6078602620087332, 0.06978096530335325, 0.30521799450196546, 0.0848424029557995, 0.005506102597045063, 0.012352174211405168, 0.019819915818637117, 0.027966174246387702
2012-06-12, 0.14166824895541583, 0.6078602620087332, 0.06978096530335325, 0.30521799450196546, 0.0848424029557995, 0.005506102597045063, 0.012352174211405168, 0.019819915818637117, 0.027966174246387702
2012-06-12, 0.14166824895541583, 0.6078602620087332, 0.06978096530335325, 0.30521799450196546, 0.0848424029557995, 0.005506102597045063, 0.012352174211405168, 0.019819915818637117, 0.027966174246387702
2012-06-12, 0.14166824895541583, 0.6078602620087332, 0.06978096530335325, 0.30521799450196546, 0.0848424029557995, 0.005506102597045063, 0.012352174211405168, 0.019819915818637117, 0.027966174246387702
2012-06-12, 0.14166824895541583, 0.6078602620087332, 0.06978096530335325, 0.30521799450196546, 0.0848424029557995, 0.005506102597045063, 0.012352174211405168, 0.019819915818637117, 0.027966174246387702
2012-06-12, 0.12377896279378646, 0.2934497816593884, 0.1395619306067065, 0.0339131105002182, 0.44063312502850877, 0.013765256492612642, 0.01372463801267241, 0.02493473280409186, 0.030249127246092824
2012-06-12, 0.15016255227254358, 0.33537117903930114, 0.20934289591006008, 0.13256943195539958, 0.4433699767367603, 0.013765256492612642, 0.016469565615206898, 0.02301667643454633, 0.027395435996461423
2012-06-12, 0.13566719987743697, 0.2934497816593884, 0.22484977708858306, 0.09249030136423216, 0.3941066459882314, 0.013765256492612642, 0.016469565615206898, 0.021098620065000802, 0.029107650746240263
2012-06-12, 0.1600806794078317, 0.31441048034934477, 0.17057569296375244, 0.2898029442745938, 0.42421201477899895, 0.016518307791135174, 0.01784202941647414, 0.02045926794181896, 0.026824697746535144
2012-05-13, 0.1397016308960014, 0.1886462882096067, 0.271370420624152, 0.11715438172802736, 0.454317383569767, 0.019271359089657707, 0.01372463801267241, 0.021737972188182644, 0.031390603745945385
2012-05-13, 0.14704069561826125, 0.6497816593886458, 0.0775344058926149, 0.3792102355933511, 0.008210555124754649, 0.008259153895567594, 0.009607246608870683, 0.019180563695455274, 0.024541744746830022
2012-05-13, 0.14704069561826125, 0.6497816593886458, 0.0775344058926149, 0.3792102355933511, 0.008210555124754649, 0.008259153895567594, 0.009607246608870683, 0.019180563695455274, 0.024541744746830022
2012-05-13, 0.14704069561826125, 0.6497816593886458, 0.0775344058926149, 0.3792102355933511, 0.008210555124754649, 0.008259153895567594, 0.009607246608870683, 0.019180563695455274, 0.024541744746830022
2012-05-13, 0.14704069561826125, 0.6497816593886458, 0.0775344058926149, 0.3792102355933511, 0.008210555124754649, 0.008259153895567594, 0.009607246608870683, 0.019180563695455274, 0.024541744746830022
2012-05-13, 0.14704069561826125, 0.6497816593886458, 0.0775344058926149, 0.3792102355933511, 0.008210555124754649, 0.008259153895567594, 0.009607246608870683, 0.019180563695455274, 0.024541744746830022
2012-05-13, 0.14704069561826125, 0.6497816593886458, 0.0775344058926149, 0.3792102355933511, 0.008210555124754649, 0.008259153895567594, 0.009607246608870683, 0.019180563695455274, 0.024541744746830022
2012-05-13, 0.14704069561826125, 0.6497816593886458, 0.0775344058926149, 0.3792102355933511, 0.008210555124754649, 0.008259153895567594, 0.009607246608870683, 0.019180563695455274, 0.024541744746830022
2012-05-13, 0.14704069561826125, 0.6497816593886458, 0.0775344058926149, 0.3792102355933511, 0.008210555124754649, 0.008259153895567594, 0.009607246608870683, 0.019180563695455274, 0.024541744746830022
2012-05-13, 0.14704069561826125, 0.6497816593886458, 0.0775344058926149, 0.3792102355933511, 0.008210555124754649, 0.008259153895567594, 0.009607246608870683, 0.019180563695455274, 0.024541744746830022
2012-05-13, 0.14704069561826125, 0.6497816593886458, 0.0775344058926149, 0.3792102355933511, 0.008210555124754649, 0.008259153895567594, 0.009607246608870683, 0.019180563695455274, 0.024541744746830022
2012-05-13, 0.10725315632265607, 0.1886462882096067, 0.23260321767784473, 0.0955733114097065, 0.26547461570040615, 0.013765256492612642, 0.010979710410137926, 0.02301667643454633, 0.027966174246387702
2012-05-13, 0.11145210601447621, 0.16768558951965032, 0.255863539445629, 0.04624515068211608, 0.342106463531451, 0.016518307791135174, 0.012352174211405168, 0.021737972188182644, 0.029107650746240263
2012-05-13, 0.145795383426122, 0.2724890829694321, 0.18608257414227578, 0.09249030136423216, 0.5282123796925607, 0.016518307791135174, 0.010979710410137926, 0.0287708455431829, 0.030819865496019103
2012-05-13, 0.2470628845088646, 1.0061135371179037, 0.06978096530335359, 0.6813452200498422, 0.18336906445285772, 0.0027530512985225316, 0.006862319006336213, 0.010868986094091329, 0.015409932748009551
2012-04-13, 0.1162933529172779, 0.14672489082969398, 0.1705756929637528, 0.03699612054569308, 0.48168590065228295, 0.019271359089657707, 0.012352174211405168, 0.02621343705045553, 0.036527247995281904
2012-04-13, 0.14945290765262623, 0.5659388646288205, 0.08528784648187622, 0.32988207486576065, 0.1423162888290835, 0.011012205194090127, 0.010979710410137926, 0.021098620065000788, 0.029107650746240263
2012-04-13, 0.14945290765262623, 0.5659388646288205, 0.08528784648187622, 0.32988207486576065, 0.1423162888290835, 0.011012205194090127, 0.010979710410137926, 0.021098620065000788, 0.029107650746240263
2012-04-13, 0.14945290765262623, 0.5659388646288205, 0.08528784648187622, 0.32988207486576065, 0.1423162888290835, 0.011012205194090127, 0.010979710410137926, 0.021098620065000788, 0.029107650746240263
2012-04-13, 0.14945290765262623, 0.5659388646288205, 0.08528784648187622, 0.32988207486576065, 0.1423162888290835, 0.011012205194090127, 0.010979710410137926, 0.021098620065000788, 0.029107650746240263
2012-04-13, 0.14945290765262623, 0.5659388646288205, 0.08528784648187622, 0.32988207486576065, 0.1423162888290835, 0.011012205194090127, 0.010979710410137926, 0.021098620065000788, 0.029107650746240263
2012-04-13, 0.14945290765262623, 0.5659388646288205, 0.08528784648187622, 0.32988207486576065, 0.1423162888290835, 0.011012205194090127, 0.010979710410137926, 0.021098620065000788, 0.029107650746240263
2012-04-13, 0.14945290765262623, 0.5659388646288205, 0.08528784648187622, 0.32988207486576065, 0.1423162888290835, 0.011012205194090127, 0.010979710410137926, 0.021098620065000788, 0.029107650746240263
2012-04-13, 0.14945290765262623, 0.5659388646288205, 0.08528784648187622, 0.32988207486576065, 0.1423162888290835, 0.011012205194090127, 0.010979710410137926, 0.021098620065000788, 0.029107650746240263
2012-04-13, 0.14945290765262623, 0.5659388646288205, 0.08528784648187622, 0.32988207486576065, 0.1423162888290835, 0.011012205194090127, 0.010979710410137926, 0.021098620065000788, 0.029107650746240263
2012-04-13, 0.14945290765262623, 0.5659388646288205, 0.08528784648187622, 0.32988207486576065, 0.1423162888290835, 0.011012205194090127, 0.010979710410137926, 0.021098620065000788, 0.029107650746240263
2012-04-13, 0.1271335962249873, 0.20960698689956303, 0.19383601473153708, 0.14798448218277124, 0.37768553573872166, 0.016518307791135174, 0.010979710410137926, 0.02621343705045553, 0.03424429499557678
2012-04-13, 0.1274745743964049, 0.23056768558951937, 0.23260321767784473, 0.012332040181897878, 0.4433699767367603, 0.016518307791135174, 0.010979710410137926, 0.03004954978954659, 0.04337610699439726
2012-04-13, 0.10429758634425829, 0.20960698689956303, 0.10079472766039921, 0.10173933150065516, 0.32842220499019276, 0.011012205194090127, 0.009607246608870683, 0.03324631040545579, 0.03995167749483958
2012-04-13, 0.11583763504490618, 0.02096069868995635, 0.19383601473153708, 0.05549418081853962, 0.5637914518998309, 0.016518307791135174, 0.01372463801267241, 0.02813149342000106, 0.03424429499557678
2012-03-14, 0.13162684408051112, 0.18864628820960713, 0.12405504942818385, 0.07090923104591074, 0.5692651553163345, 0.011012205194090127, 0.008234782807603456, 0.03580371889818316, 0.045088321744176096
2012-03-14, 0.1512155265975859, 0.5868995633187774, 0.046520643535568944, 0.32988207486576065, 0.18063221274460617, 0.008259153895567594, 0.009607246608870683, 0.021098620065000788, 0.026824697746535144
2012-03-14, 0.1512155265975859, 0.5868995633187774, 0.046520643535568944, 0.32988207486576065, 0.18063221274460617, 0.008259153895567594, 0.009607246608870683, 0.021098620065000788, 0.026824697746535144
2012-03-14, 0.1512155265975859, 0.5868995633187774, 0.046520643535568944, 0.32988207486576065, 0.18063221274460617, 0.008259153895567594, 0.009607246608870683, 0.021098620065000788, 0.026824697746535144
2012-03-14, 0.1512155265975859, 0.5868995633187774, 0.046520643535568944, 0.32988207486576065, 0.18063221274460617, 0.008259153895567594, 0.009607246608870683, 0.021098620065000788, 0.026824697746535144
2012-03-14, 0.1512155265975859, 0.5868995633187774, 0.046520643535568944, 0.32988207486576065, 0.18063221274460617, 0.008259153895567594, 0.009607246608870683, 0.021098620065000788, 0.026824697746535144
2012-03-14, 0.1512155265975859, 0.5868995633187774, 0.046520643535568944, 0.32988207486576065, 0.18063221274460617, 0.008259153895567594, 0.009607246608870683, 0.021098620065000788, 0.026824697746535144
2012-03-14, 0.1512155265975859, 0.5868995633187774, 0.046520643535568944, 0.32988207486576065, 0.18063221274460617, 0.008259153895567594, 0.009607246608870683, 0.021098620065000788, 0.026824697746535144
2012-03-14, 0.1512155265975859, 0.5868995633187774, 0.046520643535568944, 0.32988207486576065, 0.18063221274460617, 0.008259153895567594, 0.009607246608870683, 0.021098620065000788, 0.026824697746535144
2012-03-14, 0.1512155265975859, 0.5868995633187774, 0.046520643535568944, 0.32988207486576065, 0.18063221274460617, 0.008259153895567594, 0.009607246608870683, 0.021098620065000788, 0.026824697746535144
2012-03-14, 0.1512155265975859, 0.5868995633187774, 0.046520643535568944, 0.32988207486576065, 0.18063221274460617, 0.008259153895567594, 0.009607246608870683, 0.021098620065000788, 0.026824697746535144
2012-03-14, 0.12009844948424755, 0.02096069868995635, 0.14731537119596816, 0.06782622100043695, 0.6294758928978701, 0.019271359089657707, 0.012352174211405168, 0.0287708455431829, 0.034815033245503064
2012-03-14, 0.1306762744443424, 0.23056768558951984, 0.12405504942818385, 0.027747090409269537, 0.5692651553163345, 0.016518307791135174, 0.009607246608870683, 0.029410197666364744, 0.038239462745060744
2012-03-14, 0.11656001699565505, 0.14672489082969445, 0.20934289591006008, 0.10790535159160437, 0.36673812890571594, 0.016518307791135174, 0.010979710410137926, 0.03260695828227396, 0.04166389224461842
2012-03-14, 0.2877316115145003, 1.1737991266375547, 0.0232603217677843, 0.7399224109138559, 0.3311590566984443, 0.0, 0.006862319006336213, 0.010868986094091315, 0.015980670997935834
2012-02-13, 0.13061838120279595, 0.02096069868995635, 0.2481100988563677, 0.03083010045474387, 0.6568444099803861, 0.016518307791135174, 0.00823478280760344, 0.02749214129681923, 0.035956509745355615
2012-02-13, 0.13589391986640575, 0.4192139737991265, 0.13180849001744552, 0.332965084911235, 0.14505314053733506, 0.008259153895567594, 0.005489855205068971, 0.019819915818637117, 0.024541744746830022
2012-02-13, 0.13589391986640575, 0.4192139737991265, 0.13180849001744552, 0.332965084911235, 0.14505314053733506, 0.008259153895567594, 0.005489855205068971, 0.019819915818637117, 0.024541744746830022
2012-02-13, 0.13589391986640575, 0.4192139737991265, 0.13180849001744552, 0.332965084911235, 0.14505314053733506, 0.008259153895567594, 0.005489855205068971, 0.019819915818637117, 0.024541744746830022
2012-02-13, 0.13589391986640575, 0.4192139737991265, 0.13180849001744552, 0.332965084911235, 0.14505314053733506, 0.008259153895567594, 0.005489855205068971, 0.019819915818637117, 0.024541744746830022
2012-02-13, 0.13589391986640575, 0.4192139737991265, 0.13180849001744552, 0.332965084911235, 0.14505314053733506, 0.008259153895567594, 0.005489855205068971, 0.019819915818637117, 0.024541744746830022
2012-02-13, 0.13589391986640575, 0.4192139737991265, 0.13180849001744552, 0.332965084911235, 0.14505314053733506, 0.008259153895567594, 0.005489855205068971, 0.019819915818637117, 0.024541744746830022
2012-02-13, 0.13589391986640575, 0.4192139737991265, 0.13180849001744552, 0.332965084911235, 0.14505314053733506, 0.008259153895567594, 0.005489855205068971, 0.019819915818637117, 0.024541744746830022
2012-02-13, 0.13589391986640575, 0.4192139737991265, 0.13180849001744552, 0.332965084911235, 0.14505314053733506, 0.008259153895567594, 0.005489855205068971, 0.019819915818637117, 0.024541744746830022
2012-02-13, 0.13589391986640575, 0.4192139737991265, 0.13180849001744552, 0.332965084911235, 0.14505314053733506, 0.008259153895567594, 0.005489855205068971, 0.019819915818637117, 0.024541744746830022
2012-02-13, 0.13589391986640575, 0.4192139737991265, 0.13180849001744552, 0.332965084911235, 0.14505314053733506, 0.008259153895567594, 0.005489855205068971, 0.019819915818637117, 0.024541744746830022
2012-02-13, 0.12431777853010918, 0.0, 0.1783291335530141, 0.08940729131875728, 0.6513707065638824, 0.011012205194090127, 0.00823478280760344, 0.023656028557728172, 0.03253208024579794
2012-02-13, 0.10669414419697322, 0.06288209606986905, 0.16282225237449113, 0.05857719086401396, 0.49263330748528916, 0.013765256492612642, 0.009607246608870683, 0.02301667643454633, 0.030249127246092824
2012-02-13, 0.09209121745493569, 0.1257641921397381, 0.14731537119596816, 0.04007913059116742, 0.3503170186562057, 0.013765256492612642, 0.006862319006336213, 0.022377324311364487, 0.030249127246092824
2012-02-13, 0.11212496772056398, 0.1676855895196508, 0.1550688117852298, 0.0863242812732835, 0.41052775623774124, 0.011012205194090127, 0.005489855205068971, 0.02493473280409186, 0.035956509745355615
2012-01-14, 0.0858898191340648, 0.02096069868995635, 0.23260321767784473, 0.09249030136423216, 0.2600009122839026, 0.016518307791135174, 0.012352174211405168, 0.023656028557728172, 0.028536912496313984
2012-01-14, 0.12888966884077083, 0.5240174672489083, 0.16282225237449113, 0.16648254245561778, 0.12863203028782527, 0.008259153895567594, 0.0068623190063361985, 0.01406574671000053, 0.019975838747419792
2012-01-14, 0.12888966884077083, 0.5240174672489083, 0.16282225237449113, 0.16648254245561778, 0.12863203028782527, 0.008259153895567594, 0.0068623190063361985, 0.01406574671000053, 0.019975838747419792
2012-01-14, 0.12888966884077083, 0.5240174672489083, 0.16282225237449113, 0.16648254245561778, 0.12863203028782527, 0.008259153895567594, 0.0068623190063361985, 0.01406574671000053, 0.019975838747419792
2012-01-14, 0.12888966884077083, 0.5240174672489083, 0.16282225237449113, 0.16648254245561778, 0.12863203028782527, 0.008259153895567594, 0.0068623190063361985, 0.01406574671000053, 0.019975838747419792
2012-01-14, 0.12888966884077083, 0.5240174672489083, 0.16282225237449113, 0.16648254245561778, 0.12863203028782527, 0.008259153895567594, 0.0068623190063361985, 0.01406574671000053, 0.019975838747419792
2012-01-14, 0.12888966884077083, 0.5240174672489083, 0.16282225237449113, 0.16648254245561778, 0.12863203028782527, 0.008259153895567594, 0.0068623190063361985, 0.01406574671000053, 0.019975838747419792
2012-01-14, 0.12888966884077083, 0.5240174672489083, 0.16282225237449113, 0.16648254245561778, 0.12863203028782527, 0.008259153895567594, 0.0068623190063361985, 0.01406574671000053, 0.019975838747419792
2012-01-14, 0.12888966884077083, 0.5240174672489083, 0.16282225237449113, 0.16648254245561778, 0.12863203028782527, 0.008259153895567594, 0.0068623190063361985, 0.01406574671000053, 0.019975838747419792
2012-01-14, 0.12888966884077083, 0.5240174672489083, 0.16282225237449113, 0.16648254245561778, 0.12863203028782527, 0.008259153895567594, 0.0068623190063361985, 0.01406574671000053, 0.019975838747419792
2012-01-14, 0.12888966884077083, 0.5240174672489083, 0.16282225237449113, 0.16648254245561778, 0.12863203028782527, 0.008259153895567594, 0.0068623190063361985, 0.01406574671000053, 0.019975838747419792
2012-01-14, 0.09595722572898407, 0.0, 0.2791238612134133, 0.052411170773064744, 0.36673812890571544, 0.011012205194090111, 0.00823478280760344, 0.02045926794181896, 0.029678388996166545
2012-01-14, 0.13529163192776636, 0.0419213973799127, 0.2636169800348903, 0.09865632145518027, 0.6021073758153536, 0.011012205194090111, 0.009607246608870683, 0.021737972188182644, 0.03367355674565051
2012-01-14, 0.15841949542945952, 0.0838427947598254, 0.20934289591006008, 0.12640341186445037, 0.7772658851434566, 0.011012205194090111, 0.0068623190063361985, 0.022377324311364487, 0.030249127246092824
2012-01-14, 0.20251662522579955, 0.838427947598253, 0.10854816824966086, 0.48094956709400627, 0.1532636956620902, 0.005506102597045063, 0.0068623190063361985, 0.008311577601363957, 0.018263623997640952
2011-12-15, 0.1280593346276768, 0.0838427947598254, 0.3178910641597206, 0.1726485625465659, 0.37221183232221855, 0.011012205194090111, 0.009607246608870698, 0.023016676434546315, 0.03424429499557678
2011-12-15, 0.15571654276764108, 0.5449781659388646, 0.17057569296375244, 0.37304421550240185, 0.10673721662181239, 0.0027530512985225316, 0.009607246608870698, 0.01406574671000053, 0.023971006496903754
2011-12-15, 0.15571654276764108, 0.5449781659388646, 0.17057569296375244, 0.37304421550240185, 0.10673721662181239, 0.0027530512985225316, 0.009607246608870698, 0.01406574671000053, 0.023971006496903754
2011-12-15, 0.15571654276764108, 0.5449781659388646, 0.17057569296375244, 0.37304421550240185, 0.10673721662181239, 0.0027530512985225316, 0.009607246608870698, 0.01406574671000053, 0.023971006496903754
2011-12-15, 0.15571654276764108, 0.5449781659388646, 0.17057569296375244, 0.37304421550240185, 0.10673721662181239, 0.0027530512985225316, 0.009607246608870698, 0.01406574671000053, 0.023971006496903754
2011-12-15, 0.15571654276764108, 0.5449781659388646, 0.17057569296375244, 0.37304421550240185, 0.10673721662181239, 0.0027530512985225316, 0.009607246608870698, 0.01406574671000053, 0.023971006496903754
2011-12-15, 0.15571654276764108, 0.5449781659388646, 0.17057569296375244, 0.37304421550240185, 0.10673721662181239, 0.0027530512985225316, 0.009607246608870698, 0.01406574671000053, 0.023971006496903754
2011-12-15, 0.15571654276764108, 0.5449781659388646, 0.17057569296375244, 0.37304421550240185, 0.10673721662181239, 0.0027530512985225316, 0.009607246608870698, 0.01406574671000053, 0.023971006496903754
2011-12-15, 0.15571654276764108, 0.5449781659388646, 0.17057569296375244, 0.37304421550240185, 0.10673721662181239, 0.0027530512985225316, 0.009607246608870698, 0.01406574671000053, 0.023971006496903754
2011-12-15, 0.15571654276764108, 0.5449781659388646, 0.17057569296375244, 0.37304421550240185, 0.10673721662181239, 0.0027530512985225316, 0.009607246608870698, 0.01406574671000053, 0.023971006496903754
2011-12-15, 0.15571654276764108, 0.5449781659388646, 0.17057569296375244, 0.37304421550240185, 0.10673721662181239, 0.0027530512985225316, 0.009607246608870698, 0.01406574671000053, 0.023971006496903754
2011-12-15, 0.12801769287124737, 0.1676855895196508, 0.2791238612134133, 0.13256943195539903, 0.36673812890571544, 0.008259153895567594, 0.008234782807603456, 0.02557408492727369, 0.03595650974535563
2011-12-15, 0.27749207458238007, 1.194759825327511, 0.09304128707113754, 0.6196850191403539, 0.29010628107467057, 0.0, 0.008234782807603456, 0.003836112739091043, 0.010273288498673042
2011-12-15, 0.12885134046930152, 0.31441048034934527, 0.2403566582671057, 0.03083010045474387, 0.3831592391552252, 0.005506102597045063, 0.009607246608870698, 0.01726250732590973, 0.029678388996166545
2011-12-15, 0.11765609819110708, 0.0838427947598254, 0.31013762357045926, 0.009249030136423544, 0.45705423527801853, 0.011012205194090111, 0.010979710410137941, 0.023016676434546315, 0.03595650974535563
2011-11-15, 0.14377696958107178, 0.2724890829694321, 0.32564450474898227, 0.027747090409269537, 0.4433699767367603, 0.011012205194090111, 0.010979710410137941, 0.023016676434546315, 0.03595650974535563
2011-11-15, 0.18297258932342464, 0.775545851528384, 0.1705756929637528, 0.3977082958661971, 0.06568444099803865, 0.005506102597045063, 0.008234782807603456, 0.01598380307954606, 0.024541744746830036
2011-11-15, 0.18297258932342464, 0.775545851528384, 0.1705756929637528, 0.3977082958661971, 0.06568444099803865, 0.005506102597045063, 0.008234782807603456, 0.01598380307954606, 0.024541744746830036
2011-11-15, 0.18297258932342464, 0.775545851528384, 0.1705756929637528, 0.3977082958661971, 0.06568444099803865, 0.005506102597045063, 0.008234782807603456, 0.01598380307954606, 0.024541744746830036
2011-11-15, 0.18297258932342464, 0.775545851528384, 0.1705756929637528, 0.3977082958661971, 0.06568444099803865, 0.005506102597045063, 0.008234782807603456, 0.01598380307954606, 0.024541744746830036
2011-11-15, 0.18297258932342464, 0.775545851528384, 0.1705756929637528, 0.3977082958661971, 0.06568444099803865, 0.005506102597045063, 0.008234782807603456, 0.01598380307954606, 0.024541744746830036
2011-11-15, 0.18297258932342464, 0.775545851528384, 0.1705756929637528, 0.3977082958661971, 0.06568444099803865, 0.005506102597045063, 0.008234782807603456, 0.01598380307954606, 0.024541744746830036
2011-11-15, 0.18297258932342464, 0.775545851528384, 0.1705756929637528, 0.3977082958661971, 0.06568444099803865, 0.005506102597045063, 0.008234782807603456, 0.01598380307954606, 0.024541744746830036
2011-11-15, 0.18297258932342464, 0.775545851528384, 0.1705756929637528, 0.3977082958661971, 0.06568444099803865, 0.005506102597045063, 0.008234782807603456, 0.01598380307954606, 0.024541744746830036
2011-11-15, 0.18297258932342464, 0.775545851528384, 0.1705756929637528, 0.3977082958661971, 0.06568444099803865, 0.005506102597045063, 0.008234782807603456, 0.01598380307954606, 0.024541744746830036
2011-11-15, 0.18297258932342464, 0.775545851528384, 0.1705756929637528, 0.3977082958661971, 0.06568444099803865, 0.005506102597045063, 0.008234782807603456, 0.01598380307954606, 0.024541744746830036
2011-11-15, 0.16915191648794234, 0.31441048034934477, 0.3721651482845512, 0.20039565295583597, 0.37768553573872166, 0.013765256492612642, 0.010979710410137941, 0.02557408492727369, 0.038239462745060744
2011-11-15, 0.27738375529635734, 1.1737991266375543, 0.06978096530335325, 0.6844282300953163, 0.26000091228390304, 0.0, 0.005489855205068971, 0.009590281847727629, 0.015980670997935834
2011-11-15, 0.19500030487574377, 0.8803493449781657, 0.09304128707113789, 0.24664080363795152, 0.2791588742416639, 0.00825915389556758, 0.009607246608870698, 0.01726250732590973, 0.025683221246682583
2011-11-15, 0.18947717046764673, 0.9851528384279475, 0.08528784648187622, 0.2836369241836446, 0.11494777174656752, 0.0, 0.005489855205068971, 0.017901859449091572, 0.023400268246977475
2011-10-16, 0.10666529605286257, 0.2934497816593884, 0.13180849001744516, 0.07707525113685995, 0.2791588742416639, 0.011012205194090111, 0.009607246608870698, 0.019819915818637103, 0.03139060374594537
2011-10-16, 0.18090594593118814, 0.775545851528384, 0.031013762357045963, 0.4871155871849549, 0.09305295808055464, 0.005506102597045063, 0.006862319006336213, 0.017901859449091572, 0.03024912724609281
2011-10-16, 0.18090594593118814, 0.775545851528384, 0.031013762357045963, 0.4871155871849549, 0.09305295808055464, 0.005506102597045063, 0.006862319006336213, 0.017901859449091572, 0.03024912724609281
2011-10-16, 0.18090594593118814, 0.775545851528384, 0.031013762357045963, 0.4871155871849549, 0.09305295808055464, 0.005506102597045063, 0.006862319006336213, 0.017901859449091572, 0.03024912724609281
2011-10-16, 0.18090594593118814, 0.775545851528384, 0.031013762357045963, 0.4871155871849549, 0.09305295808055464, 0.005506102597045063, 0.006862319006336213, 0.017901859449091572, 0.03024912724609281
2011-10-16, 0.18090594593118814, 0.775545851528384, 0.031013762357045963, 0.4871155871849549, 0.09305295808055464, 0.005506102597045063, 0.006862319006336213, 0.017901859449091572, 0.03024912724609281
2011-10-16, 0.18090594593118814, 0.775545851528384, 0.031013762357045963, 0.4871155871849549, 0.09305295808055464, 0.005506102597045063, 0.006862319006336213, 0.017901859449091572, 0.03024912724609281
2011-10-16, 0.18090594593118814, 0.775545851528384, 0.031013762357045963, 0.4871155871849549, 0.09305295808055464, 0.005506102597045063, 0.006862319006336213, 0.017901859449091572, 0.03024912724609281
2011-10-16, 0.18090594593118814, 0.775545851528384, 0.031013762357045963, 0.4871155871849549, 0.09305295808055464, 0.005506102597045063, 0.006862319006336213, 0.017901859449091572, 0.03024912724609281
2011-10-16, 0.18090594593118814, 0.775545851528384, 0.031013762357045963, 0.4871155871849549, 0.09305295808055464, 0.005506102597045063, 0.006862319006336213, 0.017901859449091572, 0.03024912724609281
2011-10-16, 0.18090594593118814, 0.775545851528384, 0.031013762357045963, 0.4871155871849549, 0.09305295808055464, 0.005506102597045063, 0.006862319006336213, 0.017901859449091572, 0.03024912724609281
2011-10-16, 0.11223805951953465, 0.23056768558951984, 0.20158945532079842, 0.2558898337743751, 0.1368425854125804, 0.011012205194090111, 0.008234782807603456, 0.022377324311364473, 0.03139060374594537
2011-10-16, 0.36323808462082635, 1.3834061135371176, 0.14731537119596816, 0.798499601777869, 0.5473703416503216, 0.0027530512985225316, 0.004117391403801728, 0.007032873355000258, 0.01540993274800954
2011-10-16, 0.14258008561906763, 0.5868995633187774, 0.10079472766039921, 0.3452971250931323, 0.05473703416503197, 0.00825915389556758, 0.009607246608870698, 0.012787042463636844, 0.0222587917471249
2011-10-16, 0.2510222621203055, 0.9851528384279475, 0.0, 0.6782622100043676, 0.3065273913241799, 0.005506102597045063, 0.006862319006336213, 0.007032873355000258, 0.01883436224756722
2011-09-16, 0.11171442556598256, 0.37729257641921404, 0.007753440589261662, 0.34221411504765853, 0.10126351320530977, 0.013765256492612642, 0.005489855205068971, 0.01854121157227343, 0.027395435996461423
2011-09-16, 0.22014564673007075, 0.6707423580786025, 0.054274084124830264, 0.7245073606864837, 0.26273776399215415, 0.008259153895567594, 0.0027449276025344853, 0.012787042463636858, 0.025112482996756315
2011-09-16, 0.22014564673007075, 0.6707423580786025, 0.054274084124830264, 0.7245073606864837, 0.26273776399215415, 0.008259153895567594, 0.0027449276025344853, 0.012787042463636858, 0.025112482996756315
2011-09-16, 0.22014564673007075, 0.6707423580786025, 0.054274084124830264, 0.7245073606864837, 0.26273776399215415, 0.008259153895567594, 0.0027449276025344853, 0.012787042463636858, 0.025112482996756315
2011-09-16, 0.22014564673007075, 0.6707423580786025, 0.054274084124830264, 0.7245073606864837, 0.26273776399215415, 0.008259153895567594, 0.0027449276025344853, 0.012787042463636858, 0.025112482996756315
2011-09-16, 0.22014564673007075, 0.6707423580786025, 0.054274084124830264, 0.7245073606864837, 0.26273776399215415, 0.008259153895567594, 0.0027449276025344853, 0.012787042463636858, 0.025112482996756315
2011-09-16, 0.22014564673007075, 0.6707423580786025, 0.054274084124830264, 0.7245073606864837, 0.26273776399215415, 0.008259153895567594, 0.0027449276025344853, 0.012787042463636858, 0.025112482996756315
2011-09-16, 0.22014564673007075, 0.6707423580786025, 0.054274084124830264, 0.7245073606864837, 0.26273776399215415, 0.008259153895567594, 0.0027449276025344853, 0.012787042463636858, 0.025112482996756315
2011-09-16, 0.22014564673007075, 0.6707423580786025, 0.054274084124830264, 0.7245073606864837, 0.26273776399215415, 0.008259153895567594, 0.0027449276025344853, 0.012787042463636858, 0.025112482996756315
2011-09-16, 0.22014564673007075, 0.6707423580786025, 0.054274084124830264, 0.7245073606864837, 0.26273776399215415, 0.008259153895567594, 0.0027449276025344853, 0.012787042463636858, 0.025112482996756315
2011-09-16, 0.22014564673007075, 0.6707423580786025, 0.054274084124830264, 0.7245073606864837, 0.26273776399215415, 0.008259153895567594, 0.0027449276025344853, 0.012787042463636858, 0.025112482996756315
2011-09-16, 0.10748891798915476, 0.16768558951965057, 0.09304128707113789, 0.3113840145929147, 0.20800072982712264, 0.016518307791135174, 0.00823478280760344, 0.023656028557728172, 0.031390603745945385
2011-09-16, 0.12648735463671842, 0.35633187772925773, 0.015506881178522981, 0.3483801351386072, 0.23263239520138707, 0.013765256492612642, 0.004117391403801728, 0.0166231552027279, 0.024541744746830036
2011-09-16, 0.12195057425899017, 0.2934497816593887, 0.03876720294630762, 0.39154227577524897, 0.1888427678693613, 0.013765256492612642, 0.0068623190063361985, 0.017262507325909743, 0.025112482996756315
2011-09-16, 0.12653217048198823, 0.3982532751091704, 0.015506881178522981, 0.35146314518408156, 0.18063221274460617, 0.013765256492612642, 0.005489855205068971, 0.019180563695455274, 0.027966174246387702
2011-08-17, 0.0999651493525003, 0.10480349344978175, 0.03876720294630762, 0.43470441641189017, 0.1368425854125804, 0.013765256492612642, 0.00823478280760344, 0.02493473280409186, 0.03766872449513447
2011-08-17, 0.21984952069439656, 0.6078602620087334, 0.1550688117852298, 0.7553374611412278, 0.1997901747023675, 0.005506102597045048, 0.0027449276025344853, 0.010229633970909487, 0.022258791747124914
2011-08-17, 0.21984952069439656, 0.6078602620087334, 0.1550688117852298, 0.7553374611412278, 0.1997901747023675, 0.005506102597045048, 0.0027449276025344853, 0.010229633970909487, 0.022258791747124914
2011-08-17, 0.21984952069439656, 0.6078602620087334, 0.1550688117852298, 0.7553374611412278, 0.1997901747023675, 0.005506102597045048, 0.0027449276025344853, 0.010229633970909487, 0.022258791747124914
2011-08-17, 0.21984952069439656, 0.6078602620087334, 0.1550688117852298, 0.7553374611412278, 0.1997901747023675, 0.005506102597045048, 0.0027449276025344853, 0.010229633970909487, 0.022258791747124914
2011-08-17, 0.21984952069439656, 0.6078602620087334, 0.1550688117852298, 0.7553374611412278, 0.1997901747023675, 0.005506102597045048, 0.0027449276025344853, 0.010229633970909487, 0.022258791747124914
2011-08-17, 0.21984952069439656, 0.6078602620087334, 0.1550688117852298, 0.7553374611412278, 0.1997901747023675, 0.005506102597045048, 0.0027449276025344853, 0.010229633970909487, 0.022258791747124914
2011-08-17, 0.21984952069439656, 0.6078602620087334, 0.1550688117852298, 0.7553374611412278, 0.1997901747023675, 0.005506102597045048, 0.0027449276025344853, 0.010229633970909487, 0.022258791747124914
2011-08-17, 0.21984952069439656, 0.6078602620087334, 0.1550688117852298, 0.7553374611412278, 0.1997901747023675, 0.005506102597045048, 0.0027449276025344853, 0.010229633970909487, 0.022258791747124914
2011-08-17, 0.21984952069439656, 0.6078602620087334, 0.1550688117852298, 0.7553374611412278, 0.1997901747023675, 0.005506102597045048, 0.0027449276025344853, 0.010229633970909487, 0.022258791747124914
2011-08-17, 0.21984952069439656, 0.6078602620087334, 0.1550688117852298, 0.7553374611412278, 0.1997901747023675, 0.005506102597045048, 0.0027449276025344853, 0.010229633970909487, 0.022258791747124914
2011-08-17, 0.10702220646313677, 0.14672489082969445, 0.0232603217677843, 0.3977082958661976, 0.21347443324362525, 0.013765256492612642, 0.005489855205068956, 0.02493473280409186, 0.030819865496019103
2011-08-17, 0.4169881598529388, 1.068995633187773, 0.255863539445629, 1.1499627469619507, 0.8429503261414953, 0.0, 0.0027449276025344853, 0.005114816985454743, 0.010273288498673042
2011-08-17, 0.31764982362257616, 0.7965065502183406, 0.14731537119596816, 1.0081442848701283, 0.5555808967750763, 0.0027530512985225316, 0.004117391403801728, 0.010229633970909487, 0.016551409247862112
2011-08-17, 0.1454907994573969, 0.314410480349345, 0.12405504942818385, 0.6104359890039309, 0.06568444099803865, 0.00825915389556758, 0.004117391403801728, 0.014705098833182387, 0.022258791747124914
2011-07-18, 0.16168904664561068, 0.12576419213973786, 0.12405504942818385, 0.43470441641189017, 0.5747388587328378, 0.013765256492612642, 0.00274492760253447, 0.005754169108636586, 0.011985503248451872
2011-07-18, 0.06299596209056386, 0.2096069868995635, 0.12405504942818385, 0.030830100454744144, 0.11768462345481931, 0.011012205194090111, 0.0013724638012672275, 0.0025574084927273717, 0.00684885899911535
2011-07-18, 0.06299596209056386, 0.2096069868995635, 0.12405504942818385, 0.030830100454744144, 0.11768462345481931, 0.011012205194090111, 0.0013724638012672275, 0.0025574084927273717, 0.00684885899911535
2011-07-18, 0.06299596209056386, 0.2096069868995635, 0.12405504942818385, 0.030830100454744144, 0.11768462345481931, 0.011012205194090111, 0.0013724638012672275, 0.0025574084927273717, 0.00684885899911535
2011-07-18, 0.06299596209056386, 0.2096069868995635, 0.12405504942818385, 0.030830100454744144, 0.11768462345481931, 0.011012205194090111, 0.0013724638012672275, 0.0025574084927273717, 0.00684885899911535
2011-07-18, 0.06299596209056386, 0.2096069868995635, 0.12405504942818385, 0.030830100454744144, 0.11768462345481931, 0.011012205194090111, 0.0013724638012672275, 0.0025574084927273717, 0.00684885899911535
2011-07-18, 0.06299596209056386, 0.2096069868995635, 0.12405504942818385, 0.030830100454744144, 0.11768462345481931, 0.011012205194090111, 0.0013724638012672275, 0.0025574084927273717, 0.00684885899911535
2011-07-18, 0.06299596209056386, 0.2096069868995635, 0.12405504942818385, 0.030830100454744144, 0.11768462345481931, 0.011012205194090111, 0.0013724638012672275, 0.0025574084927273717, 0.00684885899911535
2011-07-18, 0.06299596209056386, 0.2096069868995635, 0.12405504942818385, 0.030830100454744144, 0.11768462345481931, 0.011012205194090111, 0.0013724638012672275, 0.0025574084927273717, 0.00684885899911535
2011-07-18, 0.06299596209056386, 0.2096069868995635, 0.12405504942818385, 0.030830100454744144, 0.11768462345481931, 0.011012205194090111, 0.0013724638012672275, 0.0025574084927273717, 0.00684885899911535
2011-07-18, 0.06299596209056386, 0.2096069868995635, 0.12405504942818385, 0.030830100454744144, 0.11768462345481931, 0.011012205194090111, 0.0013724638012672275, 0.0025574084927273717, 0.00684885899911535
2011-07-18, 0.08527364888895238, 0.23056768558951962, 0.08528784648187622, 0.12948642190992468, 0.2134744332436255, 0.00825915389556758, 0.0, 0.0025574084927273717, 0.01255624149837815
2011-07-18, 0.090097734128286, 0.33537117903930136, 0.0232603217677843, 0.16956555250109184, 0.17515850932810306, 0.005506102597045048, 0.0013724638012672426, 0.0025574084927273717, 0.00799033549896791
2011-07-18, 0.1501479561088759, 0.5240174672489085, 0.08528784648187622, 0.24355779359247745, 0.33936961182319925, 0.0, 0.0, 0.008950929724545786, 0.0
2011-07-18, 0.07983011841638418, 0.314410480349345, 0.10854816824966086, 0.08632428127328295, 0.11494777174656752, 0.005506102597045048, 0.0, 0.0031967606159092146, 0.005707382499262789
2011-06-18, 0.08222944248256546, 0.35633187772925773, 0.062027524714091925, 0.06782622100043668, 0.14778999224558684, 0.00825915389556758, 0.004117391403801728, 0.0006393521231818429, 0.01084402674859931
2011-06-18, 0.08222944248256546, 0.35633187772925773, 0.062027524714091925, 0.06782622100043668, 0.14778999224558684, 0.00825915389556758, 0.004117391403801728, 0.0006393521231818429, 0.01084402674859931
2011-06-18, 0.08222944248256546, 0.35633187772925773, 0.062027524714091925, 0.06782622100043668, 0.14778999224558684, 0.00825915389556758, 0.004117391403801728, 0.0006393521231818429, 0.01084402674859931
2011-06-18, 0.08222944248256546, 0.35633187772925773, 0.062027524714091925, 0.06782622100043668, 0.14778999224558684, 0.00825915389556758, 0.004117391403801728, 0.0006393521231818429, 0.01084402674859931
2011-06-18, 0.08222944248256546, 0.35633187772925773, 0.062027524714091925, 0.06782622100043668, 0.14778999224558684, 0.00825915389556758, 0.004117391403801728, 0.0006393521231818429, 0.01084402674859931
2011-06-18, 0.08222944248256546, 0.35633187772925773, 0.062027524714091925, 0.06782622100043668, 0.14778999224558684, 0.00825915389556758, 0.004117391403801728, 0.0006393521231818429, 0.01084402674859931
2011-06-18, 0.08222944248256546, 0.35633187772925773, 0.062027524714091925, 0.06782622100043668, 0.14778999224558684, 0.00825915389556758, 0.004117391403801728, 0.0006393521231818429, 0.01084402674859931
2011-06-18, 0.08222944248256546, 0.35633187772925773, 0.062027524714091925, 0.06782622100043668, 0.14778999224558684, 0.00825915389556758, 0.004117391403801728, 0.0006393521231818429, 0.01084402674859931
2011-06-18, 0.08222944248256546, 0.35633187772925773, 0.062027524714091925, 0.06782622100043668, 0.14778999224558684, 0.00825915389556758, 0.004117391403801728, 0.0006393521231818429, 0.01084402674859931
2011-06-18, 0.08222944248256546, 0.35633187772925773, 0.062027524714091925, 0.06782622100043668, 0.14778999224558684, 0.00825915389556758, 0.004117391403801728, 0.0006393521231818429, 0.01084402674859931
2011-06-18, 0.08222944248256546, 0.35633187772925773, 0.062027524714091925, 0.06782622100043668, 0.14778999224558684, 0.00825915389556758, 0.004117391403801728, 0.0006393521231818429, 0.01084402674859931
2011-06-18, 0.16491876423860943, 0.6707423580786025, 0.03876720294630728, 0.3514631451840813, 0.24631665374264458, 0.0, 0.0027449276025344853, 0.007032873355000272, 0.0022829529997051208
2011-06-18, 0.08642501481583689, 0.35633187772925773, 0.08528784648187622, 0.04624515068211608, 0.1724216576198513, 0.011012205194090111, 0.005489855205068971, 0.0031967606159092146, 0.011414764998525591
2011-06-18, 0.1181823647803515, 0.0419213973799127, 0.09304128707113789, 0.28671993422911896, 0.4789490489440314, 0.02202441038818023, 0.009607246608870683, 0.0006393521231818429, 0.01255624149837815
2011-06-18, 0.10381414499560192, 0.1886462882096069, 0.10854816824966086, 0.13565244200087365, 0.369474980613967, 0.011012205194090111, 0.005489855205068971, 0.0025574084927273717, 0.009131811998820471
2011-05-19, 0.0960819335722036, 0.4192139737991267, 0.10079472766039921, 0.17264856254656644, 0.05747388587328376, 0.005506102597045063, 0.0027449276025344853, 0.0, 0.01027328849867303
2011-05-19, 0.0960819335722036, 0.4192139737991267, 0.10079472766039921, 0.17264856254656644, 0.05747388587328376, 0.005506102597045063, 0.0027449276025344853, 0.0, 0.01027328849867303
2011-05-19, 0.0960819335722036, 0.4192139737991267, 0.10079472766039921, 0.17264856254656644, 0.05747388587328376, 0.005506102597045063, 0.0027449276025344853, 0.0, 0.01027328849867303
2011-05-19, 0.0960819335722036, 0.4192139737991267, 0.10079472766039921, 0.17264856254656644, 0.05747388587328376, 0.005506102597045063, 0.0027449276025344853, 0.0, 0.01027328849867303
2011-05-19, 0.0960819335722036, 0.4192139737991267, 0.10079472766039921, 0.17264856254656644, 0.05747388587328376, 0.005506102597045063, 0.0027449276025344853, 0.0, 0.01027328849867303
2011-05-19, 0.0960819335722036, 0.4192139737991267, 0.10079472766039921, 0.17264856254656644, 0.05747388587328376, 0.005506102597045063, 0.0027449276025344853, 0.0, 0.01027328849867303
2011-05-19, 0.0960819335722036, 0.4192139737991267, 0.10079472766039921, 0.17264856254656644, 0.05747388587328376, 0.005506102597045063, 0.0027449276025344853, 0.0, 0.01027328849867303
2011-05-19, 0.0960819335722036, 0.4192139737991267, 0.10079472766039921, 0.17264856254656644, 0.05747388587328376, 0.005506102597045063, 0.0027449276025344853, 0.0, 0.01027328849867303
2011-05-19, 0.0960819335722036, 0.4192139737991267, 0.10079472766039921, 0.17264856254656644, 0.05747388587328376, 0.005506102597045063, 0.0027449276025344853, 0.0, 0.01027328849867303
2011-05-19, 0.0960819335722036, 0.4192139737991267, 0.10079472766039921, 0.17264856254656644, 0.05747388587328376, 0.005506102597045063, 0.0027449276025344853, 0.0, 0.01027328849867303
2011-05-19, 0.0960819335722036, 0.4192139737991267, 0.10079472766039921, 0.17264856254656644, 0.05747388587328376, 0.005506102597045063, 0.0027449276025344853, 0.0, 0.01027328849867303
2011-05-19, 0.17626452190814199, 0.6497816593886462, 0.08528784648187622, 0.31755003468386306, 0.3448433152397026, 0.0, 0.0027449276025344853, 0.0019180563695455287, 0.00799033549896791
2011-05-19, 0.07619496470314545, 0.33537117903930136, 0.0465206435355686, 0.12023739177350169, 0.08484240295579974, 0.005506102597045063, 0.0027449276025344853, 0.0006393521231818429, 0.013697717998230712
2011-05-19, 0.10117803287173549, 0.4401746724890831, 0.08528784648187622, 0.1541505022737199, 0.10947406833006443, 0.0027530512985225316, 0.0027449276025344853, 0.0, 0.014839194498083273
2011-05-19, 0.11092854372243598, 0.16768558951965057, 0.10854816824966086, 0.25280682372890045, 0.3037905396159286, 0.01376525649261265, 0.005489855205068971, 0.010229633970909473, 0.0251124829967563
2011-04-19, 0.14926574292047853, 0.7336244541484718, 0.10854816824966053, 0.12023739177350143, 0.21347443324362525, 0.005506102597045063, 0.009607246608870683, 0.0025574084927273717, 0.0005707382499262802
2011-04-19, 0.14556915399534912, 0.62882096069869, 0.17057569296375244, 0.1788145826375151, 0.17242165761985104, 0.0, 0.00823478280760344, 0.005114816985454729, 0.0005707382499262802
2011-04-19, 0.14556915399534912, 0.62882096069869, 0.17057569296375244, 0.1788145826375151, 0.17242165761985104, 0.0, 0.00823478280760344, 0.005114816985454729, 0.0005707382499262802
2011-04-19, 0.14556915399534912, 0.62882096069869, 0.17057569296375244, 0.1788145826375151, 0.17242165761985104, 0.0, 0.00823478280760344, 0.005114816985454729, 0.0005707382499262802
2011-04-19, 0.14556915399534912, 0.62882096069869, 0.17057569296375244, 0.1788145826375151, 0.17242165761985104, 0.0, 0.00823478280760344, 0.005114816985454729, 0.0005707382499262802
2011-04-19, 0.14556915399534912, 0.62882096069869, 0.17057569296375244, 0.1788145826375151, 0.17242165761985104, 0.0, 0.00823478280760344, 0.005114816985454729, 0.0005707382499262802
2011-04-19, 0.14556915399534912, 0.62882096069869, 0.17057569296375244, 0.1788145826375151, 0.17242165761985104, 0.0, 0.00823478280760344, 0.005114816985454729, 0.0005707382499262802
2011-04-19, 0.14556915399534912, 0.62882096069869, 0.17057569296375244, 0.1788145826375151, 0.17242165761985104, 0.0, 0.00823478280760344, 0.005114816985454729, 0.0005707382499262802
2011-04-19, 0.14556915399534912, 0.62882096069869, 0.17057569296375244, 0.1788145826375151, 0.17242165761985104, 0.0, 0.00823478280760344, 0.005114816985454729, 0.0005707382499262802
2011-04-19, 0.14556915399534912, 0.62882096069869, 0.17057569296375244, 0.1788145826375151, 0.17242165761985104, 0.0, 0.00823478280760344, 0.005114816985454729, 0.0005707382499262802
2011-04-19, 0.14556915399534912, 0.62882096069869, 0.17057569296375244, 0.1788145826375151, 0.17242165761985104, 0.0, 0.00823478280760344, 0.005114816985454729, 0.0005707382499262802
2011-04-19, 0.27225286749605093, 1.1528384279475983, 0.14731537119596816, 0.5333607378670709, 0.32021164986543815, 0.00825915389556758, 0.005489855205068956, 0.0025574084927273717, 0.007990335498967922
2011-04-19, 0.08029569422827461, 0.1257641921397381, 0.007753440589261319, 0.08015826118233456, 0.3804223874469732, 0.013765256492612642, 0.01372463801267241, 0.012787042463636844, 0.00799033549896791
2011-04-19, 0.09854063786476192, 0.27248908296943253, 0.0775344058926149, 0.04316214063664148, 0.34758016694795413, 0.013765256492612642, 0.01372463801267241, 0.011508338217273158, 0.00856107374889419
2011-04-19, 0.2125619079446738, 1.0270742358078602, 0.17057569296375244, 0.3668781954114535, 0.12315832687132242, 0.0027530512985225316, 0.005489855205068956, 0.0, 0.0045659059994102415
2011-03-20, 0.07237215628060586, 0.10480349344978175, 0.007753440589261662, 0.09865632145518055, 0.342106463531451, 0.00825915389556758, 0.012352174211405184, 0.004475464862272886, 0.0005707382499262802
2011-03-20, 0.11942256065469405, 0.5659388646288209, 0.09304128707113789, 0.1541505022737199, 0.12042147516307063, 0.0027530512985225316, 0.005489855205068971, 0.009590281847727629, 0.003995167749483949
2011-03-20, 0.11942256065469405, 0.5659388646288209, 0.09304128707113789, 0.1541505022737199, 0.12042147516307063, 0.0027530512985225316, 0.005489855205068971, 0.009590281847727629, 0.003995167749483949
2011-03-20, 0.11942256065469405, 0.5659388646288209, 0.09304128707113789, 0.1541505022737199, 0.12042147516307063, 0.0027530512985225316, 0.005489855205068971, 0.009590281847727629, 0.003995167749483949
2011-03-20, 0.11942256065469405, 0.5659388646288209, 0.09304128707113789, 0.1541505022737199, 0.12042147516307063, 0.0027530512985225316, 0.005489855205068971, 0.009590281847727629, 0.003995167749483949
2011-03-20, 0.11942256065469405, 0.5659388646288209, 0.09304128707113789, 0.1541505022737199, 0.12042147516307063, 0.0027530512985225316, 0.005489855205068971, 0.009590281847727629, 0.003995167749483949
2011-03-20, 0.11942256065469405, 0.5659388646288209, 0.09304128707113789, 0.1541505022737199, 0.12042147516307063, 0.0027530512985225316, 0.005489855205068971, 0.009590281847727629, 0.003995167749483949
2011-03-20, 0.11942256065469405, 0.5659388646288209, 0.09304128707113789, 0.1541505022737199, 0.12042147516307063, 0.0027530512985225316, 0.005489855205068971, 0.009590281847727629, 0.003995167749483949
2011-03-20, 0.11942256065469405, 0.5659388646288209, 0.09304128707113789, 0.1541505022737199, 0.12042147516307063, 0.0027530512985225316, 0.005489855205068971, 0.009590281847727629, 0.003995167749483949
2011-03-20, 0.11942256065469405, 0.5659388646288209, 0.09304128707113789, 0.1541505022737199, 0.12042147516307063, 0.0027530512985225316, 0.005489855205068971, 0.009590281847727629, 0.003995167749483949
2011-03-20, 0.11942256065469405, 0.5659388646288209, 0.09304128707113789, 0.1541505022737199, 0.12042147516307063, 0.0027530512985225316, 0.005489855205068971, 0.009590281847727629, 0.003995167749483949
2011-03-20, 0.11135283518024448, 0.2096069868995635, 0.0, 0.20656167304678438, 0.4378962733202572, 0.005506102597045048, 0.009607246608870698, 0.010229633970909473, 0.011414764998525591
2011-03-20, 0.11720396252947932, 0.46113537117903924, 0.03876720294630762, 0.04624515068211581, 0.369474980613967, 0.005506102597045048, 0.009607246608870698, 0.005754169108636572, 0.0011414764998525604
2011-03-20, 0.16714769335564214, 0.8174672489082971, 0.13956193060670682, 0.36071217532050454, 0.0027368517082515496, 0.005506102597045063, 0.005489855205068971, 0.0, 0.005707382499262802
2011-03-20, 0.09292850921602064, 0.35633187772925745, 0.046520643535568944, 0.00924903013642327, 0.3174747981571866, 0.0, 0.008234782807603456, 0.004475464862272886, 0.0011414764998525604
2011-02-18, 0.07552026421676648, 0.0419213973799127, 0.24811009885636737, 0.02774709040926981, 0.2654746157004057, 0.011012205194090127, 0.005489855205068956, 0.0038361127390910575, 0.0005707382499262802
2011-02-18, 0.0982457040018428, 0.4401746724890831, 0.09304128707113754, 0.2003956529558357, 0.043789627332025766, 0.0, 0.0013724638012672426, 0.0031967606159092146, 0.003995167749483961
2011-02-18, 0.0982457040018428, 0.4401746724890831, 0.09304128707113754, 0.2003956529558357, 0.043789627332025766, 0.0, 0.0013724638012672426, 0.0031967606159092146, 0.003995167749483961
2011-02-18, 0.0982457040018428, 0.4401746724890831, 0.09304128707113754, 0.2003956529558357, 0.043789627332025766, 0.0, 0.0013724638012672426, 0.0031967606159092146, 0.003995167749483961
2011-02-18, 0.0982457040018428, 0.4401746724890831, 0.09304128707113754, 0.2003956529558357, 0.043789627332025766, 0.0, 0.0013724638012672426, 0.0031967606159092146, 0.003995167749483961
2011-02-18, 0.0982457040018428, 0.4401746724890831, 0.09304128707113754, 0.2003956529558357, 0.043789627332025766, 0.0, 0.0013724638012672426, 0.0031967606159092146, 0.003995167749483961
2011-02-18, 0.0982457040018428, 0.4401746724890831, 0.09304128707113754, 0.2003956529558357, 0.043789627332025766, 0.0, 0.0013724638012672426, 0.0031967606159092146, 0.003995167749483961
2011-02-18, 0.0982457040018428, 0.4401746724890831, 0.09304128707113754, 0.2003956529558357, 0.043789627332025766, 0.0, 0.0013724638012672426, 0.0031967606159092146, 0.003995167749483961
2011-02-18, 0.0982457040018428, 0.4401746724890831, 0.09304128707113754, 0.2003956529558357, 0.043789627332025766, 0.0, 0.0013724638012672426, 0.0031967606159092146, 0.003995167749483961
2011-02-18, 0.0982457040018428, 0.4401746724890831, 0.09304128707113754, 0.2003956529558357, 0.043789627332025766, 0.0, 0.0013724638012672426, 0.0031967606159092146, 0.003995167749483961
2011-02-18, 0.0982457040018428, 0.4401746724890831, 0.09304128707113754, 0.2003956529558357, 0.043789627332025766, 0.0, 0.0013724638012672426, 0.0031967606159092146, 0.003995167749483961
2011-02-18, 0.09141765286825687, 0.10480349344978175, 0.1783291335530141, 0.04624515068211608, 0.3886329425717283, 0.008259153895567594, 0.0013724638012672426, 0.0025574084927273717, 0.0011414764998525604
2011-02-18, 0.21652493740770037, 0.8174672489082969, 0.007753440589261662, 0.5302777278215964, 0.3503170186562059, 0.005506102597045048, 0.005489855205068971, 0.005114816985454743, 0.010273288498673042
2011-02-18, 0.11592384519670977, 0.4192139737991267, 0.06978096530335325, 0.1880636127739381, 0.24905350545089638, 0.0, 0.0, 0.0012787042463636858, 0.0
2011-02-18, 0.1390615821607937, 0.7126637554585151, 0.054274084124830264, 0.2836369241836446, 0.049263330748528865, 0.005506102597045048, 0.0013724638012672426, 0.0006393521231818429, 0.005136644249336521
2011-01-19, 0.14058053881935167, 0.04192139737991247, 0.2481100988563677, 0.24047478354700286, 0.572002007024586, 0.00825915389556758, 0.009607246608870683, 0.0025574084927273717, 0.0017122147497788405
2011-01-19, 0.10502966838798952, 0.4401746724890829, 0.13180849001744516, 0.07399224109138562, 0.18610591616110927, 0.0, 0.0027449276025344853, 0.0025574084927273717, 0.002853691249631401
2011-01-19, 0.10502966838798952, 0.4401746724890829, 0.13180849001744516, 0.07399224109138562, 0.18610591616110927, 0.0, 0.0027449276025344853, 0.0025574084927273717, 0.002853691249631401
2011-01-19, 0.10502966838798952, 0.4401746724890829, 0.13180849001744516, 0.07399224109138562, 0.18610591616110927, 0.0, 0.0027449276025344853, 0.0025574084927273717, 0.002853691249631401
2011-01-19, 0.10502966838798952, 0.4401746724890829, 0.13180849001744516, 0.07399224109138562, 0.18610591616110927, 0.0, 0.0027449276025344853, 0.0025574084927273717, 0.002853691249631401
2011-01-19, 0.10502966838798952, 0.4401746724890829, 0.13180849001744516, 0.07399224109138562, 0.18610591616110927, 0.0, 0.0027449276025344853, 0.0025574084927273717, 0.002853691249631401
2011-01-19, 0.10502966838798952, 0.4401746724890829, 0.13180849001744516, 0.07399224109138562, 0.18610591616110927, 0.0, 0.0027449276025344853, 0.0025574084927273717, 0.002853691249631401
2011-01-19, 0.10502966838798952, 0.4401746724890829, 0.13180849001744516, 0.07399224109138562, 0.18610591616110927, 0.0, 0.0027449276025344853, 0.0025574084927273717, 0.002853691249631401
2011-01-19, 0.10502966838798952, 0.4401746724890829, 0.13180849001744516, 0.07399224109138562, 0.18610591616110927, 0.0, 0.0027449276025344853, 0.0025574084927273717, 0.002853691249631401
2011-01-19, 0.10502966838798952, 0.4401746724890829, 0.13180849001744516, 0.07399224109138562, 0.18610591616110927, 0.0, 0.0027449276025344853, 0.0025574084927273717, 0.002853691249631401
2011-01-19, 0.10502966838798952, 0.4401746724890829, 0.13180849001744516, 0.07399224109138562, 0.18610591616110927, 0.0, 0.0027449276025344853, 0.0025574084927273717, 0.002853691249631401
2011-01-19, 0.13435285405418268, 0.5659388646288209, 0.13180849001744516, 0.12948642190992468, 0.23536924690963815, 0.0, 0.0027449276025344853, 0.0031967606159092146, 0.006278120749189082
2011-01-19, 0.10134866580198862, 0.5240174672489083, 0.046520643535568944, 0.06166020090948802, 0.17242165761985154, 0.0, 0.0027449276025344853, 0.0, 0.003424429499557681
2011-01-19, 0.10385760571391298, 0.4401746724890829, 0.10079472766039921, 0.0, 0.2846325776581675, 0.0, 0.004117391403801728, 0.0, 0.0011414764998525604
2011-01-19, 0.11255004496336418, 0.3982532751091702, 0.14731537119596816, 0.04624515068211581, 0.29831683619942523, 0.0027530512985225165, 0.0027449276025344853, 0.0019180563695455287, 0.002853691249631401
2010-12-20, 0.10521337848992736, 0.46113537117903924, 0.015506881178522981, 0.12023739177350169, 0.22442184007663193, 0.005506102597045063, 0.006862319006336213, 0.005754169108636572, 0.0022829529997051208
2010-12-20, 0.08794113411660986, 0.35633187772925745, 0.07753440589261457, 0.1171543817280271, 0.1368425854125804, 0.0027530512985225316, 0.006862319006336213, 0.0031967606159092146, 0.002853691249631401
2010-12-20, 0.08794113411660986, 0.35633187772925745, 0.07753440589261457, 0.1171543817280271, 0.1368425854125804, 0.0027530512985225316, 0.006862319006336213, 0.0031967606159092146, 0.002853691249631401
2010-12-20, 0.08794113411660986, 0.35633187772925745, 0.07753440589261457, 0.1171543817280271, 0.1368425854125804, 0.0027530512985225316, 0.006862319006336213, 0.0031967606159092146, 0.002853691249631401
2010-12-20, 0.08794113411660986, 0.35633187772925745, 0.07753440589261457, 0.1171543817280271, 0.1368425854125804, 0.0027530512985225316, 0.006862319006336213, 0.0031967606159092146, 0.002853691249631401
2010-12-20, 0.08794113411660986, 0.35633187772925745, 0.07753440589261457, 0.1171543817280271, 0.1368425854125804, 0.0027530512985225316, 0.006862319006336213, 0.0031967606159092146, 0.002853691249631401
2010-12-20, 0.08794113411660986, 0.35633187772925745, 0.07753440589261457, 0.1171543817280271, 0.1368425854125804, 0.0027530512985225316, 0.006862319006336213, 0.0031967606159092146, 0.002853691249631401
2010-12-20, 0.08794113411660986, 0.35633187772925745, 0.07753440589261457, 0.1171543817280271, 0.1368425854125804, 0.0027530512985225316, 0.006862319006336213, 0.0031967606159092146, 0.002853691249631401
2010-12-20, 0.08794113411660986, 0.35633187772925745, 0.07753440589261457, 0.1171543817280271, 0.1368425854125804, 0.0027530512985225316, 0.006862319006336213, 0.0031967606159092146, 0.002853691249631401
2010-12-20, 0.08794113411660986, 0.35633187772925745, 0.07753440589261457, 0.1171543817280271, 0.1368425854125804, 0.0027530512985225316, 0.006862319006336213, 0.0031967606159092146, 0.002853691249631401
2010-12-20, 0.08794113411660986, 0.35633187772925745, 0.07753440589261457, 0.1171543817280271, 0.1368425854125804, 0.0027530512985225316, 0.006862319006336213, 0.0031967606159092146, 0.002853691249631401
2010-12-20, 0.2311971594137505, 1.0270742358078602, 0.031013762357045963, 0.48094956709400627, 0.2873694293664188, 0.00825915389556758, 0.0013724638012672426, 0.0038361127390910575, 0.009702550248746764
2010-12-20, 0.107362190212582, 0.5868995633187774, 0.062027524714091925, 0.049328160727590414, 0.1477899922455871, 0.0027530512985225316, 0.004117391403801728, 0.0025574084927273717, 0.003424429499557681
2010-12-20, 0.10161589524856951, 0.0838427947598254, 0.1395619306067065, 0.16956555250109157, 0.38589609086347676, 0.013765256492612642, 0.010979710410137941, 0.007032873355000258, 0.0022829529997051208
2010-12-20, 0.13259149476419685, 0.2515283842794762, 0.1240550494281835, 0.16648254245561722, 0.4953701591935412, 0.008259153895567594, 0.006862319006336213, 0.007032873355000258, 0.0011414764998525604
2010-11-20, 0.11735906308567189, 0.62882096069869, 0.0232603217677843, 0.07707525113685995, 0.19157961957761238, 0.0, 0.004117391403801713, 0.008311577601363944, 0.005707382499262789
2010-11-20, 0.11735906308567189, 0.62882096069869, 0.0232603217677843, 0.07707525113685995, 0.19157961957761238, 0.0, 0.004117391403801713, 0.008311577601363944, 0.005707382499262789
2010-11-20, 0.11735906308567189, 0.62882096069869, 0.0232603217677843, 0.07707525113685995, 0.19157961957761238, 0.0, 0.004117391403801713, 0.008311577601363944, 0.005707382499262789
2010-11-20, 0.11735906308567189, 0.62882096069869, 0.0232603217677843, 0.07707525113685995, 0.19157961957761238, 0.0, 0.004117391403801713, 0.008311577601363944, 0.005707382499262789
2010-11-20, 0.11735906308567189, 0.62882096069869, 0.0232603217677843, 0.07707525113685995, 0.19157961957761238, 0.0, 0.004117391403801713, 0.008311577601363944, 0.005707382499262789
2010-11-20, 0.11735906308567189, 0.62882096069869, 0.0232603217677843, 0.07707525113685995, 0.19157961957761238, 0.0, 0.004117391403801713, 0.008311577601363944, 0.005707382499262789
2010-11-20, 0.11735906308567189, 0.62882096069869, 0.0232603217677843, 0.07707525113685995, 0.19157961957761238, 0.0, 0.004117391403801713, 0.008311577601363944, 0.005707382499262789
2010-11-20, 0.11735906308567189, 0.62882096069869, 0.0232603217677843, 0.07707525113685995, 0.19157961957761238, 0.0, 0.004117391403801713, 0.008311577601363944, 0.005707382499262789
2010-11-20, 0.11735906308567189, 0.62882096069869, 0.0232603217677843, 0.07707525113685995, 0.19157961957761238, 0.0, 0.004117391403801713, 0.008311577601363944, 0.005707382499262789
2010-11-20, 0.11735906308567189, 0.62882096069869, 0.0232603217677843, 0.07707525113685995, 0.19157961957761238, 0.0, 0.004117391403801713, 0.008311577601363944, 0.005707382499262789
2010-11-20, 0.11735906308567189, 0.62882096069869, 0.0232603217677843, 0.07707525113685995, 0.19157961957761238, 0.0, 0.004117391403801713, 0.008311577601363944, 0.005707382499262789
2010-11-20, 0.1956712789565091, 1.0480349344978166, 0.03876720294630762, 0.3576291652750302, 0.11221092003831597, 0.005506102597045048, 0.0013724638012672426, 0.0012787042463636858, 0.0005707382499262802
2010-11-20, 0.1426029856863834, 0.7126637554585155, 0.007753440589261319, 0.07399224109138562, 0.32842220499019276, 0.0027530512985225316, 0.005489855205068956, 0.005754169108636572, 0.003995167749483949
2010-11-20, 0.10429838657031432, 0.5240174672489083, 0.062027524714091925, 0.06474321095496234, 0.16147425078684485, 0.0027530512985225316, 0.005489855205068956, 0.007032873355000258, 0.00684885899911535
2010-11-20, 0.1444307042564141, 0.5030567685589519, 0.07753440589261457, 0.07399224109138562, 0.47621219723577984, 0.005506102597045063, 0.005489855205068956, 0.010229633970909473, 0.0034244294995576683
2010-10-21, 0.134404870479193, 0.62882096069869, 0.0, 0.04316214063664175, 0.38589609086347676, 0.0, 0.004117391403801728, 0.006393521231818415, 0.00684885899911535
2010-10-21, 0.12361947820698556, 0.5659388646288209, 0.03876720294630762, 0.12948642190992468, 0.24357980203439328, 0.0027530512985225316, 0.0027449276025344853, 0.005114816985454729, 0.0005707382499262802
2010-10-21, 0.12361947820698556, 0.5659388646288209, 0.03876720294630762, 0.12948642190992468, 0.24357980203439328, 0.0027530512985225316, 0.0027449276025344853, 0.005114816985454729, 0.0005707382499262802
2010-10-21, 0.12361947820698556, 0.5659388646288209, 0.03876720294630762, 0.12948642190992468, 0.24357980203439328, 0.0027530512985225316, 0.0027449276025344853, 0.005114816985454729, 0.0005707382499262802
2010-10-21, 0.12361947820698556, 0.5659388646288209, 0.03876720294630762, 0.12948642190992468, 0.24357980203439328, 0.0027530512985225316, 0.0027449276025344853, 0.005114816985454729, 0.0005707382499262802
2010-10-21, 0.12361947820698556, 0.5659388646288209, 0.03876720294630762, 0.12948642190992468, 0.24357980203439328, 0.0027530512985225316, 0.0027449276025344853, 0.005114816985454729, 0.0005707382499262802
2010-10-21, 0.12361947820698556, 0.5659388646288209, 0.03876720294630762, 0.12948642190992468, 0.24357980203439328, 0.0027530512985225316, 0.0027449276025344853, 0.005114816985454729, 0.0005707382499262802
2010-10-21, 0.12361947820698556, 0.5659388646288209, 0.03876720294630762, 0.12948642190992468, 0.24357980203439328, 0.0027530512985225316, 0.0027449276025344853, 0.005114816985454729, 0.0005707382499262802
2010-10-21, 0.12361947820698556, 0.5659388646288209, 0.03876720294630762, 0.12948642190992468, 0.24357980203439328, 0.0027530512985225316, 0.0027449276025344853, 0.005114816985454729, 0.0005707382499262802
2010-10-21, 0.12361947820698556, 0.5659388646288209, 0.03876720294630762, 0.12948642190992468, 0.24357980203439328, 0.0027530512985225316, 0.0027449276025344853, 0.005114816985454729, 0.0005707382499262802
2010-10-21, 0.12361947820698556, 0.5659388646288209, 0.03876720294630762, 0.12948642190992468, 0.24357980203439328, 0.0027530512985225316, 0.0027449276025344853, 0.005114816985454729, 0.0005707382499262802
2010-10-21, 0.12317847504111469, 0.691703056768559, 0.0232603217677843, 0.08324127122780861, 0.16694795420334843, 0.0027530512985225316, 0.005489855205068971, 0.005754169108636572, 0.006278120749189069
2010-10-21, 0.25171766435968373, 1.1109170305676856, 0.054274084124830604, 0.5086966575032755, 0.32021164986543815, 0.011012205194090111, 0.0, 0.0006393521231818429, 0.007990335498967922
2010-10-21, 0.12938557292380723, 0.23056768558951984, 0.054274084124830264, 0.2373917735015285, 0.47621219723577984, 0.005506102597045063, 0.006862319006336213, 0.013426394586818687, 0.01084402674859931
2010-10-21, 0.11838068085724639, 0.3982532751091702, 0.0232603217677843, 0.09865632145518083, 0.40505405282123813, 0.005506102597045063, 0.006862319006336213, 0.008311577601363944, 0.0011414764998525604
2010-09-21, 0.1140786498049723, 0.2724890829694321, 0.046520643535568944, 0.14798448218277124, 0.43515942161200566, 0.0027530512985225316, 0.00274492760253447, 0.0038361127390910575, 0.0011414764998525604
2010-09-21, 0.13457154138485544, 0.6497816593886464, 0.06978096530335325, 0.012332040181897604, 0.3174747981571866, 0.0, 0.005489855205068956, 0.010868986094091329, 0.01084402674859931
2010-09-21, 0.13457154138485544, 0.6497816593886464, 0.06978096530335325, 0.012332040181897604, 0.3174747981571866, 0.0, 0.005489855205068956, 0.010868986094091329, 0.01084402674859931
2010-09-21, 0.13457154138485544, 0.6497816593886464, 0.06978096530335325, 0.012332040181897604, 0.3174747981571866, 0.0, 0.005489855205068956, 0.010868986094091329, 0.01084402674859931
2010-09-21, 0.13457154138485544, 0.6497816593886464, 0.06978096530335325, 0.012332040181897604, 0.3174747981571866, 0.0, 0.005489855205068956, 0.010868986094091329, 0.01084402674859931
2010-09-21, 0.13457154138485544, 0.6497816593886464, 0.06978096530335325, 0.012332040181897604, 0.3174747981571866, 0.0, 0.005489855205068956, 0.010868986094091329, 0.01084402674859931
2010-09-21, 0.13457154138485544, 0.6497816593886464, 0.06978096530335325, 0.012332040181897604, 0.3174747981571866, 0.0, 0.005489855205068956, 0.010868986094091329, 0.01084402674859931
2010-09-21, 0.13457154138485544, 0.6497816593886464, 0.06978096530335325, 0.012332040181897604, 0.3174747981571866, 0.0, 0.005489855205068956, 0.010868986094091329, 0.01084402674859931
2010-09-21, 0.13457154138485544, 0.6497816593886464, 0.06978096530335325, 0.012332040181897604, 0.3174747981571866, 0.0, 0.005489855205068956, 0.010868986094091329, 0.01084402674859931
2010-09-21, 0.13457154138485544, 0.6497816593886464, 0.06978096530335325, 0.012332040181897604, 0.3174747981571866, 0.0, 0.005489855205068956, 0.010868986094091329, 0.01084402674859931
2010-09-21, 0.13457154138485544, 0.6497816593886464, 0.06978096530335325, 0.012332040181897604, 0.3174747981571866, 0.0, 0.005489855205068956, 0.010868986094091329, 0.01084402674859931
2010-09-21, 0.12095960316999267, 0.2515283842794757, 0.0232603217677843, 0.1449014721372969, 0.5254755279843087, 0.005506102597045063, 0.009607246608870683, 0.005114816985454743, 0.0022829529997051208
2010-09-21, 0.13011335252754738, 0.4192139737991265, 0.031013762357045963, 0.16031652236466856, 0.41052775623774124, 0.005506102597045063, 0.0068623190063361985, 0.005754169108636586, 0.0017122147497788405
2010-09-21, 0.13800966927162017, 0.3772925764192138, 0.0232603217677843, 0.17264856254656644, 0.509054417734799, 0.005506102597045063, 0.0068623190063361985, 0.008311577601363957, 0.0011414764998525604
2010-09-21, 0.15320763283046474, 0.8593886462882094, 0.062027524714091925, 0.22505973331963092, 0.04652647904027732, 0.005506102597045063, 0.00274492760253447, 0.014705098833182372, 0.00970255024874675
2010-08-22, 0.12366507600191957, 0.3982532751091702, 0.007753440589261319, 0.12023739177350169, 0.4461068284450123, 0.0027530512985225316, 0.00823478280760344, 0.0025574084927273717, 0.003424429499557681
2010-08-22, 0.14655035881104098, 0.7755458515283845, 0.0775344058926149, 0.04932816072759014, 0.24631665374264483, 0.0027530512985225316, 0.005489855205068956, 0.010868986094091329, 0.0045659059994102415
2010-08-22, 0.14655035881104098, 0.7755458515283845, 0.0775344058926149, 0.04932816072759014, 0.24631665374264483, 0.0027530512985225316, 0.005489855205068956, 0.010868986094091329, 0.0045659059994102415
2010-08-22, 0.14655035881104098, 0.7755458515283845, 0.0775344058926149, 0.04932816072759014, 0.24631665374264483, 0.0027530512985225316, 0.005489855205068956, 0.010868986094091329, 0.0045659059994102415
2010-08-22, 0.14655035881104098, 0.7755458515283845, 0.0775344058926149, 0.04932816072759014, 0.24631665374264483, 0.0027530512985225316, 0.005489855205068956, 0.010868986094091329, 0.0045659059994102415
2010-08-22, 0.14655035881104098, 0.7755458515283845, 0.0775344058926149, 0.04932816072759014, 0.24631665374264483, 0.0027530512985225316, 0.005489855205068956, 0.010868986094091329, 0.0045659059994102415
2010-08-22, 0.14655035881104098, 0.7755458515283845, 0.0775344058926149, 0.04932816072759014, 0.24631665374264483, 0.0027530512985225316, 0.005489855205068956, 0.010868986094091329, 0.0045659059994102415
2010-08-22, 0.14655035881104098, 0.7755458515283845, 0.0775344058926149, 0.04932816072759014, 0.24631665374264483, 0.0027530512985225316, 0.005489855205068956, 0.010868986094091329, 0.0045659059994102415
2010-08-22, 0.14655035881104098, 0.7755458515283845, 0.0775344058926149, 0.04932816072759014, 0.24631665374264483, 0.0027530512985225316, 0.005489855205068956, 0.010868986094091329, 0.0045659059994102415
2010-08-22, 0.14655035881104098, 0.7755458515283845, 0.0775344058926149, 0.04932816072759014, 0.24631665374264483, 0.0027530512985225316, 0.005489855205068956, 0.010868986094091329, 0.0045659059994102415
2010-08-22, 0.14655035881104098, 0.7755458515283845, 0.0775344058926149, 0.04932816072759014, 0.24631665374264483, 0.0027530512985225316, 0.005489855205068956, 0.010868986094091329, 0.0045659059994102415
2010-08-22, 0.11959209599594224, 0.31441048034934477, 0.015506881178522981, 0.13256943195539903, 0.4789490489440314, 0.0027530512985225316, 0.0068623190063361985, 0.005114816985454743, 0.0005707382499262802
2010-08-22, 0.16694960293037847, 0.46113537117903924, 0.031013762357045963, 0.18498060272846378, 0.6376864480226248, 0.0027530512985225316, 0.0068623190063361985, 0.008311577601363957, 0.002853691249631401
2010-08-22, 0.10035322830395732, 0.46113537117903924, 0.015506881178522981, 0.04624515068211608, 0.2627377639921546, 0.0027530512985225316, 0.009607246608870683, 0.0025574084927273717, 0.0022829529997051208
2010-08-22, 0.13901205987837742, 0.31441048034934477, 0.14731537119596816, 0.16031652236466856, 0.46800164211102524, 0.005506102597045063, 0.00823478280760344, 0.008311577601363957, 0.0
2010-07-23, 0.13053524064428434, 0.31441048034934527, 0.046520643535568944, 0.21889371322868226, 0.44610682844501187, 0.005506102597045063, 0.0068623190063361985, 0.0025574084927273717, 0.003424429499557681
2010-07-23, 0.13282823031963206, 0.691703056768559, 0.054274084124830264, 0.08324127122780861, 0.21894813666012836, 0.0, 0.004117391403801713, 0.0006393521231818429, 0.00970255024874675
2010-07-23, 0.13282823031963206, 0.691703056768559, 0.054274084124830264, 0.08324127122780861, 0.21894813666012836, 0.0, 0.004117391403801713, 0.0006393521231818429, 0.00970255024874675
2010-07-23, 0.13282823031963206, 0.691703056768559, 0.054274084124830264, 0.08324127122780861, 0.21894813666012836, 0.0, 0.004117391403801713, 0.0006393521231818429, 0.00970255024874675
2010-07-23, 0.13282823031963206, 0.691703056768559, 0.054274084124830264, 0.08324127122780861, 0.21894813666012836, 0.0, 0.004117391403801713, 0.0006393521231818429, 0.00970255024874675
2010-07-23, 0.13282823031963206, 0.691703056768559, 0.054274084124830264, 0.08324127122780861, 0.21894813666012836, 0.0, 0.004117391403801713, 0.0006393521231818429, 0.00970255024874675
2010-07-23, 0.13282823031963206, 0.691703056768559, 0.054274084124830264, 0.08324127122780861, 0.21894813666012836, 0.0, 0.004117391403801713, 0.0006393521231818429, 0.00970255024874675
2010-07-23, 0.13282823031963206, 0.691703056768559, 0.054274084124830264, 0.08324127122780861, 0.21894813666012836, 0.0, 0.004117391403801713, 0.0006393521231818429, 0.00970255024874675
2010-07-23, 0.13282823031963206, 0.691703056768559, 0.054274084124830264, 0.08324127122780861, 0.21894813666012836, 0.0, 0.004117391403801713, 0.0006393521231818429, 0.00970255024874675
2010-07-23, 0.13282823031963206, 0.691703056768559, 0.054274084124830264, 0.08324127122780861, 0.21894813666012836, 0.0, 0.004117391403801713, 0.0006393521231818429, 0.00970255024874675
2010-07-23, 0.13282823031963206, 0.691703056768559, 0.054274084124830264, 0.08324127122780861, 0.21894813666012836, 0.0, 0.004117391403801713, 0.0006393521231818429, 0.00970255024874675
2010-07-23, 0.13671433235534383, 0.37729257641921427, 0.03876720294630728, 0.2127276931377336, 0.44610682844501187, 0.008259153895567594, 0.0068623190063361985, 0.0025574084927273717, 0.0011414764998525604
2010-07-23, 0.1386814975569198, 0.2934497816593889, 0.10854816824966053, 0.2281427433651058, 0.4597910869862701, 0.005506102597045063, 0.009607246608870683, 0.0038361127390910575, 0.0005707382499262802
2010-07-23, 0.16638183009910512, 0.9851528384279475, 0.0, 0.27747090409269565, 0.038315923915522666, 0.0027530512985225165, 0.005489855205068956, 0.007032873355000258, 0.014839194498083273
2010-07-23, 0.2608935443609049, 1.1737991266375547, 0.046520643535568944, 0.5086966575032755, 0.3202116498654384, 0.013765256492612642, 0.0, 0.007032873355000258, 0.01712214749778839
2010-06-23, 0.17571120347947902, 0.37729257641921404, 0.08528784648187622, 0.40695732600262063, 0.5145281211513023, 0.008259153895567594, 0.004117391403801728, 0.006393521231818429, 0.002853691249631401
2010-06-23, 0.14753475340690536, 0.7336244541484715, 0.08528784648187622, 0.10173933150065516, 0.24905350545089663, 0.0, 0.0013724638012672426, 0.0006393521231818429, 0.00856107374889419
2010-06-23, 0.14753475340690536, 0.7336244541484715, 0.08528784648187622, 0.10173933150065516, 0.24905350545089663, 0.0, 0.0013724638012672426, 0.0006393521231818429, 0.00856107374889419
2010-06-23, 0.14753475340690536, 0.7336244541484715, 0.08528784648187622, 0.10173933150065516, 0.24905350545089663, 0.0, 0.0013724638012672426, 0.0006393521231818429, 0.00856107374889419
2010-06-23, 0.14753475340690536, 0.7336244541484715, 0.08528784648187622, 0.10173933150065516, 0.24905350545089663, 0.0, 0.0013724638012672426, 0.0006393521231818429, 0.00856107374889419
2010-06-23, 0.14753475340690536, 0.7336244541484715, 0.08528784648187622, 0.10173933150065516, 0.24905350545089663, 0.0, 0.0013724638012672426, 0.0006393521231818429, 0.00856107374889419
2010-06-23, 0.14753475340690536, 0.7336244541484715, 0.08528784648187622, 0.10173933150065516, 0.24905350545089663, 0.0, 0.0013724638012672426, 0.0006393521231818429, 0.00856107374889419
2010-06-23, 0.14753475340690536, 0.7336244541484715, 0.08528784648187622, 0.10173933150065516, 0.24905350545089663, 0.0, 0.0013724638012672426, 0.0006393521231818429, 0.00856107374889419
2010-06-23, 0.14753475340690536, 0.7336244541484715, 0.08528784648187622, 0.10173933150065516, 0.24905350545089663, 0.0, 0.0013724638012672426, 0.0006393521231818429, 0.00856107374889419
2010-06-23, 0.14753475340690536, 0.7336244541484715, 0.08528784648187622, 0.10173933150065516, 0.24905350545089663, 0.0, 0.0013724638012672426, 0.0006393521231818429, 0.00856107374889419
2010-06-23, 0.14753475340690536, 0.7336244541484715, 0.08528784648187622, 0.10173933150065516, 0.24905350545089663, 0.0, 0.0013724638012672426, 0.0006393521231818429, 0.00856107374889419
2010-06-23, 0.16088675912714115, 0.7965065502183406, 0.03876720294630762, 0.12640341186445037, 0.3202116498654384, 0.0, 0.0, 0.0006393521231818429, 0.0045659059994102415
2010-06-23, 0.16284079138685836, 0.880349344978166, 0.062027524714091925, 0.09249030136423189, 0.24905350545089663, 0.0027530512985225316, 0.0013724638012672426, 0.003836112739091043, 0.01084402674859931
2010-06-23, 0.15174599030762273, 0.9641921397379913, 0.03876720294630762, 0.0030830100454743324, 0.18336906445285797, 0.0027530512985225316, 0.0, 0.006393521231818415, 0.015409932748009551
2010-06-23, 0.1368553574823778, 0.8174672489082969, 0.08528784648187622, 0.015415050227371935, 0.15873739907859352, 0.0027530512985225316, 0.0, 0.0031967606159092003, 0.011985503248451872
2010-05-24, 0.15859279685772815, 0.7965065502183404, 0.1550688117852298, 0.0339131105002182, 0.24905350545089638, 0.0027530512985225165, 0.004117391403801728, 0.015344450956364216, 0.011985503248451872
2010-05-24, 0.17724428509236506, 0.6707423580786027, 0.23260321767784473, 0.11407137168255276, 0.383159239155225, 0.0, 0.0013724638012672426, 0.010868986094091329, 0.005136644249336521
2010-05-24, 0.17724428509236506, 0.6707423580786027, 0.23260321767784473, 0.11407137168255276, 0.383159239155225, 0.0, 0.0013724638012672426, 0.010868986094091329, 0.005136644249336521
2010-05-24, 0.17724428509236506, 0.6707423580786027, 0.23260321767784473, 0.11407137168255276, 0.383159239155225, 0.0, 0.0013724638012672426, 0.010868986094091329, 0.005136644249336521
2010-05-24, 0.17724428509236506, 0.6707423580786027, 0.23260321767784473, 0.11407137168255276, 0.383159239155225, 0.0, 0.0013724638012672426, 0.010868986094091329, 0.005136644249336521
2010-05-24, 0.17724428509236506, 0.6707423580786027, 0.23260321767784473, 0.11407137168255276, 0.383159239155225, 0.0, 0.0013724638012672426, 0.010868986094091329, 0.005136644249336521
2010-05-24, 0.17724428509236506, 0.6707423580786027, 0.23260321767784473, 0.11407137168255276, 0.383159239155225, 0.0, 0.0013724638012672426, 0.010868986094091329, 0.005136644249336521
2010-05-24, 0.17724428509236506, 0.6707423580786027, 0.23260321767784473, 0.11407137168255276, 0.383159239155225, 0.0, 0.0013724638012672426, 0.010868986094091329, 0.005136644249336521
2010-05-24, 0.17724428509236506, 0.6707423580786027, 0.23260321767784473, 0.11407137168255276, 0.383159239155225, 0.0, 0.0013724638012672426, 0.010868986094091329, 0.005136644249336521
2010-05-24, 0.17724428509236506, 0.6707423580786027, 0.23260321767784473, 0.11407137168255276, 0.383159239155225, 0.0, 0.0013724638012672426, 0.010868986094091329, 0.005136644249336521
2010-05-24, 0.17724428509236506, 0.6707423580786027, 0.23260321767784473, 0.11407137168255276, 0.383159239155225, 0.0, 0.0013724638012672426, 0.010868986094091329, 0.005136644249336521
2010-05-24, 0.1908146441922, 0.9851528384279475, 0.18608257414227578, 0.006166020090948939, 0.31473794644893477, 0.0027530512985225165, 0.0013724638012672426, 0.01598380307954606, 0.014268456248156992
2010-05-24, 0.22740808780115707, 1.0899563318777292, 0.1705756929637528, 0.3884592657297741, 0.11768462345481907, 0.011012205194090111, 0.0, 0.02045926794181896, 0.021117315247272343
2010-05-24, 0.17918842961093723, 0.9013100436681221, 0.13180849001744516, 0.012332040181897604, 0.35852757378096056, 0.0, 0.004117391403801728, 0.013426394586818687, 0.011985503248451872
2010-05-24, 0.20523931839118204, 0.7336244541484713, 0.08528784648187622, 0.2127276931377336, 0.585686265565844, 0.0027530512985225316, 0.004117391403801728, 0.010868986094091329, 0.00684885899911535
2010-04-24, 0.16384918426813036, 0.880349344978166, 0.062027524714091925, 0.06166020090948802, 0.2791588742416639, 0.0027530512985225316, 0.0013724638012672426, 0.0166231552027279, 0.00684885899911535
2010-04-24, 0.17779532527878017, 0.7965065502183406, 0.031013762357045963, 0.2127276931377336, 0.369474980613967, 0.0027530512985225316, 0.0, 0.007032873355000272, 0.002853691249631401
2010-04-24, 0.17779532527878017, 0.7965065502183406, 0.031013762357045963, 0.2127276931377336, 0.369474980613967, 0.0027530512985225316, 0.0, 0.007032873355000272, 0.002853691249631401
2010-04-24, 0.17779532527878017, 0.7965065502183406, 0.031013762357045963, 0.2127276931377336, 0.369474980613967, 0.0027530512985225316, 0.0, 0.007032873355000272, 0.002853691249631401
2010-04-24, 0.17779532527878017, 0.7965065502183406, 0.031013762357045963, 0.2127276931377336, 0.369474980613967, 0.0027530512985225316, 0.0, 0.007032873355000272, 0.002853691249631401
2010-04-24, 0.17779532527878017, 0.7965065502183406, 0.031013762357045963, 0.2127276931377336, 0.369474980613967, 0.0027530512985225316, 0.0, 0.007032873355000272, 0.002853691249631401
2010-04-24, 0.17779532527878017, 0.7965065502183406, 0.031013762357045963, 0.2127276931377336, 0.369474980613967, 0.0027530512985225316, 0.0, 0.007032873355000272, 0.002853691249631401
2010-04-24, 0.17779532527878017, 0.7965065502183406, 0.031013762357045963, 0.2127276931377336, 0.369474980613967, 0.0027530512985225316, 0.0, 0.007032873355000272, 0.002853691249631401
2010-04-24, 0.17779532527878017, 0.7965065502183406, 0.031013762357045963, 0.2127276931377336, 0.369474980613967, 0.0027530512985225316, 0.0, 0.007032873355000272, 0.002853691249631401
2010-04-24, 0.17779532527878017, 0.7965065502183406, 0.031013762357045963, 0.2127276931377336, 0.369474980613967, 0.0027530512985225316, 0.0, 0.007032873355000272, 0.002853691249631401
2010-04-24, 0.17779532527878017, 0.7965065502183406, 0.031013762357045963, 0.2127276931377336, 0.369474980613967, 0.0027530512985225316, 0.0, 0.007032873355000272, 0.002853691249631401
2010-04-24, 0.16005883928377423, 0.9851528384279478, 0.0, 0.021581070318320874, 0.24631665374264458, 0.0027530512985225165, 0.004117391403801728, 0.01598380307954606, 0.0045659059994102285
2010-04-24, 0.14661668912564788, 0.8174672489082969, 0.11630160883892253, 0.006166020090948665, 0.20526387811887062, 0.0027530512985225316, 0.0013724638012672426, 0.017901859449091586, 0.005707382499262789
2010-04-24, 0.15695240182732115, 1.0899563318777294, 0.0, 0.11098836163707815, 0.024631665374264432, 0.0027530512985225165, 0.0027449276025344853, 0.01598380307954606, 0.00856107374889419
2010-04-24, 0.14192932879989323, 0.8384279475982532, 0.062027524714091925, 0.10482234154612949, 0.10400036491356109, 0.0027530512985225316, 0.0, 0.01598380307954606, 0.007419597249041629
2010-03-25, 0.14779322450882834, 1.0270742358078602, 0.046520643535568944, 0.006166020090948939, 0.07389499612279331, 0.011012205194090111, 0.00274492760253447, 0.011508338217273158, 0.0034244294995576683
2010-03-25, 0.17617885728052415, 0.775545851528384, 0.062027524714091925, 0.22505973331963092, 0.3065273913241799, 0.011012205194090111, 0.005489855205068956, 0.01406574671000053, 0.00970255024874675
2010-03-25, 0.17617885728052415, 0.775545851528384, 0.062027524714091925, 0.22505973331963092, 0.3065273913241799, 0.011012205194090111, 0.005489855205068956, 0.01406574671000053, 0.00970255024874675
2010-03-25, 0.17617885728052415, 0.775545851528384, 0.062027524714091925, 0.22505973331963092, 0.3065273913241799, 0.011012205194090111, 0.005489855205068956, 0.01406574671000053, 0.00970255024874675
2010-03-25, 0.17617885728052415, 0.775545851528384, 0.062027524714091925, 0.22505973331963092, 0.3065273913241799, 0.011012205194090111, 0.005489855205068956, 0.01406574671000053, 0.00970255024874675
2010-03-25, 0.17617885728052415, 0.775545851528384, 0.062027524714091925, 0.22505973331963092, 0.3065273913241799, 0.011012205194090111, 0.005489855205068956, 0.01406574671000053, 0.00970255024874675
2010-03-25, 0.17617885728052415, 0.775545851528384, 0.062027524714091925, 0.22505973331963092, 0.3065273913241799, 0.011012205194090111, 0.005489855205068956, 0.01406574671000053, 0.00970255024874675
2010-03-25, 0.17617885728052415, 0.775545851528384, 0.062027524714091925, 0.22505973331963092, 0.3065273913241799, 0.011012205194090111, 0.005489855205068956, 0.01406574671000053, 0.00970255024874675
2010-03-25, 0.17617885728052415, 0.775545851528384, 0.062027524714091925, 0.22505973331963092, 0.3065273913241799, 0.011012205194090111, 0.005489855205068956, 0.01406574671000053, 0.00970255024874675
2010-03-25, 0.17617885728052415, 0.775545851528384, 0.062027524714091925, 0.22505973331963092, 0.3065273913241799, 0.011012205194090111, 0.005489855205068956, 0.01406574671000053, 0.00970255024874675
2010-03-25, 0.17617885728052415, 0.775545851528384, 0.062027524714091925, 0.22505973331963092, 0.3065273913241799, 0.011012205194090111, 0.005489855205068956, 0.01406574671000053, 0.00970255024874675
2010-03-25, 0.14066965330754203, 0.8803493449781657, 0.0775344058926149, 0.021581070318320874, 0.12863203028782527, 0.008259153895567594, 0.00274492760253447, 0.005114816985454743, 0.0011414764998525604
2010-03-25, 0.1604519819432684, 1.0270742358078602, 0.03876720294630728, 0.12332040181897604, 0.07389499612279354, 0.011012205194090111, 0.0013724638012672426, 0.007032873355000258, 0.0011414764998525604
2010-03-25, 0.1346639480652436, 0.8174672489082967, 0.023260321767784645, 0.08632428127328322, 0.12042147516307063, 0.008259153895567594, 0.0013724638012672426, 0.012787042463636844, 0.007419597249041629
2010-03-25, 0.15779896776537988, 0.9013100436681221, 0.0232603217677843, 0.07707525113685995, 0.2271586917848835, 0.008259153895567594, 0.004117391403801713, 0.011508338217273158, 0.00970255024874675
2010-02-23, 0.20518670553249127, 1.0899563318777292, 0.24035665826710603, 0.07090923104591129, 0.21347443324362575, 0.011012205194090111, 0.004117391403801728, 0.0076722254781821, 0.003995167749483961
2010-02-23, 0.15300194988017968, 0.6497816593886464, 0.11630160883892218, 0.08940729131875728, 0.342106463531451, 0.013765256492612642, 0.0027449276025344853, 0.0019180563695455287, 0.00799033549896791
2010-02-23, 0.15300194988017968, 0.6497816593886464, 0.11630160883892218, 0.08940729131875728, 0.342106463531451, 0.013765256492612642, 0.0027449276025344853, 0.0019180563695455287, 0.00799033549896791
2010-02-23, 0.15300194988017968, 0.6497816593886464, 0.11630160883892218, 0.08940729131875728, 0.342106463531451, 0.013765256492612642, 0.0027449276025344853, 0.0019180563695455287, 0.00799033549896791
2010-02-23, 0.15300194988017968, 0.6497816593886464, 0.11630160883892218, 0.08940729131875728, 0.342106463531451, 0.013765256492612642, 0.0027449276025344853, 0.0019180563695455287, 0.00799033549896791
2010-02-23, 0.15300194988017968, 0.6497816593886464, 0.11630160883892218, 0.08940729131875728, 0.342106463531451, 0.013765256492612642, 0.0027449276025344853, 0.0019180563695455287, 0.00799033549896791
2010-02-23, 0.15300194988017968, 0.6497816593886464, 0.11630160883892218, 0.08940729131875728, 0.342106463531451, 0.013765256492612642, 0.0027449276025344853, 0.0019180563695455287, 0.00799033549896791
2010-02-23, 0.15300194988017968, 0.6497816593886464, 0.11630160883892218, 0.08940729131875728, 0.342106463531451, 0.013765256492612642, 0.0027449276025344853, 0.0019180563695455287, 0.00799033549896791
2010-02-23, 0.15300194988017968, 0.6497816593886464, 0.11630160883892218, 0.08940729131875728, 0.342106463531451, 0.013765256492612642, 0.0027449276025344853, 0.0019180563695455287, 0.00799033549896791
2010-02-23, 0.15300194988017968, 0.6497816593886464, 0.11630160883892218, 0.08940729131875728, 0.342106463531451, 0.013765256492612642, 0.0027449276025344853, 0.0019180563695455287, 0.00799033549896791
2010-02-23, 0.15300194988017968, 0.6497816593886464, 0.11630160883892218, 0.08940729131875728, 0.342106463531451, 0.013765256492612642, 0.0027449276025344853, 0.0019180563695455287, 0.00799033549896791
2010-02-23, 0.16009264477614357, 0.6078602620087337, 0.13180849001744516, 0.07399224109138562, 0.44063312502850926, 0.013765256492612642, 0.005489855205068971, 0.0031967606159092146, 0.003995167749483961
2010-02-23, 0.18623934965596198, 0.02096069868995635, 0.03876720294630762, 0.45320247668473673, 0.9141084705560376, 0.027530512985225283, 0.0013724638012672426, 0.013426394586818687, 0.020546576997346074
2010-02-23, 0.2674404755594632, 1.3205240174672486, 0.20934289591006008, 0.41312334609356927, 0.16147425078684485, 0.0, 0.006862319006336213, 0.012787042463636844, 0.015409932748009551
2010-02-23, 0.21986609386021458, 0.48209606986899556, 0.16282225237449113, 0.36071217532050454, 0.7033708890206634, 0.016518307791135174, 0.004117391403801728, 0.007032873355000272, 0.0222587917471249
2010-01-24, 0.13781995097690164, 0.48209606986899556, 0.09304128707113754, 0.11098836163707815, 0.37221183232221905, 0.011012205194090111, 0.0068623190063361985, 0.011508338217273158, 0.014839194498083273
2010-01-24, 0.13781995097690164, 0.48209606986899556, 0.09304128707113754, 0.11098836163707815, 0.37221183232221905, 0.011012205194090111, 0.0068623190063361985, 0.011508338217273158, 0.014839194498083273
2010-01-24, 0.13781995097690164, 0.48209606986899556, 0.09304128707113754, 0.11098836163707815, 0.37221183232221905, 0.011012205194090111, 0.0068623190063361985, 0.011508338217273158, 0.014839194498083273
2010-01-24, 0.13781995097690164, 0.48209606986899556, 0.09304128707113754, 0.11098836163707815, 0.37221183232221905, 0.011012205194090111, 0.0068623190063361985, 0.011508338217273158, 0.014839194498083273
2010-01-24, 0.13781995097690164, 0.48209606986899556, 0.09304128707113754, 0.11098836163707815, 0.37221183232221905, 0.011012205194090111, 0.0068623190063361985, 0.011508338217273158, 0.014839194498083273
2010-01-24, 0.13781995097690164, 0.48209606986899556, 0.09304128707113754, 0.11098836163707815, 0.37221183232221905, 0.011012205194090111, 0.0068623190063361985, 0.011508338217273158, 0.014839194498083273
2010-01-24, 0.13781995097690164, 0.48209606986899556, 0.09304128707113754, 0.11098836163707815, 0.37221183232221905, 0.011012205194090111, 0.0068623190063361985, 0.011508338217273158, 0.014839194498083273
2010-01-24, 0.13781995097690164, 0.48209606986899556, 0.09304128707113754, 0.11098836163707815, 0.37221183232221905, 0.011012205194090111, 0.0068623190063361985, 0.011508338217273158, 0.014839194498083273
2010-01-24, 0.13781995097690164, 0.48209606986899556, 0.09304128707113754, 0.11098836163707815, 0.37221183232221905, 0.011012205194090111, 0.0068623190063361985, 0.011508338217273158, 0.014839194498083273
2010-01-24, 0.13781995097690164, 0.48209606986899556, 0.09304128707113754, 0.11098836163707815, 0.37221183232221905, 0.011012205194090111, 0.0068623190063361985, 0.011508338217273158, 0.014839194498083273
2010-01-24, 0.13781995097690164, 0.48209606986899556, 0.09304128707113754, 0.11098836163707815, 0.37221183232221905, 0.011012205194090111, 0.0068623190063361985, 0.011508338217273158, 0.014839194498083273
2010-01-24, 0.2400891064027449, 1.2366812227074238, 0.1240550494281835, 0.4007913059116714, 0.13957943712083196, 0.0027530512985225316, 0.01372463801267241, 0.0025574084927273717, 0.0005707382499262802
2010-01-24, 0.1769824174443474, 0.62882096069869, 0.1705756929637528, 0.13565244200087337, 0.42968571819550255, 0.011012205194090111, 0.010979710410137926, 0.010868986094091315, 0.018263623997640952
2010-01-24, 0.17189281698684766, 0.7126637554585155, 0.10079472766039956, 0.052411170773064744, 0.4652647904027737, 0.00825915389556758, 0.009607246608870683, 0.009590281847727644, 0.016551409247862126
2010-01-24, 0.17335688160019122, 0.2934497816593884, 0.03876720294630728, 0.2373917735015285, 0.7498973680609407, 0.016518307791135174, 0.004117391403801728, 0.02045926794181896, 0.026253959496608876
2009-12-25, 0.27009934655216417, 1.0480349344978166, 0.18608257414227578, 0.16648254245561722, 0.7061077407289149, 0.011012205194090111, 0.008234782807603456, 0.010868986094091315, 0.023971006496903754
2009-12-25, 0.27009934655216417, 1.0480349344978166, 0.18608257414227578, 0.16648254245561722, 0.7061077407289149, 0.011012205194090111, 0.008234782807603456, 0.010868986094091315, 0.023971006496903754
2009-12-25, 0.27009934655216417, 1.0480349344978166, 0.18608257414227578, 0.16648254245561722, 0.7061077407289149, 0.011012205194090111, 0.008234782807603456, 0.010868986094091315, 0.023971006496903754
2009-12-25, 0.27009934655216417, 1.0480349344978166, 0.18608257414227578, 0.16648254245561722, 0.7061077407289149, 0.011012205194090111, 0.008234782807603456, 0.010868986094091315, 0.023971006496903754
2009-12-25, 0.27009934655216417, 1.0480349344978166, 0.18608257414227578, 0.16648254245561722, 0.7061077407289149, 0.011012205194090111, 0.008234782807603456, 0.010868986094091315, 0.023971006496903754
2009-12-25, 0.27009934655216417, 1.0480349344978166, 0.18608257414227578, 0.16648254245561722, 0.7061077407289149, 0.011012205194090111, 0.008234782807603456, 0.010868986094091315, 0.023971006496903754
2009-12-25, 0.27009934655216417, 1.0480349344978166, 0.18608257414227578, 0.16648254245561722, 0.7061077407289149, 0.011012205194090111, 0.008234782807603456, 0.010868986094091315, 0.023971006496903754
2009-12-25, 0.27009934655216417, 1.0480349344978166, 0.18608257414227578, 0.16648254245561722, 0.7061077407289149, 0.011012205194090111, 0.008234782807603456, 0.010868986094091315, 0.023971006496903754
2009-12-25, 0.27009934655216417, 1.0480349344978166, 0.18608257414227578, 0.16648254245561722, 0.7061077407289149, 0.011012205194090111, 0.008234782807603456, 0.010868986094091315, 0.023971006496903754
2009-12-25, 0.27009934655216417, 1.0480349344978166, 0.18608257414227578, 0.16648254245561722, 0.7061077407289149, 0.011012205194090111, 0.008234782807603456, 0.010868986094091315, 0.023971006496903754
2009-12-25, 0.27009934655216417, 1.0480349344978166, 0.18608257414227578, 0.16648254245561722, 0.7061077407289149, 0.011012205194090111, 0.008234782807603456, 0.010868986094091315, 0.023971006496903754
2009-12-25, 0.24938473027206973, 1.3624454148471614, 0.13956193060670719, 0.34221411504765853, 0.12315832687132265, 0.005506102597045048, 0.012352174211405184, 0.0012787042463636858, 0.008561073748894203
2009-12-25, 0.24571954457707199, 1.2995633187772924, 0.20934289591006042, 0.2836369241836446, 0.1477899922455871, 0.00825915389556758, 0.009607246608870698, 0.0012787042463636858, 0.006278120749189082
2009-12-25, 0.25929664023792626, 1.404366812227074, 0.2403566582671064, 0.15106749222824556, 0.26000091228390304, 0.005506102597045048, 0.008234782807603456, 0.0025574084927273717, 0.0022829529997051208
2009-12-25, 0.259088695448074, 1.4462882096069867, 0.20934289591006042, 0.23122575341057985, 0.16694795420334843, 0.0, 0.012352174211405184, 0.0025574084927273717, 0.003995167749483961
2009-11-25, 0.2822558977861617, 1.6349344978165938, 0.11630160883892253, 0.09865632145518083, 0.3530538703644577, 0.016518307791135188, 0.02195942082027585, 0.0166231552027279, 0.0
2009-11-25, 0.23057588209960092, 1.2157205240174673, 0.12405504942818385, 0.43470441641189017, 0.013684258541257748, 0.022024410388180236, 0.017842029416474125, 0.010868986094091315, 0.005707382499262802
2009-11-25, 0.23057588209960092, 1.2157205240174673, 0.12405504942818385, 0.43470441641189017, 0.013684258541257748, 0.022024410388180236, 0.017842029416474125, 0.010868986094091315, 0.005707382499262802
2009-11-25, 0.23057588209960092, 1.2157205240174673, 0.12405504942818385, 0.43470441641189017, 0.013684258541257748, 0.022024410388180236, 0.017842029416474125, 0.010868986094091315, 0.005707382499262802
2009-11-25, 0.23057588209960092, 1.2157205240174673, 0.12405504942818385, 0.43470441641189017, 0.013684258541257748, 0.022024410388180236, 0.017842029416474125, 0.010868986094091315, 0.005707382499262802
2009-11-25, 0.23057588209960092, 1.2157205240174673, 0.12405504942818385, 0.43470441641189017, 0.013684258541257748, 0.022024410388180236, 0.017842029416474125, 0.010868986094091315, 0.005707382499262802
2009-11-25, 0.23057588209960092, 1.2157205240174673, 0.12405504942818385, 0.43470441641189017, 0.013684258541257748, 0.022024410388180236, 0.017842029416474125, 0.010868986094091315, 0.005707382499262802
2009-11-25, 0.23057588209960092, 1.2157205240174673, 0.12405504942818385, 0.43470441641189017, 0.013684258541257748, 0.022024410388180236, 0.017842029416474125, 0.010868986094091315, 0.005707382499262802
2009-11-25, 0.23057588209960092, 1.2157205240174673, 0.12405504942818385, 0.43470441641189017, 0.013684258541257748, 0.022024410388180236, 0.017842029416474125, 0.010868986094091315, 0.005707382499262802
2009-11-25, 0.23057588209960092, 1.2157205240174673, 0.12405504942818385, 0.43470441641189017, 0.013684258541257748, 0.022024410388180236, 0.017842029416474125, 0.010868986094091315, 0.005707382499262802
2009-11-25, 0.23057588209960092, 1.2157205240174673, 0.12405504942818385, 0.43470441641189017, 0.013684258541257748, 0.022024410388180236, 0.017842029416474125, 0.010868986094091315, 0.005707382499262802
2009-11-25, 0.24584141281842434, 1.0480349344978166, 0.19383601473153708, 0.5241117077306474, 0.1368425854125804, 0.022024410388180236, 0.017842029416474125, 0.0006393521231818287, 0.023400268246977475
2009-11-25, 0.3185264279628828, 1.1109170305676856, 0.26361698003489104, 0.7245073606864835, 0.3804223874469732, 0.0275305129852253, 0.016469565615206898, 0.0019180563695455144, 0.022829529997051182
2009-11-25, 0.29269971498717773, 0.37729257641921427, 0.3566582671060282, 0.8385787323690359, 0.6896866304794051, 0.03854271817931541, 0.009607246608870683, 0.0038361127390910575, 0.027395435996461423
2009-11-25, 0.36007441491861125, 2.137991266375546, 0.11630160883892253, 0.04007913059116687, 0.5227386762760572, 0.013765256492612657, 0.019214493217741366, 0.023656028557728158, 0.006848858999115362
2009-10-26, 0.1980353672109037, 1.0899563318777292, 0.08528784648187657, 0.08940729131875783, 0.24631665374264433, 0.03303661558227035, 0.015097101813939653, 0.0006393521231818571, 0.024541744746830036
2009-10-26, 0.1980353672109037, 1.0899563318777292, 0.08528784648187657, 0.08940729131875783, 0.24631665374264433, 0.03303661558227035, 0.015097101813939653, 0.0006393521231818571, 0.024541744746830036
2009-10-26, 0.1980353672109037, 1.0899563318777292, 0.08528784648187657, 0.08940729131875783, 0.24631665374264433, 0.03303661558227035, 0.015097101813939653, 0.0006393521231818571, 0.024541744746830036
2009-10-26, 0.1980353672109037, 1.0899563318777292, 0.08528784648187657, 0.08940729131875783, 0.24631665374264433, 0.03303661558227035, 0.015097101813939653, 0.0006393521231818571, 0.024541744746830036
2009-10-26, 0.1980353672109037, 1.0899563318777292, 0.08528784648187657, 0.08940729131875783, 0.24631665374264433, 0.03303661558227035, 0.015097101813939653, 0.0006393521231818571, 0.024541744746830036
2009-10-26, 0.1980353672109037, 1.0899563318777292, 0.08528784648187657, 0.08940729131875783, 0.24631665374264433, 0.03303661558227035, 0.015097101813939653, 0.0006393521231818571, 0.024541744746830036
2009-10-26, 0.1980353672109037, 1.0899563318777292, 0.08528784648187657, 0.08940729131875783, 0.24631665374264433, 0.03303661558227035, 0.015097101813939653, 0.0006393521231818571, 0.024541744746830036
2009-10-26, 0.1980353672109037, 1.0899563318777292, 0.08528784648187657, 0.08940729131875783, 0.24631665374264433, 0.03303661558227035, 0.015097101813939653, 0.0006393521231818571, 0.024541744746830036
2009-10-26, 0.1980353672109037, 1.0899563318777292, 0.08528784648187657, 0.08940729131875783, 0.24631665374264433, 0.03303661558227035, 0.015097101813939653, 0.0006393521231818571, 0.024541744746830036
2009-10-26, 0.1980353672109037, 1.0899563318777292, 0.08528784648187657, 0.08940729131875783, 0.24631665374264433, 0.03303661558227035, 0.015097101813939653, 0.0006393521231818571, 0.024541744746830036
2009-10-26, 0.1980353672109037, 1.0899563318777292, 0.08528784648187657, 0.08940729131875783, 0.24631665374264433, 0.03303661558227035, 0.015097101813939653, 0.0006393521231818571, 0.024541744746830036
2009-10-26, 0.32839697638380927, 1.9283842794759822, 0.08528784648187657, 0.31755003468386334, 0.24905350545089638, 0.011012205194090095, 0.02195942082027587, 0.012787042463636844, 0.0011414764998525604
2009-10-26, 0.16392387090732047, 1.0061135371179037, 0.007753440589261319, 0.0, 0.22442184007663193, 0.03303661558227035, 0.010979710410137926, 0.005114816985454743, 0.023971006496903743
2009-10-26, 0.2171754501698232, 0.7755458515283845, 0.1395619306067065, 0.20347866300130976, 0.5309492314008123, 0.030283564283747816, 0.015097101813939653, 0.007672225478182115, 0.03481503324550305
2009-10-26, 0.25599385773418865, 0.10480349344978175, 0.28687730180267496, 0.6289340492767774, 0.8894768051817726, 0.03854271817931539, 0.012352174211405168, 0.03388566252863766, 0.05307865724314402
2009-09-26, 0.27394119535589817, 0.8803493449781657, 0.41093235123085814, 0.3946252858207233, 0.41600145965424434, 0.01927135908965769, 0.01646956561520688, 0.01278704246363683, 0.04109315399469215
2009-09-26, 0.21431417553980903, 0.9013100436681225, 0.4264392324093815, 0.13873545204634768, 0.1423162888290835, 0.01651830779113516, 0.02058695701900861, 0.022377324311364487, 0.046229798244028654
2009-09-26, 0.21431417553980903, 0.9013100436681225, 0.4264392324093815, 0.13873545204634768, 0.1423162888290835, 0.01651830779113516, 0.02058695701900861, 0.022377324311364487, 0.046229798244028654
2009-09-26, 0.21431417553980903, 0.9013100436681225, 0.4264392324093815, 0.13873545204634768, 0.1423162888290835, 0.01651830779113516, 0.02058695701900861, 0.022377324311364487, 0.046229798244028654
2009-09-26, 0.21431417553980903, 0.9013100436681225, 0.4264392324093815, 0.13873545204634768, 0.1423162888290835, 0.01651830779113516, 0.02058695701900861, 0.022377324311364487, 0.046229798244028654
2009-09-26, 0.21431417553980903, 0.9013100436681225, 0.4264392324093815, 0.13873545204634768, 0.1423162888290835, 0.01651830779113516, 0.02058695701900861, 0.022377324311364487, 0.046229798244028654
2009-09-26, 0.21431417553980903, 0.9013100436681225, 0.4264392324093815, 0.13873545204634768, 0.1423162888290835, 0.01651830779113516, 0.02058695701900861, 0.022377324311364487, 0.046229798244028654
2009-09-26, 0.21431417553980903, 0.9013100436681225, 0.4264392324093815, 0.13873545204634768, 0.1423162888290835, 0.01651830779113516, 0.02058695701900861, 0.022377324311364487, 0.046229798244028654
2009-09-26, 0.21431417553980903, 0.9013100436681225, 0.4264392324093815, 0.13873545204634768, 0.1423162888290835, 0.01651830779113516, 0.02058695701900861, 0.022377324311364487, 0.046229798244028654
2009-09-26, 0.21431417553980903, 0.9013100436681225, 0.4264392324093815, 0.13873545204634768, 0.1423162888290835, 0.01651830779113516, 0.02058695701900861, 0.022377324311364487, 0.046229798244028654
2009-09-26, 0.21431417553980903, 0.9013100436681225, 0.4264392324093815, 0.13873545204634768, 0.1423162888290835, 0.01651830779113516, 0.02058695701900861, 0.022377324311364487, 0.046229798244028654
2009-09-26, 0.38357191302442406, 2.0331877729257646, 0.2946307423919363, 0.26822187395627295, 0.42421201477899945, 0.011012205194090127, 0.02607681222407758, 0.0089509297245458, 0.0022829529997051208
2009-09-26, 0.26406383724288285, 1.3624454148471614, 0.20934289591005972, 0.2898029442745938, 0.15600054737034175, 0.013765256492612657, 0.019214493217741366, 0.013426394586818687, 0.048512751243733776
2009-09-26, 0.3038054828531653, 0.020960698689955884, 0.5970149253731339, 0.8354957223235622, 0.8183186607672304, 0.03303661558227035, 0.012352174211405184, 0.039639831637274234, 0.07362523424049008
2009-09-26, 0.22166931364971726, 0.691703056768559, 0.6125218065516572, 0.191146622819413, 0.19705332299411546, 0.01651830779113516, 0.01509710181393964, 0.01278704246363683, 0.036527247995281904
2009-08-27, 0.23959553891548577, 0.8174672489082963, 0.4729598759449501, 0.30213498445649006, 0.1943164712858644, 0.016518307791135188, 0.017842029416474125, 0.03388566252863766, 0.061639730992038205
2009-08-27, 0.23959553891548577, 0.8174672489082963, 0.4729598759449501, 0.30213498445649006, 0.1943164712858644, 0.016518307791135188, 0.017842029416474125, 0.03388566252863766, 0.061639730992038205
2009-08-27, 0.23959553891548577, 0.8174672489082963, 0.4729598759449501, 0.30213498445649006, 0.1943164712858644, 0.016518307791135188, 0.017842029416474125, 0.03388566252863766, 0.061639730992038205
2009-08-27, 0.23959553891548577, 0.8174672489082963, 0.4729598759449501, 0.30213498445649006, 0.1943164712858644, 0.016518307791135188, 0.017842029416474125, 0.03388566252863766, 0.061639730992038205
2009-08-27, 0.23959553891548577, 0.8174672489082963, 0.4729598759449501, 0.30213498445649006, 0.1943164712858644, 0.016518307791135188, 0.017842029416474125, 0.03388566252863766, 0.061639730992038205
2009-08-27, 0.23959553891548577, 0.8174672489082963, 0.4729598759449501, 0.30213498445649006, 0.1943164712858644, 0.016518307791135188, 0.017842029416474125, 0.03388566252863766, 0.061639730992038205
2009-08-27, 0.23959553891548577, 0.8174672489082963, 0.4729598759449501, 0.30213498445649006, 0.1943164712858644, 0.016518307791135188, 0.017842029416474125, 0.03388566252863766, 0.061639730992038205
2009-08-27, 0.23959553891548577, 0.8174672489082963, 0.4729598759449501, 0.30213498445649006, 0.1943164712858644, 0.016518307791135188, 0.017842029416474125, 0.03388566252863766, 0.061639730992038205
2009-08-27, 0.23959553891548577, 0.8174672489082963, 0.4729598759449501, 0.30213498445649006, 0.1943164712858644, 0.016518307791135188, 0.017842029416474125, 0.03388566252863766, 0.061639730992038205
2009-08-27, 0.23959553891548577, 0.8174672489082963, 0.4729598759449501, 0.30213498445649006, 0.1943164712858644, 0.016518307791135188, 0.017842029416474125, 0.03388566252863766, 0.061639730992038205
2009-08-27, 0.23959553891548577, 0.8174672489082963, 0.4729598759449501, 0.30213498445649006, 0.1943164712858644, 0.016518307791135188, 0.017842029416474125, 0.03388566252863766, 0.061639730992038205
2009-08-27, 0.32486104712786895, 1.1109170305676852, 0.5194805194805193, 0.6443490995041491, 0.2682114674086577, 0.008259153895567594, 0.024704348422810336, 0.0012787042463636858, 0.02168805349719862
2009-08-27, 0.21389080799906904, 0.33537117903930064, 0.6357821283194413, 0.4470364565937875, 0.1888427678693613, 0.016518307791135188, 0.02195942082027585, 0.021098620065000802, 0.04451758349424983
2009-08-27, 0.22345075332559, 0.5659388646288209, 0.4729598759449501, 0.21889371322868142, 0.4214751630707474, 0.016518307791135188, 0.02058695701900861, 0.02557408492727369, 0.045659059994102386
2009-08-27, 0.3101729831570425, 0.5868995633187778, 0.8916456677650703, 0.15723351231919477, 0.7006340373124123, 0.03578966688079288, 0.013724638012672397, 0.0332463104054558, 0.062210469241964474
2009-07-28, 0.2511354030335905, 0.7336244541484709, 0.6125218065516572, 0.11407137168255194, 0.41600145965424434, 0.027530512985225283, 0.019214493217741366, 0.03132825403591026, 0.054790871992922846
2009-07-28, 0.2304317396586173, 0.6707423580786023, 0.6125218065516572, 0.36996120545692757, 0.08757925466405153, 0.01927135908965772, 0.023331884621543095, 0.022377324311364487, 0.03766872449513444
2009-07-28, 0.2304317396586173, 0.6707423580786023, 0.6125218065516572, 0.36996120545692757, 0.08757925466405153, 0.01927135908965772, 0.023331884621543095, 0.022377324311364487, 0.03766872449513444
2009-07-28, 0.2304317396586173, 0.6707423580786023, 0.6125218065516572, 0.36996120545692757, 0.08757925466405153, 0.01927135908965772, 0.023331884621543095, 0.022377324311364487, 0.03766872449513444
2009-07-28, 0.2304317396586173, 0.6707423580786023, 0.6125218065516572, 0.36996120545692757, 0.08757925466405153, 0.01927135908965772, 0.023331884621543095, 0.022377324311364487, 0.03766872449513444
2009-07-28, 0.2304317396586173, 0.6707423580786023, 0.6125218065516572, 0.36996120545692757, 0.08757925466405153, 0.01927135908965772, 0.023331884621543095, 0.022377324311364487, 0.03766872449513444
2009-07-28, 0.2304317396586173, 0.6707423580786023, 0.6125218065516572, 0.36996120545692757, 0.08757925466405153, 0.01927135908965772, 0.023331884621543095, 0.022377324311364487, 0.03766872449513444
2009-07-28, 0.2304317396586173, 0.6707423580786023, 0.6125218065516572, 0.36996120545692757, 0.08757925466405153, 0.01927135908965772, 0.023331884621543095, 0.022377324311364487, 0.03766872449513444
2009-07-28, 0.2304317396586173, 0.6707423580786023, 0.6125218065516572, 0.36996120545692757, 0.08757925466405153, 0.01927135908965772, 0.023331884621543095, 0.022377324311364487, 0.03766872449513444
2009-07-28, 0.2304317396586173, 0.6707423580786023, 0.6125218065516572, 0.36996120545692757, 0.08757925466405153, 0.01927135908965772, 0.023331884621543095, 0.022377324311364487, 0.03766872449513444
2009-07-28, 0.2304317396586173, 0.6707423580786023, 0.6125218065516572, 0.36996120545692757, 0.08757925466405153, 0.01927135908965772, 0.023331884621543095, 0.022377324311364487, 0.03766872449513444
2009-07-28, 0.39165124732159856, 1.5930131004366808, 0.35665826710602755, 0.7800015415050225, 0.35852757378096034, 0.005506102597045063, 0.02744927602534482, 0.0006393521231818287, 0.011414764998525577
2009-07-28, 0.2332902245987638, 1.0061135371179037, 0.4419461135879041, 0.32988207486576065, 0.016421110249509298, 0.013765256492612657, 0.023331884621543095, 0.005754169108636572, 0.029107650746240252
2009-07-28, 0.26622835681478246, 0.272489082969433, 0.7520837371583637, 0.1849806027284643, 0.7444236646444381, 0.030283564283747816, 0.02058695701900861, 0.05306622622409292, 0.07191301949071123
2009-07-28, 0.22179974314414802, 0.6707423580786023, 0.5815080441946113, 0.36687819541145267, 0.06021073758153507, 0.024777461686702754, 0.01646956561520688, 0.012147690340455, 0.04166389224461842
2009-06-28, 0.14818784923075431, 0.23056768558951937, 0.3954254700523355, 0.2928859543200676, 0.1423162888290835, 0.016518307791135188, 0.02607681222407758, 0.027492141296819202, 0.05422013374299655
2009-06-28, 0.16763925782667635, 0.0419213973799127, 0.5272339600697806, 0.3267990648202858, 0.3202116498654386, 0.022024410388180253, 0.024704348422810336, 0.026852789173637374, 0.051366442493365166
2009-06-28, 0.16763925782667635, 0.0419213973799127, 0.5272339600697806, 0.3267990648202858, 0.3202116498654386, 0.022024410388180253, 0.024704348422810336, 0.026852789173637374, 0.051366442493365166
2009-06-28, 0.16763925782667635, 0.0419213973799127, 0.5272339600697806, 0.3267990648202858, 0.3202116498654386, 0.022024410388180253, 0.024704348422810336, 0.026852789173637374, 0.051366442493365166
2009-06-28, 0.16763925782667635, 0.0419213973799127, 0.5272339600697806, 0.3267990648202858, 0.3202116498654386, 0.022024410388180253, 0.024704348422810336, 0.026852789173637374, 0.051366442493365166
2009-06-28, 0.16763925782667635, 0.0419213973799127, 0.5272339600697806, 0.3267990648202858, 0.3202116498654386, 0.022024410388180253, 0.024704348422810336, 0.026852789173637374, 0.051366442493365166
2009-06-28, 0.16763925782667635, 0.0419213973799127, 0.5272339600697806, 0.3267990648202858, 0.3202116498654386, 0.022024410388180253, 0.024704348422810336, 0.026852789173637374, 0.051366442493365166
2009-06-28, 0.16763925782667635, 0.0419213973799127, 0.5272339600697806, 0.3267990648202858, 0.3202116498654386, 0.022024410388180253, 0.024704348422810336, 0.026852789173637374, 0.051366442493365166
2009-06-28, 0.16763925782667635, 0.0419213973799127, 0.5272339600697806, 0.3267990648202858, 0.3202116498654386, 0.022024410388180253, 0.024704348422810336, 0.026852789173637374, 0.051366442493365166
2009-06-28, 0.16763925782667635, 0.0419213973799127, 0.5272339600697806, 0.3267990648202858, 0.3202116498654386, 0.022024410388180253, 0.024704348422810336, 0.026852789173637374, 0.051366442493365166
2009-06-28, 0.16763925782667635, 0.0419213973799127, 0.5272339600697806, 0.3267990648202858, 0.3202116498654386, 0.022024410388180253, 0.024704348422810336, 0.026852789173637374, 0.051366442493365166
2009-06-28, 0.1263605608611728, 0.06288209606986858, 0.4496995541771661, 0.35146314518408045, 0.030105368790767535, 0.011012205194090127, 0.03156666742914655, 0.026213437050455517, 0.04794201299380749
2009-06-28, 0.19122022504396413, 0.23056768558951937, 0.5815080441946113, 0.49019859723042924, 0.13410573370432935, 0.022024410388180253, 0.017842029416474125, 0.014705098833182372, 0.038810200994987
2009-06-28, 0.22164845389837112, 0.33537117903930064, 0.6978096530335332, 0.4470364565937875, 0.18336906445285822, 0.027530512985225315, 0.02058695701900861, 0.019819915818637117, 0.04166389224461842
2009-06-28, 0.35089915328506277, 1.0061135371179029, 0.34890482651676624, 0.9341520437787424, 0.4707384938192763, 0.0027530512985225316, 0.030194203627879307, 0.0006393521231818571, 0.0136977179982307
2009-05-29, 0.19003651039835767, 0.31441048034934477, 0.4419461135879041, 0.20039565295583545, 0.454317383569767, 0.013765256492612657, 0.024704348422810336, 0.021098620065000802, 0.04965422774358631
2009-05-29, 0.15301690156077755, 0.020960698689955884, 0.4729598759449501, 0.42545538627546664, 0.1997901747023675, 0.01927135908965772, 0.019214493217741366, 0.01854121157227343, 0.04794201299380749
2009-05-29, 0.15301690156077755, 0.020960698689955884, 0.4729598759449501, 0.42545538627546664, 0.1997901747023675, 0.01927135908965772, 0.019214493217741366, 0.01854121157227343, 0.04794201299380749
2009-05-29, 0.15301690156077755, 0.020960698689955884, 0.4729598759449501, 0.42545538627546664, 0.1997901747023675, 0.01927135908965772, 0.019214493217741366, 0.01854121157227343, 0.04794201299380749
2009-05-29, 0.15301690156077755, 0.020960698689955884, 0.4729598759449501, 0.42545538627546664, 0.1997901747023675, 0.01927135908965772, 0.019214493217741366, 0.01854121157227343, 0.04794201299380749
2009-05-29, 0.15301690156077755, 0.020960698689955884, 0.4729598759449501, 0.42545538627546664, 0.1997901747023675, 0.01927135908965772, 0.019214493217741366, 0.01854121157227343, 0.04794201299380749
2009-05-29, 0.15301690156077755, 0.020960698689955884, 0.4729598759449501, 0.42545538627546664, 0.1997901747023675, 0.01927135908965772, 0.019214493217741366, 0.01854121157227343, 0.04794201299380749
2009-05-29, 0.15301690156077755, 0.020960698689955884, 0.4729598759449501, 0.42545538627546664, 0.1997901747023675, 0.01927135908965772, 0.019214493217741366, 0.01854121157227343, 0.04794201299380749
2009-05-29, 0.15301690156077755, 0.020960698689955884, 0.4729598759449501, 0.42545538627546664, 0.1997901747023675, 0.01927135908965772, 0.019214493217741366, 0.01854121157227343, 0.04794201299380749
2009-05-29, 0.15301690156077755, 0.020960698689955884, 0.4729598759449501, 0.42545538627546664, 0.1997901747023675, 0.01927135908965772, 0.019214493217741366, 0.01854121157227343, 0.04794201299380749
2009-05-29, 0.15301690156077755, 0.020960698689955884, 0.4729598759449501, 0.42545538627546664, 0.1997901747023675, 0.01927135908965772, 0.019214493217741366, 0.01854121157227343, 0.04794201299380749
2009-05-29, 0.14079920203081145, 0.0, 0.3954254700523355, 0.2558898337743745, 0.3530538703644582, 0.016518307791135188, 0.02607681222407758, 0.02749214129681923, 0.051937180743291435
2009-05-29, 0.18699362639093894, 0.10480349344978128, 0.503973638301996, 0.0709092310459102, 0.684212927062902, 0.01927135908965772, 0.02058695701900861, 0.029410197666364744, 0.06278120749189074
2009-05-29, 0.3366618459620803, 1.131877729257641, 0.2481100988563677, 0.8632428127328311, 0.3941066459882309, 0.0027530512985225316, 0.028821739826612066, 0.0038361127390910575, 0.02054657699734606
2009-05-29, 0.37738786363315485, 1.0061135371179037, 0.7520837371583637, 0.24047478354700338, 0.85116088126625, 0.03578966688079288, 0.01646956561520688, 0.04795140923863817, 0.06905932824107984
2009-04-29, 0.18179419476760092, 0.2515283842794762, 0.41868579182012017, 0.22814274336510498, 0.44063312502850877, 0.03303661558227035, 0.023331884621543095, 0.0179018594490916, 0.04109315399469215
2009-04-29, 0.18132578453952192, 0.23056768558951937, 0.37991858887381286, 0.01849806027284709, 0.6924234821876571, 0.03303661558227035, 0.023331884621543095, 0.01918056369545529, 0.05364939549307029
2009-04-29, 0.18132578453952192, 0.23056768558951937, 0.37991858887381286, 0.01849806027284709, 0.6924234821876571, 0.03303661558227035, 0.023331884621543095, 0.01918056369545529, 0.05364939549307029
2009-04-29, 0.18132578453952192, 0.23056768558951937, 0.37991858887381286, 0.01849806027284709, 0.6924234821876571, 0.03303661558227035, 0.023331884621543095, 0.01918056369545529, 0.05364939549307029
2009-04-29, 0.18132578453952192, 0.23056768558951937, 0.37991858887381286, 0.01849806027284709, 0.6924234821876571, 0.03303661558227035, 0.023331884621543095, 0.01918056369545529, 0.05364939549307029
2009-04-29, 0.18132578453952192, 0.23056768558951937, 0.37991858887381286, 0.01849806027284709, 0.6924234821876571, 0.03303661558227035, 0.023331884621543095, 0.01918056369545529, 0.05364939549307029
2009-04-29, 0.18132578453952192, 0.23056768558951937, 0.37991858887381286, 0.01849806027284709, 0.6924234821876571, 0.03303661558227035, 0.023331884621543095, 0.01918056369545529, 0.05364939549307029
2009-04-29, 0.18132578453952192, 0.23056768558951937, 0.37991858887381286, 0.01849806027284709, 0.6924234821876571, 0.03303661558227035, 0.023331884621543095, 0.01918056369545529, 0.05364939549307029
2009-04-29, 0.18132578453952192, 0.23056768558951937, 0.37991858887381286, 0.01849806027284709, 0.6924234821876571, 0.03303661558227035, 0.023331884621543095, 0.01918056369545529, 0.05364939549307029
2009-04-29, 0.18132578453952192, 0.23056768558951937, 0.37991858887381286, 0.01849806027284709, 0.6924234821876571, 0.03303661558227035, 0.023331884621543095, 0.01918056369545529, 0.05364939549307029
2009-04-29, 0.18132578453952192, 0.23056768558951937, 0.37991858887381286, 0.01849806027284709, 0.6924234821876571, 0.03303661558227035, 0.023331884621543095, 0.01918056369545529, 0.05364939549307029
2009-04-29, 0.3329302737189409, 0.9432314410480352, 0.3333979453382436, 0.8879068930966263, 0.4324225699037536, 0.005506102597045033, 0.03431159503168103, 0.0038361127390910575, 0.022829529997051182
2009-04-29, 0.398995063146665, 1.0480349344978166, 0.7830974995154097, 0.1849806027284643, 0.9989508735118375, 0.044048820776360444, 0.02058695701900861, 0.04091853588363792, 0.07134228124078495
2009-04-29, 0.1634536237330623, 0.3353711790393016, 0.41093235123085814, 0.3977082958661971, 0.043789627332025766, 0.030283564283747816, 0.024704348422810336, 0.01918056369545529, 0.045659059994102386
2009-04-29, 0.18941135546307114, 0.1676855895196508, 0.5194805194805193, 0.40387431595714574, 0.3229485015736897, 0.022024410388180222, 0.028821739826612066, 0.012787042463636858, 0.03766872449513447
2009-03-30, 0.26295991772084076, 0.5449781659388651, 0.3954254700523362, 0.8385787323690365, 0.24084295032614125, 0.013765256492612657, 0.023331884621543095, 0.010229633970909487, 0.036527247995281904
2009-03-30, 0.21797269586333687, 0.5030567685589524, 0.3411513859275056, 0.2928859543200676, 0.509054417734799, 0.022024410388180253, 0.02058695701900861, 0.012787042463636858, 0.042234630494544706
2009-03-30, 0.21797269586333687, 0.5030567685589524, 0.3411513859275056, 0.2928859543200676, 0.509054417734799, 0.022024410388180253, 0.02058695701900861, 0.012787042463636858, 0.042234630494544706
2009-03-30, 0.21797269586333687, 0.5030567685589524, 0.3411513859275056, 0.2928859543200676, 0.509054417734799, 0.022024410388180253, 0.02058695701900861, 0.012787042463636858, 0.042234630494544706
2009-03-30, 0.21797269586333687, 0.5030567685589524, 0.3411513859275056, 0.2928859543200676, 0.509054417734799, 0.022024410388180253, 0.02058695701900861, 0.012787042463636858, 0.042234630494544706
2009-03-30, 0.21797269586333687, 0.5030567685589524, 0.3411513859275056, 0.2928859543200676, 0.509054417734799, 0.022024410388180253, 0.02058695701900861, 0.012787042463636858, 0.042234630494544706
2009-03-30, 0.21797269586333687, 0.5030567685589524, 0.3411513859275056, 0.2928859543200676, 0.509054417734799, 0.022024410388180253, 0.02058695701900861, 0.012787042463636858, 0.042234630494544706
2009-03-30, 0.21797269586333687, 0.5030567685589524, 0.3411513859275056, 0.2928859543200676, 0.509054417734799, 0.022024410388180253, 0.02058695701900861, 0.012787042463636858, 0.042234630494544706
2009-03-30, 0.21797269586333687, 0.5030567685589524, 0.3411513859275056, 0.2928859543200676, 0.509054417734799, 0.022024410388180253, 0.02058695701900861, 0.012787042463636858, 0.042234630494544706
2009-03-30, 0.21797269586333687, 0.5030567685589524, 0.3411513859275056, 0.2928859543200676, 0.509054417734799, 0.022024410388180253, 0.02058695701900861, 0.012787042463636858, 0.042234630494544706
2009-03-30, 0.21797269586333687, 0.5030567685589524, 0.3411513859275056, 0.2928859543200676, 0.509054417734799, 0.022024410388180253, 0.02058695701900861, 0.012787042463636858, 0.042234630494544706
2009-03-30, 0.17572421857780116, 0.31441048034934477, 0.294630742391937, 0.2743878940472216, 0.41873831136249634, 0.024777461686702782, 0.019214493217741366, 0.01854121157227343, 0.04109315399469215
2009-03-30, 0.2033294935914974, 0.8174672489082971, 0.25586353944562973, 0.4285383963209415, 0.013684258541257262, 0.027530512985225315, 0.019214493217741366, 0.019819915818637117, 0.04451758349424983
2009-03-30, 0.2154166224289194, 0.6288209606986895, 0.3799185888738136, 0.323716054774812, 0.2736851708251608, 0.01927135908965772, 0.023331884621543095, 0.02493473280409186, 0.04965422774358634
2009-03-30, 0.19599587961893244, 0.4401746724890829, 0.3411513859275056, 0.18189759268298944, 0.5035807143182959, 0.024777461686702782, 0.02058695701900861, 0.014705098833182372, 0.04109315399469215
2009-02-28, 0.13658084167851053, 0.1257641921397381, 0.31789106415972096, 0.2959689643655414, 0.2572640605756515, 0.022024410388180253, 0.019214493217741366, 0.013426394586818687, 0.04109315399469215
2009-02-28, 0.16400858818006966, 0.419213973799127, 0.1395619306067065, 0.4470364565937875, 0.22168498836838088, 0.022024410388180253, 0.019214493217741366, 0.010229633970909487, 0.033102818495724225
2009-02-28, 0.16400858818006966, 0.419213973799127, 0.1395619306067065, 0.4470364565937875, 0.22168498836838088, 0.022024410388180253, 0.019214493217741366, 0.010229633970909487, 0.033102818495724225
2009-02-28, 0.16400858818006966, 0.419213973799127, 0.1395619306067065, 0.4470364565937875, 0.22168498836838088, 0.022024410388180253, 0.019214493217741366, 0.010229633970909487, 0.033102818495724225
2009-02-28, 0.16400858818006966, 0.419213973799127, 0.1395619306067065, 0.4470364565937875, 0.22168498836838088, 0.022024410388180253, 0.019214493217741366, 0.010229633970909487, 0.033102818495724225
2009-02-28, 0.16400858818006966, 0.419213973799127, 0.1395619306067065, 0.4470364565937875, 0.22168498836838088, 0.022024410388180253, 0.019214493217741366, 0.010229633970909487, 0.033102818495724225
2009-02-28, 0.16400858818006966, 0.419213973799127, 0.1395619306067065, 0.4470364565937875, 0.22168498836838088, 0.022024410388180253, 0.019214493217741366, 0.010229633970909487, 0.033102818495724225
2009-02-28, 0.16400858818006966, 0.419213973799127, 0.1395619306067065, 0.4470364565937875, 0.22168498836838088, 0.022024410388180253, 0.019214493217741366, 0.010229633970909487, 0.033102818495724225
2009-02-28, 0.16400858818006966, 0.419213973799127, 0.1395619306067065, 0.4470364565937875, 0.22168498836838088, 0.022024410388180253, 0.019214493217741366, 0.010229633970909487, 0.033102818495724225
2009-02-28, 0.16400858818006966, 0.419213973799127, 0.1395619306067065, 0.4470364565937875, 0.22168498836838088, 0.022024410388180253, 0.019214493217741366, 0.010229633970909487, 0.033102818495724225
2009-02-28, 0.16400858818006966, 0.419213973799127, 0.1395619306067065, 0.4470364565937875, 0.22168498836838088, 0.022024410388180253, 0.019214493217741366, 0.010229633970909487, 0.033102818495724225
2009-02-28, 0.36774286817835533, 1.3834061135371172, 0.0, 0.9526501040515889, 0.5583177484833278, 0.0, 0.030194203627879307, 0.007672225478182115, 0.00970255024874675
2009-02-28, 0.17133537532816365, 0.6288209606986905, 0.09304128707113789, 0.43778742645736396, 0.13410573370432935, 0.022024410388180253, 0.02195942082027585, 0.0038361127390910575, 0.029107650746240252
2009-02-28, 0.2434776880296068, 0.5449781659388642, 0.4264392324093815, 0.05241117077306529, 0.796423847101218, 0.04129576947783794, 0.009607246608870698, 0.023016676434546315, 0.05364939549307029
2009-02-28, 0.19697250349965142, 0.2724890829694321, 0.32564450474898227, 0.021581070318320874, 0.8210555124754825, 0.027530512985225283, 0.019214493217741366, 0.030049549789546603, 0.058215301492480526
2009-01-29, 0.1760010332880853, 0.2724890829694321, 0.2636169800348903, 0.33604809495670934, 0.44063312502850877, 0.024777461686702754, 0.017842029416474125, 0.011508338217273172, 0.04109315399469215
2009-01-29, 0.16376754865884977, 0.3982532751091702, 0.2868773018026743, 0.2219767232741563, 0.3010536879076773, 0.024777461686702754, 0.017842029416474125, 0.01598380307954606, 0.04337610699439727
2009-01-29, 0.16376754865884977, 0.3982532751091702, 0.2868773018026743, 0.2219767232741563, 0.3010536879076773, 0.024777461686702754, 0.017842029416474125, 0.01598380307954606, 0.04337610699439727
2009-01-29, 0.16376754865884977, 0.3982532751091702, 0.2868773018026743, 0.2219767232741563, 0.3010536879076773, 0.024777461686702754, 0.017842029416474125, 0.01598380307954606, 0.04337610699439727
2009-01-29, 0.16376754865884977, 0.3982532751091702, 0.2868773018026743, 0.2219767232741563, 0.3010536879076773, 0.024777461686702754, 0.017842029416474125, 0.01598380307954606, 0.04337610699439727
2009-01-29, 0.16376754865884977, 0.3982532751091702, 0.2868773018026743, 0.2219767232741563, 0.3010536879076773, 0.024777461686702754, 0.017842029416474125, 0.01598380307954606, 0.04337610699439727
2009-01-29, 0.16376754865884977, 0.3982532751091702, 0.2868773018026743, 0.2219767232741563, 0.3010536879076773, 0.024777461686702754, 0.017842029416474125, 0.01598380307954606, 0.04337610699439727
2009-01-29, 0.16376754865884977, 0.3982532751091702, 0.2868773018026743, 0.2219767232741563, 0.3010536879076773, 0.024777461686702754, 0.017842029416474125, 0.01598380307954606, 0.04337610699439727
2009-01-29, 0.16376754865884977, 0.3982532751091702, 0.2868773018026743, 0.2219767232741563, 0.3010536879076773, 0.024777461686702754, 0.017842029416474125, 0.01598380307954606, 0.04337610699439727
2009-01-29, 0.16376754865884977, 0.3982532751091702, 0.2868773018026743, 0.2219767232741563, 0.3010536879076773, 0.024777461686702754, 0.017842029416474125, 0.01598380307954606, 0.04337610699439727
2009-01-29, 0.16376754865884977, 0.3982532751091702, 0.2868773018026743, 0.2219767232741563, 0.3010536879076773, 0.024777461686702754, 0.017842029416474125, 0.01598380307954606, 0.04337610699439727
2009-01-29, 0.4456058602407485, 1.3414847161572054, 0.503973638301996, 1.0266423451429745, 0.6376864480226242, 0.008259153895567594, 0.02195942082027585, 0.013426394586818687, 0.011414764998525603
2009-01-29, 0.1957858331920829, 0.48209606986899556, 0.031013762357045963, 0.12023739177350169, 0.7745290334352056, 0.04129576947783794, 0.006862319006336213, 0.04347594437636529, 0.06677637524137474
2009-01-29, 0.16008171586903674, 0.0838427947598254, 0.10079472766039921, 0.3576291652750302, 0.6021073758153536, 0.03303661558227035, 0.012352174211405184, 0.0332463104054558, 0.05764456324255426
2009-01-29, 0.14290928241117826, 0.2515283842794762, 0.17832913355301377, 0.3792102355933511, 0.21894813666012886, 0.027530512985225283, 0.017842029416474125, 0.023656028557728172, 0.046229798244028654
2008-12-30, 0.24310852209221706, 0.5659388646288209, 0.6435355689087032, 0.3730442155024024, 0.24631665374264433, 0.03303661558227035, 0.015097101813939669, 0.021098620065000774, 0.04680053649395492
2008-12-30, 0.235774274087655, 0.5449781659388642, 0.6202752471409185, 0.5179456876396987, 0.11494777174656703, 0.027530512985225283, 0.02058695701900861, 0.005114816985454715, 0.03481503324550305
2008-12-30, 0.235774274087655, 0.5449781659388642, 0.6202752471409185, 0.5179456876396987, 0.11494777174656703, 0.027530512985225283, 0.02058695701900861, 0.005114816985454715, 0.03481503324550305
2008-12-30, 0.235774274087655, 0.5449781659388642, 0.6202752471409185, 0.5179456876396987, 0.11494777174656703, 0.027530512985225283, 0.02058695701900861, 0.005114816985454715, 0.03481503324550305
2008-12-30, 0.235774274087655, 0.5449781659388642, 0.6202752471409185, 0.5179456876396987, 0.11494777174656703, 0.027530512985225283, 0.02058695701900861, 0.005114816985454715, 0.03481503324550305
2008-12-30, 0.235774274087655, 0.5449781659388642, 0.6202752471409185, 0.5179456876396987, 0.11494777174656703, 0.027530512985225283, 0.02058695701900861, 0.005114816985454715, 0.03481503324550305
2008-12-30, 0.235774274087655, 0.5449781659388642, 0.6202752471409185, 0.5179456876396987, 0.11494777174656703, 0.027530512985225283, 0.02058695701900861, 0.005114816985454715, 0.03481503324550305
2008-12-30, 0.235774274087655, 0.5449781659388642, 0.6202752471409185, 0.5179456876396987, 0.11494777174656703, 0.027530512985225283, 0.02058695701900861, 0.005114816985454715, 0.03481503324550305
2008-12-30, 0.235774274087655, 0.5449781659388642, 0.6202752471409185, 0.5179456876396987, 0.11494777174656703, 0.027530512985225283, 0.02058695701900861, 0.005114816985454715, 0.03481503324550305
2008-12-30, 0.235774274087655, 0.5449781659388642, 0.6202752471409185, 0.5179456876396987, 0.11494777174656703, 0.027530512985225283, 0.02058695701900861, 0.005114816985454715, 0.03481503324550305
2008-12-30, 0.235774274087655, 0.5449781659388642, 0.6202752471409185, 0.5179456876396987, 0.11494777174656703, 0.027530512985225283, 0.02058695701900861, 0.005114816985454715, 0.03481503324550305
2008-12-30, 0.2795849669291769, 0.7545851528384276, 0.7753440589261483, 0.5241117077306485, 0.07115814441454127, 0.030283564283747816, 0.017842029416474156, 0.01598380307954606, 0.04737127474388119
2008-12-30, 0.5792573842089964, 1.6978165938864629, 0.8528784648187636, 1.2054569277804903, 0.8265292158919856, 0.005506102597045063, 0.02607681222407758, 0.0089509297245458, 0.01084402674859931
2008-12-30, 0.1466782988935109, 0.23056768558951937, 0.2946307423919363, 0.03699612054569308, 0.47347534552752835, 0.04680187207488299, 0.009607246608870698, 0.029410197666364744, 0.051937180743291435
2008-12-30, 0.14920938414821844, 0.06288209606986951, 0.46520643535568945, 0.07090923104591129, 0.4707384938192763, 0.04129576947783794, 0.009607246608870698, 0.021098620065000774, 0.051937180743291435
2008-11-30, 0.2656493605709657, 0.3353711790393016, 0.20158945532079842, 0.6320170593222518, 0.8183186607672314, 0.04955492337340552, 0.005489855205068971, 0.02749214129681923, 0.05536161024284914
2008-11-30, 0.16885865834670763, 0.3982532751091702, 0.4264392324093815, 0.12948642190992415, 0.29831683619942523, 0.03303661558227035, 0.009607246608870698, 0.014065746710000543, 0.04166389224461842
2008-11-30, 0.16885865834670763, 0.3982532751091702, 0.4264392324093815, 0.12948642190992415, 0.29831683619942523, 0.03303661558227035, 0.009607246608870698, 0.014065746710000543, 0.04166389224461842
2008-11-30, 0.16885865834670763, 0.3982532751091702, 0.4264392324093815, 0.12948642190992415, 0.29831683619942523, 0.03303661558227035, 0.009607246608870698, 0.014065746710000543, 0.04166389224461842
2008-11-30, 0.16885865834670763, 0.3982532751091702, 0.4264392324093815, 0.12948642190992415, 0.29831683619942523, 0.03303661558227035, 0.009607246608870698, 0.014065746710000543, 0.04166389224461842
2008-11-30, 0.16885865834670763, 0.3982532751091702, 0.4264392324093815, 0.12948642190992415, 0.29831683619942523, 0.03303661558227035, 0.009607246608870698, 0.014065746710000543, 0.04166389224461842
2008-11-30, 0.16885865834670763, 0.3982532751091702, 0.4264392324093815, 0.12948642190992415, 0.29831683619942523, 0.03303661558227035, 0.009607246608870698, 0.014065746710000543, 0.04166389224461842
2008-11-30, 0.16885865834670763, 0.3982532751091702, 0.4264392324093815, 0.12948642190992415, 0.29831683619942523, 0.03303661558227035, 0.009607246608870698, 0.014065746710000543, 0.04166389224461842
2008-11-30, 0.16885865834670763, 0.3982532751091702, 0.4264392324093815, 0.12948642190992415, 0.29831683619942523, 0.03303661558227035, 0.009607246608870698, 0.014065746710000543, 0.04166389224461842
2008-11-30, 0.16885865834670763, 0.3982532751091702, 0.4264392324093815, 0.12948642190992415, 0.29831683619942523, 0.03303661558227035, 0.009607246608870698, 0.014065746710000543, 0.04166389224461842
2008-11-30, 0.16885865834670763, 0.3982532751091702, 0.4264392324093815, 0.12948642190992415, 0.29831683619942523, 0.03303661558227035, 0.009607246608870698, 0.014065746710000543, 0.04166389224461842
2008-11-30, 0.13329519489404512, 0.41921397379912606, 0.3721651482845509, 0.0955733114097065, 0.09031610637230357, 0.030283564283747816, 0.010979710410137941, 0.009590281847727629, 0.03823946274506074
2008-11-30, 0.18642496898085337, 0.7545851528384276, 0.4729598759449501, 0.03699612054569308, 0.1532636956620897, 0.024777461686702754, 0.015097101813939669, 0.005754169108636572, 0.027966174246387716
2008-11-30, 0.4033057085105286, 1.4253275109170298, 0.5504942818375653, 0.5580248182308662, 0.6513707065638824, 0.005506102597045063, 0.019214493217741397, 0.010229633970909487, 0.006278120749189069
2008-11-30, 0.13991051151341155, 0.0, 0.25586353944562834, 0.3946252858207233, 0.35305387036445723, 0.03578966688079288, 0.010979710410137941, 0.020459267941818973, 0.048512751243733776
2008-10-31, 0.14319965111390137, 0.37729257641921427, 0.248110098856367, 0.4316214063664153, 0.024631665374264432, 0.016518307791135188, 0.01372463801267241, 0.010868986094091315, 0.022829529997051182
2008-10-31, 0.11418533214002294, 0.0419213973799127, 0.3799185888738122, 0.3083010045474398, 0.12042147516307014, 0.01927135908965772, 0.009607246608870683, 0.014065746710000515, 0.019975838747419792
2008-10-31, 0.11418533214002294, 0.0419213973799127, 0.3799185888738122, 0.3083010045474398, 0.12042147516307014, 0.01927135908965772, 0.009607246608870683, 0.014065746710000515, 0.019975838747419792
2008-10-31, 0.11418533214002294, 0.0419213973799127, 0.3799185888738122, 0.3083010045474398, 0.12042147516307014, 0.01927135908965772, 0.009607246608870683, 0.014065746710000515, 0.019975838747419792
2008-10-31, 0.11418533214002294, 0.0419213973799127, 0.3799185888738122, 0.3083010045474398, 0.12042147516307014, 0.01927135908965772, 0.009607246608870683, 0.014065746710000515, 0.019975838747419792
2008-10-31, 0.11418533214002294, 0.0419213973799127, 0.3799185888738122, 0.3083010045474398, 0.12042147516307014, 0.01927135908965772, 0.009607246608870683, 0.014065746710000515, 0.019975838747419792
2008-10-31, 0.11418533214002294, 0.0419213973799127, 0.3799185888738122, 0.3083010045474398, 0.12042147516307014, 0.01927135908965772, 0.009607246608870683, 0.014065746710000515, 0.019975838747419792
2008-10-31, 0.11418533214002294, 0.0419213973799127, 0.3799185888738122, 0.3083010045474398, 0.12042147516307014, 0.01927135908965772, 0.009607246608870683, 0.014065746710000515, 0.019975838747419792
2008-10-31, 0.11418533214002294, 0.0419213973799127, 0.3799185888738122, 0.3083010045474398, 0.12042147516307014, 0.01927135908965772, 0.009607246608870683, 0.014065746710000515, 0.019975838747419792
2008-10-31, 0.11418533214002294, 0.0419213973799127, 0.3799185888738122, 0.3083010045474398, 0.12042147516307014, 0.01927135908965772, 0.009607246608870683, 0.014065746710000515, 0.019975838747419792
2008-10-31, 0.11418533214002294, 0.0419213973799127, 0.3799185888738122, 0.3083010045474398, 0.12042147516307014, 0.01927135908965772, 0.009607246608870683, 0.014065746710000515, 0.019975838747419792
2008-10-31, 0.33999692304222384, 0.691703056768559, 0.4264392324093815, 0.3360480949567099, 1.2397938238379782, 0.0027530512985225316, 0.02195942082027587, 0.0012787042463636858, 0.0
2008-10-31, 0.18440839238952303, 0.5449781659388651, 0.248110098856367, 0.5086966575032752, 0.0848424029557995, 0.022024410388180236, 0.00823478280760344, 0.02813149342000106, 0.03024912724609281
2008-10-31, 0.2924906157349676, 0.9432314410480352, 0.06202752471409124, 0.8324127122780867, 0.39684349769648397, 0.03028356428374783, 0.005489855205068956, 0.03196760615909212, 0.03766872449513447
2008-10-31, 0.235846627720813, 0.29344978165938795, 0.4574529947664274, 0.1788145826375151, 0.9031610637230304, 0.011012205194090127, 0.015097101813939653, 0.008950929724545772, 0.018834362247567234
2008-10-01, 0.2810844321118909, 0.5240174672489083, 0.062027524714091925, 0.7337563908229064, 0.8949505085982757, 0.013765256492612657, 0.010979710410137926, 0.005754169108636572, 0.003424429499557681
2008-10-01, 0.2810844321118909, 0.5240174672489083, 0.062027524714091925, 0.7337563908229064, 0.8949505085982757, 0.013765256492612657, 0.010979710410137926, 0.005754169108636572, 0.003424429499557681
2008-10-01, 0.2810844321118909, 0.5240174672489083, 0.062027524714091925, 0.7337563908229064, 0.8949505085982757, 0.013765256492612657, 0.010979710410137926, 0.005754169108636572, 0.003424429499557681
2008-10-01, 0.2810844321118909, 0.5240174672489083, 0.062027524714091925, 0.7337563908229064, 0.8949505085982757, 0.013765256492612657, 0.010979710410137926, 0.005754169108636572, 0.003424429499557681
2008-10-01, 0.2810844321118909, 0.5240174672489083, 0.062027524714091925, 0.7337563908229064, 0.8949505085982757, 0.013765256492612657, 0.010979710410137926, 0.005754169108636572, 0.003424429499557681
2008-10-01, 0.2810844321118909, 0.5240174672489083, 0.062027524714091925, 0.7337563908229064, 0.8949505085982757, 0.013765256492612657, 0.010979710410137926, 0.005754169108636572, 0.003424429499557681
2008-10-01, 0.2810844321118909, 0.5240174672489083, 0.062027524714091925, 0.7337563908229064, 0.8949505085982757, 0.013765256492612657, 0.010979710410137926, 0.005754169108636572, 0.003424429499557681
2008-10-01, 0.2810844321118909, 0.5240174672489083, 0.062027524714091925, 0.7337563908229064, 0.8949505085982757, 0.013765256492612657, 0.010979710410137926, 0.005754169108636572, 0.003424429499557681
2008-10-01, 0.2810844321118909, 0.5240174672489083, 0.062027524714091925, 0.7337563908229064, 0.8949505085982757, 0.013765256492612657, 0.010979710410137926, 0.005754169108636572, 0.003424429499557681
2008-10-01, 0.2810844321118909, 0.5240174672489083, 0.062027524714091925, 0.7337563908229064, 0.8949505085982757, 0.013765256492612657, 0.010979710410137926, 0.005754169108636572, 0.003424429499557681
2008-10-01, 0.2810844321118909, 0.5240174672489083, 0.062027524714091925, 0.7337563908229064, 0.8949505085982757, 0.013765256492612657, 0.010979710410137926, 0.005754169108636572, 0.003424429499557681
2008-10-01, 0.13589645332685824, 0.1886462882096067, 0.09304128707113789, 0.3792102355933511, 0.3804223874469737, 0.0027530512985225316, 0.020586957019008624, 0.007672225478182115, 0.014839194498083259
2008-10-01, 0.1404099965362911, 0.14672489082969398, 0.13180849001744516, 0.35146314518408156, 0.4324225699037541, 0.008259153895567594, 0.02333188462154311, 0.012147690340455, 0.01712214749778838
2008-10-01, 0.1050103395479951, 0.1257641921397381, 0.12405504942818385, 0.3144670246383885, 0.22442184007663193, 0.0027530512985225316, 0.019214493217741383, 0.013426394586818687, 0.01598067099793582
2008-10-01, 0.5657235187897974, 1.1318777292576419, 0.19383601473153708, 1.3996865606453763, 1.759795648405784, 0.0275305129852253, 0.0013724638012672426, 0.0025574084927273717, 0.009131811998820457
2008-09-01, 0.15993895332373528, 0.2934497816593889, 0.2170963364993214, 0.2836369241836446, 0.4132646079459928, 0.016518307791135188, 0.02195942082027587, 0.020459267941818973, 0.013126979748304431
2008-09-01, 0.35652133778549394, 0.7126637554585159, 0.23260321767784436, 0.7923335816869201, 1.0646353145098757, 0.005506102597045063, 0.010979710410137941, 0.01918056369545529, 0.014268456248156992
2008-09-01, 0.35652133778549394, 0.7126637554585159, 0.23260321767784436, 0.7923335816869201, 1.0646353145098757, 0.005506102597045063, 0.010979710410137941, 0.01918056369545529, 0.014268456248156992
2008-09-01, 0.35652133778549394, 0.7126637554585159, 0.23260321767784436, 0.7923335816869201, 1.0646353145098757, 0.005506102597045063, 0.010979710410137941, 0.01918056369545529, 0.014268456248156992
2008-09-01, 0.35652133778549394, 0.7126637554585159, 0.23260321767784436, 0.7923335816869201, 1.0646353145098757, 0.005506102597045063, 0.010979710410137941, 0.01918056369545529, 0.014268456248156992
2008-09-01, 0.35652133778549394, 0.7126637554585159, 0.23260321767784436, 0.7923335816869201, 1.0646353145098757, 0.005506102597045063, 0.010979710410137941, 0.01918056369545529, 0.014268456248156992
2008-09-01, 0.35652133778549394, 0.7126637554585159, 0.23260321767784436, 0.7923335816869201, 1.0646353145098757, 0.005506102597045063, 0.010979710410137941, 0.01918056369545529, 0.014268456248156992
2008-09-01, 0.35652133778549394, 0.7126637554585159, 0.23260321767784436, 0.7923335816869201, 1.0646353145098757, 0.005506102597045063, 0.010979710410137941, 0.01918056369545529, 0.014268456248156992
2008-09-01, 0.35652133778549394, 0.7126637554585159, 0.23260321767784436, 0.7923335816869201, 1.0646353145098757, 0.005506102597045063, 0.010979710410137941, 0.01918056369545529, 0.014268456248156992
2008-09-01, 0.35652133778549394, 0.7126637554585159, 0.23260321767784436, 0.7923335816869201, 1.0646353145098757, 0.005506102597045063, 0.010979710410137941, 0.01918056369545529, 0.014268456248156992
2008-09-01, 0.35652133778549394, 0.7126637554585159, 0.23260321767784436, 0.7923335816869201, 1.0646353145098757, 0.005506102597045063, 0.010979710410137941, 0.01918056369545529, 0.014268456248156992
2008-09-01, 0.14622675201748442, 0.3353711790393016, 0.2558635394456287, 0.22505973331963092, 0.2791588742416639, 0.011012205194090127, 0.019214493217741383, 0.023016676434546343, 0.021117315247272353
2008-09-01, 0.11136664634308702, 0.2515283842794762, 0.2558635394456287, 0.13565244200087337, 0.16421110249509638, 0.01927135908965772, 0.02333188462154311, 0.021098620065000816, 0.019975838747419792
2008-09-01, 0.5527093794386965, 1.1737991266375551, 0.2713704206241517, 1.2671171286899776, 1.674953245449984, 0.019271359089657707, 0.0013724638012672426, 0.011508338217273172, 0.0022829529997051208
2008-09-01, 0.23568851222744697, 0.5868995633187778, 0.2946307423919363, 0.38229324563882516, 0.5610546001915798, 0.005506102597045063, 0.016469565615206898, 0.01981991581863713, 0.018834362247567234
2008-08-02, 0.12474231901909298, 0.2096069868995635, 0.4341926729986428, 0.15723351231919425, 0.12863203028782574, 0.013765256492612657, 0.028821739826612066, 0.015983803079546072, 0.00970255024874675
2008-08-02, 0.4133115693972056, 0.7126637554585159, 0.48846675712347337, 0.8447447524599848, 1.2069516033389591, 0.005506102597045063, 0.016469565615206898, 0.0134263945868187, 0.018263623997640942
2008-08-02, 0.4133115693972056, 0.7126637554585159, 0.48846675712347337, 0.8447447524599848, 1.2069516033389591, 0.005506102597045063, 0.016469565615206898, 0.0134263945868187, 0.018263623997640942
2008-08-02, 0.4133115693972056, 0.7126637554585159, 0.48846675712347337, 0.8447447524599848, 1.2069516033389591, 0.005506102597045063, 0.016469565615206898, 0.0134263945868187, 0.018263623997640942
2008-08-02, 0.4133115693972056, 0.7126637554585159, 0.48846675712347337, 0.8447447524599848, 1.2069516033389591, 0.005506102597045063, 0.016469565615206898, 0.0134263945868187, 0.018263623997640942
2008-08-02, 0.4133115693972056, 0.7126637554585159, 0.48846675712347337, 0.8447447524599848, 1.2069516033389591, 0.005506102597045063, 0.016469565615206898, 0.0134263945868187, 0.018263623997640942
2008-08-02, 0.4133115693972056, 0.7126637554585159, 0.48846675712347337, 0.8447447524599848, 1.2069516033389591, 0.005506102597045063, 0.016469565615206898, 0.0134263945868187, 0.018263623997640942
2008-08-02, 0.4133115693972056, 0.7126637554585159, 0.48846675712347337, 0.8447447524599848, 1.2069516033389591, 0.005506102597045063, 0.016469565615206898, 0.0134263945868187, 0.018263623997640942
2008-08-02, 0.4133115693972056, 0.7126637554585159, 0.48846675712347337, 0.8447447524599848, 1.2069516033389591, 0.005506102597045063, 0.016469565615206898, 0.0134263945868187, 0.018263623997640942
2008-08-02, 0.4133115693972056, 0.7126637554585159, 0.48846675712347337, 0.8447447524599848, 1.2069516033389591, 0.005506102597045063, 0.016469565615206898, 0.0134263945868187, 0.018263623997640942
2008-08-02, 0.4133115693972056, 0.7126637554585159, 0.48846675712347337, 0.8447447524599848, 1.2069516033389591, 0.005506102597045063, 0.016469565615206898, 0.0134263945868187, 0.018263623997640942
2008-08-02, 0.1326015474214511, 0.1676855895196508, 0.46520643535568873, 0.18806361277393838, 0.17515850932810306, 0.013765256492612657, 0.02195942082027585, 0.014705098833182387, 0.014268456248156992
2008-08-02, 0.5197086802332267, 1.048034934497817, 0.3721651482845509, 1.1962078976440664, 1.5052684395383844, 0.024777461686702754, 0.00274492760253447, 0.004475464862272915, 0.003995167749483949
2008-08-02, 0.2502229756472951, 0.4611353711790397, 0.40317891064159683, 0.5117796675487498, 0.5610546001915798, 0.005506102597045063, 0.02195942082027585, 0.016623155202727915, 0.02054657699734606
2008-08-02, 0.17756098846020962, 0.14672489082969492, 0.3644117076952895, 0.3668781954114535, 0.46800164211102524, 0.008259153895567594, 0.024704348422810336, 0.019819915818637117, 0.02168805349719862
2008-07-03, 0.11607445109052635, 0.2096069868995635, 0.2868773018026746, 0.14490147213729662, 0.20800072982712217, 0.016518307791135174, 0.02195942082027585, 0.017901859449091586, 0.022829529997051182
2008-07-03, 0.3081889161647012, 0.6078602620087337, 0.21709633649932106, 0.6659301698224698, 0.9277927290972953, 0.005506102597045063, 0.012352174211405168, 0.014705098833182372, 0.014268456248156992
2008-07-03, 0.3081889161647012, 0.6078602620087337, 0.21709633649932106, 0.6659301698224698, 0.9277927290972953, 0.005506102597045063, 0.012352174211405168, 0.014705098833182372, 0.014268456248156992
2008-07-03, 0.3081889161647012, 0.6078602620087337, 0.21709633649932106, 0.6659301698224698, 0.9277927290972953, 0.005506102597045063, 0.012352174211405168, 0.014705098833182372, 0.014268456248156992
2008-07-03, 0.3081889161647012, 0.6078602620087337, 0.21709633649932106, 0.6659301698224698, 0.9277927290972953, 0.005506102597045063, 0.012352174211405168, 0.014705098833182372, 0.014268456248156992
2008-07-03, 0.3081889161647012, 0.6078602620087337, 0.21709633649932106, 0.6659301698224698, 0.9277927290972953, 0.005506102597045063, 0.012352174211405168, 0.014705098833182372, 0.014268456248156992
2008-07-03, 0.3081889161647012, 0.6078602620087337, 0.21709633649932106, 0.6659301698224698, 0.9277927290972953, 0.005506102597045063, 0.012352174211405168, 0.014705098833182372, 0.014268456248156992
2008-07-03, 0.3081889161647012, 0.6078602620087337, 0.21709633649932106, 0.6659301698224698, 0.9277927290972953, 0.005506102597045063, 0.012352174211405168, 0.014705098833182372, 0.014268456248156992
2008-07-03, 0.3081889161647012, 0.6078602620087337, 0.21709633649932106, 0.6659301698224698, 0.9277927290972953, 0.005506102597045063, 0.012352174211405168, 0.014705098833182372, 0.014268456248156992
2008-07-03, 0.3081889161647012, 0.6078602620087337, 0.21709633649932106, 0.6659301698224698, 0.9277927290972953, 0.005506102597045063, 0.012352174211405168, 0.014705098833182372, 0.014268456248156992
2008-07-03, 0.3081889161647012, 0.6078602620087337, 0.21709633649932106, 0.6659301698224698, 0.9277927290972953, 0.005506102597045063, 0.012352174211405168, 0.014705098833182372, 0.014268456248156992
2008-07-03, 0.08260545585732666, 0.14672489082969492, 0.18608257414227508, 0.13256943195539903, 0.10947406833006443, 0.016518307791135174, 0.023331884621543095, 0.020459267941818945, 0.025683221246682594
2008-07-03, 0.08149596104889932, 0.1676855895196508, 0.26361698003489, 0.08940729131875755, 0.06294758928978686, 0.011012205194090111, 0.019214493217741383, 0.019819915818637103, 0.018263623997640942
2008-07-03, 0.10073230115235167, 0.14672489082969492, 0.26361698003489, 0.15106749222824528, 0.17242165761985104, 0.013765256492612642, 0.02195942082027585, 0.019180563695455257, 0.01712214749778838
2008-07-03, 0.1057548709795482, 0.10480349344978221, 0.29463074239193593, 0.18189759268298944, 0.19431647128586393, 0.011012205194090111, 0.02058695701900861, 0.021098620065000788, 0.017692885747714673
2008-06-03, 0.1392406821249863, 0.0419213973799127, 0.2636169800348903, 0.2558898337743748, 0.48715960406878606, 0.011012205194090127, 0.016469565615206898, 0.02301667643454633, 0.014839194498083273
2008-06-03, 0.3433929822760009, 0.5659388646288209, 0.2791238612134133, 0.7399224109138554, 1.1193723486749076, 0.005506102597045048, 0.009607246608870683, 0.01854121157227343, 0.009131811998820483
2008-06-03, 0.3433929822760009, 0.5659388646288209, 0.2791238612134133, 0.7399224109138554, 1.1193723486749076, 0.005506102597045048, 0.009607246608870683, 0.01854121157227343, 0.009131811998820483
2008-06-03, 0.3433929822760009, 0.5659388646288209, 0.2791238612134133, 0.7399224109138554, 1.1193723486749076, 0.005506102597045048, 0.009607246608870683, 0.01854121157227343, 0.009131811998820483
2008-06-03, 0.3433929822760009, 0.5659388646288209, 0.2791238612134133, 0.7399224109138554, 1.1193723486749076, 0.005506102597045048, 0.009607246608870683, 0.01854121157227343, 0.009131811998820483
2008-06-03, 0.3433929822760009, 0.5659388646288209, 0.2791238612134133, 0.7399224109138554, 1.1193723486749076, 0.005506102597045048, 0.009607246608870683, 0.01854121157227343, 0.009131811998820483
2008-06-03, 0.3433929822760009, 0.5659388646288209, 0.2791238612134133, 0.7399224109138554, 1.1193723486749076, 0.005506102597045048, 0.009607246608870683, 0.01854121157227343, 0.009131811998820483
2008-06-03, 0.3433929822760009, 0.5659388646288209, 0.2791238612134133, 0.7399224109138554, 1.1193723486749076, 0.005506102597045048, 0.009607246608870683, 0.01854121157227343, 0.009131811998820483
2008-06-03, 0.3433929822760009, 0.5659388646288209, 0.2791238612134133, 0.7399224109138554, 1.1193723486749076, 0.005506102597045048, 0.009607246608870683, 0.01854121157227343, 0.009131811998820483
2008-06-03, 0.3433929822760009, 0.5659388646288209, 0.2791238612134133, 0.7399224109138554, 1.1193723486749076, 0.005506102597045048, 0.009607246608870683, 0.01854121157227343, 0.009131811998820483
2008-06-03, 0.3433929822760009, 0.5659388646288209, 0.2791238612134133, 0.7399224109138554, 1.1193723486749076, 0.005506102597045048, 0.009607246608870683, 0.01854121157227343, 0.009131811998820483
2008-06-03, 0.17479230189170625, 0.20960698689956303, 0.3178910641597206, 0.28671993422911896, 0.5172649728595541, 0.013765256492612642, 0.015097101813939653, 0.024295380680910018, 0.013697717998230712
2008-06-03, 0.11344435941947054, 0.02096069868995635, 0.24811009885636737, 0.19114662281941244, 0.3776855357387219, 0.019271359089657707, 0.019214493217741383, 0.019180563695455274, 0.011985503248451872
2008-06-03, 0.5400376146957673, 1.1318777292576419, 0.3178910641597206, 1.202373917735015, 1.6339004698262103, 0.019271359089657707, 0.004117391403801728, 0.010868986094091329, 0.0
2008-06-03, 0.28687563963515134, 0.3982532751091702, 0.3489048265167666, 0.5518587981399172, 0.9578980978880628, 0.0027530512985225316, 0.00823478280760344, 0.01854121157227343, 0.00856107374889419
2008-05-04, 0.17352171207273154, 0.2724890829694321, 0.37991858887381286, 0.24664080363795207, 0.4077909045294897, 0.019271359089657707, 0.015097101813939653, 0.02813149342000106, 0.01883436224756722
2008-05-04, 0.3684099160689152, 0.5240174672489083, 0.3489048265167669, 0.8601598026873574, 1.1823199379646947, 0.0027530512985225165, 0.0068623190063361985, 0.01598380307954606, 0.006278120749189069
2008-05-04, 0.3684099160689152, 0.5240174672489083, 0.3489048265167669, 0.8601598026873574, 1.1823199379646947, 0.0027530512985225165, 0.0068623190063361985, 0.01598380307954606, 0.006278120749189069
2008-05-04, 0.3684099160689152, 0.5240174672489083, 0.3489048265167669, 0.8601598026873574, 1.1823199379646947, 0.0027530512985225165, 0.0068623190063361985, 0.01598380307954606, 0.006278120749189069
2008-05-04, 0.3684099160689152, 0.5240174672489083, 0.3489048265167669, 0.8601598026873574, 1.1823199379646947, 0.0027530512985225165, 0.0068623190063361985, 0.01598380307954606, 0.006278120749189069
2008-05-04, 0.3684099160689152, 0.5240174672489083, 0.3489048265167669, 0.8601598026873574, 1.1823199379646947, 0.0027530512985225165, 0.0068623190063361985, 0.01598380307954606, 0.006278120749189069
2008-05-04, 0.3684099160689152, 0.5240174672489083, 0.3489048265167669, 0.8601598026873574, 1.1823199379646947, 0.0027530512985225165, 0.0068623190063361985, 0.01598380307954606, 0.006278120749189069
2008-05-04, 0.3684099160689152, 0.5240174672489083, 0.3489048265167669, 0.8601598026873574, 1.1823199379646947, 0.0027530512985225165, 0.0068623190063361985, 0.01598380307954606, 0.006278120749189069
2008-05-04, 0.3684099160689152, 0.5240174672489083, 0.3489048265167669, 0.8601598026873574, 1.1823199379646947, 0.0027530512985225165, 0.0068623190063361985, 0.01598380307954606, 0.006278120749189069
2008-05-04, 0.3684099160689152, 0.5240174672489083, 0.3489048265167669, 0.8601598026873574, 1.1823199379646947, 0.0027530512985225165, 0.0068623190063361985, 0.01598380307954606, 0.006278120749189069
2008-05-04, 0.3684099160689152, 0.5240174672489083, 0.3489048265167669, 0.8601598026873574, 1.1823199379646947, 0.0027530512985225165, 0.0068623190063361985, 0.01598380307954606, 0.006278120749189069
2008-05-04, 0.1513411466951447, 0.1886462882096067, 0.35665826710602855, 0.2250597333196312, 0.3640012771974639, 0.016518307791135174, 0.01372463801267241, 0.025574084927273703, 0.02054657699734606
2008-05-04, 0.1866302697655812, 0.1886462882096067, 0.3411513859275056, 0.2959689643655422, 0.5884231172740958, 0.016518307791135174, 0.01372463801267241, 0.02749214129681923, 0.021117315247272343
2008-05-04, 0.1432704897201853, 0.1886462882096067, 0.271370420624152, 0.19731264291036166, 0.41052775623774124, 0.016518307791135174, 0.015097101813939653, 0.025574084927273703, 0.021117315247272343
2008-05-04, 0.19387075842335066, 0.1886462882096067, 0.31789106415972096, 0.3576291652750302, 0.626739041189618, 0.008259153895567594, 0.009607246608870683, 0.026213437050455545, 0.015980670997935834
2008-04-04, 0.14002231998372563, 0.1676855895196508, 0.24035665826710603, 0.23430876345605445, 0.4023172011129863, 0.011012205194090127, 0.010979710410137926, 0.030688901912728418, 0.022829529997051182
2008-04-04, 0.38252302067942795, 0.9222707423580789, 0.3489048265167666, 0.6998432803226882, 1.0454773525521144, 0.011012205194090111, 0.0013724638012672426, 0.020459267941818945, 0.01084402674859931
2008-04-04, 0.38252302067942795, 0.9222707423580789, 0.3489048265167666, 0.6998432803226882, 1.0454773525521144, 0.011012205194090111, 0.0013724638012672426, 0.020459267941818945, 0.01084402674859931
2008-04-04, 0.38252302067942795, 0.9222707423580789, 0.3489048265167666, 0.6998432803226882, 1.0454773525521144, 0.011012205194090111, 0.0013724638012672426, 0.020459267941818945, 0.01084402674859931
2008-04-04, 0.38252302067942795, 0.9222707423580789, 0.3489048265167666, 0.6998432803226882, 1.0454773525521144, 0.011012205194090111, 0.0013724638012672426, 0.020459267941818945, 0.01084402674859931
2008-04-04, 0.38252302067942795, 0.9222707423580789, 0.3489048265167666, 0.6998432803226882, 1.0454773525521144, 0.011012205194090111, 0.0013724638012672426, 0.020459267941818945, 0.01084402674859931
2008-04-04, 0.38252302067942795, 0.9222707423580789, 0.3489048265167666, 0.6998432803226882, 1.0454773525521144, 0.011012205194090111, 0.0013724638012672426, 0.020459267941818945, 0.01084402674859931
2008-04-04, 0.38252302067942795, 0.9222707423580789, 0.3489048265167666, 0.6998432803226882, 1.0454773525521144, 0.011012205194090111, 0.0013724638012672426, 0.020459267941818945, 0.01084402674859931
2008-04-04, 0.38252302067942795, 0.9222707423580789, 0.3489048265167666, 0.6998432803226882, 1.0454773525521144, 0.011012205194090111, 0.0013724638012672426, 0.020459267941818945, 0.01084402674859931
2008-04-04, 0.38252302067942795, 0.9222707423580789, 0.3489048265167666, 0.6998432803226882, 1.0454773525521144, 0.011012205194090111, 0.0013724638012672426, 0.020459267941818945, 0.01084402674859931
2008-04-04, 0.38252302067942795, 0.9222707423580789, 0.3489048265167666, 0.6998432803226882, 1.0454773525521144, 0.011012205194090111, 0.0013724638012672426, 0.020459267941818945, 0.01084402674859931
2008-04-04, 0.1399339578104825, 0.18864628820960713, 0.2946307423919363, 0.20039565295583597, 0.36400127719746367, 0.016518307791135174, 0.01372463801267241, 0.02557408492727369, 0.015980670997935834
2008-04-04, 0.5141581695010989, 1.194759825327511, 0.38767202946307416, 1.0605554556431929, 1.4122154814578298, 0.024777461686702754, 0.009607246608870698, 0.018541211572273415, 0.005136644249336509
2008-04-04, 0.20378217230144702, 0.5030567685589524, 0.3566582671060282, 0.2373917735015288, 0.4707384938192765, 0.008259153895567594, 0.009607246608870683, 0.026852789173637374, 0.01769288574771466
2008-04-04, 0.2466292737746329, 0.48209606986899606, 0.24811009885636737, 0.4254553862754669, 0.7745290334352051, 0.0, 0.005489855205068956, 0.023656028557728158, 0.013697717998230712
2008-03-05, 0.12233889464058025, 0.06288209606986905, 0.4496995541771661, 0.1664825424556175, 0.2326323952013866, 0.011012205194090111, 0.009607246608870683, 0.02813149342000106, 0.018263623997640942
2008-03-05, 0.3032668951308562, 0.33537117903930114, 0.39542547005233586, 0.7245073606864835, 0.9250558773890435, 0.008259153895567594, 0.0013724638012672426, 0.02301667643454633, 0.013126979748304431
2008-03-05, 0.3032668951308562, 0.33537117903930114, 0.39542547005233586, 0.7245073606864835, 0.9250558773890435, 0.008259153895567594, 0.0013724638012672426, 0.02301667643454633, 0.013126979748304431
2008-03-05, 0.3032668951308562, 0.33537117903930114, 0.39542547005233586, 0.7245073606864835, 0.9250558773890435, 0.008259153895567594, 0.0013724638012672426, 0.02301667643454633, 0.013126979748304431
2008-03-05, 0.3032668951308562, 0.33537117903930114, 0.39542547005233586, 0.7245073606864835, 0.9250558773890435, 0.008259153895567594, 0.0013724638012672426, 0.02301667643454633, 0.013126979748304431
2008-03-05, 0.3032668951308562, 0.33537117903930114, 0.39542547005233586, 0.7245073606864835, 0.9250558773890435, 0.008259153895567594, 0.0013724638012672426, 0.02301667643454633, 0.013126979748304431
2008-03-05, 0.3032668951308562, 0.33537117903930114, 0.39542547005233586, 0.7245073606864835, 0.9250558773890435, 0.008259153895567594, 0.0013724638012672426, 0.02301667643454633, 0.013126979748304431
2008-03-05, 0.3032668951308562, 0.33537117903930114, 0.39542547005233586, 0.7245073606864835, 0.9250558773890435, 0.008259153895567594, 0.0013724638012672426, 0.02301667643454633, 0.013126979748304431
2008-03-05, 0.3032668951308562, 0.33537117903930114, 0.39542547005233586, 0.7245073606864835, 0.9250558773890435, 0.008259153895567594, 0.0013724638012672426, 0.02301667643454633, 0.013126979748304431
2008-03-05, 0.3032668951308562, 0.33537117903930114, 0.39542547005233586, 0.7245073606864835, 0.9250558773890435, 0.008259153895567594, 0.0013724638012672426, 0.02301667643454633, 0.013126979748304431
2008-03-05, 0.3032668951308562, 0.33537117903930114, 0.39542547005233586, 0.7245073606864835, 0.9250558773890435, 0.008259153895567594, 0.0013724638012672426, 0.02301667643454633, 0.013126979748304431
2008-03-05, 0.11046293143645947, 0.10480349344978175, 0.39542547005233586, 0.13565244200087365, 0.17515850932810284, 0.00825915389556758, 0.009607246608870683, 0.03196760615909212, 0.022829529997051182
2008-03-05, 0.13647186907447725, 0.14672489082969445, 0.39542547005233586, 0.1664825424556175, 0.3174747981571866, 0.011012205194090111, 0.009607246608870683, 0.026213437050455545, 0.01883436224756722
2008-03-05, 0.11969648027374016, 0.06288209606986905, 0.45745299476642776, 0.13873545204634796, 0.2271586917848835, 0.013765256492612642, 0.009607246608870683, 0.026852789173637374, 0.021117315247272343
2008-03-05, 0.14352701780455734, 0.02096069868995635, 0.4341926729986431, 0.21889371322868253, 0.41600145965424457, 0.00825915389556758, 0.010979710410137926, 0.022377324311364487, 0.016551409247862112
2008-02-04, 0.14906664348427243, 0.5240174672489083, 0.271370420624152, 0.006166020090948939, 0.33936961182319925, 0.013765256492612642, 0.0068623190063361985, 0.012147690340455, 0.018834362247567234
2008-02-04, 0.18598783778189135, 0.0, 0.41868579182012017, 0.5796058885491868, 0.4597910869862701, 0.008259153895567594, 0.004117391403801728, 0.008311577601363944, 0.009131811998820483
2008-02-04, 0.18598783778189135, 0.0, 0.41868579182012017, 0.5796058885491868, 0.4597910869862701, 0.008259153895567594, 0.004117391403801728, 0.008311577601363944, 0.009131811998820483
2008-02-04, 0.18598783778189135, 0.0, 0.41868579182012017, 0.5796058885491868, 0.4597910869862701, 0.008259153895567594, 0.004117391403801728, 0.008311577601363944, 0.009131811998820483
2008-02-04, 0.18598783778189135, 0.0, 0.41868579182012017, 0.5796058885491868, 0.4597910869862701, 0.008259153895567594, 0.004117391403801728, 0.008311577601363944, 0.009131811998820483
2008-02-04, 0.18598783778189135, 0.0, 0.41868579182012017, 0.5796058885491868, 0.4597910869862701, 0.008259153895567594, 0.004117391403801728, 0.008311577601363944, 0.009131811998820483
2008-02-04, 0.18598783778189135, 0.0, 0.41868579182012017, 0.5796058885491868, 0.4597910869862701, 0.008259153895567594, 0.004117391403801728, 0.008311577601363944, 0.009131811998820483
2008-02-04, 0.18598783778189135, 0.0, 0.41868579182012017, 0.5796058885491868, 0.4597910869862701, 0.008259153895567594, 0.004117391403801728, 0.008311577601363944, 0.009131811998820483
2008-02-04, 0.18598783778189135, 0.0, 0.41868579182012017, 0.5796058885491868, 0.4597910869862701, 0.008259153895567594, 0.004117391403801728, 0.008311577601363944, 0.009131811998820483
2008-02-04, 0.18598783778189135, 0.0, 0.41868579182012017, 0.5796058885491868, 0.4597910869862701, 0.008259153895567594, 0.004117391403801728, 0.008311577601363944, 0.009131811998820483
2008-02-04, 0.18598783778189135, 0.0, 0.41868579182012017, 0.5796058885491868, 0.4597910869862701, 0.008259153895567594, 0.004117391403801728, 0.008311577601363944, 0.009131811998820483
2008-02-04, 0.14489170790584116, 0.4401746724890829, 0.31789106415972096, 0.006166020090948939, 0.34758016694795413, 0.011012205194090111, 0.004117391403801728, 0.012787042463636844, 0.019405100497493513
2008-02-04, 0.3508889776421123, 0.5240174672489083, 0.41868579182012017, 1.035891375279398, 0.7800027368517082, 0.022024410388180236, 0.015097101813939653, 0.005114816985454743, 0.006278120749189082
2008-02-04, 0.09872879557980462, 0.1257641921397381, 0.3566582671060282, 0.2373917735015285, 0.04105277562377422, 0.0027530512985225316, 0.0, 0.010229633970909473, 0.015980670997935834
2008-02-04, 0.10027105997788138, 0.2515283842794757, 0.271370420624152, 0.1664825424556175, 0.07663184783104485, 0.0027530512985225316, 0.0, 0.013426394586818687, 0.019975838747419792
2008-01-05, 0.09613340922252862, 0.2934497816593884, 0.1705756929637528, 0.2558898337743751, 0.016421110249509298, 0.0027530512985225316, 0.0, 0.013426394586818687, 0.016551409247862112
2008-01-05, 0.14720602264326207, 0.20960698689956303, 0.16282225237449113, 0.5857719086401355, 0.19431647128586393, 0.0027530512985225165, 0.0013724638012672426, 0.009590281847727629, 0.011414764998525591
2008-01-05, 0.14720602264326207, 0.20960698689956303, 0.16282225237449113, 0.5857719086401355, 0.19431647128586393, 0.0027530512985225165, 0.0013724638012672426, 0.009590281847727629, 0.011414764998525591
2008-01-05, 0.14720602264326207, 0.20960698689956303, 0.16282225237449113, 0.5857719086401355, 0.19431647128586393, 0.0027530512985225165, 0.0013724638012672426, 0.009590281847727629, 0.011414764998525591
2008-01-05, 0.14720602264326207, 0.20960698689956303, 0.16282225237449113, 0.5857719086401355, 0.19431647128586393, 0.0027530512985225165, 0.0013724638012672426, 0.009590281847727629, 0.011414764998525591
2008-01-05, 0.14720602264326207, 0.20960698689956303, 0.16282225237449113, 0.5857719086401355, 0.19431647128586393, 0.0027530512985225165, 0.0013724638012672426, 0.009590281847727629, 0.011414764998525591
2008-01-05, 0.14720602264326207, 0.20960698689956303, 0.16282225237449113, 0.5857719086401355, 0.19431647128586393, 0.0027530512985225165, 0.0013724638012672426, 0.009590281847727629, 0.011414764998525591
2008-01-05, 0.14720602264326207, 0.20960698689956303, 0.16282225237449113, 0.5857719086401355, 0.19431647128586393, 0.0027530512985225165, 0.0013724638012672426, 0.009590281847727629, 0.011414764998525591
2008-01-05, 0.14720602264326207, 0.20960698689956303, 0.16282225237449113, 0.5857719086401355, 0.19431647128586393, 0.0027530512985225165, 0.0013724638012672426, 0.009590281847727629, 0.011414764998525591
2008-01-05, 0.14720602264326207, 0.20960698689956303, 0.16282225237449113, 0.5857719086401355, 0.19431647128586393, 0.0027530512985225165, 0.0013724638012672426, 0.009590281847727629, 0.011414764998525591
2008-01-05, 0.14720602264326207, 0.20960698689956303, 0.16282225237449113, 0.5857719086401355, 0.19431647128586393, 0.0027530512985225165, 0.0013724638012672426, 0.009590281847727629, 0.011414764998525591
2008-01-05, 0.0998466120144974, 0.31441048034934477, 0.14731537119596816, 0.24355779359247745, 0.06294758928978711, 0.0027530512985225316, 0.0013724638012672426, 0.012147690340455, 0.014268456248156992
2008-01-05, 0.12890003178886142, 0.35633187772925745, 0.20934289591006008, 0.25280682372890045, 0.16968480591159998, 0.008259153895567594, 0.0013724638012672426, 0.013426394586818687, 0.019975838747419792
2008-01-05, 0.11196967182874333, 0.2724890829694321, 0.23260321767784473, 0.30521799450196546, 0.049263330748529115, 0.0027530512985225165, 0.0027449276025344853, 0.014705098833182372, 0.015980670997935834
2008-01-05, 0.1263931216133342, 0.31441048034934477, 0.1783291335530141, 0.39462528582072304, 0.09031610637230308, 0.0027530512985225165, 0.0013724638012672426, 0.012787042463636844, 0.016551409247862112
2007-12-06, 0.13664795758196657, 0.2724890829694321, 0.1395619306067065, 0.15723351231919425, 0.4898964557770379, 0.005506102597045063, 0.0013724638012672426, 0.013426394586818687, 0.013697717998230712
2007-12-06, 0.17749606531121123, 0.0, 0.19383601473153708, 0.410040336048095, 0.769055330018702, 0.016518307791135174, 0.008234782807603456, 0.010868986094091315, 0.011414764998525591
2007-12-06, 0.17749606531121123, 0.0, 0.19383601473153708, 0.410040336048095, 0.769055330018702, 0.016518307791135174, 0.008234782807603456, 0.010868986094091315, 0.011414764998525591
2007-12-06, 0.17749606531121123, 0.0, 0.19383601473153708, 0.410040336048095, 0.769055330018702, 0.016518307791135174, 0.008234782807603456, 0.010868986094091315, 0.011414764998525591
2007-12-06, 0.17749606531121123, 0.0, 0.19383601473153708, 0.410040336048095, 0.769055330018702, 0.016518307791135174, 0.008234782807603456, 0.010868986094091315, 0.011414764998525591
2007-12-06, 0.17749606531121123, 0.0, 0.19383601473153708, 0.410040336048095, 0.769055330018702, 0.016518307791135174, 0.008234782807603456, 0.010868986094091315, 0.011414764998525591
2007-12-06, 0.17749606531121123, 0.0, 0.19383601473153708, 0.410040336048095, 0.769055330018702, 0.016518307791135174, 0.008234782807603456, 0.010868986094091315, 0.011414764998525591
2007-12-06, 0.17749606531121123, 0.0, 0.19383601473153708, 0.410040336048095, 0.769055330018702, 0.016518307791135174, 0.008234782807603456, 0.010868986094091315, 0.011414764998525591
2007-12-06, 0.17749606531121123, 0.0, 0.19383601473153708, 0.410040336048095, 0.769055330018702, 0.016518307791135174, 0.008234782807603456, 0.010868986094091315, 0.011414764998525591
2007-12-06, 0.17749606531121123, 0.0, 0.19383601473153708, 0.410040336048095, 0.769055330018702, 0.016518307791135174, 0.008234782807603456, 0.010868986094091315, 0.011414764998525591
2007-12-06, 0.17749606531121123, 0.0, 0.19383601473153708, 0.410040336048095, 0.769055330018702, 0.016518307791135174, 0.008234782807603456, 0.010868986094091315, 0.011414764998525591
2007-12-06, 0.11126560164140406, 0.1257641921397381, 0.14731537119596816, 0.1541505022737199, 0.426948866487251, 0.005506102597045063, 0.0027449276025344853, 0.013426394586818687, 0.014268456248156992
2007-12-06, 0.1619906085722014, 0.23056768558951984, 0.19383601473153708, 0.2373917735015288, 0.5966336723988505, 0.005506102597045063, 0.0013724638012672426, 0.01406574671000053, 0.016551409247862112
2007-12-06, 0.3004549100888202, 0.35633187772925773, 0.24811009885636737, 0.6597641497315211, 1.0892669798841401, 0.024777461686702768, 0.012352174211405168, 0.0044754648622729, 0.00856107374889419
2007-12-06, 0.17386966699329717, 0.0, 0.1240550494281835, 0.45936849677568536, 0.763581626602199, 0.016518307791135174, 0.006862319006336213, 0.010868986094091315, 0.00970255024874675
2007-11-06, 0.10458870523062723, 0.35633187772925745, 0.11630160883892218, 0.01849806027284654, 0.2955799844911737, 0.008259153895567594, 0.0013724638012672426, 0.019819915818637117, 0.020546576997346074
2007-11-06, 0.1386054412039122, 0.16768558951965057, 0.13956193060670682, 0.18498060272846403, 0.572002007024586, 0.013765256492612642, 0.0013724638012672426, 0.01406574671000053, 0.015409932748009551
2007-11-06, 0.1386054412039122, 0.16768558951965057, 0.13956193060670682, 0.18498060272846403, 0.572002007024586, 0.013765256492612642, 0.0013724638012672426, 0.01406574671000053, 0.015409932748009551
2007-11-06, 0.1386054412039122, 0.16768558951965057, 0.13956193060670682, 0.18498060272846403, 0.572002007024586, 0.013765256492612642, 0.0013724638012672426, 0.01406574671000053, 0.015409932748009551
2007-11-06, 0.1386054412039122, 0.16768558951965057, 0.13956193060670682, 0.18498060272846403, 0.572002007024586, 0.013765256492612642, 0.0013724638012672426, 0.01406574671000053, 0.015409932748009551
2007-11-06, 0.1386054412039122, 0.16768558951965057, 0.13956193060670682, 0.18498060272846403, 0.572002007024586, 0.013765256492612642, 0.0013724638012672426, 0.01406574671000053, 0.015409932748009551
2007-11-06, 0.1386054412039122, 0.16768558951965057, 0.13956193060670682, 0.18498060272846403, 0.572002007024586, 0.013765256492612642, 0.0013724638012672426, 0.01406574671000053, 0.015409932748009551
2007-11-06, 0.1386054412039122, 0.16768558951965057, 0.13956193060670682, 0.18498060272846403, 0.572002007024586, 0.013765256492612642, 0.0013724638012672426, 0.01406574671000053, 0.015409932748009551
2007-11-06, 0.1386054412039122, 0.16768558951965057, 0.13956193060670682, 0.18498060272846403, 0.572002007024586, 0.013765256492612642, 0.0013724638012672426, 0.01406574671000053, 0.015409932748009551
2007-11-06, 0.1386054412039122, 0.16768558951965057, 0.13956193060670682, 0.18498060272846403, 0.572002007024586, 0.013765256492612642, 0.0013724638012672426, 0.01406574671000053, 0.015409932748009551
2007-11-06, 0.1386054412039122, 0.16768558951965057, 0.13956193060670682, 0.18498060272846403, 0.572002007024586, 0.013765256492612642, 0.0013724638012672426, 0.01406574671000053, 0.015409932748009551
2007-11-06, 0.1094923161695136, 0.2934497816593884, 0.15506881178522947, 0.015415050227371935, 0.38042238744697343, 0.005506102597045063, 0.0013724638012672426, 0.012147690340455, 0.01255624149837815
2007-11-06, 0.10557135479107527, 0.25152838427947594, 0.10079472766039921, 0.012332040181897604, 0.43515942161200566, 0.005506102597045063, 0.0013724638012672426, 0.017901859449091586, 0.019975838747419792
2007-11-06, 0.10485973795364437, 0.20960698689956325, 0.10079472766039921, 0.04624515068211608, 0.42968571819550255, 0.011012205194090127, 0.0013724638012672426, 0.017901859449091586, 0.0222587917471249
2007-11-06, 0.12211820756540592, 0.2724890829694321, 0.12405504942818385, 0.1325694319553993, 0.39684349769648325, 0.013765256492612642, 0.004117391403801713, 0.01598380307954606, 0.01712214749778839
2007-10-07, 0.1305789473662378, 0.48209606986899556, 0.15506881178522947, 0.14490147213729662, 0.2381060986178897, 0.008259153895567594, 0.006862319006336213, 0.0019180563695455287, 0.007419597249041629
2007-10-07, 0.12314086174725768, 0.2724890829694323, 0.1240550494281835, 0.09865632145518083, 0.4652647904027732, 0.008259153895567594, 0.005489855205068971, 0.0006393521231818429, 0.01027328849867303
2007-10-07, 0.12314086174725768, 0.2724890829694323, 0.1240550494281835, 0.09865632145518083, 0.4652647904027732, 0.008259153895567594, 0.005489855205068971, 0.0006393521231818429, 0.01027328849867303
2007-10-07, 0.12314086174725768, 0.2724890829694323, 0.1240550494281835, 0.09865632145518083, 0.4652647904027732, 0.008259153895567594, 0.005489855205068971, 0.0006393521231818429, 0.01027328849867303
2007-10-07, 0.12314086174725768, 0.2724890829694323, 0.1240550494281835, 0.09865632145518083, 0.4652647904027732, 0.008259153895567594, 0.005489855205068971, 0.0006393521231818429, 0.01027328849867303
2007-10-07, 0.12314086174725768, 0.2724890829694323, 0.1240550494281835, 0.09865632145518083, 0.4652647904027732, 0.008259153895567594, 0.005489855205068971, 0.0006393521231818429, 0.01027328849867303
2007-10-07, 0.12314086174725768, 0.2724890829694323, 0.1240550494281835, 0.09865632145518083, 0.4652647904027732, 0.008259153895567594, 0.005489855205068971, 0.0006393521231818429, 0.01027328849867303
2007-10-07, 0.12314086174725768, 0.2724890829694323, 0.1240550494281835, 0.09865632145518083, 0.4652647904027732, 0.008259153895567594, 0.005489855205068971, 0.0006393521231818429, 0.01027328849867303
2007-10-07, 0.12314086174725768, 0.2724890829694323, 0.1240550494281835, 0.09865632145518083, 0.4652647904027732, 0.008259153895567594, 0.005489855205068971, 0.0006393521231818429, 0.01027328849867303
2007-10-07, 0.12314086174725768, 0.2724890829694323, 0.1240550494281835, 0.09865632145518083, 0.4652647904027732, 0.008259153895567594, 0.005489855205068971, 0.0006393521231818429, 0.01027328849867303
2007-10-07, 0.12314086174725768, 0.2724890829694323, 0.1240550494281835, 0.09865632145518083, 0.4652647904027732, 0.008259153895567594, 0.005489855205068971, 0.0006393521231818429, 0.01027328849867303
2007-10-07, 0.1239479151996365, 0.35633187772925745, 0.14731537119596816, 0.05857719086401368, 0.4023172011129863, 0.008259153895567594, 0.008234782807603456, 0.0025574084927273717, 0.00799033549896791
2007-10-07, 0.18754422393391335, 0.0419213973799127, 0.2170963364993214, 0.46553451686663405, 0.7197919992701727, 0.019271359089657707, 0.013724638012672426, 0.007032873355000258, 0.01598067099793582
2007-10-07, 0.16174804477942586, 0.7126637554585151, 0.13180849001744516, 0.3083010045474398, 0.12589517857957397, 0.0027530512985225165, 0.0027449276025344853, 0.006393521231818429, 0.0034244294995576683
2007-10-07, 0.14250778231064562, 0.1467248908296942, 0.15506881178522947, 0.24047478354700313, 0.5501071933585732, 0.013765256492612657, 0.009607246608870698, 0.0031967606159092003, 0.021117315247272343
2007-09-07, 0.1050516419425902, 0.1467248908296942, 0.023260321767784645, 0.15106749222824556, 0.49537015919354094, 0.011012205194090127, 0.005489855205068971, 0.0006393521231818429, 0.006848858999115362
2007-09-07, 0.1050516419425902, 0.1467248908296942, 0.023260321767784645, 0.15106749222824556, 0.49537015919354094, 0.011012205194090127, 0.005489855205068971, 0.0006393521231818429, 0.006848858999115362
2007-09-07, 0.1050516419425902, 0.1467248908296942, 0.023260321767784645, 0.15106749222824556, 0.49537015919354094, 0.011012205194090127, 0.005489855205068971, 0.0006393521231818429, 0.006848858999115362
2007-09-07, 0.1050516419425902, 0.1467248908296942, 0.023260321767784645, 0.15106749222824556, 0.49537015919354094, 0.011012205194090127, 0.005489855205068971, 0.0006393521231818429, 0.006848858999115362
2007-09-07, 0.1050516419425902, 0.1467248908296942, 0.023260321767784645, 0.15106749222824556, 0.49537015919354094, 0.011012205194090127, 0.005489855205068971, 0.0006393521231818429, 0.006848858999115362
2007-09-07, 0.1050516419425902, 0.1467248908296942, 0.023260321767784645, 0.15106749222824556, 0.49537015919354094, 0.011012205194090127, 0.005489855205068971, 0.0006393521231818429, 0.006848858999115362
2007-09-07, 0.1050516419425902, 0.1467248908296942, 0.023260321767784645, 0.15106749222824556, 0.49537015919354094, 0.011012205194090127, 0.005489855205068971, 0.0006393521231818429, 0.006848858999115362
2007-09-07, 0.1050516419425902, 0.1467248908296942, 0.023260321767784645, 0.15106749222824556, 0.49537015919354094, 0.011012205194090127, 0.005489855205068971, 0.0006393521231818429, 0.006848858999115362
2007-09-07, 0.1050516419425902, 0.1467248908296942, 0.023260321767784645, 0.15106749222824556, 0.49537015919354094, 0.011012205194090127, 0.005489855205068971, 0.0006393521231818429, 0.006848858999115362
2007-09-07, 0.1050516419425902, 0.1467248908296942, 0.023260321767784645, 0.15106749222824556, 0.49537015919354094, 0.011012205194090127, 0.005489855205068971, 0.0006393521231818429, 0.006848858999115362
2007-09-07, 0.1050516419425902, 0.1467248908296942, 0.023260321767784645, 0.15106749222824556, 0.49537015919354094, 0.011012205194090127, 0.005489855205068971, 0.0006393521231818429, 0.006848858999115362
2007-09-07, 0.1366109471511062, 0.5240174672489083, 0.015506881178522981, 0.3761272255478765, 0.16694795420334818, 0.0027530512985225316, 0.0, 0.006393521231818429, 0.0011414764998525476
2007-09-07, 0.09089887343924344, 0.16768558951965057, 0.062027524714091925, 0.021581070318320874, 0.44884368015326365, 0.011012205194090127, 0.006862319006336213, 0.005754169108636586, 0.003424429499557681
2007-09-07, 0.08620053879631562, 0.16768558951965057, 0.046520643535568944, 0.06474321095496234, 0.3886329425717283, 0.011012205194090127, 0.0027449276025344853, 0.0025574084927273717, 0.005707382499262802
2007-09-07, 0.07861495269940716, 0.2724890829694323, 0.015506881178522981, 0.0215810703183206, 0.2955799844911737, 0.011012205194090127, 0.005489855205068971, 0.0038361127390910575, 0.003424429499557681
2007-08-08, 0.06710228136586639, 0.1467248908296942, 0.08528784648187622, 0.006166020090948665, 0.27094831911690925, 0.00825915389556758, 0.01372463801267241, 0.0, 0.005707382499262802
2007-08-08, 0.05838608358748578, 0.0838427947598254, 0.06978096530335325, 0.006166020090948939, 0.27094831911690925, 0.013765256492612642, 0.015097101813939653, 0.0006393521231818429, 0.006848858999115362
2007-08-08, 0.05838608358748578, 0.0838427947598254, 0.06978096530335325, 0.006166020090948939, 0.27094831911690925, 0.013765256492612642, 0.015097101813939653, 0.0006393521231818429, 0.006848858999115362
2007-08-08, 0.05838608358748578, 0.0838427947598254, 0.06978096530335325, 0.006166020090948939, 0.27094831911690925, 0.013765256492612642, 0.015097101813939653, 0.0006393521231818429, 0.006848858999115362
2007-08-08, 0.05838608358748578, 0.0838427947598254, 0.06978096530335325, 0.006166020090948939, 0.27094831911690925, 0.013765256492612642, 0.015097101813939653, 0.0006393521231818429, 0.006848858999115362
2007-08-08, 0.05838608358748578, 0.0838427947598254, 0.06978096530335325, 0.006166020090948939, 0.27094831911690925, 0.013765256492612642, 0.015097101813939653, 0.0006393521231818429, 0.006848858999115362
2007-08-08, 0.05838608358748578, 0.0838427947598254, 0.06978096530335325, 0.006166020090948939, 0.27094831911690925, 0.013765256492612642, 0.015097101813939653, 0.0006393521231818429, 0.006848858999115362
2007-08-08, 0.05838608358748578, 0.0838427947598254, 0.06978096530335325, 0.006166020090948939, 0.27094831911690925, 0.013765256492612642, 0.015097101813939653, 0.0006393521231818429, 0.006848858999115362
2007-08-08, 0.05838608358748578, 0.0838427947598254, 0.06978096530335325, 0.006166020090948939, 0.27094831911690925, 0.013765256492612642, 0.015097101813939653, 0.0006393521231818429, 0.006848858999115362
2007-08-08, 0.05838608358748578, 0.0838427947598254, 0.06978096530335325, 0.006166020090948939, 0.27094831911690925, 0.013765256492612642, 0.015097101813939653, 0.0006393521231818429, 0.006848858999115362
2007-08-08, 0.05838608358748578, 0.0838427947598254, 0.06978096530335325, 0.006166020090948939, 0.27094831911690925, 0.013765256492612642, 0.015097101813939653, 0.0006393521231818429, 0.006848858999115362
2007-08-08, 0.06418214401457735, 0.1467248908296942, 0.04652064353556877, 0.021581070318320874, 0.2682114674086575, 0.011012205194090111, 0.012352174211405168, 0.0019180563695455287, 0.005136644249336521
2007-08-08, 0.09406297405687507, 0.0419213973799127, 0.10079472766039921, 0.1541505022737199, 0.4132646079459928, 0.013765256492612642, 0.012352174211405168, 0.0025574084927273573, 0.013697717998230712
2007-08-08, 0.15142944228690808, 0.4192139737991265, 0.09304128707113772, 0.36071217532050454, 0.3174747981571866, 0.0027530512985225316, 0.010979710410137926, 0.0038361127390910575, 0.003424429499557681
2007-08-08, 0.059676465926048694, 0.25152838427947594, 0.054274084124830264, 0.1418184620918223, 0.005473703416503099, 0.005506102597045048, 0.010979710410137926, 0.0038361127390910575, 0.003995167749483961
2007-07-09, 0.0940437527149017, 0.04192139737991247, 0.015506881178522981, 0.21889371322868226, 0.4515805318615152, 0.005506102597045063, 0.006862319006336213, 0.011508338217273158, 0.0005707382499262802
2007-07-09, 0.0940437527149017, 0.04192139737991247, 0.015506881178522981, 0.21889371322868226, 0.4515805318615152, 0.005506102597045063, 0.006862319006336213, 0.011508338217273158, 0.0005707382499262802
2007-07-09, 0.0940437527149017, 0.04192139737991247, 0.015506881178522981, 0.21889371322868226, 0.4515805318615152, 0.005506102597045063, 0.006862319006336213, 0.011508338217273158, 0.0005707382499262802
2007-07-09, 0.0940437527149017, 0.04192139737991247, 0.015506881178522981, 0.21889371322868226, 0.4515805318615152, 0.005506102597045063, 0.006862319006336213, 0.011508338217273158, 0.0005707382499262802
2007-07-09, 0.0940437527149017, 0.04192139737991247, 0.015506881178522981, 0.21889371322868226, 0.4515805318615152, 0.005506102597045063, 0.006862319006336213, 0.011508338217273158, 0.0005707382499262802
2007-07-09, 0.0940437527149017, 0.04192139737991247, 0.015506881178522981, 0.21889371322868226, 0.4515805318615152, 0.005506102597045063, 0.006862319006336213, 0.011508338217273158, 0.0005707382499262802
2007-07-09, 0.0940437527149017, 0.04192139737991247, 0.015506881178522981, 0.21889371322868226, 0.4515805318615152, 0.005506102597045063, 0.006862319006336213, 0.011508338217273158, 0.0005707382499262802
2007-07-09, 0.0940437527149017, 0.04192139737991247, 0.015506881178522981, 0.21889371322868226, 0.4515805318615152, 0.005506102597045063, 0.006862319006336213, 0.011508338217273158, 0.0005707382499262802
2007-07-09, 0.0940437527149017, 0.04192139737991247, 0.015506881178522981, 0.21889371322868226, 0.4515805318615152, 0.005506102597045063, 0.006862319006336213, 0.011508338217273158, 0.0005707382499262802
2007-07-09, 0.0940437527149017, 0.04192139737991247, 0.015506881178522981, 0.21889371322868226, 0.4515805318615152, 0.005506102597045063, 0.006862319006336213, 0.011508338217273158, 0.0005707382499262802
2007-07-09, 0.0940437527149017, 0.04192139737991247, 0.015506881178522981, 0.21889371322868226, 0.4515805318615152, 0.005506102597045063, 0.006862319006336213, 0.011508338217273158, 0.0005707382499262802
2007-07-09, 0.10161605259569918, 0.3982532751091702, 0.007753440589261491, 0.19422963286488704, 0.17242165761985154, 0.008259153895567594, 0.0, 0.021737972188182644, 0.010273288498673042
2007-07-09, 0.105360402912205, 0.0419213973799127, 0.015506881178522981, 0.26822187395627267, 0.46800164211102496, 0.011012205194090111, 0.010979710410137926, 0.019819915818637117, 0.007419597249041642
2007-07-09, 0.0958331081084378, 0.020960698689956116, 0.03876720294630745, 0.21889371322868226, 0.44884368015326365, 0.005506102597045063, 0.008234782807603456, 0.019180563695455274, 0.006278120749189082
2007-07-09, 0.2271579917375683, 0.37729257641921404, 0.11630160883892218, 0.5765228785037124, 0.7006340373124116, 0.019271359089657707, 0.01372463801267241, 0.008950929724545786, 0.0045659059994102285
2007-06-09, 0.09208432987476504, 0.02096069868995635, 0.03101376235704579, 0.262055853865324, 0.39136979427997987, 0.005506102597045063, 0.006862319006336213, 0.0166231552027279, 0.0022829529997051208
2007-06-09, 0.09208432987476504, 0.02096069868995635, 0.03101376235704579, 0.262055853865324, 0.39136979427997987, 0.005506102597045063, 0.006862319006336213, 0.0166231552027279, 0.0022829529997051208
2007-06-09, 0.09208432987476504, 0.02096069868995635, 0.03101376235704579, 0.262055853865324, 0.39136979427997987, 0.005506102597045063, 0.006862319006336213, 0.0166231552027279, 0.0022829529997051208
2007-06-09, 0.09208432987476504, 0.02096069868995635, 0.03101376235704579, 0.262055853865324, 0.39136979427997987, 0.005506102597045063, 0.006862319006336213, 0.0166231552027279, 0.0022829529997051208
2007-06-09, 0.09208432987476504, 0.02096069868995635, 0.03101376235704579, 0.262055853865324, 0.39136979427997987, 0.005506102597045063, 0.006862319006336213, 0.0166231552027279, 0.0022829529997051208
2007-06-09, 0.09208432987476504, 0.02096069868995635, 0.03101376235704579, 0.262055853865324, 0.39136979427997987, 0.005506102597045063, 0.006862319006336213, 0.0166231552027279, 0.0022829529997051208
2007-06-09, 0.09208432987476504, 0.02096069868995635, 0.03101376235704579, 0.262055853865324, 0.39136979427997987, 0.005506102597045063, 0.006862319006336213, 0.0166231552027279, 0.0022829529997051208
2007-06-09, 0.09208432987476504, 0.02096069868995635, 0.03101376235704579, 0.262055853865324, 0.39136979427997987, 0.005506102597045063, 0.006862319006336213, 0.0166231552027279, 0.0022829529997051208
2007-06-09, 0.09208432987476504, 0.02096069868995635, 0.03101376235704579, 0.262055853865324, 0.39136979427997987, 0.005506102597045063, 0.006862319006336213, 0.0166231552027279, 0.0022829529997051208
2007-06-09, 0.09208432987476504, 0.02096069868995635, 0.03101376235704579, 0.262055853865324, 0.39136979427997987, 0.005506102597045063, 0.006862319006336213, 0.0166231552027279, 0.0022829529997051208
2007-06-09, 0.09208432987476504, 0.02096069868995635, 0.03101376235704579, 0.262055853865324, 0.39136979427997987, 0.005506102597045063, 0.006862319006336213, 0.0166231552027279, 0.0022829529997051208
2007-06-09, 0.05541318438333812, 0.314410480349345, 0.03101376235704579, 0.009249030136422996, 0.05200018245678042, 0.005506102597045063, 0.0027449276025344853, 0.019819915818637117, 0.008561073748894203
2007-06-09, 0.054123743948917724, 0.25152838427947594, 0.04652064353556877, 0.07090923104591101, 0.021894813666012883, 0.005506102597045063, 0.004117391403801728, 0.021098620065000802, 0.011414764998525591
2007-06-09, 0.10093953211386897, 0.46113537117903924, 0.03101376235704579, 0.15723351231919425, 0.11494777174656752, 0.011012205194090111, 0.0013724638012672426, 0.021098620065000802, 0.009702550248746764
2007-06-09, 0.05792150331187639, 0.23056768558951962, 0.015506881178522981, 0.09249030136423189, 0.08757925466405153, 0.005506102597045063, 0.004117391403801728, 0.017901859449091586, 0.009702550248746764
2007-05-10, 0.03280376268826249, 0.0419213973799127, 0.06978096530335325, 0.1171543817280271, 0.005473703416503099, 0.0027530512985225165, 0.0013724638012672426, 0.01598380307954606, 0.007990335498967922
2007-05-10, 0.15599354760607698, 0.2724890829694323, 0.07753440589261457, 0.28980294427459324, 0.585686265565844, 0.005506102597045063, 0.005489855205068971, 0.010868986094091315, 0.0005707382499262802
2007-05-10, 0.15599354760607698, 0.2724890829694323, 0.07753440589261457, 0.28980294427459324, 0.585686265565844, 0.005506102597045063, 0.005489855205068971, 0.010868986094091315, 0.0005707382499262802
2007-05-10, 0.15599354760607698, 0.2724890829694323, 0.07753440589261457, 0.28980294427459324, 0.585686265565844, 0.005506102597045063, 0.005489855205068971, 0.010868986094091315, 0.0005707382499262802
2007-05-10, 0.15599354760607698, 0.2724890829694323, 0.07753440589261457, 0.28980294427459324, 0.585686265565844, 0.005506102597045063, 0.005489855205068971, 0.010868986094091315, 0.0005707382499262802
2007-05-10, 0.15599354760607698, 0.2724890829694323, 0.07753440589261457, 0.28980294427459324, 0.585686265565844, 0.005506102597045063, 0.005489855205068971, 0.010868986094091315, 0.0005707382499262802
2007-05-10, 0.15599354760607698, 0.2724890829694323, 0.07753440589261457, 0.28980294427459324, 0.585686265565844, 0.005506102597045063, 0.005489855205068971, 0.010868986094091315, 0.0005707382499262802
2007-05-10, 0.15599354760607698, 0.2724890829694323, 0.07753440589261457, 0.28980294427459324, 0.585686265565844, 0.005506102597045063, 0.005489855205068971, 0.010868986094091315, 0.0005707382499262802
2007-05-10, 0.15599354760607698, 0.2724890829694323, 0.07753440589261457, 0.28980294427459324, 0.585686265565844, 0.005506102597045063, 0.005489855205068971, 0.010868986094091315, 0.0005707382499262802
2007-05-10, 0.15599354760607698, 0.2724890829694323, 0.07753440589261457, 0.28980294427459324, 0.585686265565844, 0.005506102597045063, 0.005489855205068971, 0.010868986094091315, 0.0005707382499262802
2007-05-10, 0.15599354760607698, 0.2724890829694323, 0.07753440589261457, 0.28980294427459324, 0.585686265565844, 0.005506102597045063, 0.005489855205068971, 0.010868986094091315, 0.0005707382499262802
2007-05-10, 0.03938248533532926, 0.1257641921397381, 0.06978096530335325, 0.00924903013642327, 0.08210555124754819, 0.0, 0.004117391403801728, 0.0166231552027279, 0.007419597249041642
2007-05-10, 0.036003186855673615, 0.0419213973799127, 0.08528784648187622, 0.0030830100454743324, 0.1341057337043286, 0.0027530512985225316, 0.0027449276025344853, 0.014705098833182372, 0.003424429499557681
2007-05-10, 0.024467101253383382, 0.02096069868995635, 0.0232603217677843, 0.04316214063664148, 0.07663184783104485, 0.0, 0.004117391403801728, 0.017901859449091586, 0.009702550248746764
2007-05-10, 0.07179695547268915, 0.06288209606986905, 0.046520643535568944, 0.12023739177350143, 0.3256853532819412, 0.0, 0.004117391403801728, 0.011508338217273158, 0.003424429499557681
2007-04-10, 0.04161126003829436, 0.06288209606986905, 0.09304128707113789, 0.0, 0.15326369566208994, 0.0, 0.0013724638012672426, 0.0166231552027279, 0.005707382499262802
2007-04-10, 0.15339464454814464, 0.06288209606986905, 0.10079472766039921, 0.4285383963209412, 0.6048442275236053, 0.008259153895567594, 0.005489855205068971, 0.01406574671000053, 0.0022829529997051208
2007-04-10, 0.15339464454814464, 0.06288209606986905, 0.10079472766039921, 0.4285383963209412, 0.6048442275236053, 0.008259153895567594, 0.005489855205068971, 0.01406574671000053, 0.0022829529997051208
2007-04-10, 0.15339464454814464, 0.06288209606986905, 0.10079472766039921, 0.4285383963209412, 0.6048442275236053, 0.008259153895567594, 0.005489855205068971, 0.01406574671000053, 0.0022829529997051208
2007-04-10, 0.15339464454814464, 0.06288209606986905, 0.10079472766039921, 0.4285383963209412, 0.6048442275236053, 0.008259153895567594, 0.005489855205068971, 0.01406574671000053, 0.0022829529997051208
2007-04-10, 0.15339464454814464, 0.06288209606986905, 0.10079472766039921, 0.4285383963209412, 0.6048442275236053, 0.008259153895567594, 0.005489855205068971, 0.01406574671000053, 0.0022829529997051208
2007-04-10, 0.15339464454814464, 0.06288209606986905, 0.10079472766039921, 0.4285383963209412, 0.6048442275236053, 0.008259153895567594, 0.005489855205068971, 0.01406574671000053, 0.0022829529997051208
2007-04-10, 0.15339464454814464, 0.06288209606986905, 0.10079472766039921, 0.4285383963209412, 0.6048442275236053, 0.008259153895567594, 0.005489855205068971, 0.01406574671000053, 0.0022829529997051208
2007-04-10, 0.15339464454814464, 0.06288209606986905, 0.10079472766039921, 0.4285383963209412, 0.6048442275236053, 0.008259153895567594, 0.005489855205068971, 0.01406574671000053, 0.0022829529997051208
2007-04-10, 0.15339464454814464, 0.06288209606986905, 0.10079472766039921, 0.4285383963209412, 0.6048442275236053, 0.008259153895567594, 0.005489855205068971, 0.01406574671000053, 0.0022829529997051208
2007-04-10, 0.15339464454814464, 0.06288209606986905, 0.10079472766039921, 0.4285383963209412, 0.6048442275236053, 0.008259153895567594, 0.005489855205068971, 0.01406574671000053, 0.0022829529997051208
2007-04-10, 0.05343295209203178, 0.0838427947598254, 0.08528784648187622, 0.033913110500218474, 0.1970533229941157, 0.0027530512985225316, 0.0, 0.0166231552027279, 0.007990335498967922
2007-04-10, 0.047403004910185745, 0.10480349344978175, 0.0775344058926149, 0.012332040181897604, 0.15873739907859305, 0.0027530512985225316, 0.0013724638012672426, 0.01598380307954606, 0.005707382499262802
2007-04-10, 0.04281020524294281, 0.0419213973799127, 0.0775344058926149, 0.03083010045474387, 0.1560005473703415, 0.005506102597045048, 0.0013724638012672426, 0.017901859449091586, 0.011414764998525591
2007-04-10, 0.050742820755410145, 0.1257641921397381, 0.12405504942818385, 0.06474321095496234, 0.06294758928978686, 0.005506102597045048, 0.0013724638012672426, 0.014705098833182372, 0.006848858999115362
2007-03-11, 0.05121121579956573, 0.1257641921397381, 0.031013762357045963, 0.021581070318320874, 0.21073758153537395, 0.0027530512985225165, 0.004117391403801728, 0.010868986094091315, 0.002853691249631401
2007-03-11, 0.17726614827747417, 0.27248908296943253, 0.0465206435355686, 0.34838013513860694, 0.7280025543949278, 0.008259153895567594, 0.0013724638012672426, 0.005114816985454743, 0.00799033549896791
2007-03-11, 0.17726614827747417, 0.27248908296943253, 0.0465206435355686, 0.34838013513860694, 0.7280025543949278, 0.008259153895567594, 0.0013724638012672426, 0.005114816985454743, 0.00799033549896791
2007-03-11, 0.17726614827747417, 0.27248908296943253, 0.0465206435355686, 0.34838013513860694, 0.7280025543949278, 0.008259153895567594, 0.0013724638012672426, 0.005114816985454743, 0.00799033549896791
2007-03-11, 0.17726614827747417, 0.27248908296943253, 0.0465206435355686, 0.34838013513860694, 0.7280025543949278, 0.008259153895567594, 0.0013724638012672426, 0.005114816985454743, 0.00799033549896791
2007-03-11, 0.17726614827747417, 0.27248908296943253, 0.0465206435355686, 0.34838013513860694, 0.7280025543949278, 0.008259153895567594, 0.0013724638012672426, 0.005114816985454743, 0.00799033549896791
2007-03-11, 0.17726614827747417, 0.27248908296943253, 0.0465206435355686, 0.34838013513860694, 0.7280025543949278, 0.008259153895567594, 0.0013724638012672426, 0.005114816985454743, 0.00799033549896791
2007-03-11, 0.17726614827747417, 0.27248908296943253, 0.0465206435355686, 0.34838013513860694, 0.7280025543949278, 0.008259153895567594, 0.0013724638012672426, 0.005114816985454743, 0.00799033549896791
2007-03-11, 0.17726614827747417, 0.27248908296943253, 0.0465206435355686, 0.34838013513860694, 0.7280025543949278, 0.008259153895567594, 0.0013724638012672426, 0.005114816985454743, 0.00799033549896791
2007-03-11, 0.17726614827747417, 0.27248908296943253, 0.0465206435355686, 0.34838013513860694, 0.7280025543949278, 0.008259153895567594, 0.0013724638012672426, 0.005114816985454743, 0.00799033549896791
2007-03-11, 0.17726614827747417, 0.27248908296943253, 0.0465206435355686, 0.34838013513860694, 0.7280025543949278, 0.008259153895567594, 0.0013724638012672426, 0.005114816985454743, 0.00799033549896791
2007-03-11, 0.05242131702462995, 0.06288209606986905, 0.0465206435355686, 0.015415050227371935, 0.2736851708251608, 0.0027530512985225165, 0.004117391403801728, 0.013426394586818687, 0.0005707382499262802
2007-03-11, 0.07104812708244863, 0.0, 0.07753440589261457, 0.10482234154612949, 0.37221183232221877, 0.0, 0.0013724638012672426, 0.009590281847727629, 0.002853691249631401
2007-03-11, 0.3463521723511598, 0.691703056768559, 0.007753440589261319, 0.8015826118233437, 1.2233727135884687, 0.022024410388180236, 0.010979710410137941, 0.0025574084927273717, 0.01084402674859931
2007-03-11, 0.04522794970522827, 0.14672489082969398, 0.06978096530335325, 0.08324127122780861, 0.032842220499019324, 0.005506102597045048, 0.0027449276025344853, 0.014705098833182372, 0.006278120749189082
2007-02-09, 0.030552696158296137, 0.10480349344978128, 0.007753440589261662, 0.12023739177350143, 0.0, 0.0, 0.0027449276025344853, 0.008311577601363944, 0.0005707382499262802
2007-02-09, 0.2039160978174303, 0.3772925764192138, 0.031013762357045963, 0.3977082958661974, 0.7936869953929665, 0.013765256492612657, 0.004117391403801728, 0.005754169108636572, 0.00799033549896791
2007-02-09, 0.2039160978174303, 0.3772925764192138, 0.031013762357045963, 0.3977082958661974, 0.7936869953929665, 0.013765256492612657, 0.004117391403801728, 0.005754169108636572, 0.00799033549896791
2007-02-09, 0.2039160978174303, 0.3772925764192138, 0.031013762357045963, 0.3977082958661974, 0.7936869953929665, 0.013765256492612657, 0.004117391403801728, 0.005754169108636572, 0.00799033549896791
2007-02-09, 0.2039160978174303, 0.3772925764192138, 0.031013762357045963, 0.3977082958661974, 0.7936869953929665, 0.013765256492612657, 0.004117391403801728, 0.005754169108636572, 0.00799033549896791
2007-02-09, 0.2039160978174303, 0.3772925764192138, 0.031013762357045963, 0.3977082958661974, 0.7936869953929665, 0.013765256492612657, 0.004117391403801728, 0.005754169108636572, 0.00799033549896791
2007-02-09, 0.2039160978174303, 0.3772925764192138, 0.031013762357045963, 0.3977082958661974, 0.7936869953929665, 0.013765256492612657, 0.004117391403801728, 0.005754169108636572, 0.00799033549896791
2007-02-09, 0.2039160978174303, 0.3772925764192138, 0.031013762357045963, 0.3977082958661974, 0.7936869953929665, 0.013765256492612657, 0.004117391403801728, 0.005754169108636572, 0.00799033549896791
2007-02-09, 0.2039160978174303, 0.3772925764192138, 0.031013762357045963, 0.3977082958661974, 0.7936869953929665, 0.013765256492612657, 0.004117391403801728, 0.005754169108636572, 0.00799033549896791
2007-02-09, 0.2039160978174303, 0.3772925764192138, 0.031013762357045963, 0.3977082958661974, 0.7936869953929665, 0.013765256492612657, 0.004117391403801728, 0.005754169108636572, 0.00799033549896791
2007-02-09, 0.2039160978174303, 0.3772925764192138, 0.031013762357045963, 0.3977082958661974, 0.7936869953929665, 0.013765256492612657, 0.004117391403801728, 0.005754169108636572, 0.00799033549896791
2007-02-09, 0.03363141597280268, 0.08384279475982494, 0.031013762357045963, 0.10482234154612949, 0.038315923915522666, 0.0, 0.0027449276025344853, 0.008311577601363944, 0.0
2007-02-09, 0.3398247114859972, 0.775545851528384, 0.046520643535568944, 0.7892505716414457, 1.0591616110933726, 0.0275305129852253, 0.009607246608870683, 0.0012787042463636858, 0.00970255024874675
2007-02-09, 0.07536198579416734, 0.2515283842794757, 0.03876720294630728, 0.03699612054569281, 0.25726406057565127, 0.005506102597045063, 0.0013724638012672426, 0.005754169108636572, 0.005707382499262802
2007-02-09, 0.10887859756947187, 0.31441048034934477, 0.007753440589261662, 0.12332040181897576, 0.40505405282123813, 0.011012205194090127, 0.0013724638012672426, 0.006393521231818415, 0.0017122147497788405
2007-01-10, 0.047137850605542236, 0.14672489082969398, 0.054274084124830264, 0.13256943195539903, 0.02463166537426468, 0.0027530512985225316, 0.004117391403801728, 0.005754169108636572, 0.006278120749189069
2007-01-10, 0.21566820339458503, 0.4401746724890829, 0.07753440589261457, 0.4223723762299926, 0.7581079231856955, 0.019271359089657707, 0.004117391403801728, 0.0031967606159092003, 0.0005707382499262802
2007-01-10, 0.21566820339458503, 0.4401746724890829, 0.07753440589261457, 0.4223723762299926, 0.7581079231856955, 0.019271359089657707, 0.004117391403801728, 0.0031967606159092003, 0.0005707382499262802
2007-01-10, 0.21566820339458503, 0.4401746724890829, 0.07753440589261457, 0.4223723762299926, 0.7581079231856955, 0.019271359089657707, 0.004117391403801728, 0.0031967606159092003, 0.0005707382499262802
2007-01-10, 0.21566820339458503, 0.4401746724890829, 0.07753440589261457, 0.4223723762299926, 0.7581079231856955, 0.019271359089657707, 0.004117391403801728, 0.0031967606159092003, 0.0005707382499262802
2007-01-10, 0.21566820339458503, 0.4401746724890829, 0.07753440589261457, 0.4223723762299926, 0.7581079231856955, 0.019271359089657707, 0.004117391403801728, 0.0031967606159092003, 0.0005707382499262802
2007-01-10, 0.21566820339458503, 0.4401746724890829, 0.07753440589261457, 0.4223723762299926, 0.7581079231856955, 0.019271359089657707, 0.004117391403801728, 0.0031967606159092003, 0.0005707382499262802
2007-01-10, 0.21566820339458503, 0.4401746724890829, 0.07753440589261457, 0.4223723762299926, 0.7581079231856955, 0.019271359089657707, 0.004117391403801728, 0.0031967606159092003, 0.0005707382499262802
2007-01-10, 0.21566820339458503, 0.4401746724890829, 0.07753440589261457, 0.4223723762299926, 0.7581079231856955, 0.019271359089657707, 0.004117391403801728, 0.0031967606159092003, 0.0005707382499262802
2007-01-10, 0.21566820339458503, 0.4401746724890829, 0.07753440589261457, 0.4223723762299926, 0.7581079231856955, 0.019271359089657707, 0.004117391403801728, 0.0031967606159092003, 0.0005707382499262802
2007-01-10, 0.21566820339458503, 0.4401746724890829, 0.07753440589261457, 0.4223723762299926, 0.7581079231856955, 0.019271359089657707, 0.004117391403801728, 0.0031967606159092003, 0.0005707382499262802
2007-01-10, 0.03371287533730231, 0.06288209606986905, 0.0465206435355686, 0.1264034118644501, 0.008210555124754892, 0.0027530512985225316, 0.005489855205068971, 0.008311577601363944, 0.009131811998820471
2007-01-10, 0.03557793307388097, 0.02096069868995635, 0.10854816824966053, 0.09865632145518055, 0.03557907220727088, 0.005506102597045063, 0.004117391403801728, 0.003836112739091043, 0.007419597249041629
2007-01-10, 0.028185475468111412, 0.0419213973799127, 0.0465206435355686, 0.09865632145518055, 0.019157961957761333, 0.0027530512985225316, 0.0068623190063361985, 0.004475464862272886, 0.005136644249336509
2007-01-10, 0.04414771644536679, 0.14672489082969398, 0.0, 0.06782622100043668, 0.12863203028782574, 0.0027530512985225316, 0.004117391403801728, 0.0025574084927273573, 0.0005707382499262802
2006-12-11, 0.03987328473798703, 0.06288209606986858, 0.054274084124830264, 0.11098836163707815, 0.05200018245678066, 0.0027530512985225316, 0.0068623190063361985, 0.022377324311364473, 0.00684885899911535
2006-12-11, 0.21088586994709663, 0.4192139737991265, 0.0465206435355686, 0.36996120545692784, 0.8237923641837342, 0.00825915389556758, 0.0, 0.015344450956364216, 0.003995167749483961
2006-12-11, 0.21088586994709663, 0.4192139737991265, 0.0465206435355686, 0.36996120545692784, 0.8237923641837342, 0.00825915389556758, 0.0, 0.015344450956364216, 0.003995167749483961
2006-12-11, 0.21088586994709663, 0.4192139737991265, 0.0465206435355686, 0.36996120545692784, 0.8237923641837342, 0.00825915389556758, 0.0, 0.015344450956364216, 0.003995167749483961
2006-12-11, 0.21088586994709663, 0.4192139737991265, 0.0465206435355686, 0.36996120545692784, 0.8237923641837342, 0.00825915389556758, 0.0, 0.015344450956364216, 0.003995167749483961
2006-12-11, 0.21088586994709663, 0.4192139737991265, 0.0465206435355686, 0.36996120545692784, 0.8237923641837342, 0.00825915389556758, 0.0, 0.015344450956364216, 0.003995167749483961
2006-12-11, 0.21088586994709663, 0.4192139737991265, 0.0465206435355686, 0.36996120545692784, 0.8237923641837342, 0.00825915389556758, 0.0, 0.015344450956364216, 0.003995167749483961
2006-12-11, 0.21088586994709663, 0.4192139737991265, 0.0465206435355686, 0.36996120545692784, 0.8237923641837342, 0.00825915389556758, 0.0, 0.015344450956364216, 0.003995167749483961
2006-12-11, 0.21088586994709663, 0.4192139737991265, 0.0465206435355686, 0.36996120545692784, 0.8237923641837342, 0.00825915389556758, 0.0, 0.015344450956364216, 0.003995167749483961
2006-12-11, 0.21088586994709663, 0.4192139737991265, 0.0465206435355686, 0.36996120545692784, 0.8237923641837342, 0.00825915389556758, 0.0, 0.015344450956364216, 0.003995167749483961
2006-12-11, 0.21088586994709663, 0.4192139737991265, 0.0465206435355686, 0.36996120545692784, 0.8237923641837342, 0.00825915389556758, 0.0, 0.015344450956364216, 0.003995167749483961
2006-12-11, 0.048918380453769644, 0.14672489082969398, 0.07753440589261457, 0.04007913059116714, 0.09031610637230308, 0.0027530512985225316, 0.005489855205068971, 0.020459267941818945, 0.00799033549896791
2006-12-11, 0.34928152508056315, 0.7126637554585149, 0.06202752471409158, 0.8478277625054594, 1.1221092003831594, 0.022024410388180222, 0.009607246608870698, 0.013426394586818687, 0.0045659059994102415
2006-12-11, 0.030813923571395386, 0.0, 0.08528784648187622, 0.11407137168255249, 0.019157961957761333, 0.0027530512985225316, 0.005489855205068971, 0.019180563695455257, 0.0005707382499262802
2006-12-11, 0.029287486268803863, 0.02096069868995635, 0.054274084124830264, 0.11098836163707815, 0.010947406833006441, 0.0027530512985225316, 0.0068623190063361985, 0.022377324311364473, 0.005136644249336509
2006-11-11, 0.038592573809133834, 0.0419213973799127, 0.10079472766039921, 0.10173933150065488, 0.02736851708251623, 0.005506102597045063, 0.00823478280760344, 0.019180563695455257, 0.003995167749483949
2006-11-11, 0.21568329533996772, 0.3772925764192138, 0.06978096530335325, 0.41928936618451823, 0.823792364183734, 0.011012205194090111, 0.0027449276025344853, 0.014705098833182372, 0.006848858999115362
2006-11-11, 0.21568329533996772, 0.3772925764192138, 0.06978096530335325, 0.41928936618451823, 0.823792364183734, 0.011012205194090111, 0.0027449276025344853, 0.014705098833182372, 0.006848858999115362
2006-11-11, 0.21568329533996772, 0.3772925764192138, 0.06978096530335325, 0.41928936618451823, 0.823792364183734, 0.011012205194090111, 0.0027449276025344853, 0.014705098833182372, 0.006848858999115362
2006-11-11, 0.21568329533996772, 0.3772925764192138, 0.06978096530335325, 0.41928936618451823, 0.823792364183734, 0.011012205194090111, 0.0027449276025344853, 0.014705098833182372, 0.006848858999115362
2006-11-11, 0.21568329533996772, 0.3772925764192138, 0.06978096530335325, 0.41928936618451823, 0.823792364183734, 0.011012205194090111, 0.0027449276025344853, 0.014705098833182372, 0.006848858999115362
2006-11-11, 0.21568329533996772, 0.3772925764192138, 0.06978096530335325, 0.41928936618451823, 0.823792364183734, 0.011012205194090111, 0.0027449276025344853, 0.014705098833182372, 0.006848858999115362
2006-11-11, 0.21568329533996772, 0.3772925764192138, 0.06978096530335325, 0.41928936618451823, 0.823792364183734, 0.011012205194090111, 0.0027449276025344853, 0.014705098833182372, 0.006848858999115362
2006-11-11, 0.21568329533996772, 0.3772925764192138, 0.06978096530335325, 0.41928936618451823, 0.823792364183734, 0.011012205194090111, 0.0027449276025344853, 0.014705098833182372, 0.006848858999115362
2006-11-11, 0.21568329533996772, 0.3772925764192138, 0.06978096530335325, 0.41928936618451823, 0.823792364183734, 0.011012205194090111, 0.0027449276025344853, 0.014705098833182372, 0.006848858999115362
2006-11-11, 0.21568329533996772, 0.3772925764192138, 0.06978096530335325, 0.41928936618451823, 0.823792364183734, 0.011012205194090111, 0.0027449276025344853, 0.014705098833182372, 0.006848858999115362
2006-11-11, 0.03557757641719656, 0.0419213973799127, 0.10079472766039921, 0.08632428127328295, 0.024631665374264432, 0.0, 0.005489855205068971, 0.019180563695455257, 0.006278120749189069
2006-11-11, 0.0419488398353842, 0.02096069868995635, 0.09304128707113754, 0.0030830100454743324, 0.18884276786936108, 0.0027530512985225316, 0.0068623190063361985, 0.0166231552027279, 0.0034244294995576683
2006-11-11, 0.05534762650881824, 0.10480349344978175, 0.13180849001744516, 0.03699612054569253, 0.13410573370432885, 0.005506102597045063, 0.00823478280760344, 0.017901859449091572, 0.0034244294995576683
2006-11-11, 0.06999060344827539, 0.10480349344978128, 0.10079472766039921, 0.06782622100043695, 0.25726406057565127, 0.0, 0.005489855205068971, 0.019180563695455257, 0.0045659059994102285
2006-10-12, 0.0684903674127314, 0.06288209606986905, 0.15506881178522947, 0.09249030136423189, 0.1532636956620902, 0.0, 0.009607246608870698, 0.019819915818637103, 0.05479087199292286
2006-10-12, 0.20658437072776548, 0.3772925764192138, 0.13180849001744516, 0.4254553862754669, 0.6431601514391279, 0.008259153895567594, 0.005489855205068971, 0.017262507325909743, 0.043946845244323546
2006-10-12, 0.20658437072776548, 0.3772925764192138, 0.13180849001744516, 0.4254553862754669, 0.6431601514391279, 0.008259153895567594, 0.005489855205068971, 0.017262507325909743, 0.043946845244323546
2006-10-12, 0.20658437072776548, 0.3772925764192138, 0.13180849001744516, 0.4254553862754669, 0.6431601514391279, 0.008259153895567594, 0.005489855205068971, 0.017262507325909743, 0.043946845244323546
2006-10-12, 0.20658437072776548, 0.3772925764192138, 0.13180849001744516, 0.4254553862754669, 0.6431601514391279, 0.008259153895567594, 0.005489855205068971, 0.017262507325909743, 0.043946845244323546
2006-10-12, 0.20658437072776548, 0.3772925764192138, 0.13180849001744516, 0.4254553862754669, 0.6431601514391279, 0.008259153895567594, 0.005489855205068971, 0.017262507325909743, 0.043946845244323546
2006-10-12, 0.20658437072776548, 0.3772925764192138, 0.13180849001744516, 0.4254553862754669, 0.6431601514391279, 0.008259153895567594, 0.005489855205068971, 0.017262507325909743, 0.043946845244323546
2006-10-12, 0.20658437072776548, 0.3772925764192138, 0.13180849001744516, 0.4254553862754669, 0.6431601514391279, 0.008259153895567594, 0.005489855205068971, 0.017262507325909743, 0.043946845244323546
2006-10-12, 0.20658437072776548, 0.3772925764192138, 0.13180849001744516, 0.4254553862754669, 0.6431601514391279, 0.008259153895567594, 0.005489855205068971, 0.017262507325909743, 0.043946845244323546
2006-10-12, 0.20658437072776548, 0.3772925764192138, 0.13180849001744516, 0.4254553862754669, 0.6431601514391279, 0.008259153895567594, 0.005489855205068971, 0.017262507325909743, 0.043946845244323546
2006-10-12, 0.20658437072776548, 0.3772925764192138, 0.13180849001744516, 0.4254553862754669, 0.6431601514391279, 0.008259153895567594, 0.005489855205068971, 0.017262507325909743, 0.043946845244323546
2006-10-12, 0.04860941009090309, 0.0419213973799127, 0.14731537119596816, 0.027747090409269537, 0.08210555124754844, 0.00825915389556758, 0.010979710410137926, 0.019180563695455257, 0.05136644249336518
2006-10-12, 0.04317016237676632, 0.0419213973799127, 0.14731537119596816, 0.021581070318320874, 0.05747388587328376, 0.0, 0.008234782807603456, 0.019180563695455257, 0.04965422774358634
2006-10-12, 0.05569925916086996, 0.06288209606986905, 0.15506881178522947, 0.06166020090948802, 0.0766318478310451, 0.0027530512985225165, 0.012352174211405168, 0.02173797218818263, 0.05250791899321774
2006-10-12, 0.06439448863133757, 0.06288209606986905, 0.16282225237449113, 0.08940729131875755, 0.11494777174656752, 0.0027530512985225165, 0.008234782807603456, 0.020459267941818945, 0.053649395493070295
2006-09-12, 0.031300193288947065, 0.0419213973799127, 0.11630160883892218, 0.01849806027284654, 0.0027368517082515496, 0.0027530512985225316, 0.009607246608870683, 0.01406574671000053, 0.04451758349424983
2006-09-12, 0.1911719498759897, 0.2724890829694321, 0.10854816824966086, 0.45320247668473645, 0.6267390411896183, 0.016518307791135174, 0.004117391403801728, 0.008950929724545786, 0.038810200994987026
2006-09-12, 0.1911719498759897, 0.2724890829694321, 0.10854816824966086, 0.45320247668473645, 0.6267390411896183, 0.016518307791135174, 0.004117391403801728, 0.008950929724545786, 0.038810200994987026
2006-09-12, 0.1911719498759897, 0.2724890829694321, 0.10854816824966086, 0.45320247668473645, 0.6267390411896183, 0.016518307791135174, 0.004117391403801728, 0.008950929724545786, 0.038810200994987026
2006-09-12, 0.1911719498759897, 0.2724890829694321, 0.10854816824966086, 0.45320247668473645, 0.6267390411896183, 0.016518307791135174, 0.004117391403801728, 0.008950929724545786, 0.038810200994987026
2006-09-12, 0.1911719498759897, 0.2724890829694321, 0.10854816824966086, 0.45320247668473645, 0.6267390411896183, 0.016518307791135174, 0.004117391403801728, 0.008950929724545786, 0.038810200994987026
2006-09-12, 0.1911719498759897, 0.2724890829694321, 0.10854816824966086, 0.45320247668473645, 0.6267390411896183, 0.016518307791135174, 0.004117391403801728, 0.008950929724545786, 0.038810200994987026
2006-09-12, 0.1911719498759897, 0.2724890829694321, 0.10854816824966086, 0.45320247668473645, 0.6267390411896183, 0.016518307791135174, 0.004117391403801728, 0.008950929724545786, 0.038810200994987026
2006-09-12, 0.1911719498759897, 0.2724890829694321, 0.10854816824966086, 0.45320247668473645, 0.6267390411896183, 0.016518307791135174, 0.004117391403801728, 0.008950929724545786, 0.038810200994987026
2006-09-12, 0.1911719498759897, 0.2724890829694321, 0.10854816824966086, 0.45320247668473645, 0.6267390411896183, 0.016518307791135174, 0.004117391403801728, 0.008950929724545786, 0.038810200994987026
2006-09-12, 0.1911719498759897, 0.2724890829694321, 0.10854816824966086, 0.45320247668473645, 0.6267390411896183, 0.016518307791135174, 0.004117391403801728, 0.008950929724545786, 0.038810200994987026
2006-09-12, 0.048666941770581146, 0.1257641921397381, 0.1395619306067065, 0.021581070318320874, 0.030105368790767535, 0.0, 0.009607246608870683, 0.015344450956364216, 0.04737127474388123
2006-09-12, 0.04287673722697761, 0.0838427947598254, 0.15506881178522947, 0.024664080363795207, 0.0027368517082515496, 0.0, 0.0068623190063361985, 0.017901859449091572, 0.051937180743291456
2006-09-12, 0.030014933191108133, 0.0419213973799127, 0.08528784648187622, 0.015415050227371935, 0.013684258541257993, 0.005506102597045063, 0.009607246608870683, 0.017901859449091572, 0.0507957042434389
2006-09-12, 0.07433473982613971, 0.0419213973799127, 0.1783291335530141, 0.12332040181897576, 0.18063221274460617, 0.005506102597045063, 0.00823478280760344, 0.012787042463636844, 0.043946845244323546
2006-08-13, 0.04740217640248146, 0.12576419213973764, 0.10854816824966086, 0.04316214063664148, 0.013684258541257993, 0.00825915389556758, 0.015097101813939653, 0.017901859449091586, 0.04680053649395495
2006-08-13, 0.2020063454277089, 0.2096069868995635, 0.10079472766039921, 0.5641908383218148, 0.6787392236463989, 0.0027530512985225316, 0.006862319006336213, 0.010868986094091315, 0.042234630494544706
2006-08-13, 0.2020063454277089, 0.2096069868995635, 0.10079472766039921, 0.5641908383218148, 0.6787392236463989, 0.0027530512985225316, 0.006862319006336213, 0.010868986094091315, 0.042234630494544706
2006-08-13, 0.2020063454277089, 0.2096069868995635, 0.10079472766039921, 0.5641908383218148, 0.6787392236463989, 0.0027530512985225316, 0.006862319006336213, 0.010868986094091315, 0.042234630494544706
2006-08-13, 0.2020063454277089, 0.2096069868995635, 0.10079472766039921, 0.5641908383218148, 0.6787392236463989, 0.0027530512985225316, 0.006862319006336213, 0.010868986094091315, 0.042234630494544706
2006-08-13, 0.2020063454277089, 0.2096069868995635, 0.10079472766039921, 0.5641908383218148, 0.6787392236463989, 0.0027530512985225316, 0.006862319006336213, 0.010868986094091315, 0.042234630494544706
2006-08-13, 0.2020063454277089, 0.2096069868995635, 0.10079472766039921, 0.5641908383218148, 0.6787392236463989, 0.0027530512985225316, 0.006862319006336213, 0.010868986094091315, 0.042234630494544706
2006-08-13, 0.2020063454277089, 0.2096069868995635, 0.10079472766039921, 0.5641908383218148, 0.6787392236463989, 0.0027530512985225316, 0.006862319006336213, 0.010868986094091315, 0.042234630494544706
2006-08-13, 0.2020063454277089, 0.2096069868995635, 0.10079472766039921, 0.5641908383218148, 0.6787392236463989, 0.0027530512985225316, 0.006862319006336213, 0.010868986094091315, 0.042234630494544706
2006-08-13, 0.2020063454277089, 0.2096069868995635, 0.10079472766039921, 0.5641908383218148, 0.6787392236463989, 0.0027530512985225316, 0.006862319006336213, 0.010868986094091315, 0.042234630494544706
2006-08-13, 0.2020063454277089, 0.2096069868995635, 0.10079472766039921, 0.5641908383218148, 0.6787392236463989, 0.0027530512985225316, 0.006862319006336213, 0.010868986094091315, 0.042234630494544706
2006-08-13, 0.0512439255996364, 0.10480349344978128, 0.11630160883892218, 0.03699612054569281, 0.06568444099803865, 0.00825915389556758, 0.016469565615206898, 0.01406574671000053, 0.04737127474388123
2006-08-13, 0.06201314453992021, 0.1886462882096067, 0.13180849001744516, 0.027747090409269537, 0.06568444099803865, 0.011012205194090111, 0.010979710410137926, 0.013426394586818687, 0.04680053649395495
2006-08-13, 0.37094584153708976, 0.5659388646288209, 0.13956193060670682, 1.0081442848701283, 1.1823199379646947, 0.019271359089657707, 0.0013724638012672426, 0.012147690340455, 0.038810200994987026
2006-08-13, 0.07850418683052, 0.0, 0.06978096530335325, 0.17264856254656616, 0.30926424303243166, 0.0027530512985225165, 0.01372463801267241, 0.015344450956364216, 0.04451758349424983
2006-07-14, 0.05640720923826702, 0.31441048034934477, 0.046520643535568944, 0.021581070318320874, 0.013684258541258236, 0.011012205194090127, 0.016469565615206898, 0.007032873355000258, 0.02054657699734606
2006-07-14, 0.1438240836687805, 0.06288209606986905, 0.031013762357045963, 0.4901985972304295, 0.509054417734799, 0.019271359089657707, 0.010979710410137926, 0.01406574671000053, 0.013126979748304431
2006-07-14, 0.1438240836687805, 0.06288209606986905, 0.031013762357045963, 0.4901985972304295, 0.509054417734799, 0.019271359089657707, 0.010979710410137926, 0.01406574671000053, 0.013126979748304431
2006-07-14, 0.1438240836687805, 0.06288209606986905, 0.031013762357045963, 0.4901985972304295, 0.509054417734799, 0.019271359089657707, 0.010979710410137926, 0.01406574671000053, 0.013126979748304431
2006-07-14, 0.1438240836687805, 0.06288209606986905, 0.031013762357045963, 0.4901985972304295, 0.509054417734799, 0.019271359089657707, 0.010979710410137926, 0.01406574671000053, 0.013126979748304431
2006-07-14, 0.1438240836687805, 0.06288209606986905, 0.031013762357045963, 0.4901985972304295, 0.509054417734799, 0.019271359089657707, 0.010979710410137926, 0.01406574671000053, 0.013126979748304431
2006-07-14, 0.1438240836687805, 0.06288209606986905, 0.031013762357045963, 0.4901985972304295, 0.509054417734799, 0.019271359089657707, 0.010979710410137926, 0.01406574671000053, 0.013126979748304431
2006-07-14, 0.1438240836687805, 0.06288209606986905, 0.031013762357045963, 0.4901985972304295, 0.509054417734799, 0.019271359089657707, 0.010979710410137926, 0.01406574671000053, 0.013126979748304431
2006-07-14, 0.1438240836687805, 0.06288209606986905, 0.031013762357045963, 0.4901985972304295, 0.509054417734799, 0.019271359089657707, 0.010979710410137926, 0.01406574671000053, 0.013126979748304431
2006-07-14, 0.1438240836687805, 0.06288209606986905, 0.031013762357045963, 0.4901985972304295, 0.509054417734799, 0.019271359089657707, 0.010979710410137926, 0.01406574671000053, 0.013126979748304431
2006-07-14, 0.1438240836687805, 0.06288209606986905, 0.031013762357045963, 0.4901985972304295, 0.509054417734799, 0.019271359089657707, 0.010979710410137926, 0.01406574671000053, 0.013126979748304431
2006-07-14, 0.056809613111464825, 0.33537117903930114, 0.007753440589261662, 0.0, 0.060210737581535556, 0.008259153895567594, 0.015097101813939653, 0.008950929724545786, 0.01883436224756722
2006-07-14, 0.2946429162491078, 0.37729257641921427, 0.062027524714091925, 0.9002389332785242, 0.9524243944715597, 0.03578966688079288, 0.004117391403801728, 0.017262507325909743, 0.00799033549896791
2006-07-14, 0.07657566913396999, 0.23056768558951937, 0.015506881178522981, 0.1664825424556175, 0.1423162888290835, 0.016518307791135174, 0.01372463801267241, 0.011508338217273158, 0.01598067099793582
2006-07-14, 0.0620896977953311, 0.2934497816593884, 0.03876720294630762, 0.04007913059116714, 0.0684212927062902, 0.011012205194090127, 0.01784202941647414, 0.008311577601363944, 0.01883436224756722
2006-06-14, 0.0694796609656133, 0.33537117903930114, 0.1240550494281835, 0.0030830100454743324, 0.03557907220727088, 0.013765256492612657, 0.01784202941647414, 0.009590281847727629, 0.0165514092478621
2006-06-14, 0.13738606431512768, 0.1257641921397381, 0.06978096530335325, 0.3422141150476583, 0.4953701591935412, 0.0275305129852253, 0.01372463801267241, 0.012147690340455, 0.01255624149837815
2006-06-14, 0.13738606431512768, 0.1257641921397381, 0.06978096530335325, 0.3422141150476583, 0.4953701591935412, 0.0275305129852253, 0.01372463801267241, 0.012147690340455, 0.01255624149837815
2006-06-14, 0.13738606431512768, 0.1257641921397381, 0.06978096530335325, 0.3422141150476583, 0.4953701591935412, 0.0275305129852253, 0.01372463801267241, 0.012147690340455, 0.01255624149837815
2006-06-14, 0.13738606431512768, 0.1257641921397381, 0.06978096530335325, 0.3422141150476583, 0.4953701591935412, 0.0275305129852253, 0.01372463801267241, 0.012147690340455, 0.01255624149837815
2006-06-14, 0.13738606431512768, 0.1257641921397381, 0.06978096530335325, 0.3422141150476583, 0.4953701591935412, 0.0275305129852253, 0.01372463801267241, 0.012147690340455, 0.01255624149837815
2006-06-14, 0.13738606431512768, 0.1257641921397381, 0.06978096530335325, 0.3422141150476583, 0.4953701591935412, 0.0275305129852253, 0.01372463801267241, 0.012147690340455, 0.01255624149837815
2006-06-14, 0.13738606431512768, 0.1257641921397381, 0.06978096530335325, 0.3422141150476583, 0.4953701591935412, 0.0275305129852253, 0.01372463801267241, 0.012147690340455, 0.01255624149837815
2006-06-14, 0.13738606431512768, 0.1257641921397381, 0.06978096530335325, 0.3422141150476583, 0.4953701591935412, 0.0275305129852253, 0.01372463801267241, 0.012147690340455, 0.01255624149837815
2006-06-14, 0.13738606431512768, 0.1257641921397381, 0.06978096530335325, 0.3422141150476583, 0.4953701591935412, 0.0275305129852253, 0.01372463801267241, 0.012147690340455, 0.01255624149837815
2006-06-14, 0.13738606431512768, 0.1257641921397381, 0.06978096530335325, 0.3422141150476583, 0.4953701591935412, 0.0275305129852253, 0.01372463801267241, 0.012147690340455, 0.01255624149837815
2006-06-14, 0.07114772754115165, 0.23056768558951984, 0.1240550494281835, 0.055494180818539074, 0.10400036491356109, 0.011012205194090127, 0.01784202941647414, 0.010229633970909473, 0.01598067099793582
2006-06-14, 0.2993643310326413, 0.3982532751091702, 0.1395619306067065, 0.8416617424145105, 0.9469506910550564, 0.03854271817931541, 0.005489855205068971, 0.02045926794181896, 0.003995167749483949
2006-06-14, 0.08253148891223955, 0.18864628820960713, 0.09304128707113789, 0.12332040181897604, 0.1970533229941157, 0.016518307791135174, 0.015097101813939653, 0.008311577601363944, 0.018263623997640942
2006-06-14, 0.0731911358534538, 0.02096069868995635, 0.11630160883892218, 0.16956555250109184, 0.21621128495187705, 0.022024410388180236, 0.016469565615206898, 0.010868986094091315, 0.013126979748304431
2006-05-15, 0.10122389841901833, 0.10480349344978128, 0.007753440589261319, 0.4285383963209415, 0.18884276786936108, 0.019271359089657707, 0.016469565615206898, 0.02813149342000106, 0.01598067099793582
2006-05-15, 0.10220058827904709, 0.2934497816593889, 0.015506881178522981, 0.02774709040926981, 0.4023172011129863, 0.0275305129852253, 0.012352174211405168, 0.02557408492727369, 0.013126979748304431
2006-05-15, 0.10220058827904709, 0.2934497816593889, 0.015506881178522981, 0.02774709040926981, 0.4023172011129863, 0.0275305129852253, 0.012352174211405168, 0.02557408492727369, 0.013126979748304431
2006-05-15, 0.10220058827904709, 0.2934497816593889, 0.015506881178522981, 0.02774709040926981, 0.4023172011129863, 0.0275305129852253, 0.012352174211405168, 0.02557408492727369, 0.013126979748304431
2006-05-15, 0.10220058827904709, 0.2934497816593889, 0.015506881178522981, 0.02774709040926981, 0.4023172011129863, 0.0275305129852253, 0.012352174211405168, 0.02557408492727369, 0.013126979748304431
2006-05-15, 0.10220058827904709, 0.2934497816593889, 0.015506881178522981, 0.02774709040926981, 0.4023172011129863, 0.0275305129852253, 0.012352174211405168, 0.02557408492727369, 0.013126979748304431
2006-05-15, 0.10220058827904709, 0.2934497816593889, 0.015506881178522981, 0.02774709040926981, 0.4023172011129863, 0.0275305129852253, 0.012352174211405168, 0.02557408492727369, 0.013126979748304431
2006-05-15, 0.10220058827904709, 0.2934497816593889, 0.015506881178522981, 0.02774709040926981, 0.4023172011129863, 0.0275305129852253, 0.012352174211405168, 0.02557408492727369, 0.013126979748304431
2006-05-15, 0.10220058827904709, 0.2934497816593889, 0.015506881178522981, 0.02774709040926981, 0.4023172011129863, 0.0275305129852253, 0.012352174211405168, 0.02557408492727369, 0.013126979748304431
2006-05-15, 0.10220058827904709, 0.2934497816593889, 0.015506881178522981, 0.02774709040926981, 0.4023172011129863, 0.0275305129852253, 0.012352174211405168, 0.02557408492727369, 0.013126979748304431
2006-05-15, 0.10220058827904709, 0.2934497816593889, 0.015506881178522981, 0.02774709040926981, 0.4023172011129863, 0.0275305129852253, 0.012352174211405168, 0.02557408492727369, 0.013126979748304431
2006-05-15, 0.08588820768462908, 0.0, 0.0232603217677843, 0.4162063561390439, 0.17242165761985154, 0.013765256492612657, 0.01784202941647414, 0.0287708455431829, 0.014839194498083273
2006-05-15, 0.10861658544002406, 0.14672489082969445, 0.062027524714091925, 0.3977082958661974, 0.18063221274460617, 0.019271359089657707, 0.016469565615206898, 0.030688901912728432, 0.01540993274800954
2006-05-15, 0.07305800775260476, 0.02096069868995635, 0.0232603217677843, 0.3545461552295559, 0.10947406833006443, 0.019271359089657707, 0.016469565615206898, 0.02621343705045553, 0.014268456248156992
2006-05-15, 0.07224949023007492, 0.0, 0.007753440589261662, 0.3422141150476583, 0.15052684395383864, 0.019271359089657707, 0.016469565615206898, 0.027492141296819216, 0.014268456248156992
