Date,TotalError,SP500_LongAll20y-0.25,SP500_LongAll20y-0.1,SP500_LongAll20y-0.01,SP500_LongAll20y-0.005,SP500_Hedged20y-0.25,SP500_Hedged20y-0.1,SP500_Hedged20y-0.01,SP500_Hedged20y-0.005,
2025-12-31, 0.32854621120606015, 0.8174672489082967, 0.4264392324093818, 0.45936849677568536, 0.8648451398075082, 0.00825915389556758, 0.0013724638012672426, 0.02493473280409186, 0.025683221246682594
2025-12-31, 0.12243598991802014, 0.35633187772925745, 0.24035665826710603, 0.027747090409269537, 0.284632577658167, 0.01927135908965769, 0.0013724638012672426, 0.03836112739091055, 0.011414764998525603
2025-12-31, 0.12243598991802014, 0.35633187772925745, 0.24035665826710603, 0.027747090409269537, 0.284632577658167, 0.01927135908965769, 0.0013724638012672426, 0.03836112739091055, 0.011414764998525603
2025-12-31, 0.12243598991802014, 0.35633187772925745, 0.24035665826710603, 0.027747090409269537, 0.284632577658167, 0.01927135908965769, 0.0013724638012672426, 0.03836112739091055, 0.011414764998525603
2025-12-31, 0.12243598991802014, 0.35633187772925745, 0.24035665826710603, 0.027747090409269537, 0.284632577658167, 0.01927135908965769, 0.0013724638012672426, 0.03836112739091055, 0.011414764998525603
2025-12-31, 0.12243598991802014, 0.35633187772925745, 0.24035665826710603, 0.027747090409269537, 0.284632577658167, 0.01927135908965769, 0.0013724638012672426, 0.03836112739091055, 0.011414764998525603
2025-12-31, 0.12243598991802014, 0.35633187772925745, 0.24035665826710603, 0.027747090409269537, 0.284632577658167, 0.01927135908965769, 0.0013724638012672426, 0.03836112739091055, 0.011414764998525603
2025-12-31, 0.12243598991802014, 0.35633187772925745, 0.24035665826710603, 0.027747090409269537, 0.284632577658167, 0.01927135908965769, 0.0013724638012672426, 0.03836112739091055, 0.011414764998525603
2025-12-31, 0.12243598991802014, 0.35633187772925745, 0.24035665826710603, 0.027747090409269537, 0.284632577658167, 0.01927135908965769, 0.0013724638012672426, 0.03836112739091055, 0.011414764998525603
2025-12-31, 0.12243598991802014, 0.35633187772925745, 0.24035665826710603, 0.027747090409269537, 0.284632577658167, 0.01927135908965769, 0.0013724638012672426, 0.03836112739091055, 0.011414764998525603
2025-12-31, 0.12243598991802014, 0.35633187772925745, 0.24035665826710603, 0.027747090409269537, 0.284632577658167, 0.01927135908965769, 0.0013724638012672426, 0.03836112739091055, 0.011414764998525603
2025-12-31, 0.05640585537209028, 0.0419213973799127, 0.12405504942818385, 0.10173933150065516, 0.10400036491356084, 0.027530512985225283, 0.004117391403801728, 0.04731205711545633, 0.0005707382499262929
2025-12-31, 0.05640585537209028, 0.0419213973799127, 0.12405504942818385, 0.10173933150065516, 0.10400036491356084, 0.027530512985225283, 0.004117391403801728, 0.04731205711545633, 0.0005707382499262929
2025-12-31, 0.05640585537209028, 0.0419213973799127, 0.12405504942818385, 0.10173933150065516, 0.10400036491356084, 0.027530512985225283, 0.004117391403801728, 0.04731205711545633, 0.0005707382499262929
2025-12-31, 0.11668444609930267, 0.18864628820960713, 0.023260321767784645, 0.30213498445649084, 0.3256853532819412, 0.030283564283747816, 0.005489855205068971, 0.05626298684000213, 0.0017122147497788279
2025-12-01, 0.1023204311083831, 0.1676855895196508, 0.08528784648187622, 0.36071217532050426, 0.1313688819960773, 0.024777461686702754, 0.0027449276025344853, 0.04027918376045606, 0.005707382499262802
2025-12-01, 0.1054121166992584, 0.314410480349345, 0.2636169800348903, 0.024664080363795207, 0.17242165761985104, 0.01927135908965769, 0.00274492760253447, 0.031328254035910275, 0.014839194498083285
2025-12-01, 0.1054121166992584, 0.314410480349345, 0.2636169800348903, 0.024664080363795207, 0.17242165761985104, 0.01927135908965769, 0.00274492760253447, 0.031328254035910275, 0.014839194498083285
2025-12-01, 0.1054121166992584, 0.314410480349345, 0.2636169800348903, 0.024664080363795207, 0.17242165761985104, 0.01927135908965769, 0.00274492760253447, 0.031328254035910275, 0.014839194498083285
2025-12-01, 0.1054121166992584, 0.314410480349345, 0.2636169800348903, 0.024664080363795207, 0.17242165761985104, 0.01927135908965769, 0.00274492760253447, 0.031328254035910275, 0.014839194498083285
2025-12-01, 0.1054121166992584, 0.314410480349345, 0.2636169800348903, 0.024664080363795207, 0.17242165761985104, 0.01927135908965769, 0.00274492760253447, 0.031328254035910275, 0.014839194498083285
2025-12-01, 0.1054121166992584, 0.314410480349345, 0.2636169800348903, 0.024664080363795207, 0.17242165761985104, 0.01927135908965769, 0.00274492760253447, 0.031328254035910275, 0.014839194498083285
2025-12-01, 0.1054121166992584, 0.314410480349345, 0.2636169800348903, 0.024664080363795207, 0.17242165761985104, 0.01927135908965769, 0.00274492760253447, 0.031328254035910275, 0.014839194498083285
2025-12-01, 0.1054121166992584, 0.314410480349345, 0.2636169800348903, 0.024664080363795207, 0.17242165761985104, 0.01927135908965769, 0.00274492760253447, 0.031328254035910275, 0.014839194498083285
2025-12-01, 0.1054121166992584, 0.314410480349345, 0.2636169800348903, 0.024664080363795207, 0.17242165761985104, 0.01927135908965769, 0.00274492760253447, 0.031328254035910275, 0.014839194498083285
2025-12-01, 0.1054121166992584, 0.314410480349345, 0.2636169800348903, 0.024664080363795207, 0.17242165761985104, 0.01927135908965769, 0.00274492760253447, 0.031328254035910275, 0.014839194498083285
2025-12-01, 0.1023204311083831, 0.1676855895196508, 0.08528784648187622, 0.36071217532050426, 0.1313688819960773, 0.024777461686702754, 0.0027449276025344853, 0.04027918376045606, 0.005707382499262802
2025-12-01, 0.1023204311083831, 0.1676855895196508, 0.08528784648187622, 0.36071217532050426, 0.1313688819960773, 0.024777461686702754, 0.0027449276025344853, 0.04027918376045606, 0.005707382499262802
2025-12-01, 0.07139253505357095, 0.0419213973799127, 0.1783291335530141, 0.21889371322868226, 0.060210737581535556, 0.022024410388180222, 0.004117391403801728, 0.03708242314454684, 0.008561073748894215
2025-12-01, 0.1023204311083831, 0.1676855895196508, 0.08528784648187622, 0.36071217532050426, 0.1313688819960773, 0.024777461686702754, 0.0027449276025344853, 0.04027918376045606, 0.005707382499262802
2025-11-01, 0.06945358929267036, 0.16768558951965057, 0.14731537119596816, 0.1171543817280271, 0.049263330748528865, 0.027530512985225283, 0.004117391403801713, 0.04027918376045606, 0.0022829529997051208
2025-11-01, 0.10846387245000445, 0.31441048034934477, 0.24811009885636737, 0.07090923104591101, 0.17789536103635462, 0.016518307791135174, 0.0, 0.036443071021365, 0.003424429499557681
2025-11-01, 0.10846387245000445, 0.31441048034934477, 0.24811009885636737, 0.07090923104591101, 0.17789536103635462, 0.016518307791135174, 0.0, 0.036443071021365, 0.003424429499557681
2025-11-01, 0.10846387245000445, 0.31441048034934477, 0.24811009885636737, 0.07090923104591101, 0.17789536103635462, 0.016518307791135174, 0.0, 0.036443071021365, 0.003424429499557681
2025-11-01, 0.10846387245000445, 0.31441048034934477, 0.24811009885636737, 0.07090923104591101, 0.17789536103635462, 0.016518307791135174, 0.0, 0.036443071021365, 0.003424429499557681
2025-11-01, 0.10846387245000445, 0.31441048034934477, 0.24811009885636737, 0.07090923104591101, 0.17789536103635462, 0.016518307791135174, 0.0, 0.036443071021365, 0.003424429499557681
2025-11-01, 0.10846387245000445, 0.31441048034934477, 0.24811009885636737, 0.07090923104591101, 0.17789536103635462, 0.016518307791135174, 0.0, 0.036443071021365, 0.003424429499557681
2025-11-01, 0.10846387245000445, 0.31441048034934477, 0.24811009885636737, 0.07090923104591101, 0.17789536103635462, 0.016518307791135174, 0.0, 0.036443071021365, 0.003424429499557681
2025-11-01, 0.10846387245000445, 0.31441048034934477, 0.24811009885636737, 0.07090923104591101, 0.17789536103635462, 0.016518307791135174, 0.0, 0.036443071021365, 0.003424429499557681
2025-11-01, 0.10846387245000445, 0.31441048034934477, 0.24811009885636737, 0.07090923104591101, 0.17789536103635462, 0.016518307791135174, 0.0, 0.036443071021365, 0.003424429499557681
2025-11-01, 0.10846387245000445, 0.31441048034934477, 0.24811009885636737, 0.07090923104591101, 0.17789536103635462, 0.016518307791135174, 0.0, 0.036443071021365, 0.003424429499557681
2025-11-01, 0.12030556193729403, 0.0419213973799127, 0.13956193060670682, 0.4347044164118899, 0.2627377639921546, 0.030283564283747816, 0.005489855205068956, 0.046033352869092645, 0.0017122147497788533
2025-11-01, 0.12030556193729403, 0.0419213973799127, 0.13956193060670682, 0.4347044164118899, 0.2627377639921546, 0.030283564283747816, 0.005489855205068956, 0.046033352869092645, 0.0017122147497788533
2025-11-01, 0.0674695783529152, 0.12576419213973786, 0.1783291335530141, 0.15415050227371963, 0.0027368517082515496, 0.027530512985225283, 0.004117391403801713, 0.04027918376045606, 0.006848858999115362
2025-11-01, 0.12030556193729403, 0.0419213973799127, 0.13956193060670682, 0.4347044164118899, 0.2627377639921546, 0.030283564283747816, 0.005489855205068956, 0.046033352869092645, 0.0017122147497788533
2025-10-02, 0.10105365850678026, 0.10480349344978152, 0.19383601473153708, 0.2774709040926959, 0.15052684395383864, 0.027530512985225283, 0.005489855205068956, 0.03963983163727422, 0.009131811998820483
2025-10-02, 0.10674700784097345, 0.33537117903930114, 0.28687730180267496, 0.08940729131875755, 0.0684212927062902, 0.024777461686702768, 0.004117391403801728, 0.036443071021365, 0.00856107374889419
2025-10-02, 0.10674700784097345, 0.33537117903930114, 0.28687730180267496, 0.08940729131875755, 0.0684212927062902, 0.024777461686702768, 0.004117391403801728, 0.036443071021365, 0.00856107374889419
2025-10-02, 0.10674700784097345, 0.33537117903930114, 0.28687730180267496, 0.08940729131875755, 0.0684212927062902, 0.024777461686702768, 0.004117391403801728, 0.036443071021365, 0.00856107374889419
2025-10-02, 0.10674700784097345, 0.33537117903930114, 0.28687730180267496, 0.08940729131875755, 0.0684212927062902, 0.024777461686702768, 0.004117391403801728, 0.036443071021365, 0.00856107374889419
2025-10-02, 0.10674700784097345, 0.33537117903930114, 0.28687730180267496, 0.08940729131875755, 0.0684212927062902, 0.024777461686702768, 0.004117391403801728, 0.036443071021365, 0.00856107374889419
2025-10-02, 0.10674700784097345, 0.33537117903930114, 0.28687730180267496, 0.08940729131875755, 0.0684212927062902, 0.024777461686702768, 0.004117391403801728, 0.036443071021365, 0.00856107374889419
2025-10-02, 0.10674700784097345, 0.33537117903930114, 0.28687730180267496, 0.08940729131875755, 0.0684212927062902, 0.024777461686702768, 0.004117391403801728, 0.036443071021365, 0.00856107374889419
2025-10-02, 0.10674700784097345, 0.33537117903930114, 0.28687730180267496, 0.08940729131875755, 0.0684212927062902, 0.024777461686702768, 0.004117391403801728, 0.036443071021365, 0.00856107374889419
2025-10-02, 0.10674700784097345, 0.33537117903930114, 0.28687730180267496, 0.08940729131875755, 0.0684212927062902, 0.024777461686702768, 0.004117391403801728, 0.036443071021365, 0.00856107374889419
2025-10-02, 0.10674700784097345, 0.33537117903930114, 0.28687730180267496, 0.08940729131875755, 0.0684212927062902, 0.024777461686702768, 0.004117391403801728, 0.036443071021365, 0.00856107374889419
2025-10-02, 0.10259526857803113, 0.04192139737991247, 0.1783291335530141, 0.3083010045474398, 0.20526387811887062, 0.030283564283747816, 0.0068623190063361985, 0.04923011348500185, 0.0005707382499262929
2025-10-02, 0.10259526857803113, 0.04192139737991247, 0.1783291335530141, 0.3083010045474398, 0.20526387811887062, 0.030283564283747816, 0.0068623190063361985, 0.04923011348500185, 0.0005707382499262929
2025-10-02, 0.11136450970597805, 0.25152838427947594, 0.22484977708858306, 0.12023739177350169, 0.22442184007663193, 0.024777461686702768, 0.0027449276025344853, 0.038361127390910535, 0.003995167749483949
2025-10-02, 0.10259526857803113, 0.04192139737991247, 0.1783291335530141, 0.3083010045474398, 0.20526387811887062, 0.030283564283747816, 0.0068623190063361985, 0.04923011348500185, 0.0005707382499262929
2025-09-02, 0.1422010509224211, 0.23056768558951962, 0.28687730180267496, 0.3452971250931329, 0.21347443324362575, 0.016518307791135174, 0.0027449276025344853, 0.04155788800681975, 0.0005707382499262675
2025-09-02, 0.13355473447840727, 0.4401746724890829, 0.31789106415972096, 0.16031652236466856, 0.0848424029557995, 0.013765256492612642, 0.0027449276025344853, 0.03900047951409238, 0.00970255024874675
2025-09-02, 0.13355473447840727, 0.4401746724890829, 0.31789106415972096, 0.16031652236466856, 0.0848424029557995, 0.013765256492612642, 0.0027449276025344853, 0.03900047951409238, 0.00970255024874675
2025-09-02, 0.13355473447840727, 0.4401746724890829, 0.31789106415972096, 0.16031652236466856, 0.0848424029557995, 0.013765256492612642, 0.0027449276025344853, 0.03900047951409238, 0.00970255024874675
2025-09-02, 0.13355473447840727, 0.4401746724890829, 0.31789106415972096, 0.16031652236466856, 0.0848424029557995, 0.013765256492612642, 0.0027449276025344853, 0.03900047951409238, 0.00970255024874675
2025-09-02, 0.13355473447840727, 0.4401746724890829, 0.31789106415972096, 0.16031652236466856, 0.0848424029557995, 0.013765256492612642, 0.0027449276025344853, 0.03900047951409238, 0.00970255024874675
2025-09-02, 0.13355473447840727, 0.4401746724890829, 0.31789106415972096, 0.16031652236466856, 0.0848424029557995, 0.013765256492612642, 0.0027449276025344853, 0.03900047951409238, 0.00970255024874675
2025-09-02, 0.13355473447840727, 0.4401746724890829, 0.31789106415972096, 0.16031652236466856, 0.0848424029557995, 0.013765256492612642, 0.0027449276025344853, 0.03900047951409238, 0.00970255024874675
2025-09-02, 0.13355473447840727, 0.4401746724890829, 0.31789106415972096, 0.16031652236466856, 0.0848424029557995, 0.013765256492612642, 0.0027449276025344853, 0.03900047951409238, 0.00970255024874675
2025-09-02, 0.13355473447840727, 0.4401746724890829, 0.31789106415972096, 0.16031652236466856, 0.0848424029557995, 0.013765256492612642, 0.0027449276025344853, 0.03900047951409238, 0.00970255024874675
2025-09-02, 0.13355473447840727, 0.4401746724890829, 0.31789106415972096, 0.16031652236466856, 0.0848424029557995, 0.013765256492612642, 0.0027449276025344853, 0.03900047951409238, 0.00970255024874675
2025-09-02, 0.10364926685217955, 0.20960698689956325, 0.1473153711959685, 0.31138401459291415, 0.08757925466405153, 0.01927135908965769, 0.0068623190063361985, 0.046033352869092645, 0.0011414764998525604
2025-09-02, 0.10364926685217955, 0.20960698689956325, 0.1473153711959685, 0.31138401459291415, 0.08757925466405153, 0.01927135908965769, 0.0068623190063361985, 0.046033352869092645, 0.0011414764998525604
2025-09-02, 0.10364926685217955, 0.20960698689956325, 0.1473153711959685, 0.31138401459291415, 0.08757925466405153, 0.01927135908965769, 0.0068623190063361985, 0.046033352869092645, 0.0011414764998525604
2025-09-02, 0.11801678334558069, 0.02096069868995635, 0.09304128707113789, 0.40079130591167195, 0.3503170186562061, 0.024777461686702754, 0.009607246608870683, 0.038361127390910535, 0.006278120749189069
2025-08-03, 0.12432543690603964, 0.1886462882096069, 0.19383601473153708, 0.30213498445649084, 0.1997901747023675, 0.016518307791135174, 0.012352174211405168, 0.03452501465181949, 0.04680053649395495
2025-08-03, 0.13481015508390864, 0.5030567685589519, 0.2636169800348903, 0.07090923104591101, 0.1532636956620897, 0.013765256492612642, 0.005489855205068971, 0.02557408492727369, 0.042805368744470974
2025-08-03, 0.13481015508390864, 0.5030567685589519, 0.2636169800348903, 0.07090923104591101, 0.1532636956620897, 0.013765256492612642, 0.005489855205068971, 0.02557408492727369, 0.042805368744470974
2025-08-03, 0.13481015508390864, 0.5030567685589519, 0.2636169800348903, 0.07090923104591101, 0.1532636956620897, 0.013765256492612642, 0.005489855205068971, 0.02557408492727369, 0.042805368744470974
2025-08-03, 0.13481015508390864, 0.5030567685589519, 0.2636169800348903, 0.07090923104591101, 0.1532636956620897, 0.013765256492612642, 0.005489855205068971, 0.02557408492727369, 0.042805368744470974
2025-08-03, 0.13481015508390864, 0.5030567685589519, 0.2636169800348903, 0.07090923104591101, 0.1532636956620897, 0.013765256492612642, 0.005489855205068971, 0.02557408492727369, 0.042805368744470974
2025-08-03, 0.13481015508390864, 0.5030567685589519, 0.2636169800348903, 0.07090923104591101, 0.1532636956620897, 0.013765256492612642, 0.005489855205068971, 0.02557408492727369, 0.042805368744470974
2025-08-03, 0.13481015508390864, 0.5030567685589519, 0.2636169800348903, 0.07090923104591101, 0.1532636956620897, 0.013765256492612642, 0.005489855205068971, 0.02557408492727369, 0.042805368744470974
2025-08-03, 0.13481015508390864, 0.5030567685589519, 0.2636169800348903, 0.07090923104591101, 0.1532636956620897, 0.013765256492612642, 0.005489855205068971, 0.02557408492727369, 0.042805368744470974
2025-08-03, 0.13481015508390864, 0.5030567685589519, 0.2636169800348903, 0.07090923104591101, 0.1532636956620897, 0.013765256492612642, 0.005489855205068971, 0.02557408492727369, 0.042805368744470974
2025-08-03, 0.13481015508390864, 0.5030567685589519, 0.2636169800348903, 0.07090923104591101, 0.1532636956620897, 0.013765256492612642, 0.005489855205068971, 0.02557408492727369, 0.042805368744470974
2025-08-03, 0.12432543690603964, 0.1886462882096069, 0.19383601473153708, 0.30213498445649084, 0.1997901747023675, 0.016518307791135174, 0.012352174211405168, 0.03452501465181949, 0.04680053649395495
2025-08-03, 0.12432543690603964, 0.1886462882096069, 0.19383601473153708, 0.30213498445649084, 0.1997901747023675, 0.016518307791135174, 0.012352174211405168, 0.03452501465181949, 0.04680053649395495
2025-08-03, 0.12714085185529533, 0.23056768558951962, 0.271370420624152, 0.34838013513860694, 0.06294758928978711, 0.016518307791135174, 0.0068623190063361985, 0.03196760615909212, 0.048512751243733776
2025-08-03, 0.12736195535267528, 0.2724890829694323, 0.24811009885636737, 0.3206330447293374, 0.07115814441454224, 0.019271359089657707, 0.009607246608870683, 0.03196760615909212, 0.045659059994102386
2025-07-04, 0.1617652899440558, 0.2096069868995635, 0.1783291335530141, 0.49636461732137815, 0.29831683619942523, 0.016518307791135174, 0.004117391403801728, 0.038361127390910535, 0.052507918993217724
2025-07-04, 0.09228791900923286, 0.2934497816593889, 0.10854816824966086, 0.24355779359247745, 0.013684258541258236, 0.013765256492612642, 0.0, 0.0287708455431829, 0.036527247995281904
2025-07-04, 0.09228791900923286, 0.2934497816593889, 0.10854816824966086, 0.24355779359247745, 0.013684258541258236, 0.013765256492612642, 0.0, 0.0287708455431829, 0.036527247995281904
2025-07-04, 0.09228791900923286, 0.2934497816593889, 0.10854816824966086, 0.24355779359247745, 0.013684258541258236, 0.013765256492612642, 0.0, 0.0287708455431829, 0.036527247995281904
2025-07-04, 0.09228791900923286, 0.2934497816593889, 0.10854816824966086, 0.24355779359247745, 0.013684258541258236, 0.013765256492612642, 0.0, 0.0287708455431829, 0.036527247995281904
2025-07-04, 0.09228791900923286, 0.2934497816593889, 0.10854816824966086, 0.24355779359247745, 0.013684258541258236, 0.013765256492612642, 0.0, 0.0287708455431829, 0.036527247995281904
2025-07-04, 0.09228791900923286, 0.2934497816593889, 0.10854816824966086, 0.24355779359247745, 0.013684258541258236, 0.013765256492612642, 0.0, 0.0287708455431829, 0.036527247995281904
2025-07-04, 0.09228791900923286, 0.2934497816593889, 0.10854816824966086, 0.24355779359247745, 0.013684258541258236, 0.013765256492612642, 0.0, 0.0287708455431829, 0.036527247995281904
2025-07-04, 0.09228791900923286, 0.2934497816593889, 0.10854816824966086, 0.24355779359247745, 0.013684258541258236, 0.013765256492612642, 0.0, 0.0287708455431829, 0.036527247995281904
2025-07-04, 0.09228791900923286, 0.2934497816593889, 0.10854816824966086, 0.24355779359247745, 0.013684258541258236, 0.013765256492612642, 0.0, 0.0287708455431829, 0.036527247995281904
2025-07-04, 0.09228791900923286, 0.2934497816593889, 0.10854816824966086, 0.24355779359247745, 0.013684258541258236, 0.013765256492612642, 0.0, 0.0287708455431829, 0.036527247995281904
2025-07-04, 0.1617652899440558, 0.2096069868995635, 0.1783291335530141, 0.49636461732137815, 0.29831683619942523, 0.016518307791135174, 0.004117391403801728, 0.038361127390910535, 0.052507918993217724
2025-07-04, 0.1617652899440558, 0.2096069868995635, 0.1783291335530141, 0.49636461732137815, 0.29831683619942523, 0.016518307791135174, 0.004117391403801728, 0.038361127390910535, 0.052507918993217724
2025-07-04, 0.1124965598406024, 0.31441048034934477, 0.14731537119596816, 0.2898029442745935, 0.05747388587328352, 0.019271359089657707, 0.004117391403801728, 0.0287708455431829, 0.038810200994987026
2025-07-04, 0.1445723759414793, 0.4401746724890829, 0.12405504942818385, 0.36071217532050426, 0.1368425854125804, 0.013765256492612642, 0.0, 0.03708242314454684, 0.04394684524432354
2025-06-04, 0.13027934757907997, 0.5659388646288207, 0.18608257414227544, 0.22814274336510523, 0.016421110249509784, 0.011012205194090111, 0.0, 0.02493473280409186, 0.00970255024874675
2025-06-04, 0.13027934757907997, 0.5659388646288207, 0.18608257414227544, 0.22814274336510523, 0.016421110249509784, 0.011012205194090111, 0.0, 0.02493473280409186, 0.00970255024874675
2025-06-04, 0.13027934757907997, 0.5659388646288207, 0.18608257414227544, 0.22814274336510523, 0.016421110249509784, 0.011012205194090111, 0.0, 0.02493473280409186, 0.00970255024874675
2025-06-04, 0.13027934757907997, 0.5659388646288207, 0.18608257414227544, 0.22814274336510523, 0.016421110249509784, 0.011012205194090111, 0.0, 0.02493473280409186, 0.00970255024874675
2025-06-04, 0.13027934757907997, 0.5659388646288207, 0.18608257414227544, 0.22814274336510523, 0.016421110249509784, 0.011012205194090111, 0.0, 0.02493473280409186, 0.00970255024874675
2025-06-04, 0.13027934757907997, 0.5659388646288207, 0.18608257414227544, 0.22814274336510523, 0.016421110249509784, 0.011012205194090111, 0.0, 0.02493473280409186, 0.00970255024874675
2025-06-04, 0.13027934757907997, 0.5659388646288207, 0.18608257414227544, 0.22814274336510523, 0.016421110249509784, 0.011012205194090111, 0.0, 0.02493473280409186, 0.00970255024874675
2025-06-04, 0.13027934757907997, 0.5659388646288207, 0.18608257414227544, 0.22814274336510523, 0.016421110249509784, 0.011012205194090111, 0.0, 0.02493473280409186, 0.00970255024874675
2025-06-04, 0.13027934757907997, 0.5659388646288207, 0.18608257414227544, 0.22814274336510523, 0.016421110249509784, 0.011012205194090111, 0.0, 0.02493473280409186, 0.00970255024874675
2025-06-04, 0.13027934757907997, 0.5659388646288207, 0.18608257414227544, 0.22814274336510523, 0.016421110249509784, 0.011012205194090111, 0.0, 0.02493473280409186, 0.00970255024874675
2025-06-04, 0.13027934757907997, 0.5659388646288207, 0.18608257414227544, 0.22814274336510523, 0.016421110249509784, 0.011012205194090111, 0.0, 0.02493473280409186, 0.00970255024874675
2025-06-04, 0.1497658679593768, 0.35633187772925773, 0.20934289591006008, 0.3792102355933508, 0.18610591616110927, 0.019271359089657707, 0.004117391403801728, 0.030049549789546603, 0.013697717998230724
2025-06-04, 0.1497658679593768, 0.35633187772925773, 0.20934289591006008, 0.3792102355933508, 0.18610591616110927, 0.019271359089657707, 0.004117391403801728, 0.030049549789546603, 0.013697717998230724
2025-06-04, 0.1497658679593768, 0.35633187772925773, 0.20934289591006008, 0.3792102355933508, 0.18610591616110927, 0.019271359089657707, 0.004117391403801728, 0.030049549789546603, 0.013697717998230724
2025-06-04, 0.13201718779541805, 0.5659388646288207, 0.11630160883892218, 0.26822187395627267, 0.05473703416503197, 0.013765256492612642, 0.0, 0.03260695828227396, 0.0045659059994102415
2025-05-05, 0.14128866402922907, 0.6917030567685586, 0.10079472766039921, 0.25280682372890045, 0.024631665374264432, 0.013765256492612642, 0.004117391403801728, 0.023656028557728172, 0.018834362247567234
2025-05-05, 0.14128866402922907, 0.6917030567685586, 0.10079472766039921, 0.25280682372890045, 0.024631665374264432, 0.013765256492612642, 0.004117391403801728, 0.023656028557728172, 0.018834362247567234
2025-05-05, 0.14128866402922907, 0.6917030567685586, 0.10079472766039921, 0.25280682372890045, 0.024631665374264432, 0.013765256492612642, 0.004117391403801728, 0.023656028557728172, 0.018834362247567234
2025-05-05, 0.14128866402922907, 0.6917030567685586, 0.10079472766039921, 0.25280682372890045, 0.024631665374264432, 0.013765256492612642, 0.004117391403801728, 0.023656028557728172, 0.018834362247567234
2025-05-05, 0.14128866402922907, 0.6917030567685586, 0.10079472766039921, 0.25280682372890045, 0.024631665374264432, 0.013765256492612642, 0.004117391403801728, 0.023656028557728172, 0.018834362247567234
2025-05-05, 0.14128866402922907, 0.6917030567685586, 0.10079472766039921, 0.25280682372890045, 0.024631665374264432, 0.013765256492612642, 0.004117391403801728, 0.023656028557728172, 0.018834362247567234
2025-05-05, 0.14128866402922907, 0.6917030567685586, 0.10079472766039921, 0.25280682372890045, 0.024631665374264432, 0.013765256492612642, 0.004117391403801728, 0.023656028557728172, 0.018834362247567234
2025-05-05, 0.14128866402922907, 0.6917030567685586, 0.10079472766039921, 0.25280682372890045, 0.024631665374264432, 0.013765256492612642, 0.004117391403801728, 0.023656028557728172, 0.018834362247567234
2025-05-05, 0.14128866402922907, 0.6917030567685586, 0.10079472766039921, 0.25280682372890045, 0.024631665374264432, 0.013765256492612642, 0.004117391403801728, 0.023656028557728172, 0.018834362247567234
2025-05-05, 0.14128866402922907, 0.6917030567685586, 0.10079472766039921, 0.25280682372890045, 0.024631665374264432, 0.013765256492612642, 0.004117391403801728, 0.023656028557728172, 0.018834362247567234
2025-05-05, 0.14128866402922907, 0.6917030567685586, 0.10079472766039921, 0.25280682372890045, 0.024631665374264432, 0.013765256492612642, 0.004117391403801728, 0.023656028557728172, 0.018834362247567234
2025-05-05, 0.17853844444139508, 0.5449781659388646, 0.09304128707113789, 0.45628548673021074, 0.2627377639921546, 0.022024410388180222, 0.006862319006336213, 0.0332463104054558, 0.009131811998820483
2025-05-05, 0.17853844444139508, 0.5449781659388646, 0.09304128707113789, 0.45628548673021074, 0.2627377639921546, 0.022024410388180222, 0.006862319006336213, 0.0332463104054558, 0.009131811998820483
2025-05-05, 0.17853844444139508, 0.5449781659388646, 0.09304128707113789, 0.45628548673021074, 0.2627377639921546, 0.022024410388180222, 0.006862319006336213, 0.0332463104054558, 0.009131811998820483
2025-05-05, 0.12142492289896734, 0.6078602620087337, 0.08528784648187622, 0.19114662281941272, 0.021894813666012883, 0.016518307791135174, 0.006862319006336213, 0.028131493420001073, 0.013697717998230724
2025-04-05, 0.13553963703718297, 0.35633187772925773, 0.10079472766039956, 0.1572335123191945, 0.39684349769648297, 0.013765256492612642, 0.005489855205068971, 0.017901859449091586, 0.03595650974535563
2025-04-05, 0.16407887715454206, 0.5240174672489085, 0.1550688117852298, 0.2497238136834264, 0.312001094740683, 0.011012205194090111, 0.004117391403801728, 0.02301667643454633, 0.03367355674565051
2025-04-05, 0.16407887715454206, 0.5240174672489085, 0.1550688117852298, 0.2497238136834264, 0.312001094740683, 0.011012205194090111, 0.004117391403801728, 0.02301667643454633, 0.03367355674565051
2025-04-05, 0.16407887715454206, 0.5240174672489085, 0.1550688117852298, 0.2497238136834264, 0.312001094740683, 0.011012205194090111, 0.004117391403801728, 0.02301667643454633, 0.03367355674565051
2025-04-05, 0.16407887715454206, 0.5240174672489085, 0.1550688117852298, 0.2497238136834264, 0.312001094740683, 0.011012205194090111, 0.004117391403801728, 0.02301667643454633, 0.03367355674565051
2025-04-05, 0.16407887715454206, 0.5240174672489085, 0.1550688117852298, 0.2497238136834264, 0.312001094740683, 0.011012205194090111, 0.004117391403801728, 0.02301667643454633, 0.03367355674565051
2025-04-05, 0.16407887715454206, 0.5240174672489085, 0.1550688117852298, 0.2497238136834264, 0.312001094740683, 0.011012205194090111, 0.004117391403801728, 0.02301667643454633, 0.03367355674565051
2025-04-05, 0.16407887715454206, 0.5240174672489085, 0.1550688117852298, 0.2497238136834264, 0.312001094740683, 0.011012205194090111, 0.004117391403801728, 0.02301667643454633, 0.03367355674565051
2025-04-05, 0.16407887715454206, 0.5240174672489085, 0.1550688117852298, 0.2497238136834264, 0.312001094740683, 0.011012205194090111, 0.004117391403801728, 0.02301667643454633, 0.03367355674565051
2025-04-05, 0.16407887715454206, 0.5240174672489085, 0.1550688117852298, 0.2497238136834264, 0.312001094740683, 0.011012205194090111, 0.004117391403801728, 0.02301667643454633, 0.03367355674565051
2025-04-05, 0.16407887715454206, 0.5240174672489085, 0.1550688117852298, 0.2497238136834264, 0.312001094740683, 0.011012205194090111, 0.004117391403801728, 0.02301667643454633, 0.03367355674565051
2025-04-05, 0.11884497348290954, 0.314410480349345, 0.062027524714091925, 0.4192893661845185, 0.06294758928978662, 0.016518307791135174, 0.009607246608870698, 0.024295380680910018, 0.04166389224461843
2025-04-05, 0.11884497348290954, 0.314410480349345, 0.062027524714091925, 0.4192893661845185, 0.06294758928978662, 0.016518307791135174, 0.009607246608870698, 0.024295380680910018, 0.04166389224461843
2025-04-05, 0.11218898380223047, 0.1886462882096069, 0.007753440589261662, 0.5179456876396987, 0.08210555124754844, 0.016518307791135174, 0.010979710410137941, 0.031328254035910275, 0.04223463049454469
2025-04-05, 0.09067809489467375, 0.2724890829694323, 0.007753440589261662, 0.3576291652750302, 0.0027368517082515496, 0.011012205194090111, 0.006862319006336213, 0.028131493420001073, 0.03881020099498701
2025-03-06, 0.14433078087106818, 0.06288209606986882, 0.031013762357045963, 0.33604809495670934, 0.6541075582721343, 0.011012205194090111, 0.008234782807603456, 0.021098620065000802, 0.030249127246092824
2025-03-06, 0.08478358100323881, 0.02096069868995635, 0.062027524714091925, 0.16031652236466856, 0.37221183232221877, 0.005506102597045048, 0.004117391403801728, 0.021737972188182644, 0.031390603745945385
2025-03-06, 0.08478358100323881, 0.02096069868995635, 0.062027524714091925, 0.16031652236466856, 0.37221183232221877, 0.005506102597045048, 0.004117391403801728, 0.021737972188182644, 0.031390603745945385
2025-03-06, 0.08478358100323881, 0.02096069868995635, 0.062027524714091925, 0.16031652236466856, 0.37221183232221877, 0.005506102597045048, 0.004117391403801728, 0.021737972188182644, 0.031390603745945385
2025-03-06, 0.08478358100323881, 0.02096069868995635, 0.062027524714091925, 0.16031652236466856, 0.37221183232221877, 0.005506102597045048, 0.004117391403801728, 0.021737972188182644, 0.031390603745945385
2025-03-06, 0.08478358100323881, 0.02096069868995635, 0.062027524714091925, 0.16031652236466856, 0.37221183232221877, 0.005506102597045048, 0.004117391403801728, 0.021737972188182644, 0.031390603745945385
2025-03-06, 0.08478358100323881, 0.02096069868995635, 0.062027524714091925, 0.16031652236466856, 0.37221183232221877, 0.005506102597045048, 0.004117391403801728, 0.021737972188182644, 0.031390603745945385
2025-03-06, 0.08478358100323881, 0.02096069868995635, 0.062027524714091925, 0.16031652236466856, 0.37221183232221877, 0.005506102597045048, 0.004117391403801728, 0.021737972188182644, 0.031390603745945385
2025-03-06, 0.08478358100323881, 0.02096069868995635, 0.062027524714091925, 0.16031652236466856, 0.37221183232221877, 0.005506102597045048, 0.004117391403801728, 0.021737972188182644, 0.031390603745945385
2025-03-06, 0.08478358100323881, 0.02096069868995635, 0.062027524714091925, 0.16031652236466856, 0.37221183232221877, 0.005506102597045048, 0.004117391403801728, 0.021737972188182644, 0.031390603745945385
2025-03-06, 0.08478358100323881, 0.02096069868995635, 0.062027524714091925, 0.16031652236466856, 0.37221183232221877, 0.005506102597045048, 0.004117391403801728, 0.021737972188182644, 0.031390603745945385
2025-03-06, 0.16037650433346107, 0.10480349344978152, 0.10854816824966086, 0.3083010045474398, 0.6787392236463987, 0.013765256492612642, 0.009607246608870698, 0.025574084927273703, 0.03367355674565051
2025-03-06, 0.16037650433346107, 0.10480349344978152, 0.10854816824966086, 0.3083010045474398, 0.6787392236463987, 0.013765256492612642, 0.009607246608870698, 0.025574084927273703, 0.03367355674565051
2025-03-06, 0.13165886819784767, 0.06288209606986882, 0.007753440589261319, 0.3175500346838628, 0.5911599689823471, 0.011012205194090111, 0.006862319006336213, 0.022377324311364487, 0.03367355674565051
2025-03-06, 0.1117661102433686, 0.0419213973799127, 0.007753440589261662, 0.29905197441101655, 0.48168590065228295, 0.005506102597045048, 0.006862319006336213, 0.021098620065000802, 0.030249127246092824
2025-02-04, 0.09313393018945999, 0.02096069868995635, 0.046520643535568944, 0.20964468309225925, 0.4077909045294894, 0.005506102597045063, 0.006862319006336213, 0.019819915818637117, 0.02796617424638769
2025-02-04, 0.09313393018945999, 0.02096069868995635, 0.046520643535568944, 0.20964468309225925, 0.4077909045294894, 0.005506102597045063, 0.006862319006336213, 0.019819915818637117, 0.02796617424638769
2025-02-04, 0.09313393018945999, 0.02096069868995635, 0.046520643535568944, 0.20964468309225925, 0.4077909045294894, 0.005506102597045063, 0.006862319006336213, 0.019819915818637117, 0.02796617424638769
2025-02-04, 0.09313393018945999, 0.02096069868995635, 0.046520643535568944, 0.20964468309225925, 0.4077909045294894, 0.005506102597045063, 0.006862319006336213, 0.019819915818637117, 0.02796617424638769
2025-02-04, 0.09313393018945999, 0.02096069868995635, 0.046520643535568944, 0.20964468309225925, 0.4077909045294894, 0.005506102597045063, 0.006862319006336213, 0.019819915818637117, 0.02796617424638769
2025-02-04, 0.09313393018945999, 0.02096069868995635, 0.046520643535568944, 0.20964468309225925, 0.4077909045294894, 0.005506102597045063, 0.006862319006336213, 0.019819915818637117, 0.02796617424638769
2025-02-04, 0.09313393018945999, 0.02096069868995635, 0.046520643535568944, 0.20964468309225925, 0.4077909045294894, 0.005506102597045063, 0.006862319006336213, 0.019819915818637117, 0.02796617424638769
2025-02-04, 0.09313393018945999, 0.02096069868995635, 0.046520643535568944, 0.20964468309225925, 0.4077909045294894, 0.005506102597045063, 0.006862319006336213, 0.019819915818637117, 0.02796617424638769
2025-02-04, 0.09313393018945999, 0.02096069868995635, 0.046520643535568944, 0.20964468309225925, 0.4077909045294894, 0.005506102597045063, 0.006862319006336213, 0.019819915818637117, 0.02796617424638769
2025-02-04, 0.09313393018945999, 0.02096069868995635, 0.046520643535568944, 0.20964468309225925, 0.4077909045294894, 0.005506102597045063, 0.006862319006336213, 0.019819915818637117, 0.02796617424638769
2025-02-04, 0.09313393018945999, 0.02096069868995635, 0.046520643535568944, 0.20964468309225925, 0.4077909045294894, 0.005506102597045063, 0.006862319006336213, 0.019819915818637117, 0.02796617424638769
2025-02-04, 0.1829572175884699, 0.2934497816593887, 0.023260321767784472, 0.3668781954114535, 0.6896866304794054, 0.013765256492612657, 0.009607246608870698, 0.0287708455431829, 0.03823946274506074
2025-02-04, 0.1829572175884699, 0.2934497816593887, 0.023260321767784472, 0.3668781954114535, 0.6896866304794054, 0.013765256492612657, 0.009607246608870698, 0.0287708455431829, 0.03823946274506074
2025-02-04, 0.1829572175884699, 0.2934497816593887, 0.023260321767784472, 0.3668781954114535, 0.6896866304794054, 0.013765256492612657, 0.009607246608870698, 0.0287708455431829, 0.03823946274506074
2025-02-04, 0.06635137488563453, 0.0838427947598254, 0.015506881178522981, 0.05549418081853935, 0.30379053961592833, 0.008259153895567594, 0.006862319006336213, 0.021098620065000802, 0.035956509745355615
2025-01-05, 0.08206974319576193, 0.12576419213973786, 0.031013762357045963, 0.12023739177350169, 0.32294850157368993, 0.011012205194090127, 0.005489855205068971, 0.017262507325909743, 0.022829529997051182
2025-01-05, 0.05665985485296836, 0.0, 0.031013762357045963, 0.05549418081853935, 0.3120010947406835, 0.011012205194090127, 0.006862319006336213, 0.01406574671000053, 0.022829529997051182
2025-01-05, 0.05665985485296836, 0.0, 0.031013762357045963, 0.05549418081853935, 0.3120010947406835, 0.011012205194090127, 0.006862319006336213, 0.01406574671000053, 0.022829529997051182
2025-01-05, 0.05665985485296836, 0.0, 0.031013762357045963, 0.05549418081853935, 0.3120010947406835, 0.011012205194090127, 0.006862319006336213, 0.01406574671000053, 0.022829529997051182
2025-01-05, 0.05665985485296836, 0.0, 0.031013762357045963, 0.05549418081853935, 0.3120010947406835, 0.011012205194090127, 0.006862319006336213, 0.01406574671000053, 0.022829529997051182
2025-01-05, 0.05665985485296836, 0.0, 0.031013762357045963, 0.05549418081853935, 0.3120010947406835, 0.011012205194090127, 0.006862319006336213, 0.01406574671000053, 0.022829529997051182
2025-01-05, 0.05665985485296836, 0.0, 0.031013762357045963, 0.05549418081853935, 0.3120010947406835, 0.011012205194090127, 0.006862319006336213, 0.01406574671000053, 0.022829529997051182
2025-01-05, 0.05665985485296836, 0.0, 0.031013762357045963, 0.05549418081853935, 0.3120010947406835, 0.011012205194090127, 0.006862319006336213, 0.01406574671000053, 0.022829529997051182
2025-01-05, 0.05665985485296836, 0.0, 0.031013762357045963, 0.05549418081853935, 0.3120010947406835, 0.011012205194090127, 0.006862319006336213, 0.01406574671000053, 0.022829529997051182
2025-01-05, 0.05665985485296836, 0.0, 0.031013762357045963, 0.05549418081853935, 0.3120010947406835, 0.011012205194090127, 0.006862319006336213, 0.01406574671000053, 0.022829529997051182
2025-01-05, 0.05665985485296836, 0.0, 0.031013762357045963, 0.05549418081853935, 0.3120010947406835, 0.011012205194090127, 0.006862319006336213, 0.01406574671000053, 0.022829529997051182
2025-01-05, 0.1415029931626429, 0.1886462882096069, 0.015506881178522981, 0.3083010045474398, 0.5473703416503216, 0.016518307791135174, 0.009607246608870683, 0.019819915818637117, 0.026253959496608862
2025-01-05, 0.1415029931626429, 0.1886462882096069, 0.015506881178522981, 0.3083010045474398, 0.5473703416503216, 0.016518307791135174, 0.009607246608870683, 0.019819915818637117, 0.026253959496608862
2025-01-05, 0.06580696839152127, 0.02096069868995635, 0.007753440589261491, 0.09249030136423216, 0.35579072207270923, 0.013765256492612642, 0.005489855205068971, 0.010229633970909487, 0.019975838747419792
2025-01-05, 0.09310761703556014, 0.0419213973799127, 0.06978096530335325, 0.1664825424556175, 0.40505405282123813, 0.011012205194090127, 0.00823478280760344, 0.017262507325909743, 0.0251124829967563
2024-12-06, 0.10641456006555428, 0.16768558951965057, 0.09304128707113772, 0.09249030136423216, 0.4515805318615152, 0.005506102597045048, 0.004117391403801728, 0.01406574671000053, 0.022829529997051182
2024-12-06, 0.10641456006555428, 0.16768558951965057, 0.09304128707113772, 0.09249030136423216, 0.4515805318615152, 0.005506102597045048, 0.004117391403801728, 0.01406574671000053, 0.022829529997051182
2024-12-06, 0.10641456006555428, 0.16768558951965057, 0.09304128707113772, 0.09249030136423216, 0.4515805318615152, 0.005506102597045048, 0.004117391403801728, 0.01406574671000053, 0.022829529997051182
2024-12-06, 0.10641456006555428, 0.16768558951965057, 0.09304128707113772, 0.09249030136423216, 0.4515805318615152, 0.005506102597045048, 0.004117391403801728, 0.01406574671000053, 0.022829529997051182
2024-12-06, 0.10641456006555428, 0.16768558951965057, 0.09304128707113772, 0.09249030136423216, 0.4515805318615152, 0.005506102597045048, 0.004117391403801728, 0.01406574671000053, 0.022829529997051182
2024-12-06, 0.10641456006555428, 0.16768558951965057, 0.09304128707113772, 0.09249030136423216, 0.4515805318615152, 0.005506102597045048, 0.004117391403801728, 0.01406574671000053, 0.022829529997051182
2024-12-06, 0.10641456006555428, 0.16768558951965057, 0.09304128707113772, 0.09249030136423216, 0.4515805318615152, 0.005506102597045048, 0.004117391403801728, 0.01406574671000053, 0.022829529997051182
2024-12-06, 0.10641456006555428, 0.16768558951965057, 0.09304128707113772, 0.09249030136423216, 0.4515805318615152, 0.005506102597045048, 0.004117391403801728, 0.01406574671000053, 0.022829529997051182
2024-12-06, 0.10641456006555428, 0.16768558951965057, 0.09304128707113772, 0.09249030136423216, 0.4515805318615152, 0.005506102597045048, 0.004117391403801728, 0.01406574671000053, 0.022829529997051182
2024-12-06, 0.10641456006555428, 0.16768558951965057, 0.09304128707113772, 0.09249030136423216, 0.4515805318615152, 0.005506102597045048, 0.004117391403801728, 0.01406574671000053, 0.022829529997051182
2024-12-06, 0.10641456006555428, 0.16768558951965057, 0.09304128707113772, 0.09249030136423216, 0.4515805318615152, 0.005506102597045048, 0.004117391403801728, 0.01406574671000053, 0.022829529997051182
2024-12-06, 0.1501701698821322, 0.0419213973799127, 0.015506881178522981, 0.3144670246383887, 0.7471605163526891, 0.013765256492612642, 0.012352174211405168, 0.023656028557728172, 0.03253208024579793
2024-12-06, 0.1501701698821322, 0.0419213973799127, 0.015506881178522981, 0.3144670246383887, 0.7471605163526891, 0.013765256492612642, 0.012352174211405168, 0.023656028557728172, 0.03253208024579793
2024-12-06, 0.1501701698821322, 0.0419213973799127, 0.015506881178522981, 0.3144670246383887, 0.7471605163526891, 0.013765256492612642, 0.012352174211405168, 0.023656028557728172, 0.03253208024579793
2024-12-06, 0.11775682100673747, 0.12576419213973786, 0.0775344058926149, 0.1942296328648873, 0.49537015919354094, 0.011012205194090111, 0.00823478280760344, 0.012787042463636844, 0.01712214749778839
2024-11-06, 0.09553519536227485, 0.08384279475982516, 0.03876720294630745, 0.08632428127328322, 0.49810701090179277, 0.011012205194090111, 0.009607246608870683, 0.011508338217273172, 0.0251124829967563
2024-11-06, 0.09553519536227485, 0.08384279475982516, 0.03876720294630745, 0.08632428127328322, 0.49810701090179277, 0.011012205194090111, 0.009607246608870683, 0.011508338217273172, 0.0251124829967563
2024-11-06, 0.09553519536227485, 0.08384279475982516, 0.03876720294630745, 0.08632428127328322, 0.49810701090179277, 0.011012205194090111, 0.009607246608870683, 0.011508338217273172, 0.0251124829967563
2024-11-06, 0.09553519536227485, 0.08384279475982516, 0.03876720294630745, 0.08632428127328322, 0.49810701090179277, 0.011012205194090111, 0.009607246608870683, 0.011508338217273172, 0.0251124829967563
2024-11-06, 0.09553519536227485, 0.08384279475982516, 0.03876720294630745, 0.08632428127328322, 0.49810701090179277, 0.011012205194090111, 0.009607246608870683, 0.011508338217273172, 0.0251124829967563
2024-11-06, 0.09553519536227485, 0.08384279475982516, 0.03876720294630745, 0.08632428127328322, 0.49810701090179277, 0.011012205194090111, 0.009607246608870683, 0.011508338217273172, 0.0251124829967563
2024-11-06, 0.09553519536227485, 0.08384279475982516, 0.03876720294630745, 0.08632428127328322, 0.49810701090179277, 0.011012205194090111, 0.009607246608870683, 0.011508338217273172, 0.0251124829967563
2024-11-06, 0.09553519536227485, 0.08384279475982516, 0.03876720294630745, 0.08632428127328322, 0.49810701090179277, 0.011012205194090111, 0.009607246608870683, 0.011508338217273172, 0.0251124829967563
2024-11-06, 0.09553519536227485, 0.08384279475982516, 0.03876720294630745, 0.08632428127328322, 0.49810701090179277, 0.011012205194090111, 0.009607246608870683, 0.011508338217273172, 0.0251124829967563
2024-11-06, 0.09553519536227485, 0.08384279475982516, 0.03876720294630745, 0.08632428127328322, 0.49810701090179277, 0.011012205194090111, 0.009607246608870683, 0.011508338217273172, 0.0251124829967563
2024-11-06, 0.09553519536227485, 0.08384279475982516, 0.03876720294630745, 0.08632428127328322, 0.49810701090179277, 0.011012205194090111, 0.009607246608870683, 0.011508338217273172, 0.0251124829967563
2024-11-06, 0.12898896623240994, 0.02096069868995635, 0.09304128707113789, 0.21889371322868226, 0.6294758928978701, 0.013765256492612642, 0.010979710410137926, 0.01854121157227343, 0.026253959496608862
2024-11-06, 0.12898896623240994, 0.02096069868995635, 0.09304128707113789, 0.21889371322868226, 0.6294758928978701, 0.013765256492612642, 0.010979710410137926, 0.01854121157227343, 0.026253959496608862
2024-11-06, 0.12898896623240994, 0.02096069868995635, 0.09304128707113789, 0.21889371322868226, 0.6294758928978701, 0.013765256492612642, 0.010979710410137926, 0.01854121157227343, 0.026253959496608862
2024-11-06, 0.0956572704391539, 0.1467248908296942, 0.0775344058926149, 0.07090923104591129, 0.413264607945993, 0.013765256492612642, 0.012352174211405168, 0.009590281847727644, 0.021117315247272343
2024-10-07, 0.1052964238084855, 0.02096069868995635, 0.09304128707113772, 0.12640341186445037, 0.5720020070245863, 0.00825915389556758, 0.00823478280760344, 0.0031967606159092146, 0.01027328849867303
2024-10-07, 0.1052964238084855, 0.02096069868995635, 0.09304128707113772, 0.12640341186445037, 0.5720020070245863, 0.00825915389556758, 0.00823478280760344, 0.0031967606159092146, 0.01027328849867303
2024-10-07, 0.1052964238084855, 0.02096069868995635, 0.09304128707113772, 0.12640341186445037, 0.5720020070245863, 0.00825915389556758, 0.00823478280760344, 0.0031967606159092146, 0.01027328849867303
2024-10-07, 0.1052964238084855, 0.02096069868995635, 0.09304128707113772, 0.12640341186445037, 0.5720020070245863, 0.00825915389556758, 0.00823478280760344, 0.0031967606159092146, 0.01027328849867303
2024-10-07, 0.1052964238084855, 0.02096069868995635, 0.09304128707113772, 0.12640341186445037, 0.5720020070245863, 0.00825915389556758, 0.00823478280760344, 0.0031967606159092146, 0.01027328849867303
2024-10-07, 0.1052964238084855, 0.02096069868995635, 0.09304128707113772, 0.12640341186445037, 0.5720020070245863, 0.00825915389556758, 0.00823478280760344, 0.0031967606159092146, 0.01027328849867303
2024-10-07, 0.1052964238084855, 0.02096069868995635, 0.09304128707113772, 0.12640341186445037, 0.5720020070245863, 0.00825915389556758, 0.00823478280760344, 0.0031967606159092146, 0.01027328849867303
2024-10-07, 0.1052964238084855, 0.02096069868995635, 0.09304128707113772, 0.12640341186445037, 0.5720020070245863, 0.00825915389556758, 0.00823478280760344, 0.0031967606159092146, 0.01027328849867303
2024-10-07, 0.1052964238084855, 0.02096069868995635, 0.09304128707113772, 0.12640341186445037, 0.5720020070245863, 0.00825915389556758, 0.00823478280760344, 0.0031967606159092146, 0.01027328849867303
2024-10-07, 0.1052964238084855, 0.02096069868995635, 0.09304128707113772, 0.12640341186445037, 0.5720020070245863, 0.00825915389556758, 0.00823478280760344, 0.0031967606159092146, 0.01027328849867303
2024-10-07, 0.1052964238084855, 0.02096069868995635, 0.09304128707113772, 0.12640341186445037, 0.5720020070245863, 0.00825915389556758, 0.00823478280760344, 0.0031967606159092146, 0.01027328849867303
2024-10-07, 0.15310718071151608, 0.06288209606986905, 0.03101376235704579, 0.28671993422911896, 0.7991606988094698, 0.00825915389556758, 0.009607246608870683, 0.008950929724545786, 0.018263623997640942
2024-10-07, 0.15310718071151608, 0.06288209606986905, 0.03101376235704579, 0.28671993422911896, 0.7991606988094698, 0.00825915389556758, 0.009607246608870683, 0.008950929724545786, 0.018263623997640942
2024-10-07, 0.15310718071151608, 0.06288209606986905, 0.03101376235704579, 0.28671993422911896, 0.7991606988094698, 0.00825915389556758, 0.009607246608870683, 0.008950929724545786, 0.018263623997640942
2024-10-07, 0.08255138505908481, 0.0419213973799127, 0.03101376235704579, 0.08015826118233428, 0.47621219723577984, 0.00825915389556758, 0.00823478280760344, 0.0031967606159092146, 0.011414764998525591
2024-09-07, 0.10357236019399085, 0.02096069868995635, 0.31789106415972096, 0.05241117077306502, 0.4023172011129863, 0.005506102597045048, 0.009607246608870683, 0.0044754648622729, 0.01540993274800954
2024-09-07, 0.14026617667827784, 0.0, 0.3101376235704596, 0.18806361277393838, 0.5938968206905989, 0.0027530512985225165, 0.009607246608870683, 0.005114816985454743, 0.01255624149837815
2024-09-07, 0.14026617667827784, 0.0, 0.3101376235704596, 0.18806361277393838, 0.5938968206905989, 0.0027530512985225165, 0.009607246608870683, 0.005114816985454743, 0.01255624149837815
2024-09-07, 0.14026617667827784, 0.0, 0.3101376235704596, 0.18806361277393838, 0.5938968206905989, 0.0027530512985225165, 0.009607246608870683, 0.005114816985454743, 0.01255624149837815
2024-09-07, 0.14026617667827784, 0.0, 0.3101376235704596, 0.18806361277393838, 0.5938968206905989, 0.0027530512985225165, 0.009607246608870683, 0.005114816985454743, 0.01255624149837815
2024-09-07, 0.14026617667827784, 0.0, 0.3101376235704596, 0.18806361277393838, 0.5938968206905989, 0.0027530512985225165, 0.009607246608870683, 0.005114816985454743, 0.01255624149837815
2024-09-07, 0.14026617667827784, 0.0, 0.3101376235704596, 0.18806361277393838, 0.5938968206905989, 0.0027530512985225165, 0.009607246608870683, 0.005114816985454743, 0.01255624149837815
2024-09-07, 0.14026617667827784, 0.0, 0.3101376235704596, 0.18806361277393838, 0.5938968206905989, 0.0027530512985225165, 0.009607246608870683, 0.005114816985454743, 0.01255624149837815
2024-09-07, 0.14026617667827784, 0.0, 0.3101376235704596, 0.18806361277393838, 0.5938968206905989, 0.0027530512985225165, 0.009607246608870683, 0.005114816985454743, 0.01255624149837815
2024-09-07, 0.14026617667827784, 0.0, 0.3101376235704596, 0.18806361277393838, 0.5938968206905989, 0.0027530512985225165, 0.009607246608870683, 0.005114816985454743, 0.01255624149837815
2024-09-07, 0.14026617667827784, 0.0, 0.3101376235704596, 0.18806361277393838, 0.5938968206905989, 0.0027530512985225165, 0.009607246608870683, 0.005114816985454743, 0.01255624149837815
2024-09-07, 0.18633328232169508, 0.06288209606986905, 0.30238418298119796, 0.32988207486576065, 0.755371071477444, 0.00825915389556758, 0.00823478280760344, 0.0076722254781821, 0.01598067099793582
2024-09-07, 0.18633328232169508, 0.06288209606986905, 0.30238418298119796, 0.32988207486576065, 0.755371071477444, 0.00825915389556758, 0.00823478280760344, 0.0076722254781821, 0.01598067099793582
2024-09-07, 0.19706837109606004, 0.12576419213973786, 0.35665826710602855, 0.28055391413817027, 0.78273958855996, 0.00825915389556758, 0.00823478280760344, 0.0006393521231818429, 0.013697717998230712
2024-09-07, 0.15184416157681405, 0.02096069868995635, 0.30238418298119796, 0.21889371322868253, 0.6376864480226248, 0.0027530512985225165, 0.010979710410137926, 0.005114816985454743, 0.01598067099793582
2024-08-08, 0.15651946807570583, 0.0, 0.046520643535568944, 0.5395267579580196, 0.6431601514391281, 0.0027530512985225165, 0.0068623190063361985, 0.0019180563695455287, 0.011414764998525591
2024-08-08, 0.13764733317142616, 0.0838427947598254, 0.13180849001744516, 0.3761272255478765, 0.4789490489440314, 0.00825915389556758, 0.012352174211405168, 0.0012787042463636858, 0.00856107374889419
2024-08-08, 0.13764733317142616, 0.0838427947598254, 0.13180849001744516, 0.3761272255478765, 0.4789490489440314, 0.00825915389556758, 0.012352174211405168, 0.0012787042463636858, 0.00856107374889419
2024-08-08, 0.13764733317142616, 0.0838427947598254, 0.13180849001744516, 0.3761272255478765, 0.4789490489440314, 0.00825915389556758, 0.012352174211405168, 0.0012787042463636858, 0.00856107374889419
2024-08-08, 0.13764733317142616, 0.0838427947598254, 0.13180849001744516, 0.3761272255478765, 0.4789490489440314, 0.00825915389556758, 0.012352174211405168, 0.0012787042463636858, 0.00856107374889419
2024-08-08, 0.13764733317142616, 0.0838427947598254, 0.13180849001744516, 0.3761272255478765, 0.4789490489440314, 0.00825915389556758, 0.012352174211405168, 0.0012787042463636858, 0.00856107374889419
2024-08-08, 0.13764733317142616, 0.0838427947598254, 0.13180849001744516, 0.3761272255478765, 0.4789490489440314, 0.00825915389556758, 0.012352174211405168, 0.0012787042463636858, 0.00856107374889419
2024-08-08, 0.13764733317142616, 0.0838427947598254, 0.13180849001744516, 0.3761272255478765, 0.4789490489440314, 0.00825915389556758, 0.012352174211405168, 0.0012787042463636858, 0.00856107374889419
2024-08-08, 0.13764733317142616, 0.0838427947598254, 0.13180849001744516, 0.3761272255478765, 0.4789490489440314, 0.00825915389556758, 0.012352174211405168, 0.0012787042463636858, 0.00856107374889419
2024-08-08, 0.13764733317142616, 0.0838427947598254, 0.13180849001744516, 0.3761272255478765, 0.4789490489440314, 0.00825915389556758, 0.012352174211405168, 0.0012787042463636858, 0.00856107374889419
2024-08-08, 0.13764733317142616, 0.0838427947598254, 0.13180849001744516, 0.3761272255478765, 0.4789490489440314, 0.00825915389556758, 0.012352174211405168, 0.0012787042463636858, 0.00856107374889419
2024-08-08, 0.210265889001223, 0.20960698689956325, 0.13180849001744516, 0.5796058885491868, 0.7362131095196829, 0.00825915389556758, 0.0068623190063361985, 0.0006393521231818429, 0.009131811998820471
2024-08-08, 0.210265889001223, 0.20960698689956325, 0.13180849001744516, 0.5796058885491868, 0.7362131095196829, 0.00825915389556758, 0.0068623190063361985, 0.0006393521231818429, 0.009131811998820471
2024-08-08, 0.09825214149222349, 0.0838427947598254, 0.08528784648187622, 0.2959689643655422, 0.2928431327829221, 0.00825915389556758, 0.010979710410137926, 0.0025574084927273717, 0.006278120749189069
2024-08-08, 0.15742817657566036, 0.0838427947598254, 0.046520643535568944, 0.4624515068211597, 0.6431601514391281, 0.0027530512985225165, 0.0068623190063361985, 0.0012787042463636858, 0.01255624149837815
2024-07-09, 0.17977811521487727, 0.0838427947598254, 0.0852878464818764, 0.43470441641189017, 0.8073712539342244, 0.0027530512985225316, 0.009607246608870683, 0.008950929724545786, 0.005707382499262802
2024-07-09, 0.12575606324030547, 0.04192139737991247, 0.015506881178522981, 0.32679906482028637, 0.5966336723988506, 0.0027530512985225316, 0.006862319006336213, 0.012147690340455, 0.003424429499557681
2024-07-09, 0.12575606324030547, 0.04192139737991247, 0.015506881178522981, 0.32679906482028637, 0.5966336723988506, 0.0027530512985225316, 0.006862319006336213, 0.012147690340455, 0.003424429499557681
2024-07-09, 0.12575606324030547, 0.04192139737991247, 0.015506881178522981, 0.32679906482028637, 0.5966336723988506, 0.0027530512985225316, 0.006862319006336213, 0.012147690340455, 0.003424429499557681
2024-07-09, 0.12575606324030547, 0.04192139737991247, 0.015506881178522981, 0.32679906482028637, 0.5966336723988506, 0.0027530512985225316, 0.006862319006336213, 0.012147690340455, 0.003424429499557681
2024-07-09, 0.12575606324030547, 0.04192139737991247, 0.015506881178522981, 0.32679906482028637, 0.5966336723988506, 0.0027530512985225316, 0.006862319006336213, 0.012147690340455, 0.003424429499557681
2024-07-09, 0.12575606324030547, 0.04192139737991247, 0.015506881178522981, 0.32679906482028637, 0.5966336723988506, 0.0027530512985225316, 0.006862319006336213, 0.012147690340455, 0.003424429499557681
2024-07-09, 0.12575606324030547, 0.04192139737991247, 0.015506881178522981, 0.32679906482028637, 0.5966336723988506, 0.0027530512985225316, 0.006862319006336213, 0.012147690340455, 0.003424429499557681
2024-07-09, 0.12575606324030547, 0.04192139737991247, 0.015506881178522981, 0.32679906482028637, 0.5966336723988506, 0.0027530512985225316, 0.006862319006336213, 0.012147690340455, 0.003424429499557681
2024-07-09, 0.12575606324030547, 0.04192139737991247, 0.015506881178522981, 0.32679906482028637, 0.5966336723988506, 0.0027530512985225316, 0.006862319006336213, 0.012147690340455, 0.003424429499557681
2024-07-09, 0.12575606324030547, 0.04192139737991247, 0.015506881178522981, 0.32679906482028637, 0.5966336723988506, 0.0027530512985225316, 0.006862319006336213, 0.012147690340455, 0.003424429499557681
2024-07-09, 0.19696281634739643, 0.10480349344978175, 0.015506881178522981, 0.5641908383218148, 0.8675819915157599, 0.0027530512985225316, 0.010979710410137926, 0.007032873355000258, 0.002853691249631401
2024-07-09, 0.19696281634739643, 0.10480349344978175, 0.015506881178522981, 0.5641908383218148, 0.8675819915157599, 0.0027530512985225316, 0.010979710410137926, 0.007032873355000258, 0.002853691249631401
2024-07-09, 0.14537825902624474, 0.02096069868995635, 0.046520643535568944, 0.4285383963209415, 0.6376864480226246, 0.0027530512985225316, 0.006862319006336213, 0.013426394586818687, 0.006278120749189082
2024-07-09, 0.19696281634739643, 0.10480349344978175, 0.015506881178522981, 0.5641908383218148, 0.8675819915157599, 0.0027530512985225316, 0.010979710410137926, 0.007032873355000258, 0.002853691249631401
2024-06-09, 0.14410109716313807, 0.12576419213973786, 0.007753440589261491, 0.3730442155024023, 0.6212653377731151, 0.0055061025970450555, 0.012352174211405168, 0.0025574084927273717, 0.0045659059994102415
2024-06-09, 0.14410109716313807, 0.12576419213973786, 0.007753440589261491, 0.3730442155024023, 0.6212653377731151, 0.0055061025970450555, 0.012352174211405168, 0.0025574084927273717, 0.0045659059994102415
2024-06-09, 0.14410109716313807, 0.12576419213973786, 0.007753440589261491, 0.3730442155024023, 0.6212653377731151, 0.0055061025970450555, 0.012352174211405168, 0.0025574084927273717, 0.0045659059994102415
2024-06-09, 0.14410109716313807, 0.12576419213973786, 0.007753440589261491, 0.3730442155024023, 0.6212653377731151, 0.0055061025970450555, 0.012352174211405168, 0.0025574084927273717, 0.0045659059994102415
2024-06-09, 0.14410109716313807, 0.12576419213973786, 0.007753440589261491, 0.3730442155024023, 0.6212653377731151, 0.0055061025970450555, 0.012352174211405168, 0.0025574084927273717, 0.0045659059994102415
2024-06-09, 0.14410109716313807, 0.12576419213973786, 0.007753440589261491, 0.3730442155024023, 0.6212653377731151, 0.0055061025970450555, 0.012352174211405168, 0.0025574084927273717, 0.0045659059994102415
2024-06-09, 0.14410109716313807, 0.12576419213973786, 0.007753440589261491, 0.3730442155024023, 0.6212653377731151, 0.0055061025970450555, 0.012352174211405168, 0.0025574084927273717, 0.0045659059994102415
2024-06-09, 0.14410109716313807, 0.12576419213973786, 0.007753440589261491, 0.3730442155024023, 0.6212653377731151, 0.0055061025970450555, 0.012352174211405168, 0.0025574084927273717, 0.0045659059994102415
2024-06-09, 0.14410109716313807, 0.12576419213973786, 0.007753440589261491, 0.3730442155024023, 0.6212653377731151, 0.0055061025970450555, 0.012352174211405168, 0.0025574084927273717, 0.0045659059994102415
2024-06-09, 0.14410109716313807, 0.12576419213973786, 0.007753440589261491, 0.3730442155024023, 0.6212653377731151, 0.0055061025970450555, 0.012352174211405168, 0.0025574084927273717, 0.0045659059994102415
2024-06-09, 0.14410109716313807, 0.12576419213973786, 0.007753440589261491, 0.3730442155024023, 0.6212653377731151, 0.0055061025970450555, 0.012352174211405168, 0.0025574084927273717, 0.0045659059994102415
2024-06-09, 0.19217014199170926, 0.1467248908296942, 0.046520643535568944, 0.5241117077306476, 0.8018975505177213, 0.0, 0.012352174211405168, 0.005754169108636586, 0.0
2024-06-09, 0.19217014199170926, 0.1467248908296942, 0.046520643535568944, 0.5241117077306476, 0.8018975505177213, 0.0, 0.012352174211405168, 0.005754169108636586, 0.0
2024-06-09, 0.19217014199170926, 0.1467248908296942, 0.046520643535568944, 0.5241117077306476, 0.8018975505177213, 0.0, 0.012352174211405168, 0.005754169108636586, 0.0
2024-06-09, 0.1728195579637176, 0.10480349344978152, 0.0, 0.47170053695758285, 0.7827395885599598, 0.0055061025970450555, 0.010979710410137926, 0.005114816985454743, 0.0017122147497788405
2024-05-10, 0.19750488739127586, 0.25152838427947594, 0.07753440589261473, 0.4377874264573646, 0.7909501436847148, 0.0, 0.012352174211405168, 0.007032873355000272, 0.002853691249631401
2024-05-10, 0.19750488739127586, 0.25152838427947594, 0.07753440589261473, 0.4377874264573646, 0.7909501436847148, 0.0, 0.012352174211405168, 0.007032873355000272, 0.002853691249631401
2024-05-10, 0.19750488739127586, 0.25152838427947594, 0.07753440589261473, 0.4377874264573646, 0.7909501436847148, 0.0, 0.012352174211405168, 0.007032873355000272, 0.002853691249631401
2024-05-10, 0.19750488739127586, 0.25152838427947594, 0.07753440589261473, 0.4377874264573646, 0.7909501436847148, 0.0, 0.012352174211405168, 0.007032873355000272, 0.002853691249631401
2024-05-10, 0.19750488739127586, 0.25152838427947594, 0.07753440589261473, 0.4377874264573646, 0.7909501436847148, 0.0, 0.012352174211405168, 0.007032873355000272, 0.002853691249631401
2024-05-10, 0.19750488739127586, 0.25152838427947594, 0.07753440589261473, 0.4377874264573646, 0.7909501436847148, 0.0, 0.012352174211405168, 0.007032873355000272, 0.002853691249631401
2024-05-10, 0.19750488739127586, 0.25152838427947594, 0.07753440589261473, 0.4377874264573646, 0.7909501436847148, 0.0, 0.012352174211405168, 0.007032873355000272, 0.002853691249631401
2024-05-10, 0.19750488739127586, 0.25152838427947594, 0.07753440589261473, 0.4377874264573646, 0.7909501436847148, 0.0, 0.012352174211405168, 0.007032873355000272, 0.002853691249631401
2024-05-10, 0.19750488739127586, 0.25152838427947594, 0.07753440589261473, 0.4377874264573646, 0.7909501436847148, 0.0, 0.012352174211405168, 0.007032873355000272, 0.002853691249631401
2024-05-10, 0.19750488739127586, 0.25152838427947594, 0.07753440589261473, 0.4377874264573646, 0.7909501436847148, 0.0, 0.012352174211405168, 0.007032873355000272, 0.002853691249631401
2024-05-10, 0.19750488739127586, 0.25152838427947594, 0.07753440589261473, 0.4377874264573646, 0.7909501436847148, 0.0, 0.012352174211405168, 0.007032873355000272, 0.002853691249631401
2024-05-10, 0.25619132143943024, 0.2934497816593887, 0.054274084124830264, 0.7245073606864836, 0.9551612461798111, 0.0027530512985225316, 0.012352174211405168, 0.007032873355000272, 0.0
2024-05-10, 0.25619132143943024, 0.2934497816593887, 0.054274084124830264, 0.7245073606864836, 0.9551612461798111, 0.0027530512985225316, 0.012352174211405168, 0.007032873355000272, 0.0
2024-05-10, 0.25619132143943024, 0.2934497816593887, 0.054274084124830264, 0.7245073606864836, 0.9551612461798111, 0.0027530512985225316, 0.012352174211405168, 0.007032873355000272, 0.0
2024-05-10, 0.1791135609757391, 0.20960698689956325, 0.054274084124830264, 0.4285383963209414, 0.7197919992701728, 0.0027530512985225316, 0.010979710410137926, 0.006393521231818429, 0.0005707382499262802
2024-04-10, 0.15094784396289515, 0.0838427947598254, 0.0, 0.4470364565937879, 0.6486338548556311, 0.002753051298522524, 0.009607246608870683, 0.013426394586818687, 0.0022829529997051208
2024-04-10, 0.15536208106711186, 0.1676855895196508, 0.062027524714091925, 0.363795185365979, 0.607581079231857, 0.0055061025970450555, 0.010979710410137926, 0.017901859449091586, 0.007419597249041642
2024-04-10, 0.15536208106711186, 0.1676855895196508, 0.062027524714091925, 0.363795185365979, 0.607581079231857, 0.0055061025970450555, 0.010979710410137926, 0.017901859449091586, 0.007419597249041642
2024-04-10, 0.15536208106711186, 0.1676855895196508, 0.062027524714091925, 0.363795185365979, 0.607581079231857, 0.0055061025970450555, 0.010979710410137926, 0.017901859449091586, 0.007419597249041642
2024-04-10, 0.15536208106711186, 0.1676855895196508, 0.062027524714091925, 0.363795185365979, 0.607581079231857, 0.0055061025970450555, 0.010979710410137926, 0.017901859449091586, 0.007419597249041642
2024-04-10, 0.15536208106711186, 0.1676855895196508, 0.062027524714091925, 0.363795185365979, 0.607581079231857, 0.0055061025970450555, 0.010979710410137926, 0.017901859449091586, 0.007419597249041642
2024-04-10, 0.15536208106711186, 0.1676855895196508, 0.062027524714091925, 0.363795185365979, 0.607581079231857, 0.0055061025970450555, 0.010979710410137926, 0.017901859449091586, 0.007419597249041642
2024-04-10, 0.15536208106711186, 0.1676855895196508, 0.062027524714091925, 0.363795185365979, 0.607581079231857, 0.0055061025970450555, 0.010979710410137926, 0.017901859449091586, 0.007419597249041642
2024-04-10, 0.15536208106711186, 0.1676855895196508, 0.062027524714091925, 0.363795185365979, 0.607581079231857, 0.0055061025970450555, 0.010979710410137926, 0.017901859449091586, 0.007419597249041642
2024-04-10, 0.15536208106711186, 0.1676855895196508, 0.062027524714091925, 0.363795185365979, 0.607581079231857, 0.0055061025970450555, 0.010979710410137926, 0.017901859449091586, 0.007419597249041642
2024-04-10, 0.15536208106711186, 0.1676855895196508, 0.062027524714091925, 0.363795185365979, 0.607581079231857, 0.0055061025970450555, 0.010979710410137926, 0.017901859449091586, 0.007419597249041642
2024-04-10, 0.2010808033389038, 0.08384279475982516, 0.0, 0.6628471597769956, 0.8292660676002372, 0.008259153895567587, 0.012352174211405168, 0.011508338217273158, 0.0005707382499262802
2024-04-10, 0.2010808033389038, 0.08384279475982516, 0.0, 0.6628471597769956, 0.8292660676002372, 0.008259153895567587, 0.012352174211405168, 0.011508338217273158, 0.0005707382499262802
2024-04-10, 0.17705843299343987, 0.0419213973799127, 0.03876720294630745, 0.5210286976851732, 0.7909501436847148, 0.002753051298522524, 0.009607246608870683, 0.010868986094091315, 0.0005707382499262802
2024-04-10, 0.17320937635303038, 0.10480349344978175, 0.031013762357045963, 0.4470364565937879, 0.760844774893947, 0.002753051298522524, 0.010979710410137926, 0.01854121157227343, 0.00970255024874675
2024-03-11, 0.1771558239637941, 0.23056768558951962, 0.015506881178522981, 0.45936849677568536, 0.6814760753546504, 0.0027530512985225316, 0.008234782807603456, 0.015344450956364216, 0.003995167749483961
2024-03-11, 0.1734178413968031, 0.20960698689956325, 0.09304128707113789, 0.40695732600262063, 0.656844409980386, 0.0027530512985225316, 0.005489855205068971, 0.011508338217273158, 0.0011414764998525604
2024-03-11, 0.1734178413968031, 0.20960698689956325, 0.09304128707113789, 0.40695732600262063, 0.656844409980386, 0.0027530512985225316, 0.005489855205068971, 0.011508338217273158, 0.0011414764998525604
2024-03-11, 0.1734178413968031, 0.20960698689956325, 0.09304128707113789, 0.40695732600262063, 0.656844409980386, 0.0027530512985225316, 0.005489855205068971, 0.011508338217273158, 0.0011414764998525604
2024-03-11, 0.1734178413968031, 0.20960698689956325, 0.09304128707113789, 0.40695732600262063, 0.656844409980386, 0.0027530512985225316, 0.005489855205068971, 0.011508338217273158, 0.0011414764998525604
2024-03-11, 0.1734178413968031, 0.20960698689956325, 0.09304128707113789, 0.40695732600262063, 0.656844409980386, 0.0027530512985225316, 0.005489855205068971, 0.011508338217273158, 0.0011414764998525604
2024-03-11, 0.1734178413968031, 0.20960698689956325, 0.09304128707113789, 0.40695732600262063, 0.656844409980386, 0.0027530512985225316, 0.005489855205068971, 0.011508338217273158, 0.0011414764998525604
2024-03-11, 0.1734178413968031, 0.20960698689956325, 0.09304128707113789, 0.40695732600262063, 0.656844409980386, 0.0027530512985225316, 0.005489855205068971, 0.011508338217273158, 0.0011414764998525604
2024-03-11, 0.1734178413968031, 0.20960698689956325, 0.09304128707113789, 0.40695732600262063, 0.656844409980386, 0.0027530512985225316, 0.005489855205068971, 0.011508338217273158, 0.0011414764998525604
2024-03-11, 0.1734178413968031, 0.20960698689956325, 0.09304128707113789, 0.40695732600262063, 0.656844409980386, 0.0027530512985225316, 0.005489855205068971, 0.011508338217273158, 0.0011414764998525604
2024-03-11, 0.1734178413968031, 0.20960698689956325, 0.09304128707113789, 0.40695732600262063, 0.656844409980386, 0.0027530512985225316, 0.005489855205068971, 0.011508338217273158, 0.0011414764998525604
2024-03-11, 0.24266599323348947, 0.25152838427947594, 0.0775344058926149, 0.6320170593222515, 0.9551612461798111, 0.005506102597045063, 0.006862319006336213, 0.012147690340455, 0.0005707382499262802
2024-03-11, 0.24266599323348947, 0.25152838427947594, 0.0775344058926149, 0.6320170593222515, 0.9551612461798111, 0.005506102597045063, 0.006862319006336213, 0.012147690340455, 0.0005707382499262802
2024-03-11, 0.17063349987517237, 0.20960698689956325, 0.03876720294630745, 0.43470441641189017, 0.6376864480226246, 0.0027530512985225316, 0.009607246608870698, 0.021098620065000802, 0.01084402674859931
2024-03-11, 0.18617836777244415, 0.20960698689956325, 0.046520643535568944, 0.4439534465483134, 0.7581079231856954, 0.0027530512985225316, 0.006862319006336213, 0.015344450956364216, 0.006278120749189082
2024-02-10, 0.16321731552346241, 0.1467248908296942, 0.054274084124830264, 0.456285486730211, 0.6294758928978699, 0.0027530512985225316, 0.008234782807603456, 0.0, 0.007990335498967922
2024-02-10, 0.1553461118899805, 0.02096069868995635, 0.05427408412483043, 0.4501194666392621, 0.6869497787711536, 0.0027530512985225316, 0.009607246608870698, 0.003836112739091043, 0.014268456248156992
2024-02-10, 0.1553461118899805, 0.02096069868995635, 0.05427408412483043, 0.4501194666392621, 0.6869497787711536, 0.0027530512985225316, 0.009607246608870698, 0.003836112739091043, 0.014268456248156992
2024-02-10, 0.1553461118899805, 0.02096069868995635, 0.05427408412483043, 0.4501194666392621, 0.6869497787711536, 0.0027530512985225316, 0.009607246608870698, 0.003836112739091043, 0.014268456248156992
2024-02-10, 0.1553461118899805, 0.02096069868995635, 0.05427408412483043, 0.4501194666392621, 0.6869497787711536, 0.0027530512985225316, 0.009607246608870698, 0.003836112739091043, 0.014268456248156992
2024-02-10, 0.1553461118899805, 0.02096069868995635, 0.05427408412483043, 0.4501194666392621, 0.6869497787711536, 0.0027530512985225316, 0.009607246608870698, 0.003836112739091043, 0.014268456248156992
2024-02-10, 0.1553461118899805, 0.02096069868995635, 0.05427408412483043, 0.4501194666392621, 0.6869497787711536, 0.0027530512985225316, 0.009607246608870698, 0.003836112739091043, 0.014268456248156992
2024-02-10, 0.1553461118899805, 0.02096069868995635, 0.05427408412483043, 0.4501194666392621, 0.6869497787711536, 0.0027530512985225316, 0.009607246608870698, 0.003836112739091043, 0.014268456248156992
2024-02-10, 0.1553461118899805, 0.02096069868995635, 0.05427408412483043, 0.4501194666392621, 0.6869497787711536, 0.0027530512985225316, 0.009607246608870698, 0.003836112739091043, 0.014268456248156992
2024-02-10, 0.1553461118899805, 0.02096069868995635, 0.05427408412483043, 0.4501194666392621, 0.6869497787711536, 0.0027530512985225316, 0.009607246608870698, 0.003836112739091043, 0.014268456248156992
2024-02-10, 0.1553461118899805, 0.02096069868995635, 0.05427408412483043, 0.4501194666392621, 0.6869497787711536, 0.0027530512985225316, 0.009607246608870698, 0.003836112739091043, 0.014268456248156992
2024-02-10, 0.19640413690292835, 0.1886462882096069, 0.007753440589261491, 0.5549418081853916, 0.7909501436847146, 0.008259153895567587, 0.010979710410137934, 0.0, 0.00970255024874675
2024-02-10, 0.19640413690292835, 0.1886462882096069, 0.007753440589261491, 0.5549418081853916, 0.7909501436847146, 0.008259153895567587, 0.010979710410137934, 0.0, 0.00970255024874675
2024-02-10, 0.15752040844517134, 0.1467248908296942, 0.015506881178522981, 0.46553451686663405, 0.6075810792318569, 0.005506102597045063, 0.009607246608870698, 0.0, 0.00970255024874675
2024-02-10, 0.19810199581996635, 0.1467248908296942, 0.007753440589261491, 0.5148626775942244, 0.894950508598276, 0.005506102597045063, 0.009607246608870698, 0.0025574084927273717, 0.002853691249631401
2024-01-11, 0.17202173496355863, 0.0, 0.13180849001744516, 0.5241117077306477, 0.7033708890206634, 0.0, 0.005489855205068956, 0.005114816985454743, 0.006278120749189082
2024-01-11, 0.17202173496355863, 0.0, 0.13180849001744516, 0.5241117077306477, 0.7033708890206634, 0.0, 0.005489855205068956, 0.005114816985454743, 0.006278120749189082
2024-01-11, 0.17202173496355863, 0.0, 0.13180849001744516, 0.5241117077306477, 0.7033708890206634, 0.0, 0.005489855205068956, 0.005114816985454743, 0.006278120749189082
2024-01-11, 0.17202173496355863, 0.0, 0.13180849001744516, 0.5241117077306477, 0.7033708890206634, 0.0, 0.005489855205068956, 0.005114816985454743, 0.006278120749189082
2024-01-11, 0.17202173496355863, 0.0, 0.13180849001744516, 0.5241117077306477, 0.7033708890206634, 0.0, 0.005489855205068956, 0.005114816985454743, 0.006278120749189082
2024-01-11, 0.17202173496355863, 0.0, 0.13180849001744516, 0.5241117077306477, 0.7033708890206634, 0.0, 0.005489855205068956, 0.005114816985454743, 0.006278120749189082
2024-01-11, 0.17202173496355863, 0.0, 0.13180849001744516, 0.5241117077306477, 0.7033708890206634, 0.0, 0.005489855205068956, 0.005114816985454743, 0.006278120749189082
2024-01-11, 0.17202173496355863, 0.0, 0.13180849001744516, 0.5241117077306477, 0.7033708890206634, 0.0, 0.005489855205068956, 0.005114816985454743, 0.006278120749189082
2024-01-11, 0.17202173496355863, 0.0, 0.13180849001744516, 0.5241117077306477, 0.7033708890206634, 0.0, 0.005489855205068956, 0.005114816985454743, 0.006278120749189082
2024-01-11, 0.17202173496355863, 0.0, 0.13180849001744516, 0.5241117077306477, 0.7033708890206634, 0.0, 0.005489855205068956, 0.005114816985454743, 0.006278120749189082
2024-01-11, 0.17202173496355863, 0.0, 0.13180849001744516, 0.5241117077306477, 0.7033708890206634, 0.0, 0.005489855205068956, 0.005114816985454743, 0.006278120749189082
2024-01-11, 0.2224838586562162, 0.10480349344978175, 0.1705756929637528, 0.6258510392313029, 0.8484240295579984, 0.008259153895567587, 0.00823478280760344, 0.010868986094091329, 0.0028536912496313883
2024-01-11, 0.2224838586562162, 0.10480349344978175, 0.1705756929637528, 0.6258510392313029, 0.8484240295579984, 0.008259153895567587, 0.00823478280760344, 0.010868986094091329, 0.0028536912496313883
2024-01-11, 0.2224838586562162, 0.10480349344978175, 0.1705756929637528, 0.6258510392313029, 0.8484240295579984, 0.008259153895567587, 0.00823478280760344, 0.010868986094091329, 0.0028536912496313883
2024-01-11, 0.20097491886414565, 0.08384279475982516, 0.16282225237449113, 0.542609768003494, 0.7936869953929665, 0.005506102597045063, 0.00823478280760344, 0.007672225478182115, 0.003424429499557681
2023-12-12, 0.1950650794558745, 0.06288209606986905, 0.255863539445629, 0.4686175269121086, 0.7553710714774438, 0.002753051298522524, 0.005489855205068956, 0.0038361127390910575, 0.005707382499262802
2023-12-12, 0.1950650794558745, 0.06288209606986905, 0.255863539445629, 0.4686175269121086, 0.7553710714774438, 0.002753051298522524, 0.005489855205068956, 0.0038361127390910575, 0.005707382499262802
2023-12-12, 0.1950650794558745, 0.06288209606986905, 0.255863539445629, 0.4686175269121086, 0.7553710714774438, 0.002753051298522524, 0.005489855205068956, 0.0038361127390910575, 0.005707382499262802
2023-12-12, 0.1950650794558745, 0.06288209606986905, 0.255863539445629, 0.4686175269121086, 0.7553710714774438, 0.002753051298522524, 0.005489855205068956, 0.0038361127390910575, 0.005707382499262802
2023-12-12, 0.1950650794558745, 0.06288209606986905, 0.255863539445629, 0.4686175269121086, 0.7553710714774438, 0.002753051298522524, 0.005489855205068956, 0.0038361127390910575, 0.005707382499262802
2023-12-12, 0.1950650794558745, 0.06288209606986905, 0.255863539445629, 0.4686175269121086, 0.7553710714774438, 0.002753051298522524, 0.005489855205068956, 0.0038361127390910575, 0.005707382499262802
2023-12-12, 0.1950650794558745, 0.06288209606986905, 0.255863539445629, 0.4686175269121086, 0.7553710714774438, 0.002753051298522524, 0.005489855205068956, 0.0038361127390910575, 0.005707382499262802
2023-12-12, 0.1950650794558745, 0.06288209606986905, 0.255863539445629, 0.4686175269121086, 0.7553710714774438, 0.002753051298522524, 0.005489855205068956, 0.0038361127390910575, 0.005707382499262802
2023-12-12, 0.1950650794558745, 0.06288209606986905, 0.255863539445629, 0.4686175269121086, 0.7553710714774438, 0.002753051298522524, 0.005489855205068956, 0.0038361127390910575, 0.005707382499262802
2023-12-12, 0.1950650794558745, 0.06288209606986905, 0.255863539445629, 0.4686175269121086, 0.7553710714774438, 0.002753051298522524, 0.005489855205068956, 0.0038361127390910575, 0.005707382499262802
2023-12-12, 0.1950650794558745, 0.06288209606986905, 0.255863539445629, 0.4686175269121086, 0.7553710714774438, 0.002753051298522524, 0.005489855205068956, 0.0038361127390910575, 0.005707382499262802
2023-12-12, 0.259587522024216, 0.2934497816593887, 0.271370420624152, 0.5919379287310844, 0.8840031017652695, 0.011012205194090111, 0.009607246608870683, 0.0044754648622729, 0.010844026748599323
2023-12-12, 0.259587522024216, 0.2934497816593887, 0.271370420624152, 0.5919379287310844, 0.8840031017652695, 0.011012205194090111, 0.009607246608870683, 0.0044754648622729, 0.010844026748599323
2023-12-12, 0.259587522024216, 0.2934497816593887, 0.271370420624152, 0.5919379287310844, 0.8840031017652695, 0.011012205194090111, 0.009607246608870683, 0.0044754648622729, 0.010844026748599323
2023-12-12, 0.21716569217169668, 0.23056768558951962, 0.255863539445629, 0.44703645659378777, 0.7800027368517082, 0.0055061025970450555, 0.00823478280760344, 0.0038361127390910575, 0.006278120749189082
2023-11-12, 0.2456160222345988, 0.20960698689956303, 0.3721651482845512, 0.49636461732137815, 0.8429503261414953, 0.0055061025970450555, 0.01372463801267241, 0.0006393521231818429, 0.023971006496903743
2023-11-12, 0.2456160222345988, 0.20960698689956303, 0.3721651482845512, 0.49636461732137815, 0.8429503261414953, 0.0055061025970450555, 0.01372463801267241, 0.0006393521231818429, 0.023971006496903743
2023-11-12, 0.2456160222345988, 0.20960698689956303, 0.3721651482845512, 0.49636461732137815, 0.8429503261414953, 0.0055061025970450555, 0.01372463801267241, 0.0006393521231818429, 0.023971006496903743
2023-11-12, 0.2456160222345988, 0.20960698689956303, 0.3721651482845512, 0.49636461732137815, 0.8429503261414953, 0.0055061025970450555, 0.01372463801267241, 0.0006393521231818429, 0.023971006496903743
2023-11-12, 0.2456160222345988, 0.20960698689956303, 0.3721651482845512, 0.49636461732137815, 0.8429503261414953, 0.0055061025970450555, 0.01372463801267241, 0.0006393521231818429, 0.023971006496903743
2023-11-12, 0.2456160222345988, 0.20960698689956303, 0.3721651482845512, 0.49636461732137815, 0.8429503261414953, 0.0055061025970450555, 0.01372463801267241, 0.0006393521231818429, 0.023971006496903743
2023-11-12, 0.2456160222345988, 0.20960698689956303, 0.3721651482845512, 0.49636461732137815, 0.8429503261414953, 0.0055061025970450555, 0.01372463801267241, 0.0006393521231818429, 0.023971006496903743
2023-11-12, 0.2456160222345988, 0.20960698689956303, 0.3721651482845512, 0.49636461732137815, 0.8429503261414953, 0.0055061025970450555, 0.01372463801267241, 0.0006393521231818429, 0.023971006496903743
2023-11-12, 0.2456160222345988, 0.20960698689956303, 0.3721651482845512, 0.49636461732137815, 0.8429503261414953, 0.0055061025970450555, 0.01372463801267241, 0.0006393521231818429, 0.023971006496903743
2023-11-12, 0.2456160222345988, 0.20960698689956303, 0.3721651482845512, 0.49636461732137815, 0.8429503261414953, 0.0055061025970450555, 0.01372463801267241, 0.0006393521231818429, 0.023971006496903743
2023-11-12, 0.2456160222345988, 0.20960698689956303, 0.3721651482845512, 0.49636461732137815, 0.8429503261414953, 0.0055061025970450555, 0.01372463801267241, 0.0006393521231818429, 0.023971006496903743
2023-11-12, 0.313211666722526, 0.46113537117903897, 0.3799185888738125, 0.6597641497315213, 0.9578980978880628, 0.011012205194090118, 0.015097101813939653, 0.008311577601363957, 0.01255624149837815
2023-11-12, 0.313211666722526, 0.46113537117903897, 0.3799185888738125, 0.6597641497315213, 0.9578980978880628, 0.011012205194090118, 0.015097101813939653, 0.008311577601363957, 0.01255624149837815
2023-11-12, 0.313211666722526, 0.46113537117903897, 0.3799185888738125, 0.6597641497315213, 0.9578980978880628, 0.011012205194090118, 0.015097101813939653, 0.008311577601363957, 0.01255624149837815
2023-11-12, 0.23577546000152827, 0.2934497816593884, 0.3566582671060282, 0.456285486730211, 0.7416868129361858, 0.008259153895567587, 0.012352174211405168, 0.0089509297245458, 0.008561073748894203
2023-10-13, 0.23010850057088156, 0.4192139737991265, 0.16282225237449113, 0.5117796675487502, 0.7006340373124116, 0.011012205194090118, 0.009607246608870698, 0.006393521231818429, 0.019405100497493513
2023-10-13, 0.19380469021216906, 0.46113537117903924, 0.1550688117852298, 0.410040336048095, 0.4707384938192765, 0.008259153895567587, 0.006862319006336213, 0.011508338217273172, 0.026824697746535144
2023-10-13, 0.19380469021216906, 0.46113537117903924, 0.1550688117852298, 0.410040336048095, 0.4707384938192765, 0.008259153895567587, 0.006862319006336213, 0.011508338217273172, 0.026824697746535144
2023-10-13, 0.19380469021216906, 0.46113537117903924, 0.1550688117852298, 0.410040336048095, 0.4707384938192765, 0.008259153895567587, 0.006862319006336213, 0.011508338217273172, 0.026824697746535144
2023-10-13, 0.19380469021216906, 0.46113537117903924, 0.1550688117852298, 0.410040336048095, 0.4707384938192765, 0.008259153895567587, 0.006862319006336213, 0.011508338217273172, 0.026824697746535144
2023-10-13, 0.19380469021216906, 0.46113537117903924, 0.1550688117852298, 0.410040336048095, 0.4707384938192765, 0.008259153895567587, 0.006862319006336213, 0.011508338217273172, 0.026824697746535144
2023-10-13, 0.19380469021216906, 0.46113537117903924, 0.1550688117852298, 0.410040336048095, 0.4707384938192765, 0.008259153895567587, 0.006862319006336213, 0.011508338217273172, 0.026824697746535144
2023-10-13, 0.19380469021216906, 0.46113537117903924, 0.1550688117852298, 0.410040336048095, 0.4707384938192765, 0.008259153895567587, 0.006862319006336213, 0.011508338217273172, 0.026824697746535144
2023-10-13, 0.19380469021216906, 0.46113537117903924, 0.1550688117852298, 0.410040336048095, 0.4707384938192765, 0.008259153895567587, 0.006862319006336213, 0.011508338217273172, 0.026824697746535144
2023-10-13, 0.19380469021216906, 0.46113537117903924, 0.1550688117852298, 0.410040336048095, 0.4707384938192765, 0.008259153895567587, 0.006862319006336213, 0.011508338217273172, 0.026824697746535144
2023-10-13, 0.19380469021216906, 0.46113537117903924, 0.1550688117852298, 0.410040336048095, 0.4707384938192765, 0.008259153895567587, 0.006862319006336213, 0.011508338217273172, 0.026824697746535144
2023-10-13, 0.2840170896161074, 0.6497816593886464, 0.20934289591006008, 0.6166020090948796, 0.7334762578114307, 0.016518307791135174, 0.012352174211405184, 0.0089509297245458, 0.0251124829967563
2023-10-13, 0.2840170896161074, 0.6497816593886464, 0.20934289591006008, 0.6166020090948796, 0.7334762578114307, 0.016518307791135174, 0.012352174211405184, 0.0089509297245458, 0.0251124829967563
2023-10-13, 0.21269471823072575, 0.4192139737991265, 0.14731537119596816, 0.527194717776122, 0.5692651553163343, 0.008259153895567587, 0.006862319006336213, 0.005754169108636586, 0.017692885747714673
2023-10-13, 0.20207008317872763, 0.35633187772925745, 0.054274084124830264, 0.5518587981399172, 0.6157916343566118, 0.005506102597045063, 0.006862319006336213, 0.007672225478182115, 0.018263623997640952
2023-09-13, 0.18953607665949063, 0.5868995633187774, 0.14731537119596816, 0.29905197441101655, 0.4214751630707474, 0.011012205194090118, 0.004117391403801728, 0.02301667643454633, 0.02340026824697746
2023-09-13, 0.18953607665949063, 0.5868995633187774, 0.14731537119596816, 0.29905197441101655, 0.4214751630707474, 0.011012205194090118, 0.004117391403801728, 0.02301667643454633, 0.02340026824697746
2023-09-13, 0.18953607665949063, 0.5868995633187774, 0.14731537119596816, 0.29905197441101655, 0.4214751630707474, 0.011012205194090118, 0.004117391403801728, 0.02301667643454633, 0.02340026824697746
2023-09-13, 0.18953607665949063, 0.5868995633187774, 0.14731537119596816, 0.29905197441101655, 0.4214751630707474, 0.011012205194090118, 0.004117391403801728, 0.02301667643454633, 0.02340026824697746
2023-09-13, 0.18953607665949063, 0.5868995633187774, 0.14731537119596816, 0.29905197441101655, 0.4214751630707474, 0.011012205194090118, 0.004117391403801728, 0.02301667643454633, 0.02340026824697746
2023-09-13, 0.18953607665949063, 0.5868995633187774, 0.14731537119596816, 0.29905197441101655, 0.4214751630707474, 0.011012205194090118, 0.004117391403801728, 0.02301667643454633, 0.02340026824697746
2023-09-13, 0.18953607665949063, 0.5868995633187774, 0.14731537119596816, 0.29905197441101655, 0.4214751630707474, 0.011012205194090118, 0.004117391403801728, 0.02301667643454633, 0.02340026824697746
2023-09-13, 0.18953607665949063, 0.5868995633187774, 0.14731537119596816, 0.29905197441101655, 0.4214751630707474, 0.011012205194090118, 0.004117391403801728, 0.02301667643454633, 0.02340026824697746
2023-09-13, 0.18953607665949063, 0.5868995633187774, 0.14731537119596816, 0.29905197441101655, 0.4214751630707474, 0.011012205194090118, 0.004117391403801728, 0.02301667643454633, 0.02340026824697746
2023-09-13, 0.18953607665949063, 0.5868995633187774, 0.14731537119596816, 0.29905197441101655, 0.4214751630707474, 0.011012205194090118, 0.004117391403801728, 0.02301667643454633, 0.02340026824697746
2023-09-13, 0.18953607665949063, 0.5868995633187774, 0.14731537119596816, 0.29905197441101655, 0.4214751630707474, 0.011012205194090118, 0.004117391403801728, 0.02301667643454633, 0.02340026824697746
2023-09-13, 0.25507289825943524, 0.6707423580786027, 0.1550688117852298, 0.4871155871849549, 0.6568444099803861, 0.01376525649261265, 0.006862319006336213, 0.026213437050455545, 0.023971006496903743
2023-09-13, 0.25507289825943524, 0.6707423580786027, 0.1550688117852298, 0.4871155871849549, 0.6568444099803861, 0.01376525649261265, 0.006862319006336213, 0.026213437050455545, 0.023971006496903743
2023-09-13, 0.25507289825943524, 0.6707423580786027, 0.1550688117852298, 0.4871155871849549, 0.6568444099803861, 0.01376525649261265, 0.006862319006336213, 0.026213437050455545, 0.023971006496903743
2023-09-13, 0.20800823077013758, 0.6078602620087337, 0.13180849001744516, 0.33604809495670934, 0.5227386762760572, 0.011012205194090118, 0.004117391403801728, 0.023656028557728172, 0.026824697746535144
2023-08-14, 0.07790631451613415, 0.14672489082969445, 0.11630160883892253, 0.12023739177350169, 0.17242165761985154, 0.01376525649261265, 0.004117391403801713, 0.026852789173637374, 0.022829529997051182
2023-08-14, 0.07790631451613415, 0.14672489082969445, 0.11630160883892253, 0.12023739177350169, 0.17242165761985154, 0.01376525649261265, 0.004117391403801713, 0.026852789173637374, 0.022829529997051182
2023-08-14, 0.07790631451613415, 0.14672489082969445, 0.11630160883892253, 0.12023739177350169, 0.17242165761985154, 0.01376525649261265, 0.004117391403801713, 0.026852789173637374, 0.022829529997051182
2023-08-14, 0.07790631451613415, 0.14672489082969445, 0.11630160883892253, 0.12023739177350169, 0.17242165761985154, 0.01376525649261265, 0.004117391403801713, 0.026852789173637374, 0.022829529997051182
2023-08-14, 0.07790631451613415, 0.14672489082969445, 0.11630160883892253, 0.12023739177350169, 0.17242165761985154, 0.01376525649261265, 0.004117391403801713, 0.026852789173637374, 0.022829529997051182
2023-08-14, 0.07790631451613415, 0.14672489082969445, 0.11630160883892253, 0.12023739177350169, 0.17242165761985154, 0.01376525649261265, 0.004117391403801713, 0.026852789173637374, 0.022829529997051182
2023-08-14, 0.07790631451613415, 0.14672489082969445, 0.11630160883892253, 0.12023739177350169, 0.17242165761985154, 0.01376525649261265, 0.004117391403801713, 0.026852789173637374, 0.022829529997051182
2023-08-14, 0.07790631451613415, 0.14672489082969445, 0.11630160883892253, 0.12023739177350169, 0.17242165761985154, 0.01376525649261265, 0.004117391403801713, 0.026852789173637374, 0.022829529997051182
2023-08-14, 0.07790631451613415, 0.14672489082969445, 0.11630160883892253, 0.12023739177350169, 0.17242165761985154, 0.01376525649261265, 0.004117391403801713, 0.026852789173637374, 0.022829529997051182
2023-08-14, 0.07790631451613415, 0.14672489082969445, 0.11630160883892253, 0.12023739177350169, 0.17242165761985154, 0.01376525649261265, 0.004117391403801713, 0.026852789173637374, 0.022829529997051182
2023-08-14, 0.07790631451613415, 0.14672489082969445, 0.11630160883892253, 0.12023739177350169, 0.17242165761985154, 0.01376525649261265, 0.004117391403801713, 0.026852789173637374, 0.022829529997051182
2023-08-14, 0.1797844282099349, 0.4192139737991265, 0.22484977708858306, 0.34221411504765853, 0.35579072207270923, 0.019271359089657707, 0.00823478280760344, 0.033885662528637644, 0.034815033245503064
2023-08-14, 0.1797844282099349, 0.4192139737991265, 0.22484977708858306, 0.34221411504765853, 0.35579072207270923, 0.019271359089657707, 0.00823478280760344, 0.033885662528637644, 0.034815033245503064
2023-08-14, 0.1797844282099349, 0.4192139737991265, 0.22484977708858306, 0.34221411504765853, 0.35579072207270923, 0.019271359089657707, 0.00823478280760344, 0.033885662528637644, 0.034815033245503064
2023-08-14, 0.09018772310554285, 0.2096069868995635, 0.14731537119596816, 0.16956555250109212, 0.11768462345481907, 0.01651830779113518, 0.005489855205068956, 0.026213437050455545, 0.029107650746240263
2023-07-15, 0.11712098532944167, 0.2934497816593889, 0.08528784648187657, 0.2743878940472216, 0.2216849883683799, 0.013765256492612642, 0.006862319006336213, 0.014705098833182372, 0.026824697746535144
2023-07-15, 0.11712098532944167, 0.2934497816593889, 0.08528784648187657, 0.2743878940472216, 0.2216849883683799, 0.013765256492612642, 0.006862319006336213, 0.014705098833182372, 0.026824697746535144
2023-07-15, 0.11712098532944167, 0.2934497816593889, 0.08528784648187657, 0.2743878940472216, 0.2216849883683799, 0.013765256492612642, 0.006862319006336213, 0.014705098833182372, 0.026824697746535144
2023-07-15, 0.11712098532944167, 0.2934497816593889, 0.08528784648187657, 0.2743878940472216, 0.2216849883683799, 0.013765256492612642, 0.006862319006336213, 0.014705098833182372, 0.026824697746535144
2023-07-15, 0.11712098532944167, 0.2934497816593889, 0.08528784648187657, 0.2743878940472216, 0.2216849883683799, 0.013765256492612642, 0.006862319006336213, 0.014705098833182372, 0.026824697746535144
2023-07-15, 0.11712098532944167, 0.2934497816593889, 0.08528784648187657, 0.2743878940472216, 0.2216849883683799, 0.013765256492612642, 0.006862319006336213, 0.014705098833182372, 0.026824697746535144
2023-07-15, 0.11712098532944167, 0.2934497816593889, 0.08528784648187657, 0.2743878940472216, 0.2216849883683799, 0.013765256492612642, 0.006862319006336213, 0.014705098833182372, 0.026824697746535144
2023-07-15, 0.11712098532944167, 0.2934497816593889, 0.08528784648187657, 0.2743878940472216, 0.2216849883683799, 0.013765256492612642, 0.006862319006336213, 0.014705098833182372, 0.026824697746535144
2023-07-15, 0.11712098532944167, 0.2934497816593889, 0.08528784648187657, 0.2743878940472216, 0.2216849883683799, 0.013765256492612642, 0.006862319006336213, 0.014705098833182372, 0.026824697746535144
2023-07-15, 0.11712098532944167, 0.2934497816593889, 0.08528784648187657, 0.2743878940472216, 0.2216849883683799, 0.013765256492612642, 0.006862319006336213, 0.014705098833182372, 0.026824697746535144
2023-07-15, 0.11712098532944167, 0.2934497816593889, 0.08528784648187657, 0.2743878940472216, 0.2216849883683799, 0.013765256492612642, 0.006862319006336213, 0.014705098833182372, 0.026824697746535144
2023-07-15, 0.16397524454203535, 0.48209606986899556, 0.13956193060670682, 0.29905197441101683, 0.3065273913241799, 0.019271359089657696, 0.009607246608870683, 0.02429538068091, 0.031390603745945385
2023-07-15, 0.16397524454203535, 0.48209606986899556, 0.13956193060670682, 0.29905197441101683, 0.3065273913241799, 0.019271359089657696, 0.009607246608870683, 0.02429538068091, 0.031390603745945385
2023-07-15, 0.16397524454203535, 0.48209606986899556, 0.13956193060670682, 0.29905197441101683, 0.3065273913241799, 0.019271359089657696, 0.009607246608870683, 0.02429538068091, 0.031390603745945385
2023-07-15, 0.11571637817532339, 0.2096069868995635, 0.08528784648187657, 0.2373917735015285, 0.312001094740683, 0.016518307791135167, 0.00823478280760344, 0.023016676434546315, 0.03367355674565051
2023-06-15, 0.15301085502297634, 0.4611353711790397, 0.08528784648187622, 0.34221411504765853, 0.2654746157004057, 0.019271359089657696, 0.009607246608870683, 0.01598380307954606, 0.0251124829967563
2023-06-15, 0.12196737706698618, 0.35633187772925795, 0.08528784648187622, 0.24355779359247773, 0.2271586917848835, 0.011012205194090111, 0.008234782807603456, 0.017901859449091572, 0.026253959496608862
2023-06-15, 0.12196737706698618, 0.35633187772925795, 0.08528784648187622, 0.24355779359247773, 0.2271586917848835, 0.011012205194090111, 0.008234782807603456, 0.017901859449091572, 0.026253959496608862
2023-06-15, 0.12196737706698618, 0.35633187772925795, 0.08528784648187622, 0.24355779359247773, 0.2271586917848835, 0.011012205194090111, 0.008234782807603456, 0.017901859449091572, 0.026253959496608862
2023-06-15, 0.12196737706698618, 0.35633187772925795, 0.08528784648187622, 0.24355779359247773, 0.2271586917848835, 0.011012205194090111, 0.008234782807603456, 0.017901859449091572, 0.026253959496608862
2023-06-15, 0.12196737706698618, 0.35633187772925795, 0.08528784648187622, 0.24355779359247773, 0.2271586917848835, 0.011012205194090111, 0.008234782807603456, 0.017901859449091572, 0.026253959496608862
2023-06-15, 0.12196737706698618, 0.35633187772925795, 0.08528784648187622, 0.24355779359247773, 0.2271586917848835, 0.011012205194090111, 0.008234782807603456, 0.017901859449091572, 0.026253959496608862
2023-06-15, 0.12196737706698618, 0.35633187772925795, 0.08528784648187622, 0.24355779359247773, 0.2271586917848835, 0.011012205194090111, 0.008234782807603456, 0.017901859449091572, 0.026253959496608862
2023-06-15, 0.12196737706698618, 0.35633187772925795, 0.08528784648187622, 0.24355779359247773, 0.2271586917848835, 0.011012205194090111, 0.008234782807603456, 0.017901859449091572, 0.026253959496608862
2023-06-15, 0.12196737706698618, 0.35633187772925795, 0.08528784648187622, 0.24355779359247773, 0.2271586917848835, 0.011012205194090111, 0.008234782807603456, 0.017901859449091572, 0.026253959496608862
2023-06-15, 0.12196737706698618, 0.35633187772925795, 0.08528784648187622, 0.24355779359247773, 0.2271586917848835, 0.011012205194090111, 0.008234782807603456, 0.017901859449091572, 0.026253959496608862
2023-06-15, 0.17300522284248737, 0.39825327510917063, 0.06978096530335325, 0.44703645659378805, 0.37221183232221855, 0.019271359089657696, 0.010979710410137926, 0.029410197666364744, 0.03709798624520817
2023-06-15, 0.17300522284248737, 0.39825327510917063, 0.06978096530335325, 0.44703645659378805, 0.37221183232221855, 0.019271359089657696, 0.010979710410137926, 0.029410197666364744, 0.03709798624520817
2023-06-15, 0.1400713002525512, 0.4401746724890833, 0.10854816824966086, 0.24664080363795207, 0.25179035715914794, 0.013765256492612642, 0.008234782807603456, 0.02173797218818263, 0.029678388996166545
2023-06-15, 0.1368310295526244, 0.419213973799127, 0.10854816824966086, 0.2373917735015285, 0.2600009122839026, 0.011012205194090111, 0.005489855205068971, 0.020459267941818945, 0.03253208024579794
2023-05-16, 0.13985044359529122, 0.3772925764192138, 0.30238418298119796, 0.07399224109138562, 0.3065273913241804, 0.016518307791135174, 0.005489855205068971, 0.0166231552027279, 0.019975838747419792
2023-05-16, 0.13985044359529122, 0.3772925764192138, 0.30238418298119796, 0.07399224109138562, 0.3065273913241804, 0.016518307791135174, 0.005489855205068971, 0.0166231552027279, 0.019975838747419792
2023-05-16, 0.13985044359529122, 0.3772925764192138, 0.30238418298119796, 0.07399224109138562, 0.3065273913241804, 0.016518307791135174, 0.005489855205068971, 0.0166231552027279, 0.019975838747419792
2023-05-16, 0.13985044359529122, 0.3772925764192138, 0.30238418298119796, 0.07399224109138562, 0.3065273913241804, 0.016518307791135174, 0.005489855205068971, 0.0166231552027279, 0.019975838747419792
2023-05-16, 0.13985044359529122, 0.3772925764192138, 0.30238418298119796, 0.07399224109138562, 0.3065273913241804, 0.016518307791135174, 0.005489855205068971, 0.0166231552027279, 0.019975838747419792
2023-05-16, 0.13985044359529122, 0.3772925764192138, 0.30238418298119796, 0.07399224109138562, 0.3065273913241804, 0.016518307791135174, 0.005489855205068971, 0.0166231552027279, 0.019975838747419792
2023-05-16, 0.13985044359529122, 0.3772925764192138, 0.30238418298119796, 0.07399224109138562, 0.3065273913241804, 0.016518307791135174, 0.005489855205068971, 0.0166231552027279, 0.019975838747419792
2023-05-16, 0.13985044359529122, 0.3772925764192138, 0.30238418298119796, 0.07399224109138562, 0.3065273913241804, 0.016518307791135174, 0.005489855205068971, 0.0166231552027279, 0.019975838747419792
2023-05-16, 0.13985044359529122, 0.3772925764192138, 0.30238418298119796, 0.07399224109138562, 0.3065273913241804, 0.016518307791135174, 0.005489855205068971, 0.0166231552027279, 0.019975838747419792
2023-05-16, 0.13985044359529122, 0.3772925764192138, 0.30238418298119796, 0.07399224109138562, 0.3065273913241804, 0.016518307791135174, 0.005489855205068971, 0.0166231552027279, 0.019975838747419792
2023-05-16, 0.13985044359529122, 0.3772925764192138, 0.30238418298119796, 0.07399224109138562, 0.3065273913241804, 0.016518307791135174, 0.005489855205068971, 0.0166231552027279, 0.019975838747419792
2023-05-16, 0.17525591246851033, 0.7126637554585155, 0.19383601473153708, 0.13256943195539903, 0.2736851708251608, 0.016518307791135174, 0.005489855205068971, 0.031328254035910275, 0.035956509745355615
2023-05-16, 0.17525591246851033, 0.7126637554585155, 0.19383601473153708, 0.13256943195539903, 0.2736851708251608, 0.016518307791135174, 0.005489855205068971, 0.031328254035910275, 0.035956509745355615
2023-05-16, 0.17525591246851033, 0.7126637554585155, 0.19383601473153708, 0.13256943195539903, 0.2736851708251608, 0.016518307791135174, 0.005489855205068971, 0.031328254035910275, 0.035956509745355615
2023-05-16, 0.15799576621328817, 0.5449781659388646, 0.19383601473153708, 0.0339131105002182, 0.41600145965424434, 0.013765256492612642, 0.005489855205068971, 0.02173797218818263, 0.03424429499557678
2023-04-16, 0.13480942184230985, 0.14672489082969492, 0.2481100988563677, 0.15106749222824556, 0.457054235278019, 0.013765256492612642, 0.009607246608870683, 0.017901859449091572, 0.03424429499557678
2023-04-16, 0.13480942184230985, 0.14672489082969492, 0.2481100988563677, 0.15106749222824556, 0.457054235278019, 0.013765256492612642, 0.009607246608870683, 0.017901859449091572, 0.03424429499557678
2023-04-16, 0.13480942184230985, 0.14672489082969492, 0.2481100988563677, 0.15106749222824556, 0.457054235278019, 0.013765256492612642, 0.009607246608870683, 0.017901859449091572, 0.03424429499557678
2023-04-16, 0.13480942184230985, 0.14672489082969492, 0.2481100988563677, 0.15106749222824556, 0.457054235278019, 0.013765256492612642, 0.009607246608870683, 0.017901859449091572, 0.03424429499557678
2023-04-16, 0.13480942184230985, 0.14672489082969492, 0.2481100988563677, 0.15106749222824556, 0.457054235278019, 0.013765256492612642, 0.009607246608870683, 0.017901859449091572, 0.03424429499557678
2023-04-16, 0.13480942184230985, 0.14672489082969492, 0.2481100988563677, 0.15106749222824556, 0.457054235278019, 0.013765256492612642, 0.009607246608870683, 0.017901859449091572, 0.03424429499557678
2023-04-16, 0.13480942184230985, 0.14672489082969492, 0.2481100988563677, 0.15106749222824556, 0.457054235278019, 0.013765256492612642, 0.009607246608870683, 0.017901859449091572, 0.03424429499557678
2023-04-16, 0.13480942184230985, 0.14672489082969492, 0.2481100988563677, 0.15106749222824556, 0.457054235278019, 0.013765256492612642, 0.009607246608870683, 0.017901859449091572, 0.03424429499557678
2023-04-16, 0.13480942184230985, 0.14672489082969492, 0.2481100988563677, 0.15106749222824556, 0.457054235278019, 0.013765256492612642, 0.009607246608870683, 0.017901859449091572, 0.03424429499557678
2023-04-16, 0.13480942184230985, 0.14672489082969492, 0.2481100988563677, 0.15106749222824556, 0.457054235278019, 0.013765256492612642, 0.009607246608870683, 0.017901859449091572, 0.03424429499557678
2023-04-16, 0.13480942184230985, 0.14672489082969492, 0.2481100988563677, 0.15106749222824556, 0.457054235278019, 0.013765256492612642, 0.009607246608870683, 0.017901859449091572, 0.03424429499557678
2023-04-16, 0.21606468245655716, 0.4401746724890833, 0.28687730180267496, 0.36071217532050454, 0.5665283036080829, 0.011012205194090127, 0.00823478280760344, 0.023016676434546315, 0.03196134199587167
2023-04-16, 0.21606468245655716, 0.4401746724890833, 0.28687730180267496, 0.36071217532050454, 0.5665283036080829, 0.011012205194090127, 0.00823478280760344, 0.023016676434546315, 0.03196134199587167
2023-04-16, 0.21606468245655716, 0.4401746724890833, 0.28687730180267496, 0.36071217532050454, 0.5665283036080829, 0.011012205194090127, 0.00823478280760344, 0.023016676434546315, 0.03196134199587167
2023-04-16, 0.15404721159004958, 0.2096069868995635, 0.20158945532079842, 0.32679906482028637, 0.426948866487251, 0.008259153895567594, 0.009607246608870683, 0.020459267941818945, 0.029107650746240263
2023-03-17, 0.15184917056022787, 0.0838427947598254, 0.3566582671060282, 0.2281427433651055, 0.4898964557770381, 0.005506102597045063, 0.008234782807603456, 0.01854121157227343, 0.023971006496903743
2023-03-17, 0.15184917056022787, 0.0838427947598254, 0.3566582671060282, 0.2281427433651055, 0.4898964557770381, 0.005506102597045063, 0.008234782807603456, 0.01854121157227343, 0.023971006496903743
2023-03-17, 0.15184917056022787, 0.0838427947598254, 0.3566582671060282, 0.2281427433651055, 0.4898964557770381, 0.005506102597045063, 0.008234782807603456, 0.01854121157227343, 0.023971006496903743
2023-03-17, 0.15184917056022787, 0.0838427947598254, 0.3566582671060282, 0.2281427433651055, 0.4898964557770381, 0.005506102597045063, 0.008234782807603456, 0.01854121157227343, 0.023971006496903743
2023-03-17, 0.15184917056022787, 0.0838427947598254, 0.3566582671060282, 0.2281427433651055, 0.4898964557770381, 0.005506102597045063, 0.008234782807603456, 0.01854121157227343, 0.023971006496903743
2023-03-17, 0.15184917056022787, 0.0838427947598254, 0.3566582671060282, 0.2281427433651055, 0.4898964557770381, 0.005506102597045063, 0.008234782807603456, 0.01854121157227343, 0.023971006496903743
2023-03-17, 0.15184917056022787, 0.0838427947598254, 0.3566582671060282, 0.2281427433651055, 0.4898964557770381, 0.005506102597045063, 0.008234782807603456, 0.01854121157227343, 0.023971006496903743
2023-03-17, 0.15184917056022787, 0.0838427947598254, 0.3566582671060282, 0.2281427433651055, 0.4898964557770381, 0.005506102597045063, 0.008234782807603456, 0.01854121157227343, 0.023971006496903743
2023-03-17, 0.15184917056022787, 0.0838427947598254, 0.3566582671060282, 0.2281427433651055, 0.4898964557770381, 0.005506102597045063, 0.008234782807603456, 0.01854121157227343, 0.023971006496903743
2023-03-17, 0.15184917056022787, 0.0838427947598254, 0.3566582671060282, 0.2281427433651055, 0.4898964557770381, 0.005506102597045063, 0.008234782807603456, 0.01854121157227343, 0.023971006496903743
2023-03-17, 0.15184917056022787, 0.0838427947598254, 0.3566582671060282, 0.2281427433651055, 0.4898964557770381, 0.005506102597045063, 0.008234782807603456, 0.01854121157227343, 0.023971006496903743
2023-03-17, 0.2138076615373821, 0.1886462882096067, 0.32564450474898227, 0.39154227577524897, 0.7307394061031799, 0.008259153895567594, 0.006862319006336213, 0.021098620065000802, 0.037668724495134455
2023-03-17, 0.2138076615373821, 0.1886462882096067, 0.32564450474898227, 0.39154227577524897, 0.7307394061031799, 0.008259153895567594, 0.006862319006336213, 0.021098620065000802, 0.037668724495134455
2023-03-17, 0.2138076615373821, 0.1886462882096067, 0.32564450474898227, 0.39154227577524897, 0.7307394061031799, 0.008259153895567594, 0.006862319006336213, 0.021098620065000802, 0.037668724495134455
2023-03-17, 0.13034280909788343, 0.0838427947598254, 0.3023841829811976, 0.191146622819413, 0.4023172011129866, 0.005506102597045063, 0.005489855205068971, 0.022377324311364487, 0.029678388996166545
2023-02-15, 0.07990938245310016, 0.020960698689956814, 0.09304128707113789, 0.12332040181897548, 0.3530538703644577, 0.005506102597045063, 0.0068623190063361985, 0.01598380307954606, 0.02054657699734606
2023-02-15, 0.10211954863107013, 0.0, 0.16282225237449113, 0.21889371322868198, 0.3749486840304706, 0.005506102597045063, 0.0068623190063361985, 0.021098620065000802, 0.026824697746535144
2023-02-15, 0.10211954863107013, 0.0, 0.16282225237449113, 0.21889371322868198, 0.3749486840304706, 0.005506102597045063, 0.0068623190063361985, 0.021098620065000802, 0.026824697746535144
2023-02-15, 0.10211954863107013, 0.0, 0.16282225237449113, 0.21889371322868198, 0.3749486840304706, 0.005506102597045063, 0.0068623190063361985, 0.021098620065000802, 0.026824697746535144
2023-02-15, 0.10211954863107013, 0.0, 0.16282225237449113, 0.21889371322868198, 0.3749486840304706, 0.005506102597045063, 0.0068623190063361985, 0.021098620065000802, 0.026824697746535144
2023-02-15, 0.10211954863107013, 0.0, 0.16282225237449113, 0.21889371322868198, 0.3749486840304706, 0.005506102597045063, 0.0068623190063361985, 0.021098620065000802, 0.026824697746535144
2023-02-15, 0.10211954863107013, 0.0, 0.16282225237449113, 0.21889371322868198, 0.3749486840304706, 0.005506102597045063, 0.0068623190063361985, 0.021098620065000802, 0.026824697746535144
2023-02-15, 0.10211954863107013, 0.0, 0.16282225237449113, 0.21889371322868198, 0.3749486840304706, 0.005506102597045063, 0.0068623190063361985, 0.021098620065000802, 0.026824697746535144
2023-02-15, 0.10211954863107013, 0.0, 0.16282225237449113, 0.21889371322868198, 0.3749486840304706, 0.005506102597045063, 0.0068623190063361985, 0.021098620065000802, 0.026824697746535144
2023-02-15, 0.10211954863107013, 0.0, 0.16282225237449113, 0.21889371322868198, 0.3749486840304706, 0.005506102597045063, 0.0068623190063361985, 0.021098620065000802, 0.026824697746535144
2023-02-15, 0.10211954863107013, 0.0, 0.16282225237449113, 0.21889371322868198, 0.3749486840304706, 0.005506102597045063, 0.0068623190063361985, 0.021098620065000802, 0.026824697746535144
2023-02-15, 0.18388794333036995, 0.14672489082969398, 0.10079472766039921, 0.3822932456388249, 0.7581079231856959, 0.011012205194090127, 0.012352174211405168, 0.025574084927273703, 0.034244294995576775
2023-02-15, 0.18388794333036995, 0.14672489082969398, 0.10079472766039921, 0.3822932456388249, 0.7581079231856959, 0.011012205194090127, 0.012352174211405168, 0.025574084927273703, 0.034244294995576775
2023-02-15, 0.15436344077511657, 0.0838427947598254, 0.22484977708858306, 0.3267990648202858, 0.5227386762760572, 0.008259153895567594, 0.00823478280760344, 0.023656028557728172, 0.03652724799528189
2023-02-15, 0.13623598244409313, 0.1257641921397381, 0.062027524714091925, 0.3175500346838628, 0.5200018245678056, 0.011012205194090127, 0.00823478280760344, 0.017901859449091586, 0.027395435996461423
2023-01-16, 0.10353790204228173, 0.06288209606986858, 0.06978096530335325, 0.2805539141381697, 0.3503170186562057, 0.0027530512985225316, 0.015097101813939653, 0.022377324311364473, 0.024541744746830022
2023-01-16, 0.11876038304623862, 0.2515283842794762, 0.08528784648187657, 0.21272769313773332, 0.3448433152397026, 0.005506102597045063, 0.015097101813939653, 0.018541211572273415, 0.0165514092478621
2023-01-16, 0.11876038304623862, 0.2515283842794762, 0.08528784648187657, 0.21272769313773332, 0.3448433152397026, 0.005506102597045063, 0.015097101813939653, 0.018541211572273415, 0.0165514092478621
2023-01-16, 0.11876038304623862, 0.2515283842794762, 0.08528784648187657, 0.21272769313773332, 0.3448433152397026, 0.005506102597045063, 0.015097101813939653, 0.018541211572273415, 0.0165514092478621
2023-01-16, 0.11876038304623862, 0.2515283842794762, 0.08528784648187657, 0.21272769313773332, 0.3448433152397026, 0.005506102597045063, 0.015097101813939653, 0.018541211572273415, 0.0165514092478621
2023-01-16, 0.11876038304623862, 0.2515283842794762, 0.08528784648187657, 0.21272769313773332, 0.3448433152397026, 0.005506102597045063, 0.015097101813939653, 0.018541211572273415, 0.0165514092478621
2023-01-16, 0.11876038304623862, 0.2515283842794762, 0.08528784648187657, 0.21272769313773332, 0.3448433152397026, 0.005506102597045063, 0.015097101813939653, 0.018541211572273415, 0.0165514092478621
2023-01-16, 0.11876038304623862, 0.2515283842794762, 0.08528784648187657, 0.21272769313773332, 0.3448433152397026, 0.005506102597045063, 0.015097101813939653, 0.018541211572273415, 0.0165514092478621
2023-01-16, 0.11876038304623862, 0.2515283842794762, 0.08528784648187657, 0.21272769313773332, 0.3448433152397026, 0.005506102597045063, 0.015097101813939653, 0.018541211572273415, 0.0165514092478621
2023-01-16, 0.11876038304623862, 0.2515283842794762, 0.08528784648187657, 0.21272769313773332, 0.3448433152397026, 0.005506102597045063, 0.015097101813939653, 0.018541211572273415, 0.0165514092478621
2023-01-16, 0.11876038304623862, 0.2515283842794762, 0.08528784648187657, 0.21272769313773332, 0.3448433152397026, 0.005506102597045063, 0.015097101813939653, 0.018541211572273415, 0.0165514092478621
2023-01-16, 0.18057762720368017, 0.3982532751091702, 0.015506881178522638, 0.36996120545692757, 0.5774757104410891, 0.008259153895567594, 0.01372463801267241, 0.03004954978954659, 0.03139060374594537
2023-01-16, 0.18057762720368017, 0.3982532751091702, 0.015506881178522638, 0.36996120545692757, 0.5774757104410891, 0.008259153895567594, 0.01372463801267241, 0.03004954978954659, 0.03139060374594537
2023-01-16, 0.15313364101845384, 0.3353711790393016, 0.054274084124830604, 0.27747090409269537, 0.46800164211102474, 0.011012205194090127, 0.01784202941647414, 0.026852789173637374, 0.034244294995576775
2023-01-16, 0.18214035412039334, 0.5030567685589524, 0.015506881178523325, 0.3452971250931323, 0.5254755279843087, 0.008259153895567594, 0.015097101813939653, 0.020459267941818945, 0.023971006496903743
2022-12-17, 0.13615481116676165, 0.1676855895196508, 0.10854816824966121, 0.27747090409269537, 0.48168590065228295, 0.005506102597045063, 0.004117391403801728, 0.018541211572273415, 0.025683221246682583
2022-12-17, 0.12815982325382635, 0.2724890829694321, 0.11630160883892253, 0.23122575341057985, 0.3448433152397026, 0.005506102597045063, 0.0013724638012672426, 0.02557408492727369, 0.027966174246387702
2022-12-17, 0.12815982325382635, 0.2724890829694321, 0.11630160883892253, 0.23122575341057985, 0.3448433152397026, 0.005506102597045063, 0.0013724638012672426, 0.02557408492727369, 0.027966174246387702
2022-12-17, 0.12815982325382635, 0.2724890829694321, 0.11630160883892253, 0.23122575341057985, 0.3448433152397026, 0.005506102597045063, 0.0013724638012672426, 0.02557408492727369, 0.027966174246387702
2022-12-17, 0.12815982325382635, 0.2724890829694321, 0.11630160883892253, 0.23122575341057985, 0.3448433152397026, 0.005506102597045063, 0.0013724638012672426, 0.02557408492727369, 0.027966174246387702
2022-12-17, 0.12815982325382635, 0.2724890829694321, 0.11630160883892253, 0.23122575341057985, 0.3448433152397026, 0.005506102597045063, 0.0013724638012672426, 0.02557408492727369, 0.027966174246387702
2022-12-17, 0.12815982325382635, 0.2724890829694321, 0.11630160883892253, 0.23122575341057985, 0.3448433152397026, 0.005506102597045063, 0.0013724638012672426, 0.02557408492727369, 0.027966174246387702
2022-12-17, 0.12815982325382635, 0.2724890829694321, 0.11630160883892253, 0.23122575341057985, 0.3448433152397026, 0.005506102597045063, 0.0013724638012672426, 0.02557408492727369, 0.027966174246387702
2022-12-17, 0.12815982325382635, 0.2724890829694321, 0.11630160883892253, 0.23122575341057985, 0.3448433152397026, 0.005506102597045063, 0.0013724638012672426, 0.02557408492727369, 0.027966174246387702
2022-12-17, 0.12815982325382635, 0.2724890829694321, 0.11630160883892253, 0.23122575341057985, 0.3448433152397026, 0.005506102597045063, 0.0013724638012672426, 0.02557408492727369, 0.027966174246387702
2022-12-17, 0.12815982325382635, 0.2724890829694321, 0.11630160883892253, 0.23122575341057985, 0.3448433152397026, 0.005506102597045063, 0.0013724638012672426, 0.02557408492727369, 0.027966174246387702
2022-12-17, 0.18837030652933087, 0.31441048034934477, 0.03876720294630797, 0.3884592657297741, 0.6869497787711536, 0.011012205194090127, 0.005489855205068971, 0.0287708455431829, 0.03310281849572421
2022-12-17, 0.18837030652933087, 0.31441048034934477, 0.03876720294630797, 0.3884592657297741, 0.6869497787711536, 0.011012205194090127, 0.005489855205068971, 0.0287708455431829, 0.03310281849572421
2022-12-17, 0.12801524629230734, 0.2096069868995635, 0.13180849001744516, 0.274387894047221, 0.35852757378096034, 0.0027530512985225316, 0.0027449276025344853, 0.019180563695455257, 0.0251124829967563
2022-12-17, 0.1385751859710844, 0.0838427947598254, 0.13956193060670719, 0.3144670246383885, 0.5172649728595536, 0.0027530512985225316, 0.0013724638012672426, 0.023656028557728158, 0.025683221246682583
2022-11-17, 0.09818856994305193, 0.1886462882096067, 0.023260321767783955, 0.18189759268298944, 0.32021164986543815, 0.022024410388180236, 0.008234782807603456, 0.017262507325909743, 0.023971006496903743
2022-11-17, 0.11852922647097253, 0.10480349344978128, 0.062027524714091925, 0.30521799450196546, 0.4132646079459928, 0.019271359089657707, 0.009607246608870683, 0.01406574671000053, 0.01997583874741978
2022-11-17, 0.11852922647097253, 0.10480349344978128, 0.062027524714091925, 0.30521799450196546, 0.4132646079459928, 0.019271359089657707, 0.009607246608870683, 0.01406574671000053, 0.01997583874741978
2022-11-17, 0.11852922647097253, 0.10480349344978128, 0.062027524714091925, 0.30521799450196546, 0.4132646079459928, 0.019271359089657707, 0.009607246608870683, 0.01406574671000053, 0.01997583874741978
2022-11-17, 0.11852922647097253, 0.10480349344978128, 0.062027524714091925, 0.30521799450196546, 0.4132646079459928, 0.019271359089657707, 0.009607246608870683, 0.01406574671000053, 0.01997583874741978
2022-11-17, 0.11852922647097253, 0.10480349344978128, 0.062027524714091925, 0.30521799450196546, 0.4132646079459928, 0.019271359089657707, 0.009607246608870683, 0.01406574671000053, 0.01997583874741978
2022-11-17, 0.11852922647097253, 0.10480349344978128, 0.062027524714091925, 0.30521799450196546, 0.4132646079459928, 0.019271359089657707, 0.009607246608870683, 0.01406574671000053, 0.01997583874741978
2022-11-17, 0.11852922647097253, 0.10480349344978128, 0.062027524714091925, 0.30521799450196546, 0.4132646079459928, 0.019271359089657707, 0.009607246608870683, 0.01406574671000053, 0.01997583874741978
2022-11-17, 0.11852922647097253, 0.10480349344978128, 0.062027524714091925, 0.30521799450196546, 0.4132646079459928, 0.019271359089657707, 0.009607246608870683, 0.01406574671000053, 0.01997583874741978
2022-11-17, 0.11852922647097253, 0.10480349344978128, 0.062027524714091925, 0.30521799450196546, 0.4132646079459928, 0.019271359089657707, 0.009607246608870683, 0.01406574671000053, 0.01997583874741978
2022-11-17, 0.11852922647097253, 0.10480349344978128, 0.062027524714091925, 0.30521799450196546, 0.4132646079459928, 0.019271359089657707, 0.009607246608870683, 0.01406574671000053, 0.01997583874741978
2022-11-17, 0.17559976282565742, 0.41921397379912606, 0.11630160883892253, 0.24047478354700286, 0.5309492314008118, 0.024777461686702754, 0.010979710410137926, 0.025574084927273703, 0.03652724799528189
2022-11-17, 0.17559976282565742, 0.41921397379912606, 0.11630160883892253, 0.24047478354700286, 0.5309492314008118, 0.024777461686702754, 0.010979710410137926, 0.025574084927273703, 0.03652724799528189
2022-11-17, 0.15473657429469706, 0.2096069868995635, 0.062027524714091925, 0.3175500346838628, 0.5692651553163345, 0.022024410388180236, 0.010979710410137926, 0.017901859449091586, 0.028536912496313984
2022-11-17, 0.10938833908227058, 0.14672489082969398, 0.062027524714091925, 0.24972381368342583, 0.3557907220727088, 0.019271359089657707, 0.008234782807603456, 0.012787042463636844, 0.02054657699734606
2022-10-18, 0.10521183578234858, 0.23056768558951937, 0.015506881178523325, 0.18189759268298944, 0.342106463531451, 0.005506102597045063, 0.006862319006336213, 0.02557408492727369, 0.03367355674565051
2022-10-18, 0.09257389851820749, 0.3353711790393016, 0.031013762357045963, 0.06474321095496208, 0.22989554349313554, 0.011012205194090127, 0.00823478280760344, 0.024934732804091846, 0.03538577149542935
2022-10-18, 0.09257389851820749, 0.3353711790393016, 0.031013762357045963, 0.06474321095496208, 0.22989554349313554, 0.011012205194090127, 0.00823478280760344, 0.024934732804091846, 0.03538577149542935
2022-10-18, 0.09257389851820749, 0.3353711790393016, 0.031013762357045963, 0.06474321095496208, 0.22989554349313554, 0.011012205194090127, 0.00823478280760344, 0.024934732804091846, 0.03538577149542935
2022-10-18, 0.09257389851820749, 0.3353711790393016, 0.031013762357045963, 0.06474321095496208, 0.22989554349313554, 0.011012205194090127, 0.00823478280760344, 0.024934732804091846, 0.03538577149542935
2022-10-18, 0.09257389851820749, 0.3353711790393016, 0.031013762357045963, 0.06474321095496208, 0.22989554349313554, 0.011012205194090127, 0.00823478280760344, 0.024934732804091846, 0.03538577149542935
2022-10-18, 0.09257389851820749, 0.3353711790393016, 0.031013762357045963, 0.06474321095496208, 0.22989554349313554, 0.011012205194090127, 0.00823478280760344, 0.024934732804091846, 0.03538577149542935
2022-10-18, 0.09257389851820749, 0.3353711790393016, 0.031013762357045963, 0.06474321095496208, 0.22989554349313554, 0.011012205194090127, 0.00823478280760344, 0.024934732804091846, 0.03538577149542935
2022-10-18, 0.09257389851820749, 0.3353711790393016, 0.031013762357045963, 0.06474321095496208, 0.22989554349313554, 0.011012205194090127, 0.00823478280760344, 0.024934732804091846, 0.03538577149542935
2022-10-18, 0.09257389851820749, 0.3353711790393016, 0.031013762357045963, 0.06474321095496208, 0.22989554349313554, 0.011012205194090127, 0.00823478280760344, 0.024934732804091846, 0.03538577149542935
2022-10-18, 0.09257389851820749, 0.3353711790393016, 0.031013762357045963, 0.06474321095496208, 0.22989554349313554, 0.011012205194090127, 0.00823478280760344, 0.024934732804091846, 0.03538577149542935
2022-10-18, 0.1396108896043995, 0.37729257641921427, 0.062027524714091925, 0.1541505022737199, 0.4461068284450123, 0.011012205194090127, 0.009607246608870683, 0.023016676434546315, 0.03367355674565051
2022-10-18, 0.1396108896043995, 0.37729257641921427, 0.062027524714091925, 0.1541505022737199, 0.4461068284450123, 0.011012205194090127, 0.009607246608870683, 0.023016676434546315, 0.03367355674565051
2022-10-18, 0.11847871855701181, 0.419213973799127, 0.062027524714091925, 0.10790535159160382, 0.2791588742416644, 0.011012205194090127, 0.009607246608870683, 0.022377324311364473, 0.036527247995281904
2022-10-18, 0.13406373592988116, 0.31441048034934477, 0.023260321767784645, 0.21889371322868198, 0.44884368015326387, 0.011012205194090127, 0.00823478280760344, 0.020459267941818945, 0.027395435996461423
2022-09-18, 0.0869913214392115, 0.06288209606986951, 0.015506881178522638, 0.17573157259204078, 0.3749486840304706, 0.0027530512985225316, 0.010979710410137926, 0.02173797218818263, 0.031390603745945385
2022-09-18, 0.0869913214392115, 0.06288209606986951, 0.015506881178522638, 0.17573157259204078, 0.3749486840304706, 0.0027530512985225316, 0.010979710410137926, 0.02173797218818263, 0.031390603745945385
2022-09-18, 0.0869913214392115, 0.06288209606986951, 0.015506881178522638, 0.17573157259204078, 0.3749486840304706, 0.0027530512985225316, 0.010979710410137926, 0.02173797218818263, 0.031390603745945385
2022-09-18, 0.0869913214392115, 0.06288209606986951, 0.015506881178522638, 0.17573157259204078, 0.3749486840304706, 0.0027530512985225316, 0.010979710410137926, 0.02173797218818263, 0.031390603745945385
2022-09-18, 0.0869913214392115, 0.06288209606986951, 0.015506881178522638, 0.17573157259204078, 0.3749486840304706, 0.0027530512985225316, 0.010979710410137926, 0.02173797218818263, 0.031390603745945385
2022-09-18, 0.0869913214392115, 0.06288209606986951, 0.015506881178522638, 0.17573157259204078, 0.3749486840304706, 0.0027530512985225316, 0.010979710410137926, 0.02173797218818263, 0.031390603745945385
2022-09-18, 0.0869913214392115, 0.06288209606986951, 0.015506881178522638, 0.17573157259204078, 0.3749486840304706, 0.0027530512985225316, 0.010979710410137926, 0.02173797218818263, 0.031390603745945385
2022-09-18, 0.0869913214392115, 0.06288209606986951, 0.015506881178522638, 0.17573157259204078, 0.3749486840304706, 0.0027530512985225316, 0.010979710410137926, 0.02173797218818263, 0.031390603745945385
2022-09-18, 0.0869913214392115, 0.06288209606986951, 0.015506881178522638, 0.17573157259204078, 0.3749486840304706, 0.0027530512985225316, 0.010979710410137926, 0.02173797218818263, 0.031390603745945385
2022-09-18, 0.0869913214392115, 0.06288209606986951, 0.015506881178522638, 0.17573157259204078, 0.3749486840304706, 0.0027530512985225316, 0.010979710410137926, 0.02173797218818263, 0.031390603745945385
2022-09-18, 0.0869913214392115, 0.06288209606986951, 0.015506881178522638, 0.17573157259204078, 0.3749486840304706, 0.0027530512985225316, 0.010979710410137926, 0.02173797218818263, 0.031390603745945385
2022-09-18, 0.13679374294412466, 0.35633187772925795, 0.07753440589261457, 0.16031652236466912, 0.426948866487251, 0.0, 0.010979710410137926, 0.026852789173637374, 0.03538577149542935
2022-09-18, 0.13679374294412466, 0.35633187772925795, 0.07753440589261457, 0.16031652236466912, 0.426948866487251, 0.0, 0.010979710410137926, 0.026852789173637374, 0.03538577149542935
2022-09-18, 0.13679374294412466, 0.35633187772925795, 0.07753440589261457, 0.16031652236466912, 0.426948866487251, 0.0, 0.010979710410137926, 0.026852789173637374, 0.03538577149542935
2022-09-18, 0.07489668697777131, 0.1676855895196508, 0.08528784648187657, 0.049328160727590414, 0.23810609861789017, 0.0, 0.010979710410137926, 0.019819915818637103, 0.027966174246387702
2022-08-19, 0.11129596146291573, 0.27248908296943253, 0.10854816824966086, 0.07707525113685995, 0.37768553573872166, 0.0, 0.0013724638012672426, 0.022377324311364473, 0.030819865496019103
2022-08-19, 0.12922279564360145, 0.46113537117903924, 0.054274084124830264, 0.052411170773064744, 0.41600145965424434, 0.0, 0.0027449276025344853, 0.019819915818637103, 0.027395435996461423
2022-08-19, 0.12922279564360145, 0.46113537117903924, 0.054274084124830264, 0.052411170773064744, 0.41600145965424434, 0.0, 0.0027449276025344853, 0.019819915818637103, 0.027395435996461423
2022-08-19, 0.12922279564360145, 0.46113537117903924, 0.054274084124830264, 0.052411170773064744, 0.41600145965424434, 0.0, 0.0027449276025344853, 0.019819915818637103, 0.027395435996461423
2022-08-19, 0.12922279564360145, 0.46113537117903924, 0.054274084124830264, 0.052411170773064744, 0.41600145965424434, 0.0, 0.0027449276025344853, 0.019819915818637103, 0.027395435996461423
2022-08-19, 0.12922279564360145, 0.46113537117903924, 0.054274084124830264, 0.052411170773064744, 0.41600145965424434, 0.0, 0.0027449276025344853, 0.019819915818637103, 0.027395435996461423
2022-08-19, 0.12922279564360145, 0.46113537117903924, 0.054274084124830264, 0.052411170773064744, 0.41600145965424434, 0.0, 0.0027449276025344853, 0.019819915818637103, 0.027395435996461423
2022-08-19, 0.12922279564360145, 0.46113537117903924, 0.054274084124830264, 0.052411170773064744, 0.41600145965424434, 0.0, 0.0027449276025344853, 0.019819915818637103, 0.027395435996461423
2022-08-19, 0.12922279564360145, 0.46113537117903924, 0.054274084124830264, 0.052411170773064744, 0.41600145965424434, 0.0, 0.0027449276025344853, 0.019819915818637103, 0.027395435996461423
2022-08-19, 0.12922279564360145, 0.46113537117903924, 0.054274084124830264, 0.052411170773064744, 0.41600145965424434, 0.0, 0.0027449276025344853, 0.019819915818637103, 0.027395435996461423
2022-08-19, 0.12922279564360145, 0.46113537117903924, 0.054274084124830264, 0.052411170773064744, 0.41600145965424434, 0.0, 0.0027449276025344853, 0.019819915818637103, 0.027395435996461423
2022-08-19, 0.11392959394040868, 0.18864628820960713, 0.0775344058926149, 0.07090923104591129, 0.5063175660265474, 0.005506102597045063, 0.005489855205068971, 0.02621343705045553, 0.030819865496019103
2022-08-19, 0.11392959394040868, 0.18864628820960713, 0.0775344058926149, 0.07090923104591129, 0.5063175660265474, 0.005506102597045063, 0.005489855205068971, 0.02621343705045553, 0.030819865496019103
2022-08-19, 0.11692232515733786, 0.2096069868995635, 0.10854816824966086, 0.09865632145518083, 0.4652647904027732, 0.005506102597045063, 0.005489855205068971, 0.016623155202727887, 0.025683221246682583
2022-08-19, 0.09249014587736297, 0.3353711790393016, 0.03876720294630728, 0.01541505022737221, 0.3010536879076768, 0.0027530512985225316, 0.004117391403801728, 0.017901859449091572, 0.024541744746830022
2022-07-20, 0.10510708682301605, 0.16768558951965032, 0.1705756929637528, 0.052411170773064744, 0.38589609086347676, 0.011012205194090127, 0.005489855205068971, 0.019819915818637103, 0.027966174246387702
2022-07-20, 0.10683108787775662, 0.4192139737991265, 0.12405504942818385, 0.12023739177350169, 0.1368425854125804, 0.008259153895567594, 0.006862319006336213, 0.01406574671000053, 0.0251124829967563
2022-07-20, 0.10683108787775662, 0.4192139737991265, 0.12405504942818385, 0.12023739177350169, 0.1368425854125804, 0.008259153895567594, 0.006862319006336213, 0.01406574671000053, 0.0251124829967563
2022-07-20, 0.10683108787775662, 0.4192139737991265, 0.12405504942818385, 0.12023739177350169, 0.1368425854125804, 0.008259153895567594, 0.006862319006336213, 0.01406574671000053, 0.0251124829967563
2022-07-20, 0.10683108787775662, 0.4192139737991265, 0.12405504942818385, 0.12023739177350169, 0.1368425854125804, 0.008259153895567594, 0.006862319006336213, 0.01406574671000053, 0.0251124829967563
2022-07-20, 0.10683108787775662, 0.4192139737991265, 0.12405504942818385, 0.12023739177350169, 0.1368425854125804, 0.008259153895567594, 0.006862319006336213, 0.01406574671000053, 0.0251124829967563
2022-07-20, 0.10683108787775662, 0.4192139737991265, 0.12405504942818385, 0.12023739177350169, 0.1368425854125804, 0.008259153895567594, 0.006862319006336213, 0.01406574671000053, 0.0251124829967563
2022-07-20, 0.10683108787775662, 0.4192139737991265, 0.12405504942818385, 0.12023739177350169, 0.1368425854125804, 0.008259153895567594, 0.006862319006336213, 0.01406574671000053, 0.0251124829967563
2022-07-20, 0.10683108787775662, 0.4192139737991265, 0.12405504942818385, 0.12023739177350169, 0.1368425854125804, 0.008259153895567594, 0.006862319006336213, 0.01406574671000053, 0.0251124829967563
2022-07-20, 0.10683108787775662, 0.4192139737991265, 0.12405504942818385, 0.12023739177350169, 0.1368425854125804, 0.008259153895567594, 0.006862319006336213, 0.01406574671000053, 0.0251124829967563
2022-07-20, 0.10683108787775662, 0.4192139737991265, 0.12405504942818385, 0.12023739177350169, 0.1368425854125804, 0.008259153895567594, 0.006862319006336213, 0.01406574671000053, 0.0251124829967563
2022-07-20, 0.14282114244402663, 0.23056768558951937, 0.16282225237449113, 0.14181846209182258, 0.536422934817315, 0.011012205194090127, 0.008234782807603456, 0.02429538068091, 0.027395435996461423
2022-07-20, 0.14282114244402663, 0.23056768558951937, 0.16282225237449113, 0.14181846209182258, 0.536422934817315, 0.011012205194090127, 0.008234782807603456, 0.02429538068091, 0.027395435996461423
2022-07-20, 0.08827639447505857, 0.16768558951965032, 0.1783291335530141, 0.052411170773064744, 0.24905350545089638, 0.005506102597045063, 0.0027449276025344853, 0.023656028557728158, 0.026824697746535144
2022-07-20, 0.1172022538107692, 0.2724890829694321, 0.1550688117852298, 0.0339131105002182, 0.4132646079459928, 0.008259153895567594, 0.005489855205068971, 0.02173797218818263, 0.027395435996461423
2022-06-20, 0.10947897500611078, 0.3772925764192138, 0.046520643535568944, 0.08940729131875728, 0.30926424303243144, 0.011012205194090111, 0.0027449276025344853, 0.017901859449091572, 0.021688053497198635
2022-06-20, 0.11515711187015948, 0.3772925764192138, 0.1550688117852298, 0.09249030136423216, 0.24631665374264483, 0.00825915389556758, 0.0013724638012672426, 0.015344450956364216, 0.0251124829967563
2022-06-20, 0.11515711187015948, 0.3772925764192138, 0.1550688117852298, 0.09249030136423216, 0.24631665374264483, 0.00825915389556758, 0.0013724638012672426, 0.015344450956364216, 0.0251124829967563
2022-06-20, 0.11515711187015948, 0.3772925764192138, 0.1550688117852298, 0.09249030136423216, 0.24631665374264483, 0.00825915389556758, 0.0013724638012672426, 0.015344450956364216, 0.0251124829967563
2022-06-20, 0.11515711187015948, 0.3772925764192138, 0.1550688117852298, 0.09249030136423216, 0.24631665374264483, 0.00825915389556758, 0.0013724638012672426, 0.015344450956364216, 0.0251124829967563
2022-06-20, 0.11515711187015948, 0.3772925764192138, 0.1550688117852298, 0.09249030136423216, 0.24631665374264483, 0.00825915389556758, 0.0013724638012672426, 0.015344450956364216, 0.0251124829967563
2022-06-20, 0.11515711187015948, 0.3772925764192138, 0.1550688117852298, 0.09249030136423216, 0.24631665374264483, 0.00825915389556758, 0.0013724638012672426, 0.015344450956364216, 0.0251124829967563
2022-06-20, 0.11515711187015948, 0.3772925764192138, 0.1550688117852298, 0.09249030136423216, 0.24631665374264483, 0.00825915389556758, 0.0013724638012672426, 0.015344450956364216, 0.0251124829967563
2022-06-20, 0.11515711187015948, 0.3772925764192138, 0.1550688117852298, 0.09249030136423216, 0.24631665374264483, 0.00825915389556758, 0.0013724638012672426, 0.015344450956364216, 0.0251124829967563
2022-06-20, 0.11515711187015948, 0.3772925764192138, 0.1550688117852298, 0.09249030136423216, 0.24631665374264483, 0.00825915389556758, 0.0013724638012672426, 0.015344450956364216, 0.0251124829967563
2022-06-20, 0.11515711187015948, 0.3772925764192138, 0.1550688117852298, 0.09249030136423216, 0.24631665374264483, 0.00825915389556758, 0.0013724638012672426, 0.015344450956364216, 0.0251124829967563
2022-06-20, 0.114553565714263, 0.2724890829694321, 0.1473153711959685, 0.01233204018189733, 0.41052775623774124, 0.016518307791135174, 0.004117391403801728, 0.02173797218818263, 0.031390603745945385
2022-06-20, 0.114553565714263, 0.2724890829694321, 0.1473153711959685, 0.01233204018189733, 0.41052775623774124, 0.016518307791135174, 0.004117391403801728, 0.02173797218818263, 0.031390603745945385
2022-06-20, 0.10060726849033043, 0.31441048034934477, 0.09304128707113789, 0.024664080363795207, 0.2955799844911737, 0.011012205194090111, 0.004117391403801728, 0.024934732804091846, 0.03709798624520819
2022-06-20, 0.114553565714263, 0.2724890829694321, 0.1473153711959685, 0.01233204018189733, 0.41052775623774124, 0.016518307791135174, 0.004117391403801728, 0.02173797218818263, 0.031390603745945385
2022-05-21, 0.09223937909074022, 0.23056768558951937, 0.20158945532079842, 0.07707525113685995, 0.1587373990785933, 0.011012205194090111, 0.0027449276025344853, 0.023656028557728172, 0.03253208024579794
2022-05-21, 0.11008300647323664, 0.3772925764192138, 0.24035665826710603, 0.18806361277393838, 0.02463166537426492, 0.008259153895567594, 0.0027449276025344853, 0.015344450956364216, 0.023971006496903743
2022-05-21, 0.11008300647323664, 0.3772925764192138, 0.24035665826710603, 0.18806361277393838, 0.02463166537426492, 0.008259153895567594, 0.0027449276025344853, 0.015344450956364216, 0.023971006496903743
2022-05-21, 0.11008300647323664, 0.3772925764192138, 0.24035665826710603, 0.18806361277393838, 0.02463166537426492, 0.008259153895567594, 0.0027449276025344853, 0.015344450956364216, 0.023971006496903743
2022-05-21, 0.11008300647323664, 0.3772925764192138, 0.24035665826710603, 0.18806361277393838, 0.02463166537426492, 0.008259153895567594, 0.0027449276025344853, 0.015344450956364216, 0.023971006496903743
2022-05-21, 0.11008300647323664, 0.3772925764192138, 0.24035665826710603, 0.18806361277393838, 0.02463166537426492, 0.008259153895567594, 0.0027449276025344853, 0.015344450956364216, 0.023971006496903743
2022-05-21, 0.11008300647323664, 0.3772925764192138, 0.24035665826710603, 0.18806361277393838, 0.02463166537426492, 0.008259153895567594, 0.0027449276025344853, 0.015344450956364216, 0.023971006496903743
2022-05-21, 0.11008300647323664, 0.3772925764192138, 0.24035665826710603, 0.18806361277393838, 0.02463166537426492, 0.008259153895567594, 0.0027449276025344853, 0.015344450956364216, 0.023971006496903743
2022-05-21, 0.11008300647323664, 0.3772925764192138, 0.24035665826710603, 0.18806361277393838, 0.02463166537426492, 0.008259153895567594, 0.0027449276025344853, 0.015344450956364216, 0.023971006496903743
2022-05-21, 0.11008300647323664, 0.3772925764192138, 0.24035665826710603, 0.18806361277393838, 0.02463166537426492, 0.008259153895567594, 0.0027449276025344853, 0.015344450956364216, 0.023971006496903743
2022-05-21, 0.11008300647323664, 0.3772925764192138, 0.24035665826710603, 0.18806361277393838, 0.02463166537426492, 0.008259153895567594, 0.0027449276025344853, 0.015344450956364216, 0.023971006496903743
2022-05-21, 0.11255374468678385, 0.23056768558951937, 0.1783291335530141, 0.01849806027284654, 0.41052775623774124, 0.011012205194090111, 0.005489855205068971, 0.019180563695455274, 0.026824697746535144
2022-05-21, 0.11255374468678385, 0.23056768558951937, 0.1783291335530141, 0.01849806027284654, 0.41052775623774124, 0.011012205194090111, 0.005489855205068971, 0.019180563695455274, 0.026824697746535144
2022-05-21, 0.11255374468678385, 0.23056768558951937, 0.1783291335530141, 0.01849806027284654, 0.41052775623774124, 0.011012205194090111, 0.005489855205068971, 0.019180563695455274, 0.026824697746535144
2022-05-21, 0.11255374468678385, 0.23056768558951937, 0.1783291335530141, 0.01849806027284654, 0.41052775623774124, 0.011012205194090111, 0.005489855205068971, 0.019180563695455274, 0.026824697746535144
2022-04-21, 0.17613696204669355, 0.2096069868995635, 0.1473153711959685, 0.3884592657297741, 0.6130547826483603, 0.008259153895567594, 0.0013724638012672426, 0.015344450956364216, 0.025683221246682583
2022-04-21, 0.11824907792628313, 0.0, 0.1473153711959685, 0.271304884001747, 0.47621219723577984, 0.0027530512985225316, 0.00274492760253447, 0.01598380307954606, 0.029678388996166545
2022-04-21, 0.11824907792628313, 0.0, 0.1473153711959685, 0.271304884001747, 0.47621219723577984, 0.0027530512985225316, 0.00274492760253447, 0.01598380307954606, 0.029678388996166545
2022-04-21, 0.11824907792628313, 0.0, 0.1473153711959685, 0.271304884001747, 0.47621219723577984, 0.0027530512985225316, 0.00274492760253447, 0.01598380307954606, 0.029678388996166545
2022-04-21, 0.11824907792628313, 0.0, 0.1473153711959685, 0.271304884001747, 0.47621219723577984, 0.0027530512985225316, 0.00274492760253447, 0.01598380307954606, 0.029678388996166545
2022-04-21, 0.11824907792628313, 0.0, 0.1473153711959685, 0.271304884001747, 0.47621219723577984, 0.0027530512985225316, 0.00274492760253447, 0.01598380307954606, 0.029678388996166545
2022-04-21, 0.11824907792628313, 0.0, 0.1473153711959685, 0.271304884001747, 0.47621219723577984, 0.0027530512985225316, 0.00274492760253447, 0.01598380307954606, 0.029678388996166545
2022-04-21, 0.11824907792628313, 0.0, 0.1473153711959685, 0.271304884001747, 0.47621219723577984, 0.0027530512985225316, 0.00274492760253447, 0.01598380307954606, 0.029678388996166545
2022-04-21, 0.11824907792628313, 0.0, 0.1473153711959685, 0.271304884001747, 0.47621219723577984, 0.0027530512985225316, 0.00274492760253447, 0.01598380307954606, 0.029678388996166545
2022-04-21, 0.11824907792628313, 0.0, 0.1473153711959685, 0.271304884001747, 0.47621219723577984, 0.0027530512985225316, 0.00274492760253447, 0.01598380307954606, 0.029678388996166545
2022-04-21, 0.11824907792628313, 0.0, 0.1473153711959685, 0.271304884001747, 0.47621219723577984, 0.0027530512985225316, 0.00274492760253447, 0.01598380307954606, 0.029678388996166545
2022-04-21, 0.20622297946520685, 0.31441048034934477, 0.1783291335530141, 0.43162140636641555, 0.6595812616886376, 0.008259153895567594, 0.0013724638012672426, 0.01854121157227343, 0.037668724495134455
2022-04-21, 0.20622297946520685, 0.31441048034934477, 0.1783291335530141, 0.43162140636641555, 0.6595812616886376, 0.008259153895567594, 0.0013724638012672426, 0.01854121157227343, 0.037668724495134455
2022-04-21, 0.1765054764476404, 0.1257641921397381, 0.1473153711959685, 0.4254553862754669, 0.6677918168133923, 0.005506102597045063, 0.00274492760253447, 0.01406574671000053, 0.02340026824697746
2022-04-21, 0.151893598362931, 0.10480349344978175, 0.1473153711959685, 0.3206330447293374, 0.5911599689823474, 0.005506102597045063, 0.0, 0.0166231552027279, 0.029107650746240263
2022-03-22, 0.12720403547565762, 0.10480349344978175, 0.10079472766039956, 0.271304884001747, 0.49810701090179277, 0.008259153895567587, 0.0013724638012672426, 0.009590281847727629, 0.02340026824697746
2022-03-22, 0.12720403547565762, 0.10480349344978175, 0.10079472766039956, 0.271304884001747, 0.49810701090179277, 0.008259153895567587, 0.0013724638012672426, 0.009590281847727629, 0.02340026824697746
2022-03-22, 0.12720403547565762, 0.10480349344978175, 0.10079472766039956, 0.271304884001747, 0.49810701090179277, 0.008259153895567587, 0.0013724638012672426, 0.009590281847727629, 0.02340026824697746
2022-03-22, 0.12720403547565762, 0.10480349344978175, 0.10079472766039956, 0.271304884001747, 0.49810701090179277, 0.008259153895567587, 0.0013724638012672426, 0.009590281847727629, 0.02340026824697746
2022-03-22, 0.12720403547565762, 0.10480349344978175, 0.10079472766039956, 0.271304884001747, 0.49810701090179277, 0.008259153895567587, 0.0013724638012672426, 0.009590281847727629, 0.02340026824697746
2022-03-22, 0.12720403547565762, 0.10480349344978175, 0.10079472766039956, 0.271304884001747, 0.49810701090179277, 0.008259153895567587, 0.0013724638012672426, 0.009590281847727629, 0.02340026824697746
2022-03-22, 0.12720403547565762, 0.10480349344978175, 0.10079472766039956, 0.271304884001747, 0.49810701090179277, 0.008259153895567587, 0.0013724638012672426, 0.009590281847727629, 0.02340026824697746
2022-03-22, 0.12720403547565762, 0.10480349344978175, 0.10079472766039956, 0.271304884001747, 0.49810701090179277, 0.008259153895567587, 0.0013724638012672426, 0.009590281847727629, 0.02340026824697746
2022-03-22, 0.12720403547565762, 0.10480349344978175, 0.10079472766039956, 0.271304884001747, 0.49810701090179277, 0.008259153895567587, 0.0013724638012672426, 0.009590281847727629, 0.02340026824697746
2022-03-22, 0.12720403547565762, 0.10480349344978175, 0.10079472766039956, 0.271304884001747, 0.49810701090179277, 0.008259153895567587, 0.0013724638012672426, 0.009590281847727629, 0.02340026824697746
2022-03-22, 0.12720403547565762, 0.10480349344978175, 0.10079472766039956, 0.271304884001747, 0.49810701090179277, 0.008259153895567587, 0.0013724638012672426, 0.009590281847727629, 0.02340026824697746
2022-03-22, 0.17822332161768129, 0.23056768558951984, 0.09304128707113789, 0.41928936618451823, 0.6294758928978699, 0.011012205194090118, 0.0013724638012672426, 0.015344450956364216, 0.025683221246682583
2022-03-22, 0.17822332161768129, 0.23056768558951984, 0.09304128707113789, 0.41928936618451823, 0.6294758928978699, 0.011012205194090118, 0.0013724638012672426, 0.015344450956364216, 0.025683221246682583
2022-03-22, 0.17822332161768129, 0.23056768558951984, 0.09304128707113789, 0.41928936618451823, 0.6294758928978699, 0.011012205194090118, 0.0013724638012672426, 0.015344450956364216, 0.025683221246682583
2022-03-22, 0.13731164707715024, 0.14672489082969445, 0.13180849001744552, 0.26513886391079833, 0.5063175660265474, 0.011012205194090118, 0.0013724638012672426, 0.012147690340455, 0.023971006496903743
2022-02-20, 0.15195701397021752, 0.18864628820960713, 0.21709633649932172, 0.262055853865324, 0.48715960406878633, 0.011012205194090111, 0.00274492760253447, 0.017262507325909743, 0.02967838899616653
2022-02-20, 0.15195701397021752, 0.18864628820960713, 0.21709633649932172, 0.262055853865324, 0.48715960406878633, 0.011012205194090111, 0.00274492760253447, 0.017262507325909743, 0.02967838899616653
2022-02-20, 0.15195701397021752, 0.18864628820960713, 0.21709633649932172, 0.262055853865324, 0.48715960406878633, 0.011012205194090111, 0.00274492760253447, 0.017262507325909743, 0.02967838899616653
2022-02-20, 0.15195701397021752, 0.18864628820960713, 0.21709633649932172, 0.262055853865324, 0.48715960406878633, 0.011012205194090111, 0.00274492760253447, 0.017262507325909743, 0.02967838899616653
2022-02-20, 0.15195701397021752, 0.18864628820960713, 0.21709633649932172, 0.262055853865324, 0.48715960406878633, 0.011012205194090111, 0.00274492760253447, 0.017262507325909743, 0.02967838899616653
2022-02-20, 0.15195701397021752, 0.18864628820960713, 0.21709633649932172, 0.262055853865324, 0.48715960406878633, 0.011012205194090111, 0.00274492760253447, 0.017262507325909743, 0.02967838899616653
2022-02-20, 0.15195701397021752, 0.18864628820960713, 0.21709633649932172, 0.262055853865324, 0.48715960406878633, 0.011012205194090111, 0.00274492760253447, 0.017262507325909743, 0.02967838899616653
2022-02-20, 0.15195701397021752, 0.18864628820960713, 0.21709633649932172, 0.262055853865324, 0.48715960406878633, 0.011012205194090111, 0.00274492760253447, 0.017262507325909743, 0.02967838899616653
2022-02-20, 0.15195701397021752, 0.18864628820960713, 0.21709633649932172, 0.262055853865324, 0.48715960406878633, 0.011012205194090111, 0.00274492760253447, 0.017262507325909743, 0.02967838899616653
2022-02-20, 0.15195701397021752, 0.18864628820960713, 0.21709633649932172, 0.262055853865324, 0.48715960406878633, 0.011012205194090111, 0.00274492760253447, 0.017262507325909743, 0.02967838899616653
2022-02-20, 0.15195701397021752, 0.18864628820960713, 0.21709633649932172, 0.262055853865324, 0.48715960406878633, 0.011012205194090111, 0.00274492760253447, 0.017262507325909743, 0.02967838899616653
2022-02-20, 0.18390489147861652, 0.27248908296943253, 0.20934289591006008, 0.3206330447293374, 0.5938968206905989, 0.016518307791135174, 0.0013724638012672426, 0.020459267941818945, 0.03652724799528189
2022-02-20, 0.18390489147861652, 0.27248908296943253, 0.20934289591006008, 0.3206330447293374, 0.5938968206905989, 0.016518307791135174, 0.0013724638012672426, 0.020459267941818945, 0.03652724799528189
2022-02-20, 0.18390489147861652, 0.27248908296943253, 0.20934289591006008, 0.3206330447293374, 0.5938968206905989, 0.016518307791135174, 0.0013724638012672426, 0.020459267941818945, 0.03652724799528189
2022-02-20, 0.17166720007920752, 0.18864628820960713, 0.2481100988563677, 0.3206330447293374, 0.5610546001915796, 0.011012205194090111, 0.0, 0.015344450956364216, 0.028536912496313984
2022-01-21, 0.10394281042560209, 0.02096069868995635, 0.18608257414227578, 0.1418184620918223, 0.4269488664872508, 0.013765256492612642, 0.0013724638012672426, 0.0166231552027279, 0.023971006496903754
2022-01-21, 0.10394281042560209, 0.02096069868995635, 0.18608257414227578, 0.1418184620918223, 0.4269488664872508, 0.013765256492612642, 0.0013724638012672426, 0.0166231552027279, 0.023971006496903754
2022-01-21, 0.10394281042560209, 0.02096069868995635, 0.18608257414227578, 0.1418184620918223, 0.4269488664872508, 0.013765256492612642, 0.0013724638012672426, 0.0166231552027279, 0.023971006496903754
2022-01-21, 0.10394281042560209, 0.02096069868995635, 0.18608257414227578, 0.1418184620918223, 0.4269488664872508, 0.013765256492612642, 0.0013724638012672426, 0.0166231552027279, 0.023971006496903754
2022-01-21, 0.10394281042560209, 0.02096069868995635, 0.18608257414227578, 0.1418184620918223, 0.4269488664872508, 0.013765256492612642, 0.0013724638012672426, 0.0166231552027279, 0.023971006496903754
2022-01-21, 0.10394281042560209, 0.02096069868995635, 0.18608257414227578, 0.1418184620918223, 0.4269488664872508, 0.013765256492612642, 0.0013724638012672426, 0.0166231552027279, 0.023971006496903754
2022-01-21, 0.10394281042560209, 0.02096069868995635, 0.18608257414227578, 0.1418184620918223, 0.4269488664872508, 0.013765256492612642, 0.0013724638012672426, 0.0166231552027279, 0.023971006496903754
2022-01-21, 0.10394281042560209, 0.02096069868995635, 0.18608257414227578, 0.1418184620918223, 0.4269488664872508, 0.013765256492612642, 0.0013724638012672426, 0.0166231552027279, 0.023971006496903754
2022-01-21, 0.10394281042560209, 0.02096069868995635, 0.18608257414227578, 0.1418184620918223, 0.4269488664872508, 0.013765256492612642, 0.0013724638012672426, 0.0166231552027279, 0.023971006496903754
2022-01-21, 0.10394281042560209, 0.02096069868995635, 0.18608257414227578, 0.1418184620918223, 0.4269488664872508, 0.013765256492612642, 0.0013724638012672426, 0.0166231552027279, 0.023971006496903754
2022-01-21, 0.10394281042560209, 0.02096069868995635, 0.18608257414227578, 0.1418184620918223, 0.4269488664872508, 0.013765256492612642, 0.0013724638012672426, 0.0166231552027279, 0.023971006496903754
2022-01-21, 0.16075916627624537, 0.16768558951965057, 0.23260321767784473, 0.24047478354700313, 0.5774757104410891, 0.019271359089657707, 0.0, 0.02173797218818263, 0.026824697746535144
2022-01-21, 0.16075916627624537, 0.16768558951965057, 0.23260321767784473, 0.24047478354700313, 0.5774757104410891, 0.019271359089657707, 0.0, 0.02173797218818263, 0.026824697746535144
2022-01-21, 0.16075916627624537, 0.16768558951965057, 0.23260321767784473, 0.24047478354700313, 0.5774757104410891, 0.019271359089657707, 0.0, 0.02173797218818263, 0.026824697746535144
2022-01-21, 0.14916149794666747, 0.12576419213973786, 0.23260321767784473, 0.24047478354700313, 0.5254755279843087, 0.013765256492612642, 0.0013724638012672426, 0.023016676434546315, 0.030819865496019103
2021-12-22, 0.08867451786960083, 0.16768558951965057, 0.10079472766039921, 0.04624515068211608, 0.33389590840669636, 0.013765256492612642, 0.0, 0.017901859449091586, 0.029107650746240263
2021-12-22, 0.08867451786960083, 0.16768558951965057, 0.10079472766039921, 0.04624515068211608, 0.33389590840669636, 0.013765256492612642, 0.0, 0.017901859449091586, 0.029107650746240263
2021-12-22, 0.08867451786960083, 0.16768558951965057, 0.10079472766039921, 0.04624515068211608, 0.33389590840669636, 0.013765256492612642, 0.0, 0.017901859449091586, 0.029107650746240263
2021-12-22, 0.08867451786960083, 0.16768558951965057, 0.10079472766039921, 0.04624515068211608, 0.33389590840669636, 0.013765256492612642, 0.0, 0.017901859449091586, 0.029107650746240263
2021-12-22, 0.08867451786960083, 0.16768558951965057, 0.10079472766039921, 0.04624515068211608, 0.33389590840669636, 0.013765256492612642, 0.0, 0.017901859449091586, 0.029107650746240263
2021-12-22, 0.08867451786960083, 0.16768558951965057, 0.10079472766039921, 0.04624515068211608, 0.33389590840669636, 0.013765256492612642, 0.0, 0.017901859449091586, 0.029107650746240263
2021-12-22, 0.08867451786960083, 0.16768558951965057, 0.10079472766039921, 0.04624515068211608, 0.33389590840669636, 0.013765256492612642, 0.0, 0.017901859449091586, 0.029107650746240263
2021-12-22, 0.08867451786960083, 0.16768558951965057, 0.10079472766039921, 0.04624515068211608, 0.33389590840669636, 0.013765256492612642, 0.0, 0.017901859449091586, 0.029107650746240263
2021-12-22, 0.08867451786960083, 0.16768558951965057, 0.10079472766039921, 0.04624515068211608, 0.33389590840669636, 0.013765256492612642, 0.0, 0.017901859449091586, 0.029107650746240263
2021-12-22, 0.08867451786960083, 0.16768558951965057, 0.10079472766039921, 0.04624515068211608, 0.33389590840669636, 0.013765256492612642, 0.0, 0.017901859449091586, 0.029107650746240263
2021-12-22, 0.08867451786960083, 0.16768558951965057, 0.10079472766039921, 0.04624515068211608, 0.33389590840669636, 0.013765256492612642, 0.0, 0.017901859449091586, 0.029107650746240263
2021-12-22, 0.10378592665752659, 0.06288209606986905, 0.1550688117852298, 0.12948642190992468, 0.40505405282123813, 0.019271359089657696, 0.004117391403801728, 0.023016676434546315, 0.03139060374594537
2021-12-22, 0.10378592665752659, 0.06288209606986905, 0.1550688117852298, 0.12948642190992468, 0.40505405282123813, 0.019271359089657696, 0.004117391403801728, 0.023016676434546315, 0.03139060374594537
2021-12-22, 0.10378592665752659, 0.06288209606986905, 0.1550688117852298, 0.12948642190992468, 0.40505405282123813, 0.019271359089657696, 0.004117391403801728, 0.023016676434546315, 0.03139060374594537
2021-12-22, 0.07601156043855269, 0.06288209606986905, 0.11630160883892218, 0.07090923104591129, 0.2928431327829221, 0.016518307791135167, 0.004117391403801728, 0.01598380307954606, 0.028536912496313984
2021-11-22, 0.07276270470444461, 0.02096069868995635, 0.015506881178522981, 0.10173933150065516, 0.3886329425717283, 0.011012205194090118, 0.0013724638012672426, 0.0166231552027279, 0.026253959496608862
2021-11-22, 0.0715736020187712, 0.0838427947598254, 0.04652064353556877, 0.08632428127328295, 0.3065273913241799, 0.011012205194090118, 0.0027449276025344853, 0.012787042463636844, 0.022829529997051182
2021-11-22, 0.0715736020187712, 0.0838427947598254, 0.04652064353556877, 0.08632428127328295, 0.3065273913241799, 0.011012205194090118, 0.0027449276025344853, 0.012787042463636844, 0.022829529997051182
2021-11-22, 0.0715736020187712, 0.0838427947598254, 0.04652064353556877, 0.08632428127328295, 0.3065273913241799, 0.011012205194090118, 0.0027449276025344853, 0.012787042463636844, 0.022829529997051182
2021-11-22, 0.0715736020187712, 0.0838427947598254, 0.04652064353556877, 0.08632428127328295, 0.3065273913241799, 0.011012205194090118, 0.0027449276025344853, 0.012787042463636844, 0.022829529997051182
2021-11-22, 0.0715736020187712, 0.0838427947598254, 0.04652064353556877, 0.08632428127328295, 0.3065273913241799, 0.011012205194090118, 0.0027449276025344853, 0.012787042463636844, 0.022829529997051182
2021-11-22, 0.0715736020187712, 0.0838427947598254, 0.04652064353556877, 0.08632428127328295, 0.3065273913241799, 0.011012205194090118, 0.0027449276025344853, 0.012787042463636844, 0.022829529997051182
2021-11-22, 0.0715736020187712, 0.0838427947598254, 0.04652064353556877, 0.08632428127328295, 0.3065273913241799, 0.011012205194090118, 0.0027449276025344853, 0.012787042463636844, 0.022829529997051182
2021-11-22, 0.0715736020187712, 0.0838427947598254, 0.04652064353556877, 0.08632428127328295, 0.3065273913241799, 0.011012205194090118, 0.0027449276025344853, 0.012787042463636844, 0.022829529997051182
2021-11-22, 0.0715736020187712, 0.0838427947598254, 0.04652064353556877, 0.08632428127328295, 0.3065273913241799, 0.011012205194090118, 0.0027449276025344853, 0.012787042463636844, 0.022829529997051182
2021-11-22, 0.0715736020187712, 0.0838427947598254, 0.04652064353556877, 0.08632428127328295, 0.3065273913241799, 0.011012205194090118, 0.0027449276025344853, 0.012787042463636844, 0.022829529997051182
2021-11-22, 0.1256764327653156, 0.14672489082969445, 0.06978096530335325, 0.20964468309225925, 0.5008438626100443, 0.019271359089657707, 0.006862319006336213, 0.019180563695455274, 0.03310281849572421
2021-11-22, 0.1256764327653156, 0.14672489082969445, 0.06978096530335325, 0.20964468309225925, 0.5008438626100443, 0.019271359089657707, 0.006862319006336213, 0.019180563695455274, 0.03310281849572421
2021-11-22, 0.05159052694611032, 0.0419213973799127, 0.0, 0.07399224109138562, 0.2381060986178897, 0.01376525649261265, 0.004117391403801728, 0.013426394586818687, 0.027395435996461423
2021-11-22, 0.05174155132423772, 0.0, 0.007753440589261491, 0.07090923104591129, 0.27094831911690903, 0.01376525649261265, 0.004117391403801728, 0.017901859449091586, 0.028536912496313984
2021-10-23, 0.06967401557930564, 0.02096069868995635, 0.007753440589261662, 0.12332040181897576, 0.355790722072709, 0.002753051298522524, 0.005489855205068971, 0.012787042463636844, 0.028536912496313984
2021-10-23, 0.07466834315502213, 0.0419213973799127, 0.007753440589261319, 0.08015826118233428, 0.41873831136249584, 0.0, 0.004117391403801728, 0.017262507325909743, 0.027395435996461423
2021-10-23, 0.07466834315502213, 0.0419213973799127, 0.007753440589261319, 0.08015826118233428, 0.41873831136249584, 0.0, 0.004117391403801728, 0.017262507325909743, 0.027395435996461423
2021-10-23, 0.07466834315502213, 0.0419213973799127, 0.007753440589261319, 0.08015826118233428, 0.41873831136249584, 0.0, 0.004117391403801728, 0.017262507325909743, 0.027395435996461423
2021-10-23, 0.07466834315502213, 0.0419213973799127, 0.007753440589261319, 0.08015826118233428, 0.41873831136249584, 0.0, 0.004117391403801728, 0.017262507325909743, 0.027395435996461423
2021-10-23, 0.07466834315502213, 0.0419213973799127, 0.007753440589261319, 0.08015826118233428, 0.41873831136249584, 0.0, 0.004117391403801728, 0.017262507325909743, 0.027395435996461423
2021-10-23, 0.07466834315502213, 0.0419213973799127, 0.007753440589261319, 0.08015826118233428, 0.41873831136249584, 0.0, 0.004117391403801728, 0.017262507325909743, 0.027395435996461423
2021-10-23, 0.07466834315502213, 0.0419213973799127, 0.007753440589261319, 0.08015826118233428, 0.41873831136249584, 0.0, 0.004117391403801728, 0.017262507325909743, 0.027395435996461423
2021-10-23, 0.07466834315502213, 0.0419213973799127, 0.007753440589261319, 0.08015826118233428, 0.41873831136249584, 0.0, 0.004117391403801728, 0.017262507325909743, 0.027395435996461423
2021-10-23, 0.07466834315502213, 0.0419213973799127, 0.007753440589261319, 0.08015826118233428, 0.41873831136249584, 0.0, 0.004117391403801728, 0.017262507325909743, 0.027395435996461423
2021-10-23, 0.07466834315502213, 0.0419213973799127, 0.007753440589261319, 0.08015826118233428, 0.41873831136249584, 0.0, 0.004117391403801728, 0.017262507325909743, 0.027395435996461423
2021-10-23, 0.1338422096107408, 0.20960698689956325, 0.10079472766039937, 0.1880636127739381, 0.5008438626100441, 0.008259153895567587, 0.009607246608870698, 0.020459267941818945, 0.03310281849572421
2021-10-23, 0.1338422096107408, 0.20960698689956325, 0.10079472766039937, 0.1880636127739381, 0.5008438626100441, 0.008259153895567587, 0.009607246608870698, 0.020459267941818945, 0.03310281849572421
2021-10-23, 0.10740134837076434, 0.10480349344978152, 0.015506881178522981, 0.19422963286488704, 0.4707384938192765, 0.008259153895567587, 0.005489855205068971, 0.023656028557728158, 0.03652724799528189
2021-10-23, 0.06562807808493787, 0.0419213973799127, 0.03876720294630728, 0.055494180818539074, 0.33389590840669614, 0.0055061025970450555, 0.005489855205068971, 0.01598380307954606, 0.027966174246387702
2021-09-23, 0.09176123132334137, 0.02096069868995635, 0.046520643535568944, 0.10790535159160382, 0.4981070109017925, 0.008259153895567587, 0.004117391403801728, 0.01854121157227343, 0.029678388996166545
2021-09-23, 0.04604373092018212, 0.02096069868995635, 0.023260321767784645, 0.0030830100454743324, 0.2736851708251608, 0.005506102597045063, 0.0027449276025344853, 0.013426394586818687, 0.025683221246682583
2021-09-23, 0.04604373092018212, 0.02096069868995635, 0.023260321767784645, 0.0030830100454743324, 0.2736851708251608, 0.005506102597045063, 0.0027449276025344853, 0.013426394586818687, 0.025683221246682583
2021-09-23, 0.04604373092018212, 0.02096069868995635, 0.023260321767784645, 0.0030830100454743324, 0.2736851708251608, 0.005506102597045063, 0.0027449276025344853, 0.013426394586818687, 0.025683221246682583
2021-09-23, 0.04604373092018212, 0.02096069868995635, 0.023260321767784645, 0.0030830100454743324, 0.2736851708251608, 0.005506102597045063, 0.0027449276025344853, 0.013426394586818687, 0.025683221246682583
2021-09-23, 0.04604373092018212, 0.02096069868995635, 0.023260321767784645, 0.0030830100454743324, 0.2736851708251608, 0.005506102597045063, 0.0027449276025344853, 0.013426394586818687, 0.025683221246682583
2021-09-23, 0.04604373092018212, 0.02096069868995635, 0.023260321767784645, 0.0030830100454743324, 0.2736851708251608, 0.005506102597045063, 0.0027449276025344853, 0.013426394586818687, 0.025683221246682583
2021-09-23, 0.04604373092018212, 0.02096069868995635, 0.023260321767784645, 0.0030830100454743324, 0.2736851708251608, 0.005506102597045063, 0.0027449276025344853, 0.013426394586818687, 0.025683221246682583
2021-09-23, 0.04604373092018212, 0.02096069868995635, 0.023260321767784645, 0.0030830100454743324, 0.2736851708251608, 0.005506102597045063, 0.0027449276025344853, 0.013426394586818687, 0.025683221246682583
2021-09-23, 0.04604373092018212, 0.02096069868995635, 0.023260321767784645, 0.0030830100454743324, 0.2736851708251608, 0.005506102597045063, 0.0027449276025344853, 0.013426394586818687, 0.025683221246682583
2021-09-23, 0.04604373092018212, 0.02096069868995635, 0.023260321767784645, 0.0030830100454743324, 0.2736851708251608, 0.005506102597045063, 0.0027449276025344853, 0.013426394586818687, 0.025683221246682583
2021-09-23, 0.09944515212493682, 0.14672489082969445, 0.031013762357045963, 0.12640341186445037, 0.4242120147789992, 0.011012205194090118, 0.004117391403801728, 0.017262507325909743, 0.03481503324550305
2021-09-23, 0.09944515212493682, 0.14672489082969445, 0.031013762357045963, 0.12640341186445037, 0.4242120147789992, 0.011012205194090118, 0.004117391403801728, 0.017262507325909743, 0.03481503324550305
2021-09-23, 0.06418533339360494, 0.02096069868995635, 0.03876720294630728, 0.03699612054569281, 0.355790722072709, 0.005506102597045063, 0.0027449276025344853, 0.017901859449091586, 0.03481503324550305
2021-09-23, 0.07154943493700279, 0.0419213973799127, 0.015506881178522981, 0.07090923104591101, 0.3941066459882314, 0.008259153895567587, 0.0013724638012672426, 0.01406574671000053, 0.026253959496608862
2021-08-24, 0.062493086154545845, 0.10480349344978152, 0.08528784648187657, 0.20964468309225898, 0.043789627332025766, 0.0027530512985225316, 0.006862319006336213, 0.01598380307954606, 0.030819865496019103
2021-08-24, 0.062493086154545845, 0.10480349344978152, 0.08528784648187657, 0.20964468309225898, 0.043789627332025766, 0.0027530512985225316, 0.006862319006336213, 0.01598380307954606, 0.030819865496019103
2021-08-24, 0.062493086154545845, 0.10480349344978152, 0.08528784648187657, 0.20964468309225898, 0.043789627332025766, 0.0027530512985225316, 0.006862319006336213, 0.01598380307954606, 0.030819865496019103
2021-08-24, 0.062493086154545845, 0.10480349344978152, 0.08528784648187657, 0.20964468309225898, 0.043789627332025766, 0.0027530512985225316, 0.006862319006336213, 0.01598380307954606, 0.030819865496019103
2021-08-24, 0.062493086154545845, 0.10480349344978152, 0.08528784648187657, 0.20964468309225898, 0.043789627332025766, 0.0027530512985225316, 0.006862319006336213, 0.01598380307954606, 0.030819865496019103
2021-08-24, 0.062493086154545845, 0.10480349344978152, 0.08528784648187657, 0.20964468309225898, 0.043789627332025766, 0.0027530512985225316, 0.006862319006336213, 0.01598380307954606, 0.030819865496019103
2021-08-24, 0.062493086154545845, 0.10480349344978152, 0.08528784648187657, 0.20964468309225898, 0.043789627332025766, 0.0027530512985225316, 0.006862319006336213, 0.01598380307954606, 0.030819865496019103
2021-08-24, 0.062493086154545845, 0.10480349344978152, 0.08528784648187657, 0.20964468309225898, 0.043789627332025766, 0.0027530512985225316, 0.006862319006336213, 0.01598380307954606, 0.030819865496019103
2021-08-24, 0.062493086154545845, 0.10480349344978152, 0.08528784648187657, 0.20964468309225898, 0.043789627332025766, 0.0027530512985225316, 0.006862319006336213, 0.01598380307954606, 0.030819865496019103
2021-08-24, 0.062493086154545845, 0.10480349344978152, 0.08528784648187657, 0.20964468309225898, 0.043789627332025766, 0.0027530512985225316, 0.006862319006336213, 0.01598380307954606, 0.030819865496019103
2021-08-24, 0.062493086154545845, 0.10480349344978152, 0.08528784648187657, 0.20964468309225898, 0.043789627332025766, 0.0027530512985225316, 0.006862319006336213, 0.01598380307954606, 0.030819865496019103
2021-08-24, 0.11417105122495633, 0.10480349344978175, 0.1705756929637528, 0.08632428127328322, 0.46800164211102524, 0.008259153895567587, 0.008234782807603456, 0.024934732804091846, 0.04223463049454469
2021-08-24, 0.11417105122495633, 0.10480349344978175, 0.1705756929637528, 0.08632428127328322, 0.46800164211102524, 0.008259153895567587, 0.008234782807603456, 0.024934732804091846, 0.04223463049454469
2021-08-24, 0.11417105122495633, 0.10480349344978175, 0.1705756929637528, 0.08632428127328322, 0.46800164211102524, 0.008259153895567587, 0.008234782807603456, 0.024934732804091846, 0.04223463049454469
2021-08-24, 0.07689158914885141, 0.1467248908296942, 0.10854816824966086, 0.1079053515916041, 0.18336906445285772, 0.0027530512985225316, 0.005489855205068971, 0.019819915818637117, 0.04052241574476585
2021-07-25, 0.07853438172970094, 0.1467248908296942, 0.16282225237449113, 0.21889371322868226, 0.049263330748529115, 0.005506102597045063, 0.009607246608870683, 0.0166231552027279, 0.018834362247567234
2021-07-25, 0.07853438172970094, 0.1467248908296942, 0.16282225237449113, 0.21889371322868226, 0.049263330748529115, 0.005506102597045063, 0.009607246608870683, 0.0166231552027279, 0.018834362247567234
2021-07-25, 0.07853438172970094, 0.1467248908296942, 0.16282225237449113, 0.21889371322868226, 0.049263330748529115, 0.005506102597045063, 0.009607246608870683, 0.0166231552027279, 0.018834362247567234
2021-07-25, 0.07853438172970094, 0.1467248908296942, 0.16282225237449113, 0.21889371322868226, 0.049263330748529115, 0.005506102597045063, 0.009607246608870683, 0.0166231552027279, 0.018834362247567234
2021-07-25, 0.07853438172970094, 0.1467248908296942, 0.16282225237449113, 0.21889371322868226, 0.049263330748529115, 0.005506102597045063, 0.009607246608870683, 0.0166231552027279, 0.018834362247567234
2021-07-25, 0.07853438172970094, 0.1467248908296942, 0.16282225237449113, 0.21889371322868226, 0.049263330748529115, 0.005506102597045063, 0.009607246608870683, 0.0166231552027279, 0.018834362247567234
2021-07-25, 0.07853438172970094, 0.1467248908296942, 0.16282225237449113, 0.21889371322868226, 0.049263330748529115, 0.005506102597045063, 0.009607246608870683, 0.0166231552027279, 0.018834362247567234
2021-07-25, 0.07853438172970094, 0.1467248908296942, 0.16282225237449113, 0.21889371322868226, 0.049263330748529115, 0.005506102597045063, 0.009607246608870683, 0.0166231552027279, 0.018834362247567234
2021-07-25, 0.07853438172970094, 0.1467248908296942, 0.16282225237449113, 0.21889371322868226, 0.049263330748529115, 0.005506102597045063, 0.009607246608870683, 0.0166231552027279, 0.018834362247567234
2021-07-25, 0.07853438172970094, 0.1467248908296942, 0.16282225237449113, 0.21889371322868226, 0.049263330748529115, 0.005506102597045063, 0.009607246608870683, 0.0166231552027279, 0.018834362247567234
2021-07-25, 0.07853438172970094, 0.1467248908296942, 0.16282225237449113, 0.21889371322868226, 0.049263330748529115, 0.005506102597045063, 0.009607246608870683, 0.0166231552027279, 0.018834362247567234
2021-07-25, 0.08830768274357421, 0.06288209606986882, 0.1705756929637528, 0.14798448218277124, 0.24905350545089638, 0.011012205194090127, 0.010979710410137926, 0.02429538068091, 0.029678388996166545
2021-07-25, 0.08830768274357421, 0.06288209606986882, 0.1705756929637528, 0.14798448218277124, 0.24905350545089638, 0.011012205194090127, 0.010979710410137926, 0.02429538068091, 0.029678388996166545
2021-07-25, 0.08830768274357421, 0.06288209606986882, 0.1705756929637528, 0.14798448218277124, 0.24905350545089638, 0.011012205194090127, 0.010979710410137926, 0.02429538068091, 0.029678388996166545
2021-07-25, 0.07107974703844412, 0.04192139737991247, 0.10079472766039921, 0.05857719086401368, 0.2955799844911737, 0.011012205194090127, 0.010979710410137926, 0.022377324311364473, 0.027395435996461423
2021-06-25, 0.06025048168541009, 0.0, 0.1473153711959685, 0.16339953241014318, 0.11221092003831597, 0.011012205194090118, 0.015097101813939653, 0.014705098833182372, 0.018263623997640952
2021-06-25, 0.07786605007513814, 0.0838427947598254, 0.1550688117852298, 0.1788145826375151, 0.15600054737034175, 0.008259153895567587, 0.015097101813939653, 0.012147690340455, 0.013697717998230712
2021-06-25, 0.07786605007513814, 0.0838427947598254, 0.1550688117852298, 0.1788145826375151, 0.15600054737034175, 0.008259153895567587, 0.015097101813939653, 0.012147690340455, 0.013697717998230712
2021-06-25, 0.07786605007513814, 0.0838427947598254, 0.1550688117852298, 0.1788145826375151, 0.15600054737034175, 0.008259153895567587, 0.015097101813939653, 0.012147690340455, 0.013697717998230712
2021-06-25, 0.07786605007513814, 0.0838427947598254, 0.1550688117852298, 0.1788145826375151, 0.15600054737034175, 0.008259153895567587, 0.015097101813939653, 0.012147690340455, 0.013697717998230712
2021-06-25, 0.07786605007513814, 0.0838427947598254, 0.1550688117852298, 0.1788145826375151, 0.15600054737034175, 0.008259153895567587, 0.015097101813939653, 0.012147690340455, 0.013697717998230712
2021-06-25, 0.07786605007513814, 0.0838427947598254, 0.1550688117852298, 0.1788145826375151, 0.15600054737034175, 0.008259153895567587, 0.015097101813939653, 0.012147690340455, 0.013697717998230712
2021-06-25, 0.07786605007513814, 0.0838427947598254, 0.1550688117852298, 0.1788145826375151, 0.15600054737034175, 0.008259153895567587, 0.015097101813939653, 0.012147690340455, 0.013697717998230712
2021-06-25, 0.07786605007513814, 0.0838427947598254, 0.1550688117852298, 0.1788145826375151, 0.15600054737034175, 0.008259153895567587, 0.015097101813939653, 0.012147690340455, 0.013697717998230712
2021-06-25, 0.07786605007513814, 0.0838427947598254, 0.1550688117852298, 0.1788145826375151, 0.15600054737034175, 0.008259153895567587, 0.015097101813939653, 0.012147690340455, 0.013697717998230712
2021-06-25, 0.07786605007513814, 0.0838427947598254, 0.1550688117852298, 0.1788145826375151, 0.15600054737034175, 0.008259153895567587, 0.015097101813939653, 0.012147690340455, 0.013697717998230712
2021-06-25, 0.08974914246732939, 0.12576419213973786, 0.1705756929637528, 0.03083010045474387, 0.3229485015736897, 0.016518307791135174, 0.016469565615206898, 0.0166231552027279, 0.018263623997640952
2021-06-25, 0.08974914246732939, 0.12576419213973786, 0.1705756929637528, 0.03083010045474387, 0.3229485015736897, 0.016518307791135174, 0.016469565615206898, 0.0166231552027279, 0.018263623997640952
2021-06-25, 0.08915872431689133, 0.08384279475982516, 0.13180849001744552, 0.024664080363795207, 0.3941066459882314, 0.01376525649261265, 0.019214493217741383, 0.017901859449091572, 0.027966174246387702
2021-06-25, 0.05986627310121782, 0.02096069868995635, 0.1473153711959685, 0.14490147213729662, 0.10126351320530928, 0.011012205194090118, 0.015097101813939653, 0.017262507325909743, 0.021117315247272343
2021-05-26, 0.0925351397815667, 0.2724890829694323, 0.24035665826710603, 0.11098836163707843, 0.07115814441454175, 0.0027530512985225316, 0.012352174211405168, 0.015344450956364216, 0.014839194498083273
2021-05-26, 0.072003253302248, 0.12576419213973786, 0.18608257414227544, 0.12640341186445037, 0.09031610637230308, 0.0027530512985225316, 0.01372463801267241, 0.012147690340455, 0.018834362247567234
2021-05-26, 0.072003253302248, 0.12576419213973786, 0.18608257414227544, 0.12640341186445037, 0.09031610637230308, 0.0027530512985225316, 0.01372463801267241, 0.012147690340455, 0.018834362247567234
2021-05-26, 0.072003253302248, 0.12576419213973786, 0.18608257414227544, 0.12640341186445037, 0.09031610637230308, 0.0027530512985225316, 0.01372463801267241, 0.012147690340455, 0.018834362247567234
2021-05-26, 0.072003253302248, 0.12576419213973786, 0.18608257414227544, 0.12640341186445037, 0.09031610637230308, 0.0027530512985225316, 0.01372463801267241, 0.012147690340455, 0.018834362247567234
2021-05-26, 0.072003253302248, 0.12576419213973786, 0.18608257414227544, 0.12640341186445037, 0.09031610637230308, 0.0027530512985225316, 0.01372463801267241, 0.012147690340455, 0.018834362247567234
2021-05-26, 0.072003253302248, 0.12576419213973786, 0.18608257414227544, 0.12640341186445037, 0.09031610637230308, 0.0027530512985225316, 0.01372463801267241, 0.012147690340455, 0.018834362247567234
2021-05-26, 0.072003253302248, 0.12576419213973786, 0.18608257414227544, 0.12640341186445037, 0.09031610637230308, 0.0027530512985225316, 0.01372463801267241, 0.012147690340455, 0.018834362247567234
2021-05-26, 0.072003253302248, 0.12576419213973786, 0.18608257414227544, 0.12640341186445037, 0.09031610637230308, 0.0027530512985225316, 0.01372463801267241, 0.012147690340455, 0.018834362247567234
2021-05-26, 0.072003253302248, 0.12576419213973786, 0.18608257414227544, 0.12640341186445037, 0.09031610637230308, 0.0027530512985225316, 0.01372463801267241, 0.012147690340455, 0.018834362247567234
2021-05-26, 0.072003253302248, 0.12576419213973786, 0.18608257414227544, 0.12640341186445037, 0.09031610637230308, 0.0027530512985225316, 0.01372463801267241, 0.012147690340455, 0.018834362247567234
2021-05-26, 0.08845989374640646, 0.06288209606986905, 0.23260321767784436, 0.11407137168255276, 0.22989554349313504, 0.0055061025970450555, 0.01372463801267241, 0.020459267941818945, 0.028536912496313984
2021-05-26, 0.08845989374640646, 0.06288209606986905, 0.23260321767784436, 0.11407137168255276, 0.22989554349313504, 0.0055061025970450555, 0.01372463801267241, 0.020459267941818945, 0.028536912496313984
2021-05-26, 0.08871225134678581, 0.33537117903930136, 0.2636169800348903, 0.04316214063664175, 0.016421110249509298, 0.0055061025970450555, 0.01372463801267241, 0.015344450956364216, 0.016551409247862112
2021-05-26, 0.07383193330351391, 0.1886462882096069, 0.2868773018026746, 0.0030830100454743324, 0.06021073758153507, 0.0027530512985225316, 0.010979710410137926, 0.014705098833182372, 0.02340026824697746
2021-04-26, 0.04349376948953007, 0.0419213973799127, 0.1705756929637528, 0.07707525113685995, 0.005473703416503099, 0.005506102597045048, 0.012352174211405168, 0.012787042463636858, 0.0222587917471249
2021-04-26, 0.04349376948953007, 0.0419213973799127, 0.1705756929637528, 0.07707525113685995, 0.005473703416503099, 0.005506102597045048, 0.012352174211405168, 0.012787042463636858, 0.0222587917471249
2021-04-26, 0.04349376948953007, 0.0419213973799127, 0.1705756929637528, 0.07707525113685995, 0.005473703416503099, 0.005506102597045048, 0.012352174211405168, 0.012787042463636858, 0.0222587917471249
2021-04-26, 0.04349376948953007, 0.0419213973799127, 0.1705756929637528, 0.07707525113685995, 0.005473703416503099, 0.005506102597045048, 0.012352174211405168, 0.012787042463636858, 0.0222587917471249
2021-04-26, 0.04349376948953007, 0.0419213973799127, 0.1705756929637528, 0.07707525113685995, 0.005473703416503099, 0.005506102597045048, 0.012352174211405168, 0.012787042463636858, 0.0222587917471249
2021-04-26, 0.04349376948953007, 0.0419213973799127, 0.1705756929637528, 0.07707525113685995, 0.005473703416503099, 0.005506102597045048, 0.012352174211405168, 0.012787042463636858, 0.0222587917471249
2021-04-26, 0.04349376948953007, 0.0419213973799127, 0.1705756929637528, 0.07707525113685995, 0.005473703416503099, 0.005506102597045048, 0.012352174211405168, 0.012787042463636858, 0.0222587917471249
2021-04-26, 0.04349376948953007, 0.0419213973799127, 0.1705756929637528, 0.07707525113685995, 0.005473703416503099, 0.005506102597045048, 0.012352174211405168, 0.012787042463636858, 0.0222587917471249
2021-04-26, 0.04349376948953007, 0.0419213973799127, 0.1705756929637528, 0.07707525113685995, 0.005473703416503099, 0.005506102597045048, 0.012352174211405168, 0.012787042463636858, 0.0222587917471249
2021-04-26, 0.04349376948953007, 0.0419213973799127, 0.1705756929637528, 0.07707525113685995, 0.005473703416503099, 0.005506102597045048, 0.012352174211405168, 0.012787042463636858, 0.0222587917471249
2021-04-26, 0.04349376948953007, 0.0419213973799127, 0.1705756929637528, 0.07707525113685995, 0.005473703416503099, 0.005506102597045048, 0.012352174211405168, 0.012787042463636858, 0.0222587917471249
2021-04-26, 0.0973399826497933, 0.12576419213973786, 0.1705756929637528, 0.1572335123191945, 0.26273776399215415, 0.011012205194090111, 0.01372463801267241, 0.01598380307954606, 0.02168805349719862
2021-04-26, 0.0973399826497933, 0.12576419213973786, 0.1705756929637528, 0.1572335123191945, 0.26273776399215415, 0.011012205194090111, 0.01372463801267241, 0.01598380307954606, 0.02168805349719862
2021-04-26, 0.0973399826497933, 0.12576419213973786, 0.1705756929637528, 0.1572335123191945, 0.26273776399215415, 0.011012205194090111, 0.01372463801267241, 0.01598380307954606, 0.02168805349719862
2021-04-26, 0.07451515871228621, 0.06288209606986905, 0.20158945532079875, 0.05857719086401368, 0.2216849883683799, 0.00825915389556758, 0.012352174211405168, 0.010229633970909487, 0.02054657699734606
2021-03-27, 0.08650500196560548, 0.2934497816593884, 0.007753440589261319, 0.2774709040926959, 0.07389499612279331, 0.005506102597045048, 0.008234782807603456, 0.005754169108636572, 0.01997583874741978
2021-03-27, 0.08650500196560548, 0.2934497816593884, 0.007753440589261319, 0.2774709040926959, 0.07389499612279331, 0.005506102597045048, 0.008234782807603456, 0.005754169108636572, 0.01997583874741978
2021-03-27, 0.08650500196560548, 0.2934497816593884, 0.007753440589261319, 0.2774709040926959, 0.07389499612279331, 0.005506102597045048, 0.008234782807603456, 0.005754169108636572, 0.01997583874741978
2021-03-27, 0.08650500196560548, 0.2934497816593884, 0.007753440589261319, 0.2774709040926959, 0.07389499612279331, 0.005506102597045048, 0.008234782807603456, 0.005754169108636572, 0.01997583874741978
2021-03-27, 0.08650500196560548, 0.2934497816593884, 0.007753440589261319, 0.2774709040926959, 0.07389499612279331, 0.005506102597045048, 0.008234782807603456, 0.005754169108636572, 0.01997583874741978
2021-03-27, 0.08650500196560548, 0.2934497816593884, 0.007753440589261319, 0.2774709040926959, 0.07389499612279331, 0.005506102597045048, 0.008234782807603456, 0.005754169108636572, 0.01997583874741978
2021-03-27, 0.08650500196560548, 0.2934497816593884, 0.007753440589261319, 0.2774709040926959, 0.07389499612279331, 0.005506102597045048, 0.008234782807603456, 0.005754169108636572, 0.01997583874741978
2021-03-27, 0.08650500196560548, 0.2934497816593884, 0.007753440589261319, 0.2774709040926959, 0.07389499612279331, 0.005506102597045048, 0.008234782807603456, 0.005754169108636572, 0.01997583874741978
2021-03-27, 0.08650500196560548, 0.2934497816593884, 0.007753440589261319, 0.2774709040926959, 0.07389499612279331, 0.005506102597045048, 0.008234782807603456, 0.005754169108636572, 0.01997583874741978
2021-03-27, 0.08650500196560548, 0.2934497816593884, 0.007753440589261319, 0.2774709040926959, 0.07389499612279331, 0.005506102597045048, 0.008234782807603456, 0.005754169108636572, 0.01997583874741978
2021-03-27, 0.08650500196560548, 0.2934497816593884, 0.007753440589261319, 0.2774709040926959, 0.07389499612279331, 0.005506102597045048, 0.008234782807603456, 0.005754169108636572, 0.01997583874741978
2021-03-27, 0.05970624314747805, 0.1257641921397381, 0.015506881178522981, 0.049328160727590414, 0.2162112849518773, 0.00825915389556758, 0.012352174211405168, 0.01598380307954606, 0.034244294995576775
2021-03-27, 0.05970624314747805, 0.1257641921397381, 0.015506881178522981, 0.049328160727590414, 0.2162112849518773, 0.00825915389556758, 0.012352174211405168, 0.01598380307954606, 0.034244294995576775
2021-03-27, 0.05970624314747805, 0.1257641921397381, 0.015506881178522981, 0.049328160727590414, 0.2162112849518773, 0.00825915389556758, 0.012352174211405168, 0.01598380307954606, 0.034244294995576775
2021-03-27, 0.0625265738430217, 0.14672489082969445, 0.03876720294630728, 0.21272769313773332, 0.04652647904027732, 0.00825915389556758, 0.008234782807603456, 0.012147690340455, 0.026824697746535144
2021-02-25, 0.18906269515367022, 0.5868995633187774, 0.07753440589261525, 0.20347866300131032, 0.4953701591935407, 0.013765256492612642, 0.009607246608870698, 0.05050881773136555, 0.07533744899026891
2021-02-25, 0.41043624290368447, 1.0899563318777292, 0.2403566582671064, 0.6474321095496235, 1.1795830862564427, 0.013765256492612642, 0.010979710410137941, 0.04091853588363792, 0.06049825449218565
2021-02-25, 0.41043624290368447, 1.0899563318777292, 0.2403566582671064, 0.6474321095496235, 1.1795830862564427, 0.013765256492612642, 0.010979710410137941, 0.04091853588363792, 0.06049825449218565
2021-02-25, 0.41043624290368447, 1.0899563318777292, 0.2403566582671064, 0.6474321095496235, 1.1795830862564427, 0.013765256492612642, 0.010979710410137941, 0.04091853588363792, 0.06049825449218565
2021-02-25, 0.41043624290368447, 1.0899563318777292, 0.2403566582671064, 0.6474321095496235, 1.1795830862564427, 0.013765256492612642, 0.010979710410137941, 0.04091853588363792, 0.06049825449218565
2021-02-25, 0.41043624290368447, 1.0899563318777292, 0.2403566582671064, 0.6474321095496235, 1.1795830862564427, 0.013765256492612642, 0.010979710410137941, 0.04091853588363792, 0.06049825449218565
2021-02-25, 0.41043624290368447, 1.0899563318777292, 0.2403566582671064, 0.6474321095496235, 1.1795830862564427, 0.013765256492612642, 0.010979710410137941, 0.04091853588363792, 0.06049825449218565
2021-02-25, 0.41043624290368447, 1.0899563318777292, 0.2403566582671064, 0.6474321095496235, 1.1795830862564427, 0.013765256492612642, 0.010979710410137941, 0.04091853588363792, 0.06049825449218565
2021-02-25, 0.41043624290368447, 1.0899563318777292, 0.2403566582671064, 0.6474321095496235, 1.1795830862564427, 0.013765256492612642, 0.010979710410137941, 0.04091853588363792, 0.06049825449218565
2021-02-25, 0.41043624290368447, 1.0899563318777292, 0.2403566582671064, 0.6474321095496235, 1.1795830862564427, 0.013765256492612642, 0.010979710410137941, 0.04091853588363792, 0.06049825449218565
2021-02-25, 0.41043624290368447, 1.0899563318777292, 0.2403566582671064, 0.6474321095496235, 1.1795830862564427, 0.013765256492612642, 0.010979710410137941, 0.04091853588363792, 0.06049825449218565
2021-02-25, 0.18906269515367022, 0.5868995633187774, 0.07753440589261525, 0.20347866300131032, 0.4953701591935407, 0.013765256492612642, 0.009607246608870698, 0.05050881773136555, 0.07533744899026891
2021-02-25, 0.18906269515367022, 0.5868995633187774, 0.07753440589261525, 0.20347866300131032, 0.4953701591935407, 0.013765256492612642, 0.009607246608870698, 0.05050881773136555, 0.07533744899026891
2021-02-25, 0.2769460591245894, 1.0061135371179037, 0.2015894553207991, 0.20964468309225898, 0.6896866304794051, 0.013765256492612642, 0.009607246608870698, 0.03836112739091055, 0.04680053649395492
2021-02-25, 0.24360826357807736, 0.8174672489082971, 0.10854816824966121, 0.21889371322868253, 0.6650549651051407, 0.013765256492612642, 0.010979710410137941, 0.04795140923863817, 0.06620563699144845
2021-01-26, 0.3191869537458411, 1.0480349344978166, 0.07753440589261525, 0.45011946663926183, 0.8429503261414948, 0.016518307791135174, 0.01372463801267241, 0.04411529649954713, 0.06049825449218565
2021-01-26, 0.45779668846787896, 1.25764192139738, 0.2015894553207991, 0.6782622100043674, 1.4094786297495783, 0.016518307791135174, 0.012352174211405168, 0.03516436677500133, 0.051366442493365166
2021-01-26, 0.45779668846787896, 1.25764192139738, 0.2015894553207991, 0.6782622100043674, 1.4094786297495783, 0.016518307791135174, 0.012352174211405168, 0.03516436677500133, 0.051366442493365166
2021-01-26, 0.45779668846787896, 1.25764192139738, 0.2015894553207991, 0.6782622100043674, 1.4094786297495783, 0.016518307791135174, 0.012352174211405168, 0.03516436677500133, 0.051366442493365166
2021-01-26, 0.45779668846787896, 1.25764192139738, 0.2015894553207991, 0.6782622100043674, 1.4094786297495783, 0.016518307791135174, 0.012352174211405168, 0.03516436677500133, 0.051366442493365166
2021-01-26, 0.45779668846787896, 1.25764192139738, 0.2015894553207991, 0.6782622100043674, 1.4094786297495783, 0.016518307791135174, 0.012352174211405168, 0.03516436677500133, 0.051366442493365166
2021-01-26, 0.45779668846787896, 1.25764192139738, 0.2015894553207991, 0.6782622100043674, 1.4094786297495783, 0.016518307791135174, 0.012352174211405168, 0.03516436677500133, 0.051366442493365166
2021-01-26, 0.45779668846787896, 1.25764192139738, 0.2015894553207991, 0.6782622100043674, 1.4094786297495783, 0.016518307791135174, 0.012352174211405168, 0.03516436677500133, 0.051366442493365166
2021-01-26, 0.45779668846787896, 1.25764192139738, 0.2015894553207991, 0.6782622100043674, 1.4094786297495783, 0.016518307791135174, 0.012352174211405168, 0.03516436677500133, 0.051366442493365166
2021-01-26, 0.45779668846787896, 1.25764192139738, 0.2015894553207991, 0.6782622100043674, 1.4094786297495783, 0.016518307791135174, 0.012352174211405168, 0.03516436677500133, 0.051366442493365166
2021-01-26, 0.45779668846787896, 1.25764192139738, 0.2015894553207991, 0.6782622100043674, 1.4094786297495783, 0.016518307791135174, 0.012352174211405168, 0.03516436677500133, 0.051366442493365166
2021-01-26, 0.3191869537458411, 1.0480349344978166, 0.07753440589261525, 0.45011946663926183, 0.8429503261414948, 0.016518307791135174, 0.01372463801267241, 0.04411529649954713, 0.06049825449218565
2021-01-26, 0.3191869537458411, 1.0480349344978166, 0.07753440589261525, 0.45011946663926183, 0.8429503261414948, 0.016518307791135174, 0.01372463801267241, 0.04411529649954713, 0.06049825449218565
2021-01-26, 0.38558901880374713, 1.2366812227074238, 0.1550688117852298, 0.4532024766847362, 1.0920038315923912, 0.016518307791135174, 0.01372463801267241, 0.04731205711545633, 0.0702008047409324
2021-01-26, 0.30976494811494026, 1.1109170305676856, 0.08528784648187657, 0.24047478354700286, 0.9004242120147788, 0.016518307791135174, 0.010979710410137926, 0.04731205711545633, 0.06620563699144845
2020-12-27, 0.33458760709951174, 1.1318777292576419, 0.27137042062415234, 0.2558898337743751, 0.8976873603065277, 0.011012205194090127, 0.01372463801267241, 0.04091853588363792, 0.05422013374299658
2020-12-27, 0.43437236292484777, 1.3834061135371176, 0.3023841829811983, 0.6073529789584566, 1.083793276467637, 0.005506102597045063, 0.012352174211405168, 0.03452501465181949, 0.045659059994102365
2020-12-27, 0.43437236292484777, 1.3834061135371176, 0.3023841829811983, 0.6073529789584566, 1.083793276467637, 0.005506102597045063, 0.012352174211405168, 0.03452501465181949, 0.045659059994102365
2020-12-27, 0.43437236292484777, 1.3834061135371176, 0.3023841829811983, 0.6073529789584566, 1.083793276467637, 0.005506102597045063, 0.012352174211405168, 0.03452501465181949, 0.045659059994102365
2020-12-27, 0.43437236292484777, 1.3834061135371176, 0.3023841829811983, 0.6073529789584566, 1.083793276467637, 0.005506102597045063, 0.012352174211405168, 0.03452501465181949, 0.045659059994102365
2020-12-27, 0.43437236292484777, 1.3834061135371176, 0.3023841829811983, 0.6073529789584566, 1.083793276467637, 0.005506102597045063, 0.012352174211405168, 0.03452501465181949, 0.045659059994102365
2020-12-27, 0.43437236292484777, 1.3834061135371176, 0.3023841829811983, 0.6073529789584566, 1.083793276467637, 0.005506102597045063, 0.012352174211405168, 0.03452501465181949, 0.045659059994102365
2020-12-27, 0.43437236292484777, 1.3834061135371176, 0.3023841829811983, 0.6073529789584566, 1.083793276467637, 0.005506102597045063, 0.012352174211405168, 0.03452501465181949, 0.045659059994102365
2020-12-27, 0.43437236292484777, 1.3834061135371176, 0.3023841829811983, 0.6073529789584566, 1.083793276467637, 0.005506102597045063, 0.012352174211405168, 0.03452501465181949, 0.045659059994102365
2020-12-27, 0.43437236292484777, 1.3834061135371176, 0.3023841829811983, 0.6073529789584566, 1.083793276467637, 0.005506102597045063, 0.012352174211405168, 0.03452501465181949, 0.045659059994102365
2020-12-27, 0.43437236292484777, 1.3834061135371176, 0.3023841829811983, 0.6073529789584566, 1.083793276467637, 0.005506102597045063, 0.012352174211405168, 0.03452501465181949, 0.045659059994102365
2020-12-27, 0.2905899050739432, 0.9851528384279475, 0.08528784648187657, 0.27130488400174674, 0.853897732974502, 0.011012205194090127, 0.01372463801267241, 0.04155788800681976, 0.06278120749189077
2020-12-27, 0.2905899050739432, 0.9851528384279475, 0.08528784648187657, 0.27130488400174674, 0.853897732974502, 0.011012205194090127, 0.01372463801267241, 0.04155788800681976, 0.06278120749189077
2020-12-27, 0.294608456222317, 1.0899563318777292, 0.13956193060670719, 0.18498060272846378, 0.8210555124754825, 0.011012205194090127, 0.01372463801267241, 0.03836112739091055, 0.058215301492480526
2020-12-27, 0.3207998352323609, 1.0899563318777292, 0.255863539445629, 0.2774709040926959, 0.8155818090589794, 0.011012205194090127, 0.015097101813939653, 0.04091853588363792, 0.06049825449218565
2020-11-27, 0.2906210484395216, 0.838427947598253, 0.10079472766039989, 0.5241117077306474, 0.7307394061031799, 0.019271359089657714, 0.012352174211405168, 0.042197240130001604, 0.05707382499262797
2020-11-27, 0.34067505964068, 1.0270742358078602, 0.17832913355301447, 0.43470441641189017, 0.9797929115540762, 0.01376525649261265, 0.010979710410137926, 0.03452501465181949, 0.046229798244028654
2020-11-27, 0.34067505964068, 1.0270742358078602, 0.17832913355301447, 0.43470441641189017, 0.9797929115540762, 0.01376525649261265, 0.010979710410137926, 0.03452501465181949, 0.046229798244028654
2020-11-27, 0.34067505964068, 1.0270742358078602, 0.17832913355301447, 0.43470441641189017, 0.9797929115540762, 0.01376525649261265, 0.010979710410137926, 0.03452501465181949, 0.046229798244028654
2020-11-27, 0.34067505964068, 1.0270742358078602, 0.17832913355301447, 0.43470441641189017, 0.9797929115540762, 0.01376525649261265, 0.010979710410137926, 0.03452501465181949, 0.046229798244028654
2020-11-27, 0.34067505964068, 1.0270742358078602, 0.17832913355301447, 0.43470441641189017, 0.9797929115540762, 0.01376525649261265, 0.010979710410137926, 0.03452501465181949, 0.046229798244028654
2020-11-27, 0.34067505964068, 1.0270742358078602, 0.17832913355301447, 0.43470441641189017, 0.9797929115540762, 0.01376525649261265, 0.010979710410137926, 0.03452501465181949, 0.046229798244028654
2020-11-27, 0.34067505964068, 1.0270742358078602, 0.17832913355301447, 0.43470441641189017, 0.9797929115540762, 0.01376525649261265, 0.010979710410137926, 0.03452501465181949, 0.046229798244028654
2020-11-27, 0.34067505964068, 1.0270742358078602, 0.17832913355301447, 0.43470441641189017, 0.9797929115540762, 0.01376525649261265, 0.010979710410137926, 0.03452501465181949, 0.046229798244028654
2020-11-27, 0.34067505964068, 1.0270742358078602, 0.17832913355301447, 0.43470441641189017, 0.9797929115540762, 0.01376525649261265, 0.010979710410137926, 0.03452501465181949, 0.046229798244028654
2020-11-27, 0.34067505964068, 1.0270742358078602, 0.17832913355301447, 0.43470441641189017, 0.9797929115540762, 0.01376525649261265, 0.010979710410137926, 0.03452501465181949, 0.046229798244028654
2020-11-27, 0.2906210484395216, 0.838427947598253, 0.10079472766039989, 0.5241117077306474, 0.7307394061031799, 0.019271359089657714, 0.012352174211405168, 0.042197240130001604, 0.05707382499262797
2020-11-27, 0.2906210484395216, 0.838427947598253, 0.10079472766039989, 0.5241117077306474, 0.7307394061031799, 0.019271359089657714, 0.012352174211405168, 0.042197240130001604, 0.05707382499262797
2020-11-27, 0.270707898831701, 0.838427947598253, 0.023260321767784645, 0.3884592657297741, 0.7827395885599607, 0.01651830779113518, 0.012352174211405168, 0.042836592253183446, 0.061068992742111916
2020-11-27, 0.29737918110708894, 0.7126637554585149, 0.13180849001744585, 0.5456927780489683, 0.8593714363910051, 0.019271359089657714, 0.009607246608870683, 0.04411529649954713, 0.05650308674270167
2020-10-28, 0.2670721811556421, 1.1109170305676856, 0.06978096530335393, 0.17264856254656644, 0.6513707065638824, 0.02202441038818023, 0.009607246608870683, 0.03516436677500133, 0.06506416049159588
2020-10-28, 0.3051407151294312, 1.194759825327511, 0.11630160883892253, 0.2497238136834264, 0.7690553300187015, 0.02202441038818023, 0.0068623190063361985, 0.033885662528637644, 0.048512751243733776
2020-10-28, 0.3051407151294312, 1.194759825327511, 0.11630160883892253, 0.2497238136834264, 0.7690553300187015, 0.02202441038818023, 0.0068623190063361985, 0.033885662528637644, 0.048512751243733776
2020-10-28, 0.3051407151294312, 1.194759825327511, 0.11630160883892253, 0.2497238136834264, 0.7690553300187015, 0.02202441038818023, 0.0068623190063361985, 0.033885662528637644, 0.048512751243733776
2020-10-28, 0.3051407151294312, 1.194759825327511, 0.11630160883892253, 0.2497238136834264, 0.7690553300187015, 0.02202441038818023, 0.0068623190063361985, 0.033885662528637644, 0.048512751243733776
2020-10-28, 0.3051407151294312, 1.194759825327511, 0.11630160883892253, 0.2497238136834264, 0.7690553300187015, 0.02202441038818023, 0.0068623190063361985, 0.033885662528637644, 0.048512751243733776
2020-10-28, 0.3051407151294312, 1.194759825327511, 0.11630160883892253, 0.2497238136834264, 0.7690553300187015, 0.02202441038818023, 0.0068623190063361985, 0.033885662528637644, 0.048512751243733776
2020-10-28, 0.3051407151294312, 1.194759825327511, 0.11630160883892253, 0.2497238136834264, 0.7690553300187015, 0.02202441038818023, 0.0068623190063361985, 0.033885662528637644, 0.048512751243733776
2020-10-28, 0.3051407151294312, 1.194759825327511, 0.11630160883892253, 0.2497238136834264, 0.7690553300187015, 0.02202441038818023, 0.0068623190063361985, 0.033885662528637644, 0.048512751243733776
2020-10-28, 0.3051407151294312, 1.194759825327511, 0.11630160883892253, 0.2497238136834264, 0.7690553300187015, 0.02202441038818023, 0.0068623190063361985, 0.033885662528637644, 0.048512751243733776
2020-10-28, 0.3051407151294312, 1.194759825327511, 0.11630160883892253, 0.2497238136834264, 0.7690553300187015, 0.02202441038818023, 0.0068623190063361985, 0.033885662528637644, 0.048512751243733776
2020-10-28, 0.18084872598859936, 0.7965065502183408, 0.031013762357045963, 0.0030830100454743324, 0.4898964557770376, 0.02202441038818023, 0.009607246608870683, 0.036443071021365014, 0.058215301492480526
2020-10-28, 0.18084872598859936, 0.7965065502183408, 0.031013762357045963, 0.0030830100454743324, 0.4898964557770376, 0.02202441038818023, 0.009607246608870683, 0.036443071021365014, 0.058215301492480526
2020-10-28, 0.25707977221247147, 0.8593886462882099, 0.031013762357045963, 0.21272769313773332, 0.8210555124754825, 0.02202441038818023, 0.00823478280760344, 0.042836592253183446, 0.05935677799233309
2020-10-28, 0.18084872598859936, 0.7965065502183408, 0.031013762357045963, 0.0030830100454743324, 0.4898964557770376, 0.02202441038818023, 0.009607246608870683, 0.036443071021365014, 0.058215301492480526
2020-09-28, 0.2514269505069008, 0.8593886462882094, 0.09304128707113789, 0.2281427433651055, 0.6951603338959083, 0.02477746168670276, 0.006862319006336213, 0.04411529649954713, 0.05992751624225935
2020-09-28, 0.4150432324920133, 1.4462882096069867, 0.2403566582671064, 0.4038743159571463, 1.1275829037996619, 0.02202441038818023, 0.006862319006336213, 0.02941019766636476, 0.04394684524432354
2020-09-28, 0.4150432324920133, 1.4462882096069867, 0.2403566582671064, 0.4038743159571463, 1.1275829037996619, 0.02202441038818023, 0.006862319006336213, 0.02941019766636476, 0.04394684524432354
2020-09-28, 0.4150432324920133, 1.4462882096069867, 0.2403566582671064, 0.4038743159571463, 1.1275829037996619, 0.02202441038818023, 0.006862319006336213, 0.02941019766636476, 0.04394684524432354
2020-09-28, 0.4150432324920133, 1.4462882096069867, 0.2403566582671064, 0.4038743159571463, 1.1275829037996619, 0.02202441038818023, 0.006862319006336213, 0.02941019766636476, 0.04394684524432354
2020-09-28, 0.4150432324920133, 1.4462882096069867, 0.2403566582671064, 0.4038743159571463, 1.1275829037996619, 0.02202441038818023, 0.006862319006336213, 0.02941019766636476, 0.04394684524432354
2020-09-28, 0.4150432324920133, 1.4462882096069867, 0.2403566582671064, 0.4038743159571463, 1.1275829037996619, 0.02202441038818023, 0.006862319006336213, 0.02941019766636476, 0.04394684524432354
2020-09-28, 0.4150432324920133, 1.4462882096069867, 0.2403566582671064, 0.4038743159571463, 1.1275829037996619, 0.02202441038818023, 0.006862319006336213, 0.02941019766636476, 0.04394684524432354
2020-09-28, 0.4150432324920133, 1.4462882096069867, 0.2403566582671064, 0.4038743159571463, 1.1275829037996619, 0.02202441038818023, 0.006862319006336213, 0.02941019766636476, 0.04394684524432354
2020-09-28, 0.4150432324920133, 1.4462882096069867, 0.2403566582671064, 0.4038743159571463, 1.1275829037996619, 0.02202441038818023, 0.006862319006336213, 0.02941019766636476, 0.04394684524432354
2020-09-28, 0.4150432324920133, 1.4462882096069867, 0.2403566582671064, 0.4038743159571463, 1.1275829037996619, 0.02202441038818023, 0.006862319006336213, 0.02941019766636476, 0.04394684524432354
2020-09-28, 0.2514269505069008, 0.8593886462882094, 0.09304128707113789, 0.2281427433651055, 0.6951603338959083, 0.02477746168670276, 0.006862319006336213, 0.04411529649954713, 0.05992751624225935
2020-09-28, 0.2514269505069008, 0.8593886462882094, 0.09304128707113789, 0.2281427433651055, 0.6951603338959083, 0.02477746168670276, 0.006862319006336213, 0.04411529649954713, 0.05992751624225935
2020-09-28, 0.28200137165714423, 1.0899563318777292, 0.054274084124830604, 0.34221411504765803, 0.6513707065638824, 0.02477746168670276, 0.008234782807603456, 0.0332463104054558, 0.051937180743291456
2020-09-28, 0.3157299367803872, 1.2157205240174673, 0.12405504942818385, 0.3206330447293377, 0.7416868129361851, 0.02477746168670276, 0.008234782807603456, 0.03708242314454686, 0.05364939549307029
2020-08-29, 0.29340701773721184, 1.1109170305676859, 0.031013762357045963, 0.32988207486576065, 0.7444236646444371, 0.02477746168670276, 0.004117391403801728, 0.042197240130001604, 0.05992751624225935
2020-08-29, 0.42618131755912086, 1.3624454148471616, 0.20158945532079842, 0.5919379287310844, 1.14126716234092, 0.02477746168670276, 0.006862319006336213, 0.02749214129681923, 0.05307865724314402
2020-08-29, 0.42618131755912086, 1.3624454148471616, 0.20158945532079842, 0.5919379287310844, 1.14126716234092, 0.02477746168670276, 0.006862319006336213, 0.02749214129681923, 0.05307865724314402
2020-08-29, 0.42618131755912086, 1.3624454148471616, 0.20158945532079842, 0.5919379287310844, 1.14126716234092, 0.02477746168670276, 0.006862319006336213, 0.02749214129681923, 0.05307865724314402
2020-08-29, 0.42618131755912086, 1.3624454148471616, 0.20158945532079842, 0.5919379287310844, 1.14126716234092, 0.02477746168670276, 0.006862319006336213, 0.02749214129681923, 0.05307865724314402
2020-08-29, 0.42618131755912086, 1.3624454148471616, 0.20158945532079842, 0.5919379287310844, 1.14126716234092, 0.02477746168670276, 0.006862319006336213, 0.02749214129681923, 0.05307865724314402
2020-08-29, 0.42618131755912086, 1.3624454148471616, 0.20158945532079842, 0.5919379287310844, 1.14126716234092, 0.02477746168670276, 0.006862319006336213, 0.02749214129681923, 0.05307865724314402
2020-08-29, 0.42618131755912086, 1.3624454148471616, 0.20158945532079842, 0.5919379287310844, 1.14126716234092, 0.02477746168670276, 0.006862319006336213, 0.02749214129681923, 0.05307865724314402
2020-08-29, 0.42618131755912086, 1.3624454148471616, 0.20158945532079842, 0.5919379287310844, 1.14126716234092, 0.02477746168670276, 0.006862319006336213, 0.02749214129681923, 0.05307865724314402
2020-08-29, 0.42618131755912086, 1.3624454148471616, 0.20158945532079842, 0.5919379287310844, 1.14126716234092, 0.02477746168670276, 0.006862319006336213, 0.02749214129681923, 0.05307865724314402
2020-08-29, 0.42618131755912086, 1.3624454148471616, 0.20158945532079842, 0.5919379287310844, 1.14126716234092, 0.02477746168670276, 0.006862319006336213, 0.02749214129681923, 0.05307865724314402
2020-08-29, 0.29340701773721184, 1.1109170305676859, 0.031013762357045963, 0.32988207486576065, 0.7444236646444371, 0.02477746168670276, 0.004117391403801728, 0.042197240130001604, 0.05992751624225935
2020-08-29, 0.29340701773721184, 1.1109170305676859, 0.031013762357045963, 0.32988207486576065, 0.7444236646444371, 0.02477746168670276, 0.004117391403801728, 0.042197240130001604, 0.05992751624225935
2020-08-29, 0.35946421471067735, 1.152838427947598, 0.1395619306067065, 0.474783547003057, 0.9934771700953334, 0.02202441038818023, 0.006862319006336213, 0.03708242314454686, 0.049083489493660044
2020-08-29, 0.30240932711207386, 1.0899563318777294, 0.10854816824966053, 0.2774709040926959, 0.8155818090589794, 0.02477746168670276, 0.008234782807603456, 0.042197240130001604, 0.052507918993217724
2020-07-30, 0.24209691438594821, 1.1109170305676856, 0.10079472766039989, 0.25897284381984936, 0.342106463531451, 0.013765256492612642, 0.006862319006336205, 0.037721775267728706, 0.06563489874152217
2020-07-30, 0.2636440877705272, 1.1737991266375543, 0.11630160883892253, 0.2250597333196312, 0.5035807143182959, 0.011012205194090118, 0.008234782807603449, 0.024934732804091846, 0.046229798244028654
2020-07-30, 0.2636440877705272, 1.1737991266375543, 0.11630160883892253, 0.2250597333196312, 0.5035807143182959, 0.011012205194090118, 0.008234782807603449, 0.024934732804091846, 0.046229798244028654
2020-07-30, 0.2636440877705272, 1.1737991266375543, 0.11630160883892253, 0.2250597333196312, 0.5035807143182959, 0.011012205194090118, 0.008234782807603449, 0.024934732804091846, 0.046229798244028654
2020-07-30, 0.2636440877705272, 1.1737991266375543, 0.11630160883892253, 0.2250597333196312, 0.5035807143182959, 0.011012205194090118, 0.008234782807603449, 0.024934732804091846, 0.046229798244028654
2020-07-30, 0.2636440877705272, 1.1737991266375543, 0.11630160883892253, 0.2250597333196312, 0.5035807143182959, 0.011012205194090118, 0.008234782807603449, 0.024934732804091846, 0.046229798244028654
2020-07-30, 0.2636440877705272, 1.1737991266375543, 0.11630160883892253, 0.2250597333196312, 0.5035807143182959, 0.011012205194090118, 0.008234782807603449, 0.024934732804091846, 0.046229798244028654
2020-07-30, 0.2636440877705272, 1.1737991266375543, 0.11630160883892253, 0.2250597333196312, 0.5035807143182959, 0.011012205194090118, 0.008234782807603449, 0.024934732804091846, 0.046229798244028654
2020-07-30, 0.2636440877705272, 1.1737991266375543, 0.11630160883892253, 0.2250597333196312, 0.5035807143182959, 0.011012205194090118, 0.008234782807603449, 0.024934732804091846, 0.046229798244028654
2020-07-30, 0.2636440877705272, 1.1737991266375543, 0.11630160883892253, 0.2250597333196312, 0.5035807143182959, 0.011012205194090118, 0.008234782807603449, 0.024934732804091846, 0.046229798244028654
2020-07-30, 0.2636440877705272, 1.1737991266375543, 0.11630160883892253, 0.2250597333196312, 0.5035807143182959, 0.011012205194090118, 0.008234782807603449, 0.024934732804091846, 0.046229798244028654
2020-07-30, 0.24209691438594821, 1.1109170305676856, 0.10079472766039989, 0.25897284381984936, 0.342106463531451, 0.013765256492612642, 0.006862319006336205, 0.037721775267728706, 0.06563489874152217
2020-07-30, 0.24209691438594821, 1.1109170305676856, 0.10079472766039989, 0.25897284381984936, 0.342106463531451, 0.013765256492612642, 0.006862319006336205, 0.037721775267728706, 0.06563489874152217
2020-07-30, 0.31666444250041786, 1.2157205240174669, 0.18608257414227578, 0.27130488400174674, 0.736213109519682, 0.011012205194090118, 0.006862319006336205, 0.04219724013000159, 0.06392268399174332
2020-07-30, 0.2277656310345071, 0.9222707423580785, 0.054274084124830604, 0.20039565295583597, 0.4816859006522825, 0.016518307791135174, 0.008234782807603449, 0.05370557834727476, 0.08503999923901567
2020-06-30, 0.20490912390789276, 0.62882096069869, 0.3178910641597206, 0.08324127122780861, 0.4652647904027732, 0.019271359089657707, 0.005489855205068963, 0.04795140923863817, 0.07134228124078494
2020-06-30, 0.3720011931795332, 1.1737991266375547, 0.1550688117852298, 0.6505151195950978, 0.8867399534735206, 0.01376525649261265, 0.0013724638012672426, 0.03196760615909212, 0.06278120749189076
2020-06-30, 0.3720011931795332, 1.1737991266375547, 0.1550688117852298, 0.6505151195950978, 0.8867399534735206, 0.01376525649261265, 0.0013724638012672426, 0.03196760615909212, 0.06278120749189076
2020-06-30, 0.3720011931795332, 1.1737991266375547, 0.1550688117852298, 0.6505151195950978, 0.8867399534735206, 0.01376525649261265, 0.0013724638012672426, 0.03196760615909212, 0.06278120749189076
2020-06-30, 0.3720011931795332, 1.1737991266375547, 0.1550688117852298, 0.6505151195950978, 0.8867399534735206, 0.01376525649261265, 0.0013724638012672426, 0.03196760615909212, 0.06278120749189076
2020-06-30, 0.3720011931795332, 1.1737991266375547, 0.1550688117852298, 0.6505151195950978, 0.8867399534735206, 0.01376525649261265, 0.0013724638012672426, 0.03196760615909212, 0.06278120749189076
2020-06-30, 0.3720011931795332, 1.1737991266375547, 0.1550688117852298, 0.6505151195950978, 0.8867399534735206, 0.01376525649261265, 0.0013724638012672426, 0.03196760615909212, 0.06278120749189076
2020-06-30, 0.3720011931795332, 1.1737991266375547, 0.1550688117852298, 0.6505151195950978, 0.8867399534735206, 0.01376525649261265, 0.0013724638012672426, 0.03196760615909212, 0.06278120749189076
2020-06-30, 0.3720011931795332, 1.1737991266375547, 0.1550688117852298, 0.6505151195950978, 0.8867399534735206, 0.01376525649261265, 0.0013724638012672426, 0.03196760615909212, 0.06278120749189076
2020-06-30, 0.3720011931795332, 1.1737991266375547, 0.1550688117852298, 0.6505151195950978, 0.8867399534735206, 0.01376525649261265, 0.0013724638012672426, 0.03196760615909212, 0.06278120749189076
2020-06-30, 0.3720011931795332, 1.1737991266375547, 0.1550688117852298, 0.6505151195950978, 0.8867399534735206, 0.01376525649261265, 0.0013724638012672426, 0.03196760615909212, 0.06278120749189076
2020-06-30, 0.20238615910139998, 0.7965065502183408, 0.054274084124830604, 0.17573157259204078, 0.47347534552752835, 0.01651830779113518, 0.0013724638012672426, 0.03900047951409239, 0.06221046924196449
2020-06-30, 0.20238615910139998, 0.7965065502183408, 0.054274084124830604, 0.17573157259204078, 0.47347534552752835, 0.01651830779113518, 0.0013724638012672426, 0.03900047951409239, 0.06221046924196449
2020-06-30, 0.20238615910139998, 0.7965065502183408, 0.054274084124830604, 0.17573157259204078, 0.47347534552752835, 0.01651830779113518, 0.0013724638012672426, 0.03900047951409239, 0.06221046924196449
2020-06-30, 0.20238615910139998, 0.7965065502183408, 0.054274084124830604, 0.17573157259204078, 0.47347534552752835, 0.01651830779113518, 0.0013724638012672426, 0.03900047951409239, 0.06221046924196449
2020-05-31, 0.22436270325972704, 0.9013100436681221, 0.18608257414227578, 0.2713048840017473, 0.30926424303243144, 0.01376525649261265, 0.0, 0.04411529649954712, 0.06905932824107985
2020-05-31, 0.3358133644977885, 1.0480349344978166, 0.13180849001744516, 0.4285383963209415, 0.9606349495963149, 0.01376525649261265, 0.001372463801267235, 0.03900047951409239, 0.06335194574181705
2020-05-31, 0.3358133644977885, 1.0480349344978166, 0.13180849001744516, 0.4285383963209415, 0.9606349495963149, 0.01376525649261265, 0.001372463801267235, 0.03900047951409239, 0.06335194574181705
2020-05-31, 0.3358133644977885, 1.0480349344978166, 0.13180849001744516, 0.4285383963209415, 0.9606349495963149, 0.01376525649261265, 0.001372463801267235, 0.03900047951409239, 0.06335194574181705
2020-05-31, 0.3358133644977885, 1.0480349344978166, 0.13180849001744516, 0.4285383963209415, 0.9606349495963149, 0.01376525649261265, 0.001372463801267235, 0.03900047951409239, 0.06335194574181705
2020-05-31, 0.3358133644977885, 1.0480349344978166, 0.13180849001744516, 0.4285383963209415, 0.9606349495963149, 0.01376525649261265, 0.001372463801267235, 0.03900047951409239, 0.06335194574181705
2020-05-31, 0.3358133644977885, 1.0480349344978166, 0.13180849001744516, 0.4285383963209415, 0.9606349495963149, 0.01376525649261265, 0.001372463801267235, 0.03900047951409239, 0.06335194574181705
2020-05-31, 0.3358133644977885, 1.0480349344978166, 0.13180849001744516, 0.4285383963209415, 0.9606349495963149, 0.01376525649261265, 0.001372463801267235, 0.03900047951409239, 0.06335194574181705
2020-05-31, 0.3358133644977885, 1.0480349344978166, 0.13180849001744516, 0.4285383963209415, 0.9606349495963149, 0.01376525649261265, 0.001372463801267235, 0.03900047951409239, 0.06335194574181705
2020-05-31, 0.3358133644977885, 1.0480349344978166, 0.13180849001744516, 0.4285383963209415, 0.9606349495963149, 0.01376525649261265, 0.001372463801267235, 0.03900047951409239, 0.06335194574181705
2020-05-31, 0.3358133644977885, 1.0480349344978166, 0.13180849001744516, 0.4285383963209415, 0.9606349495963149, 0.01376525649261265, 0.001372463801267235, 0.03900047951409239, 0.06335194574181705
2020-05-31, 0.22436270325972704, 0.9013100436681221, 0.18608257414227578, 0.2713048840017473, 0.30926424303243144, 0.01376525649261265, 0.0, 0.04411529649954712, 0.06905932824107985
2020-05-31, 0.22436270325972704, 0.9013100436681221, 0.18608257414227578, 0.2713048840017473, 0.30926424303243144, 0.01376525649261265, 0.0, 0.04411529649954712, 0.06905932824107985
2020-05-31, 0.2647803876634911, 0.9432314410480348, 0.12405504942818385, 0.24355779359247773, 0.686949778771154, 0.016518307791135174, 0.001372463801267235, 0.040918535883637905, 0.0616397309920382
2020-05-31, 0.31396864528076524, 0.8174672489082967, 0.07753440589261457, 0.5271947177761224, 0.9743192081375731, 0.019271359089657707, 0.001372463801267235, 0.03580371889818317, 0.05878603974240681
2020-05-01, 0.23917879156921348, 0.35633187772925745, 0.031013762357045963, 0.5179456876396987, 0.8949505085982757, 0.016518307791135174, 0.0013724638012672426, 0.03708242314454686, 0.058215301492480526
2020-05-01, 0.2428522114936711, 0.6497816593886458, 0.1550688117852298, 0.38537625568429973, 0.6513707065638824, 0.011012205194090118, 0.001372463801267235, 0.03004954978954659, 0.058786039742406794
2020-05-01, 0.2428522114936711, 0.6497816593886458, 0.1550688117852298, 0.38537625568429973, 0.6513707065638824, 0.011012205194090118, 0.001372463801267235, 0.03004954978954659, 0.058786039742406794
2020-05-01, 0.2428522114936711, 0.6497816593886458, 0.1550688117852298, 0.38537625568429973, 0.6513707065638824, 0.011012205194090118, 0.001372463801267235, 0.03004954978954659, 0.058786039742406794
2020-05-01, 0.2428522114936711, 0.6497816593886458, 0.1550688117852298, 0.38537625568429973, 0.6513707065638824, 0.011012205194090118, 0.001372463801267235, 0.03004954978954659, 0.058786039742406794
2020-05-01, 0.2428522114936711, 0.6497816593886458, 0.1550688117852298, 0.38537625568429973, 0.6513707065638824, 0.011012205194090118, 0.001372463801267235, 0.03004954978954659, 0.058786039742406794
2020-05-01, 0.2428522114936711, 0.6497816593886458, 0.1550688117852298, 0.38537625568429973, 0.6513707065638824, 0.011012205194090118, 0.001372463801267235, 0.03004954978954659, 0.058786039742406794
2020-05-01, 0.2428522114936711, 0.6497816593886458, 0.1550688117852298, 0.38537625568429973, 0.6513707065638824, 0.011012205194090118, 0.001372463801267235, 0.03004954978954659, 0.058786039742406794
2020-05-01, 0.2428522114936711, 0.6497816593886458, 0.1550688117852298, 0.38537625568429973, 0.6513707065638824, 0.011012205194090118, 0.001372463801267235, 0.03004954978954659, 0.058786039742406794
2020-05-01, 0.2428522114936711, 0.6497816593886458, 0.1550688117852298, 0.38537625568429973, 0.6513707065638824, 0.011012205194090118, 0.001372463801267235, 0.03004954978954659, 0.058786039742406794
2020-05-01, 0.2428522114936711, 0.6497816593886458, 0.1550688117852298, 0.38537625568429973, 0.6513707065638824, 0.011012205194090118, 0.001372463801267235, 0.03004954978954659, 0.058786039742406794
2020-05-01, 0.23917879156921348, 0.35633187772925745, 0.031013762357045963, 0.5179456876396987, 0.8949505085982757, 0.016518307791135174, 0.0013724638012672426, 0.03708242314454686, 0.058215301492480526
2020-05-01, 0.23917879156921348, 0.35633187772925745, 0.031013762357045963, 0.5179456876396987, 0.8949505085982757, 0.016518307791135174, 0.0013724638012672426, 0.03708242314454686, 0.058215301492480526
2020-05-01, 0.25531756045142756, 0.48209606986899556, 0.015506881178522638, 0.6227680291858283, 0.8183186607672314, 0.016518307791135174, 0.001372463801267235, 0.03516436677500133, 0.050795704243438884
2020-05-01, 0.16964790847010194, 0.16768558951965032, 0.19383601473153708, 0.26513886391079805, 0.5993705241071026, 0.019271359089657707, 0.004117391403801728, 0.04155788800681975, 0.06620563699144845
2020-04-01, 0.2651112589235932, 0.5240174672489083, 0.41868579182012017, 0.37304421550240185, 0.6595812616886366, 0.016518307791135174, 0.0, 0.05370557834727476, 0.07533744899026892
2020-04-01, 0.43486281529600845, 1.0270742358078602, 0.759837177747625, 0.5456927780489683, 1.026319390594353, 0.013765256492612642, 0.0013724638012672426, 0.040918535883637905, 0.06392268399174332
2020-04-01, 0.43486281529600845, 1.0270742358078602, 0.759837177747625, 0.5456927780489683, 1.026319390594353, 0.013765256492612642, 0.0013724638012672426, 0.040918535883637905, 0.06392268399174332
2020-04-01, 0.43486281529600845, 1.0270742358078602, 0.759837177747625, 0.5456927780489683, 1.026319390594353, 0.013765256492612642, 0.0013724638012672426, 0.040918535883637905, 0.06392268399174332
2020-04-01, 0.43486281529600845, 1.0270742358078602, 0.759837177747625, 0.5456927780489683, 1.026319390594353, 0.013765256492612642, 0.0013724638012672426, 0.040918535883637905, 0.06392268399174332
2020-04-01, 0.43486281529600845, 1.0270742358078602, 0.759837177747625, 0.5456927780489683, 1.026319390594353, 0.013765256492612642, 0.0013724638012672426, 0.040918535883637905, 0.06392268399174332
2020-04-01, 0.43486281529600845, 1.0270742358078602, 0.759837177747625, 0.5456927780489683, 1.026319390594353, 0.013765256492612642, 0.0013724638012672426, 0.040918535883637905, 0.06392268399174332
2020-04-01, 0.43486281529600845, 1.0270742358078602, 0.759837177747625, 0.5456927780489683, 1.026319390594353, 0.013765256492612642, 0.0013724638012672426, 0.040918535883637905, 0.06392268399174332
2020-04-01, 0.43486281529600845, 1.0270742358078602, 0.759837177747625, 0.5456927780489683, 1.026319390594353, 0.013765256492612642, 0.0013724638012672426, 0.040918535883637905, 0.06392268399174332
2020-04-01, 0.43486281529600845, 1.0270742358078602, 0.759837177747625, 0.5456927780489683, 1.026319390594353, 0.013765256492612642, 0.0013724638012672426, 0.040918535883637905, 0.06392268399174332
2020-04-01, 0.43486281529600845, 1.0270742358078602, 0.759837177747625, 0.5456927780489683, 1.026319390594353, 0.013765256492612642, 0.0013724638012672426, 0.040918535883637905, 0.06392268399174332
2020-04-01, 0.27030064595290204, 0.6497816593886464, 0.49622019771273473, 0.274387894047221, 0.6185284860648629, 0.016518307791135174, 0.0027449276025344853, 0.03516436677500133, 0.06905932824107985
2020-04-01, 0.27030064595290204, 0.6497816593886464, 0.49622019771273473, 0.274387894047221, 0.6185284860648629, 0.016518307791135174, 0.0027449276025344853, 0.03516436677500133, 0.06905932824107985
2020-04-01, 0.27030064595290204, 0.6497816593886464, 0.49622019771273473, 0.274387894047221, 0.6185284860648629, 0.016518307791135174, 0.0027449276025344853, 0.03516436677500133, 0.06905932824107985
2020-04-01, 0.27030064595290204, 0.6497816593886464, 0.49622019771273473, 0.274387894047221, 0.6185284860648629, 0.016518307791135174, 0.0027449276025344853, 0.03516436677500133, 0.06905932824107985
2020-03-02, 0.11348760849052013, 0.2096069868995635, 0.20934289591006008, 0.16031652236466884, 0.2791588742416644, 0.013765256492612642, 0.0013724638012672426, 0.011508338217273158, 0.022829529997051182
2020-03-02, 0.1199958426513027, 0.33537117903930136, 0.29463074239193665, 0.2065616730467849, 0.10400036491356132, 0.008259153895567587, 0.0013724638012672426, 0.0006393521231818429, 0.009131811998820471
2020-03-02, 0.1199958426513027, 0.33537117903930136, 0.29463074239193665, 0.2065616730467849, 0.10400036491356132, 0.008259153895567587, 0.0013724638012672426, 0.0006393521231818429, 0.009131811998820471
2020-03-02, 0.1199958426513027, 0.33537117903930136, 0.29463074239193665, 0.2065616730467849, 0.10400036491356132, 0.008259153895567587, 0.0013724638012672426, 0.0006393521231818429, 0.009131811998820471
2020-03-02, 0.1199958426513027, 0.33537117903930136, 0.29463074239193665, 0.2065616730467849, 0.10400036491356132, 0.008259153895567587, 0.0013724638012672426, 0.0006393521231818429, 0.009131811998820471
2020-03-02, 0.1199958426513027, 0.33537117903930136, 0.29463074239193665, 0.2065616730467849, 0.10400036491356132, 0.008259153895567587, 0.0013724638012672426, 0.0006393521231818429, 0.009131811998820471
2020-03-02, 0.1199958426513027, 0.33537117903930136, 0.29463074239193665, 0.2065616730467849, 0.10400036491356132, 0.008259153895567587, 0.0013724638012672426, 0.0006393521231818429, 0.009131811998820471
2020-03-02, 0.1199958426513027, 0.33537117903930136, 0.29463074239193665, 0.2065616730467849, 0.10400036491356132, 0.008259153895567587, 0.0013724638012672426, 0.0006393521231818429, 0.009131811998820471
2020-03-02, 0.1199958426513027, 0.33537117903930136, 0.29463074239193665, 0.2065616730467849, 0.10400036491356132, 0.008259153895567587, 0.0013724638012672426, 0.0006393521231818429, 0.009131811998820471
2020-03-02, 0.1199958426513027, 0.33537117903930136, 0.29463074239193665, 0.2065616730467849, 0.10400036491356132, 0.008259153895567587, 0.0013724638012672426, 0.0006393521231818429, 0.009131811998820471
2020-03-02, 0.1199958426513027, 0.33537117903930136, 0.29463074239193665, 0.2065616730467849, 0.10400036491356132, 0.008259153895567587, 0.0013724638012672426, 0.0006393521231818429, 0.009131811998820471
2020-03-02, 0.1435940703734412, 0.4192139737991267, 0.3566582671060282, 0.1541505022737199, 0.17789536103635462, 0.011012205194090111, 0.0027449276025344853, 0.007672225478182115, 0.019405100497493513
2020-03-02, 0.1435940703734412, 0.4192139737991267, 0.3566582671060282, 0.1541505022737199, 0.17789536103635462, 0.011012205194090111, 0.0027449276025344853, 0.007672225478182115, 0.019405100497493513
2020-03-02, 0.12682933285626796, 0.37729257641921404, 0.27912386121341365, 0.2713048840017473, 0.05473703416503246, 0.011012205194090111, 0.0, 0.005754169108636586, 0.015409932748009551
2020-03-02, 0.1435940703734412, 0.4192139737991267, 0.3566582671060282, 0.1541505022737199, 0.17789536103635462, 0.011012205194090111, 0.0027449276025344853, 0.007672225478182115, 0.019405100497493513
2020-02-01, 0.06032750436444053, 0.0, 0.007753440589261662, 0.21889371322868226, 0.21621128495187705, 0.011012205194090118, 0.0027449276025344853, 0.00831157760136395, 0.017692885747714673
2020-02-01, 0.08114733539457317, 0.20960698689956325, 0.0775344058926149, 0.3206330447293374, 0.01642111024950954, 0.005506102597045063, 0.0013724638012672426, 0.00383611273909105, 0.014268456248156992
2020-02-01, 0.08114733539457317, 0.20960698689956325, 0.0775344058926149, 0.3206330447293374, 0.01642111024950954, 0.005506102597045063, 0.0013724638012672426, 0.00383611273909105, 0.014268456248156992
2020-02-01, 0.08114733539457317, 0.20960698689956325, 0.0775344058926149, 0.3206330447293374, 0.01642111024950954, 0.005506102597045063, 0.0013724638012672426, 0.00383611273909105, 0.014268456248156992
2020-02-01, 0.08114733539457317, 0.20960698689956325, 0.0775344058926149, 0.3206330447293374, 0.01642111024950954, 0.005506102597045063, 0.0013724638012672426, 0.00383611273909105, 0.014268456248156992
2020-02-01, 0.08114733539457317, 0.20960698689956325, 0.0775344058926149, 0.3206330447293374, 0.01642111024950954, 0.005506102597045063, 0.0013724638012672426, 0.00383611273909105, 0.014268456248156992
2020-02-01, 0.08114733539457317, 0.20960698689956325, 0.0775344058926149, 0.3206330447293374, 0.01642111024950954, 0.005506102597045063, 0.0013724638012672426, 0.00383611273909105, 0.014268456248156992
2020-02-01, 0.08114733539457317, 0.20960698689956325, 0.0775344058926149, 0.3206330447293374, 0.01642111024950954, 0.005506102597045063, 0.0013724638012672426, 0.00383611273909105, 0.014268456248156992
2020-02-01, 0.08114733539457317, 0.20960698689956325, 0.0775344058926149, 0.3206330447293374, 0.01642111024950954, 0.005506102597045063, 0.0013724638012672426, 0.00383611273909105, 0.014268456248156992
2020-02-01, 0.08114733539457317, 0.20960698689956325, 0.0775344058926149, 0.3206330447293374, 0.01642111024950954, 0.005506102597045063, 0.0013724638012672426, 0.00383611273909105, 0.014268456248156992
2020-02-01, 0.08114733539457317, 0.20960698689956325, 0.0775344058926149, 0.3206330447293374, 0.01642111024950954, 0.005506102597045063, 0.0013724638012672426, 0.00383611273909105, 0.014268456248156992
2020-02-01, 0.05335694042614151, 0.02096069868995635, 0.007753440589261662, 0.22197672327415657, 0.14231628882908376, 0.011012205194090118, 0.0027449276025344853, 0.006393521231818422, 0.013697717998230712
2020-02-01, 0.05335694042614151, 0.02096069868995635, 0.007753440589261662, 0.22197672327415657, 0.14231628882908376, 0.011012205194090118, 0.0027449276025344853, 0.006393521231818422, 0.013697717998230712
2020-02-01, 0.05335694042614151, 0.02096069868995635, 0.007753440589261662, 0.22197672327415657, 0.14231628882908376, 0.011012205194090118, 0.0027449276025344853, 0.006393521231818422, 0.013697717998230712
2020-02-01, 0.05335694042614151, 0.02096069868995635, 0.007753440589261662, 0.22197672327415657, 0.14231628882908376, 0.011012205194090118, 0.0027449276025344853, 0.006393521231818422, 0.013697717998230712
2020-01-02, 0.07857985127422895, 0.0419213973799127, 0.031013762357045963, 0.2343087634560542, 0.27094831911690903, 0.011012205194090118, 0.002744927602534478, 0.012147690340455, 0.024541744746830022
2020-01-02, 0.0915902102674169, 0.08384279475982516, 0.054274084124830264, 0.43162140636641555, 0.13410573370432885, 0.008259153895567587, 0.0013724638012672426, 0.0038361127390910575, 0.015409932748009551
2020-01-02, 0.0915902102674169, 0.08384279475982516, 0.054274084124830264, 0.43162140636641555, 0.13410573370432885, 0.008259153895567587, 0.0013724638012672426, 0.0038361127390910575, 0.015409932748009551
2020-01-02, 0.0915902102674169, 0.08384279475982516, 0.054274084124830264, 0.43162140636641555, 0.13410573370432885, 0.008259153895567587, 0.0013724638012672426, 0.0038361127390910575, 0.015409932748009551
2020-01-02, 0.0915902102674169, 0.08384279475982516, 0.054274084124830264, 0.43162140636641555, 0.13410573370432885, 0.008259153895567587, 0.0013724638012672426, 0.0038361127390910575, 0.015409932748009551
2020-01-02, 0.0915902102674169, 0.08384279475982516, 0.054274084124830264, 0.43162140636641555, 0.13410573370432885, 0.008259153895567587, 0.0013724638012672426, 0.0038361127390910575, 0.015409932748009551
2020-01-02, 0.0915902102674169, 0.08384279475982516, 0.054274084124830264, 0.43162140636641555, 0.13410573370432885, 0.008259153895567587, 0.0013724638012672426, 0.0038361127390910575, 0.015409932748009551
2020-01-02, 0.0915902102674169, 0.08384279475982516, 0.054274084124830264, 0.43162140636641555, 0.13410573370432885, 0.008259153895567587, 0.0013724638012672426, 0.0038361127390910575, 0.015409932748009551
2020-01-02, 0.0915902102674169, 0.08384279475982516, 0.054274084124830264, 0.43162140636641555, 0.13410573370432885, 0.008259153895567587, 0.0013724638012672426, 0.0038361127390910575, 0.015409932748009551
2020-01-02, 0.0915902102674169, 0.08384279475982516, 0.054274084124830264, 0.43162140636641555, 0.13410573370432885, 0.008259153895567587, 0.0013724638012672426, 0.0038361127390910575, 0.015409932748009551
2020-01-02, 0.0915902102674169, 0.08384279475982516, 0.054274084124830264, 0.43162140636641555, 0.13410573370432885, 0.008259153895567587, 0.0013724638012672426, 0.0038361127390910575, 0.015409932748009551
2020-01-02, 0.07857985127422895, 0.0419213973799127, 0.031013762357045963, 0.2343087634560542, 0.27094831911690903, 0.011012205194090118, 0.002744927602534478, 0.012147690340455, 0.024541744746830022
2020-01-02, 0.07857985127422895, 0.0419213973799127, 0.031013762357045963, 0.2343087634560542, 0.27094831911690903, 0.011012205194090118, 0.002744927602534478, 0.012147690340455, 0.024541744746830022
2020-01-02, 0.06523304107759408, 0.06288209606986905, 0.08528784648187622, 0.19422963286488704, 0.1368425854125804, 0.008259153895567587, 0.001372463801267235, 0.009590281847727629, 0.02340026824697746
2020-01-02, 0.07857985127422895, 0.0419213973799127, 0.031013762357045963, 0.2343087634560542, 0.27094831911690903, 0.011012205194090118, 0.002744927602534478, 0.012147690340455, 0.024541744746830022
2019-12-03, 0.09290959311110977, 0.35633187772925745, 0.08528784648187622, 0.0030830100454743324, 0.24357980203439303, 0.008259153895567587, 0.0, 0.015344450956364216, 0.031390603745945385
2019-12-03, 0.10290487008582026, 0.48209606986899556, 0.046520643535568944, 0.12332040181897604, 0.13684258541258015, 0.011012205194090118, 0.0, 0.005754169108636586, 0.017692885747714673
2019-12-03, 0.10290487008582026, 0.48209606986899556, 0.046520643535568944, 0.12332040181897604, 0.13684258541258015, 0.011012205194090118, 0.0, 0.005754169108636586, 0.017692885747714673
2019-12-03, 0.10290487008582026, 0.48209606986899556, 0.046520643535568944, 0.12332040181897604, 0.13684258541258015, 0.011012205194090118, 0.0, 0.005754169108636586, 0.017692885747714673
2019-12-03, 0.10290487008582026, 0.48209606986899556, 0.046520643535568944, 0.12332040181897604, 0.13684258541258015, 0.011012205194090118, 0.0, 0.005754169108636586, 0.017692885747714673
2019-12-03, 0.10290487008582026, 0.48209606986899556, 0.046520643535568944, 0.12332040181897604, 0.13684258541258015, 0.011012205194090118, 0.0, 0.005754169108636586, 0.017692885747714673
2019-12-03, 0.10290487008582026, 0.48209606986899556, 0.046520643535568944, 0.12332040181897604, 0.13684258541258015, 0.011012205194090118, 0.0, 0.005754169108636586, 0.017692885747714673
2019-12-03, 0.10290487008582026, 0.48209606986899556, 0.046520643535568944, 0.12332040181897604, 0.13684258541258015, 0.011012205194090118, 0.0, 0.005754169108636586, 0.017692885747714673
2019-12-03, 0.10290487008582026, 0.48209606986899556, 0.046520643535568944, 0.12332040181897604, 0.13684258541258015, 0.011012205194090118, 0.0, 0.005754169108636586, 0.017692885747714673
2019-12-03, 0.10290487008582026, 0.48209606986899556, 0.046520643535568944, 0.12332040181897604, 0.13684258541258015, 0.011012205194090118, 0.0, 0.005754169108636586, 0.017692885747714673
2019-12-03, 0.10290487008582026, 0.48209606986899556, 0.046520643535568944, 0.12332040181897604, 0.13684258541258015, 0.011012205194090118, 0.0, 0.005754169108636586, 0.017692885747714673
2019-12-03, 0.09983201940290334, 0.314410480349345, 0.031013762357045963, 0.09557331140970622, 0.29557998449117345, 0.01376525649261265, 0.0013724638012672426, 0.017262507325909743, 0.029678388996166545
2019-12-03, 0.09983201940290334, 0.314410480349345, 0.031013762357045963, 0.09557331140970622, 0.29557998449117345, 0.01376525649261265, 0.0013724638012672426, 0.017262507325909743, 0.029678388996166545
2019-12-03, 0.0857966396941719, 0.25152838427947594, 0.0775344058926149, 0.04316214063664148, 0.24905350545089613, 0.01376525649261265, 0.002744927602534478, 0.0166231552027279, 0.03196134199587167
2019-12-03, 0.09983201940290334, 0.314410480349345, 0.031013762357045963, 0.09557331140970622, 0.29557998449117345, 0.01376525649261265, 0.0013724638012672426, 0.017262507325909743, 0.029678388996166545
2019-11-03, 0.12369912712227098, 0.23056768558951962, 0.0, 0.0955733114097065, 0.5938968206905987, 0.011012205194090118, 0.0013724638012672426, 0.02749214129681923, 0.029678388996166545
2019-11-03, 0.11470430592502599, 0.5030567685589517, 0.046520643535568944, 0.08324127122780861, 0.23810609861788992, 0.0027530512985225316, 0.0027449276025344853, 0.022377324311364487, 0.018834362247567234
2019-11-03, 0.11470430592502599, 0.5030567685589517, 0.046520643535568944, 0.08324127122780861, 0.23810609861788992, 0.0027530512985225316, 0.0027449276025344853, 0.022377324311364487, 0.018834362247567234
2019-11-03, 0.11470430592502599, 0.5030567685589517, 0.046520643535568944, 0.08324127122780861, 0.23810609861788992, 0.0027530512985225316, 0.0027449276025344853, 0.022377324311364487, 0.018834362247567234
2019-11-03, 0.11470430592502599, 0.5030567685589517, 0.046520643535568944, 0.08324127122780861, 0.23810609861788992, 0.0027530512985225316, 0.0027449276025344853, 0.022377324311364487, 0.018834362247567234
2019-11-03, 0.11470430592502599, 0.5030567685589517, 0.046520643535568944, 0.08324127122780861, 0.23810609861788992, 0.0027530512985225316, 0.0027449276025344853, 0.022377324311364487, 0.018834362247567234
2019-11-03, 0.11470430592502599, 0.5030567685589517, 0.046520643535568944, 0.08324127122780861, 0.23810609861788992, 0.0027530512985225316, 0.0027449276025344853, 0.022377324311364487, 0.018834362247567234
2019-11-03, 0.11470430592502599, 0.5030567685589517, 0.046520643535568944, 0.08324127122780861, 0.23810609861788992, 0.0027530512985225316, 0.0027449276025344853, 0.022377324311364487, 0.018834362247567234
2019-11-03, 0.11470430592502599, 0.5030567685589517, 0.046520643535568944, 0.08324127122780861, 0.23810609861788992, 0.0027530512985225316, 0.0027449276025344853, 0.022377324311364487, 0.018834362247567234
2019-11-03, 0.11470430592502599, 0.5030567685589517, 0.046520643535568944, 0.08324127122780861, 0.23810609861788992, 0.0027530512985225316, 0.0027449276025344853, 0.022377324311364487, 0.018834362247567234
2019-11-03, 0.11470430592502599, 0.5030567685589517, 0.046520643535568944, 0.08324127122780861, 0.23810609861788992, 0.0027530512985225316, 0.0027449276025344853, 0.022377324311364487, 0.018834362247567234
2019-11-03, 0.11874074147752235, 0.23056768558951962, 0.0775344058926149, 0.01541505022737221, 0.5610546001915796, 0.011012205194090118, 0.0013724638012672426, 0.025574084927273703, 0.027395435996461423
2019-11-03, 0.11874074147752235, 0.23056768558951962, 0.0775344058926149, 0.01541505022737221, 0.5610546001915796, 0.011012205194090118, 0.0013724638012672426, 0.025574084927273703, 0.027395435996461423
2019-11-03, 0.13485535679056826, 0.4401746724890831, 0.062027524714091925, 0.07090923104591129, 0.45431738356976675, 0.008259153895567587, 0.0013724638012672426, 0.022377324311364487, 0.019405100497493513
2019-11-03, 0.10558632778167623, 0.46113537117903897, 0.007753440589261319, 0.01541505022737221, 0.30652739132418017, 0.008259153895567587, 0.0027449276025344853, 0.021737972188182644, 0.021117315247272353
2019-10-04, 0.08264910681517773, 0.02096069868995635, 0.15506881178522947, 0.11407137168255249, 0.33389590840669586, 0.00825915389556758, 0.005489855205068956, 0.005754169108636586, 0.01769288574771466
2019-10-04, 0.07107841165132789, 0.0838427947598254, 0.06978096530335325, 0.10173933150065516, 0.28189572594991547, 0.005506102597045048, 0.009607246608870683, 0.0025574084927273717, 0.013697717998230712
2019-10-04, 0.07107841165132789, 0.0838427947598254, 0.06978096530335325, 0.10173933150065516, 0.28189572594991547, 0.005506102597045048, 0.009607246608870683, 0.0025574084927273717, 0.013697717998230712
2019-10-04, 0.07107841165132789, 0.0838427947598254, 0.06978096530335325, 0.10173933150065516, 0.28189572594991547, 0.005506102597045048, 0.009607246608870683, 0.0025574084927273717, 0.013697717998230712
2019-10-04, 0.07107841165132789, 0.0838427947598254, 0.06978096530335325, 0.10173933150065516, 0.28189572594991547, 0.005506102597045048, 0.009607246608870683, 0.0025574084927273717, 0.013697717998230712
2019-10-04, 0.07107841165132789, 0.0838427947598254, 0.06978096530335325, 0.10173933150065516, 0.28189572594991547, 0.005506102597045048, 0.009607246608870683, 0.0025574084927273717, 0.013697717998230712
2019-10-04, 0.07107841165132789, 0.0838427947598254, 0.06978096530335325, 0.10173933150065516, 0.28189572594991547, 0.005506102597045048, 0.009607246608870683, 0.0025574084927273717, 0.013697717998230712
2019-10-04, 0.07107841165132789, 0.0838427947598254, 0.06978096530335325, 0.10173933150065516, 0.28189572594991547, 0.005506102597045048, 0.009607246608870683, 0.0025574084927273717, 0.013697717998230712
2019-10-04, 0.07107841165132789, 0.0838427947598254, 0.06978096530335325, 0.10173933150065516, 0.28189572594991547, 0.005506102597045048, 0.009607246608870683, 0.0025574084927273717, 0.013697717998230712
2019-10-04, 0.07107841165132789, 0.0838427947598254, 0.06978096530335325, 0.10173933150065516, 0.28189572594991547, 0.005506102597045048, 0.009607246608870683, 0.0025574084927273717, 0.013697717998230712
2019-10-04, 0.07107841165132789, 0.0838427947598254, 0.06978096530335325, 0.10173933150065516, 0.28189572594991547, 0.005506102597045048, 0.009607246608870683, 0.0025574084927273717, 0.013697717998230712
2019-10-04, 0.09464188291538969, 0.0419213973799127, 0.0775344058926149, 0.05857719086401341, 0.5418966382338181, 0.016518307791135174, 0.0013724638012672426, 0.0044754648622729, 0.014839194498083273
2019-10-04, 0.09464188291538969, 0.0419213973799127, 0.0775344058926149, 0.05857719086401341, 0.5418966382338181, 0.016518307791135174, 0.0013724638012672426, 0.0044754648622729, 0.014839194498083273
2019-10-04, 0.0797586362949443, 0.10480349344978175, 0.1240550494281835, 0.01849806027284654, 0.342106463531451, 0.005506102597045048, 0.009607246608870683, 0.0089509297245458, 0.024541744746830022
2019-10-04, 0.08558693970976104, 0.0838427947598254, 0.1395619306067065, 0.04316214063664175, 0.37768553573872166, 0.00825915389556758, 0.00823478280760344, 0.005114816985454743, 0.01883436224756722
2019-09-04, 0.08550478708496531, 0.0838427947598254, 0.15506881178522947, 0.20347866300131032, 0.20252702641061857, 0.005506102597045048, 0.004117391403801728, 0.0089509297245458, 0.02054657699734606
2019-09-04, 0.08550478708496531, 0.0838427947598254, 0.15506881178522947, 0.20347866300131032, 0.20252702641061857, 0.005506102597045048, 0.004117391403801728, 0.0089509297245458, 0.02054657699734606
2019-09-04, 0.08550478708496531, 0.0838427947598254, 0.15506881178522947, 0.20347866300131032, 0.20252702641061857, 0.005506102597045048, 0.004117391403801728, 0.0089509297245458, 0.02054657699734606
2019-09-04, 0.08550478708496531, 0.0838427947598254, 0.15506881178522947, 0.20347866300131032, 0.20252702641061857, 0.005506102597045048, 0.004117391403801728, 0.0089509297245458, 0.02054657699734606
2019-09-04, 0.08550478708496531, 0.0838427947598254, 0.15506881178522947, 0.20347866300131032, 0.20252702641061857, 0.005506102597045048, 0.004117391403801728, 0.0089509297245458, 0.02054657699734606
2019-09-04, 0.08550478708496531, 0.0838427947598254, 0.15506881178522947, 0.20347866300131032, 0.20252702641061857, 0.005506102597045048, 0.004117391403801728, 0.0089509297245458, 0.02054657699734606
2019-09-04, 0.08550478708496531, 0.0838427947598254, 0.15506881178522947, 0.20347866300131032, 0.20252702641061857, 0.005506102597045048, 0.004117391403801728, 0.0089509297245458, 0.02054657699734606
2019-09-04, 0.08550478708496531, 0.0838427947598254, 0.15506881178522947, 0.20347866300131032, 0.20252702641061857, 0.005506102597045048, 0.004117391403801728, 0.0089509297245458, 0.02054657699734606
2019-09-04, 0.08550478708496531, 0.0838427947598254, 0.15506881178522947, 0.20347866300131032, 0.20252702641061857, 0.005506102597045048, 0.004117391403801728, 0.0089509297245458, 0.02054657699734606
2019-09-04, 0.08550478708496531, 0.0838427947598254, 0.15506881178522947, 0.20347866300131032, 0.20252702641061857, 0.005506102597045048, 0.004117391403801728, 0.0089509297245458, 0.02054657699734606
2019-09-04, 0.08550478708496531, 0.0838427947598254, 0.15506881178522947, 0.20347866300131032, 0.20252702641061857, 0.005506102597045048, 0.004117391403801728, 0.0089509297245458, 0.02054657699734606
2019-09-04, 0.0867505251998898, 0.06288209606986905, 0.22484977708858306, 0.07707525113685995, 0.2791588742416639, 0.011012205194090111, 0.004117391403801728, 0.011508338217273158, 0.02340026824697746
2019-09-04, 0.0867505251998898, 0.06288209606986905, 0.22484977708858306, 0.07707525113685995, 0.2791588742416639, 0.011012205194090111, 0.004117391403801728, 0.011508338217273158, 0.02340026824697746
2019-09-04, 0.0867505251998898, 0.06288209606986905, 0.22484977708858306, 0.07707525113685995, 0.2791588742416639, 0.011012205194090111, 0.004117391403801728, 0.011508338217273158, 0.02340026824697746
2019-09-04, 0.08347137073594038, 0.06288209606986905, 0.15506881178522947, 0.08940729131875728, 0.31473794644893455, 0.011012205194090111, 0.0027449276025344853, 0.010229633970909473, 0.02168805349719862
2019-08-05, 0.12527796564122423, 0.48209606986899534, 0.0232603217677843, 0.17573157259204078, 0.2627377639921546, 0.016518307791135174, 0.004117391403801728, 0.011508338217273158, 0.02625395949660885
2019-08-05, 0.13923296517693184, 0.6917030567685588, 0.0, 0.22197672327415685, 0.15600054737034175, 0.013765256492612642, 0.004117391403801728, 0.005754169108636586, 0.02054657699734606
2019-08-05, 0.13923296517693184, 0.6917030567685588, 0.0, 0.22197672327415685, 0.15600054737034175, 0.013765256492612642, 0.004117391403801728, 0.005754169108636586, 0.02054657699734606
2019-08-05, 0.13923296517693184, 0.6917030567685588, 0.0, 0.22197672327415685, 0.15600054737034175, 0.013765256492612642, 0.004117391403801728, 0.005754169108636586, 0.02054657699734606
2019-08-05, 0.13923296517693184, 0.6917030567685588, 0.0, 0.22197672327415685, 0.15600054737034175, 0.013765256492612642, 0.004117391403801728, 0.005754169108636586, 0.02054657699734606
2019-08-05, 0.13923296517693184, 0.6917030567685588, 0.0, 0.22197672327415685, 0.15600054737034175, 0.013765256492612642, 0.004117391403801728, 0.005754169108636586, 0.02054657699734606
2019-08-05, 0.13923296517693184, 0.6917030567685588, 0.0, 0.22197672327415685, 0.15600054737034175, 0.013765256492612642, 0.004117391403801728, 0.005754169108636586, 0.02054657699734606
2019-08-05, 0.13923296517693184, 0.6917030567685588, 0.0, 0.22197672327415685, 0.15600054737034175, 0.013765256492612642, 0.004117391403801728, 0.005754169108636586, 0.02054657699734606
2019-08-05, 0.13923296517693184, 0.6917030567685588, 0.0, 0.22197672327415685, 0.15600054737034175, 0.013765256492612642, 0.004117391403801728, 0.005754169108636586, 0.02054657699734606
2019-08-05, 0.13923296517693184, 0.6917030567685588, 0.0, 0.22197672327415685, 0.15600054737034175, 0.013765256492612642, 0.004117391403801728, 0.005754169108636586, 0.02054657699734606
2019-08-05, 0.13923296517693184, 0.6917030567685588, 0.0, 0.22197672327415685, 0.15600054737034175, 0.013765256492612642, 0.004117391403801728, 0.005754169108636586, 0.02054657699734606
2019-08-05, 0.13242559776216756, 0.3982532751091704, 0.1395619306067065, 0.13873545204634824, 0.32021164986543815, 0.016518307791135174, 0.0027449276025344853, 0.01598380307954606, 0.02739543599646141
2019-08-05, 0.13242559776216756, 0.3982532751091704, 0.1395619306067065, 0.13873545204634824, 0.32021164986543815, 0.016518307791135174, 0.0027449276025344853, 0.01598380307954606, 0.02739543599646141
2019-08-05, 0.12138064329784908, 0.46113537117903897, 0.03876720294630728, 0.13256943195539958, 0.2682114674086577, 0.016518307791135174, 0.004117391403801728, 0.0166231552027279, 0.03310281849572421
2019-08-05, 0.14038707107614418, 0.48209606986899534, 0.007753440589261662, 0.06782622100043695, 0.511791269443051, 0.016518307791135174, 0.005489855205068971, 0.012787042463636844, 0.01883436224756722
2019-07-06, 0.1752680199188854, 0.5449781659388646, 0.19383601473153708, 0.16031652236466912, 0.4461068284450123, 0.016518307791135174, 0.0, 0.014705098833182372, 0.02568322124668257
2019-07-06, 0.13823524052774264, 0.5868995633187774, 0.13956193060670682, 0.2651388639107986, 0.06568444099803865, 0.011012205194090111, 0.0027449276025344853, 0.010868986094091315, 0.023971006496903743
2019-07-06, 0.13823524052774264, 0.5868995633187774, 0.13956193060670682, 0.2651388639107986, 0.06568444099803865, 0.011012205194090111, 0.0027449276025344853, 0.010868986094091315, 0.023971006496903743
2019-07-06, 0.13823524052774264, 0.5868995633187774, 0.13956193060670682, 0.2651388639107986, 0.06568444099803865, 0.011012205194090111, 0.0027449276025344853, 0.010868986094091315, 0.023971006496903743
2019-07-06, 0.13823524052774264, 0.5868995633187774, 0.13956193060670682, 0.2651388639107986, 0.06568444099803865, 0.011012205194090111, 0.0027449276025344853, 0.010868986094091315, 0.023971006496903743
2019-07-06, 0.13823524052774264, 0.5868995633187774, 0.13956193060670682, 0.2651388639107986, 0.06568444099803865, 0.011012205194090111, 0.0027449276025344853, 0.010868986094091315, 0.023971006496903743
2019-07-06, 0.13823524052774264, 0.5868995633187774, 0.13956193060670682, 0.2651388639107986, 0.06568444099803865, 0.011012205194090111, 0.0027449276025344853, 0.010868986094091315, 0.023971006496903743
2019-07-06, 0.13823524052774264, 0.5868995633187774, 0.13956193060670682, 0.2651388639107986, 0.06568444099803865, 0.011012205194090111, 0.0027449276025344853, 0.010868986094091315, 0.023971006496903743
2019-07-06, 0.13823524052774264, 0.5868995633187774, 0.13956193060670682, 0.2651388639107986, 0.06568444099803865, 0.011012205194090111, 0.0027449276025344853, 0.010868986094091315, 0.023971006496903743
2019-07-06, 0.13823524052774264, 0.5868995633187774, 0.13956193060670682, 0.2651388639107986, 0.06568444099803865, 0.011012205194090111, 0.0027449276025344853, 0.010868986094091315, 0.023971006496903743
2019-07-06, 0.13823524052774264, 0.5868995633187774, 0.13956193060670682, 0.2651388639107986, 0.06568444099803865, 0.011012205194090111, 0.0027449276025344853, 0.010868986094091315, 0.023971006496903743
2019-07-06, 0.14286176087007263, 0.3772925764192138, 0.18608257414227578, 0.10173933150065516, 0.41052775623774124, 0.016518307791135174, 0.0013724638012672426, 0.01854121157227343, 0.030819865496019103
2019-07-06, 0.14286176087007263, 0.3772925764192138, 0.18608257414227578, 0.10173933150065516, 0.41052775623774124, 0.016518307791135174, 0.0013724638012672426, 0.01854121157227343, 0.030819865496019103
2019-07-06, 0.16371989742648424, 0.5659388646288209, 0.14731537119596816, 0.12948642190992524, 0.4023172011129866, 0.013765256492612642, 0.0, 0.017262507325909743, 0.03367355674565049
2019-07-06, 0.1731569273143403, 0.6497816593886464, 0.1550688117852298, 0.1449014721372969, 0.3804223874469737, 0.011012205194090111, 0.0027449276025344853, 0.012787042463636844, 0.028536912496313984
2019-06-06, 0.15092547013578309, 0.5449781659388644, 0.1395619306067065, 0.262055853865324, 0.2107375815353737, 0.00825915389556758, 0.004117391403801728, 0.010868986094091315, 0.02682469774653513
2019-06-06, 0.15092547013578309, 0.5449781659388644, 0.1395619306067065, 0.262055853865324, 0.2107375815353737, 0.00825915389556758, 0.004117391403801728, 0.010868986094091315, 0.02682469774653513
2019-06-06, 0.15092547013578309, 0.5449781659388644, 0.1395619306067065, 0.262055853865324, 0.2107375815353737, 0.00825915389556758, 0.004117391403801728, 0.010868986094091315, 0.02682469774653513
2019-06-06, 0.15092547013578309, 0.5449781659388644, 0.1395619306067065, 0.262055853865324, 0.2107375815353737, 0.00825915389556758, 0.004117391403801728, 0.010868986094091315, 0.02682469774653513
2019-06-06, 0.15092547013578309, 0.5449781659388644, 0.1395619306067065, 0.262055853865324, 0.2107375815353737, 0.00825915389556758, 0.004117391403801728, 0.010868986094091315, 0.02682469774653513
2019-06-06, 0.15092547013578309, 0.5449781659388644, 0.1395619306067065, 0.262055853865324, 0.2107375815353737, 0.00825915389556758, 0.004117391403801728, 0.010868986094091315, 0.02682469774653513
2019-06-06, 0.15092547013578309, 0.5449781659388644, 0.1395619306067065, 0.262055853865324, 0.2107375815353737, 0.00825915389556758, 0.004117391403801728, 0.010868986094091315, 0.02682469774653513
2019-06-06, 0.15092547013578309, 0.5449781659388644, 0.1395619306067065, 0.262055853865324, 0.2107375815353737, 0.00825915389556758, 0.004117391403801728, 0.010868986094091315, 0.02682469774653513
2019-06-06, 0.15092547013578309, 0.5449781659388644, 0.1395619306067065, 0.262055853865324, 0.2107375815353737, 0.00825915389556758, 0.004117391403801728, 0.010868986094091315, 0.02682469774653513
2019-06-06, 0.15092547013578309, 0.5449781659388644, 0.1395619306067065, 0.262055853865324, 0.2107375815353737, 0.00825915389556758, 0.004117391403801728, 0.010868986094091315, 0.02682469774653513
2019-06-06, 0.15092547013578309, 0.5449781659388644, 0.1395619306067065, 0.262055853865324, 0.2107375815353737, 0.00825915389556758, 0.004117391403801728, 0.010868986094091315, 0.02682469774653513
2019-06-06, 0.1325390441876307, 0.314410480349345, 0.1783291335530141, 0.07399224109138562, 0.4324225699037541, 0.016518307791135174, 0.00274492760253447, 0.012787042463636844, 0.029107650746240252
2019-06-06, 0.1325390441876307, 0.314410480349345, 0.1783291335530141, 0.07399224109138562, 0.4324225699037541, 0.016518307791135174, 0.00274492760253447, 0.012787042463636844, 0.029107650746240252
2019-06-06, 0.1325390441876307, 0.314410480349345, 0.1783291335530141, 0.07399224109138562, 0.4324225699037541, 0.016518307791135174, 0.00274492760253447, 0.012787042463636844, 0.029107650746240252
2019-06-06, 0.13981101996360132, 0.3982532751091704, 0.08528784648187622, 0.16339953241014343, 0.426948866487251, 0.011012205194090111, 0.0013724638012672426, 0.007672225478182115, 0.02454174474683001
2019-05-07, 0.12029296392487025, 0.35633187772925745, 0.12405504942818385, 0.24355779359247773, 0.17789536103635462, 0.01376525649261265, 0.0013724638012672426, 0.01854121157227343, 0.02682469774653513
2019-05-07, 0.19395071707392506, 0.6497816593886464, 0.28687730180267496, 0.323716054774812, 0.24905350545089638, 0.005506102597045063, 0.0027449276025344853, 0.007672225478182115, 0.026253959496608862
2019-05-07, 0.19395071707392506, 0.6497816593886464, 0.28687730180267496, 0.323716054774812, 0.24905350545089638, 0.005506102597045063, 0.0027449276025344853, 0.007672225478182115, 0.026253959496608862
2019-05-07, 0.19395071707392506, 0.6497816593886464, 0.28687730180267496, 0.323716054774812, 0.24905350545089638, 0.005506102597045063, 0.0027449276025344853, 0.007672225478182115, 0.026253959496608862
2019-05-07, 0.19395071707392506, 0.6497816593886464, 0.28687730180267496, 0.323716054774812, 0.24905350545089638, 0.005506102597045063, 0.0027449276025344853, 0.007672225478182115, 0.026253959496608862
2019-05-07, 0.19395071707392506, 0.6497816593886464, 0.28687730180267496, 0.323716054774812, 0.24905350545089638, 0.005506102597045063, 0.0027449276025344853, 0.007672225478182115, 0.026253959496608862
2019-05-07, 0.19395071707392506, 0.6497816593886464, 0.28687730180267496, 0.323716054774812, 0.24905350545089638, 0.005506102597045063, 0.0027449276025344853, 0.007672225478182115, 0.026253959496608862
2019-05-07, 0.19395071707392506, 0.6497816593886464, 0.28687730180267496, 0.323716054774812, 0.24905350545089638, 0.005506102597045063, 0.0027449276025344853, 0.007672225478182115, 0.026253959496608862
2019-05-07, 0.19395071707392506, 0.6497816593886464, 0.28687730180267496, 0.323716054774812, 0.24905350545089638, 0.005506102597045063, 0.0027449276025344853, 0.007672225478182115, 0.026253959496608862
2019-05-07, 0.19395071707392506, 0.6497816593886464, 0.28687730180267496, 0.323716054774812, 0.24905350545089638, 0.005506102597045063, 0.0027449276025344853, 0.007672225478182115, 0.026253959496608862
2019-05-07, 0.19395071707392506, 0.6497816593886464, 0.28687730180267496, 0.323716054774812, 0.24905350545089638, 0.005506102597045063, 0.0027449276025344853, 0.007672225478182115, 0.026253959496608862
2019-05-07, 0.12029296392487025, 0.35633187772925745, 0.12405504942818385, 0.24355779359247773, 0.17789536103635462, 0.01376525649261265, 0.0013724638012672426, 0.01854121157227343, 0.02682469774653513
2019-05-07, 0.12029296392487025, 0.35633187772925745, 0.12405504942818385, 0.24355779359247773, 0.17789536103635462, 0.01376525649261265, 0.0013724638012672426, 0.01854121157227343, 0.02682469774653513
2019-05-07, 0.14410870115771116, 0.46113537117903924, 0.1783291335530141, 0.07090923104591129, 0.3886329425717283, 0.005506102597045063, 0.0, 0.019819915818637117, 0.028536912496313984
2019-05-07, 0.15495496395706096, 0.4401746724890829, 0.1783291335530141, 0.12023739177350169, 0.4461068284450123, 0.008259153895567594, 0.0013724638012672426, 0.0166231552027279, 0.028536912496313984
2019-04-07, 0.11819937847648918, 0.20960698689956325, 0.19383601473153708, 0.10173933150065516, 0.3941066459882314, 0.008259153895567587, 0.005489855205068956, 0.010868986094091315, 0.02168805349719862
2019-04-07, 0.14380134279426024, 0.4401746724890831, 0.24811009885636737, 0.31138401459291415, 0.1313688819960773, 0.0027530512985225316, 0.0, 0.0006393521231818429, 0.015980670997935834
2019-04-07, 0.14380134279426024, 0.4401746724890831, 0.24811009885636737, 0.31138401459291415, 0.1313688819960773, 0.0027530512985225316, 0.0, 0.0006393521231818429, 0.015980670997935834
2019-04-07, 0.14380134279426024, 0.4401746724890831, 0.24811009885636737, 0.31138401459291415, 0.1313688819960773, 0.0027530512985225316, 0.0, 0.0006393521231818429, 0.015980670997935834
2019-04-07, 0.14380134279426024, 0.4401746724890831, 0.24811009885636737, 0.31138401459291415, 0.1313688819960773, 0.0027530512985225316, 0.0, 0.0006393521231818429, 0.015980670997935834
2019-04-07, 0.14380134279426024, 0.4401746724890831, 0.24811009885636737, 0.31138401459291415, 0.1313688819960773, 0.0027530512985225316, 0.0, 0.0006393521231818429, 0.015980670997935834
2019-04-07, 0.14380134279426024, 0.4401746724890831, 0.24811009885636737, 0.31138401459291415, 0.1313688819960773, 0.0027530512985225316, 0.0, 0.0006393521231818429, 0.015980670997935834
2019-04-07, 0.14380134279426024, 0.4401746724890831, 0.24811009885636737, 0.31138401459291415, 0.1313688819960773, 0.0027530512985225316, 0.0, 0.0006393521231818429, 0.015980670997935834
2019-04-07, 0.14380134279426024, 0.4401746724890831, 0.24811009885636737, 0.31138401459291415, 0.1313688819960773, 0.0027530512985225316, 0.0, 0.0006393521231818429, 0.015980670997935834
2019-04-07, 0.14380134279426024, 0.4401746724890831, 0.24811009885636737, 0.31138401459291415, 0.1313688819960773, 0.0027530512985225316, 0.0, 0.0006393521231818429, 0.015980670997935834
2019-04-07, 0.14380134279426024, 0.4401746724890831, 0.24811009885636737, 0.31138401459291415, 0.1313688819960773, 0.0027530512985225316, 0.0, 0.0006393521231818429, 0.015980670997935834
2019-04-07, 0.11819937847648918, 0.20960698689956325, 0.19383601473153708, 0.10173933150065516, 0.3941066459882314, 0.008259153895567587, 0.005489855205068956, 0.010868986094091315, 0.02168805349719862
2019-04-07, 0.11819937847648918, 0.20960698689956325, 0.19383601473153708, 0.10173933150065516, 0.3941066459882314, 0.008259153895567587, 0.005489855205068956, 0.010868986094091315, 0.02168805349719862
2019-04-07, 0.14371781371420697, 0.2934497816593887, 0.22484977708858273, 0.1880636127739381, 0.3995803494047345, 0.0055061025970450555, 0.00274492760253447, 0.012147690340455, 0.02340026824697746
2019-04-07, 0.13626571570008522, 0.2934497816593887, 0.22484977708858273, 0.12948642190992468, 0.3995803494047345, 0.008259153895567587, 0.0013724638012672426, 0.010868986094091315, 0.0222587917471249
2019-03-08, 0.1628620175365464, 0.4192139737991265, 0.28687730180267496, 0.12332040181897604, 0.41600145965424434, 0.008259153895567587, 0.0, 0.017262507325909743, 0.03196134199587167
2019-03-08, 0.16168585357929852, 0.5659388646288209, 0.24811009885636737, 0.14181846209182258, 0.30379053961592883, 0.0027530512985225316, 0.0013724638012672426, 0.010868986094091315, 0.01883436224756722
2019-03-08, 0.16168585357929852, 0.5659388646288209, 0.24811009885636737, 0.14181846209182258, 0.30379053961592883, 0.0027530512985225316, 0.0013724638012672426, 0.010868986094091315, 0.01883436224756722
2019-03-08, 0.16168585357929852, 0.5659388646288209, 0.24811009885636737, 0.14181846209182258, 0.30379053961592883, 0.0027530512985225316, 0.0013724638012672426, 0.010868986094091315, 0.01883436224756722
2019-03-08, 0.16168585357929852, 0.5659388646288209, 0.24811009885636737, 0.14181846209182258, 0.30379053961592883, 0.0027530512985225316, 0.0013724638012672426, 0.010868986094091315, 0.01883436224756722
2019-03-08, 0.16168585357929852, 0.5659388646288209, 0.24811009885636737, 0.14181846209182258, 0.30379053961592883, 0.0027530512985225316, 0.0013724638012672426, 0.010868986094091315, 0.01883436224756722
2019-03-08, 0.16168585357929852, 0.5659388646288209, 0.24811009885636737, 0.14181846209182258, 0.30379053961592883, 0.0027530512985225316, 0.0013724638012672426, 0.010868986094091315, 0.01883436224756722
2019-03-08, 0.16168585357929852, 0.5659388646288209, 0.24811009885636737, 0.14181846209182258, 0.30379053961592883, 0.0027530512985225316, 0.0013724638012672426, 0.010868986094091315, 0.01883436224756722
2019-03-08, 0.16168585357929852, 0.5659388646288209, 0.24811009885636737, 0.14181846209182258, 0.30379053961592883, 0.0027530512985225316, 0.0013724638012672426, 0.010868986094091315, 0.01883436224756722
2019-03-08, 0.16168585357929852, 0.5659388646288209, 0.24811009885636737, 0.14181846209182258, 0.30379053961592883, 0.0027530512985225316, 0.0013724638012672426, 0.010868986094091315, 0.01883436224756722
2019-03-08, 0.16168585357929852, 0.5659388646288209, 0.24811009885636737, 0.14181846209182258, 0.30379053961592883, 0.0027530512985225316, 0.0013724638012672426, 0.010868986094091315, 0.01883436224756722
2019-03-08, 0.1628620175365464, 0.4192139737991265, 0.28687730180267496, 0.12332040181897604, 0.41600145965424434, 0.008259153895567587, 0.0, 0.017262507325909743, 0.03196134199587167
2019-03-08, 0.1628620175365464, 0.4192139737991265, 0.28687730180267496, 0.12332040181897604, 0.41600145965424434, 0.008259153895567587, 0.0, 0.017262507325909743, 0.03196134199587167
2019-03-08, 0.15576629424918415, 0.5030567685589519, 0.28687730180267496, 0.14798448218277124, 0.2736851708251608, 0.005506102597045063, 0.0013724638012672426, 0.007672225478182115, 0.01997583874741978
2019-03-08, 0.1628620175365464, 0.4192139737991265, 0.28687730180267496, 0.12332040181897604, 0.41600145965424434, 0.008259153895567587, 0.0, 0.017262507325909743, 0.03196134199587167
2019-02-06, 0.14126799749542865, 0.419213973799127, 0.31013762357045926, 0.1109883616370787, 0.25726406057565104, 0.005506102597045063, 0.0013724638012672426, 0.005114816985454743, 0.02054657699734606
2019-02-06, 0.16556745945304469, 0.5240174672489083, 0.3489048265167669, 0.23739177350152907, 0.1587373990785933, 0.005506102597045063, 0.0027449276025344853, 0.014705098833182372, 0.03253208024579793
2019-02-06, 0.16556745945304469, 0.5240174672489083, 0.3489048265167669, 0.23739177350152907, 0.1587373990785933, 0.005506102597045063, 0.0027449276025344853, 0.014705098833182372, 0.03253208024579793
2019-02-06, 0.16556745945304469, 0.5240174672489083, 0.3489048265167669, 0.23739177350152907, 0.1587373990785933, 0.005506102597045063, 0.0027449276025344853, 0.014705098833182372, 0.03253208024579793
2019-02-06, 0.16556745945304469, 0.5240174672489083, 0.3489048265167669, 0.23739177350152907, 0.1587373990785933, 0.005506102597045063, 0.0027449276025344853, 0.014705098833182372, 0.03253208024579793
2019-02-06, 0.16556745945304469, 0.5240174672489083, 0.3489048265167669, 0.23739177350152907, 0.1587373990785933, 0.005506102597045063, 0.0027449276025344853, 0.014705098833182372, 0.03253208024579793
2019-02-06, 0.16556745945304469, 0.5240174672489083, 0.3489048265167669, 0.23739177350152907, 0.1587373990785933, 0.005506102597045063, 0.0027449276025344853, 0.014705098833182372, 0.03253208024579793
2019-02-06, 0.16556745945304469, 0.5240174672489083, 0.3489048265167669, 0.23739177350152907, 0.1587373990785933, 0.005506102597045063, 0.0027449276025344853, 0.014705098833182372, 0.03253208024579793
2019-02-06, 0.16556745945304469, 0.5240174672489083, 0.3489048265167669, 0.23739177350152907, 0.1587373990785933, 0.005506102597045063, 0.0027449276025344853, 0.014705098833182372, 0.03253208024579793
2019-02-06, 0.16556745945304469, 0.5240174672489083, 0.3489048265167669, 0.23739177350152907, 0.1587373990785933, 0.005506102597045063, 0.0027449276025344853, 0.014705098833182372, 0.03253208024579793
2019-02-06, 0.16556745945304469, 0.5240174672489083, 0.3489048265167669, 0.23739177350152907, 0.1587373990785933, 0.005506102597045063, 0.0027449276025344853, 0.014705098833182372, 0.03253208024579793
2019-02-06, 0.12940928461407702, 0.1676855895196508, 0.3721651482845512, 0.006166020090949212, 0.4433699767367603, 0.008259153895567594, 0.0013724638012672426, 0.013426394586818687, 0.022829529997051182
2019-02-06, 0.12940928461407702, 0.1676855895196508, 0.3721651482845512, 0.006166020090949212, 0.4433699767367603, 0.008259153895567594, 0.0013724638012672426, 0.013426394586818687, 0.022829529997051182
2019-02-06, 0.1526573783484463, 0.31441048034934527, 0.4341926729986431, 0.049328160727590414, 0.369474980613967, 0.008259153895567594, 0.0, 0.015344450956364216, 0.03024912724609281
2019-02-06, 0.15185834894797376, 0.2515283842794762, 0.4109323512308585, 0.03699612054569308, 0.47621219723577984, 0.008259153895567594, 0.0013724638012672426, 0.009590281847727644, 0.01997583874741978
2019-01-07, 0.14213304485207962, 0.35633187772925795, 0.2170963364993214, 0.07090923104591129, 0.454317383569767, 0.0055061025970450555, 0.0013724638012672426, 0.01726250732590973, 0.014268456248156992
2019-01-07, 0.16420917423123518, 0.5240174672489083, 0.24035665826710603, 0.11715438172802736, 0.4077909045294897, 0.0027530512985225316, 0.0013724638012672426, 0.0076722254781821, 0.012556241498378164
2019-01-07, 0.16420917423123518, 0.5240174672489083, 0.24035665826710603, 0.11715438172802736, 0.4077909045294897, 0.0027530512985225316, 0.0013724638012672426, 0.0076722254781821, 0.012556241498378164
2019-01-07, 0.16420917423123518, 0.5240174672489083, 0.24035665826710603, 0.11715438172802736, 0.4077909045294897, 0.0027530512985225316, 0.0013724638012672426, 0.0076722254781821, 0.012556241498378164
2019-01-07, 0.16420917423123518, 0.5240174672489083, 0.24035665826710603, 0.11715438172802736, 0.4077909045294897, 0.0027530512985225316, 0.0013724638012672426, 0.0076722254781821, 0.012556241498378164
2019-01-07, 0.16420917423123518, 0.5240174672489083, 0.24035665826710603, 0.11715438172802736, 0.4077909045294897, 0.0027530512985225316, 0.0013724638012672426, 0.0076722254781821, 0.012556241498378164
2019-01-07, 0.16420917423123518, 0.5240174672489083, 0.24035665826710603, 0.11715438172802736, 0.4077909045294897, 0.0027530512985225316, 0.0013724638012672426, 0.0076722254781821, 0.012556241498378164
2019-01-07, 0.16420917423123518, 0.5240174672489083, 0.24035665826710603, 0.11715438172802736, 0.4077909045294897, 0.0027530512985225316, 0.0013724638012672426, 0.0076722254781821, 0.012556241498378164
2019-01-07, 0.16420917423123518, 0.5240174672489083, 0.24035665826710603, 0.11715438172802736, 0.4077909045294897, 0.0027530512985225316, 0.0013724638012672426, 0.0076722254781821, 0.012556241498378164
2019-01-07, 0.16420917423123518, 0.5240174672489083, 0.24035665826710603, 0.11715438172802736, 0.4077909045294897, 0.0027530512985225316, 0.0013724638012672426, 0.0076722254781821, 0.012556241498378164
2019-01-07, 0.16420917423123518, 0.5240174672489083, 0.24035665826710603, 0.11715438172802736, 0.4077909045294897, 0.0027530512985225316, 0.0013724638012672426, 0.0076722254781821, 0.012556241498378164
2019-01-07, 0.14213304485207962, 0.35633187772925795, 0.2170963364993214, 0.07090923104591129, 0.454317383569767, 0.0055061025970450555, 0.0013724638012672426, 0.01726250732590973, 0.014268456248156992
2019-01-07, 0.14213304485207962, 0.35633187772925795, 0.2170963364993214, 0.07090923104591129, 0.454317383569767, 0.0055061025970450555, 0.0013724638012672426, 0.01726250732590973, 0.014268456248156992
2019-01-07, 0.1315201294155976, 0.37729257641921427, 0.2636169800348903, 0.0339131105002182, 0.3475801669479546, 0.0055061025970450555, 0.00274492760253447, 0.008950929724545786, 0.012556241498378164
2019-01-07, 0.15500591692086416, 0.48209606986899556, 0.23260321767784436, 0.055494180818539074, 0.4378962733202577, 0.0027530512985225316, 0.0013724638012672426, 0.014705098833182372, 0.013126979748304445
2018-12-08, 0.16112684436574812, 0.5240174672489081, 0.31789106415972096, 0.15106749222824556, 0.27094831911690875, 0.0027530512985225316, 0.004117391403801713, 0.010229633970909473, 0.007990335498967922
2018-12-08, 0.18952071888255842, 0.6707423580786025, 0.38767202946307416, 0.19114662281941244, 0.24084295032614125, 0.0, 0.004117391403801713, 0.010229633970909473, 0.011414764998525603
2018-12-08, 0.18952071888255842, 0.6707423580786025, 0.38767202946307416, 0.19114662281941244, 0.24084295032614125, 0.0, 0.004117391403801713, 0.010229633970909473, 0.011414764998525603
2018-12-08, 0.18952071888255842, 0.6707423580786025, 0.38767202946307416, 0.19114662281941244, 0.24084295032614125, 0.0, 0.004117391403801713, 0.010229633970909473, 0.011414764998525603
2018-12-08, 0.18952071888255842, 0.6707423580786025, 0.38767202946307416, 0.19114662281941244, 0.24084295032614125, 0.0, 0.004117391403801713, 0.010229633970909473, 0.011414764998525603
2018-12-08, 0.18952071888255842, 0.6707423580786025, 0.38767202946307416, 0.19114662281941244, 0.24084295032614125, 0.0, 0.004117391403801713, 0.010229633970909473, 0.011414764998525603
2018-12-08, 0.18952071888255842, 0.6707423580786025, 0.38767202946307416, 0.19114662281941244, 0.24084295032614125, 0.0, 0.004117391403801713, 0.010229633970909473, 0.011414764998525603
2018-12-08, 0.18952071888255842, 0.6707423580786025, 0.38767202946307416, 0.19114662281941244, 0.24084295032614125, 0.0, 0.004117391403801713, 0.010229633970909473, 0.011414764998525603
2018-12-08, 0.18952071888255842, 0.6707423580786025, 0.38767202946307416, 0.19114662281941244, 0.24084295032614125, 0.0, 0.004117391403801713, 0.010229633970909473, 0.011414764998525603
2018-12-08, 0.18952071888255842, 0.6707423580786025, 0.38767202946307416, 0.19114662281941244, 0.24084295032614125, 0.0, 0.004117391403801713, 0.010229633970909473, 0.011414764998525603
2018-12-08, 0.18952071888255842, 0.6707423580786025, 0.38767202946307416, 0.19114662281941244, 0.24084295032614125, 0.0, 0.004117391403801713, 0.010229633970909473, 0.011414764998525603
2018-12-08, 0.14741724108979834, 0.33537117903930136, 0.3256445047489826, 0.11407137168255249, 0.36673812890571544, 0.0027530512985225316, 0.005489855205068956, 0.012147690340455, 0.01712214749778839
2018-12-08, 0.14741724108979834, 0.33537117903930136, 0.3256445047489826, 0.11407137168255249, 0.36673812890571544, 0.0027530512985225316, 0.005489855205068956, 0.012147690340455, 0.01712214749778839
2018-12-08, 0.14154712991546564, 0.37729257641921404, 0.3333979453382439, 0.15723351231919425, 0.24631665374264433, 0.0, 0.004117391403801713, 0.008311577601363944, 0.005707382499262802
2018-12-08, 0.1668905646556011, 0.5240174672489081, 0.3256445047489826, 0.14181846209182203, 0.312001094740683, 0.0027530512985225316, 0.004117391403801713, 0.012787042463636844, 0.011985503248451884
2018-11-08, 0.10373708034575291, 0.1467248908296942, 0.2636169800348907, 0.37304421550240185, 0.024631665374264432, 0.0, 0.004117391403801728, 0.0006393521231818429, 0.01712214749778839
2018-11-08, 0.16128415336193744, 0.25152838427947594, 0.30238418298119796, 0.536443747912545, 0.18336906445285772, 0.0027530512985225316, 0.0027449276025344853, 0.0019180563695455287, 0.009131811998820471
2018-11-08, 0.16128415336193744, 0.25152838427947594, 0.30238418298119796, 0.536443747912545, 0.18336906445285772, 0.0027530512985225316, 0.0027449276025344853, 0.0019180563695455287, 0.009131811998820471
2018-11-08, 0.16128415336193744, 0.25152838427947594, 0.30238418298119796, 0.536443747912545, 0.18336906445285772, 0.0027530512985225316, 0.0027449276025344853, 0.0019180563695455287, 0.009131811998820471
2018-11-08, 0.16128415336193744, 0.25152838427947594, 0.30238418298119796, 0.536443747912545, 0.18336906445285772, 0.0027530512985225316, 0.0027449276025344853, 0.0019180563695455287, 0.009131811998820471
2018-11-08, 0.16128415336193744, 0.25152838427947594, 0.30238418298119796, 0.536443747912545, 0.18336906445285772, 0.0027530512985225316, 0.0027449276025344853, 0.0019180563695455287, 0.009131811998820471
2018-11-08, 0.16128415336193744, 0.25152838427947594, 0.30238418298119796, 0.536443747912545, 0.18336906445285772, 0.0027530512985225316, 0.0027449276025344853, 0.0019180563695455287, 0.009131811998820471
2018-11-08, 0.16128415336193744, 0.25152838427947594, 0.30238418298119796, 0.536443747912545, 0.18336906445285772, 0.0027530512985225316, 0.0027449276025344853, 0.0019180563695455287, 0.009131811998820471
2018-11-08, 0.16128415336193744, 0.25152838427947594, 0.30238418298119796, 0.536443747912545, 0.18336906445285772, 0.0027530512985225316, 0.0027449276025344853, 0.0019180563695455287, 0.009131811998820471
2018-11-08, 0.16128415336193744, 0.25152838427947594, 0.30238418298119796, 0.536443747912545, 0.18336906445285772, 0.0027530512985225316, 0.0027449276025344853, 0.0019180563695455287, 0.009131811998820471
2018-11-08, 0.16128415336193744, 0.25152838427947594, 0.30238418298119796, 0.536443747912545, 0.18336906445285772, 0.0027530512985225316, 0.0027449276025344853, 0.0019180563695455287, 0.009131811998820471
2018-11-08, 0.10156365555835216, 0.0838427947598254, 0.24035665826710603, 0.30213498445649084, 0.16147425078684485, 0.002753051298522524, 0.004117391403801728, 0.0012787042463636858, 0.016551409247862112
2018-11-08, 0.10156365555835216, 0.0838427947598254, 0.24035665826710603, 0.30213498445649084, 0.16147425078684485, 0.002753051298522524, 0.004117391403801728, 0.0012787042463636858, 0.016551409247862112
2018-11-08, 0.09397738102132792, 0.02096069868995635, 0.21709633649932172, 0.4007913059116714, 0.08484240295579999, 0.002753051298522524, 0.005489855205068971, 0.004475464862272886, 0.015409932748009551
2018-11-08, 0.10836265257144385, 0.12576419213973786, 0.31789106415972096, 0.3052179945019652, 0.09305295808055464, 0.002753051298522524, 0.004117391403801728, 0.0038361127390910575, 0.014268456248156992
2018-10-09, 0.0783127263789143, 0.06288209606986882, 0.1628222523744913, 0.1418184620918223, 0.2271586917848835, 0.0055061025970450555, 0.006862319006336205, 0.005754169108636572, 0.013697717998230712
2018-10-09, 0.12894371408850433, 0.33537117903930114, 0.25586353944562884, 0.05549418081853935, 0.36673812890571567, 0.002753051298522524, 0.005489855205068963, 0.0012787042463636858, 0.008561073748894203
2018-10-09, 0.12894371408850433, 0.33537117903930114, 0.25586353944562884, 0.05549418081853935, 0.36673812890571567, 0.002753051298522524, 0.005489855205068963, 0.0012787042463636858, 0.008561073748894203
2018-10-09, 0.12894371408850433, 0.33537117903930114, 0.25586353944562884, 0.05549418081853935, 0.36673812890571567, 0.002753051298522524, 0.005489855205068963, 0.0012787042463636858, 0.008561073748894203
2018-10-09, 0.12894371408850433, 0.33537117903930114, 0.25586353944562884, 0.05549418081853935, 0.36673812890571567, 0.002753051298522524, 0.005489855205068963, 0.0012787042463636858, 0.008561073748894203
2018-10-09, 0.12894371408850433, 0.33537117903930114, 0.25586353944562884, 0.05549418081853935, 0.36673812890571567, 0.002753051298522524, 0.005489855205068963, 0.0012787042463636858, 0.008561073748894203
2018-10-09, 0.12894371408850433, 0.33537117903930114, 0.25586353944562884, 0.05549418081853935, 0.36673812890571567, 0.002753051298522524, 0.005489855205068963, 0.0012787042463636858, 0.008561073748894203
2018-10-09, 0.12894371408850433, 0.33537117903930114, 0.25586353944562884, 0.05549418081853935, 0.36673812890571567, 0.002753051298522524, 0.005489855205068963, 0.0012787042463636858, 0.008561073748894203
2018-10-09, 0.12894371408850433, 0.33537117903930114, 0.25586353944562884, 0.05549418081853935, 0.36673812890571567, 0.002753051298522524, 0.005489855205068963, 0.0012787042463636858, 0.008561073748894203
2018-10-09, 0.12894371408850433, 0.33537117903930114, 0.25586353944562884, 0.05549418081853935, 0.36673812890571567, 0.002753051298522524, 0.005489855205068963, 0.0012787042463636858, 0.008561073748894203
2018-10-09, 0.12894371408850433, 0.33537117903930114, 0.25586353944562884, 0.05549418081853935, 0.36673812890571567, 0.002753051298522524, 0.005489855205068963, 0.0012787042463636858, 0.008561073748894203
2018-10-09, 0.07216694564652468, 0.10480349344978152, 0.1628222523744913, 0.11715438172802736, 0.16694795420334843, 0.0055061025970450555, 0.005489855205068963, 0.0031967606159092003, 0.011414764998525603
2018-10-09, 0.07216694564652468, 0.10480349344978152, 0.1628222523744913, 0.11715438172802736, 0.16694795420334843, 0.0055061025970450555, 0.005489855205068963, 0.0031967606159092003, 0.011414764998525603
2018-10-09, 0.08457617756998892, 0.12576419213973786, 0.1860825741422756, 0.11715438172802736, 0.21894813666012886, 0.008259153895567587, 0.006862319006336205, 0.003836112739091043, 0.009702550248746764
2018-10-09, 0.08675758403324936, 0.1886462882096069, 0.14731537119596833, 0.0955733114097065, 0.22989554349313554, 0.008259153895567587, 0.005489855205068963, 0.005754169108636572, 0.013126979748304431
2018-09-09, 0.0923123468883691, 0.1257641921397381, 0.15506881178522963, 0.3545461552295559, 0.06568444099803865, 0.011012205194090118, 0.004117391403801728, 0.005754169108636572, 0.016551409247862112
2018-09-09, 0.14502777038368506, 0.3982532751091704, 0.25586353944562884, 0.04316214063664148, 0.44063312502850877, 0.008259153895567587, 0.005489855205068971, 0.0, 0.008561073748894203
2018-09-09, 0.14502777038368506, 0.3982532751091704, 0.25586353944562884, 0.04316214063664148, 0.44063312502850877, 0.008259153895567587, 0.005489855205068971, 0.0, 0.008561073748894203
2018-09-09, 0.14502777038368506, 0.3982532751091704, 0.25586353944562884, 0.04316214063664148, 0.44063312502850877, 0.008259153895567587, 0.005489855205068971, 0.0, 0.008561073748894203
2018-09-09, 0.14502777038368506, 0.3982532751091704, 0.25586353944562884, 0.04316214063664148, 0.44063312502850877, 0.008259153895567587, 0.005489855205068971, 0.0, 0.008561073748894203
2018-09-09, 0.14502777038368506, 0.3982532751091704, 0.25586353944562884, 0.04316214063664148, 0.44063312502850877, 0.008259153895567587, 0.005489855205068971, 0.0, 0.008561073748894203
2018-09-09, 0.14502777038368506, 0.3982532751091704, 0.25586353944562884, 0.04316214063664148, 0.44063312502850877, 0.008259153895567587, 0.005489855205068971, 0.0, 0.008561073748894203
2018-09-09, 0.14502777038368506, 0.3982532751091704, 0.25586353944562884, 0.04316214063664148, 0.44063312502850877, 0.008259153895567587, 0.005489855205068971, 0.0, 0.008561073748894203
2018-09-09, 0.14502777038368506, 0.3982532751091704, 0.25586353944562884, 0.04316214063664148, 0.44063312502850877, 0.008259153895567587, 0.005489855205068971, 0.0, 0.008561073748894203
2018-09-09, 0.14502777038368506, 0.3982532751091704, 0.25586353944562884, 0.04316214063664148, 0.44063312502850877, 0.008259153895567587, 0.005489855205068971, 0.0, 0.008561073748894203
2018-09-09, 0.14502777038368506, 0.3982532751091704, 0.25586353944562884, 0.04316214063664148, 0.44063312502850877, 0.008259153895567587, 0.005489855205068971, 0.0, 0.008561073748894203
2018-09-09, 0.0923123468883691, 0.1257641921397381, 0.15506881178522963, 0.3545461552295559, 0.06568444099803865, 0.011012205194090118, 0.004117391403801728, 0.005754169108636572, 0.016551409247862112
2018-09-09, 0.0923123468883691, 0.1257641921397381, 0.15506881178522963, 0.3545461552295559, 0.06568444099803865, 0.011012205194090118, 0.004117391403801728, 0.005754169108636572, 0.016551409247862112
2018-09-09, 0.10359494059278394, 0.1886462882096069, 0.2093428959100599, 0.19422963286488704, 0.2107375815353737, 0.008259153895567587, 0.005489855205068971, 0.0006393521231818429, 0.011414764998525603
2018-09-09, 0.1038317233058163, 0.20960698689956325, 0.2093428959100599, 0.1664825424556175, 0.21894813666012836, 0.011012205194090118, 0.005489855205068971, 0.0006393521231818429, 0.009131811998820483
2018-08-10, 0.06909789754716499, 0.1886462882096069, 0.0, 0.13565244200087365, 0.20526387811887062, 0.008259153895567587, 0.004117391403801728, 0.0, 0.010844026748599323
2018-08-10, 0.12380786145629742, 0.4192139737991265, 0.10079472766039956, 0.1079053515916041, 0.342106463531451, 0.005506102597045063, 0.0027449276025344853, 0.0019180563695455144, 0.010273288498673042
2018-08-10, 0.12380786145629742, 0.4192139737991265, 0.10079472766039956, 0.1079053515916041, 0.342106463531451, 0.005506102597045063, 0.0027449276025344853, 0.0019180563695455144, 0.010273288498673042
2018-08-10, 0.12380786145629742, 0.4192139737991265, 0.10079472766039956, 0.1079053515916041, 0.342106463531451, 0.005506102597045063, 0.0027449276025344853, 0.0019180563695455144, 0.010273288498673042
2018-08-10, 0.12380786145629742, 0.4192139737991265, 0.10079472766039956, 0.1079053515916041, 0.342106463531451, 0.005506102597045063, 0.0027449276025344853, 0.0019180563695455144, 0.010273288498673042
2018-08-10, 0.12380786145629742, 0.4192139737991265, 0.10079472766039956, 0.1079053515916041, 0.342106463531451, 0.005506102597045063, 0.0027449276025344853, 0.0019180563695455144, 0.010273288498673042
2018-08-10, 0.12380786145629742, 0.4192139737991265, 0.10079472766039956, 0.1079053515916041, 0.342106463531451, 0.005506102597045063, 0.0027449276025344853, 0.0019180563695455144, 0.010273288498673042
2018-08-10, 0.12380786145629742, 0.4192139737991265, 0.10079472766039956, 0.1079053515916041, 0.342106463531451, 0.005506102597045063, 0.0027449276025344853, 0.0019180563695455144, 0.010273288498673042
2018-08-10, 0.12380786145629742, 0.4192139737991265, 0.10079472766039956, 0.1079053515916041, 0.342106463531451, 0.005506102597045063, 0.0027449276025344853, 0.0019180563695455144, 0.010273288498673042
2018-08-10, 0.12380786145629742, 0.4192139737991265, 0.10079472766039956, 0.1079053515916041, 0.342106463531451, 0.005506102597045063, 0.0027449276025344853, 0.0019180563695455144, 0.010273288498673042
2018-08-10, 0.12380786145629742, 0.4192139737991265, 0.10079472766039956, 0.1079053515916041, 0.342106463531451, 0.005506102597045063, 0.0027449276025344853, 0.0019180563695455144, 0.010273288498673042
2018-08-10, 0.06909789754716499, 0.1886462882096069, 0.0, 0.13565244200087365, 0.20526387811887062, 0.008259153895567587, 0.004117391403801728, 0.0, 0.010844026748599323
2018-08-10, 0.06909789754716499, 0.1886462882096069, 0.0, 0.13565244200087365, 0.20526387811887062, 0.008259153895567587, 0.004117391403801728, 0.0, 0.010844026748599323
2018-08-10, 0.09219153890462145, 0.23056768558951962, 0.031013762357045963, 0.33604809495670934, 0.10673721662181239, 0.011012205194090118, 0.004117391403801728, 0.0031967606159092003, 0.014839194498083273
2018-08-10, 0.09034976526294687, 0.2724890829694321, 0.054274084124830604, 0.1788145826375151, 0.19157961957761238, 0.008259153895567587, 0.004117391403801728, 0.0012787042463636858, 0.011985503248451872
2018-07-11, 0.10432660928129664, 0.2934497816593884, 0.007753440589261662, 0.30213498445649084, 0.1943164712858644, 0.011012205194090111, 0.005489855205068963, 0.0044754648622729, 0.015980670997935834
2018-07-11, 0.138357716415431, 0.46113537117903924, 0.12405504942818385, 0.13256943195539903, 0.36673812890571567, 0.0055061025970450555, 0.00411739140380172, 0.007032873355000258, 0.005707382499262802
2018-07-11, 0.138357716415431, 0.46113537117903924, 0.12405504942818385, 0.13256943195539903, 0.36673812890571567, 0.0055061025970450555, 0.00411739140380172, 0.007032873355000258, 0.005707382499262802
2018-07-11, 0.138357716415431, 0.46113537117903924, 0.12405504942818385, 0.13256943195539903, 0.36673812890571567, 0.0055061025970450555, 0.00411739140380172, 0.007032873355000258, 0.005707382499262802
2018-07-11, 0.138357716415431, 0.46113537117903924, 0.12405504942818385, 0.13256943195539903, 0.36673812890571567, 0.0055061025970450555, 0.00411739140380172, 0.007032873355000258, 0.005707382499262802
2018-07-11, 0.138357716415431, 0.46113537117903924, 0.12405504942818385, 0.13256943195539903, 0.36673812890571567, 0.0055061025970450555, 0.00411739140380172, 0.007032873355000258, 0.005707382499262802
2018-07-11, 0.138357716415431, 0.46113537117903924, 0.12405504942818385, 0.13256943195539903, 0.36673812890571567, 0.0055061025970450555, 0.00411739140380172, 0.007032873355000258, 0.005707382499262802
2018-07-11, 0.138357716415431, 0.46113537117903924, 0.12405504942818385, 0.13256943195539903, 0.36673812890571567, 0.0055061025970450555, 0.00411739140380172, 0.007032873355000258, 0.005707382499262802
2018-07-11, 0.138357716415431, 0.46113537117903924, 0.12405504942818385, 0.13256943195539903, 0.36673812890571567, 0.0055061025970450555, 0.00411739140380172, 0.007032873355000258, 0.005707382499262802
2018-07-11, 0.138357716415431, 0.46113537117903924, 0.12405504942818385, 0.13256943195539903, 0.36673812890571567, 0.0055061025970450555, 0.00411739140380172, 0.007032873355000258, 0.005707382499262802
2018-07-11, 0.138357716415431, 0.46113537117903924, 0.12405504942818385, 0.13256943195539903, 0.36673812890571567, 0.0055061025970450555, 0.00411739140380172, 0.007032873355000258, 0.005707382499262802
2018-07-11, 0.10432660928129664, 0.2934497816593884, 0.007753440589261662, 0.30213498445649084, 0.1943164712858644, 0.011012205194090111, 0.005489855205068963, 0.0044754648622729, 0.015980670997935834
2018-07-11, 0.10432660928129664, 0.2934497816593884, 0.007753440589261662, 0.30213498445649084, 0.1943164712858644, 0.011012205194090111, 0.005489855205068963, 0.0044754648622729, 0.015980670997935834
2018-07-11, 0.11766303738133412, 0.3982532751091702, 0.09304128707113789, 0.29288595432006787, 0.13410573370432885, 0.008259153895567587, 0.005489855205068963, 0.0012787042463636858, 0.007990335498967922
2018-07-11, 0.11035011246433686, 0.3772925764192138, 0.10854816824966086, 0.22505973331963092, 0.14505314053733553, 0.011012205194090111, 0.006862319006336205, 0.003836112739091043, 0.005136644249336521
2018-06-11, 0.10142777153376047, 0.37729257641921404, 0.007753440589261319, 0.18806361277393838, 0.20526387811887062, 0.008259153895567587, 0.009607246608870692, 0.0031967606159092146, 0.011985503248451872
2018-06-11, 0.12771556879430088, 0.48209606986899556, 0.11630160883892253, 0.07399224109138562, 0.3256853532819415, 0.0055061025970450555, 0.008234782807603449, 0.0019180563695455287, 0.007990335498967922
2018-06-11, 0.12771556879430088, 0.48209606986899556, 0.11630160883892253, 0.07399224109138562, 0.3256853532819415, 0.0055061025970450555, 0.008234782807603449, 0.0019180563695455287, 0.007990335498967922
2018-06-11, 0.12771556879430088, 0.48209606986899556, 0.11630160883892253, 0.07399224109138562, 0.3256853532819415, 0.0055061025970450555, 0.008234782807603449, 0.0019180563695455287, 0.007990335498967922
2018-06-11, 0.12771556879430088, 0.48209606986899556, 0.11630160883892253, 0.07399224109138562, 0.3256853532819415, 0.0055061025970450555, 0.008234782807603449, 0.0019180563695455287, 0.007990335498967922
2018-06-11, 0.12771556879430088, 0.48209606986899556, 0.11630160883892253, 0.07399224109138562, 0.3256853532819415, 0.0055061025970450555, 0.008234782807603449, 0.0019180563695455287, 0.007990335498967922
2018-06-11, 0.12771556879430088, 0.48209606986899556, 0.11630160883892253, 0.07399224109138562, 0.3256853532819415, 0.0055061025970450555, 0.008234782807603449, 0.0019180563695455287, 0.007990335498967922
2018-06-11, 0.12771556879430088, 0.48209606986899556, 0.11630160883892253, 0.07399224109138562, 0.3256853532819415, 0.0055061025970450555, 0.008234782807603449, 0.0019180563695455287, 0.007990335498967922
2018-06-11, 0.12771556879430088, 0.48209606986899556, 0.11630160883892253, 0.07399224109138562, 0.3256853532819415, 0.0055061025970450555, 0.008234782807603449, 0.0019180563695455287, 0.007990335498967922
2018-06-11, 0.12771556879430088, 0.48209606986899556, 0.11630160883892253, 0.07399224109138562, 0.3256853532819415, 0.0055061025970450555, 0.008234782807603449, 0.0019180563695455287, 0.007990335498967922
2018-06-11, 0.12771556879430088, 0.48209606986899556, 0.11630160883892253, 0.07399224109138562, 0.3256853532819415, 0.0055061025970450555, 0.008234782807603449, 0.0019180563695455287, 0.007990335498967922
2018-06-11, 0.10142777153376047, 0.37729257641921404, 0.007753440589261319, 0.18806361277393838, 0.20526387811887062, 0.008259153895567587, 0.009607246608870692, 0.0031967606159092146, 0.011985503248451872
2018-06-11, 0.10142777153376047, 0.37729257641921404, 0.007753440589261319, 0.18806361277393838, 0.20526387811887062, 0.008259153895567587, 0.009607246608870692, 0.0031967606159092146, 0.011985503248451872
2018-06-11, 0.11314272070723681, 0.4192139737991265, 0.06978096530335359, 0.1788145826375151, 0.20800072982712264, 0.0055061025970450555, 0.006862319006336205, 0.0038361127390910575, 0.013126979748304431
2018-06-11, 0.11374364572988616, 0.3982532751091702, 0.06978096530335359, 0.20347866300131032, 0.20252702641061907, 0.0055061025970450555, 0.008234782807603449, 0.0044754648622729, 0.017692885747714673
2018-05-12, 0.13386905860004647, 0.5240174672489082, 0.10079472766039956, 0.2281427433651055, 0.18063221274460617, 0.005506102597045063, 0.005489855205068963, 0.006393521231818429, 0.019975838747419792
2018-05-12, 0.1533082063483238, 0.6707423580786026, 0.10079472766039956, 0.1079053515916041, 0.3256853532819415, 0.005506102597045063, 0.005489855205068963, 0.0006393521231818429, 0.00970255024874675
2018-05-12, 0.1533082063483238, 0.6707423580786026, 0.10079472766039956, 0.1079053515916041, 0.3256853532819415, 0.005506102597045063, 0.005489855205068963, 0.0006393521231818429, 0.00970255024874675
2018-05-12, 0.1533082063483238, 0.6707423580786026, 0.10079472766039956, 0.1079053515916041, 0.3256853532819415, 0.005506102597045063, 0.005489855205068963, 0.0006393521231818429, 0.00970255024874675
2018-05-12, 0.1533082063483238, 0.6707423580786026, 0.10079472766039956, 0.1079053515916041, 0.3256853532819415, 0.005506102597045063, 0.005489855205068963, 0.0006393521231818429, 0.00970255024874675
2018-05-12, 0.1533082063483238, 0.6707423580786026, 0.10079472766039956, 0.1079053515916041, 0.3256853532819415, 0.005506102597045063, 0.005489855205068963, 0.0006393521231818429, 0.00970255024874675
2018-05-12, 0.1533082063483238, 0.6707423580786026, 0.10079472766039956, 0.1079053515916041, 0.3256853532819415, 0.005506102597045063, 0.005489855205068963, 0.0006393521231818429, 0.00970255024874675
2018-05-12, 0.1533082063483238, 0.6707423580786026, 0.10079472766039956, 0.1079053515916041, 0.3256853532819415, 0.005506102597045063, 0.005489855205068963, 0.0006393521231818429, 0.00970255024874675
2018-05-12, 0.1533082063483238, 0.6707423580786026, 0.10079472766039956, 0.1079053515916041, 0.3256853532819415, 0.005506102597045063, 0.005489855205068963, 0.0006393521231818429, 0.00970255024874675
2018-05-12, 0.1533082063483238, 0.6707423580786026, 0.10079472766039956, 0.1079053515916041, 0.3256853532819415, 0.005506102597045063, 0.005489855205068963, 0.0006393521231818429, 0.00970255024874675
2018-05-12, 0.1533082063483238, 0.6707423580786026, 0.10079472766039956, 0.1079053515916041, 0.3256853532819415, 0.005506102597045063, 0.005489855205068963, 0.0006393521231818429, 0.00970255024874675
2018-05-12, 0.13386905860004647, 0.5240174672489082, 0.10079472766039956, 0.2281427433651055, 0.18063221274460617, 0.005506102597045063, 0.005489855205068963, 0.006393521231818429, 0.019975838747419792
2018-05-12, 0.13386905860004647, 0.5240174672489082, 0.10079472766039956, 0.2281427433651055, 0.18063221274460617, 0.005506102597045063, 0.005489855205068963, 0.006393521231818429, 0.019975838747419792
2018-05-12, 0.1421862586271784, 0.5659388646288208, 0.11630160883892253, 0.17264856254656644, 0.24905350545089663, 0.005506102597045063, 0.002744927602534478, 0.007032873355000272, 0.018263623997640952
2018-05-12, 0.14680355079147075, 0.5868995633187772, 0.13180849001744552, 0.2373917735015288, 0.19157961957761285, 0.005506102597045063, 0.005489855205068963, 0.0031967606159092146, 0.01255624149837815
2018-04-12, 0.13280642705652998, 0.3982532751091703, 0.2791238612134133, 0.19114662281941272, 0.1532636956620902, 0.008259153895567587, 0.00411739140380172, 0.008311577601363957, 0.019975838747419792
2018-04-12, 0.13929768702297923, 0.46113537117903936, 0.24035665826710603, 0.03699612054569281, 0.355790722072709, 0.005506102597045063, 0.00411739140380172, 0.0019180563695455287, 0.00856107374889419
2018-04-12, 0.13929768702297923, 0.46113537117903936, 0.24035665826710603, 0.03699612054569281, 0.355790722072709, 0.005506102597045063, 0.00411739140380172, 0.0019180563695455287, 0.00856107374889419
2018-04-12, 0.13929768702297923, 0.46113537117903936, 0.24035665826710603, 0.03699612054569281, 0.355790722072709, 0.005506102597045063, 0.00411739140380172, 0.0019180563695455287, 0.00856107374889419
2018-04-12, 0.13929768702297923, 0.46113537117903936, 0.24035665826710603, 0.03699612054569281, 0.355790722072709, 0.005506102597045063, 0.00411739140380172, 0.0019180563695455287, 0.00856107374889419
2018-04-12, 0.13929768702297923, 0.46113537117903936, 0.24035665826710603, 0.03699612054569281, 0.355790722072709, 0.005506102597045063, 0.00411739140380172, 0.0019180563695455287, 0.00856107374889419
2018-04-12, 0.13929768702297923, 0.46113537117903936, 0.24035665826710603, 0.03699612054569281, 0.355790722072709, 0.005506102597045063, 0.00411739140380172, 0.0019180563695455287, 0.00856107374889419
2018-04-12, 0.13929768702297923, 0.46113537117903936, 0.24035665826710603, 0.03699612054569281, 0.355790722072709, 0.005506102597045063, 0.00411739140380172, 0.0019180563695455287, 0.00856107374889419
2018-04-12, 0.13929768702297923, 0.46113537117903936, 0.24035665826710603, 0.03699612054569281, 0.355790722072709, 0.005506102597045063, 0.00411739140380172, 0.0019180563695455287, 0.00856107374889419
2018-04-12, 0.13929768702297923, 0.46113537117903936, 0.24035665826710603, 0.03699612054569281, 0.355790722072709, 0.005506102597045063, 0.00411739140380172, 0.0019180563695455287, 0.00856107374889419
2018-04-12, 0.13929768702297923, 0.46113537117903936, 0.24035665826710603, 0.03699612054569281, 0.355790722072709, 0.005506102597045063, 0.00411739140380172, 0.0019180563695455287, 0.00856107374889419
2018-04-12, 0.13280642705652998, 0.3982532751091703, 0.2791238612134133, 0.19114662281941272, 0.1532636956620902, 0.008259153895567587, 0.00411739140380172, 0.008311577601363957, 0.019975838747419792
2018-04-12, 0.13280642705652998, 0.3982532751091703, 0.2791238612134133, 0.19114662281941272, 0.1532636956620902, 0.008259153895567587, 0.00411739140380172, 0.008311577601363957, 0.019975838747419792
2018-04-12, 0.14073593866120518, 0.46113537117903936, 0.28687730180267496, 0.12948642190992468, 0.21894813666012886, 0.005506102597045063, 0.00411739140380172, 0.0038361127390910575, 0.015980670997935834
2018-04-12, 0.1391715267354503, 0.46113537117903936, 0.2791238612134133, 0.20656167304678463, 0.1423162888290835, 0.005506102597045063, 0.00411739140380172, 0.0031967606159092146, 0.011414764998525591
2018-03-13, 0.08686718508722256, 0.23056768558951962, 0.0852878464818764, 0.22197672327415657, 0.11768462345481907, 0.0055061025970450555, 0.005489855205068963, 0.009590281847727629, 0.018834362247567234
2018-03-13, 0.14516676493712555, 0.3982532751091703, 0.0852878464818764, 0.16031652236466884, 0.4953701591935412, 0.0027530512985225316, 0.008234782807603449, 0.0025574084927273573, 0.008561073748894203
2018-03-13, 0.14516676493712555, 0.3982532751091703, 0.0852878464818764, 0.16031652236466884, 0.4953701591935412, 0.0027530512985225316, 0.008234782807603449, 0.0025574084927273573, 0.008561073748894203
2018-03-13, 0.14516676493712555, 0.3982532751091703, 0.0852878464818764, 0.16031652236466884, 0.4953701591935412, 0.0027530512985225316, 0.008234782807603449, 0.0025574084927273573, 0.008561073748894203
2018-03-13, 0.14516676493712555, 0.3982532751091703, 0.0852878464818764, 0.16031652236466884, 0.4953701591935412, 0.0027530512985225316, 0.008234782807603449, 0.0025574084927273573, 0.008561073748894203
2018-03-13, 0.14516676493712555, 0.3982532751091703, 0.0852878464818764, 0.16031652236466884, 0.4953701591935412, 0.0027530512985225316, 0.008234782807603449, 0.0025574084927273573, 0.008561073748894203
2018-03-13, 0.14516676493712555, 0.3982532751091703, 0.0852878464818764, 0.16031652236466884, 0.4953701591935412, 0.0027530512985225316, 0.008234782807603449, 0.0025574084927273573, 0.008561073748894203
2018-03-13, 0.14516676493712555, 0.3982532751091703, 0.0852878464818764, 0.16031652236466884, 0.4953701591935412, 0.0027530512985225316, 0.008234782807603449, 0.0025574084927273573, 0.008561073748894203
2018-03-13, 0.14516676493712555, 0.3982532751091703, 0.0852878464818764, 0.16031652236466884, 0.4953701591935412, 0.0027530512985225316, 0.008234782807603449, 0.0025574084927273573, 0.008561073748894203
2018-03-13, 0.14516676493712555, 0.3982532751091703, 0.0852878464818764, 0.16031652236466884, 0.4953701591935412, 0.0027530512985225316, 0.008234782807603449, 0.0025574084927273573, 0.008561073748894203
2018-03-13, 0.14516676493712555, 0.3982532751091703, 0.0852878464818764, 0.16031652236466884, 0.4953701591935412, 0.0027530512985225316, 0.008234782807603449, 0.0025574084927273573, 0.008561073748894203
2018-03-13, 0.08686718508722256, 0.23056768558951962, 0.0852878464818764, 0.22197672327415657, 0.11768462345481907, 0.0055061025970450555, 0.005489855205068963, 0.009590281847727629, 0.018834362247567234
2018-03-13, 0.08686718508722256, 0.23056768558951962, 0.0852878464818764, 0.22197672327415657, 0.11768462345481907, 0.0055061025970450555, 0.005489855205068963, 0.009590281847727629, 0.018834362247567234
2018-03-13, 0.11180252079348851, 0.3144104803493449, 0.12405504942818368, 0.03699612054569281, 0.38589609086347676, 0.0027530512985225316, 0.006862319006336205, 0.005754169108636572, 0.017692885747714673
2018-03-13, 0.09473034304363956, 0.23056768558951962, 0.0852878464818764, 0.05857719086401341, 0.35579072207270923, 0.0055061025970450555, 0.006862319006336205, 0.003836112739091043, 0.011414764998525591
2018-02-11, 0.1186671729566136, 0.1886462882096069, 0.28687730180267496, 0.049328160727590414, 0.3804223874469737, 0.008259153895567587, 0.002744927602534478, 0.010229633970909473, 0.022829529997051193
2018-02-11, 0.1719851354960163, 0.37729257641921393, 0.30238418298119796, 0.13565244200087365, 0.5309492314008121, 0.0055061025970450555, 0.005489855205068963, 0.0031967606159092003, 0.015409932748009551
2018-02-11, 0.1719851354960163, 0.37729257641921393, 0.30238418298119796, 0.13565244200087365, 0.5309492314008121, 0.0055061025970450555, 0.005489855205068963, 0.0031967606159092003, 0.015409932748009551
2018-02-11, 0.1719851354960163, 0.37729257641921393, 0.30238418298119796, 0.13565244200087365, 0.5309492314008121, 0.0055061025970450555, 0.005489855205068963, 0.0031967606159092003, 0.015409932748009551
2018-02-11, 0.1719851354960163, 0.37729257641921393, 0.30238418298119796, 0.13565244200087365, 0.5309492314008121, 0.0055061025970450555, 0.005489855205068963, 0.0031967606159092003, 0.015409932748009551
2018-02-11, 0.1719851354960163, 0.37729257641921393, 0.30238418298119796, 0.13565244200087365, 0.5309492314008121, 0.0055061025970450555, 0.005489855205068963, 0.0031967606159092003, 0.015409932748009551
2018-02-11, 0.1719851354960163, 0.37729257641921393, 0.30238418298119796, 0.13565244200087365, 0.5309492314008121, 0.0055061025970450555, 0.005489855205068963, 0.0031967606159092003, 0.015409932748009551
2018-02-11, 0.1719851354960163, 0.37729257641921393, 0.30238418298119796, 0.13565244200087365, 0.5309492314008121, 0.0055061025970450555, 0.005489855205068963, 0.0031967606159092003, 0.015409932748009551
2018-02-11, 0.1719851354960163, 0.37729257641921393, 0.30238418298119796, 0.13565244200087365, 0.5309492314008121, 0.0055061025970450555, 0.005489855205068963, 0.0031967606159092003, 0.015409932748009551
2018-02-11, 0.1719851354960163, 0.37729257641921393, 0.30238418298119796, 0.13565244200087365, 0.5309492314008121, 0.0055061025970450555, 0.005489855205068963, 0.0031967606159092003, 0.015409932748009551
2018-02-11, 0.1719851354960163, 0.37729257641921393, 0.30238418298119796, 0.13565244200087365, 0.5309492314008121, 0.0055061025970450555, 0.005489855205068963, 0.0031967606159092003, 0.015409932748009551
2018-02-11, 0.1186671729566136, 0.1886462882096069, 0.28687730180267496, 0.049328160727590414, 0.3804223874469737, 0.008259153895567587, 0.002744927602534478, 0.010229633970909473, 0.022829529997051193
2018-02-11, 0.1186671729566136, 0.1886462882096069, 0.28687730180267496, 0.049328160727590414, 0.3804223874469737, 0.008259153895567587, 0.002744927602534478, 0.010229633970909473, 0.022829529997051193
2018-02-11, 0.11945029441488444, 0.25152838427947594, 0.271370420624152, 0.05857719086401341, 0.33389590840669636, 0.008259153895567587, 0.00411739140380172, 0.009590281847727629, 0.018263623997640952
2018-02-11, 0.12070140570854701, 0.23056768558951962, 0.26361698003489054, 0.033913110500218474, 0.39136979427998014, 0.008259153895567587, 0.00411739140380172, 0.011508338217273158, 0.022258791747124914
2018-01-12, 0.09573712695112055, 0.06288209606986893, 0.09304128707113772, 0.15723351231919425, 0.4132646079459928, 0.008259153895567587, 0.002744927602534478, 0.015344450956364209, 0.013126979748304431
2018-01-12, 0.08740065084595722, 0.14672489082969434, 0.11630160883892218, 0.06782622100043668, 0.3366327601149479, 0.0055061025970450555, 0.0013724638012672426, 0.013426394586818694, 0.011414764998525591
2018-01-12, 0.08740065084595722, 0.14672489082969434, 0.11630160883892218, 0.06782622100043668, 0.3366327601149479, 0.0055061025970450555, 0.0013724638012672426, 0.013426394586818694, 0.011414764998525591
2018-01-12, 0.08740065084595722, 0.14672489082969434, 0.11630160883892218, 0.06782622100043668, 0.3366327601149479, 0.0055061025970450555, 0.0013724638012672426, 0.013426394586818694, 0.011414764998525591
2018-01-12, 0.08740065084595722, 0.14672489082969434, 0.11630160883892218, 0.06782622100043668, 0.3366327601149479, 0.0055061025970450555, 0.0013724638012672426, 0.013426394586818694, 0.011414764998525591
2018-01-12, 0.08740065084595722, 0.14672489082969434, 0.11630160883892218, 0.06782622100043668, 0.3366327601149479, 0.0055061025970450555, 0.0013724638012672426, 0.013426394586818694, 0.011414764998525591
2018-01-12, 0.08740065084595722, 0.14672489082969434, 0.11630160883892218, 0.06782622100043668, 0.3366327601149479, 0.0055061025970450555, 0.0013724638012672426, 0.013426394586818694, 0.011414764998525591
2018-01-12, 0.08740065084595722, 0.14672489082969434, 0.11630160883892218, 0.06782622100043668, 0.3366327601149479, 0.0055061025970450555, 0.0013724638012672426, 0.013426394586818694, 0.011414764998525591
2018-01-12, 0.08740065084595722, 0.14672489082969434, 0.11630160883892218, 0.06782622100043668, 0.3366327601149479, 0.0055061025970450555, 0.0013724638012672426, 0.013426394586818694, 0.011414764998525591
2018-01-12, 0.08740065084595722, 0.14672489082969434, 0.11630160883892218, 0.06782622100043668, 0.3366327601149479, 0.0055061025970450555, 0.0013724638012672426, 0.013426394586818694, 0.011414764998525591
2018-01-12, 0.08740065084595722, 0.14672489082969434, 0.11630160883892218, 0.06782622100043668, 0.3366327601149479, 0.0055061025970450555, 0.0013724638012672426, 0.013426394586818694, 0.011414764998525591
2018-01-12, 0.09573712695112055, 0.06288209606986893, 0.09304128707113772, 0.15723351231919425, 0.4132646079459928, 0.008259153895567587, 0.002744927602534478, 0.015344450956364209, 0.013126979748304431
2018-01-12, 0.09573712695112055, 0.06288209606986893, 0.09304128707113772, 0.15723351231919425, 0.4132646079459928, 0.008259153895567587, 0.002744927602534478, 0.015344450956364209, 0.013126979748304431
2018-01-12, 0.08406374575633244, 0.08384279475982528, 0.1085481682496607, 0.07399224109138562, 0.36673812890571544, 0.0055061025970450555, 0.0, 0.01790185944909158, 0.01598067099793582
2018-01-12, 0.08071697573505363, 0.14672489082969434, 0.09304128707113772, 0.05857719086401368, 0.30926424303243166, 0.008259153895567587, 0.002744927602534478, 0.013426394586818694, 0.013697717998230712
2017-12-13, 0.11216478393330165, 0.2096069868995633, 0.007753440589261491, 0.15723351231919425, 0.4898964557770379, 0.005506102597045063, 0.008234782807603449, 0.0076722254781821, 0.011414764998525591
2017-12-13, 0.07942622238058623, 0.251528384279476, 0.06202752471409175, 0.018498060272846267, 0.28189572594991547, 0.005506102597045063, 0.009607246608870692, 0.0006393521231818287, 0.005707382499262802
2017-12-13, 0.07942622238058623, 0.251528384279476, 0.06202752471409175, 0.018498060272846267, 0.28189572594991547, 0.005506102597045063, 0.009607246608870692, 0.0006393521231818287, 0.005707382499262802
2017-12-13, 0.07942622238058623, 0.251528384279476, 0.06202752471409175, 0.018498060272846267, 0.28189572594991547, 0.005506102597045063, 0.009607246608870692, 0.0006393521231818287, 0.005707382499262802
2017-12-13, 0.07942622238058623, 0.251528384279476, 0.06202752471409175, 0.018498060272846267, 0.28189572594991547, 0.005506102597045063, 0.009607246608870692, 0.0006393521231818287, 0.005707382499262802
2017-12-13, 0.07942622238058623, 0.251528384279476, 0.06202752471409175, 0.018498060272846267, 0.28189572594991547, 0.005506102597045063, 0.009607246608870692, 0.0006393521231818287, 0.005707382499262802
2017-12-13, 0.07942622238058623, 0.251528384279476, 0.06202752471409175, 0.018498060272846267, 0.28189572594991547, 0.005506102597045063, 0.009607246608870692, 0.0006393521231818287, 0.005707382499262802
2017-12-13, 0.07942622238058623, 0.251528384279476, 0.06202752471409175, 0.018498060272846267, 0.28189572594991547, 0.005506102597045063, 0.009607246608870692, 0.0006393521231818287, 0.005707382499262802
2017-12-13, 0.07942622238058623, 0.251528384279476, 0.06202752471409175, 0.018498060272846267, 0.28189572594991547, 0.005506102597045063, 0.009607246608870692, 0.0006393521231818287, 0.005707382499262802
2017-12-13, 0.07942622238058623, 0.251528384279476, 0.06202752471409175, 0.018498060272846267, 0.28189572594991547, 0.005506102597045063, 0.009607246608870692, 0.0006393521231818287, 0.005707382499262802
2017-12-13, 0.07942622238058623, 0.251528384279476, 0.06202752471409175, 0.018498060272846267, 0.28189572594991547, 0.005506102597045063, 0.009607246608870692, 0.0006393521231818287, 0.005707382499262802
2017-12-13, 0.0993083476318258, 0.08384279475982534, 0.015506881178522981, 0.1664825424556175, 0.48168590065228295, 0.011012205194090118, 0.012352174211405177, 0.007032873355000258, 0.016551409247862112
2017-12-13, 0.0993083476318258, 0.08384279475982534, 0.015506881178522981, 0.1664825424556175, 0.48168590065228295, 0.011012205194090118, 0.012352174211405177, 0.007032873355000258, 0.016551409247862112
2017-12-13, 0.07742361718351527, 0.2096069868995633, 0.01550688117852281, 0.024664080363795207, 0.34758016694795413, 0.005506102597045063, 0.009607246608870692, 0.0006393521231818287, 0.006278120749189082
2017-12-13, 0.10389852709154757, 0.2096069868995633, 0.03101376235704579, 0.11098836163707843, 0.4597910869862701, 0.005506102597045063, 0.006862319006336205, 0.0, 0.007419597249041642
2017-11-13, 0.07036945643053123, 0.08384279475982528, 0.007753440589261319, 0.049328160727590414, 0.3749486840304703, 0.011012205194090111, 0.010979710410137934, 0.005114816985454729, 0.019975838747419792
2017-11-13, 0.07027559053198501, 0.18864628820960702, 0.046520643535568944, 0.00924903013642327, 0.28463257765816724, 0.002753051298522524, 0.008234782807603449, 0.004475464862272886, 0.017692885747714673
2017-11-13, 0.07027559053198501, 0.18864628820960702, 0.046520643535568944, 0.00924903013642327, 0.28463257765816724, 0.002753051298522524, 0.008234782807603449, 0.004475464862272886, 0.017692885747714673
2017-11-13, 0.07027559053198501, 0.18864628820960702, 0.046520643535568944, 0.00924903013642327, 0.28463257765816724, 0.002753051298522524, 0.008234782807603449, 0.004475464862272886, 0.017692885747714673
2017-11-13, 0.07027559053198501, 0.18864628820960702, 0.046520643535568944, 0.00924903013642327, 0.28463257765816724, 0.002753051298522524, 0.008234782807603449, 0.004475464862272886, 0.017692885747714673
2017-11-13, 0.07027559053198501, 0.18864628820960702, 0.046520643535568944, 0.00924903013642327, 0.28463257765816724, 0.002753051298522524, 0.008234782807603449, 0.004475464862272886, 0.017692885747714673
2017-11-13, 0.07027559053198501, 0.18864628820960702, 0.046520643535568944, 0.00924903013642327, 0.28463257765816724, 0.002753051298522524, 0.008234782807603449, 0.004475464862272886, 0.017692885747714673
2017-11-13, 0.07027559053198501, 0.18864628820960702, 0.046520643535568944, 0.00924903013642327, 0.28463257765816724, 0.002753051298522524, 0.008234782807603449, 0.004475464862272886, 0.017692885747714673
2017-11-13, 0.07027559053198501, 0.18864628820960702, 0.046520643535568944, 0.00924903013642327, 0.28463257765816724, 0.002753051298522524, 0.008234782807603449, 0.004475464862272886, 0.017692885747714673
2017-11-13, 0.07027559053198501, 0.18864628820960702, 0.046520643535568944, 0.00924903013642327, 0.28463257765816724, 0.002753051298522524, 0.008234782807603449, 0.004475464862272886, 0.017692885747714673
2017-11-13, 0.07027559053198501, 0.18864628820960702, 0.046520643535568944, 0.00924903013642327, 0.28463257765816724, 0.002753051298522524, 0.008234782807603449, 0.004475464862272886, 0.017692885747714673
2017-11-13, 0.09638582458194236, 0.0, 0.0, 0.16031652236466856, 0.5610546001915796, 0.008259153895567587, 0.009607246608870692, 0.009590281847727629, 0.022258791747124914
2017-11-13, 0.09638582458194236, 0.0, 0.0, 0.16031652236466856, 0.5610546001915796, 0.008259153895567587, 0.009607246608870692, 0.009590281847727629, 0.022258791747124914
2017-11-13, 0.08686071165098713, 0.02096069868995635, 0.007753440589261319, 0.16031652236466856, 0.4515805318615152, 0.011012205194090111, 0.010979710410137934, 0.008311577601363944, 0.023971006496903754
2017-11-13, 0.06962365930404248, 0.14672489082969434, 0.007753440589261491, 0.04316214063664148, 0.31473794644893477, 0.0055061025970450555, 0.009607246608870692, 0.008950929724545786, 0.020546576997346074
2017-10-14, 0.07452810514406707, 0.0, 0.007753440589261491, 0.08632428127328308, 0.4707384938192768, 0.005506102597045063, 0.006862319006336205, 0.0019180563695455144, 0.01712214749778838
2017-10-14, 0.06423332398509089, 0.08384279475982528, 0.046520643535568944, 0.06782622100043682, 0.2764220225334126, 0.005506102597045063, 0.002744927602534478, 0.007032873355000258, 0.023971006496903743
2017-10-14, 0.06423332398509089, 0.08384279475982528, 0.046520643535568944, 0.06782622100043682, 0.2764220225334126, 0.005506102597045063, 0.002744927602534478, 0.007032873355000258, 0.023971006496903743
2017-10-14, 0.06423332398509089, 0.08384279475982528, 0.046520643535568944, 0.06782622100043682, 0.2764220225334126, 0.005506102597045063, 0.002744927602534478, 0.007032873355000258, 0.023971006496903743
2017-10-14, 0.06423332398509089, 0.08384279475982528, 0.046520643535568944, 0.06782622100043682, 0.2764220225334126, 0.005506102597045063, 0.002744927602534478, 0.007032873355000258, 0.023971006496903743
2017-10-14, 0.06423332398509089, 0.08384279475982528, 0.046520643535568944, 0.06782622100043682, 0.2764220225334126, 0.005506102597045063, 0.002744927602534478, 0.007032873355000258, 0.023971006496903743
2017-10-14, 0.06423332398509089, 0.08384279475982528, 0.046520643535568944, 0.06782622100043682, 0.2764220225334126, 0.005506102597045063, 0.002744927602534478, 0.007032873355000258, 0.023971006496903743
2017-10-14, 0.06423332398509089, 0.08384279475982528, 0.046520643535568944, 0.06782622100043682, 0.2764220225334126, 0.005506102597045063, 0.002744927602534478, 0.007032873355000258, 0.023971006496903743
2017-10-14, 0.06423332398509089, 0.08384279475982528, 0.046520643535568944, 0.06782622100043682, 0.2764220225334126, 0.005506102597045063, 0.002744927602534478, 0.007032873355000258, 0.023971006496903743
2017-10-14, 0.06423332398509089, 0.08384279475982528, 0.046520643535568944, 0.06782622100043682, 0.2764220225334126, 0.005506102597045063, 0.002744927602534478, 0.007032873355000258, 0.023971006496903743
2017-10-14, 0.06423332398509089, 0.08384279475982528, 0.046520643535568944, 0.06782622100043682, 0.2764220225334126, 0.005506102597045063, 0.002744927602534478, 0.007032873355000258, 0.023971006496903743
2017-10-14, 0.1268867569510501, 0.06288209606986905, 0.007753440589261491, 0.2898029442745934, 0.6103179309401088, 0.011012205194090118, 0.008234782807603449, 0.005114816985454729, 0.01997583874741978
2017-10-14, 0.1268867569510501, 0.06288209606986905, 0.007753440589261491, 0.2898029442745934, 0.6103179309401088, 0.011012205194090118, 0.008234782807603449, 0.005114816985454729, 0.01997583874741978
2017-10-14, 0.07191270633740789, 0.06288209606986893, 0.05427408412483043, 0.040079130591167, 0.3886329425717283, 0.008259153895567587, 0.005489855205068963, 0.0025574084927273573, 0.013126979748304431
2017-10-14, 0.07024785701751733, 0.04192139737991258, 0.015506881178522981, 0.09557331140970636, 0.37221183232221877, 0.005506102597045063, 0.00411739140380172, 0.008311577601363944, 0.01883436224756722
2017-09-14, 0.06164811682725875, 0.0419213973799127, 0.007753440589261491, 0.07399224109138548, 0.33936961182319925, 0.0055061025970450555, 0.00411739140380172, 0.005114816985454729, 0.015409932748009551
2017-09-14, 0.06164811682725875, 0.0419213973799127, 0.007753440589261491, 0.07399224109138548, 0.33936961182319925, 0.0055061025970450555, 0.00411739140380172, 0.005114816985454729, 0.015409932748009551
2017-09-14, 0.06164811682725875, 0.0419213973799127, 0.007753440589261491, 0.07399224109138548, 0.33936961182319925, 0.0055061025970450555, 0.00411739140380172, 0.005114816985454729, 0.015409932748009551
2017-09-14, 0.06164811682725875, 0.0419213973799127, 0.007753440589261491, 0.07399224109138548, 0.33936961182319925, 0.0055061025970450555, 0.00411739140380172, 0.005114816985454729, 0.015409932748009551
2017-09-14, 0.06164811682725875, 0.0419213973799127, 0.007753440589261491, 0.07399224109138548, 0.33936961182319925, 0.0055061025970450555, 0.00411739140380172, 0.005114816985454729, 0.015409932748009551
2017-09-14, 0.06164811682725875, 0.0419213973799127, 0.007753440589261491, 0.07399224109138548, 0.33936961182319925, 0.0055061025970450555, 0.00411739140380172, 0.005114816985454729, 0.015409932748009551
2017-09-14, 0.06164811682725875, 0.0419213973799127, 0.007753440589261491, 0.07399224109138548, 0.33936961182319925, 0.0055061025970450555, 0.00411739140380172, 0.005114816985454729, 0.015409932748009551
2017-09-14, 0.06164811682725875, 0.0419213973799127, 0.007753440589261491, 0.07399224109138548, 0.33936961182319925, 0.0055061025970450555, 0.00411739140380172, 0.005114816985454729, 0.015409932748009551
2017-09-14, 0.06164811682725875, 0.0419213973799127, 0.007753440589261491, 0.07399224109138548, 0.33936961182319925, 0.0055061025970450555, 0.00411739140380172, 0.005114816985454729, 0.015409932748009551
2017-09-14, 0.06164811682725875, 0.0419213973799127, 0.007753440589261491, 0.07399224109138548, 0.33936961182319925, 0.0055061025970450555, 0.00411739140380172, 0.005114816985454729, 0.015409932748009551
2017-09-14, 0.06164811682725875, 0.0419213973799127, 0.007753440589261491, 0.07399224109138548, 0.33936961182319925, 0.0055061025970450555, 0.00411739140380172, 0.005114816985454729, 0.015409932748009551
2017-09-14, 0.12524173815712647, 0.14672489082969434, 0.023260321767784472, 0.23739177350152865, 0.5501071933585732, 0.011012205194090111, 0.006862319006336205, 0.008311577601363944, 0.018263623997640952
2017-09-14, 0.12524173815712647, 0.14672489082969434, 0.023260321767784472, 0.23739177350152865, 0.5501071933585732, 0.011012205194090111, 0.006862319006336205, 0.008311577601363944, 0.018263623997640952
2017-09-14, 0.12524173815712647, 0.14672489082969434, 0.023260321767784472, 0.23739177350152865, 0.5501071933585732, 0.011012205194090111, 0.006862319006336205, 0.008311577601363944, 0.018263623997640952
2017-09-14, 0.08447303115692086, 0.0419213973799127, 0.015506881178522981, 0.15415050227371976, 0.42968571819550233, 0.008259153895567587, 0.002744927602534478, 0.006393521231818415, 0.01712214749778839
2017-08-15, 0.02607200116406153, 0.06288209606986905, 0.031013762357045963, 0.03699612054569281, 0.05747388587328376, 0.0, 0.0027449276025344853, 0.0031967606159092003, 0.014268456248156992
2017-08-15, 0.02607200116406153, 0.06288209606986905, 0.031013762357045963, 0.03699612054569281, 0.05747388587328376, 0.0, 0.0027449276025344853, 0.0031967606159092003, 0.014268456248156992
2017-08-15, 0.02607200116406153, 0.06288209606986905, 0.031013762357045963, 0.03699612054569281, 0.05747388587328376, 0.0, 0.0027449276025344853, 0.0031967606159092003, 0.014268456248156992
2017-08-15, 0.02607200116406153, 0.06288209606986905, 0.031013762357045963, 0.03699612054569281, 0.05747388587328376, 0.0, 0.0027449276025344853, 0.0031967606159092003, 0.014268456248156992
2017-08-15, 0.02607200116406153, 0.06288209606986905, 0.031013762357045963, 0.03699612054569281, 0.05747388587328376, 0.0, 0.0027449276025344853, 0.0031967606159092003, 0.014268456248156992
2017-08-15, 0.02607200116406153, 0.06288209606986905, 0.031013762357045963, 0.03699612054569281, 0.05747388587328376, 0.0, 0.0027449276025344853, 0.0031967606159092003, 0.014268456248156992
2017-08-15, 0.02607200116406153, 0.06288209606986905, 0.031013762357045963, 0.03699612054569281, 0.05747388587328376, 0.0, 0.0027449276025344853, 0.0031967606159092003, 0.014268456248156992
2017-08-15, 0.02607200116406153, 0.06288209606986905, 0.031013762357045963, 0.03699612054569281, 0.05747388587328376, 0.0, 0.0027449276025344853, 0.0031967606159092003, 0.014268456248156992
2017-08-15, 0.02607200116406153, 0.06288209606986905, 0.031013762357045963, 0.03699612054569281, 0.05747388587328376, 0.0, 0.0027449276025344853, 0.0031967606159092003, 0.014268456248156992
2017-08-15, 0.02607200116406153, 0.06288209606986905, 0.031013762357045963, 0.03699612054569281, 0.05747388587328376, 0.0, 0.0027449276025344853, 0.0031967606159092003, 0.014268456248156992
2017-08-15, 0.02607200116406153, 0.06288209606986905, 0.031013762357045963, 0.03699612054569281, 0.05747388587328376, 0.0, 0.0027449276025344853, 0.0031967606159092003, 0.014268456248156992
2017-08-15, 0.06962614987917465, 0.10480349344978163, 0.015506881178522981, 0.23122575341057985, 0.16694795420334818, 0.005506102597045063, 0.0027449276025344853, 0.010868986094091315, 0.019405100497493513
2017-08-15, 0.06962614987917465, 0.10480349344978163, 0.015506881178522981, 0.23122575341057985, 0.16694795420334818, 0.005506102597045063, 0.0027449276025344853, 0.010868986094091315, 0.019405100497493513
2017-08-15, 0.06962614987917465, 0.10480349344978163, 0.015506881178522981, 0.23122575341057985, 0.16694795420334818, 0.005506102597045063, 0.0027449276025344853, 0.010868986094091315, 0.019405100497493513
2017-08-15, 0.03589874062219731, 0.0419213973799127, 0.007753440589261491, 0.08632428127328322, 0.12042147516307086, 0.0027530512985225316, 0.0013724638012672426, 0.008950929724545786, 0.017692885747714673
2017-07-16, 0.06411351456206309, 0.0838427947598254, 0.03876720294630745, 0.2620558538653239, 0.10400036491356109, 0.0027530512985225316, 0.002744927602534478, 0.004475464862272886, 0.014268456248156992
2017-07-16, 0.06411351456206309, 0.0838427947598254, 0.03876720294630745, 0.2620558538653239, 0.10400036491356109, 0.0027530512985225316, 0.002744927602534478, 0.004475464862272886, 0.014268456248156992
2017-07-16, 0.06411351456206309, 0.0838427947598254, 0.03876720294630745, 0.2620558538653239, 0.10400036491356109, 0.0027530512985225316, 0.002744927602534478, 0.004475464862272886, 0.014268456248156992
2017-07-16, 0.06411351456206309, 0.0838427947598254, 0.03876720294630745, 0.2620558538653239, 0.10400036491356109, 0.0027530512985225316, 0.002744927602534478, 0.004475464862272886, 0.014268456248156992
2017-07-16, 0.06411351456206309, 0.0838427947598254, 0.03876720294630745, 0.2620558538653239, 0.10400036491356109, 0.0027530512985225316, 0.002744927602534478, 0.004475464862272886, 0.014268456248156992
2017-07-16, 0.06411351456206309, 0.0838427947598254, 0.03876720294630745, 0.2620558538653239, 0.10400036491356109, 0.0027530512985225316, 0.002744927602534478, 0.004475464862272886, 0.014268456248156992
2017-07-16, 0.06411351456206309, 0.0838427947598254, 0.03876720294630745, 0.2620558538653239, 0.10400036491356109, 0.0027530512985225316, 0.002744927602534478, 0.004475464862272886, 0.014268456248156992
2017-07-16, 0.06411351456206309, 0.0838427947598254, 0.03876720294630745, 0.2620558538653239, 0.10400036491356109, 0.0027530512985225316, 0.002744927602534478, 0.004475464862272886, 0.014268456248156992
2017-07-16, 0.06411351456206309, 0.0838427947598254, 0.03876720294630745, 0.2620558538653239, 0.10400036491356109, 0.0027530512985225316, 0.002744927602534478, 0.004475464862272886, 0.014268456248156992
2017-07-16, 0.06411351456206309, 0.0838427947598254, 0.03876720294630745, 0.2620558538653239, 0.10400036491356109, 0.0027530512985225316, 0.002744927602534478, 0.004475464862272886, 0.014268456248156992
2017-07-16, 0.06411351456206309, 0.0838427947598254, 0.03876720294630745, 0.2620558538653239, 0.10400036491356109, 0.0027530512985225316, 0.002744927602534478, 0.004475464862272886, 0.014268456248156992
2017-07-16, 0.11564708826973054, 0.16768558951965068, 0.05427408412483043, 0.49636461732137804, 0.16694795420334818, 0.0027530512985225316, 0.002744927602534478, 0.012147690340455, 0.0222587917471249
2017-07-16, 0.11564708826973054, 0.16768558951965068, 0.05427408412483043, 0.49636461732137804, 0.16694795420334818, 0.0027530512985225316, 0.002744927602534478, 0.012147690340455, 0.0222587917471249
2017-07-16, 0.11564708826973054, 0.16768558951965068, 0.05427408412483043, 0.49636461732137804, 0.16694795420334818, 0.0027530512985225316, 0.002744927602534478, 0.012147690340455, 0.0222587917471249
2017-07-16, 0.058617132491996994, 0.10480349344978163, 0.007753440589261491, 0.302134984456491, 0.01642111024950954, 0.0027530512985225316, 0.0013724638012672426, 0.010868986094091315, 0.022829529997051182
2017-06-16, 0.06033218286515661, 0.02096069868995635, 0.05427408412483043, 0.24355779359247745, 0.11768462345481907, 0.011012205194090118, 0.00411739140380172, 0.012787042463636844, 0.018263623997640942
2017-06-16, 0.057474484781244575, 0.0, 0.05427408412483043, 0.323716054774812, 0.043789627332025766, 0.008259153895567587, 0.00411739140380172, 0.010229633970909473, 0.01540993274800954
2017-06-16, 0.057474484781244575, 0.0, 0.05427408412483043, 0.323716054774812, 0.043789627332025766, 0.008259153895567587, 0.00411739140380172, 0.010229633970909473, 0.01540993274800954
2017-06-16, 0.057474484781244575, 0.0, 0.05427408412483043, 0.323716054774812, 0.043789627332025766, 0.008259153895567587, 0.00411739140380172, 0.010229633970909473, 0.01540993274800954
2017-06-16, 0.057474484781244575, 0.0, 0.05427408412483043, 0.323716054774812, 0.043789627332025766, 0.008259153895567587, 0.00411739140380172, 0.010229633970909473, 0.01540993274800954
2017-06-16, 0.057474484781244575, 0.0, 0.05427408412483043, 0.323716054774812, 0.043789627332025766, 0.008259153895567587, 0.00411739140380172, 0.010229633970909473, 0.01540993274800954
2017-06-16, 0.057474484781244575, 0.0, 0.05427408412483043, 0.323716054774812, 0.043789627332025766, 0.008259153895567587, 0.00411739140380172, 0.010229633970909473, 0.01540993274800954
2017-06-16, 0.057474484781244575, 0.0, 0.05427408412483043, 0.323716054774812, 0.043789627332025766, 0.008259153895567587, 0.00411739140380172, 0.010229633970909473, 0.01540993274800954
2017-06-16, 0.057474484781244575, 0.0, 0.05427408412483043, 0.323716054774812, 0.043789627332025766, 0.008259153895567587, 0.00411739140380172, 0.010229633970909473, 0.01540993274800954
2017-06-16, 0.057474484781244575, 0.0, 0.05427408412483043, 0.323716054774812, 0.043789627332025766, 0.008259153895567587, 0.00411739140380172, 0.010229633970909473, 0.01540993274800954
2017-06-16, 0.057474484781244575, 0.0, 0.05427408412483043, 0.323716054774812, 0.043789627332025766, 0.008259153895567587, 0.00411739140380172, 0.010229633970909473, 0.01540993274800954
2017-06-16, 0.07907372556395875, 0.10480349344978163, 0.007753440589261491, 0.16339953241014318, 0.3010536879076768, 0.013765256492612642, 0.005489855205068963, 0.01406574671000053, 0.0222587917471249
2017-06-16, 0.07907372556395875, 0.10480349344978163, 0.007753440589261491, 0.16339953241014318, 0.3010536879076768, 0.013765256492612642, 0.005489855205068963, 0.01406574671000053, 0.0222587917471249
2017-06-16, 0.05933130447092121, 0.0, 0.09304128707113772, 0.23122575341057985, 0.11768462345481907, 0.008259153895567587, 0.005489855205068963, 0.006393521231818429, 0.01255624149837815
2017-06-16, 0.08133504403294294, 0.12576419213973797, 0.023260321767784472, 0.1449014721372969, 0.3037905396159286, 0.011012205194090118, 0.005489855205068963, 0.015344450956364216, 0.021117315247272343
2017-05-17, 0.06669167276366546, 0.0838427947598254, 0.06202752471409175, 0.23430876345605445, 0.10947406833006443, 0.016518307791135174, 0.005489855205068963, 0.007032873355000258, 0.014839194498083273
2017-05-17, 0.06669167276366546, 0.0838427947598254, 0.06202752471409175, 0.23430876345605445, 0.10947406833006443, 0.016518307791135174, 0.005489855205068963, 0.007032873355000258, 0.014839194498083273
2017-05-17, 0.06669167276366546, 0.0838427947598254, 0.06202752471409175, 0.23430876345605445, 0.10947406833006443, 0.016518307791135174, 0.005489855205068963, 0.007032873355000258, 0.014839194498083273
2017-05-17, 0.06669167276366546, 0.0838427947598254, 0.06202752471409175, 0.23430876345605445, 0.10947406833006443, 0.016518307791135174, 0.005489855205068963, 0.007032873355000258, 0.014839194498083273
2017-05-17, 0.06669167276366546, 0.0838427947598254, 0.06202752471409175, 0.23430876345605445, 0.10947406833006443, 0.016518307791135174, 0.005489855205068963, 0.007032873355000258, 0.014839194498083273
2017-05-17, 0.06669167276366546, 0.0838427947598254, 0.06202752471409175, 0.23430876345605445, 0.10947406833006443, 0.016518307791135174, 0.005489855205068963, 0.007032873355000258, 0.014839194498083273
2017-05-17, 0.06669167276366546, 0.0838427947598254, 0.06202752471409175, 0.23430876345605445, 0.10947406833006443, 0.016518307791135174, 0.005489855205068963, 0.007032873355000258, 0.014839194498083273
2017-05-17, 0.06669167276366546, 0.0838427947598254, 0.06202752471409175, 0.23430876345605445, 0.10947406833006443, 0.016518307791135174, 0.005489855205068963, 0.007032873355000258, 0.014839194498083273
2017-05-17, 0.06669167276366546, 0.0838427947598254, 0.06202752471409175, 0.23430876345605445, 0.10947406833006443, 0.016518307791135174, 0.005489855205068963, 0.007032873355000258, 0.014839194498083273
2017-05-17, 0.06669167276366546, 0.0838427947598254, 0.06202752471409175, 0.23430876345605445, 0.10947406833006443, 0.016518307791135174, 0.005489855205068963, 0.007032873355000258, 0.014839194498083273
2017-05-17, 0.06669167276366546, 0.0838427947598254, 0.06202752471409175, 0.23430876345605445, 0.10947406833006443, 0.016518307791135174, 0.005489855205068963, 0.007032873355000258, 0.014839194498083273
2017-05-17, 0.08384578151851425, 0.10480349344978163, 0.023260321767784472, 0.1541505022737199, 0.3256853532819415, 0.019271359089657707, 0.005489855205068963, 0.014705098833182372, 0.02340026824697746
2017-05-17, 0.08384578151851425, 0.10480349344978163, 0.023260321767784472, 0.1541505022737199, 0.3256853532819415, 0.019271359089657707, 0.005489855205068963, 0.014705098833182372, 0.02340026824697746
2017-05-17, 0.08384578151851425, 0.10480349344978163, 0.023260321767784472, 0.1541505022737199, 0.3256853532819415, 0.019271359089657707, 0.005489855205068963, 0.014705098833182372, 0.02340026824697746
2017-05-17, 0.08755663229193875, 0.10480349344978163, 0.06202752471409175, 0.2373917735015288, 0.24357980203439303, 0.016518307791135174, 0.006862319006336205, 0.012147690340455, 0.01712214749778838
2017-04-17, 0.057927320387844004, 0.06288209606986905, 0.05427408412483043, 0.22505973331963092, 0.08210555124754819, 0.011012205194090118, 0.0013724638012672426, 0.009590281847727629, 0.01712214749778838
2017-04-17, 0.057927320387844004, 0.06288209606986905, 0.05427408412483043, 0.22505973331963092, 0.08210555124754819, 0.011012205194090118, 0.0013724638012672426, 0.009590281847727629, 0.01712214749778838
2017-04-17, 0.057927320387844004, 0.06288209606986905, 0.05427408412483043, 0.22505973331963092, 0.08210555124754819, 0.011012205194090118, 0.0013724638012672426, 0.009590281847727629, 0.01712214749778838
2017-04-17, 0.057927320387844004, 0.06288209606986905, 0.05427408412483043, 0.22505973331963092, 0.08210555124754819, 0.011012205194090118, 0.0013724638012672426, 0.009590281847727629, 0.01712214749778838
2017-04-17, 0.057927320387844004, 0.06288209606986905, 0.05427408412483043, 0.22505973331963092, 0.08210555124754819, 0.011012205194090118, 0.0013724638012672426, 0.009590281847727629, 0.01712214749778838
2017-04-17, 0.057927320387844004, 0.06288209606986905, 0.05427408412483043, 0.22505973331963092, 0.08210555124754819, 0.011012205194090118, 0.0013724638012672426, 0.009590281847727629, 0.01712214749778838
2017-04-17, 0.057927320387844004, 0.06288209606986905, 0.05427408412483043, 0.22505973331963092, 0.08210555124754819, 0.011012205194090118, 0.0013724638012672426, 0.009590281847727629, 0.01712214749778838
2017-04-17, 0.057927320387844004, 0.06288209606986905, 0.05427408412483043, 0.22505973331963092, 0.08210555124754819, 0.011012205194090118, 0.0013724638012672426, 0.009590281847727629, 0.01712214749778838
2017-04-17, 0.057927320387844004, 0.06288209606986905, 0.05427408412483043, 0.22505973331963092, 0.08210555124754819, 0.011012205194090118, 0.0013724638012672426, 0.009590281847727629, 0.01712214749778838
2017-04-17, 0.057927320387844004, 0.06288209606986905, 0.05427408412483043, 0.22505973331963092, 0.08210555124754819, 0.011012205194090118, 0.0013724638012672426, 0.009590281847727629, 0.01712214749778838
2017-04-17, 0.057927320387844004, 0.06288209606986905, 0.05427408412483043, 0.22505973331963092, 0.08210555124754819, 0.011012205194090118, 0.0013724638012672426, 0.009590281847727629, 0.01712214749778838
2017-04-17, 0.10106715713446576, 0.06288209606986905, 0.062027524714091925, 0.3545461552295556, 0.2818957259499157, 0.016518307791135174, 0.0027449276025344853, 0.010229633970909473, 0.01769288574771466
2017-04-17, 0.10106715713446576, 0.06288209606986905, 0.062027524714091925, 0.3545461552295556, 0.2818957259499157, 0.016518307791135174, 0.0027449276025344853, 0.010229633970909473, 0.01769288574771466
2017-04-17, 0.10106715713446576, 0.06288209606986905, 0.062027524714091925, 0.3545461552295556, 0.2818957259499157, 0.016518307791135174, 0.0027449276025344853, 0.010229633970909473, 0.01769288574771466
2017-04-17, 0.07819373391779808, 0.0838427947598254, 0.031013762357045963, 0.2466408036379518, 0.2353692469096384, 0.011012205194090118, 0.0, 0.005114816985454743, 0.01255624149837815
2017-03-18, 0.04936798936199863, 0.06288209606986905, 0.05427408412483043, 0.15723351231919425, 0.09852666149705798, 0.002753051298522524, 0.0027449276025344853, 0.005114816985454743, 0.011414764998525591
2017-03-18, 0.04936798936199863, 0.06288209606986905, 0.05427408412483043, 0.15723351231919425, 0.09852666149705798, 0.002753051298522524, 0.0027449276025344853, 0.005114816985454743, 0.011414764998525591
2017-03-18, 0.04936798936199863, 0.06288209606986905, 0.05427408412483043, 0.15723351231919425, 0.09852666149705798, 0.002753051298522524, 0.0027449276025344853, 0.005114816985454743, 0.011414764998525591
2017-03-18, 0.04936798936199863, 0.06288209606986905, 0.05427408412483043, 0.15723351231919425, 0.09852666149705798, 0.002753051298522524, 0.0027449276025344853, 0.005114816985454743, 0.011414764998525591
2017-03-18, 0.04936798936199863, 0.06288209606986905, 0.05427408412483043, 0.15723351231919425, 0.09852666149705798, 0.002753051298522524, 0.0027449276025344853, 0.005114816985454743, 0.011414764998525591
2017-03-18, 0.04936798936199863, 0.06288209606986905, 0.05427408412483043, 0.15723351231919425, 0.09852666149705798, 0.002753051298522524, 0.0027449276025344853, 0.005114816985454743, 0.011414764998525591
2017-03-18, 0.04936798936199863, 0.06288209606986905, 0.05427408412483043, 0.15723351231919425, 0.09852666149705798, 0.002753051298522524, 0.0027449276025344853, 0.005114816985454743, 0.011414764998525591
2017-03-18, 0.04936798936199863, 0.06288209606986905, 0.05427408412483043, 0.15723351231919425, 0.09852666149705798, 0.002753051298522524, 0.0027449276025344853, 0.005114816985454743, 0.011414764998525591
2017-03-18, 0.04936798936199863, 0.06288209606986905, 0.05427408412483043, 0.15723351231919425, 0.09852666149705798, 0.002753051298522524, 0.0027449276025344853, 0.005114816985454743, 0.011414764998525591
2017-03-18, 0.04936798936199863, 0.06288209606986905, 0.05427408412483043, 0.15723351231919425, 0.09852666149705798, 0.002753051298522524, 0.0027449276025344853, 0.005114816985454743, 0.011414764998525591
2017-03-18, 0.04936798936199863, 0.06288209606986905, 0.05427408412483043, 0.15723351231919425, 0.09852666149705798, 0.002753051298522524, 0.0027449276025344853, 0.005114816985454743, 0.011414764998525591
2017-03-18, 0.11702652130569077, 0.14672489082969434, 0.03876720294630745, 0.43162140636641555, 0.2818957259499157, 0.0055061025970450555, 0.004117391403801728, 0.007032873355000258, 0.02054657699734606
2017-03-18, 0.11702652130569077, 0.14672489082969434, 0.03876720294630745, 0.43162140636641555, 0.2818957259499157, 0.0055061025970450555, 0.004117391403801728, 0.007032873355000258, 0.02054657699734606
2017-03-18, 0.11702652130569077, 0.14672489082969434, 0.03876720294630745, 0.43162140636641555, 0.2818957259499157, 0.0055061025970450555, 0.004117391403801728, 0.007032873355000258, 0.02054657699734606
2017-03-18, 0.065317165052875, 0.02096069868995635, 0.015506881178522981, 0.271304884001747, 0.18884276786936108, 0.0055061025970450555, 0.0027449276025344853, 0.005114816985454743, 0.01255624149837815
2017-02-16, 0.07048222379856225, 0.0, 0.09304128707113789, 0.31755003468386295, 0.12589517857957397, 0.008259153895567587, 0.0013724638012672426, 0.005754169108636586, 0.011985503248451872
2017-02-16, 0.07048222379856225, 0.0, 0.09304128707113789, 0.31755003468386295, 0.12589517857957397, 0.008259153895567587, 0.0013724638012672426, 0.005754169108636586, 0.011985503248451872
2017-02-16, 0.07048222379856225, 0.0, 0.09304128707113789, 0.31755003468386295, 0.12589517857957397, 0.008259153895567587, 0.0013724638012672426, 0.005754169108636586, 0.011985503248451872
2017-02-16, 0.07048222379856225, 0.0, 0.09304128707113789, 0.31755003468386295, 0.12589517857957397, 0.008259153895567587, 0.0013724638012672426, 0.005754169108636586, 0.011985503248451872
2017-02-16, 0.07048222379856225, 0.0, 0.09304128707113789, 0.31755003468386295, 0.12589517857957397, 0.008259153895567587, 0.0013724638012672426, 0.005754169108636586, 0.011985503248451872
2017-02-16, 0.07048222379856225, 0.0, 0.09304128707113789, 0.31755003468386295, 0.12589517857957397, 0.008259153895567587, 0.0013724638012672426, 0.005754169108636586, 0.011985503248451872
2017-02-16, 0.07048222379856225, 0.0, 0.09304128707113789, 0.31755003468386295, 0.12589517857957397, 0.008259153895567587, 0.0013724638012672426, 0.005754169108636586, 0.011985503248451872
2017-02-16, 0.07048222379856225, 0.0, 0.09304128707113789, 0.31755003468386295, 0.12589517857957397, 0.008259153895567587, 0.0013724638012672426, 0.005754169108636586, 0.011985503248451872
2017-02-16, 0.07048222379856225, 0.0, 0.09304128707113789, 0.31755003468386295, 0.12589517857957397, 0.008259153895567587, 0.0013724638012672426, 0.005754169108636586, 0.011985503248451872
2017-02-16, 0.07048222379856225, 0.0, 0.09304128707113789, 0.31755003468386295, 0.12589517857957397, 0.008259153895567587, 0.0013724638012672426, 0.005754169108636586, 0.011985503248451872
2017-02-16, 0.07048222379856225, 0.0, 0.09304128707113789, 0.31755003468386295, 0.12589517857957397, 0.008259153895567587, 0.0013724638012672426, 0.005754169108636586, 0.011985503248451872
2017-02-16, 0.10920335815033273, 0.10480349344978163, 0.015506881178522981, 0.40079130591167184, 0.32021164986543815, 0.011012205194090111, 0.0, 0.007032873355000258, 0.014268456248156992
2017-02-16, 0.10920335815033273, 0.10480349344978163, 0.015506881178522981, 0.40079130591167184, 0.32021164986543815, 0.011012205194090111, 0.0, 0.007032873355000258, 0.014268456248156992
2017-02-16, 0.10920335815033273, 0.10480349344978163, 0.015506881178522981, 0.40079130591167184, 0.32021164986543815, 0.011012205194090111, 0.0, 0.007032873355000258, 0.014268456248156992
2017-02-16, 0.07600544301347535, 0.0419213973799127, 0.046520643535568944, 0.25897284381984953, 0.22442184007663193, 0.008259153895567587, 0.0013724638012672426, 0.008311577601363944, 0.018263623997640942
2017-01-17, 0.05111994787734005, 0.0419213973799127, 0.09304128707113789, 0.018498060272846267, 0.22442184007663193, 0.008259153895567587, 0.005489855205068963, 0.0019180563695455287, 0.015409932748009551
2017-01-17, 0.05111994787734005, 0.0419213973799127, 0.09304128707113789, 0.018498060272846267, 0.22442184007663193, 0.008259153895567587, 0.005489855205068963, 0.0019180563695455287, 0.015409932748009551
2017-01-17, 0.05111994787734005, 0.0419213973799127, 0.09304128707113789, 0.018498060272846267, 0.22442184007663193, 0.008259153895567587, 0.005489855205068963, 0.0019180563695455287, 0.015409932748009551
2017-01-17, 0.05111994787734005, 0.0419213973799127, 0.09304128707113789, 0.018498060272846267, 0.22442184007663193, 0.008259153895567587, 0.005489855205068963, 0.0019180563695455287, 0.015409932748009551
2017-01-17, 0.05111994787734005, 0.0419213973799127, 0.09304128707113789, 0.018498060272846267, 0.22442184007663193, 0.008259153895567587, 0.005489855205068963, 0.0019180563695455287, 0.015409932748009551
2017-01-17, 0.05111994787734005, 0.0419213973799127, 0.09304128707113789, 0.018498060272846267, 0.22442184007663193, 0.008259153895567587, 0.005489855205068963, 0.0019180563695455287, 0.015409932748009551
2017-01-17, 0.05111994787734005, 0.0419213973799127, 0.09304128707113789, 0.018498060272846267, 0.22442184007663193, 0.008259153895567587, 0.005489855205068963, 0.0019180563695455287, 0.015409932748009551
2017-01-17, 0.05111994787734005, 0.0419213973799127, 0.09304128707113789, 0.018498060272846267, 0.22442184007663193, 0.008259153895567587, 0.005489855205068963, 0.0019180563695455287, 0.015409932748009551
2017-01-17, 0.05111994787734005, 0.0419213973799127, 0.09304128707113789, 0.018498060272846267, 0.22442184007663193, 0.008259153895567587, 0.005489855205068963, 0.0019180563695455287, 0.015409932748009551
2017-01-17, 0.05111994787734005, 0.0419213973799127, 0.09304128707113789, 0.018498060272846267, 0.22442184007663193, 0.008259153895567587, 0.005489855205068963, 0.0019180563695455287, 0.015409932748009551
2017-01-17, 0.05111994787734005, 0.0419213973799127, 0.09304128707113789, 0.018498060272846267, 0.22442184007663193, 0.008259153895567587, 0.005489855205068963, 0.0019180563695455287, 0.015409932748009551
2017-01-17, 0.14425034436854026, 0.16768558951965057, 0.023260321767784472, 0.26513886391079805, 0.6568444099803858, 0.013765256492612642, 0.0013724638012672426, 0.007672225478182115, 0.018263623997640952
2017-01-17, 0.14425034436854026, 0.16768558951965057, 0.023260321767784472, 0.26513886391079805, 0.6568444099803858, 0.013765256492612642, 0.0013724638012672426, 0.007672225478182115, 0.018263623997640952
2017-01-17, 0.14425034436854026, 0.16768558951965057, 0.023260321767784472, 0.26513886391079805, 0.6568444099803858, 0.013765256492612642, 0.0013724638012672426, 0.007672225478182115, 0.018263623997640952
2017-01-17, 0.09829871279727499, 0.02096069868995635, 0.13180849001744535, 0.14490147213729662, 0.4597910869862701, 0.008259153895567587, 0.00411739140380172, 0.0, 0.016551409247862112
2016-12-18, 0.1011723076732933, 0.25152838427947594, 0.06978096530335325, 0.05857719086401368, 0.39684349769648325, 0.011012205194090111, 0.008234782807603449, 0.0025574084927273717, 0.01084402674859931
2016-12-18, 0.1011723076732933, 0.25152838427947594, 0.06978096530335325, 0.05857719086401368, 0.39684349769648325, 0.011012205194090111, 0.008234782807603449, 0.0025574084927273717, 0.01084402674859931
2016-12-18, 0.1011723076732933, 0.25152838427947594, 0.06978096530335325, 0.05857719086401368, 0.39684349769648325, 0.011012205194090111, 0.008234782807603449, 0.0025574084927273717, 0.01084402674859931
2016-12-18, 0.1011723076732933, 0.25152838427947594, 0.06978096530335325, 0.05857719086401368, 0.39684349769648325, 0.011012205194090111, 0.008234782807603449, 0.0025574084927273717, 0.01084402674859931
2016-12-18, 0.1011723076732933, 0.25152838427947594, 0.06978096530335325, 0.05857719086401368, 0.39684349769648325, 0.011012205194090111, 0.008234782807603449, 0.0025574084927273717, 0.01084402674859931
2016-12-18, 0.1011723076732933, 0.25152838427947594, 0.06978096530335325, 0.05857719086401368, 0.39684349769648325, 0.011012205194090111, 0.008234782807603449, 0.0025574084927273717, 0.01084402674859931
2016-12-18, 0.1011723076732933, 0.25152838427947594, 0.06978096530335325, 0.05857719086401368, 0.39684349769648325, 0.011012205194090111, 0.008234782807603449, 0.0025574084927273717, 0.01084402674859931
2016-12-18, 0.1011723076732933, 0.25152838427947594, 0.06978096530335325, 0.05857719086401368, 0.39684349769648325, 0.011012205194090111, 0.008234782807603449, 0.0025574084927273717, 0.01084402674859931
2016-12-18, 0.1011723076732933, 0.25152838427947594, 0.06978096530335325, 0.05857719086401368, 0.39684349769648325, 0.011012205194090111, 0.008234782807603449, 0.0025574084927273717, 0.01084402674859931
2016-12-18, 0.1011723076732933, 0.25152838427947594, 0.06978096530335325, 0.05857719086401368, 0.39684349769648325, 0.011012205194090111, 0.008234782807603449, 0.0025574084927273717, 0.01084402674859931
2016-12-18, 0.1011723076732933, 0.25152838427947594, 0.06978096530335325, 0.05857719086401368, 0.39684349769648325, 0.011012205194090111, 0.008234782807603449, 0.0025574084927273717, 0.01084402674859931
2016-12-18, 0.10535109502245499, 0.02096069868995635, 0.007753440589261319, 0.19114662281941272, 0.5802125621493407, 0.016518307791135174, 0.004117391403801728, 0.0038361127390910575, 0.018263623997640952
2016-12-18, 0.10535109502245499, 0.02096069868995635, 0.007753440589261319, 0.19114662281941272, 0.5802125621493407, 0.016518307791135174, 0.004117391403801728, 0.0038361127390910575, 0.018263623997640952
2016-12-18, 0.10535109502245499, 0.02096069868995635, 0.007753440589261319, 0.19114662281941272, 0.5802125621493407, 0.016518307791135174, 0.004117391403801728, 0.0038361127390910575, 0.018263623997640952
2016-12-18, 0.07028482286766696, 0.10480349344978175, 0.054274084124830264, 0.006166020090948665, 0.36673812890571544, 0.011012205194090111, 0.008234782807603449, 0.0019180563695455287, 0.009131811998820471
2016-11-18, 0.09425401037897943, 0.0419213973799127, 0.0232603217677843, 0.16031652236466884, 0.5035807143182959, 0.005506102597045063, 0.009607246608870692, 0.0012787042463636858, 0.008561073748894203
2016-11-18, 0.06395006980128802, 0.0, 0.054274084124830264, 0.03699612054569281, 0.3941066459882317, 0.0027530512985225316, 0.012352174211405168, 0.0025574084927273717, 0.008561073748894203
2016-11-18, 0.06395006980128802, 0.0, 0.054274084124830264, 0.03699612054569281, 0.3941066459882317, 0.0027530512985225316, 0.012352174211405168, 0.0025574084927273717, 0.008561073748894203
2016-11-18, 0.06395006980128802, 0.0, 0.054274084124830264, 0.03699612054569281, 0.3941066459882317, 0.0027530512985225316, 0.012352174211405168, 0.0025574084927273717, 0.008561073748894203
2016-11-18, 0.06395006980128802, 0.0, 0.054274084124830264, 0.03699612054569281, 0.3941066459882317, 0.0027530512985225316, 0.012352174211405168, 0.0025574084927273717, 0.008561073748894203
2016-11-18, 0.06395006980128802, 0.0, 0.054274084124830264, 0.03699612054569281, 0.3941066459882317, 0.0027530512985225316, 0.012352174211405168, 0.0025574084927273717, 0.008561073748894203
2016-11-18, 0.06395006980128802, 0.0, 0.054274084124830264, 0.03699612054569281, 0.3941066459882317, 0.0027530512985225316, 0.012352174211405168, 0.0025574084927273717, 0.008561073748894203
2016-11-18, 0.06395006980128802, 0.0, 0.054274084124830264, 0.03699612054569281, 0.3941066459882317, 0.0027530512985225316, 0.012352174211405168, 0.0025574084927273717, 0.008561073748894203
2016-11-18, 0.06395006980128802, 0.0, 0.054274084124830264, 0.03699612054569281, 0.3941066459882317, 0.0027530512985225316, 0.012352174211405168, 0.0025574084927273717, 0.008561073748894203
2016-11-18, 0.06395006980128802, 0.0, 0.054274084124830264, 0.03699612054569281, 0.3941066459882317, 0.0027530512985225316, 0.012352174211405168, 0.0025574084927273717, 0.008561073748894203
2016-11-18, 0.06395006980128802, 0.0, 0.054274084124830264, 0.03699612054569281, 0.3941066459882317, 0.0027530512985225316, 0.012352174211405168, 0.0025574084927273717, 0.008561073748894203
2016-11-18, 0.1192315283033422, 0.10480349344978175, 0.03876720294630728, 0.17573157259204078, 0.6021073758153541, 0.011012205194090118, 0.008234782807603449, 0.0006393521231818429, 0.01255624149837815
2016-11-18, 0.1192315283033422, 0.10480349344978175, 0.03876720294630728, 0.17573157259204078, 0.6021073758153541, 0.011012205194090118, 0.008234782807603449, 0.0006393521231818429, 0.01255624149837815
2016-11-18, 0.0764354132028962, 0.02096069868995635, 0.007753440589261319, 0.06474321095496234, 0.48715960406878633, 0.005506102597045063, 0.009607246608870692, 0.0031967606159092146, 0.01255624149837815
2016-11-18, 0.05940461852778817, 0.0838427947598254, 0.007753440589261662, 0.00924903013642327, 0.3503170186562059, 0.0027530512985225316, 0.010979710410137934, 0.0006393521231818429, 0.00970255024874675
2016-10-19, 0.13787244129134546, 0.35633187772925773, 0.13180849001744516, 0.13873545204634796, 0.4515805318615154, 0.0027530512985225316, 0.006862319006336205, 0.0006393521231818429, 0.014268456248156992
2016-10-19, 0.12892549678405257, 0.37729257641921404, 0.17057569296375244, 0.055494180818539074, 0.3995803494047348, 0.005506102597045063, 0.005489855205068971, 0.0031967606159092146, 0.014268456248156992
2016-10-19, 0.12892549678405257, 0.37729257641921404, 0.17057569296375244, 0.055494180818539074, 0.3995803494047348, 0.005506102597045063, 0.005489855205068971, 0.0031967606159092146, 0.014268456248156992
2016-10-19, 0.12892549678405257, 0.37729257641921404, 0.17057569296375244, 0.055494180818539074, 0.3995803494047348, 0.005506102597045063, 0.005489855205068971, 0.0031967606159092146, 0.014268456248156992
2016-10-19, 0.12892549678405257, 0.37729257641921404, 0.17057569296375244, 0.055494180818539074, 0.3995803494047348, 0.005506102597045063, 0.005489855205068971, 0.0031967606159092146, 0.014268456248156992
2016-10-19, 0.12892549678405257, 0.37729257641921404, 0.17057569296375244, 0.055494180818539074, 0.3995803494047348, 0.005506102597045063, 0.005489855205068971, 0.0031967606159092146, 0.014268456248156992
2016-10-19, 0.12892549678405257, 0.37729257641921404, 0.17057569296375244, 0.055494180818539074, 0.3995803494047348, 0.005506102597045063, 0.005489855205068971, 0.0031967606159092146, 0.014268456248156992
2016-10-19, 0.12892549678405257, 0.37729257641921404, 0.17057569296375244, 0.055494180818539074, 0.3995803494047348, 0.005506102597045063, 0.005489855205068971, 0.0031967606159092146, 0.014268456248156992
2016-10-19, 0.12892549678405257, 0.37729257641921404, 0.17057569296375244, 0.055494180818539074, 0.3995803494047348, 0.005506102597045063, 0.005489855205068971, 0.0031967606159092146, 0.014268456248156992
2016-10-19, 0.12892549678405257, 0.37729257641921404, 0.17057569296375244, 0.055494180818539074, 0.3995803494047348, 0.005506102597045063, 0.005489855205068971, 0.0031967606159092146, 0.014268456248156992
2016-10-19, 0.12892549678405257, 0.37729257641921404, 0.17057569296375244, 0.055494180818539074, 0.3995803494047348, 0.005506102597045063, 0.005489855205068971, 0.0031967606159092146, 0.014268456248156992
2016-10-19, 0.1918985338118541, 0.37729257641921404, 0.03876720294630728, 0.3391311050021837, 0.7526342197691924, 0.005506102597045063, 0.004117391403801728, 0.005754169108636586, 0.011985503248451872
2016-10-19, 0.1918985338118541, 0.37729257641921404, 0.03876720294630728, 0.3391311050021837, 0.7526342197691924, 0.005506102597045063, 0.004117391403801728, 0.005754169108636586, 0.011985503248451872
2016-10-19, 0.149835894778519, 0.4401746724890831, 0.10854816824966053, 0.14490147213729662, 0.4844227523605348, 0.0027530512985225316, 0.005489855205068971, 0.0038361127390910575, 0.00856107374889419
2016-10-19, 0.14755626658797955, 0.314410480349345, 0.17057569296375244, 0.13565244200087337, 0.5364229348173152, 0.0, 0.005489855205068971, 0.0019180563695455287, 0.015980670997935834
2016-09-19, 0.14512874083558353, 0.4401746724890831, 0.18608257414227544, 0.11407137168255276, 0.39136979427998014, 0.0055061025970450555, 0.006862319006336205, 0.0038361127390910575, 0.013126979748304431
2016-09-19, 0.14512874083558353, 0.4401746724890831, 0.18608257414227544, 0.11407137168255276, 0.39136979427998014, 0.0055061025970450555, 0.006862319006336205, 0.0038361127390910575, 0.013126979748304431
2016-09-19, 0.14512874083558353, 0.4401746724890831, 0.18608257414227544, 0.11407137168255276, 0.39136979427998014, 0.0055061025970450555, 0.006862319006336205, 0.0038361127390910575, 0.013126979748304431
2016-09-19, 0.14512874083558353, 0.4401746724890831, 0.18608257414227544, 0.11407137168255276, 0.39136979427998014, 0.0055061025970450555, 0.006862319006336205, 0.0038361127390910575, 0.013126979748304431
2016-09-19, 0.14512874083558353, 0.4401746724890831, 0.18608257414227544, 0.11407137168255276, 0.39136979427998014, 0.0055061025970450555, 0.006862319006336205, 0.0038361127390910575, 0.013126979748304431
2016-09-19, 0.14512874083558353, 0.4401746724890831, 0.18608257414227544, 0.11407137168255276, 0.39136979427998014, 0.0055061025970450555, 0.006862319006336205, 0.0038361127390910575, 0.013126979748304431
2016-09-19, 0.14512874083558353, 0.4401746724890831, 0.18608257414227544, 0.11407137168255276, 0.39136979427998014, 0.0055061025970450555, 0.006862319006336205, 0.0038361127390910575, 0.013126979748304431
2016-09-19, 0.14512874083558353, 0.4401746724890831, 0.18608257414227544, 0.11407137168255276, 0.39136979427998014, 0.0055061025970450555, 0.006862319006336205, 0.0038361127390910575, 0.013126979748304431
2016-09-19, 0.14512874083558353, 0.4401746724890831, 0.18608257414227544, 0.11407137168255276, 0.39136979427998014, 0.0055061025970450555, 0.006862319006336205, 0.0038361127390910575, 0.013126979748304431
2016-09-19, 0.14512874083558353, 0.4401746724890831, 0.18608257414227544, 0.11407137168255276, 0.39136979427998014, 0.0055061025970450555, 0.006862319006336205, 0.0038361127390910575, 0.013126979748304431
2016-09-19, 0.14512874083558353, 0.4401746724890831, 0.18608257414227544, 0.11407137168255276, 0.39136979427998014, 0.0055061025970450555, 0.006862319006336205, 0.0038361127390910575, 0.013126979748304431
2016-09-19, 0.20874174253536584, 0.20960698689956325, 0.271370420624152, 0.2959689643655422, 0.8621082880992564, 0.011012205194090111, 0.0027449276025344853, 0.0, 0.01712214749778839
2016-09-19, 0.20874174253536584, 0.20960698689956325, 0.271370420624152, 0.2959689643655422, 0.8621082880992564, 0.011012205194090111, 0.0027449276025344853, 0.0, 0.01712214749778839
2016-09-19, 0.20874174253536584, 0.20960698689956325, 0.271370420624152, 0.2959689643655422, 0.8621082880992564, 0.011012205194090111, 0.0027449276025344853, 0.0, 0.01712214749778839
2016-09-19, 0.16140227793116352, 0.4401746724890831, 0.20934289591006008, 0.15106749222824556, 0.4652647904027734, 0.002753051298522524, 0.006862319006336205, 0.0031967606159092146, 0.01255624149837815
2016-08-20, 0.11858479779875394, 0.35633187772925773, 0.23260321767784436, 0.08324127122780861, 0.2326323952013866, 0.0027530512985225316, 0.010979710410137934, 0.009590281847727644, 0.02054657699734606
2016-08-20, 0.11858479779875394, 0.35633187772925773, 0.23260321767784436, 0.08324127122780861, 0.2326323952013866, 0.0027530512985225316, 0.010979710410137934, 0.009590281847727644, 0.02054657699734606
2016-08-20, 0.11858479779875394, 0.35633187772925773, 0.23260321767784436, 0.08324127122780861, 0.2326323952013866, 0.0027530512985225316, 0.010979710410137934, 0.009590281847727644, 0.02054657699734606
2016-08-20, 0.11858479779875394, 0.35633187772925773, 0.23260321767784436, 0.08324127122780861, 0.2326323952013866, 0.0027530512985225316, 0.010979710410137934, 0.009590281847727644, 0.02054657699734606
2016-08-20, 0.11858479779875394, 0.35633187772925773, 0.23260321767784436, 0.08324127122780861, 0.2326323952013866, 0.0027530512985225316, 0.010979710410137934, 0.009590281847727644, 0.02054657699734606
2016-08-20, 0.11858479779875394, 0.35633187772925773, 0.23260321767784436, 0.08324127122780861, 0.2326323952013866, 0.0027530512985225316, 0.010979710410137934, 0.009590281847727644, 0.02054657699734606
2016-08-20, 0.11858479779875394, 0.35633187772925773, 0.23260321767784436, 0.08324127122780861, 0.2326323952013866, 0.0027530512985225316, 0.010979710410137934, 0.009590281847727644, 0.02054657699734606
2016-08-20, 0.11858479779875394, 0.35633187772925773, 0.23260321767784436, 0.08324127122780861, 0.2326323952013866, 0.0027530512985225316, 0.010979710410137934, 0.009590281847727644, 0.02054657699734606
2016-08-20, 0.11858479779875394, 0.35633187772925773, 0.23260321767784436, 0.08324127122780861, 0.2326323952013866, 0.0027530512985225316, 0.010979710410137934, 0.009590281847727644, 0.02054657699734606
2016-08-20, 0.11858479779875394, 0.35633187772925773, 0.23260321767784436, 0.08324127122780861, 0.2326323952013866, 0.0027530512985225316, 0.010979710410137934, 0.009590281847727644, 0.02054657699734606
2016-08-20, 0.11858479779875394, 0.35633187772925773, 0.23260321767784436, 0.08324127122780861, 0.2326323952013866, 0.0027530512985225316, 0.010979710410137934, 0.009590281847727644, 0.02054657699734606
2016-08-20, 0.1769472587327996, 0.25152838427947594, 0.271370420624152, 0.3083010045474398, 0.5555808967750765, 0.008259153895567587, 0.006862319006336205, 0.005114816985454743, 0.00856107374889419
2016-08-20, 0.1769472587327996, 0.25152838427947594, 0.271370420624152, 0.3083010045474398, 0.5555808967750765, 0.008259153895567587, 0.006862319006336205, 0.005114816985454743, 0.00856107374889419
2016-08-20, 0.1769472587327996, 0.25152838427947594, 0.271370420624152, 0.3083010045474398, 0.5555808967750765, 0.008259153895567587, 0.006862319006336205, 0.005114816985454743, 0.00856107374889419
2016-08-20, 0.1574408316370743, 0.4401746724890831, 0.20934289591006008, 0.19422963286488704, 0.3941066459882317, 0.0027530512985225316, 0.008234782807603449, 0.0038361127390910575, 0.00684885899911535
2016-07-21, 0.12573960842269843, 0.46113537117903924, 0.1783291335530141, 0.1942296328648873, 0.14778999224558662, 0.002753051298522524, 0.006862319006336205, 0.005114816985454743, 0.00970255024874675
2016-07-21, 0.12573960842269843, 0.46113537117903924, 0.1783291335530141, 0.1942296328648873, 0.14778999224558662, 0.002753051298522524, 0.006862319006336205, 0.005114816985454743, 0.00970255024874675
2016-07-21, 0.12573960842269843, 0.46113537117903924, 0.1783291335530141, 0.1942296328648873, 0.14778999224558662, 0.002753051298522524, 0.006862319006336205, 0.005114816985454743, 0.00970255024874675
2016-07-21, 0.12573960842269843, 0.46113537117903924, 0.1783291335530141, 0.1942296328648873, 0.14778999224558662, 0.002753051298522524, 0.006862319006336205, 0.005114816985454743, 0.00970255024874675
2016-07-21, 0.12573960842269843, 0.46113537117903924, 0.1783291335530141, 0.1942296328648873, 0.14778999224558662, 0.002753051298522524, 0.006862319006336205, 0.005114816985454743, 0.00970255024874675
2016-07-21, 0.12573960842269843, 0.46113537117903924, 0.1783291335530141, 0.1942296328648873, 0.14778999224558662, 0.002753051298522524, 0.006862319006336205, 0.005114816985454743, 0.00970255024874675
2016-07-21, 0.12573960842269843, 0.46113537117903924, 0.1783291335530141, 0.1942296328648873, 0.14778999224558662, 0.002753051298522524, 0.006862319006336205, 0.005114816985454743, 0.00970255024874675
2016-07-21, 0.12573960842269843, 0.46113537117903924, 0.1783291335530141, 0.1942296328648873, 0.14778999224558662, 0.002753051298522524, 0.006862319006336205, 0.005114816985454743, 0.00970255024874675
2016-07-21, 0.12573960842269843, 0.46113537117903924, 0.1783291335530141, 0.1942296328648873, 0.14778999224558662, 0.002753051298522524, 0.006862319006336205, 0.005114816985454743, 0.00970255024874675
2016-07-21, 0.12573960842269843, 0.46113537117903924, 0.1783291335530141, 0.1942296328648873, 0.14778999224558662, 0.002753051298522524, 0.006862319006336205, 0.005114816985454743, 0.00970255024874675
2016-07-21, 0.12573960842269843, 0.46113537117903924, 0.1783291335530141, 0.1942296328648873, 0.14778999224558662, 0.002753051298522524, 0.006862319006336205, 0.005114816985454743, 0.00970255024874675
2016-07-21, 0.11866908193001117, 0.2096069868995635, 0.23260321767784436, 0.04624515068211608, 0.4378962733202572, 0.011012205194090111, 0.0013724638012672426, 0.0031967606159092146, 0.007419597249041629
2016-07-21, 0.11866908193001117, 0.2096069868995635, 0.23260321767784436, 0.04624515068211608, 0.4378962733202572, 0.011012205194090111, 0.0013724638012672426, 0.0031967606159092146, 0.007419597249041629
2016-07-21, 0.11866908193001117, 0.2096069868995635, 0.23260321767784436, 0.04624515068211608, 0.4378962733202572, 0.011012205194090111, 0.0013724638012672426, 0.0031967606159092146, 0.007419597249041629
2016-07-21, 0.1400512307752383, 0.3982532751091702, 0.17057569296375244, 0.12023739177350169, 0.3995803494047345, 0.008259153895567587, 0.005489855205068963, 0.008311577601363957, 0.00970255024874675
2016-06-21, 0.15055230838209469, 0.33537117903930114, 0.19383601473153708, 0.20039565295583597, 0.4378962733202572, 0.013765256492612642, 0.0013724638012672426, 0.011508338217273158, 0.01027328849867303
2016-06-21, 0.11310126240239611, 0.5240174672489083, 0.20158945532079842, 0.03083010045474387, 0.12863203028782527, 0.0055061025970450555, 0.005489855205068963, 0.007032873355000258, 0.0017122147497788279
2016-06-21, 0.11310126240239611, 0.5240174672489083, 0.20158945532079842, 0.03083010045474387, 0.12863203028782527, 0.0055061025970450555, 0.005489855205068963, 0.007032873355000258, 0.0017122147497788279
2016-06-21, 0.11310126240239611, 0.5240174672489083, 0.20158945532079842, 0.03083010045474387, 0.12863203028782527, 0.0055061025970450555, 0.005489855205068963, 0.007032873355000258, 0.0017122147497788279
2016-06-21, 0.11310126240239611, 0.5240174672489083, 0.20158945532079842, 0.03083010045474387, 0.12863203028782527, 0.0055061025970450555, 0.005489855205068963, 0.007032873355000258, 0.0017122147497788279
2016-06-21, 0.11310126240239611, 0.5240174672489083, 0.20158945532079842, 0.03083010045474387, 0.12863203028782527, 0.0055061025970450555, 0.005489855205068963, 0.007032873355000258, 0.0017122147497788279
2016-06-21, 0.11310126240239611, 0.5240174672489083, 0.20158945532079842, 0.03083010045474387, 0.12863203028782527, 0.0055061025970450555, 0.005489855205068963, 0.007032873355000258, 0.0017122147497788279
2016-06-21, 0.11310126240239611, 0.5240174672489083, 0.20158945532079842, 0.03083010045474387, 0.12863203028782527, 0.0055061025970450555, 0.005489855205068963, 0.007032873355000258, 0.0017122147497788279
2016-06-21, 0.11310126240239611, 0.5240174672489083, 0.20158945532079842, 0.03083010045474387, 0.12863203028782527, 0.0055061025970450555, 0.005489855205068963, 0.007032873355000258, 0.0017122147497788279
2016-06-21, 0.11310126240239611, 0.5240174672489083, 0.20158945532079842, 0.03083010045474387, 0.12863203028782527, 0.0055061025970450555, 0.005489855205068963, 0.007032873355000258, 0.0017122147497788279
2016-06-21, 0.11310126240239611, 0.5240174672489083, 0.20158945532079842, 0.03083010045474387, 0.12863203028782527, 0.0055061025970450555, 0.005489855205068963, 0.007032873355000258, 0.0017122147497788279
2016-06-21, 0.15055230838209469, 0.33537117903930114, 0.19383601473153708, 0.20039565295583597, 0.4378962733202572, 0.013765256492612642, 0.0013724638012672426, 0.011508338217273158, 0.01027328849867303
2016-06-21, 0.15055230838209469, 0.33537117903930114, 0.19383601473153708, 0.20039565295583597, 0.4378962733202572, 0.013765256492612642, 0.0013724638012672426, 0.011508338217273158, 0.01027328849867303
2016-06-21, 0.12608411225182237, 0.46113537117903924, 0.24035665826710603, 0.09249030136423189, 0.18336906445285772, 0.0055061025970450555, 0.008234782807603449, 0.009590281847727629, 0.00799033549896791
2016-06-21, 0.12281443959684696, 0.5240174672489083, 0.2170963364993214, 0.03699612054569281, 0.16968480591159948, 0.0055061025970450555, 0.006862319006336205, 0.011508338217273158, 0.01084402674859931
2016-05-22, 0.08038513647100354, 0.10480349344978175, 0.22484977708858306, 0.12332040181897604, 0.17242165761985104, 0.005506102597045063, 0.005489855205068963, 0.003836112739091043, 0.0028536912496313883
2016-05-22, 0.08038513647100354, 0.10480349344978175, 0.22484977708858306, 0.12332040181897604, 0.17242165761985104, 0.005506102597045063, 0.005489855205068963, 0.003836112739091043, 0.0028536912496313883
2016-05-22, 0.08038513647100354, 0.10480349344978175, 0.22484977708858306, 0.12332040181897604, 0.17242165761985104, 0.005506102597045063, 0.005489855205068963, 0.003836112739091043, 0.0028536912496313883
2016-05-22, 0.08038513647100354, 0.10480349344978175, 0.22484977708858306, 0.12332040181897604, 0.17242165761985104, 0.005506102597045063, 0.005489855205068963, 0.003836112739091043, 0.0028536912496313883
2016-05-22, 0.08038513647100354, 0.10480349344978175, 0.22484977708858306, 0.12332040181897604, 0.17242165761985104, 0.005506102597045063, 0.005489855205068963, 0.003836112739091043, 0.0028536912496313883
2016-05-22, 0.08038513647100354, 0.10480349344978175, 0.22484977708858306, 0.12332040181897604, 0.17242165761985104, 0.005506102597045063, 0.005489855205068963, 0.003836112739091043, 0.0028536912496313883
2016-05-22, 0.08038513647100354, 0.10480349344978175, 0.22484977708858306, 0.12332040181897604, 0.17242165761985104, 0.005506102597045063, 0.005489855205068963, 0.003836112739091043, 0.0028536912496313883
2016-05-22, 0.08038513647100354, 0.10480349344978175, 0.22484977708858306, 0.12332040181897604, 0.17242165761985104, 0.005506102597045063, 0.005489855205068963, 0.003836112739091043, 0.0028536912496313883
2016-05-22, 0.08038513647100354, 0.10480349344978175, 0.22484977708858306, 0.12332040181897604, 0.17242165761985104, 0.005506102597045063, 0.005489855205068963, 0.003836112739091043, 0.0028536912496313883
2016-05-22, 0.08038513647100354, 0.10480349344978175, 0.22484977708858306, 0.12332040181897604, 0.17242165761985104, 0.005506102597045063, 0.005489855205068963, 0.003836112739091043, 0.0028536912496313883
2016-05-22, 0.08038513647100354, 0.10480349344978175, 0.22484977708858306, 0.12332040181897604, 0.17242165761985104, 0.005506102597045063, 0.005489855205068963, 0.003836112739091043, 0.0028536912496313883
2016-05-22, 0.10660786260330993, 0.14672489082969445, 0.22484977708858306, 0.10173933150065516, 0.33389590840669586, 0.011012205194090118, 0.0027449276025344853, 0.015344450956364216, 0.0165514092478621
2016-05-22, 0.10660786260330993, 0.14672489082969445, 0.22484977708858306, 0.10173933150065516, 0.33389590840669586, 0.011012205194090118, 0.0027449276025344853, 0.015344450956364216, 0.0165514092478621
2016-05-22, 0.10660786260330993, 0.14672489082969445, 0.22484977708858306, 0.10173933150065516, 0.33389590840669586, 0.011012205194090118, 0.0027449276025344853, 0.015344450956364216, 0.0165514092478621
2016-05-22, 0.0817023887317098, 0.1676855895196508, 0.19383601473153708, 0.04624515068211608, 0.20252702641061907, 0.005506102597045063, 0.005489855205068963, 0.01406574671000053, 0.018263623997640942
2016-04-22, 0.10025364699378757, 0.46113537117903924, 0.2170963364993214, 0.0, 0.0848424029557995, 0.008259153895567587, 0.005489855205068963, 0.011508338217273172, 0.013697717998230712
2016-04-22, 0.10025364699378757, 0.46113537117903924, 0.2170963364993214, 0.0, 0.0848424029557995, 0.008259153895567587, 0.005489855205068963, 0.011508338217273172, 0.013697717998230712
2016-04-22, 0.10025364699378757, 0.46113537117903924, 0.2170963364993214, 0.0, 0.0848424029557995, 0.008259153895567587, 0.005489855205068963, 0.011508338217273172, 0.013697717998230712
2016-04-22, 0.10025364699378757, 0.46113537117903924, 0.2170963364993214, 0.0, 0.0848424029557995, 0.008259153895567587, 0.005489855205068963, 0.011508338217273172, 0.013697717998230712
2016-04-22, 0.10025364699378757, 0.46113537117903924, 0.2170963364993214, 0.0, 0.0848424029557995, 0.008259153895567587, 0.005489855205068963, 0.011508338217273172, 0.013697717998230712
2016-04-22, 0.10025364699378757, 0.46113537117903924, 0.2170963364993214, 0.0, 0.0848424029557995, 0.008259153895567587, 0.005489855205068963, 0.011508338217273172, 0.013697717998230712
2016-04-22, 0.10025364699378757, 0.46113537117903924, 0.2170963364993214, 0.0, 0.0848424029557995, 0.008259153895567587, 0.005489855205068963, 0.011508338217273172, 0.013697717998230712
2016-04-22, 0.10025364699378757, 0.46113537117903924, 0.2170963364993214, 0.0, 0.0848424029557995, 0.008259153895567587, 0.005489855205068963, 0.011508338217273172, 0.013697717998230712
2016-04-22, 0.10025364699378757, 0.46113537117903924, 0.2170963364993214, 0.0, 0.0848424029557995, 0.008259153895567587, 0.005489855205068963, 0.011508338217273172, 0.013697717998230712
2016-04-22, 0.10025364699378757, 0.46113537117903924, 0.2170963364993214, 0.0, 0.0848424029557995, 0.008259153895567587, 0.005489855205068963, 0.011508338217273172, 0.013697717998230712
2016-04-22, 0.10025364699378757, 0.46113537117903924, 0.2170963364993214, 0.0, 0.0848424029557995, 0.008259153895567587, 0.005489855205068963, 0.011508338217273172, 0.013697717998230712
2016-04-22, 0.15465710674007355, 0.31441048034934477, 0.2636169800348903, 0.3021349844564911, 0.32021164986543815, 0.011012205194090111, 0.001372463801267235, 0.010229633970909487, 0.014268456248156992
2016-04-22, 0.15465710674007355, 0.31441048034934477, 0.2636169800348903, 0.3021349844564911, 0.32021164986543815, 0.011012205194090111, 0.001372463801267235, 0.010229633970909487, 0.014268456248156992
2016-04-22, 0.15465710674007355, 0.31441048034934477, 0.2636169800348903, 0.3021349844564911, 0.32021164986543815, 0.011012205194090111, 0.001372463801267235, 0.010229633970909487, 0.014268456248156992
2016-04-22, 0.09860116411182436, 0.3772925764192138, 0.20934289591006008, 0.021581070318320874, 0.15052684395383814, 0.008259153895567587, 0.001372463801267235, 0.009590281847727644, 0.01084402674859931
2016-03-23, 0.11411697445984935, 0.46113537117903924, 0.20158945532079875, 0.052411170773064744, 0.1587373990785933, 0.0027530512985225316, 0.0027449276025344853, 0.025574084927273703, 0.007990335498967922
2016-03-23, 0.1139784812940775, 0.5030567685589519, 0.28687730180267496, 0.07399224109138562, 0.016421110249509784, 0.0027530512985225316, 0.0013724638012672426, 0.026213437050455545, 0.0011414764998525604
2016-03-23, 0.1139784812940775, 0.5030567685589519, 0.28687730180267496, 0.07399224109138562, 0.016421110249509784, 0.0027530512985225316, 0.0013724638012672426, 0.026213437050455545, 0.0011414764998525604
2016-03-23, 0.1139784812940775, 0.5030567685589519, 0.28687730180267496, 0.07399224109138562, 0.016421110249509784, 0.0027530512985225316, 0.0013724638012672426, 0.026213437050455545, 0.0011414764998525604
2016-03-23, 0.1139784812940775, 0.5030567685589519, 0.28687730180267496, 0.07399224109138562, 0.016421110249509784, 0.0027530512985225316, 0.0013724638012672426, 0.026213437050455545, 0.0011414764998525604
2016-03-23, 0.1139784812940775, 0.5030567685589519, 0.28687730180267496, 0.07399224109138562, 0.016421110249509784, 0.0027530512985225316, 0.0013724638012672426, 0.026213437050455545, 0.0011414764998525604
2016-03-23, 0.1139784812940775, 0.5030567685589519, 0.28687730180267496, 0.07399224109138562, 0.016421110249509784, 0.0027530512985225316, 0.0013724638012672426, 0.026213437050455545, 0.0011414764998525604
2016-03-23, 0.1139784812940775, 0.5030567685589519, 0.28687730180267496, 0.07399224109138562, 0.016421110249509784, 0.0027530512985225316, 0.0013724638012672426, 0.026213437050455545, 0.0011414764998525604
2016-03-23, 0.1139784812940775, 0.5030567685589519, 0.28687730180267496, 0.07399224109138562, 0.016421110249509784, 0.0027530512985225316, 0.0013724638012672426, 0.026213437050455545, 0.0011414764998525604
2016-03-23, 0.1139784812940775, 0.5030567685589519, 0.28687730180267496, 0.07399224109138562, 0.016421110249509784, 0.0027530512985225316, 0.0013724638012672426, 0.026213437050455545, 0.0011414764998525604
2016-03-23, 0.1139784812940775, 0.5030567685589519, 0.28687730180267496, 0.07399224109138562, 0.016421110249509784, 0.0027530512985225316, 0.0013724638012672426, 0.026213437050455545, 0.0011414764998525604
2016-03-23, 0.15120471754017475, 0.31441048034934527, 0.31013762357045926, 0.16956555250109184, 0.37768553573872166, 0.008259153895567587, 0.005489855205068971, 0.022377324311364487, 0.0017122147497788405
2016-03-23, 0.15120471754017475, 0.31441048034934527, 0.31013762357045926, 0.16956555250109184, 0.37768553573872166, 0.008259153895567587, 0.005489855205068971, 0.022377324311364487, 0.0017122147497788405
2016-03-23, 0.10037072306430045, 0.5240174672489083, 0.1783291335530141, 0.006166020090948665, 0.06294758928978662, 0.0027530512985225316, 0.0027449276025344853, 0.024295380680910018, 0.0017122147497788405
2016-03-23, 0.1339816044031227, 0.33537117903930114, 0.29463074239193665, 0.16339953241014318, 0.24631665374264433, 0.005506102597045063, 0.0027449276025344853, 0.02045926794181896, 0.003424429499557681
2016-02-22, 0.14275659362471138, 0.7755458515283842, 0.20934289591006008, 0.03699612054569281, 0.09031610637230308, 0.005506102597045063, 0.0027449276025344853, 0.02045926794181896, 0.0011414764998525604
2016-02-22, 0.1433941288211666, 0.7126637554585151, 0.2636169800348907, 0.09249030136423189, 0.04926333074852936, 0.005506102597045063, 0.0013724638012672426, 0.021098620065000802, 0.0011414764998525604
2016-02-22, 0.1433941288211666, 0.7126637554585151, 0.2636169800348907, 0.09249030136423189, 0.04926333074852936, 0.005506102597045063, 0.0013724638012672426, 0.021098620065000802, 0.0011414764998525604
2016-02-22, 0.1433941288211666, 0.7126637554585151, 0.2636169800348907, 0.09249030136423189, 0.04926333074852936, 0.005506102597045063, 0.0013724638012672426, 0.021098620065000802, 0.0011414764998525604
2016-02-22, 0.1433941288211666, 0.7126637554585151, 0.2636169800348907, 0.09249030136423189, 0.04926333074852936, 0.005506102597045063, 0.0013724638012672426, 0.021098620065000802, 0.0011414764998525604
2016-02-22, 0.1433941288211666, 0.7126637554585151, 0.2636169800348907, 0.09249030136423189, 0.04926333074852936, 0.005506102597045063, 0.0013724638012672426, 0.021098620065000802, 0.0011414764998525604
2016-02-22, 0.1433941288211666, 0.7126637554585151, 0.2636169800348907, 0.09249030136423189, 0.04926333074852936, 0.005506102597045063, 0.0013724638012672426, 0.021098620065000802, 0.0011414764998525604
2016-02-22, 0.1433941288211666, 0.7126637554585151, 0.2636169800348907, 0.09249030136423189, 0.04926333074852936, 0.005506102597045063, 0.0013724638012672426, 0.021098620065000802, 0.0011414764998525604
2016-02-22, 0.1433941288211666, 0.7126637554585151, 0.2636169800348907, 0.09249030136423189, 0.04926333074852936, 0.005506102597045063, 0.0013724638012672426, 0.021098620065000802, 0.0011414764998525604
2016-02-22, 0.1433941288211666, 0.7126637554585151, 0.2636169800348907, 0.09249030136423189, 0.04926333074852936, 0.005506102597045063, 0.0013724638012672426, 0.021098620065000802, 0.0011414764998525604
2016-02-22, 0.1433941288211666, 0.7126637554585151, 0.2636169800348907, 0.09249030136423189, 0.04926333074852936, 0.005506102597045063, 0.0013724638012672426, 0.021098620065000802, 0.0011414764998525604
2016-02-22, 0.17341868838102056, 0.6078602620087334, 0.18608257414227578, 0.18806361277393838, 0.36673812890571544, 0.011012205194090118, 0.005489855205068971, 0.019819915818637117, 0.0022829529997051208
2016-02-22, 0.17341868838102056, 0.6078602620087334, 0.18608257414227578, 0.18806361277393838, 0.36673812890571544, 0.011012205194090118, 0.005489855205068971, 0.019819915818637117, 0.0022829529997051208
2016-02-22, 0.14008784291942827, 0.7126637554585151, 0.19383601473153708, 0.07090923104591101, 0.10673721662181287, 0.008259153895567587, 0.004117391403801728, 0.017901859449091586, 0.006278120749189069
2016-02-22, 0.13503367734673252, 0.6078602620087334, 0.24035665826710603, 0.052411170773064744, 0.14231628882908398, 0.0027530512985225316, 0.0013724638012672426, 0.027492141296819216, 0.005707382499262802
2016-01-23, 0.14260969299514561, 0.6288209606986898, 0.27912386121341365, 0.06166020090948802, 0.14231628882908376, 0.008259153895567587, 0.005489855205068971, 0.014065746710000543, 0.0011414764998525604
2016-01-23, 0.15679439544284546, 0.6707423580786025, 0.3566582671060282, 0.16339953241014318, 0.038315923915522666, 0.005506102597045063, 0.0027449276025344853, 0.014705098833182387, 0.0022829529997051208
2016-01-23, 0.15679439544284546, 0.6707423580786025, 0.3566582671060282, 0.16339953241014318, 0.038315923915522666, 0.005506102597045063, 0.0027449276025344853, 0.014705098833182387, 0.0022829529997051208
2016-01-23, 0.15679439544284546, 0.6707423580786025, 0.3566582671060282, 0.16339953241014318, 0.038315923915522666, 0.005506102597045063, 0.0027449276025344853, 0.014705098833182387, 0.0022829529997051208
2016-01-23, 0.15679439544284546, 0.6707423580786025, 0.3566582671060282, 0.16339953241014318, 0.038315923915522666, 0.005506102597045063, 0.0027449276025344853, 0.014705098833182387, 0.0022829529997051208
2016-01-23, 0.15679439544284546, 0.6707423580786025, 0.3566582671060282, 0.16339953241014318, 0.038315923915522666, 0.005506102597045063, 0.0027449276025344853, 0.014705098833182387, 0.0022829529997051208
2016-01-23, 0.15679439544284546, 0.6707423580786025, 0.3566582671060282, 0.16339953241014318, 0.038315923915522666, 0.005506102597045063, 0.0027449276025344853, 0.014705098833182387, 0.0022829529997051208
2016-01-23, 0.15679439544284546, 0.6707423580786025, 0.3566582671060282, 0.16339953241014318, 0.038315923915522666, 0.005506102597045063, 0.0027449276025344853, 0.014705098833182387, 0.0022829529997051208
2016-01-23, 0.15679439544284546, 0.6707423580786025, 0.3566582671060282, 0.16339953241014318, 0.038315923915522666, 0.005506102597045063, 0.0027449276025344853, 0.014705098833182387, 0.0022829529997051208
2016-01-23, 0.15679439544284546, 0.6707423580786025, 0.3566582671060282, 0.16339953241014318, 0.038315923915522666, 0.005506102597045063, 0.0027449276025344853, 0.014705098833182387, 0.0022829529997051208
2016-01-23, 0.15679439544284546, 0.6707423580786025, 0.3566582671060282, 0.16339953241014318, 0.038315923915522666, 0.005506102597045063, 0.0027449276025344853, 0.014705098833182387, 0.0022829529997051208
2016-01-23, 0.12858010973901476, 0.5659388646288207, 0.31789106415972096, 0.06166020090948802, 0.04105277562377398, 0.011012205194090118, 0.005489855205068971, 0.02045926794181896, 0.005136644249336521
2016-01-23, 0.12858010973901476, 0.5659388646288207, 0.31789106415972096, 0.06166020090948802, 0.04105277562377398, 0.011012205194090118, 0.005489855205068971, 0.02045926794181896, 0.005136644249336521
2016-01-23, 0.11981852987926235, 0.46113537117903947, 0.271370420624152, 0.012332040181897604, 0.16421110249509616, 0.008259153895567587, 0.0027449276025344853, 0.023656028557728172, 0.014839194498083273
2016-01-23, 0.13105372946447574, 0.48209606986899534, 0.3566582671060282, 0.12023739177350143, 0.06021073758153531, 0.008259153895567587, 0.004117391403801728, 0.0134263945868187, 0.0034244294995576683
2015-12-24, 0.09624350616543105, 0.37729257641921404, 0.13180849001744516, 0.11098836163707843, 0.11494777174656752, 0.01376525649261265, 0.0013724638012672426, 0.014065746710000543, 0.005707382499262802
2015-12-24, 0.11964958837097527, 0.5030567685589517, 0.0775344058926149, 0.2836369241836446, 0.06568444099803865, 0.008259153895567587, 0.0027449276025344853, 0.0134263945868187, 0.002853691249631401
2015-12-24, 0.11964958837097527, 0.5030567685589517, 0.0775344058926149, 0.2836369241836446, 0.06568444099803865, 0.008259153895567587, 0.0027449276025344853, 0.0134263945868187, 0.002853691249631401
2015-12-24, 0.11964958837097527, 0.5030567685589517, 0.0775344058926149, 0.2836369241836446, 0.06568444099803865, 0.008259153895567587, 0.0027449276025344853, 0.0134263945868187, 0.002853691249631401
2015-12-24, 0.11964958837097527, 0.5030567685589517, 0.0775344058926149, 0.2836369241836446, 0.06568444099803865, 0.008259153895567587, 0.0027449276025344853, 0.0134263945868187, 0.002853691249631401
2015-12-24, 0.11964958837097527, 0.5030567685589517, 0.0775344058926149, 0.2836369241836446, 0.06568444099803865, 0.008259153895567587, 0.0027449276025344853, 0.0134263945868187, 0.002853691249631401
2015-12-24, 0.11964958837097527, 0.5030567685589517, 0.0775344058926149, 0.2836369241836446, 0.06568444099803865, 0.008259153895567587, 0.0027449276025344853, 0.0134263945868187, 0.002853691249631401
2015-12-24, 0.11964958837097527, 0.5030567685589517, 0.0775344058926149, 0.2836369241836446, 0.06568444099803865, 0.008259153895567587, 0.0027449276025344853, 0.0134263945868187, 0.002853691249631401
2015-12-24, 0.11964958837097527, 0.5030567685589517, 0.0775344058926149, 0.2836369241836446, 0.06568444099803865, 0.008259153895567587, 0.0027449276025344853, 0.0134263945868187, 0.002853691249631401
2015-12-24, 0.11964958837097527, 0.5030567685589517, 0.0775344058926149, 0.2836369241836446, 0.06568444099803865, 0.008259153895567587, 0.0027449276025344853, 0.0134263945868187, 0.002853691249631401
2015-12-24, 0.11964958837097527, 0.5030567685589517, 0.0775344058926149, 0.2836369241836446, 0.06568444099803865, 0.008259153895567587, 0.0027449276025344853, 0.0134263945868187, 0.002853691249631401
2015-12-24, 0.08092630127378922, 0.3982532751091704, 0.03876720294630728, 0.09249030136423189, 0.07663184783104485, 0.011012205194090118, 0.0013724638012672426, 0.019180563695455274, 0.009702550248746764
2015-12-24, 0.08092630127378922, 0.3982532751091704, 0.03876720294630728, 0.09249030136423189, 0.07663184783104485, 0.011012205194090118, 0.0013724638012672426, 0.019180563695455274, 0.009702550248746764
2015-12-24, 0.10090827308371907, 0.46113537117903947, 0.10854816824966086, 0.10173933150065516, 0.09031610637230308, 0.01376525649261265, 0.0013724638012672426, 0.017262507325909743, 0.013126979748304445
2015-12-24, 0.09339950571051435, 0.3982532751091704, 0.1395619306067065, 0.015415050227371935, 0.16694795420334793, 0.011012205194090118, 0.0, 0.010868986094091329, 0.005136644249336521
2015-11-24, 0.06458831984986851, 0.20960698689956325, 0.062027524714091925, 0.17881458263751485, 0.024631665374264432, 0.013765256492612642, 0.0027449276025344853, 0.01598380307954606, 0.009131811998820483
2015-11-24, 0.10071131762781318, 0.35633187772925773, 0.0232603217677843, 0.3144670246383885, 0.08757925466405153, 0.011012205194090111, 0.0013724638012672426, 0.007672225478182115, 0.003995167749483949
2015-11-24, 0.10071131762781318, 0.35633187772925773, 0.0232603217677843, 0.3144670246383885, 0.08757925466405153, 0.011012205194090111, 0.0013724638012672426, 0.007672225478182115, 0.003995167749483949
2015-11-24, 0.10071131762781318, 0.35633187772925773, 0.0232603217677843, 0.3144670246383885, 0.08757925466405153, 0.011012205194090111, 0.0013724638012672426, 0.007672225478182115, 0.003995167749483949
2015-11-24, 0.10071131762781318, 0.35633187772925773, 0.0232603217677843, 0.3144670246383885, 0.08757925466405153, 0.011012205194090111, 0.0013724638012672426, 0.007672225478182115, 0.003995167749483949
2015-11-24, 0.10071131762781318, 0.35633187772925773, 0.0232603217677843, 0.3144670246383885, 0.08757925466405153, 0.011012205194090111, 0.0013724638012672426, 0.007672225478182115, 0.003995167749483949
2015-11-24, 0.10071131762781318, 0.35633187772925773, 0.0232603217677843, 0.3144670246383885, 0.08757925466405153, 0.011012205194090111, 0.0013724638012672426, 0.007672225478182115, 0.003995167749483949
2015-11-24, 0.10071131762781318, 0.35633187772925773, 0.0232603217677843, 0.3144670246383885, 0.08757925466405153, 0.011012205194090111, 0.0013724638012672426, 0.007672225478182115, 0.003995167749483949
2015-11-24, 0.10071131762781318, 0.35633187772925773, 0.0232603217677843, 0.3144670246383885, 0.08757925466405153, 0.011012205194090111, 0.0013724638012672426, 0.007672225478182115, 0.003995167749483949
2015-11-24, 0.10071131762781318, 0.35633187772925773, 0.0232603217677843, 0.3144670246383885, 0.08757925466405153, 0.011012205194090111, 0.0013724638012672426, 0.007672225478182115, 0.003995167749483949
2015-11-24, 0.10071131762781318, 0.35633187772925773, 0.0232603217677843, 0.3144670246383885, 0.08757925466405153, 0.011012205194090111, 0.0013724638012672426, 0.007672225478182115, 0.003995167749483949
2015-11-24, 0.06458831984986851, 0.20960698689956325, 0.062027524714091925, 0.17881458263751485, 0.024631665374264432, 0.013765256492612642, 0.0027449276025344853, 0.01598380307954606, 0.009131811998820483
2015-11-24, 0.06458831984986851, 0.20960698689956325, 0.062027524714091925, 0.17881458263751485, 0.024631665374264432, 0.013765256492612642, 0.0027449276025344853, 0.01598380307954606, 0.009131811998820483
2015-11-24, 0.07535228775715254, 0.314410480349345, 0.062027524714091925, 0.11098836163707815, 0.08757925466405153, 0.013765256492612642, 0.0027449276025344853, 0.009590281847727644, 0.0017122147497788405
2015-11-24, 0.08247748196411996, 0.23056768558951962, 0.10854816824966086, 0.25280682372890045, 0.03284222049901908, 0.011012205194090111, 0.0, 0.0166231552027279, 0.007419597249041642
2015-10-25, 0.09465300673457125, 0.2934497816593887, 0.031013762357045963, 0.10173933150065488, 0.28189572594991547, 0.016518307791135174, 0.0013724638012672426, 0.019819915818637117, 0.011414764998525603
2015-10-25, 0.10221698510739156, 0.4192139737991267, 0.0232603217677843, 0.20656167304678463, 0.1313688819960773, 0.013765256492612642, 0.0013724638012672426, 0.01534445095636423, 0.006848858999115362
2015-10-25, 0.10221698510739156, 0.4192139737991267, 0.0232603217677843, 0.20656167304678463, 0.1313688819960773, 0.013765256492612642, 0.0013724638012672426, 0.01534445095636423, 0.006848858999115362
2015-10-25, 0.10221698510739156, 0.4192139737991267, 0.0232603217677843, 0.20656167304678463, 0.1313688819960773, 0.013765256492612642, 0.0013724638012672426, 0.01534445095636423, 0.006848858999115362
2015-10-25, 0.10221698510739156, 0.4192139737991267, 0.0232603217677843, 0.20656167304678463, 0.1313688819960773, 0.013765256492612642, 0.0013724638012672426, 0.01534445095636423, 0.006848858999115362
2015-10-25, 0.10221698510739156, 0.4192139737991267, 0.0232603217677843, 0.20656167304678463, 0.1313688819960773, 0.013765256492612642, 0.0013724638012672426, 0.01534445095636423, 0.006848858999115362
2015-10-25, 0.10221698510739156, 0.4192139737991267, 0.0232603217677843, 0.20656167304678463, 0.1313688819960773, 0.013765256492612642, 0.0013724638012672426, 0.01534445095636423, 0.006848858999115362
2015-10-25, 0.10221698510739156, 0.4192139737991267, 0.0232603217677843, 0.20656167304678463, 0.1313688819960773, 0.013765256492612642, 0.0013724638012672426, 0.01534445095636423, 0.006848858999115362
2015-10-25, 0.10221698510739156, 0.4192139737991267, 0.0232603217677843, 0.20656167304678463, 0.1313688819960773, 0.013765256492612642, 0.0013724638012672426, 0.01534445095636423, 0.006848858999115362
2015-10-25, 0.10221698510739156, 0.4192139737991267, 0.0232603217677843, 0.20656167304678463, 0.1313688819960773, 0.013765256492612642, 0.0013724638012672426, 0.01534445095636423, 0.006848858999115362
2015-10-25, 0.10221698510739156, 0.4192139737991267, 0.0232603217677843, 0.20656167304678463, 0.1313688819960773, 0.013765256492612642, 0.0013724638012672426, 0.01534445095636423, 0.006848858999115362
2015-10-25, 0.09465300673457125, 0.2934497816593887, 0.031013762357045963, 0.10173933150065488, 0.28189572594991547, 0.016518307791135174, 0.0013724638012672426, 0.019819915818637117, 0.011414764998525603
2015-10-25, 0.09465300673457125, 0.2934497816593887, 0.031013762357045963, 0.10173933150065488, 0.28189572594991547, 0.016518307791135174, 0.0013724638012672426, 0.019819915818637117, 0.011414764998525603
2015-10-25, 0.09645593594265699, 0.33537117903930136, 0.03876720294630728, 0.2466408036379518, 0.12042147516307086, 0.016518307791135174, 0.0, 0.012787042463636858, 0.0011414764998525604
2015-10-25, 0.0723464519786608, 0.314410480349345, 0.015506881178522981, 0.1880636127739381, 0.019157961957761333, 0.011012205194090118, 0.0013724638012672426, 0.017262507325909743, 0.011985503248451884
2015-09-25, 0.10139413398527446, 0.33537117903930136, 0.2636169800348903, 0.08940729131875755, 0.07389499612279331, 0.019271359089657707, 0.001372463801267235, 0.0076722254781821, 0.02054657699734606
2015-09-25, 0.15170658264321565, 0.46113537117903897, 0.255863539445629, 0.323716054774812, 0.1313688819960773, 0.01651830779113518, 0.002744927602534478, 0.005754169108636572, 0.0165514092478621
2015-09-25, 0.15170658264321565, 0.46113537117903897, 0.255863539445629, 0.323716054774812, 0.1313688819960773, 0.01651830779113518, 0.002744927602534478, 0.005754169108636572, 0.0165514092478621
2015-09-25, 0.15170658264321565, 0.46113537117903897, 0.255863539445629, 0.323716054774812, 0.1313688819960773, 0.01651830779113518, 0.002744927602534478, 0.005754169108636572, 0.0165514092478621
2015-09-25, 0.15170658264321565, 0.46113537117903897, 0.255863539445629, 0.323716054774812, 0.1313688819960773, 0.01651830779113518, 0.002744927602534478, 0.005754169108636572, 0.0165514092478621
2015-09-25, 0.15170658264321565, 0.46113537117903897, 0.255863539445629, 0.323716054774812, 0.1313688819960773, 0.01651830779113518, 0.002744927602534478, 0.005754169108636572, 0.0165514092478621
2015-09-25, 0.15170658264321565, 0.46113537117903897, 0.255863539445629, 0.323716054774812, 0.1313688819960773, 0.01651830779113518, 0.002744927602534478, 0.005754169108636572, 0.0165514092478621
2015-09-25, 0.15170658264321565, 0.46113537117903897, 0.255863539445629, 0.323716054774812, 0.1313688819960773, 0.01651830779113518, 0.002744927602534478, 0.005754169108636572, 0.0165514092478621
2015-09-25, 0.15170658264321565, 0.46113537117903897, 0.255863539445629, 0.323716054774812, 0.1313688819960773, 0.01651830779113518, 0.002744927602534478, 0.005754169108636572, 0.0165514092478621
2015-09-25, 0.15170658264321565, 0.46113537117903897, 0.255863539445629, 0.323716054774812, 0.1313688819960773, 0.01651830779113518, 0.002744927602534478, 0.005754169108636572, 0.0165514092478621
2015-09-25, 0.15170658264321565, 0.46113537117903897, 0.255863539445629, 0.323716054774812, 0.1313688819960773, 0.01651830779113518, 0.002744927602534478, 0.005754169108636572, 0.0165514092478621
2015-09-25, 0.09643084846928755, 0.25152838427947594, 0.31013762357045926, 0.09865632145518083, 0.05473703416503197, 0.022024410388180236, 0.0013724638012672426, 0.009590281847727629, 0.02340026824697746
2015-09-25, 0.09643084846928755, 0.25152838427947594, 0.31013762357045926, 0.09865632145518083, 0.05473703416503197, 0.022024410388180236, 0.0013724638012672426, 0.009590281847727629, 0.02340026824697746
2015-09-25, 0.10442582858835275, 0.35633187772925773, 0.19383601473153708, 0.07399224109138562, 0.15600054737034175, 0.022024410388180236, 0.001372463801267235, 0.009590281847727629, 0.0222587917471249
2015-09-25, 0.10362726818389736, 0.2934497816593887, 0.28687730180267496, 0.08940729131875755, 0.10947406833006443, 0.022024410388180236, 0.0, 0.008950929724545786, 0.01883436224756722
2015-08-26, 0.06589375452905769, 0.10480349344978152, 0.03876720294630762, 0.2743878940472213, 0.05747388587328376, 0.024777461686702754, 0.0, 0.006393521231818415, 0.02054657699734606
2015-08-26, 0.10469744031309332, 0.314410480349345, 0.062027524714091925, 0.1541505022737199, 0.26273776399215437, 0.019271359089657696, 0.0027449276025344853, 0.005114816985454729, 0.01712214749778838
2015-08-26, 0.10469744031309332, 0.314410480349345, 0.062027524714091925, 0.1541505022737199, 0.26273776399215437, 0.019271359089657696, 0.0027449276025344853, 0.005114816985454729, 0.01712214749778838
2015-08-26, 0.10469744031309332, 0.314410480349345, 0.062027524714091925, 0.1541505022737199, 0.26273776399215437, 0.019271359089657696, 0.0027449276025344853, 0.005114816985454729, 0.01712214749778838
2015-08-26, 0.10469744031309332, 0.314410480349345, 0.062027524714091925, 0.1541505022737199, 0.26273776399215437, 0.019271359089657696, 0.0027449276025344853, 0.005114816985454729, 0.01712214749778838
2015-08-26, 0.10469744031309332, 0.314410480349345, 0.062027524714091925, 0.1541505022737199, 0.26273776399215437, 0.019271359089657696, 0.0027449276025344853, 0.005114816985454729, 0.01712214749778838
2015-08-26, 0.10469744031309332, 0.314410480349345, 0.062027524714091925, 0.1541505022737199, 0.26273776399215437, 0.019271359089657696, 0.0027449276025344853, 0.005114816985454729, 0.01712214749778838
2015-08-26, 0.10469744031309332, 0.314410480349345, 0.062027524714091925, 0.1541505022737199, 0.26273776399215437, 0.019271359089657696, 0.0027449276025344853, 0.005114816985454729, 0.01712214749778838
2015-08-26, 0.10469744031309332, 0.314410480349345, 0.062027524714091925, 0.1541505022737199, 0.26273776399215437, 0.019271359089657696, 0.0027449276025344853, 0.005114816985454729, 0.01712214749778838
2015-08-26, 0.10469744031309332, 0.314410480349345, 0.062027524714091925, 0.1541505022737199, 0.26273776399215437, 0.019271359089657696, 0.0027449276025344853, 0.005114816985454729, 0.01712214749778838
2015-08-26, 0.10469744031309332, 0.314410480349345, 0.062027524714091925, 0.1541505022737199, 0.26273776399215437, 0.019271359089657696, 0.0027449276025344853, 0.005114816985454729, 0.01712214749778838
2015-08-26, 0.06589375452905769, 0.10480349344978152, 0.03876720294630762, 0.2743878940472213, 0.05747388587328376, 0.024777461686702754, 0.0, 0.006393521231818415, 0.02054657699734606
2015-08-26, 0.06589375452905769, 0.10480349344978152, 0.03876720294630762, 0.2743878940472213, 0.05747388587328376, 0.024777461686702754, 0.0, 0.006393521231818415, 0.02054657699734606
2015-08-26, 0.07515233897982443, 0.20960698689956325, 0.046520643535568944, 0.2497238136834264, 0.049263330748528865, 0.024777461686702754, 0.001372463801267235, 0.005114816985454729, 0.014839194498083259
2015-08-26, 0.0919245365639424, 0.1467248908296942, 0.10854816824966086, 0.3668781954114535, 0.05473703416503197, 0.02202441038818023, 0.0, 0.010229633970909473, 0.026253959496608862
2015-07-27, 0.12701828024182552, 0.06288209606986905, 0.1473153711959685, 0.2127276931377336, 0.5555808967750765, 0.022024410388180236, 0.0, 0.0019180563695455144, 0.013697717998230712
2015-07-27, 0.09988819303684326, 0.14672489082969445, 0.08528784648187657, 0.16031652236466884, 0.3749486840304703, 0.019271359089657714, 0.0, 0.0, 0.01255624149837815
2015-07-27, 0.09988819303684326, 0.14672489082969445, 0.08528784648187657, 0.16031652236466884, 0.3749486840304703, 0.019271359089657714, 0.0, 0.0, 0.01255624149837815
2015-07-27, 0.09988819303684326, 0.14672489082969445, 0.08528784648187657, 0.16031652236466884, 0.3749486840304703, 0.019271359089657714, 0.0, 0.0, 0.01255624149837815
2015-07-27, 0.09988819303684326, 0.14672489082969445, 0.08528784648187657, 0.16031652236466884, 0.3749486840304703, 0.019271359089657714, 0.0, 0.0, 0.01255624149837815
2015-07-27, 0.09988819303684326, 0.14672489082969445, 0.08528784648187657, 0.16031652236466884, 0.3749486840304703, 0.019271359089657714, 0.0, 0.0, 0.01255624149837815
2015-07-27, 0.09988819303684326, 0.14672489082969445, 0.08528784648187657, 0.16031652236466884, 0.3749486840304703, 0.019271359089657714, 0.0, 0.0, 0.01255624149837815
2015-07-27, 0.09988819303684326, 0.14672489082969445, 0.08528784648187657, 0.16031652236466884, 0.3749486840304703, 0.019271359089657714, 0.0, 0.0, 0.01255624149837815
2015-07-27, 0.09988819303684326, 0.14672489082969445, 0.08528784648187657, 0.16031652236466884, 0.3749486840304703, 0.019271359089657714, 0.0, 0.0, 0.01255624149837815
2015-07-27, 0.09988819303684326, 0.14672489082969445, 0.08528784648187657, 0.16031652236466884, 0.3749486840304703, 0.019271359089657714, 0.0, 0.0, 0.01255624149837815
2015-07-27, 0.09988819303684326, 0.14672489082969445, 0.08528784648187657, 0.16031652236466884, 0.3749486840304703, 0.019271359089657714, 0.0, 0.0, 0.01255624149837815
2015-07-27, 0.12701828024182552, 0.06288209606986905, 0.1473153711959685, 0.2127276931377336, 0.5555808967750765, 0.022024410388180236, 0.0, 0.0019180563695455144, 0.013697717998230712
2015-07-27, 0.12701828024182552, 0.06288209606986905, 0.1473153711959685, 0.2127276931377336, 0.5555808967750765, 0.022024410388180236, 0.0, 0.0019180563695455144, 0.013697717998230712
2015-07-27, 0.09898602699848023, 0.1257641921397381, 0.10079472766039956, 0.15106749222824556, 0.3804223874469737, 0.019271359089657714, 0.001372463801267235, 0.0006393521231818429, 0.01255624149837815
2015-07-27, 0.10708093215170494, 0.0, 0.13956193060670682, 0.20039565295583597, 0.4789490489440314, 0.019271359089657714, 0.0, 0.0019180563695455144, 0.0165514092478621
2015-06-27, 0.09588604358921196, 0.0838427947598254, 0.13180849001744516, 0.15723351231919425, 0.36126442548921234, 0.01651830779113518, 0.0027449276025344853, 0.005114816985454729, 0.00856107374889419
2015-06-27, 0.08092483103712578, 0.06288209606986905, 0.1783291335530141, 0.13565244200087337, 0.23810609861788992, 0.01376525649261265, 0.005489855205068971, 0.005754169108636572, 0.007419597249041629
2015-06-27, 0.08092483103712578, 0.06288209606986905, 0.1783291335530141, 0.13565244200087337, 0.23810609861788992, 0.01376525649261265, 0.005489855205068971, 0.005754169108636572, 0.007419597249041629
2015-06-27, 0.08092483103712578, 0.06288209606986905, 0.1783291335530141, 0.13565244200087337, 0.23810609861788992, 0.01376525649261265, 0.005489855205068971, 0.005754169108636572, 0.007419597249041629
2015-06-27, 0.08092483103712578, 0.06288209606986905, 0.1783291335530141, 0.13565244200087337, 0.23810609861788992, 0.01376525649261265, 0.005489855205068971, 0.005754169108636572, 0.007419597249041629
2015-06-27, 0.08092483103712578, 0.06288209606986905, 0.1783291335530141, 0.13565244200087337, 0.23810609861788992, 0.01376525649261265, 0.005489855205068971, 0.005754169108636572, 0.007419597249041629
2015-06-27, 0.08092483103712578, 0.06288209606986905, 0.1783291335530141, 0.13565244200087337, 0.23810609861788992, 0.01376525649261265, 0.005489855205068971, 0.005754169108636572, 0.007419597249041629
2015-06-27, 0.08092483103712578, 0.06288209606986905, 0.1783291335530141, 0.13565244200087337, 0.23810609861788992, 0.01376525649261265, 0.005489855205068971, 0.005754169108636572, 0.007419597249041629
2015-06-27, 0.08092483103712578, 0.06288209606986905, 0.1783291335530141, 0.13565244200087337, 0.23810609861788992, 0.01376525649261265, 0.005489855205068971, 0.005754169108636572, 0.007419597249041629
2015-06-27, 0.08092483103712578, 0.06288209606986905, 0.1783291335530141, 0.13565244200087337, 0.23810609861788992, 0.01376525649261265, 0.005489855205068971, 0.005754169108636572, 0.007419597249041629
2015-06-27, 0.08092483103712578, 0.06288209606986905, 0.1783291335530141, 0.13565244200087337, 0.23810609861788992, 0.01376525649261265, 0.005489855205068971, 0.005754169108636572, 0.007419597249041629
2015-06-27, 0.12501226991627717, 0.12576419213973786, 0.15506881178522963, 0.2466408036379518, 0.4378962733202572, 0.019271359089657714, 0.0, 0.005754169108636572, 0.00970255024874675
2015-06-27, 0.12501226991627717, 0.12576419213973786, 0.15506881178522963, 0.2466408036379518, 0.4378962733202572, 0.019271359089657714, 0.0, 0.005754169108636572, 0.00970255024874675
2015-06-27, 0.10205866633546275, 0.02096069868995635, 0.1860825741422756, 0.19114662281941272, 0.3831592391552252, 0.01376525649261265, 0.004117391403801728, 0.006393521231818415, 0.01084402674859931
2015-06-27, 0.07452734056885386, 0.0, 0.13956193060670666, 0.12332040181897576, 0.29831683619942523, 0.01651830779113518, 0.004117391403801728, 0.006393521231818415, 0.00799033549896791
2015-05-28, 0.10191912414387316, 0.1676855895196508, 0.20934289591006008, 0.12332040181897576, 0.2818957259499157, 0.01376525649261265, 0.0027449276025344853, 0.005754169108636572, 0.01084402674859931
2015-05-28, 0.11685800310563388, 0.2096069868995635, 0.17057569296375263, 0.19422963286488704, 0.33389590840669614, 0.01376525649261265, 0.0027449276025344853, 0.0031967606159092003, 0.00684885899911535
2015-05-28, 0.11685800310563388, 0.2096069868995635, 0.17057569296375263, 0.19422963286488704, 0.33389590840669614, 0.01376525649261265, 0.0027449276025344853, 0.0031967606159092003, 0.00684885899911535
2015-05-28, 0.11685800310563388, 0.2096069868995635, 0.17057569296375263, 0.19422963286488704, 0.33389590840669614, 0.01376525649261265, 0.0027449276025344853, 0.0031967606159092003, 0.00684885899911535
2015-05-28, 0.11685800310563388, 0.2096069868995635, 0.17057569296375263, 0.19422963286488704, 0.33389590840669614, 0.01376525649261265, 0.0027449276025344853, 0.0031967606159092003, 0.00684885899911535
2015-05-28, 0.11685800310563388, 0.2096069868995635, 0.17057569296375263, 0.19422963286488704, 0.33389590840669614, 0.01376525649261265, 0.0027449276025344853, 0.0031967606159092003, 0.00684885899911535
2015-05-28, 0.11685800310563388, 0.2096069868995635, 0.17057569296375263, 0.19422963286488704, 0.33389590840669614, 0.01376525649261265, 0.0027449276025344853, 0.0031967606159092003, 0.00684885899911535
2015-05-28, 0.11685800310563388, 0.2096069868995635, 0.17057569296375263, 0.19422963286488704, 0.33389590840669614, 0.01376525649261265, 0.0027449276025344853, 0.0031967606159092003, 0.00684885899911535
2015-05-28, 0.11685800310563388, 0.2096069868995635, 0.17057569296375263, 0.19422963286488704, 0.33389590840669614, 0.01376525649261265, 0.0027449276025344853, 0.0031967606159092003, 0.00684885899911535
2015-05-28, 0.11685800310563388, 0.2096069868995635, 0.17057569296375263, 0.19422963286488704, 0.33389590840669614, 0.01376525649261265, 0.0027449276025344853, 0.0031967606159092003, 0.00684885899911535
2015-05-28, 0.11685800310563388, 0.2096069868995635, 0.17057569296375263, 0.19422963286488704, 0.33389590840669614, 0.01376525649261265, 0.0027449276025344853, 0.0031967606159092003, 0.00684885899911535
2015-05-28, 0.13702419605057173, 0.0838427947598254, 0.24035665826710587, 0.28980294427459324, 0.44884368015326365, 0.01651830779113518, 0.0013724638012672426, 0.005754169108636572, 0.00970255024874675
2015-05-28, 0.13702419605057173, 0.0838427947598254, 0.24035665826710587, 0.28980294427459324, 0.44884368015326365, 0.01651830779113518, 0.0013724638012672426, 0.005754169108636572, 0.00970255024874675
2015-05-28, 0.14432962449619574, 0.10480349344978175, 0.21709633649932156, 0.26513886391079805, 0.5391597865255667, 0.01651830779113518, 0.001372463801267235, 0.0025574084927273573, 0.00799033549896791
2015-05-28, 0.12811453667796055, 0.2096069868995635, 0.19383601473153708, 0.22197672327415657, 0.3640012771974639, 0.011012205194090127, 0.004117391403801728, 0.008950929724545786, 0.011414764998525591
2015-04-28, 0.0932271367493109, 0.20960698689956325, 0.11630160883892218, 0.12023739177350143, 0.2791588742416639, 0.011012205194090111, 0.0013724638012672426, 0.0012787042463636715, 0.00684885899911535
2015-04-28, 0.10975876115535738, 0.1467248908296942, 0.13180849001744516, 0.15723351231919425, 0.4187383113624961, 0.013765256492612642, 0.0027449276025344853, 0.0019180563695455287, 0.005136644249336521
2015-04-28, 0.10975876115535738, 0.1467248908296942, 0.13180849001744516, 0.15723351231919425, 0.4187383113624961, 0.013765256492612642, 0.0027449276025344853, 0.0019180563695455287, 0.005136644249336521
2015-04-28, 0.10975876115535738, 0.1467248908296942, 0.13180849001744516, 0.15723351231919425, 0.4187383113624961, 0.013765256492612642, 0.0027449276025344853, 0.0019180563695455287, 0.005136644249336521
2015-04-28, 0.10975876115535738, 0.1467248908296942, 0.13180849001744516, 0.15723351231919425, 0.4187383113624961, 0.013765256492612642, 0.0027449276025344853, 0.0019180563695455287, 0.005136644249336521
2015-04-28, 0.10975876115535738, 0.1467248908296942, 0.13180849001744516, 0.15723351231919425, 0.4187383113624961, 0.013765256492612642, 0.0027449276025344853, 0.0019180563695455287, 0.005136644249336521
2015-04-28, 0.10975876115535738, 0.1467248908296942, 0.13180849001744516, 0.15723351231919425, 0.4187383113624961, 0.013765256492612642, 0.0027449276025344853, 0.0019180563695455287, 0.005136644249336521
2015-04-28, 0.10975876115535738, 0.1467248908296942, 0.13180849001744516, 0.15723351231919425, 0.4187383113624961, 0.013765256492612642, 0.0027449276025344853, 0.0019180563695455287, 0.005136644249336521
2015-04-28, 0.10975876115535738, 0.1467248908296942, 0.13180849001744516, 0.15723351231919425, 0.4187383113624961, 0.013765256492612642, 0.0027449276025344853, 0.0019180563695455287, 0.005136644249336521
2015-04-28, 0.10975876115535738, 0.1467248908296942, 0.13180849001744516, 0.15723351231919425, 0.4187383113624961, 0.013765256492612642, 0.0027449276025344853, 0.0019180563695455287, 0.005136644249336521
2015-04-28, 0.10975876115535738, 0.1467248908296942, 0.13180849001744516, 0.15723351231919425, 0.4187383113624961, 0.013765256492612642, 0.0027449276025344853, 0.0019180563695455287, 0.005136644249336521
2015-04-28, 0.09553515528264564, 0.02096069868995635, 0.2170963364993214, 0.1418184620918223, 0.3503170186562059, 0.019271359089657696, 0.0, 0.005114816985454729, 0.00970255024874675
2015-04-28, 0.09553515528264564, 0.02096069868995635, 0.2170963364993214, 0.1418184620918223, 0.3503170186562059, 0.019271359089657696, 0.0, 0.005114816985454729, 0.00970255024874675
2015-04-28, 0.11302241438235747, 0.08384279475982516, 0.17832913355301394, 0.16956555250109184, 0.44884368015326365, 0.016518307791135167, 0.0013724638012672426, 0.0, 0.005707382499262789
2015-04-28, 0.09553515528264564, 0.02096069868995635, 0.2170963364993214, 0.1418184620918223, 0.3503170186562059, 0.019271359089657696, 0.0, 0.005114816985454729, 0.00970255024874675
2015-03-29, 0.09604006842348772, 0.35633187772925773, 0.10854816824966086, 0.04007913059116714, 0.23810609861788992, 0.01376525649261265, 0.0027449276025344853, 0.007032873355000272, 0.0017122147497788279
2015-03-29, 0.10800112093745803, 0.2934497816593887, 0.12405504942818385, 0.12023739177350169, 0.29831683619942523, 0.01376525649261265, 0.0027449276025344853, 0.010868986094091315, 0.0005707382499262802
2015-03-29, 0.10800112093745803, 0.2934497816593887, 0.12405504942818385, 0.12023739177350169, 0.29831683619942523, 0.01376525649261265, 0.0027449276025344853, 0.010868986094091315, 0.0005707382499262802
2015-03-29, 0.10800112093745803, 0.2934497816593887, 0.12405504942818385, 0.12023739177350169, 0.29831683619942523, 0.01376525649261265, 0.0027449276025344853, 0.010868986094091315, 0.0005707382499262802
2015-03-29, 0.10800112093745803, 0.2934497816593887, 0.12405504942818385, 0.12023739177350169, 0.29831683619942523, 0.01376525649261265, 0.0027449276025344853, 0.010868986094091315, 0.0005707382499262802
2015-03-29, 0.10800112093745803, 0.2934497816593887, 0.12405504942818385, 0.12023739177350169, 0.29831683619942523, 0.01376525649261265, 0.0027449276025344853, 0.010868986094091315, 0.0005707382499262802
2015-03-29, 0.10800112093745803, 0.2934497816593887, 0.12405504942818385, 0.12023739177350169, 0.29831683619942523, 0.01376525649261265, 0.0027449276025344853, 0.010868986094091315, 0.0005707382499262802
2015-03-29, 0.10800112093745803, 0.2934497816593887, 0.12405504942818385, 0.12023739177350169, 0.29831683619942523, 0.01376525649261265, 0.0027449276025344853, 0.010868986094091315, 0.0005707382499262802
2015-03-29, 0.10800112093745803, 0.2934497816593887, 0.12405504942818385, 0.12023739177350169, 0.29831683619942523, 0.01376525649261265, 0.0027449276025344853, 0.010868986094091315, 0.0005707382499262802
2015-03-29, 0.10800112093745803, 0.2934497816593887, 0.12405504942818385, 0.12023739177350169, 0.29831683619942523, 0.01376525649261265, 0.0027449276025344853, 0.010868986094091315, 0.0005707382499262802
2015-03-29, 0.10800112093745803, 0.2934497816593887, 0.12405504942818385, 0.12023739177350169, 0.29831683619942523, 0.01376525649261265, 0.0027449276025344853, 0.010868986094091315, 0.0005707382499262802
2015-03-29, 0.12550395732381095, 0.1257641921397381, 0.13180849001744552, 0.23122575341057985, 0.48715960406878606, 0.01651830779113518, 0.0013724638012672426, 0.0044754648622729, 0.005707382499262789
2015-03-29, 0.12550395732381095, 0.1257641921397381, 0.13180849001744552, 0.23122575341057985, 0.48715960406878606, 0.01651830779113518, 0.0013724638012672426, 0.0044754648622729, 0.005707382499262789
2015-03-29, 0.12406355712567357, 0.1676855895196508, 0.1705756929637528, 0.19731264291036166, 0.4324225699037541, 0.01651830779113518, 0.0013724638012672426, 0.0031967606159092146, 0.0034244294995576683
2015-03-29, 0.12509219229929858, 0.2934497816593887, 0.11630160883892253, 0.1418184620918223, 0.4242120147789992, 0.01376525649261265, 0.0013724638012672426, 0.006393521231818429, 0.0034244294995576683
2015-02-27, 0.1144279797219805, 0.0838427947598254, 0.20934289591006025, 0.2127276931377336, 0.3804223874469737, 0.01376525649261265, 0.0013724638012672426, 0.007672225478182115, 0.006278120749189069
2015-02-27, 0.10479151518071847, 0.23056768558951984, 0.17832913355301427, 0.12948642190992468, 0.27915887424166413, 0.011012205194090127, 0.0027449276025344853, 0.007032873355000272, 0.0
2015-02-27, 0.10479151518071847, 0.23056768558951984, 0.17832913355301427, 0.12948642190992468, 0.27915887424166413, 0.011012205194090127, 0.0027449276025344853, 0.007032873355000272, 0.0
2015-02-27, 0.10479151518071847, 0.23056768558951984, 0.17832913355301427, 0.12948642190992468, 0.27915887424166413, 0.011012205194090127, 0.0027449276025344853, 0.007032873355000272, 0.0
2015-02-27, 0.10479151518071847, 0.23056768558951984, 0.17832913355301427, 0.12948642190992468, 0.27915887424166413, 0.011012205194090127, 0.0027449276025344853, 0.007032873355000272, 0.0
2015-02-27, 0.10479151518071847, 0.23056768558951984, 0.17832913355301427, 0.12948642190992468, 0.27915887424166413, 0.011012205194090127, 0.0027449276025344853, 0.007032873355000272, 0.0
2015-02-27, 0.10479151518071847, 0.23056768558951984, 0.17832913355301427, 0.12948642190992468, 0.27915887424166413, 0.011012205194090127, 0.0027449276025344853, 0.007032873355000272, 0.0
2015-02-27, 0.10479151518071847, 0.23056768558951984, 0.17832913355301427, 0.12948642190992468, 0.27915887424166413, 0.011012205194090127, 0.0027449276025344853, 0.007032873355000272, 0.0
2015-02-27, 0.10479151518071847, 0.23056768558951984, 0.17832913355301427, 0.12948642190992468, 0.27915887424166413, 0.011012205194090127, 0.0027449276025344853, 0.007032873355000272, 0.0
2015-02-27, 0.10479151518071847, 0.23056768558951984, 0.17832913355301427, 0.12948642190992468, 0.27915887424166413, 0.011012205194090127, 0.0027449276025344853, 0.007032873355000272, 0.0
2015-02-27, 0.10479151518071847, 0.23056768558951984, 0.17832913355301427, 0.12948642190992468, 0.27915887424166413, 0.011012205194090127, 0.0027449276025344853, 0.007032873355000272, 0.0
2015-02-27, 0.14721314505938263, 0.0838427947598254, 0.20158945532079875, 0.3422141150476583, 0.5200018245678056, 0.01651830779113518, 0.0, 0.0038361127390910575, 0.00970255024874675
2015-02-27, 0.14721314505938263, 0.0838427947598254, 0.20158945532079875, 0.3422141150476583, 0.5200018245678056, 0.01651830779113518, 0.0, 0.0038361127390910575, 0.00970255024874675
2015-02-27, 0.1417009705314542, 0.10480349344978175, 0.21709633649932172, 0.26513886391079833, 0.5200018245678056, 0.01651830779113518, 0.001372463801267235, 0.006393521231818429, 0.0022829529997051208
2015-02-27, 0.09062636428201148, 0.1257641921397381, 0.1628222523744913, 0.1541505022737199, 0.24905350545089638, 0.01376525649261265, 0.0013724638012672426, 0.0089509297245458, 0.009131811998820471
2015-01-28, 0.1027653182940999, 0.25152838427947594, 0.15506881178522963, 0.06474321095496262, 0.3174747981571866, 0.01651830779113518, 0.004117391403801728, 0.006393521231818429, 0.006278120749189069
2015-01-28, 0.10196455495757034, 0.2724890829694323, 0.19383601473153708, 0.052411170773064744, 0.27094831911690925, 0.01376525649261265, 0.0027449276025344853, 0.0089509297245458, 0.0005707382499262802
2015-01-28, 0.10196455495757034, 0.2724890829694323, 0.19383601473153708, 0.052411170773064744, 0.27094831911690925, 0.01376525649261265, 0.0027449276025344853, 0.0089509297245458, 0.0005707382499262802
2015-01-28, 0.10196455495757034, 0.2724890829694323, 0.19383601473153708, 0.052411170773064744, 0.27094831911690925, 0.01376525649261265, 0.0027449276025344853, 0.0089509297245458, 0.0005707382499262802
2015-01-28, 0.10196455495757034, 0.2724890829694323, 0.19383601473153708, 0.052411170773064744, 0.27094831911690925, 0.01376525649261265, 0.0027449276025344853, 0.0089509297245458, 0.0005707382499262802
2015-01-28, 0.10196455495757034, 0.2724890829694323, 0.19383601473153708, 0.052411170773064744, 0.27094831911690925, 0.01376525649261265, 0.0027449276025344853, 0.0089509297245458, 0.0005707382499262802
2015-01-28, 0.10196455495757034, 0.2724890829694323, 0.19383601473153708, 0.052411170773064744, 0.27094831911690925, 0.01376525649261265, 0.0027449276025344853, 0.0089509297245458, 0.0005707382499262802
2015-01-28, 0.10196455495757034, 0.2724890829694323, 0.19383601473153708, 0.052411170773064744, 0.27094831911690925, 0.01376525649261265, 0.0027449276025344853, 0.0089509297245458, 0.0005707382499262802
2015-01-28, 0.10196455495757034, 0.2724890829694323, 0.19383601473153708, 0.052411170773064744, 0.27094831911690925, 0.01376525649261265, 0.0027449276025344853, 0.0089509297245458, 0.0005707382499262802
2015-01-28, 0.10196455495757034, 0.2724890829694323, 0.19383601473153708, 0.052411170773064744, 0.27094831911690925, 0.01376525649261265, 0.0027449276025344853, 0.0089509297245458, 0.0005707382499262802
2015-01-28, 0.10196455495757034, 0.2724890829694323, 0.19383601473153708, 0.052411170773064744, 0.27094831911690925, 0.01376525649261265, 0.0027449276025344853, 0.0089509297245458, 0.0005707382499262802
2015-01-28, 0.11086369706390312, 0.12576419213973786, 0.22484977708858306, 0.12023739177350169, 0.3831592391552252, 0.01651830779113518, 0.005489855205068971, 0.005754169108636586, 0.005136644249336509
2015-01-28, 0.11086369706390312, 0.12576419213973786, 0.22484977708858306, 0.12023739177350169, 0.3831592391552252, 0.01651830779113518, 0.005489855205068971, 0.005754169108636586, 0.005136644249336509
2015-01-28, 0.10905790895279277, 0.1886462882096069, 0.17057569296375263, 0.11098836163707843, 0.36673812890571544, 0.019271359089657714, 0.005489855205068971, 0.0044754648622729, 0.006278120749189069
2015-01-28, 0.08753598797229632, 0.1886462882096069, 0.16282225237449113, 0.021581070318320874, 0.29010628107467057, 0.01376525649261265, 0.005489855205068971, 0.007032873355000272, 0.01084402674859931
2014-12-29, 0.1079989052185127, 0.23056768558951984, 0.054274084124830264, 0.22505973331963092, 0.3174747981571866, 0.011012205194090118, 0.004117391403801728, 0.01406574671000053, 0.007419597249041642
2014-12-29, 0.07706410266629943, 0.2934497816593887, 0.06202752471409175, 0.09865632145518083, 0.1368425854125804, 0.011012205194090118, 0.0013724638012672426, 0.010868986094091329, 0.002282952999705108
2014-12-29, 0.07706410266629943, 0.2934497816593887, 0.06202752471409175, 0.09865632145518083, 0.1368425854125804, 0.011012205194090118, 0.0013724638012672426, 0.010868986094091329, 0.002282952999705108
2014-12-29, 0.07706410266629943, 0.2934497816593887, 0.06202752471409175, 0.09865632145518083, 0.1368425854125804, 0.011012205194090118, 0.0013724638012672426, 0.010868986094091329, 0.002282952999705108
2014-12-29, 0.07706410266629943, 0.2934497816593887, 0.06202752471409175, 0.09865632145518083, 0.1368425854125804, 0.011012205194090118, 0.0013724638012672426, 0.010868986094091329, 0.002282952999705108
2014-12-29, 0.07706410266629943, 0.2934497816593887, 0.06202752471409175, 0.09865632145518083, 0.1368425854125804, 0.011012205194090118, 0.0013724638012672426, 0.010868986094091329, 0.002282952999705108
2014-12-29, 0.07706410266629943, 0.2934497816593887, 0.06202752471409175, 0.09865632145518083, 0.1368425854125804, 0.011012205194090118, 0.0013724638012672426, 0.010868986094091329, 0.002282952999705108
2014-12-29, 0.07706410266629943, 0.2934497816593887, 0.06202752471409175, 0.09865632145518083, 0.1368425854125804, 0.011012205194090118, 0.0013724638012672426, 0.010868986094091329, 0.002282952999705108
2014-12-29, 0.07706410266629943, 0.2934497816593887, 0.06202752471409175, 0.09865632145518083, 0.1368425854125804, 0.011012205194090118, 0.0013724638012672426, 0.010868986094091329, 0.002282952999705108
2014-12-29, 0.07706410266629943, 0.2934497816593887, 0.06202752471409175, 0.09865632145518083, 0.1368425854125804, 0.011012205194090118, 0.0013724638012672426, 0.010868986094091329, 0.002282952999705108
2014-12-29, 0.07706410266629943, 0.2934497816593887, 0.06202752471409175, 0.09865632145518083, 0.1368425854125804, 0.011012205194090118, 0.0013724638012672426, 0.010868986094091329, 0.002282952999705108
2014-12-29, 0.12756722832040862, 0.2724890829694323, 0.03876720294630728, 0.3083010045474398, 0.3749486840304703, 0.01376525649261265, 0.0027449276025344853, 0.0089509297245458, 0.0005707382499262802
2014-12-29, 0.12756722832040862, 0.2724890829694323, 0.03876720294630728, 0.3083010045474398, 0.3749486840304703, 0.01376525649261265, 0.0027449276025344853, 0.0089509297245458, 0.0005707382499262802
2014-12-29, 0.10476625443357333, 0.2724890829694323, 0.054274084124830264, 0.16956555250109184, 0.3174747981571866, 0.011012205194090118, 0.0013724638012672426, 0.010229633970909487, 0.0017122147497788405
2014-12-29, 0.09436600177017682, 0.35633187772925773, 0.007753440589261491, 0.14798448218277097, 0.22168498836838038, 0.011012205194090118, 0.0, 0.009590281847727644, 0.0005707382499262802
2014-11-29, 0.06324421257379095, 0.16768558951965057, 0.0775344058926149, 0.027747090409269537, 0.21621128495187705, 0.0027530512985225316, 0.0013724638012672426, 0.011508338217273172, 0.0011414764998525476
2014-11-29, 0.06324421257379095, 0.16768558951965057, 0.0775344058926149, 0.027747090409269537, 0.21621128495187705, 0.0027530512985225316, 0.0013724638012672426, 0.011508338217273172, 0.0011414764998525476
2014-11-29, 0.06324421257379095, 0.16768558951965057, 0.0775344058926149, 0.027747090409269537, 0.21621128495187705, 0.0027530512985225316, 0.0013724638012672426, 0.011508338217273172, 0.0011414764998525476
2014-11-29, 0.06324421257379095, 0.16768558951965057, 0.0775344058926149, 0.027747090409269537, 0.21621128495187705, 0.0027530512985225316, 0.0013724638012672426, 0.011508338217273172, 0.0011414764998525476
2014-11-29, 0.06324421257379095, 0.16768558951965057, 0.0775344058926149, 0.027747090409269537, 0.21621128495187705, 0.0027530512985225316, 0.0013724638012672426, 0.011508338217273172, 0.0011414764998525476
2014-11-29, 0.06324421257379095, 0.16768558951965057, 0.0775344058926149, 0.027747090409269537, 0.21621128495187705, 0.0027530512985225316, 0.0013724638012672426, 0.011508338217273172, 0.0011414764998525476
2014-11-29, 0.06324421257379095, 0.16768558951965057, 0.0775344058926149, 0.027747090409269537, 0.21621128495187705, 0.0027530512985225316, 0.0013724638012672426, 0.011508338217273172, 0.0011414764998525476
2014-11-29, 0.06324421257379095, 0.16768558951965057, 0.0775344058926149, 0.027747090409269537, 0.21621128495187705, 0.0027530512985225316, 0.0013724638012672426, 0.011508338217273172, 0.0011414764998525476
2014-11-29, 0.06324421257379095, 0.16768558951965057, 0.0775344058926149, 0.027747090409269537, 0.21621128495187705, 0.0027530512985225316, 0.0013724638012672426, 0.011508338217273172, 0.0011414764998525476
2014-11-29, 0.06324421257379095, 0.16768558951965057, 0.0775344058926149, 0.027747090409269537, 0.21621128495187705, 0.0027530512985225316, 0.0013724638012672426, 0.011508338217273172, 0.0011414764998525476
2014-11-29, 0.06324421257379095, 0.16768558951965057, 0.0775344058926149, 0.027747090409269537, 0.21621128495187705, 0.0027530512985225316, 0.0013724638012672426, 0.011508338217273172, 0.0011414764998525476
2014-11-29, 0.05871370061715109, 0.12576419213973786, 0.062027524714091925, 0.08324127122780889, 0.1724216576198513, 0.008259153895567587, 0.0027449276025344853, 0.0038361127390910575, 0.011414764998525591
2014-11-29, 0.05871370061715109, 0.12576419213973786, 0.062027524714091925, 0.08324127122780889, 0.1724216576198513, 0.008259153895567587, 0.0027449276025344853, 0.0038361127390910575, 0.011414764998525591
2014-11-29, 0.05871370061715109, 0.12576419213973786, 0.062027524714091925, 0.08324127122780889, 0.1724216576198513, 0.008259153895567587, 0.0027449276025344853, 0.0038361127390910575, 0.011414764998525591
2014-11-29, 0.05668203452470618, 0.16768558951965057, 0.06978096530335341, 0.07090923104591129, 0.12589517857957397, 0.0055061025970450555, 0.0013724638012672426, 0.008311577601363957, 0.003995167749483949
2014-10-30, 0.07873491777602074, 0.25152838427947594, 0.007753440589261491, 0.15106749222824556, 0.20252702641061907, 0.0027530512985225316, 0.0013724638012672426, 0.008311577601363957, 0.0045659059994102285
2014-10-30, 0.0666494518757196, 0.31441048034934477, 0.015506881178522981, 0.055494180818539074, 0.12863203028782574, 0.0027530512985225316, 0.0027449276025344853, 0.010229633970909487, 0.0034244294995576683
2014-10-30, 0.0666494518757196, 0.31441048034934477, 0.015506881178522981, 0.055494180818539074, 0.12863203028782574, 0.0027530512985225316, 0.0027449276025344853, 0.010229633970909487, 0.0034244294995576683
2014-10-30, 0.0666494518757196, 0.31441048034934477, 0.015506881178522981, 0.055494180818539074, 0.12863203028782574, 0.0027530512985225316, 0.0027449276025344853, 0.010229633970909487, 0.0034244294995576683
2014-10-30, 0.0666494518757196, 0.31441048034934477, 0.015506881178522981, 0.055494180818539074, 0.12863203028782574, 0.0027530512985225316, 0.0027449276025344853, 0.010229633970909487, 0.0034244294995576683
2014-10-30, 0.0666494518757196, 0.31441048034934477, 0.015506881178522981, 0.055494180818539074, 0.12863203028782574, 0.0027530512985225316, 0.0027449276025344853, 0.010229633970909487, 0.0034244294995576683
2014-10-30, 0.0666494518757196, 0.31441048034934477, 0.015506881178522981, 0.055494180818539074, 0.12863203028782574, 0.0027530512985225316, 0.0027449276025344853, 0.010229633970909487, 0.0034244294995576683
2014-10-30, 0.0666494518757196, 0.31441048034934477, 0.015506881178522981, 0.055494180818539074, 0.12863203028782574, 0.0027530512985225316, 0.0027449276025344853, 0.010229633970909487, 0.0034244294995576683
2014-10-30, 0.0666494518757196, 0.31441048034934477, 0.015506881178522981, 0.055494180818539074, 0.12863203028782574, 0.0027530512985225316, 0.0027449276025344853, 0.010229633970909487, 0.0034244294995576683
2014-10-30, 0.0666494518757196, 0.31441048034934477, 0.015506881178522981, 0.055494180818539074, 0.12863203028782574, 0.0027530512985225316, 0.0027449276025344853, 0.010229633970909487, 0.0034244294995576683
2014-10-30, 0.0666494518757196, 0.31441048034934477, 0.015506881178522981, 0.055494180818539074, 0.12863203028782574, 0.0027530512985225316, 0.0027449276025344853, 0.010229633970909487, 0.0034244294995576683
2014-10-30, 0.12095926449302183, 0.16768558951965057, 0.0775344058926149, 0.21889371322868226, 0.4789490489440314, 0.008259153895567587, 0.0027449276025344853, 0.0044754648622729, 0.009131811998820471
2014-10-30, 0.12095926449302183, 0.16768558951965057, 0.0775344058926149, 0.21889371322868226, 0.4789490489440314, 0.008259153895567587, 0.0027449276025344853, 0.0044754648622729, 0.009131811998820471
2014-10-30, 0.08656008682392755, 0.33537117903930114, 0.03876720294630745, 0.0955733114097065, 0.20526387811887062, 0.0027530512985225316, 0.0013724638012672426, 0.007672225478182115, 0.005707382499262789
2014-10-30, 0.10401948481529444, 0.2934497816593884, 0.046520643535568944, 0.16956555250109184, 0.30652739132418017, 0.0027530512985225316, 0.0027449276025344853, 0.008311577601363957, 0.0022829529997051208
2014-09-30, 0.049072022193555415, 0.1886462882096069, 0.13180849001744535, 0.04007913059116714, 0.019157961957761333, 0.0, 0.004117391403801728, 0.0019180563695455287, 0.00684885899911535
2014-09-30, 0.049072022193555415, 0.1886462882096069, 0.13180849001744535, 0.04007913059116714, 0.019157961957761333, 0.0, 0.004117391403801728, 0.0019180563695455287, 0.00684885899911535
2014-09-30, 0.049072022193555415, 0.1886462882096069, 0.13180849001744535, 0.04007913059116714, 0.019157961957761333, 0.0, 0.004117391403801728, 0.0019180563695455287, 0.00684885899911535
2014-09-30, 0.049072022193555415, 0.1886462882096069, 0.13180849001744535, 0.04007913059116714, 0.019157961957761333, 0.0, 0.004117391403801728, 0.0019180563695455287, 0.00684885899911535
2014-09-30, 0.049072022193555415, 0.1886462882096069, 0.13180849001744535, 0.04007913059116714, 0.019157961957761333, 0.0, 0.004117391403801728, 0.0019180563695455287, 0.00684885899911535
2014-09-30, 0.049072022193555415, 0.1886462882096069, 0.13180849001744535, 0.04007913059116714, 0.019157961957761333, 0.0, 0.004117391403801728, 0.0019180563695455287, 0.00684885899911535
2014-09-30, 0.049072022193555415, 0.1886462882096069, 0.13180849001744535, 0.04007913059116714, 0.019157961957761333, 0.0, 0.004117391403801728, 0.0019180563695455287, 0.00684885899911535
2014-09-30, 0.049072022193555415, 0.1886462882096069, 0.13180849001744535, 0.04007913059116714, 0.019157961957761333, 0.0, 0.004117391403801728, 0.0019180563695455287, 0.00684885899911535
2014-09-30, 0.049072022193555415, 0.1886462882096069, 0.13180849001744535, 0.04007913059116714, 0.019157961957761333, 0.0, 0.004117391403801728, 0.0019180563695455287, 0.00684885899911535
2014-09-30, 0.049072022193555415, 0.1886462882096069, 0.13180849001744535, 0.04007913059116714, 0.019157961957761333, 0.0, 0.004117391403801728, 0.0019180563695455287, 0.00684885899911535
2014-09-30, 0.049072022193555415, 0.1886462882096069, 0.13180849001744535, 0.04007913059116714, 0.019157961957761333, 0.0, 0.004117391403801728, 0.0019180563695455287, 0.00684885899911535
2014-09-30, 0.07311997029764306, 0.02096069868995635, 0.20934289591006008, 0.06166020090948802, 0.2600009122839028, 0.008259153895567594, 0.005489855205068971, 0.0038361127390910575, 0.015409932748009551
2014-09-30, 0.07311997029764306, 0.02096069868995635, 0.20934289591006008, 0.06166020090948802, 0.2600009122839028, 0.008259153895567594, 0.005489855205068971, 0.0038361127390910575, 0.015409932748009551
2014-09-30, 0.07311997029764306, 0.02096069868995635, 0.20934289591006008, 0.06166020090948802, 0.2600009122839028, 0.008259153895567594, 0.005489855205068971, 0.0038361127390910575, 0.015409932748009551
2014-09-30, 0.04490356342955988, 0.1467248908296942, 0.13956193060670682, 0.03083010045474387, 0.024631665374264432, 0.005506102597045063, 0.005489855205068971, 0.0019180563695455287, 0.0045659059994102285
2014-08-31, 0.022631418068475097, 0.0419213973799127, 0.031013762357045963, 0.027747090409269537, 0.06294758928978686, 0.0027530512985225316, 0.005489855205068956, 0.005754169108636586, 0.003424429499557681
2014-08-31, 0.03875558609024954, 0.12576419213973786, 0.015506881178522981, 0.027747090409269537, 0.13410573370432885, 0.0, 0.0013724638012672275, 0.0038361127390910575, 0.0017122147497788405
2014-08-31, 0.03875558609024954, 0.12576419213973786, 0.015506881178522981, 0.027747090409269537, 0.13410573370432885, 0.0, 0.0013724638012672275, 0.0038361127390910575, 0.0017122147497788405
2014-08-31, 0.03875558609024954, 0.12576419213973786, 0.015506881178522981, 0.027747090409269537, 0.13410573370432885, 0.0, 0.0013724638012672275, 0.0038361127390910575, 0.0017122147497788405
2014-08-31, 0.03875558609024954, 0.12576419213973786, 0.015506881178522981, 0.027747090409269537, 0.13410573370432885, 0.0, 0.0013724638012672275, 0.0038361127390910575, 0.0017122147497788405
2014-08-31, 0.03875558609024954, 0.12576419213973786, 0.015506881178522981, 0.027747090409269537, 0.13410573370432885, 0.0, 0.0013724638012672275, 0.0038361127390910575, 0.0017122147497788405
2014-08-31, 0.03875558609024954, 0.12576419213973786, 0.015506881178522981, 0.027747090409269537, 0.13410573370432885, 0.0, 0.0013724638012672275, 0.0038361127390910575, 0.0017122147497788405
2014-08-31, 0.03875558609024954, 0.12576419213973786, 0.015506881178522981, 0.027747090409269537, 0.13410573370432885, 0.0, 0.0013724638012672275, 0.0038361127390910575, 0.0017122147497788405
2014-08-31, 0.03875558609024954, 0.12576419213973786, 0.015506881178522981, 0.027747090409269537, 0.13410573370432885, 0.0, 0.0013724638012672275, 0.0038361127390910575, 0.0017122147497788405
2014-08-31, 0.03875558609024954, 0.12576419213973786, 0.015506881178522981, 0.027747090409269537, 0.13410573370432885, 0.0, 0.0013724638012672275, 0.0038361127390910575, 0.0017122147497788405
2014-08-31, 0.03875558609024954, 0.12576419213973786, 0.015506881178522981, 0.027747090409269537, 0.13410573370432885, 0.0, 0.0013724638012672275, 0.0038361127390910575, 0.0017122147497788405
2014-08-31, 0.0556969886555653, 0.02096069868995635, 0.03876720294630745, 0.1418184620918223, 0.21621128495187705, 0.008259153895567594, 0.00823478280760344, 0.0044754648622729, 0.006848858999115362
2014-08-31, 0.0556969886555653, 0.02096069868995635, 0.03876720294630745, 0.1418184620918223, 0.21621128495187705, 0.008259153895567594, 0.00823478280760344, 0.0044754648622729, 0.006848858999115362
2014-08-31, 0.05084051068223452, 0.0, 0.015506881178522981, 0.08940729131875755, 0.2736851708251608, 0.005506102597045063, 0.00823478280760344, 0.006393521231818429, 0.007990335498967922
2014-08-31, 0.04933725070313508, 0.12576419213973786, 0.05427408412483043, 0.04007913059116714, 0.1587373990785933, 0.0027530512985225316, 0.004117391403801713, 0.0038361127390910575, 0.005136644249336521
2014-08-01, 0.044194927435585514, 0.1257641921397381, 0.062027524714091925, 0.04316214063664175, 0.10673721662181263, 0.0027530512985225165, 0.005489855205068956, 0.0019180563695455287, 0.005707382499262802
2014-08-01, 0.048514522632174914, 0.1676855895196508, 0.046520643535568944, 0.012332040181897604, 0.14778999224558684, 0.0027530512985225165, 0.004117391403801728, 0.0006393521231818429, 0.006278120749189082
2014-08-01, 0.048514522632174914, 0.1676855895196508, 0.046520643535568944, 0.012332040181897604, 0.14778999224558684, 0.0027530512985225165, 0.004117391403801728, 0.0006393521231818429, 0.006278120749189082
2014-08-01, 0.048514522632174914, 0.1676855895196508, 0.046520643535568944, 0.012332040181897604, 0.14778999224558684, 0.0027530512985225165, 0.004117391403801728, 0.0006393521231818429, 0.006278120749189082
2014-08-01, 0.048514522632174914, 0.1676855895196508, 0.046520643535568944, 0.012332040181897604, 0.14778999224558684, 0.0027530512985225165, 0.004117391403801728, 0.0006393521231818429, 0.006278120749189082
2014-08-01, 0.048514522632174914, 0.1676855895196508, 0.046520643535568944, 0.012332040181897604, 0.14778999224558684, 0.0027530512985225165, 0.004117391403801728, 0.0006393521231818429, 0.006278120749189082
2014-08-01, 0.048514522632174914, 0.1676855895196508, 0.046520643535568944, 0.012332040181897604, 0.14778999224558684, 0.0027530512985225165, 0.004117391403801728, 0.0006393521231818429, 0.006278120749189082
2014-08-01, 0.048514522632174914, 0.1676855895196508, 0.046520643535568944, 0.012332040181897604, 0.14778999224558684, 0.0027530512985225165, 0.004117391403801728, 0.0006393521231818429, 0.006278120749189082
2014-08-01, 0.048514522632174914, 0.1676855895196508, 0.046520643535568944, 0.012332040181897604, 0.14778999224558684, 0.0027530512985225165, 0.004117391403801728, 0.0006393521231818429, 0.006278120749189082
2014-08-01, 0.048514522632174914, 0.1676855895196508, 0.046520643535568944, 0.012332040181897604, 0.14778999224558684, 0.0027530512985225165, 0.004117391403801728, 0.0006393521231818429, 0.006278120749189082
2014-08-01, 0.048514522632174914, 0.1676855895196508, 0.046520643535568944, 0.012332040181897604, 0.14778999224558684, 0.0027530512985225165, 0.004117391403801728, 0.0006393521231818429, 0.006278120749189082
2014-08-01, 0.06793956631041731, 0.0, 0.046520643535568944, 0.2343087634560542, 0.24631665374264483, 0.0027530512985225165, 0.005489855205068956, 0.0012787042463636858, 0.006848858999115362
2014-08-01, 0.06793956631041731, 0.0, 0.046520643535568944, 0.2343087634560542, 0.24631665374264483, 0.0027530512985225165, 0.005489855205068956, 0.0012787042463636858, 0.006848858999115362
2014-08-01, 0.06283738667200539, 0.10480349344978175, 0.03876720294630745, 0.08015826118233428, 0.25726406057565127, 0.005506102597045048, 0.0068623190063361985, 0.0019180563695455287, 0.007419597249041629
2014-08-01, 0.03932443097930073, 0.14672489082969445, 0.062027524714091925, 0.0030830100454743324, 0.09031610637230308, 0.0027530512985225165, 0.005489855205068956, 0.0019180563695455287, 0.0022829529997051208
2014-07-02, 0.04632494820719861, 0.0419213973799127, 0.0852878464818764, 0.08015826118233428, 0.14231628882908376, 0.00825915389556758, 0.004117391403801713, 0.005114816985454743, 0.003424429499557681
2014-07-02, 0.030345499985136967, 0.06288209606986882, 0.06978096530335341, 0.04007913059116742, 0.06021073758153531, 0.0027530512985225165, 0.0013724638012672275, 0.005114816985454743, 0.0005707382499262802
2014-07-02, 0.030345499985136967, 0.06288209606986882, 0.06978096530335341, 0.04007913059116742, 0.06021073758153531, 0.0027530512985225165, 0.0013724638012672275, 0.005114816985454743, 0.0005707382499262802
2014-07-02, 0.030345499985136967, 0.06288209606986882, 0.06978096530335341, 0.04007913059116742, 0.06021073758153531, 0.0027530512985225165, 0.0013724638012672275, 0.005114816985454743, 0.0005707382499262802
2014-07-02, 0.030345499985136967, 0.06288209606986882, 0.06978096530335341, 0.04007913059116742, 0.06021073758153531, 0.0027530512985225165, 0.0013724638012672275, 0.005114816985454743, 0.0005707382499262802
2014-07-02, 0.030345499985136967, 0.06288209606986882, 0.06978096530335341, 0.04007913059116742, 0.06021073758153531, 0.0027530512985225165, 0.0013724638012672275, 0.005114816985454743, 0.0005707382499262802
2014-07-02, 0.030345499985136967, 0.06288209606986882, 0.06978096530335341, 0.04007913059116742, 0.06021073758153531, 0.0027530512985225165, 0.0013724638012672275, 0.005114816985454743, 0.0005707382499262802
2014-07-02, 0.030345499985136967, 0.06288209606986882, 0.06978096530335341, 0.04007913059116742, 0.06021073758153531, 0.0027530512985225165, 0.0013724638012672275, 0.005114816985454743, 0.0005707382499262802
2014-07-02, 0.030345499985136967, 0.06288209606986882, 0.06978096530335341, 0.04007913059116742, 0.06021073758153531, 0.0027530512985225165, 0.0013724638012672275, 0.005114816985454743, 0.0005707382499262802
2014-07-02, 0.030345499985136967, 0.06288209606986882, 0.06978096530335341, 0.04007913059116742, 0.06021073758153531, 0.0027530512985225165, 0.0013724638012672275, 0.005114816985454743, 0.0005707382499262802
2014-07-02, 0.030345499985136967, 0.06288209606986882, 0.06978096530335341, 0.04007913059116742, 0.06021073758153531, 0.0027530512985225165, 0.0013724638012672275, 0.005114816985454743, 0.0005707382499262802
2014-07-02, 0.07608740236442425, 0.0419213973799127, 0.0852878464818764, 0.14490147213729662, 0.30926424303243166, 0.011012205194090111, 0.005489855205068956, 0.005114816985454743, 0.005707382499262802
2014-07-02, 0.07608740236442425, 0.0419213973799127, 0.0852878464818764, 0.14490147213729662, 0.30926424303243166, 0.011012205194090111, 0.005489855205068956, 0.005114816985454743, 0.005707382499262802
2014-07-02, 0.08278781752291739, 0.1886462882096069, 0.15506881178522963, 0.12023739177350143, 0.18336906445285772, 0.005506102597045048, 0.0, 0.0031967606159092146, 0.006278120749189082
2014-07-02, 0.04012790883876429, 0.10480349344978152, 0.06978096530335341, 0.0215810703183206, 0.10400036491356109, 0.005506102597045048, 0.004117391403801713, 0.0089509297245458, 0.0022829529997051208
2014-06-02, 0.08009944800482047, 0.12576419213973786, 0.10079472766039921, 0.2497238136834261, 0.14505314053733506, 0.00825915389556758, 0.0068623190063361985, 0.0031967606159092146, 0.0011414764998525604
2014-06-02, 0.08009944800482047, 0.12576419213973786, 0.10079472766039921, 0.2497238136834261, 0.14505314053733506, 0.00825915389556758, 0.0068623190063361985, 0.0031967606159092146, 0.0011414764998525604
2014-06-02, 0.08009944800482047, 0.12576419213973786, 0.10079472766039921, 0.2497238136834261, 0.14505314053733506, 0.00825915389556758, 0.0068623190063361985, 0.0031967606159092146, 0.0011414764998525604
2014-06-02, 0.08009944800482047, 0.12576419213973786, 0.10079472766039921, 0.2497238136834261, 0.14505314053733506, 0.00825915389556758, 0.0068623190063361985, 0.0031967606159092146, 0.0011414764998525604
2014-06-02, 0.08009944800482047, 0.12576419213973786, 0.10079472766039921, 0.2497238136834261, 0.14505314053733506, 0.00825915389556758, 0.0068623190063361985, 0.0031967606159092146, 0.0011414764998525604
2014-06-02, 0.08009944800482047, 0.12576419213973786, 0.10079472766039921, 0.2497238136834261, 0.14505314053733506, 0.00825915389556758, 0.0068623190063361985, 0.0031967606159092146, 0.0011414764998525604
2014-06-02, 0.08009944800482047, 0.12576419213973786, 0.10079472766039921, 0.2497238136834261, 0.14505314053733506, 0.00825915389556758, 0.0068623190063361985, 0.0031967606159092146, 0.0011414764998525604
2014-06-02, 0.08009944800482047, 0.12576419213973786, 0.10079472766039921, 0.2497238136834261, 0.14505314053733506, 0.00825915389556758, 0.0068623190063361985, 0.0031967606159092146, 0.0011414764998525604
2014-06-02, 0.08009944800482047, 0.12576419213973786, 0.10079472766039921, 0.2497238136834261, 0.14505314053733506, 0.00825915389556758, 0.0068623190063361985, 0.0031967606159092146, 0.0011414764998525604
2014-06-02, 0.08009944800482047, 0.12576419213973786, 0.10079472766039921, 0.2497238136834261, 0.14505314053733506, 0.00825915389556758, 0.0068623190063361985, 0.0031967606159092146, 0.0011414764998525604
2014-06-02, 0.08009944800482047, 0.12576419213973786, 0.10079472766039921, 0.2497238136834261, 0.14505314053733506, 0.00825915389556758, 0.0068623190063361985, 0.0031967606159092146, 0.0011414764998525604
2014-06-02, 0.07876683584183564, 0.0838427947598254, 0.17057569296375263, 0.012332040181897604, 0.33389590840669614, 0.013765256492612642, 0.00823478280760344, 0.0006393521231818429, 0.006848858999115362
2014-06-02, 0.07876683584183564, 0.0838427947598254, 0.17057569296375263, 0.012332040181897604, 0.33389590840669614, 0.013765256492612642, 0.00823478280760344, 0.0006393521231818429, 0.006848858999115362
2014-06-02, 0.07876683584183564, 0.0838427947598254, 0.17057569296375263, 0.012332040181897604, 0.33389590840669614, 0.013765256492612642, 0.00823478280760344, 0.0006393521231818429, 0.006848858999115362
2014-06-02, 0.05907900917857559, 0.02096069868995635, 0.1860825741422756, 0.13873545204634768, 0.10947406833006418, 0.00825915389556758, 0.005489855205068956, 0.0019180563695455287, 0.0017122147497788405
2014-05-03, 0.06081967726798606, 0.02096069868995635, 0.11630160883892218, 0.13873545204634768, 0.18336906445285772, 0.00825915389556758, 0.0027449276025344853, 0.0019180563695455144, 0.014268456248156992
2014-05-03, 0.06765090709261541, 0.06288209606986882, 0.08528784648187622, 0.19114662281941272, 0.18884276786936108, 0.005506102597045048, 0.004117391403801728, 0.0, 0.003424429499557681
2014-05-03, 0.06765090709261541, 0.06288209606986882, 0.08528784648187622, 0.19114662281941272, 0.18884276786936108, 0.005506102597045048, 0.004117391403801728, 0.0, 0.003424429499557681
2014-05-03, 0.06765090709261541, 0.06288209606986882, 0.08528784648187622, 0.19114662281941272, 0.18884276786936108, 0.005506102597045048, 0.004117391403801728, 0.0, 0.003424429499557681
2014-05-03, 0.06765090709261541, 0.06288209606986882, 0.08528784648187622, 0.19114662281941272, 0.18884276786936108, 0.005506102597045048, 0.004117391403801728, 0.0, 0.003424429499557681
2014-05-03, 0.06765090709261541, 0.06288209606986882, 0.08528784648187622, 0.19114662281941272, 0.18884276786936108, 0.005506102597045048, 0.004117391403801728, 0.0, 0.003424429499557681
2014-05-03, 0.06765090709261541, 0.06288209606986882, 0.08528784648187622, 0.19114662281941272, 0.18884276786936108, 0.005506102597045048, 0.004117391403801728, 0.0, 0.003424429499557681
2014-05-03, 0.06765090709261541, 0.06288209606986882, 0.08528784648187622, 0.19114662281941272, 0.18884276786936108, 0.005506102597045048, 0.004117391403801728, 0.0, 0.003424429499557681
2014-05-03, 0.06765090709261541, 0.06288209606986882, 0.08528784648187622, 0.19114662281941272, 0.18884276786936108, 0.005506102597045048, 0.004117391403801728, 0.0, 0.003424429499557681
2014-05-03, 0.06765090709261541, 0.06288209606986882, 0.08528784648187622, 0.19114662281941272, 0.18884276786936108, 0.005506102597045048, 0.004117391403801728, 0.0, 0.003424429499557681
2014-05-03, 0.06765090709261541, 0.06288209606986882, 0.08528784648187622, 0.19114662281941272, 0.18884276786936108, 0.005506102597045048, 0.004117391403801728, 0.0, 0.003424429499557681
2014-05-03, 0.09296604217016403, 0.1467248908296942, 0.15506881178522963, 0.12332040181897576, 0.2928431327829221, 0.011012205194090111, 0.005489855205068971, 0.0012787042463636715, 0.00799033549896791
2014-05-03, 0.09296604217016403, 0.1467248908296942, 0.15506881178522963, 0.12332040181897576, 0.2928431327829221, 0.011012205194090111, 0.005489855205068971, 0.0012787042463636715, 0.00799033549896791
2014-05-03, 0.057128394666371506, 0.02096069868995635, 0.14731537119596816, 0.07399224109138534, 0.19431647128586416, 0.005506102597045048, 0.0027449276025344853, 0.0019180563695455144, 0.01027328849867303
2014-05-03, 0.06818819552576616, 0.08384279475982516, 0.1085481682496607, 0.027747090409269537, 0.3037905396159286, 0.00825915389556758, 0.004117391403801728, 0.0006393521231818429, 0.00856107374889419
2014-04-03, 0.05839118261652883, 0.0419213973799127, 0.062027524714091925, 0.12640341186445037, 0.21621128495187705, 0.011012205194090127, 0.005489855205068971, 0.0006393521231818429, 0.003424429499557681
2014-04-03, 0.0191732464539932, 0.02096069868995635, 0.05427408412483043, 0.00924903013642327, 0.060210737581535556, 0.0027530512985225316, 0.0013724638012672426, 0.0, 0.0045659059994102415
2014-04-03, 0.0191732464539932, 0.02096069868995635, 0.05427408412483043, 0.00924903013642327, 0.060210737581535556, 0.0027530512985225316, 0.0013724638012672426, 0.0, 0.0045659059994102415
2014-04-03, 0.0191732464539932, 0.02096069868995635, 0.05427408412483043, 0.00924903013642327, 0.060210737581535556, 0.0027530512985225316, 0.0013724638012672426, 0.0, 0.0045659059994102415
2014-04-03, 0.0191732464539932, 0.02096069868995635, 0.05427408412483043, 0.00924903013642327, 0.060210737581535556, 0.0027530512985225316, 0.0013724638012672426, 0.0, 0.0045659059994102415
2014-04-03, 0.0191732464539932, 0.02096069868995635, 0.05427408412483043, 0.00924903013642327, 0.060210737581535556, 0.0027530512985225316, 0.0013724638012672426, 0.0, 0.0045659059994102415
2014-04-03, 0.0191732464539932, 0.02096069868995635, 0.05427408412483043, 0.00924903013642327, 0.060210737581535556, 0.0027530512985225316, 0.0013724638012672426, 0.0, 0.0045659059994102415
2014-04-03, 0.0191732464539932, 0.02096069868995635, 0.05427408412483043, 0.00924903013642327, 0.060210737581535556, 0.0027530512985225316, 0.0013724638012672426, 0.0, 0.0045659059994102415
2014-04-03, 0.0191732464539932, 0.02096069868995635, 0.05427408412483043, 0.00924903013642327, 0.060210737581535556, 0.0027530512985225316, 0.0013724638012672426, 0.0, 0.0045659059994102415
2014-04-03, 0.0191732464539932, 0.02096069868995635, 0.05427408412483043, 0.00924903013642327, 0.060210737581535556, 0.0027530512985225316, 0.0013724638012672426, 0.0, 0.0045659059994102415
2014-04-03, 0.0191732464539932, 0.02096069868995635, 0.05427408412483043, 0.00924903013642327, 0.060210737581535556, 0.0027530512985225316, 0.0013724638012672426, 0.0, 0.0045659059994102415
2014-04-03, 0.06728731544767967, 0.02096069868995635, 0.0852878464818764, 0.1325694319553993, 0.2682114674086577, 0.013765256492612642, 0.008234782807603456, 0.0012787042463636715, 0.00799033549896791
2014-04-03, 0.06728731544767967, 0.02096069868995635, 0.0852878464818764, 0.1325694319553993, 0.2682114674086577, 0.013765256492612642, 0.008234782807603456, 0.0012787042463636715, 0.00799033549896791
2014-04-03, 0.06524156313771823, 0.0419213973799127, 0.10079472766039937, 0.15106749222824556, 0.21073758153537395, 0.005506102597045063, 0.005489855205068971, 0.0012787042463636715, 0.005136644249336521
2014-04-03, 0.035459363250790445, 0.0, 0.0852878464818764, 0.04316214063664175, 0.1395794371208322, 0.005506102597045063, 0.0013724638012672426, 0.0019180563695455144, 0.006848858999115362
2014-03-04, 0.05632902067011096, 0.02096069868995635, 0.19383601473153708, 0.06166020090948802, 0.14505314053733528, 0.008259153895567594, 0.009607246608870683, 0.003836112739091043, 0.007419597249041629
2014-03-04, 0.05632902067011096, 0.02096069868995635, 0.19383601473153708, 0.06166020090948802, 0.14505314053733528, 0.008259153895567594, 0.009607246608870683, 0.003836112739091043, 0.007419597249041629
2014-03-04, 0.05632902067011096, 0.02096069868995635, 0.19383601473153708, 0.06166020090948802, 0.14505314053733528, 0.008259153895567594, 0.009607246608870683, 0.003836112739091043, 0.007419597249041629
2014-03-04, 0.05632902067011096, 0.02096069868995635, 0.19383601473153708, 0.06166020090948802, 0.14505314053733528, 0.008259153895567594, 0.009607246608870683, 0.003836112739091043, 0.007419597249041629
2014-03-04, 0.05632902067011096, 0.02096069868995635, 0.19383601473153708, 0.06166020090948802, 0.14505314053733528, 0.008259153895567594, 0.009607246608870683, 0.003836112739091043, 0.007419597249041629
2014-03-04, 0.05632902067011096, 0.02096069868995635, 0.19383601473153708, 0.06166020090948802, 0.14505314053733528, 0.008259153895567594, 0.009607246608870683, 0.003836112739091043, 0.007419597249041629
2014-03-04, 0.05632902067011096, 0.02096069868995635, 0.19383601473153708, 0.06166020090948802, 0.14505314053733528, 0.008259153895567594, 0.009607246608870683, 0.003836112739091043, 0.007419597249041629
2014-03-04, 0.05632902067011096, 0.02096069868995635, 0.19383601473153708, 0.06166020090948802, 0.14505314053733528, 0.008259153895567594, 0.009607246608870683, 0.003836112739091043, 0.007419597249041629
2014-03-04, 0.05632902067011096, 0.02096069868995635, 0.19383601473153708, 0.06166020090948802, 0.14505314053733528, 0.008259153895567594, 0.009607246608870683, 0.003836112739091043, 0.007419597249041629
2014-03-04, 0.05632902067011096, 0.02096069868995635, 0.19383601473153708, 0.06166020090948802, 0.14505314053733528, 0.008259153895567594, 0.009607246608870683, 0.003836112739091043, 0.007419597249041629
2014-03-04, 0.05632902067011096, 0.02096069868995635, 0.19383601473153708, 0.06166020090948802, 0.14505314053733528, 0.008259153895567594, 0.009607246608870683, 0.003836112739091043, 0.007419597249041629
2014-03-04, 0.07678565784685264, 0.0419213973799127, 0.1860825741422756, 0.18189759268298972, 0.1724216576198513, 0.013765256492612657, 0.012352174211405168, 0.0012787042463636715, 0.0045659059994102415
2014-03-04, 0.07678565784685264, 0.0419213973799127, 0.1860825741422756, 0.18189759268298972, 0.1724216576198513, 0.013765256492612657, 0.012352174211405168, 0.0012787042463636715, 0.0045659059994102415
2014-03-04, 0.07678565784685264, 0.0419213973799127, 0.1860825741422756, 0.18189759268298972, 0.1724216576198513, 0.013765256492612657, 0.012352174211405168, 0.0012787042463636715, 0.0045659059994102415
2014-03-04, 0.051693169295114715, 0.0838427947598254, 0.1783291335530141, 0.02774709040926981, 0.09578980978880643, 0.011012205194090127, 0.010979710410137926, 0.0012787042463636858, 0.0045659059994102415
2014-02-02, 0.10250026827302733, 0.08384279475982516, 0.13180849001744516, 0.13256943195539903, 0.44884368015326387, 0.008259153895567594, 0.010979710410137926, 0.0025574084927273717, 0.0011414764998525604
2014-02-02, 0.09158326634258641, 0.08384279475982516, 0.1783291335530141, 0.04316214063664148, 0.4023172011129866, 0.008259153895567594, 0.010979710410137926, 0.0006393521231818429, 0.005136644249336521
2014-02-02, 0.09158326634258641, 0.08384279475982516, 0.1783291335530141, 0.04316214063664148, 0.4023172011129866, 0.008259153895567594, 0.010979710410137926, 0.0006393521231818429, 0.005136644249336521
2014-02-02, 0.09158326634258641, 0.08384279475982516, 0.1783291335530141, 0.04316214063664148, 0.4023172011129866, 0.008259153895567594, 0.010979710410137926, 0.0006393521231818429, 0.005136644249336521
2014-02-02, 0.09158326634258641, 0.08384279475982516, 0.1783291335530141, 0.04316214063664148, 0.4023172011129866, 0.008259153895567594, 0.010979710410137926, 0.0006393521231818429, 0.005136644249336521
2014-02-02, 0.09158326634258641, 0.08384279475982516, 0.1783291335530141, 0.04316214063664148, 0.4023172011129866, 0.008259153895567594, 0.010979710410137926, 0.0006393521231818429, 0.005136644249336521
2014-02-02, 0.09158326634258641, 0.08384279475982516, 0.1783291335530141, 0.04316214063664148, 0.4023172011129866, 0.008259153895567594, 0.010979710410137926, 0.0006393521231818429, 0.005136644249336521
2014-02-02, 0.09158326634258641, 0.08384279475982516, 0.1783291335530141, 0.04316214063664148, 0.4023172011129866, 0.008259153895567594, 0.010979710410137926, 0.0006393521231818429, 0.005136644249336521
2014-02-02, 0.09158326634258641, 0.08384279475982516, 0.1783291335530141, 0.04316214063664148, 0.4023172011129866, 0.008259153895567594, 0.010979710410137926, 0.0006393521231818429, 0.005136644249336521
2014-02-02, 0.09158326634258641, 0.08384279475982516, 0.1783291335530141, 0.04316214063664148, 0.4023172011129866, 0.008259153895567594, 0.010979710410137926, 0.0006393521231818429, 0.005136644249336521
2014-02-02, 0.09158326634258641, 0.08384279475982516, 0.1783291335530141, 0.04316214063664148, 0.4023172011129866, 0.008259153895567594, 0.010979710410137926, 0.0006393521231818429, 0.005136644249336521
2014-02-02, 0.16307967687957817, 0.23056768558951962, 0.19383601473153708, 0.24355779359247745, 0.6048442275236053, 0.011012205194090127, 0.010979710410137926, 0.0012787042463636715, 0.00856107374889419
2014-02-02, 0.16307967687957817, 0.23056768558951962, 0.19383601473153708, 0.24355779359247745, 0.6048442275236053, 0.011012205194090127, 0.010979710410137926, 0.0012787042463636715, 0.00856107374889419
2014-02-02, 0.09666472804372271, 0.04192139737991247, 0.13956193060670666, 0.12640341186445037, 0.4324225699037541, 0.008259153895567594, 0.012352174211405168, 0.003836112739091043, 0.00856107374889419
2014-02-02, 0.08064505380113832, 0.0, 0.11630160883892218, 0.13565244200087365, 0.37221183232221877, 0.008259153895567594, 0.009607246608870683, 0.0025574084927273717, 0.0005707382499262802
2014-01-03, 0.09495371732411235, 0.0419213973799127, 0.22484977708858306, 0.03699612054569281, 0.4324225699037541, 0.008259153895567594, 0.010979710410137926, 0.0019180563695455287, 0.0022829529997051208
2014-01-03, 0.07212637782923736, 0.0419213973799127, 0.20934289591006008, 0.021581070318320874, 0.2818957259499157, 0.008259153895567594, 0.00823478280760344, 0.0006393521231818429, 0.005136644249336521
2014-01-03, 0.07212637782923736, 0.0419213973799127, 0.20934289591006008, 0.021581070318320874, 0.2818957259499157, 0.008259153895567594, 0.00823478280760344, 0.0006393521231818429, 0.005136644249336521
2014-01-03, 0.07212637782923736, 0.0419213973799127, 0.20934289591006008, 0.021581070318320874, 0.2818957259499157, 0.008259153895567594, 0.00823478280760344, 0.0006393521231818429, 0.005136644249336521
2014-01-03, 0.07212637782923736, 0.0419213973799127, 0.20934289591006008, 0.021581070318320874, 0.2818957259499157, 0.008259153895567594, 0.00823478280760344, 0.0006393521231818429, 0.005136644249336521
2014-01-03, 0.07212637782923736, 0.0419213973799127, 0.20934289591006008, 0.021581070318320874, 0.2818957259499157, 0.008259153895567594, 0.00823478280760344, 0.0006393521231818429, 0.005136644249336521
2014-01-03, 0.07212637782923736, 0.0419213973799127, 0.20934289591006008, 0.021581070318320874, 0.2818957259499157, 0.008259153895567594, 0.00823478280760344, 0.0006393521231818429, 0.005136644249336521
2014-01-03, 0.07212637782923736, 0.0419213973799127, 0.20934289591006008, 0.021581070318320874, 0.2818957259499157, 0.008259153895567594, 0.00823478280760344, 0.0006393521231818429, 0.005136644249336521
2014-01-03, 0.07212637782923736, 0.0419213973799127, 0.20934289591006008, 0.021581070318320874, 0.2818957259499157, 0.008259153895567594, 0.00823478280760344, 0.0006393521231818429, 0.005136644249336521
2014-01-03, 0.07212637782923736, 0.0419213973799127, 0.20934289591006008, 0.021581070318320874, 0.2818957259499157, 0.008259153895567594, 0.00823478280760344, 0.0006393521231818429, 0.005136644249336521
2014-01-03, 0.07212637782923736, 0.0419213973799127, 0.20934289591006008, 0.021581070318320874, 0.2818957259499157, 0.008259153895567594, 0.00823478280760344, 0.0006393521231818429, 0.005136644249336521
2014-01-03, 0.14528647634014066, 0.10480349344978152, 0.24035665826710587, 0.2158107031832079, 0.5692651553163345, 0.013765256492612657, 0.01372463801267241, 0.0, 0.0045659059994102415
2014-01-03, 0.14528647634014066, 0.10480349344978152, 0.24035665826710587, 0.2158107031832079, 0.5692651553163345, 0.013765256492612657, 0.01372463801267241, 0.0, 0.0045659059994102415
2014-01-03, 0.07193288330311884, 0.0838427947598254, 0.1783291335530141, 0.03699612054569281, 0.2545272088673997, 0.008259153895567594, 0.00823478280760344, 0.0012787042463636858, 0.003995167749483961
2014-01-03, 0.0816672819474844, 0.06288209606986905, 0.19383601473153708, 0.049328160727590414, 0.32294850157368993, 0.011012205194090127, 0.010979710410137926, 0.0006393521231818429, 0.0017122147497788405
2013-12-04, 0.11362221685254306, 0.25152838427947594, 0.13180849001744535, 0.06782622100043695, 0.43789627332025743, 0.008259153895567594, 0.008234782807603456, 0.0, 0.003424429499557681
2013-12-04, 0.07444667962993884, 0.1467248908296942, 0.10854816824966086, 0.05857719086401341, 0.25726406057565127, 0.008259153895567594, 0.006862319006336213, 0.0019180563695455144, 0.007419597249041629
2013-12-04, 0.07444667962993884, 0.1467248908296942, 0.10854816824966086, 0.05857719086401341, 0.25726406057565127, 0.008259153895567594, 0.006862319006336213, 0.0019180563695455144, 0.007419597249041629
2013-12-04, 0.07444667962993884, 0.1467248908296942, 0.10854816824966086, 0.05857719086401341, 0.25726406057565127, 0.008259153895567594, 0.006862319006336213, 0.0019180563695455144, 0.007419597249041629
2013-12-04, 0.07444667962993884, 0.1467248908296942, 0.10854816824966086, 0.05857719086401341, 0.25726406057565127, 0.008259153895567594, 0.006862319006336213, 0.0019180563695455144, 0.007419597249041629
2013-12-04, 0.07444667962993884, 0.1467248908296942, 0.10854816824966086, 0.05857719086401341, 0.25726406057565127, 0.008259153895567594, 0.006862319006336213, 0.0019180563695455144, 0.007419597249041629
2013-12-04, 0.07444667962993884, 0.1467248908296942, 0.10854816824966086, 0.05857719086401341, 0.25726406057565127, 0.008259153895567594, 0.006862319006336213, 0.0019180563695455144, 0.007419597249041629
2013-12-04, 0.07444667962993884, 0.1467248908296942, 0.10854816824966086, 0.05857719086401341, 0.25726406057565127, 0.008259153895567594, 0.006862319006336213, 0.0019180563695455144, 0.007419597249041629
2013-12-04, 0.07444667962993884, 0.1467248908296942, 0.10854816824966086, 0.05857719086401341, 0.25726406057565127, 0.008259153895567594, 0.006862319006336213, 0.0019180563695455144, 0.007419597249041629
2013-12-04, 0.07444667962993884, 0.1467248908296942, 0.10854816824966086, 0.05857719086401341, 0.25726406057565127, 0.008259153895567594, 0.006862319006336213, 0.0019180563695455144, 0.007419597249041629
2013-12-04, 0.07444667962993884, 0.1467248908296942, 0.10854816824966086, 0.05857719086401341, 0.25726406057565127, 0.008259153895567594, 0.006862319006336213, 0.0019180563695455144, 0.007419597249041629
2013-12-04, 0.15669680350396517, 0.25152838427947594, 0.10079472766039937, 0.2898029442745935, 0.5802125621493409, 0.011012205194090127, 0.009607246608870698, 0.0031967606159092003, 0.007419597249041629
2013-12-04, 0.15669680350396517, 0.25152838427947594, 0.10079472766039937, 0.2898029442745935, 0.5802125621493409, 0.011012205194090127, 0.009607246608870698, 0.0031967606159092003, 0.007419597249041629
2013-12-04, 0.09323650175741262, 0.16768558951965057, 0.09304128707113789, 0.03699612054569281, 0.42421201477899945, 0.008259153895567594, 0.006862319006336213, 0.0025574084927273573, 0.006278120749189082
2013-12-04, 0.0833188691116994, 0.1886462882096069, 0.10079472766039937, 0.03699612054569281, 0.32294850157368993, 0.005506102597045063, 0.008234782807603456, 0.0, 0.003424429499557681
2013-11-04, 0.11876149874504847, 0.2934497816593887, 0.16282225237449097, 0.18189759268298944, 0.29010628107467057, 0.011012205194090111, 0.0027449276025344853, 0.0006393521231818429, 0.007419597249041629
2013-11-04, 0.11876149874504847, 0.2934497816593887, 0.16282225237449097, 0.18189759268298944, 0.29010628107467057, 0.011012205194090111, 0.0027449276025344853, 0.0006393521231818429, 0.007419597249041629
2013-11-04, 0.11876149874504847, 0.2934497816593887, 0.16282225237449097, 0.18189759268298944, 0.29010628107467057, 0.011012205194090111, 0.0027449276025344853, 0.0006393521231818429, 0.007419597249041629
2013-11-04, 0.11876149874504847, 0.2934497816593887, 0.16282225237449097, 0.18189759268298944, 0.29010628107467057, 0.011012205194090111, 0.0027449276025344853, 0.0006393521231818429, 0.007419597249041629
2013-11-04, 0.11876149874504847, 0.2934497816593887, 0.16282225237449097, 0.18189759268298944, 0.29010628107467057, 0.011012205194090111, 0.0027449276025344853, 0.0006393521231818429, 0.007419597249041629
2013-11-04, 0.11876149874504847, 0.2934497816593887, 0.16282225237449097, 0.18189759268298944, 0.29010628107467057, 0.011012205194090111, 0.0027449276025344853, 0.0006393521231818429, 0.007419597249041629
2013-11-04, 0.11876149874504847, 0.2934497816593887, 0.16282225237449097, 0.18189759268298944, 0.29010628107467057, 0.011012205194090111, 0.0027449276025344853, 0.0006393521231818429, 0.007419597249041629
2013-11-04, 0.11876149874504847, 0.2934497816593887, 0.16282225237449097, 0.18189759268298944, 0.29010628107467057, 0.011012205194090111, 0.0027449276025344853, 0.0006393521231818429, 0.007419597249041629
2013-11-04, 0.11876149874504847, 0.2934497816593887, 0.16282225237449097, 0.18189759268298944, 0.29010628107467057, 0.011012205194090111, 0.0027449276025344853, 0.0006393521231818429, 0.007419597249041629
2013-11-04, 0.11876149874504847, 0.2934497816593887, 0.16282225237449097, 0.18189759268298944, 0.29010628107467057, 0.011012205194090111, 0.0027449276025344853, 0.0006393521231818429, 0.007419597249041629
2013-11-04, 0.11876149874504847, 0.2934497816593887, 0.16282225237449097, 0.18189759268298944, 0.29010628107467057, 0.011012205194090111, 0.0027449276025344853, 0.0006393521231818429, 0.007419597249041629
2013-11-04, 0.13121090292235393, 0.314410480349345, 0.17057569296375244, 0.20656167304678463, 0.3256853532819415, 0.013765256492612642, 0.006862319006336213, 0.003836112739091043, 0.00799033549896791
2013-11-04, 0.13121090292235393, 0.314410480349345, 0.17057569296375244, 0.20656167304678463, 0.3256853532819415, 0.013765256492612642, 0.006862319006336213, 0.003836112739091043, 0.00799033549896791
2013-11-04, 0.13121090292235393, 0.314410480349345, 0.17057569296375244, 0.20656167304678463, 0.3256853532819415, 0.013765256492612642, 0.006862319006336213, 0.003836112739091043, 0.00799033549896791
2013-11-04, 0.10269338912882785, 0.25152838427947594, 0.20158945532079842, 0.10482234154612949, 0.24357980203439328, 0.008259153895567594, 0.005489855205068971, 0.0, 0.006278120749189082
2013-10-05, 0.10123743345028147, 0.1467248908296942, 0.13956193060670682, 0.10173933150065516, 0.3941066459882317, 0.005506102597045048, 0.012352174211405168, 0.0019180563695455144, 0.00799033549896791
2013-10-05, 0.07822980557338634, 0.16768558951965057, 0.1550688117852298, 0.03083010045474387, 0.25726406057565127, 0.0, 0.0068623190063361985, 0.0012787042463636858, 0.006848858999115362
2013-10-05, 0.07822980557338634, 0.16768558951965057, 0.1550688117852298, 0.03083010045474387, 0.25726406057565127, 0.0, 0.0068623190063361985, 0.0012787042463636858, 0.006848858999115362
2013-10-05, 0.07822980557338634, 0.16768558951965057, 0.1550688117852298, 0.03083010045474387, 0.25726406057565127, 0.0, 0.0068623190063361985, 0.0012787042463636858, 0.006848858999115362
2013-10-05, 0.07822980557338634, 0.16768558951965057, 0.1550688117852298, 0.03083010045474387, 0.25726406057565127, 0.0, 0.0068623190063361985, 0.0012787042463636858, 0.006848858999115362
2013-10-05, 0.07822980557338634, 0.16768558951965057, 0.1550688117852298, 0.03083010045474387, 0.25726406057565127, 0.0, 0.0068623190063361985, 0.0012787042463636858, 0.006848858999115362
2013-10-05, 0.07822980557338634, 0.16768558951965057, 0.1550688117852298, 0.03083010045474387, 0.25726406057565127, 0.0, 0.0068623190063361985, 0.0012787042463636858, 0.006848858999115362
2013-10-05, 0.07822980557338634, 0.16768558951965057, 0.1550688117852298, 0.03083010045474387, 0.25726406057565127, 0.0, 0.0068623190063361985, 0.0012787042463636858, 0.006848858999115362
2013-10-05, 0.07822980557338634, 0.16768558951965057, 0.1550688117852298, 0.03083010045474387, 0.25726406057565127, 0.0, 0.0068623190063361985, 0.0012787042463636858, 0.006848858999115362
2013-10-05, 0.07822980557338634, 0.16768558951965057, 0.1550688117852298, 0.03083010045474387, 0.25726406057565127, 0.0, 0.0068623190063361985, 0.0012787042463636858, 0.006848858999115362
2013-10-05, 0.07822980557338634, 0.16768558951965057, 0.1550688117852298, 0.03083010045474387, 0.25726406057565127, 0.0, 0.0068623190063361985, 0.0012787042463636858, 0.006848858999115362
2013-10-05, 0.14185089032263584, 0.23056768558951962, 0.1860825741422756, 0.1788145826375151, 0.5035807143182959, 0.011012205194090111, 0.012352174211405168, 0.003836112739091043, 0.00856107374889419
2013-10-05, 0.14185089032263584, 0.23056768558951962, 0.1860825741422756, 0.1788145826375151, 0.5035807143182959, 0.011012205194090111, 0.012352174211405168, 0.003836112739091043, 0.00856107374889419
2013-10-05, 0.07946168354522738, 0.1886462882096069, 0.13180849001744535, 0.01849806027284654, 0.27642202253341236, 0.005506102597045048, 0.009607246608870683, 0.0006393521231818429, 0.0045659059994102415
2013-10-05, 0.06535736758699029, 0.12576419213973786, 0.12405504942818385, 0.012332040181897604, 0.23810609861788992, 0.005506102597045048, 0.009607246608870683, 0.0006393521231818429, 0.006848858999115362
2013-09-05, 0.04769143305669538, 0.020960698689956116, 0.0852878464818764, 0.03083010045474387, 0.21073758153537395, 0.0027530512985225316, 0.01372463801267241, 0.006393521231818429, 0.01084402674859931
2013-09-05, 0.07162959652005471, 0.10480349344978152, 0.13180849001744535, 0.04624515068211608, 0.2600009122839028, 0.0027530512985225316, 0.015097101813939653, 0.0031967606159092146, 0.009131811998820471
2013-09-05, 0.07162959652005471, 0.10480349344978152, 0.13180849001744535, 0.04624515068211608, 0.2600009122839028, 0.0027530512985225316, 0.015097101813939653, 0.0031967606159092146, 0.009131811998820471
2013-09-05, 0.07162959652005471, 0.10480349344978152, 0.13180849001744535, 0.04624515068211608, 0.2600009122839028, 0.0027530512985225316, 0.015097101813939653, 0.0031967606159092146, 0.009131811998820471
2013-09-05, 0.07162959652005471, 0.10480349344978152, 0.13180849001744535, 0.04624515068211608, 0.2600009122839028, 0.0027530512985225316, 0.015097101813939653, 0.0031967606159092146, 0.009131811998820471
2013-09-05, 0.07162959652005471, 0.10480349344978152, 0.13180849001744535, 0.04624515068211608, 0.2600009122839028, 0.0027530512985225316, 0.015097101813939653, 0.0031967606159092146, 0.009131811998820471
2013-09-05, 0.07162959652005471, 0.10480349344978152, 0.13180849001744535, 0.04624515068211608, 0.2600009122839028, 0.0027530512985225316, 0.015097101813939653, 0.0031967606159092146, 0.009131811998820471
2013-09-05, 0.07162959652005471, 0.10480349344978152, 0.13180849001744535, 0.04624515068211608, 0.2600009122839028, 0.0027530512985225316, 0.015097101813939653, 0.0031967606159092146, 0.009131811998820471
2013-09-05, 0.07162959652005471, 0.10480349344978152, 0.13180849001744535, 0.04624515068211608, 0.2600009122839028, 0.0027530512985225316, 0.015097101813939653, 0.0031967606159092146, 0.009131811998820471
2013-09-05, 0.07162959652005471, 0.10480349344978152, 0.13180849001744535, 0.04624515068211608, 0.2600009122839028, 0.0027530512985225316, 0.015097101813939653, 0.0031967606159092146, 0.009131811998820471
2013-09-05, 0.07162959652005471, 0.10480349344978152, 0.13180849001744535, 0.04624515068211608, 0.2600009122839028, 0.0027530512985225316, 0.015097101813939653, 0.0031967606159092146, 0.009131811998820471
2013-09-05, 0.13914826058719026, 0.1886462882096069, 0.16282225237449113, 0.2497238136834264, 0.48168590065228295, 0.0, 0.01784202941647414, 0.0044754648622729, 0.00799033549896791
2013-09-05, 0.13914826058719026, 0.1886462882096069, 0.16282225237449113, 0.2497238136834264, 0.48168590065228295, 0.0, 0.01784202941647414, 0.0044754648622729, 0.00799033549896791
2013-09-05, 0.11345457903295116, 0.16768558951965057, 0.13956193060670682, 0.1541505022737199, 0.4132646079459928, 0.0, 0.015097101813939653, 0.007032873355000272, 0.01084402674859931
2013-09-05, 0.09082141307839967, 0.10480349344978152, 0.1550688117852298, 0.04007913059116714, 0.39136979427997987, 0.0027530512985225316, 0.016469565615206898, 0.005754169108636586, 0.01027328849867303
2013-08-06, 0.08520993625545793, 0.0419213973799127, 0.20158945532079858, 0.055494180818539074, 0.3311590566984446, 0.0, 0.016469565615206898, 0.012787042463636844, 0.0222587917471249
2013-08-06, 0.07946439040257093, 0.02096069868995635, 0.16282225237449113, 0.052411170773064744, 0.3503170186562059, 0.0, 0.013724638012672426, 0.011508338217273158, 0.023971006496903743
2013-08-06, 0.07946439040257093, 0.02096069868995635, 0.16282225237449113, 0.052411170773064744, 0.3503170186562059, 0.0, 0.013724638012672426, 0.011508338217273158, 0.023971006496903743
2013-08-06, 0.07946439040257093, 0.02096069868995635, 0.16282225237449113, 0.052411170773064744, 0.3503170186562059, 0.0, 0.013724638012672426, 0.011508338217273158, 0.023971006496903743
2013-08-06, 0.07946439040257093, 0.02096069868995635, 0.16282225237449113, 0.052411170773064744, 0.3503170186562059, 0.0, 0.013724638012672426, 0.011508338217273158, 0.023971006496903743
2013-08-06, 0.07946439040257093, 0.02096069868995635, 0.16282225237449113, 0.052411170773064744, 0.3503170186562059, 0.0, 0.013724638012672426, 0.011508338217273158, 0.023971006496903743
2013-08-06, 0.07946439040257093, 0.02096069868995635, 0.16282225237449113, 0.052411170773064744, 0.3503170186562059, 0.0, 0.013724638012672426, 0.011508338217273158, 0.023971006496903743
2013-08-06, 0.07946439040257093, 0.02096069868995635, 0.16282225237449113, 0.052411170773064744, 0.3503170186562059, 0.0, 0.013724638012672426, 0.011508338217273158, 0.023971006496903743
2013-08-06, 0.07946439040257093, 0.02096069868995635, 0.16282225237449113, 0.052411170773064744, 0.3503170186562059, 0.0, 0.013724638012672426, 0.011508338217273158, 0.023971006496903743
2013-08-06, 0.07946439040257093, 0.02096069868995635, 0.16282225237449113, 0.052411170773064744, 0.3503170186562059, 0.0, 0.013724638012672426, 0.011508338217273158, 0.023971006496903743
2013-08-06, 0.07946439040257093, 0.02096069868995635, 0.16282225237449113, 0.052411170773064744, 0.3503170186562059, 0.0, 0.013724638012672426, 0.011508338217273158, 0.023971006496903743
2013-08-06, 0.15623744067153594, 0.25152838427947594, 0.20158945532079858, 0.15723351231919425, 0.5747388587328376, 0.0055061025970450555, 0.01784202941647414, 0.01406574671000053, 0.027395435996461423
2013-08-06, 0.15623744067153594, 0.25152838427947594, 0.20158945532079858, 0.15723351231919425, 0.5747388587328376, 0.0055061025970450555, 0.01784202941647414, 0.01406574671000053, 0.027395435996461423
2013-08-06, 0.08012634571700958, 0.0, 0.13180849001744516, 0.027747090409269537, 0.4269488664872508, 0.0, 0.016469565615206898, 0.01406574671000053, 0.023971006496903743
2013-08-06, 0.06959927038016303, 0.02096069868995635, 0.16282225237449113, 0.04007913059116714, 0.2791588742416639, 0.0, 0.015097101813939669, 0.014705098833182372, 0.023971006496903743
2013-07-07, 0.07494810681138156, 0.20960698689956325, 0.0775344058926149, 0.027747090409269537, 0.24357980203439328, 0.0, 0.010979710410137926, 0.009590281847727629, 0.02054657699734606
2013-07-07, 0.06939088496200131, 0.10480349344978152, 0.10854816824966086, 0.06166020090948774, 0.2298955434931353, 0.0027530512985225316, 0.012352174211405168, 0.013426394586818687, 0.02168805349719862
2013-07-07, 0.06939088496200131, 0.10480349344978152, 0.10854816824966086, 0.06166020090948774, 0.2298955434931353, 0.0027530512985225316, 0.012352174211405168, 0.013426394586818687, 0.02168805349719862
2013-07-07, 0.06939088496200131, 0.10480349344978152, 0.10854816824966086, 0.06166020090948774, 0.2298955434931353, 0.0027530512985225316, 0.012352174211405168, 0.013426394586818687, 0.02168805349719862
2013-07-07, 0.06939088496200131, 0.10480349344978152, 0.10854816824966086, 0.06166020090948774, 0.2298955434931353, 0.0027530512985225316, 0.012352174211405168, 0.013426394586818687, 0.02168805349719862
2013-07-07, 0.06939088496200131, 0.10480349344978152, 0.10854816824966086, 0.06166020090948774, 0.2298955434931353, 0.0027530512985225316, 0.012352174211405168, 0.013426394586818687, 0.02168805349719862
2013-07-07, 0.06939088496200131, 0.10480349344978152, 0.10854816824966086, 0.06166020090948774, 0.2298955434931353, 0.0027530512985225316, 0.012352174211405168, 0.013426394586818687, 0.02168805349719862
2013-07-07, 0.06939088496200131, 0.10480349344978152, 0.10854816824966086, 0.06166020090948774, 0.2298955434931353, 0.0027530512985225316, 0.012352174211405168, 0.013426394586818687, 0.02168805349719862
2013-07-07, 0.06939088496200131, 0.10480349344978152, 0.10854816824966086, 0.06166020090948774, 0.2298955434931353, 0.0027530512985225316, 0.012352174211405168, 0.013426394586818687, 0.02168805349719862
2013-07-07, 0.06939088496200131, 0.10480349344978152, 0.10854816824966086, 0.06166020090948774, 0.2298955434931353, 0.0027530512985225316, 0.012352174211405168, 0.013426394586818687, 0.02168805349719862
2013-07-07, 0.06939088496200131, 0.10480349344978152, 0.10854816824966086, 0.06166020090948774, 0.2298955434931353, 0.0027530512985225316, 0.012352174211405168, 0.013426394586818687, 0.02168805349719862
2013-07-07, 0.12385222725225016, 0.2934497816593887, 0.12405504942818385, 0.09865632145518083, 0.42968571819550255, 0.002753051298522524, 0.01372463801267241, 0.010229633970909473, 0.018263623997640942
2013-07-07, 0.12385222725225016, 0.2934497816593887, 0.12405504942818385, 0.09865632145518083, 0.42968571819550255, 0.002753051298522524, 0.01372463801267241, 0.010229633970909473, 0.018263623997640942
2013-07-07, 0.0830117104141921, 0.16768558951965057, 0.14731537119596816, 0.08940729131875755, 0.21073758153537395, 0.0, 0.010979710410137926, 0.013426394586818687, 0.024541744746830022
2013-07-07, 0.09225055848184747, 0.1886462882096069, 0.11630160883892236, 0.07090923104591129, 0.31473794644893505, 0.0055061025970450555, 0.016469565615206898, 0.008311577601363944, 0.01712214749778838
2013-06-07, 0.07136505317940642, 0.08384279475982516, 0.0852878464818764, 0.02774709040926981, 0.3311590566984446, 0.0055061025970450555, 0.01372463801267241, 0.0076722254781821, 0.01598067099793582
2013-06-07, 0.07136505317940642, 0.08384279475982516, 0.0852878464818764, 0.02774709040926981, 0.3311590566984446, 0.0055061025970450555, 0.01372463801267241, 0.0076722254781821, 0.01598067099793582
2013-06-07, 0.07136505317940642, 0.08384279475982516, 0.0852878464818764, 0.02774709040926981, 0.3311590566984446, 0.0055061025970450555, 0.01372463801267241, 0.0076722254781821, 0.01598067099793582
2013-06-07, 0.07136505317940642, 0.08384279475982516, 0.0852878464818764, 0.02774709040926981, 0.3311590566984446, 0.0055061025970450555, 0.01372463801267241, 0.0076722254781821, 0.01598067099793582
2013-06-07, 0.07136505317940642, 0.08384279475982516, 0.0852878464818764, 0.02774709040926981, 0.3311590566984446, 0.0055061025970450555, 0.01372463801267241, 0.0076722254781821, 0.01598067099793582
2013-06-07, 0.07136505317940642, 0.08384279475982516, 0.0852878464818764, 0.02774709040926981, 0.3311590566984446, 0.0055061025970450555, 0.01372463801267241, 0.0076722254781821, 0.01598067099793582
2013-06-07, 0.07136505317940642, 0.08384279475982516, 0.0852878464818764, 0.02774709040926981, 0.3311590566984446, 0.0055061025970450555, 0.01372463801267241, 0.0076722254781821, 0.01598067099793582
2013-06-07, 0.07136505317940642, 0.08384279475982516, 0.0852878464818764, 0.02774709040926981, 0.3311590566984446, 0.0055061025970450555, 0.01372463801267241, 0.0076722254781821, 0.01598067099793582
2013-06-07, 0.07136505317940642, 0.08384279475982516, 0.0852878464818764, 0.02774709040926981, 0.3311590566984446, 0.0055061025970450555, 0.01372463801267241, 0.0076722254781821, 0.01598067099793582
2013-06-07, 0.07136505317940642, 0.08384279475982516, 0.0852878464818764, 0.02774709040926981, 0.3311590566984446, 0.0055061025970450555, 0.01372463801267241, 0.0076722254781821, 0.01598067099793582
2013-06-07, 0.07136505317940642, 0.08384279475982516, 0.0852878464818764, 0.02774709040926981, 0.3311590566984446, 0.0055061025970450555, 0.01372463801267241, 0.0076722254781821, 0.01598067099793582
2013-06-07, 0.11682692738891959, 0.10480349344978152, 0.0775344058926149, 0.18189759268298972, 0.5282123796925605, 0.0027530512985225316, 0.016469565615206898, 0.006393521231818415, 0.0165514092478621
2013-06-07, 0.11682692738891959, 0.10480349344978152, 0.0775344058926149, 0.18189759268298972, 0.5282123796925605, 0.0027530512985225316, 0.016469565615206898, 0.006393521231818415, 0.0165514092478621
2013-06-07, 0.11682692738891959, 0.10480349344978152, 0.0775344058926149, 0.18189759268298972, 0.5282123796925605, 0.0027530512985225316, 0.016469565615206898, 0.006393521231818415, 0.0165514092478621
2013-06-07, 0.07560093029939936, 0.020960698689956116, 0.046520643535568944, 0.10482234154612977, 0.38589609086347676, 0.0055061025970450555, 0.015097101813939653, 0.008311577601363944, 0.01769288574771466
2013-05-08, 0.07266858588945689, 0.0838427947598254, 0.015506881178522981, 0.1079053515916041, 0.33936961182319947, 0.008259153895567587, 0.01372463801267241, 0.007032873355000258, 0.005707382499262789
2013-05-08, 0.07266858588945689, 0.0838427947598254, 0.015506881178522981, 0.1079053515916041, 0.33936961182319947, 0.008259153895567587, 0.01372463801267241, 0.007032873355000258, 0.005707382499262789
2013-05-08, 0.07266858588945689, 0.0838427947598254, 0.015506881178522981, 0.1079053515916041, 0.33936961182319947, 0.008259153895567587, 0.01372463801267241, 0.007032873355000258, 0.005707382499262789
2013-05-08, 0.07266858588945689, 0.0838427947598254, 0.015506881178522981, 0.1079053515916041, 0.33936961182319947, 0.008259153895567587, 0.01372463801267241, 0.007032873355000258, 0.005707382499262789
2013-05-08, 0.07266858588945689, 0.0838427947598254, 0.015506881178522981, 0.1079053515916041, 0.33936961182319947, 0.008259153895567587, 0.01372463801267241, 0.007032873355000258, 0.005707382499262789
2013-05-08, 0.07266858588945689, 0.0838427947598254, 0.015506881178522981, 0.1079053515916041, 0.33936961182319947, 0.008259153895567587, 0.01372463801267241, 0.007032873355000258, 0.005707382499262789
2013-05-08, 0.07266858588945689, 0.0838427947598254, 0.015506881178522981, 0.1079053515916041, 0.33936961182319947, 0.008259153895567587, 0.01372463801267241, 0.007032873355000258, 0.005707382499262789
2013-05-08, 0.07266858588945689, 0.0838427947598254, 0.015506881178522981, 0.1079053515916041, 0.33936961182319947, 0.008259153895567587, 0.01372463801267241, 0.007032873355000258, 0.005707382499262789
2013-05-08, 0.07266858588945689, 0.0838427947598254, 0.015506881178522981, 0.1079053515916041, 0.33936961182319947, 0.008259153895567587, 0.01372463801267241, 0.007032873355000258, 0.005707382499262789
2013-05-08, 0.07266858588945689, 0.0838427947598254, 0.015506881178522981, 0.1079053515916041, 0.33936961182319947, 0.008259153895567587, 0.01372463801267241, 0.007032873355000258, 0.005707382499262789
2013-05-08, 0.07266858588945689, 0.0838427947598254, 0.015506881178522981, 0.1079053515916041, 0.33936961182319947, 0.008259153895567587, 0.01372463801267241, 0.007032873355000258, 0.005707382499262789
2013-05-08, 0.12164754080070332, 0.0838427947598254, 0.015506881178522981, 0.25897284381984964, 0.5774757104410894, 0.0055061025970450555, 0.01372463801267241, 0.009590281847727629, 0.00856107374889419
2013-05-08, 0.12164754080070332, 0.0838427947598254, 0.015506881178522981, 0.25897284381984964, 0.5774757104410894, 0.0055061025970450555, 0.01372463801267241, 0.009590281847727629, 0.00856107374889419
2013-05-08, 0.12164754080070332, 0.0838427947598254, 0.015506881178522981, 0.25897284381984964, 0.5774757104410894, 0.0055061025970450555, 0.01372463801267241, 0.009590281847727629, 0.00856107374889419
2013-05-08, 0.08143576514958223, 0.0838427947598254, 0.031013762357045963, 0.13565244200087365, 0.369474980613967, 0.008259153895567587, 0.012352174211405168, 0.005754169108636572, 0.005136644249336509
2013-04-08, 0.06869285711587068, 0.06288209606986882, 0.062027524714091925, 0.07707525113685995, 0.2873694293664188, 0.0, 0.015097101813939653, 0.01598380307954606, 0.029107650746240263
2013-04-08, 0.06869285711587068, 0.06288209606986882, 0.062027524714091925, 0.07707525113685995, 0.2873694293664188, 0.0, 0.015097101813939653, 0.01598380307954606, 0.029107650746240263
2013-04-08, 0.06869285711587068, 0.06288209606986882, 0.062027524714091925, 0.07707525113685995, 0.2873694293664188, 0.0, 0.015097101813939653, 0.01598380307954606, 0.029107650746240263
2013-04-08, 0.06869285711587068, 0.06288209606986882, 0.062027524714091925, 0.07707525113685995, 0.2873694293664188, 0.0, 0.015097101813939653, 0.01598380307954606, 0.029107650746240263
2013-04-08, 0.06869285711587068, 0.06288209606986882, 0.062027524714091925, 0.07707525113685995, 0.2873694293664188, 0.0, 0.015097101813939653, 0.01598380307954606, 0.029107650746240263
2013-04-08, 0.06869285711587068, 0.06288209606986882, 0.062027524714091925, 0.07707525113685995, 0.2873694293664188, 0.0, 0.015097101813939653, 0.01598380307954606, 0.029107650746240263
2013-04-08, 0.06869285711587068, 0.06288209606986882, 0.062027524714091925, 0.07707525113685995, 0.2873694293664188, 0.0, 0.015097101813939653, 0.01598380307954606, 0.029107650746240263
2013-04-08, 0.06869285711587068, 0.06288209606986882, 0.062027524714091925, 0.07707525113685995, 0.2873694293664188, 0.0, 0.015097101813939653, 0.01598380307954606, 0.029107650746240263
2013-04-08, 0.06869285711587068, 0.06288209606986882, 0.062027524714091925, 0.07707525113685995, 0.2873694293664188, 0.0, 0.015097101813939653, 0.01598380307954606, 0.029107650746240263
2013-04-08, 0.06869285711587068, 0.06288209606986882, 0.062027524714091925, 0.07707525113685995, 0.2873694293664188, 0.0, 0.015097101813939653, 0.01598380307954606, 0.029107650746240263
2013-04-08, 0.06869285711587068, 0.06288209606986882, 0.062027524714091925, 0.07707525113685995, 0.2873694293664188, 0.0, 0.015097101813939653, 0.01598380307954606, 0.029107650746240263
2013-04-08, 0.11322488894789078, 0.1676855895196508, 0.015506881178522981, 0.1757315725920405, 0.4789490489440314, 0.0027530512985225316, 0.019214493217741376, 0.013426394586818687, 0.03253208024579794
2013-04-08, 0.11322488894789078, 0.1676855895196508, 0.015506881178522981, 0.1757315725920405, 0.4789490489440314, 0.0027530512985225316, 0.019214493217741376, 0.013426394586818687, 0.03253208024579794
2013-04-08, 0.11322488894789078, 0.1676855895196508, 0.015506881178522981, 0.1757315725920405, 0.4789490489440314, 0.0027530512985225316, 0.019214493217741376, 0.013426394586818687, 0.03253208024579794
2013-04-08, 0.08231845259004665, 0.0419213973799127, 0.023260321767784645, 0.1541505022737199, 0.383159239155225, 0.0, 0.015097101813939653, 0.014705098833182372, 0.026253959496608862
2013-03-09, 0.08222329175930833, 0.20960698689956325, 0.054274084124830264, 0.04624515068211581, 0.3010536879076768, 0.0, 0.016469565615206898, 0.009590281847727629, 0.020546576997346074
2013-03-09, 0.08222329175930833, 0.20960698689956325, 0.054274084124830264, 0.04624515068211581, 0.3010536879076768, 0.0, 0.016469565615206898, 0.009590281847727629, 0.020546576997346074
2013-03-09, 0.08222329175930833, 0.20960698689956325, 0.054274084124830264, 0.04624515068211581, 0.3010536879076768, 0.0, 0.016469565615206898, 0.009590281847727629, 0.020546576997346074
2013-03-09, 0.08222329175930833, 0.20960698689956325, 0.054274084124830264, 0.04624515068211581, 0.3010536879076768, 0.0, 0.016469565615206898, 0.009590281847727629, 0.020546576997346074
2013-03-09, 0.08222329175930833, 0.20960698689956325, 0.054274084124830264, 0.04624515068211581, 0.3010536879076768, 0.0, 0.016469565615206898, 0.009590281847727629, 0.020546576997346074
2013-03-09, 0.08222329175930833, 0.20960698689956325, 0.054274084124830264, 0.04624515068211581, 0.3010536879076768, 0.0, 0.016469565615206898, 0.009590281847727629, 0.020546576997346074
2013-03-09, 0.08222329175930833, 0.20960698689956325, 0.054274084124830264, 0.04624515068211581, 0.3010536879076768, 0.0, 0.016469565615206898, 0.009590281847727629, 0.020546576997346074
2013-03-09, 0.08222329175930833, 0.20960698689956325, 0.054274084124830264, 0.04624515068211581, 0.3010536879076768, 0.0, 0.016469565615206898, 0.009590281847727629, 0.020546576997346074
2013-03-09, 0.08222329175930833, 0.20960698689956325, 0.054274084124830264, 0.04624515068211581, 0.3010536879076768, 0.0, 0.016469565615206898, 0.009590281847727629, 0.020546576997346074
2013-03-09, 0.08222329175930833, 0.20960698689956325, 0.054274084124830264, 0.04624515068211581, 0.3010536879076768, 0.0, 0.016469565615206898, 0.009590281847727629, 0.020546576997346074
2013-03-09, 0.08222329175930833, 0.20960698689956325, 0.054274084124830264, 0.04624515068211581, 0.3010536879076768, 0.0, 0.016469565615206898, 0.009590281847727629, 0.020546576997346074
2013-03-09, 0.10989878254596558, 0.02096069868995635, 0.10854816824966053, 0.22505973331963092, 0.46800164211102496, 0.002753051298522524, 0.016469565615206898, 0.013426394586818687, 0.023971006496903743
2013-03-09, 0.10989878254596558, 0.02096069868995635, 0.10854816824966053, 0.22505973331963092, 0.46800164211102496, 0.002753051298522524, 0.016469565615206898, 0.013426394586818687, 0.023971006496903743
2013-03-09, 0.10989878254596558, 0.02096069868995635, 0.10854816824966053, 0.22505973331963092, 0.46800164211102496, 0.002753051298522524, 0.016469565615206898, 0.013426394586818687, 0.023971006496903743
2013-03-09, 0.0946896677535701, 0.02096069868995635, 0.10854816824966053, 0.1788145826375151, 0.39684349769648325, 0.0027530512985225316, 0.016469565615206898, 0.010868986094091315, 0.0222587917471249
2013-02-07, 0.06106459033587843, 0.10480349344978152, 0.015506881178522981, 0.04316214063664148, 0.2682114674086577, 0.0, 0.015097101813939653, 0.0166231552027279, 0.0251124829967563
2013-02-07, 0.06106459033587843, 0.10480349344978152, 0.015506881178522981, 0.04316214063664148, 0.2682114674086577, 0.0, 0.015097101813939653, 0.0166231552027279, 0.0251124829967563
2013-02-07, 0.06106459033587843, 0.10480349344978152, 0.015506881178522981, 0.04316214063664148, 0.2682114674086577, 0.0, 0.015097101813939653, 0.0166231552027279, 0.0251124829967563
2013-02-07, 0.06106459033587843, 0.10480349344978152, 0.015506881178522981, 0.04316214063664148, 0.2682114674086577, 0.0, 0.015097101813939653, 0.0166231552027279, 0.0251124829967563
2013-02-07, 0.06106459033587843, 0.10480349344978152, 0.015506881178522981, 0.04316214063664148, 0.2682114674086577, 0.0, 0.015097101813939653, 0.0166231552027279, 0.0251124829967563
2013-02-07, 0.06106459033587843, 0.10480349344978152, 0.015506881178522981, 0.04316214063664148, 0.2682114674086577, 0.0, 0.015097101813939653, 0.0166231552027279, 0.0251124829967563
2013-02-07, 0.06106459033587843, 0.10480349344978152, 0.015506881178522981, 0.04316214063664148, 0.2682114674086577, 0.0, 0.015097101813939653, 0.0166231552027279, 0.0251124829967563
2013-02-07, 0.06106459033587843, 0.10480349344978152, 0.015506881178522981, 0.04316214063664148, 0.2682114674086577, 0.0, 0.015097101813939653, 0.0166231552027279, 0.0251124829967563
2013-02-07, 0.06106459033587843, 0.10480349344978152, 0.015506881178522981, 0.04316214063664148, 0.2682114674086577, 0.0, 0.015097101813939653, 0.0166231552027279, 0.0251124829967563
2013-02-07, 0.06106459033587843, 0.10480349344978152, 0.015506881178522981, 0.04316214063664148, 0.2682114674086577, 0.0, 0.015097101813939653, 0.0166231552027279, 0.0251124829967563
2013-02-07, 0.06106459033587843, 0.10480349344978152, 0.015506881178522981, 0.04316214063664148, 0.2682114674086577, 0.0, 0.015097101813939653, 0.0166231552027279, 0.0251124829967563
2013-02-07, 0.1117150631604364, 0.0, 0.023260321767784645, 0.25280682372890045, 0.5528440450668249, 0.0055061025970450555, 0.01784202941647414, 0.01406574671000053, 0.027395435996461423
2013-02-07, 0.1117150631604364, 0.0, 0.023260321767784645, 0.25280682372890045, 0.5528440450668249, 0.0055061025970450555, 0.01784202941647414, 0.01406574671000053, 0.027395435996461423
2013-02-07, 0.1117150631604364, 0.0, 0.023260321767784645, 0.25280682372890045, 0.5528440450668249, 0.0055061025970450555, 0.01784202941647414, 0.01406574671000053, 0.027395435996461423
2013-02-07, 0.08326826505264762, 0.08384279475982516, 0.0232603217677843, 0.16031652236466856, 0.342106463531451, 0.0027530512985225316, 0.016469565615206898, 0.013426394586818687, 0.023971006496903743
2013-01-08, 0.08509509912239102, 0.02096069868995635, 0.062027524714091925, 0.20347866300131032, 0.35305387036445746, 0.0055061025970450555, 0.01372463801267241, 0.008311577601363944, 0.013697717998230712
2013-01-08, 0.08509509912239102, 0.02096069868995635, 0.062027524714091925, 0.20347866300131032, 0.35305387036445746, 0.0055061025970450555, 0.01372463801267241, 0.008311577601363944, 0.013697717998230712
2013-01-08, 0.08509509912239102, 0.02096069868995635, 0.062027524714091925, 0.20347866300131032, 0.35305387036445746, 0.0055061025970450555, 0.01372463801267241, 0.008311577601363944, 0.013697717998230712
2013-01-08, 0.08509509912239102, 0.02096069868995635, 0.062027524714091925, 0.20347866300131032, 0.35305387036445746, 0.0055061025970450555, 0.01372463801267241, 0.008311577601363944, 0.013697717998230712
2013-01-08, 0.08509509912239102, 0.02096069868995635, 0.062027524714091925, 0.20347866300131032, 0.35305387036445746, 0.0055061025970450555, 0.01372463801267241, 0.008311577601363944, 0.013697717998230712
2013-01-08, 0.08509509912239102, 0.02096069868995635, 0.062027524714091925, 0.20347866300131032, 0.35305387036445746, 0.0055061025970450555, 0.01372463801267241, 0.008311577601363944, 0.013697717998230712
2013-01-08, 0.08509509912239102, 0.02096069868995635, 0.062027524714091925, 0.20347866300131032, 0.35305387036445746, 0.0055061025970450555, 0.01372463801267241, 0.008311577601363944, 0.013697717998230712
2013-01-08, 0.08509509912239102, 0.02096069868995635, 0.062027524714091925, 0.20347866300131032, 0.35305387036445746, 0.0055061025970450555, 0.01372463801267241, 0.008311577601363944, 0.013697717998230712
2013-01-08, 0.08509509912239102, 0.02096069868995635, 0.062027524714091925, 0.20347866300131032, 0.35305387036445746, 0.0055061025970450555, 0.01372463801267241, 0.008311577601363944, 0.013697717998230712
2013-01-08, 0.08509509912239102, 0.02096069868995635, 0.062027524714091925, 0.20347866300131032, 0.35305387036445746, 0.0055061025970450555, 0.01372463801267241, 0.008311577601363944, 0.013697717998230712
2013-01-08, 0.08509509912239102, 0.02096069868995635, 0.062027524714091925, 0.20347866300131032, 0.35305387036445746, 0.0055061025970450555, 0.01372463801267241, 0.008311577601363944, 0.013697717998230712
2013-01-08, 0.12471845740077496, 0.1257641921397381, 0.007753440589261662, 0.19114662281941272, 0.6103179309401084, 0.008259153895567587, 0.016469565615206898, 0.01406574671000053, 0.023971006496903754
2013-01-08, 0.12471845740077496, 0.1257641921397381, 0.007753440589261662, 0.19114662281941272, 0.6103179309401084, 0.008259153895567587, 0.016469565615206898, 0.01406574671000053, 0.023971006496903754
2013-01-08, 0.12471845740077496, 0.1257641921397381, 0.007753440589261662, 0.19114662281941272, 0.6103179309401084, 0.008259153895567587, 0.016469565615206898, 0.01406574671000053, 0.023971006496903754
2013-01-08, 0.07548591878340308, 0.0419213973799127, 0.054274084124830264, 0.1325694319553993, 0.3311590566984446, 0.002753051298522524, 0.012352174211405168, 0.008311577601363944, 0.020546576997346074
2012-12-09, 0.11964122932907473, 0.1886462882096069, 0.1705756929637528, 0.1633995324101429, 0.39136979427997987, 0.0, 0.01784202941647414, 0.007032873355000272, 0.018263623997640952
2012-12-09, 0.11387442346393184, 0.16768558951965057, 0.13956193060670682, 0.14490147213729662, 0.41052775623774124, 0.0, 0.016469565615206898, 0.009590281847727644, 0.022258791747124914
2012-12-09, 0.11387442346393184, 0.16768558951965057, 0.13956193060670682, 0.14490147213729662, 0.41052775623774124, 0.0, 0.016469565615206898, 0.009590281847727644, 0.022258791747124914
2012-12-09, 0.11387442346393184, 0.16768558951965057, 0.13956193060670682, 0.14490147213729662, 0.41052775623774124, 0.0, 0.016469565615206898, 0.009590281847727644, 0.022258791747124914
2012-12-09, 0.11387442346393184, 0.16768558951965057, 0.13956193060670682, 0.14490147213729662, 0.41052775623774124, 0.0, 0.016469565615206898, 0.009590281847727644, 0.022258791747124914
2012-12-09, 0.11387442346393184, 0.16768558951965057, 0.13956193060670682, 0.14490147213729662, 0.41052775623774124, 0.0, 0.016469565615206898, 0.009590281847727644, 0.022258791747124914
2012-12-09, 0.11387442346393184, 0.16768558951965057, 0.13956193060670682, 0.14490147213729662, 0.41052775623774124, 0.0, 0.016469565615206898, 0.009590281847727644, 0.022258791747124914
2012-12-09, 0.11387442346393184, 0.16768558951965057, 0.13956193060670682, 0.14490147213729662, 0.41052775623774124, 0.0, 0.016469565615206898, 0.009590281847727644, 0.022258791747124914
2012-12-09, 0.11387442346393184, 0.16768558951965057, 0.13956193060670682, 0.14490147213729662, 0.41052775623774124, 0.0, 0.016469565615206898, 0.009590281847727644, 0.022258791747124914
2012-12-09, 0.11387442346393184, 0.16768558951965057, 0.13956193060670682, 0.14490147213729662, 0.41052775623774124, 0.0, 0.016469565615206898, 0.009590281847727644, 0.022258791747124914
2012-12-09, 0.11387442346393184, 0.16768558951965057, 0.13956193060670682, 0.14490147213729662, 0.41052775623774124, 0.0, 0.016469565615206898, 0.009590281847727644, 0.022258791747124914
2012-12-09, 0.12579893717763657, 0.0, 0.24035665826710603, 0.1880636127739381, 0.522738676276057, 0.0027530512985225316, 0.019214493217741383, 0.012147690340455016, 0.021117315247272353
2012-12-09, 0.12579893717763657, 0.0, 0.24035665826710603, 0.1880636127739381, 0.522738676276057, 0.0027530512985225316, 0.019214493217741383, 0.012147690340455016, 0.021117315247272353
2012-12-09, 0.1063820054364642, 0.1886462882096069, 0.18608257414227578, 0.07707525113685995, 0.35305387036445746, 0.0, 0.01784202941647414, 0.0089509297245458, 0.019405100497493513
2012-12-09, 0.13389966901754147, 0.0419213973799127, 0.20158945532079875, 0.23122575341057985, 0.5501071933585732, 0.0027530512985225316, 0.020586957019008624, 0.007032873355000272, 0.015980670997935834
2012-11-09, 0.1289097981866895, 0.1676855895196508, 0.20934289591006008, 0.20347866300131032, 0.41600145965424434, 0.0027530512985225316, 0.016469565615206898, 0.0012787042463636858, 0.014268456248156992
2012-11-09, 0.1303208308581902, 0.14672489082969445, 0.20934289591006008, 0.2558898337743751, 0.39684349769648325, 0.0027530512985225316, 0.016469565615206898, 0.0025574084927273717, 0.011985503248451872
2012-11-09, 0.1303208308581902, 0.14672489082969445, 0.20934289591006008, 0.2558898337743751, 0.39684349769648325, 0.0027530512985225316, 0.016469565615206898, 0.0025574084927273717, 0.011985503248451872
2012-11-09, 0.1303208308581902, 0.14672489082969445, 0.20934289591006008, 0.2558898337743751, 0.39684349769648325, 0.0027530512985225316, 0.016469565615206898, 0.0025574084927273717, 0.011985503248451872
2012-11-09, 0.1303208308581902, 0.14672489082969445, 0.20934289591006008, 0.2558898337743751, 0.39684349769648325, 0.0027530512985225316, 0.016469565615206898, 0.0025574084927273717, 0.011985503248451872
2012-11-09, 0.1303208308581902, 0.14672489082969445, 0.20934289591006008, 0.2558898337743751, 0.39684349769648325, 0.0027530512985225316, 0.016469565615206898, 0.0025574084927273717, 0.011985503248451872
2012-11-09, 0.1303208308581902, 0.14672489082969445, 0.20934289591006008, 0.2558898337743751, 0.39684349769648325, 0.0027530512985225316, 0.016469565615206898, 0.0025574084927273717, 0.011985503248451872
2012-11-09, 0.1303208308581902, 0.14672489082969445, 0.20934289591006008, 0.2558898337743751, 0.39684349769648325, 0.0027530512985225316, 0.016469565615206898, 0.0025574084927273717, 0.011985503248451872
2012-11-09, 0.1303208308581902, 0.14672489082969445, 0.20934289591006008, 0.2558898337743751, 0.39684349769648325, 0.0027530512985225316, 0.016469565615206898, 0.0025574084927273717, 0.011985503248451872
2012-11-09, 0.1303208308581902, 0.14672489082969445, 0.20934289591006008, 0.2558898337743751, 0.39684349769648325, 0.0027530512985225316, 0.016469565615206898, 0.0025574084927273717, 0.011985503248451872
2012-11-09, 0.1303208308581902, 0.14672489082969445, 0.20934289591006008, 0.2558898337743751, 0.39684349769648325, 0.0027530512985225316, 0.016469565615206898, 0.0025574084927273717, 0.011985503248451872
2012-11-09, 0.14276450889254938, 0.02096069868995635, 0.2946307423919363, 0.3083010045474398, 0.4844227523605345, 0.0, 0.01784202941647414, 0.005114816985454743, 0.01084402674859931
2012-11-09, 0.14276450889254938, 0.02096069868995635, 0.2946307423919363, 0.3083010045474398, 0.4844227523605345, 0.0, 0.01784202941647414, 0.005114816985454743, 0.01084402674859931
2012-11-09, 0.14382133915473935, 0.06288209606986905, 0.2636169800348903, 0.28055391413817027, 0.5063175660265474, 0.0, 0.016469565615206898, 0.007032873355000272, 0.013697717998230712
2012-11-09, 0.15386481350457107, 0.1257641921397381, 0.23260321767784436, 0.3083010045474398, 0.5364229348173152, 0.0027530512985225316, 0.015097101813939653, 0.0025574084927273717, 0.007419597249041629
2012-10-10, 0.15432034895031613, 0.2515283842794762, 0.18608257414227578, 0.21889371322868226, 0.5501071933585732, 0.0027530512985225316, 0.00823478280760344, 0.0038361127390910575, 0.013126979748304431
2012-10-10, 0.125091349401028, 0.1676855895196508, 0.1550688117852298, 0.13873545204634796, 0.5172649728595539, 0.0, 0.0068623190063361985, 0.0025574084927273717, 0.01255624149837815
2012-10-10, 0.125091349401028, 0.1676855895196508, 0.1550688117852298, 0.13873545204634796, 0.5172649728595539, 0.0, 0.0068623190063361985, 0.0025574084927273717, 0.01255624149837815
2012-10-10, 0.125091349401028, 0.1676855895196508, 0.1550688117852298, 0.13873545204634796, 0.5172649728595539, 0.0, 0.0068623190063361985, 0.0025574084927273717, 0.01255624149837815
2012-10-10, 0.125091349401028, 0.1676855895196508, 0.1550688117852298, 0.13873545204634796, 0.5172649728595539, 0.0, 0.0068623190063361985, 0.0025574084927273717, 0.01255624149837815
2012-10-10, 0.125091349401028, 0.1676855895196508, 0.1550688117852298, 0.13873545204634796, 0.5172649728595539, 0.0, 0.0068623190063361985, 0.0025574084927273717, 0.01255624149837815
2012-10-10, 0.125091349401028, 0.1676855895196508, 0.1550688117852298, 0.13873545204634796, 0.5172649728595539, 0.0, 0.0068623190063361985, 0.0025574084927273717, 0.01255624149837815
2012-10-10, 0.125091349401028, 0.1676855895196508, 0.1550688117852298, 0.13873545204634796, 0.5172649728595539, 0.0, 0.0068623190063361985, 0.0025574084927273717, 0.01255624149837815
2012-10-10, 0.125091349401028, 0.1676855895196508, 0.1550688117852298, 0.13873545204634796, 0.5172649728595539, 0.0, 0.0068623190063361985, 0.0025574084927273717, 0.01255624149837815
2012-10-10, 0.125091349401028, 0.1676855895196508, 0.1550688117852298, 0.13873545204634796, 0.5172649728595539, 0.0, 0.0068623190063361985, 0.0025574084927273717, 0.01255624149837815
2012-10-10, 0.125091349401028, 0.1676855895196508, 0.1550688117852298, 0.13873545204634796, 0.5172649728595539, 0.0, 0.0068623190063361985, 0.0025574084927273717, 0.01255624149837815
2012-10-10, 0.13147321298462555, 0.1676855895196508, 0.19383601473153708, 0.1418184620918223, 0.5008438626100441, 0.005506102597045063, 0.009607246608870683, 0.010229633970909487, 0.0222587917471249
2012-10-10, 0.13147321298462555, 0.1676855895196508, 0.19383601473153708, 0.1418184620918223, 0.5008438626100441, 0.005506102597045063, 0.009607246608870683, 0.010229633970909487, 0.0222587917471249
2012-10-10, 0.14411080746653315, 0.1676855895196508, 0.10854816824966086, 0.24664080363795207, 0.5938968206905987, 0.005506102597045063, 0.00823478280760344, 0.006393521231818429, 0.015980670997935834
2012-10-10, 0.13147321298462555, 0.1676855895196508, 0.19383601473153708, 0.1418184620918223, 0.5008438626100441, 0.005506102597045063, 0.009607246608870683, 0.010229633970909487, 0.0222587917471249
2012-09-10, 0.09641858334628527, 0.31441048034934477, 0.15506881178522947, 0.07399224109138562, 0.20252702641061882, 0.0, 0.004117391403801728, 0.006393521231818429, 0.014839194498083273
2012-09-10, 0.09641858334628527, 0.31441048034934477, 0.15506881178522947, 0.07399224109138562, 0.20252702641061882, 0.0, 0.004117391403801728, 0.006393521231818429, 0.014839194498083273
2012-09-10, 0.09641858334628527, 0.31441048034934477, 0.15506881178522947, 0.07399224109138562, 0.20252702641061882, 0.0, 0.004117391403801728, 0.006393521231818429, 0.014839194498083273
2012-09-10, 0.09641858334628527, 0.31441048034934477, 0.15506881178522947, 0.07399224109138562, 0.20252702641061882, 0.0, 0.004117391403801728, 0.006393521231818429, 0.014839194498083273
2012-09-10, 0.09641858334628527, 0.31441048034934477, 0.15506881178522947, 0.07399224109138562, 0.20252702641061882, 0.0, 0.004117391403801728, 0.006393521231818429, 0.014839194498083273
2012-09-10, 0.09641858334628527, 0.31441048034934477, 0.15506881178522947, 0.07399224109138562, 0.20252702641061882, 0.0, 0.004117391403801728, 0.006393521231818429, 0.014839194498083273
2012-09-10, 0.09641858334628527, 0.31441048034934477, 0.15506881178522947, 0.07399224109138562, 0.20252702641061882, 0.0, 0.004117391403801728, 0.006393521231818429, 0.014839194498083273
2012-09-10, 0.09641858334628527, 0.31441048034934477, 0.15506881178522947, 0.07399224109138562, 0.20252702641061882, 0.0, 0.004117391403801728, 0.006393521231818429, 0.014839194498083273
2012-09-10, 0.09641858334628527, 0.31441048034934477, 0.15506881178522947, 0.07399224109138562, 0.20252702641061882, 0.0, 0.004117391403801728, 0.006393521231818429, 0.014839194498083273
2012-09-10, 0.09641858334628527, 0.31441048034934477, 0.15506881178522947, 0.07399224109138562, 0.20252702641061882, 0.0, 0.004117391403801728, 0.006393521231818429, 0.014839194498083273
2012-09-10, 0.09641858334628527, 0.31441048034934477, 0.15506881178522947, 0.07399224109138562, 0.20252702641061882, 0.0, 0.004117391403801728, 0.006393521231818429, 0.014839194498083273
2012-09-10, 0.11076365306696957, 0.23056768558951937, 0.1395619306067065, 0.08940729131875755, 0.3886329425717283, 0.005506102597045063, 0.0068623190063361985, 0.009590281847727644, 0.015980670997935834
2012-09-10, 0.11076365306696957, 0.23056768558951937, 0.1395619306067065, 0.08940729131875755, 0.3886329425717283, 0.005506102597045063, 0.0068623190063361985, 0.009590281847727644, 0.015980670997935834
2012-09-10, 0.11076365306696957, 0.23056768558951937, 0.1395619306067065, 0.08940729131875755, 0.3886329425717283, 0.005506102597045063, 0.0068623190063361985, 0.009590281847727644, 0.015980670997935834
2012-09-10, 0.12067300535338893, 0.4192139737991265, 0.11630160883892218, 0.07707525113685995, 0.32842220499019276, 0.0, 0.005489855205068971, 0.005754169108636586, 0.013126979748304431
2012-08-11, 0.139403061983827, 0.5449781659388646, 0.2636169800348903, 0.06474321095496234, 0.21621128495187705, 0.0, 0.006862319006336213, 0.005114816985454743, 0.013697717998230712
2012-08-11, 0.139403061983827, 0.5449781659388646, 0.2636169800348903, 0.06474321095496234, 0.21621128495187705, 0.0, 0.006862319006336213, 0.005114816985454743, 0.013697717998230712
2012-08-11, 0.139403061983827, 0.5449781659388646, 0.2636169800348903, 0.06474321095496234, 0.21621128495187705, 0.0, 0.006862319006336213, 0.005114816985454743, 0.013697717998230712
2012-08-11, 0.139403061983827, 0.5449781659388646, 0.2636169800348903, 0.06474321095496234, 0.21621128495187705, 0.0, 0.006862319006336213, 0.005114816985454743, 0.013697717998230712
2012-08-11, 0.139403061983827, 0.5449781659388646, 0.2636169800348903, 0.06474321095496234, 0.21621128495187705, 0.0, 0.006862319006336213, 0.005114816985454743, 0.013697717998230712
2012-08-11, 0.139403061983827, 0.5449781659388646, 0.2636169800348903, 0.06474321095496234, 0.21621128495187705, 0.0, 0.006862319006336213, 0.005114816985454743, 0.013697717998230712
2012-08-11, 0.139403061983827, 0.5449781659388646, 0.2636169800348903, 0.06474321095496234, 0.21621128495187705, 0.0, 0.006862319006336213, 0.005114816985454743, 0.013697717998230712
2012-08-11, 0.139403061983827, 0.5449781659388646, 0.2636169800348903, 0.06474321095496234, 0.21621128495187705, 0.0, 0.006862319006336213, 0.005114816985454743, 0.013697717998230712
2012-08-11, 0.139403061983827, 0.5449781659388646, 0.2636169800348903, 0.06474321095496234, 0.21621128495187705, 0.0, 0.006862319006336213, 0.005114816985454743, 0.013697717998230712
2012-08-11, 0.139403061983827, 0.5449781659388646, 0.2636169800348903, 0.06474321095496234, 0.21621128495187705, 0.0, 0.006862319006336213, 0.005114816985454743, 0.013697717998230712
2012-08-11, 0.139403061983827, 0.5449781659388646, 0.2636169800348903, 0.06474321095496234, 0.21621128495187705, 0.0, 0.006862319006336213, 0.005114816985454743, 0.013697717998230712
2012-08-11, 0.1573296258166082, 0.2934497816593889, 0.32564450474898227, 0.26822187395627267, 0.32842220499019303, 0.005506102597045048, 0.009607246608870683, 0.0089509297245458, 0.01883436224756722
2012-08-11, 0.1573296258166082, 0.2934497816593889, 0.32564450474898227, 0.26822187395627267, 0.32842220499019303, 0.005506102597045048, 0.009607246608870683, 0.0089509297245458, 0.01883436224756722
2012-08-11, 0.1573296258166082, 0.2934497816593889, 0.32564450474898227, 0.26822187395627267, 0.32842220499019303, 0.005506102597045048, 0.009607246608870683, 0.0089509297245458, 0.01883436224756722
2012-08-11, 0.13418499609396842, 0.4401746724890833, 0.3023841829811976, 0.09865632145518055, 0.1970533229941157, 0.0027530512985225165, 0.008234782807603456, 0.007672225478182115, 0.016551409247862112
2012-07-12, 0.144223606783548, 0.5659388646288209, 0.10079472766039956, 0.38229324563882544, 0.03831592391552218, 0.005506102597045063, 0.01372463801267241, 0.019819915818637117, 0.027395435996461423
2012-07-12, 0.17037455569072357, 0.6917030567685586, 0.14731537119596816, 0.4439534465483137, 0.024631665374264432, 0.005506102597045063, 0.012352174211405168, 0.014705098833182372, 0.022829529997051182
2012-07-12, 0.17037455569072357, 0.6917030567685586, 0.14731537119596816, 0.4439534465483137, 0.024631665374264432, 0.005506102597045063, 0.012352174211405168, 0.014705098833182372, 0.022829529997051182
2012-07-12, 0.17037455569072357, 0.6917030567685586, 0.14731537119596816, 0.4439534465483137, 0.024631665374264432, 0.005506102597045063, 0.012352174211405168, 0.014705098833182372, 0.022829529997051182
2012-07-12, 0.17037455569072357, 0.6917030567685586, 0.14731537119596816, 0.4439534465483137, 0.024631665374264432, 0.005506102597045063, 0.012352174211405168, 0.014705098833182372, 0.022829529997051182
2012-07-12, 0.17037455569072357, 0.6917030567685586, 0.14731537119596816, 0.4439534465483137, 0.024631665374264432, 0.005506102597045063, 0.012352174211405168, 0.014705098833182372, 0.022829529997051182
2012-07-12, 0.17037455569072357, 0.6917030567685586, 0.14731537119596816, 0.4439534465483137, 0.024631665374264432, 0.005506102597045063, 0.012352174211405168, 0.014705098833182372, 0.022829529997051182
2012-07-12, 0.17037455569072357, 0.6917030567685586, 0.14731537119596816, 0.4439534465483137, 0.024631665374264432, 0.005506102597045063, 0.012352174211405168, 0.014705098833182372, 0.022829529997051182
2012-07-12, 0.17037455569072357, 0.6917030567685586, 0.14731537119596816, 0.4439534465483137, 0.024631665374264432, 0.005506102597045063, 0.012352174211405168, 0.014705098833182372, 0.022829529997051182
2012-07-12, 0.17037455569072357, 0.6917030567685586, 0.14731537119596816, 0.4439534465483137, 0.024631665374264432, 0.005506102597045063, 0.012352174211405168, 0.014705098833182372, 0.022829529997051182
2012-07-12, 0.17037455569072357, 0.6917030567685586, 0.14731537119596816, 0.4439534465483137, 0.024631665374264432, 0.005506102597045063, 0.012352174211405168, 0.014705098833182372, 0.022829529997051182
2012-07-12, 0.1748109176078298, 0.4401746724890829, 0.18608257414227578, 0.21889371322868253, 0.47621219723577984, 0.008259153895567594, 0.015097101813939653, 0.022377324311364487, 0.031390603745945385
2012-07-12, 0.1748109176078298, 0.4401746724890829, 0.18608257414227578, 0.21889371322868253, 0.47621219723577984, 0.008259153895567594, 0.015097101813939653, 0.022377324311364487, 0.031390603745945385
2012-07-12, 0.14267349691602602, 0.5240174672489083, 0.13180849001744516, 0.3730442155024024, 0.03831592391552218, 0.008259153895567594, 0.015097101813939653, 0.021737972188182644, 0.029107650746240263
2012-07-12, 0.1748109176078298, 0.4401746724890829, 0.18608257414227578, 0.21889371322868253, 0.47621219723577984, 0.008259153895567594, 0.015097101813939653, 0.022377324311364487, 0.031390603745945385
2012-06-12, 0.12483359618258555, 0.4192139737991265, 0.1395619306067065, 0.24355779359247773, 0.10947406833006394, 0.019271359089657707, 0.016469565615206898, 0.024295380680910018, 0.026824697746535144
2012-06-12, 0.148978544058909, 0.6497816593886458, 0.09304128707113789, 0.3668781954114538, 0.016421110249509298, 0.008259153895567594, 0.01372463801267241, 0.019180563695455274, 0.024541744746830022
2012-06-12, 0.148978544058909, 0.6497816593886458, 0.09304128707113789, 0.3668781954114538, 0.016421110249509298, 0.008259153895567594, 0.01372463801267241, 0.019180563695455274, 0.024541744746830022
2012-06-12, 0.148978544058909, 0.6497816593886458, 0.09304128707113789, 0.3668781954114538, 0.016421110249509298, 0.008259153895567594, 0.01372463801267241, 0.019180563695455274, 0.024541744746830022
2012-06-12, 0.148978544058909, 0.6497816593886458, 0.09304128707113789, 0.3668781954114538, 0.016421110249509298, 0.008259153895567594, 0.01372463801267241, 0.019180563695455274, 0.024541744746830022
2012-06-12, 0.148978544058909, 0.6497816593886458, 0.09304128707113789, 0.3668781954114538, 0.016421110249509298, 0.008259153895567594, 0.01372463801267241, 0.019180563695455274, 0.024541744746830022
2012-06-12, 0.148978544058909, 0.6497816593886458, 0.09304128707113789, 0.3668781954114538, 0.016421110249509298, 0.008259153895567594, 0.01372463801267241, 0.019180563695455274, 0.024541744746830022
2012-06-12, 0.148978544058909, 0.6497816593886458, 0.09304128707113789, 0.3668781954114538, 0.016421110249509298, 0.008259153895567594, 0.01372463801267241, 0.019180563695455274, 0.024541744746830022
2012-06-12, 0.148978544058909, 0.6497816593886458, 0.09304128707113789, 0.3668781954114538, 0.016421110249509298, 0.008259153895567594, 0.01372463801267241, 0.019180563695455274, 0.024541744746830022
2012-06-12, 0.148978544058909, 0.6497816593886458, 0.09304128707113789, 0.3668781954114538, 0.016421110249509298, 0.008259153895567594, 0.01372463801267241, 0.019180563695455274, 0.024541744746830022
2012-06-12, 0.148978544058909, 0.6497816593886458, 0.09304128707113789, 0.3668781954114538, 0.016421110249509298, 0.008259153895567594, 0.01372463801267241, 0.019180563695455274, 0.024541744746830022
2012-06-12, 0.16275785198615306, 0.46113537117903924, 0.19383601473153708, 0.332965084911235, 0.2216849883683799, 0.016518307791135174, 0.016469565615206898, 0.02749214129681923, 0.03196134199587167
2012-06-12, 0.16275785198615306, 0.46113537117903924, 0.19383601473153708, 0.332965084911235, 0.2216849883683799, 0.016518307791135174, 0.016469565615206898, 0.02749214129681923, 0.03196134199587167
2012-06-12, 0.16275785198615306, 0.46113537117903924, 0.19383601473153708, 0.332965084911235, 0.2216849883683799, 0.016518307791135174, 0.016469565615206898, 0.02749214129681923, 0.03196134199587167
2012-06-12, 0.16275785198615306, 0.46113537117903924, 0.19383601473153708, 0.332965084911235, 0.2216849883683799, 0.016518307791135174, 0.016469565615206898, 0.02749214129681923, 0.03196134199587167
2012-05-13, 0.14560039083948229, 0.4401746724890829, 0.14731537119596816, 0.314467024638389, 0.18336906445285772, 0.013765256492612642, 0.01372463801267241, 0.021737972188182644, 0.030249127246092824
2012-05-13, 0.18155257545061884, 0.6288209606986895, 0.14731537119596816, 0.4747835470030576, 0.12315832687132217, 0.011012205194090127, 0.012352174211405168, 0.02301667643454633, 0.03196134199587167
2012-05-13, 0.18155257545061884, 0.6288209606986895, 0.14731537119596816, 0.4747835470030576, 0.12315832687132217, 0.011012205194090127, 0.012352174211405168, 0.02301667643454633, 0.03196134199587167
2012-05-13, 0.18155257545061884, 0.6288209606986895, 0.14731537119596816, 0.4747835470030576, 0.12315832687132217, 0.011012205194090127, 0.012352174211405168, 0.02301667643454633, 0.03196134199587167
2012-05-13, 0.18155257545061884, 0.6288209606986895, 0.14731537119596816, 0.4747835470030576, 0.12315832687132217, 0.011012205194090127, 0.012352174211405168, 0.02301667643454633, 0.03196134199587167
2012-05-13, 0.18155257545061884, 0.6288209606986895, 0.14731537119596816, 0.4747835470030576, 0.12315832687132217, 0.011012205194090127, 0.012352174211405168, 0.02301667643454633, 0.03196134199587167
2012-05-13, 0.18155257545061884, 0.6288209606986895, 0.14731537119596816, 0.4747835470030576, 0.12315832687132217, 0.011012205194090127, 0.012352174211405168, 0.02301667643454633, 0.03196134199587167
2012-05-13, 0.18155257545061884, 0.6288209606986895, 0.14731537119596816, 0.4747835470030576, 0.12315832687132217, 0.011012205194090127, 0.012352174211405168, 0.02301667643454633, 0.03196134199587167
2012-05-13, 0.18155257545061884, 0.6288209606986895, 0.14731537119596816, 0.4747835470030576, 0.12315832687132217, 0.011012205194090127, 0.012352174211405168, 0.02301667643454633, 0.03196134199587167
2012-05-13, 0.18155257545061884, 0.6288209606986895, 0.14731537119596816, 0.4747835470030576, 0.12315832687132217, 0.011012205194090127, 0.012352174211405168, 0.02301667643454633, 0.03196134199587167
2012-05-13, 0.18155257545061884, 0.6288209606986895, 0.14731537119596816, 0.4747835470030576, 0.12315832687132217, 0.011012205194090127, 0.012352174211405168, 0.02301667643454633, 0.03196134199587167
2012-05-13, 0.14435991062908896, 0.20960698689956303, 0.30238418298119796, 0.3206330447293377, 0.24357980203439328, 0.013765256492612642, 0.012352174211405168, 0.021737972188182644, 0.030819865496019103
2012-05-13, 0.14435991062908896, 0.20960698689956303, 0.30238418298119796, 0.3206330447293377, 0.24357980203439328, 0.013765256492612642, 0.012352174211405168, 0.021737972188182644, 0.030819865496019103
2012-05-13, 0.15359709120719164, 0.3982532751091702, 0.20934289591006008, 0.25897284381984936, 0.28189572594991597, 0.016518307791135174, 0.01372463801267241, 0.019819915818637117, 0.030249127246092824
2012-05-13, 0.13824839775651798, 0.3982532751091702, 0.19383601473153708, 0.24664080363795207, 0.19157961957761285, 0.016518307791135174, 0.01372463801267241, 0.019180563695455274, 0.026253959496608862
2012-04-13, 0.1585872616136114, 0.46113537117903924, 0.1550688117852298, 0.35146314518408156, 0.2162112849518768, 0.013765256492612642, 0.01372463801267241, 0.023656028557728158, 0.03367355674565051
2012-04-13, 0.1497875245619072, 0.5659388646288205, 0.14731537119596816, 0.37612722554787675, 0.035579072207270634, 0.011012205194090127, 0.010979710410137926, 0.021098620065000788, 0.030249127246092824
2012-04-13, 0.1497875245619072, 0.5659388646288205, 0.14731537119596816, 0.37612722554787675, 0.035579072207270634, 0.011012205194090127, 0.010979710410137926, 0.021098620065000788, 0.030249127246092824
2012-04-13, 0.1497875245619072, 0.5659388646288205, 0.14731537119596816, 0.37612722554787675, 0.035579072207270634, 0.011012205194090127, 0.010979710410137926, 0.021098620065000788, 0.030249127246092824
2012-04-13, 0.1497875245619072, 0.5659388646288205, 0.14731537119596816, 0.37612722554787675, 0.035579072207270634, 0.011012205194090127, 0.010979710410137926, 0.021098620065000788, 0.030249127246092824
2012-04-13, 0.1497875245619072, 0.5659388646288205, 0.14731537119596816, 0.37612722554787675, 0.035579072207270634, 0.011012205194090127, 0.010979710410137926, 0.021098620065000788, 0.030249127246092824
2012-04-13, 0.1497875245619072, 0.5659388646288205, 0.14731537119596816, 0.37612722554787675, 0.035579072207270634, 0.011012205194090127, 0.010979710410137926, 0.021098620065000788, 0.030249127246092824
2012-04-13, 0.1497875245619072, 0.5659388646288205, 0.14731537119596816, 0.37612722554787675, 0.035579072207270634, 0.011012205194090127, 0.010979710410137926, 0.021098620065000788, 0.030249127246092824
2012-04-13, 0.1497875245619072, 0.5659388646288205, 0.14731537119596816, 0.37612722554787675, 0.035579072207270634, 0.011012205194090127, 0.010979710410137926, 0.021098620065000788, 0.030249127246092824
2012-04-13, 0.1497875245619072, 0.5659388646288205, 0.14731537119596816, 0.37612722554787675, 0.035579072207270634, 0.011012205194090127, 0.010979710410137926, 0.021098620065000788, 0.030249127246092824
2012-04-13, 0.1497875245619072, 0.5659388646288205, 0.14731537119596816, 0.37612722554787675, 0.035579072207270634, 0.011012205194090127, 0.010979710410137926, 0.021098620065000788, 0.030249127246092824
2012-04-13, 0.12489945713413264, 0.31441048034934477, 0.13180849001744516, 0.3946252858207233, 0.06294758928978662, 0.016518307791135174, 0.01372463801267241, 0.027492141296819216, 0.03766872449513447
2012-04-13, 0.12489945713413264, 0.31441048034934477, 0.13180849001744516, 0.3946252858207233, 0.06294758928978662, 0.016518307791135174, 0.01372463801267241, 0.027492141296819216, 0.03766872449513447
2012-04-13, 0.15578851405945676, 0.4401746724890829, 0.22484977708858306, 0.3668781954114538, 0.12863203028782527, 0.013765256492612642, 0.010979710410137926, 0.02621343705045553, 0.034815033245503064
2012-04-13, 0.12489945713413264, 0.31441048034934477, 0.13180849001744516, 0.3946252858207233, 0.06294758928978662, 0.016518307791135174, 0.01372463801267241, 0.027492141296819216, 0.03766872449513447
2012-03-14, 0.1624346988848761, 0.48209606986899556, 0.1550688117852298, 0.23430876345605472, 0.3311590566984448, 0.016518307791135174, 0.015097101813939653, 0.02813149342000106, 0.03709798624520819
2012-03-14, 0.15469467045897356, 0.5868995633187774, 0.0775344058926149, 0.4439534465483137, 0.057473885873284, 0.011012205194090127, 0.010979710410137926, 0.02173797218818263, 0.027966174246387702
2012-03-14, 0.15469467045897356, 0.5868995633187774, 0.0775344058926149, 0.4439534465483137, 0.057473885873284, 0.011012205194090127, 0.010979710410137926, 0.02173797218818263, 0.027966174246387702
2012-03-14, 0.15469467045897356, 0.5868995633187774, 0.0775344058926149, 0.4439534465483137, 0.057473885873284, 0.011012205194090127, 0.010979710410137926, 0.02173797218818263, 0.027966174246387702
2012-03-14, 0.15469467045897356, 0.5868995633187774, 0.0775344058926149, 0.4439534465483137, 0.057473885873284, 0.011012205194090127, 0.010979710410137926, 0.02173797218818263, 0.027966174246387702
2012-03-14, 0.15469467045897356, 0.5868995633187774, 0.0775344058926149, 0.4439534465483137, 0.057473885873284, 0.011012205194090127, 0.010979710410137926, 0.02173797218818263, 0.027966174246387702
2012-03-14, 0.15469467045897356, 0.5868995633187774, 0.0775344058926149, 0.4439534465483137, 0.057473885873284, 0.011012205194090127, 0.010979710410137926, 0.02173797218818263, 0.027966174246387702
2012-03-14, 0.15469467045897356, 0.5868995633187774, 0.0775344058926149, 0.4439534465483137, 0.057473885873284, 0.011012205194090127, 0.010979710410137926, 0.02173797218818263, 0.027966174246387702
2012-03-14, 0.15469467045897356, 0.5868995633187774, 0.0775344058926149, 0.4439534465483137, 0.057473885873284, 0.011012205194090127, 0.010979710410137926, 0.02173797218818263, 0.027966174246387702
2012-03-14, 0.15469467045897356, 0.5868995633187774, 0.0775344058926149, 0.4439534465483137, 0.057473885873284, 0.011012205194090127, 0.010979710410137926, 0.02173797218818263, 0.027966174246387702
2012-03-14, 0.15469467045897356, 0.5868995633187774, 0.0775344058926149, 0.4439534465483137, 0.057473885873284, 0.011012205194090127, 0.010979710410137926, 0.02173797218818263, 0.027966174246387702
2012-03-14, 0.1624346988848761, 0.48209606986899556, 0.1550688117852298, 0.23430876345605472, 0.3311590566984448, 0.016518307791135174, 0.015097101813939653, 0.02813149342000106, 0.03709798624520819
2012-03-14, 0.1624346988848761, 0.48209606986899556, 0.1550688117852298, 0.23430876345605472, 0.3311590566984448, 0.016518307791135174, 0.015097101813939653, 0.02813149342000106, 0.03709798624520819
2012-03-14, 0.16101641814279727, 0.5659388646288209, 0.08528784648187657, 0.4316214063664158, 0.12315832687132265, 0.011012205194090127, 0.008234782807603456, 0.027492141296819216, 0.03538577149542935
2012-03-14, 0.16448480659239603, 0.6707423580786027, 0.13956193060670682, 0.31755003468386334, 0.09852666149705823, 0.013765256492612642, 0.012352174211405168, 0.026852789173637374, 0.036527247995281904
2012-02-13, 0.15220363129324024, 0.46113537117903924, 0.20934289591006008, 0.3452971250931329, 0.13410573370432885, 0.008259153895567594, 0.006862319006336213, 0.022377324311364487, 0.030249127246092824
2012-02-13, 0.15220363129324024, 0.46113537117903924, 0.20934289591006008, 0.3452971250931329, 0.13410573370432885, 0.008259153895567594, 0.006862319006336213, 0.022377324311364487, 0.030249127246092824
2012-02-13, 0.15220363129324024, 0.46113537117903924, 0.20934289591006008, 0.3452971250931329, 0.13410573370432885, 0.008259153895567594, 0.006862319006336213, 0.022377324311364487, 0.030249127246092824
2012-02-13, 0.15220363129324024, 0.46113537117903924, 0.20934289591006008, 0.3452971250931329, 0.13410573370432885, 0.008259153895567594, 0.006862319006336213, 0.022377324311364487, 0.030249127246092824
2012-02-13, 0.15220363129324024, 0.46113537117903924, 0.20934289591006008, 0.3452971250931329, 0.13410573370432885, 0.008259153895567594, 0.006862319006336213, 0.022377324311364487, 0.030249127246092824
2012-02-13, 0.15220363129324024, 0.46113537117903924, 0.20934289591006008, 0.3452971250931329, 0.13410573370432885, 0.008259153895567594, 0.006862319006336213, 0.022377324311364487, 0.030249127246092824
2012-02-13, 0.15220363129324024, 0.46113537117903924, 0.20934289591006008, 0.3452971250931329, 0.13410573370432885, 0.008259153895567594, 0.006862319006336213, 0.022377324311364487, 0.030249127246092824
2012-02-13, 0.15220363129324024, 0.46113537117903924, 0.20934289591006008, 0.3452971250931329, 0.13410573370432885, 0.008259153895567594, 0.006862319006336213, 0.022377324311364487, 0.030249127246092824
2012-02-13, 0.15220363129324024, 0.46113537117903924, 0.20934289591006008, 0.3452971250931329, 0.13410573370432885, 0.008259153895567594, 0.006862319006336213, 0.022377324311364487, 0.030249127246092824
2012-02-13, 0.15220363129324024, 0.46113537117903924, 0.20934289591006008, 0.3452971250931329, 0.13410573370432885, 0.008259153895567594, 0.006862319006336213, 0.022377324311364487, 0.030249127246092824
2012-02-13, 0.15220363129324024, 0.46113537117903924, 0.20934289591006008, 0.3452971250931329, 0.13410573370432885, 0.008259153895567594, 0.006862319006336213, 0.022377324311364487, 0.030249127246092824
2012-02-13, 0.1299831634113216, 0.23056768558951984, 0.20934289591006008, 0.23430876345605472, 0.28189572594991547, 0.008259153895567594, 0.005489855205068971, 0.03004954978954659, 0.03995167749483958
2012-02-13, 0.1299831634113216, 0.23056768558951984, 0.20934289591006008, 0.23430876345605472, 0.28189572594991547, 0.008259153895567594, 0.005489855205068971, 0.03004954978954659, 0.03995167749483958
2012-02-13, 0.1299831634113216, 0.23056768558951984, 0.20934289591006008, 0.23430876345605472, 0.28189572594991547, 0.008259153895567594, 0.005489855205068971, 0.03004954978954659, 0.03995167749483958
2012-02-13, 0.1094121636087003, 0.2515283842794762, 0.18608257414227578, 0.28363692418364517, 0.07115814441454175, 0.013765256492612642, 0.00823478280760344, 0.02493473280409186, 0.035956509745355615
2012-01-14, 0.12787614413962395, 0.2724890829694321, 0.20934289591006008, 0.3483801351386072, 0.12042147516307063, 0.011012205194090111, 0.00823478280760344, 0.021737972188182644, 0.031390603745945385
2012-01-14, 0.14595033124702889, 0.48209606986899556, 0.20934289591006008, 0.314467024638389, 0.10947406833006443, 0.008259153895567594, 0.0068623190063361985, 0.01598380307954606, 0.021117315247272343
2012-01-14, 0.14595033124702889, 0.48209606986899556, 0.20934289591006008, 0.314467024638389, 0.10947406833006443, 0.008259153895567594, 0.0068623190063361985, 0.01598380307954606, 0.021117315247272343
2012-01-14, 0.14595033124702889, 0.48209606986899556, 0.20934289591006008, 0.314467024638389, 0.10947406833006443, 0.008259153895567594, 0.0068623190063361985, 0.01598380307954606, 0.021117315247272343
2012-01-14, 0.14595033124702889, 0.48209606986899556, 0.20934289591006008, 0.314467024638389, 0.10947406833006443, 0.008259153895567594, 0.0068623190063361985, 0.01598380307954606, 0.021117315247272343
2012-01-14, 0.14595033124702889, 0.48209606986899556, 0.20934289591006008, 0.314467024638389, 0.10947406833006443, 0.008259153895567594, 0.0068623190063361985, 0.01598380307954606, 0.021117315247272343
2012-01-14, 0.14595033124702889, 0.48209606986899556, 0.20934289591006008, 0.314467024638389, 0.10947406833006443, 0.008259153895567594, 0.0068623190063361985, 0.01598380307954606, 0.021117315247272343
2012-01-14, 0.14595033124702889, 0.48209606986899556, 0.20934289591006008, 0.314467024638389, 0.10947406833006443, 0.008259153895567594, 0.0068623190063361985, 0.01598380307954606, 0.021117315247272343
2012-01-14, 0.14595033124702889, 0.48209606986899556, 0.20934289591006008, 0.314467024638389, 0.10947406833006443, 0.008259153895567594, 0.0068623190063361985, 0.01598380307954606, 0.021117315247272343
2012-01-14, 0.14595033124702889, 0.48209606986899556, 0.20934289591006008, 0.314467024638389, 0.10947406833006443, 0.008259153895567594, 0.0068623190063361985, 0.01598380307954606, 0.021117315247272343
2012-01-14, 0.14595033124702889, 0.48209606986899556, 0.20934289591006008, 0.314467024638389, 0.10947406833006443, 0.008259153895567594, 0.0068623190063361985, 0.01598380307954606, 0.021117315247272343
2012-01-14, 0.10828689744637347, 0.1886462882096067, 0.271370420624152, 0.20347866300131032, 0.12863203028782527, 0.016518307791135174, 0.012352174211405168, 0.017901859449091586, 0.027395435996461423
2012-01-14, 0.10828689744637347, 0.1886462882096067, 0.271370420624152, 0.20347866300131032, 0.12863203028782527, 0.016518307791135174, 0.012352174211405168, 0.017901859449091586, 0.027395435996461423
2012-01-14, 0.1479883128964289, 0.2934497816593884, 0.23260321767784473, 0.26822187395627295, 0.3229485015736897, 0.013765256492612642, 0.009607246608870683, 0.015344450956364216, 0.027966174246387702
2012-01-14, 0.10828689744637347, 0.1886462882096067, 0.271370420624152, 0.20347866300131032, 0.12863203028782527, 0.016518307791135174, 0.012352174211405168, 0.017901859449091586, 0.027395435996461423
2011-12-15, 0.15111390697757665, 0.27248908296943253, 0.31013762357045926, 0.24355779359247717, 0.3010536879076768, 0.011012205194090111, 0.010979710410137941, 0.02429538068091, 0.03538577149542935
2011-12-15, 0.16888364278190598, 0.5240174672489083, 0.2403566582671057, 0.4470364565937875, 0.09031610637230308, 0.005506102597045063, 0.012352174211405184, 0.011508338217273158, 0.019975838747419792
2011-12-15, 0.16888364278190598, 0.5240174672489083, 0.2403566582671057, 0.4470364565937875, 0.09031610637230308, 0.005506102597045063, 0.012352174211405184, 0.011508338217273158, 0.019975838747419792
2011-12-15, 0.16888364278190598, 0.5240174672489083, 0.2403566582671057, 0.4470364565937875, 0.09031610637230308, 0.005506102597045063, 0.012352174211405184, 0.011508338217273158, 0.019975838747419792
2011-12-15, 0.16888364278190598, 0.5240174672489083, 0.2403566582671057, 0.4470364565937875, 0.09031610637230308, 0.005506102597045063, 0.012352174211405184, 0.011508338217273158, 0.019975838747419792
2011-12-15, 0.16888364278190598, 0.5240174672489083, 0.2403566582671057, 0.4470364565937875, 0.09031610637230308, 0.005506102597045063, 0.012352174211405184, 0.011508338217273158, 0.019975838747419792
2011-12-15, 0.16888364278190598, 0.5240174672489083, 0.2403566582671057, 0.4470364565937875, 0.09031610637230308, 0.005506102597045063, 0.012352174211405184, 0.011508338217273158, 0.019975838747419792
2011-12-15, 0.16888364278190598, 0.5240174672489083, 0.2403566582671057, 0.4470364565937875, 0.09031610637230308, 0.005506102597045063, 0.012352174211405184, 0.011508338217273158, 0.019975838747419792
2011-12-15, 0.16888364278190598, 0.5240174672489083, 0.2403566582671057, 0.4470364565937875, 0.09031610637230308, 0.005506102597045063, 0.012352174211405184, 0.011508338217273158, 0.019975838747419792
2011-12-15, 0.16888364278190598, 0.5240174672489083, 0.2403566582671057, 0.4470364565937875, 0.09031610637230308, 0.005506102597045063, 0.012352174211405184, 0.011508338217273158, 0.019975838747419792
2011-12-15, 0.16888364278190598, 0.5240174672489083, 0.2403566582671057, 0.4470364565937875, 0.09031610637230308, 0.005506102597045063, 0.012352174211405184, 0.011508338217273158, 0.019975838747419792
2011-12-15, 0.15111390697757665, 0.27248908296943253, 0.31013762357045926, 0.24355779359247717, 0.3010536879076768, 0.011012205194090111, 0.010979710410137941, 0.02429538068091, 0.03538577149542935
2011-12-15, 0.15111390697757665, 0.27248908296943253, 0.31013762357045926, 0.24355779359247717, 0.3010536879076768, 0.011012205194090111, 0.010979710410137941, 0.02429538068091, 0.03538577149542935
2011-12-15, 0.14281903616486952, 0.35633187772925795, 0.3178910641597206, 0.2281427433651055, 0.17242165761985104, 0.005506102597045063, 0.010979710410137941, 0.020459267941818945, 0.030819865496019103
2011-12-15, 0.1692015089494365, 0.46113537117903924, 0.2946307423919363, 0.332965084911235, 0.20252702641061907, 0.005506102597045063, 0.010979710410137941, 0.017901859449091572, 0.027966174246387702
2011-11-15, 0.18135513443382853, 0.6078602620087337, 0.24035665826710603, 0.24355779359247717, 0.2928431327829217, 0.00825915389556758, 0.009607246608870698, 0.019819915818637103, 0.028536912496313984
2011-11-15, 0.21035686180934887, 0.775545851528384, 0.21709633649932172, 0.4994476273668522, 0.1313688819960773, 0.00825915389556758, 0.009607246608870698, 0.014705098833182372, 0.026824697746535144
2011-11-15, 0.21035686180934887, 0.775545851528384, 0.21709633649932172, 0.4994476273668522, 0.1313688819960773, 0.00825915389556758, 0.009607246608870698, 0.014705098833182372, 0.026824697746535144
2011-11-15, 0.21035686180934887, 0.775545851528384, 0.21709633649932172, 0.4994476273668522, 0.1313688819960773, 0.00825915389556758, 0.009607246608870698, 0.014705098833182372, 0.026824697746535144
2011-11-15, 0.21035686180934887, 0.775545851528384, 0.21709633649932172, 0.4994476273668522, 0.1313688819960773, 0.00825915389556758, 0.009607246608870698, 0.014705098833182372, 0.026824697746535144
2011-11-15, 0.21035686180934887, 0.775545851528384, 0.21709633649932172, 0.4994476273668522, 0.1313688819960773, 0.00825915389556758, 0.009607246608870698, 0.014705098833182372, 0.026824697746535144
2011-11-15, 0.21035686180934887, 0.775545851528384, 0.21709633649932172, 0.4994476273668522, 0.1313688819960773, 0.00825915389556758, 0.009607246608870698, 0.014705098833182372, 0.026824697746535144
2011-11-15, 0.21035686180934887, 0.775545851528384, 0.21709633649932172, 0.4994476273668522, 0.1313688819960773, 0.00825915389556758, 0.009607246608870698, 0.014705098833182372, 0.026824697746535144
2011-11-15, 0.21035686180934887, 0.775545851528384, 0.21709633649932172, 0.4994476273668522, 0.1313688819960773, 0.00825915389556758, 0.009607246608870698, 0.014705098833182372, 0.026824697746535144
2011-11-15, 0.21035686180934887, 0.775545851528384, 0.21709633649932172, 0.4994476273668522, 0.1313688819960773, 0.00825915389556758, 0.009607246608870698, 0.014705098833182372, 0.026824697746535144
2011-11-15, 0.21035686180934887, 0.775545851528384, 0.21709633649932172, 0.4994476273668522, 0.1313688819960773, 0.00825915389556758, 0.009607246608870698, 0.014705098833182372, 0.026824697746535144
2011-11-15, 0.18076641971709542, 0.62882096069869, 0.2636169800348903, 0.3144670246383885, 0.16421110249509638, 0.00825915389556758, 0.010979710410137941, 0.019819915818637103, 0.03595650974535563
2011-11-15, 0.18076641971709542, 0.62882096069869, 0.2636169800348903, 0.3144670246383885, 0.16421110249509638, 0.00825915389556758, 0.010979710410137941, 0.019819915818637103, 0.03595650974535563
2011-11-15, 0.2059854291594945, 0.8174672489082967, 0.22484977708858306, 0.37921023559335054, 0.15600054737034125, 0.00825915389556758, 0.009607246608870698, 0.021098620065000788, 0.031390603745945385
2011-11-15, 0.1928022890698018, 0.6707423580786023, 0.22484977708858306, 0.23122575341057985, 0.3448433152397026, 0.011012205194090111, 0.009607246608870698, 0.020459267941818945, 0.029678388996166545
2011-10-16, 0.16120020783810768, 0.6078602620087337, 0.18608257414227544, 0.4254553862754672, 0.0027368517082515496, 0.011012205194090111, 0.008234782807603456, 0.018541211572273415, 0.02967838899616653
2011-10-16, 0.19560910954235686, 0.7965065502183404, 0.03876720294630728, 0.5302777278215967, 0.13410573370432885, 0.00825915389556758, 0.008234782807603456, 0.017901859449091572, 0.030819865496019092
2011-10-16, 0.19560910954235686, 0.7965065502183404, 0.03876720294630728, 0.5302777278215967, 0.13410573370432885, 0.00825915389556758, 0.008234782807603456, 0.017901859449091572, 0.030819865496019092
2011-10-16, 0.19560910954235686, 0.7965065502183404, 0.03876720294630728, 0.5302777278215967, 0.13410573370432885, 0.00825915389556758, 0.008234782807603456, 0.017901859449091572, 0.030819865496019092
2011-10-16, 0.19560910954235686, 0.7965065502183404, 0.03876720294630728, 0.5302777278215967, 0.13410573370432885, 0.00825915389556758, 0.008234782807603456, 0.017901859449091572, 0.030819865496019092
2011-10-16, 0.19560910954235686, 0.7965065502183404, 0.03876720294630728, 0.5302777278215967, 0.13410573370432885, 0.00825915389556758, 0.008234782807603456, 0.017901859449091572, 0.030819865496019092
2011-10-16, 0.19560910954235686, 0.7965065502183404, 0.03876720294630728, 0.5302777278215967, 0.13410573370432885, 0.00825915389556758, 0.008234782807603456, 0.017901859449091572, 0.030819865496019092
2011-10-16, 0.19560910954235686, 0.7965065502183404, 0.03876720294630728, 0.5302777278215967, 0.13410573370432885, 0.00825915389556758, 0.008234782807603456, 0.017901859449091572, 0.030819865496019092
2011-10-16, 0.19560910954235686, 0.7965065502183404, 0.03876720294630728, 0.5302777278215967, 0.13410573370432885, 0.00825915389556758, 0.008234782807603456, 0.017901859449091572, 0.030819865496019092
2011-10-16, 0.19560910954235686, 0.7965065502183404, 0.03876720294630728, 0.5302777278215967, 0.13410573370432885, 0.00825915389556758, 0.008234782807603456, 0.017901859449091572, 0.030819865496019092
2011-10-16, 0.19560910954235686, 0.7965065502183404, 0.03876720294630728, 0.5302777278215967, 0.13410573370432885, 0.00825915389556758, 0.008234782807603456, 0.017901859449091572, 0.030819865496019092
2011-10-16, 0.16120020783810768, 0.6078602620087337, 0.18608257414227544, 0.4254553862754672, 0.0027368517082515496, 0.011012205194090111, 0.008234782807603456, 0.018541211572273415, 0.02967838899616653
2011-10-16, 0.16120020783810768, 0.6078602620087337, 0.18608257414227544, 0.4254553862754672, 0.0027368517082515496, 0.011012205194090111, 0.008234782807603456, 0.018541211572273415, 0.02967838899616653
2011-10-16, 0.17879637056377745, 0.62882096069869, 0.13180849001744516, 0.5117796675487502, 0.07663184783104485, 0.011012205194090111, 0.010979710410137926, 0.021098620065000788, 0.03823946274506074
2011-10-16, 0.14478676839774982, 0.5659388646288209, 0.1395619306067065, 0.3144670246383885, 0.0684212927062902, 0.013765256492612642, 0.010979710410137926, 0.016623155202727887, 0.028536912496313984
2011-09-16, 0.18134819020236545, 0.6078602620087334, 0.03876720294630728, 0.5919379287310844, 0.14505314053733506, 0.011012205194090111, 0.0068623190063361985, 0.017901859449091586, 0.031390603745945385
2011-09-16, 0.23802000054609923, 0.6707423580786025, 0.0, 0.8139146520052413, 0.36673812890571544, 0.008259153895567594, 0.004117391403801728, 0.014705098833182387, 0.025683221246682594
2011-09-16, 0.23802000054609923, 0.6707423580786025, 0.0, 0.8139146520052413, 0.36673812890571544, 0.008259153895567594, 0.004117391403801728, 0.014705098833182387, 0.025683221246682594
2011-09-16, 0.23802000054609923, 0.6707423580786025, 0.0, 0.8139146520052413, 0.36673812890571544, 0.008259153895567594, 0.004117391403801728, 0.014705098833182387, 0.025683221246682594
2011-09-16, 0.23802000054609923, 0.6707423580786025, 0.0, 0.8139146520052413, 0.36673812890571544, 0.008259153895567594, 0.004117391403801728, 0.014705098833182387, 0.025683221246682594
2011-09-16, 0.23802000054609923, 0.6707423580786025, 0.0, 0.8139146520052413, 0.36673812890571544, 0.008259153895567594, 0.004117391403801728, 0.014705098833182387, 0.025683221246682594
2011-09-16, 0.23802000054609923, 0.6707423580786025, 0.0, 0.8139146520052413, 0.36673812890571544, 0.008259153895567594, 0.004117391403801728, 0.014705098833182387, 0.025683221246682594
2011-09-16, 0.23802000054609923, 0.6707423580786025, 0.0, 0.8139146520052413, 0.36673812890571544, 0.008259153895567594, 0.004117391403801728, 0.014705098833182387, 0.025683221246682594
2011-09-16, 0.23802000054609923, 0.6707423580786025, 0.0, 0.8139146520052413, 0.36673812890571544, 0.008259153895567594, 0.004117391403801728, 0.014705098833182387, 0.025683221246682594
2011-09-16, 0.23802000054609923, 0.6707423580786025, 0.0, 0.8139146520052413, 0.36673812890571544, 0.008259153895567594, 0.004117391403801728, 0.014705098833182387, 0.025683221246682594
2011-09-16, 0.23802000054609923, 0.6707423580786025, 0.0, 0.8139146520052413, 0.36673812890571544, 0.008259153895567594, 0.004117391403801728, 0.014705098833182387, 0.025683221246682594
2011-09-16, 0.1412568446275468, 0.4820960698689958, 0.023260321767784645, 0.49636461732137843, 0.06294758928978662, 0.011012205194090111, 0.0068623190063361985, 0.017262507325909743, 0.030249127246092824
2011-09-16, 0.1412568446275468, 0.4820960698689958, 0.023260321767784645, 0.49636461732137843, 0.06294758928978662, 0.011012205194090111, 0.0068623190063361985, 0.017262507325909743, 0.030249127246092824
2011-09-16, 0.17249188497486698, 0.5868995633187771, 0.031013762357045963, 0.6412660894586751, 0.05473703416503197, 0.013765256492612642, 0.00823478280760344, 0.0166231552027279, 0.027395435996461423
2011-09-16, 0.1975607582986952, 0.6288209606986898, 0.10079472766039921, 0.6166020090948796, 0.16421110249509638, 0.013765256492612642, 0.0068623190063361985, 0.019180563695455274, 0.030249127246092824
2011-08-17, 0.16162229981262913, 0.4192139737991267, 0.046520643535568944, 0.7306733807774326, 0.024631665374264432, 0.011012205194090111, 0.0068623190063361985, 0.019819915818637117, 0.03424429499557678
2011-08-17, 0.23891616285867612, 0.6078602620087334, 0.10854816824966086, 0.8786578629602037, 0.26547461570040615, 0.005506102597045048, 0.004117391403801728, 0.0166231552027279, 0.024541744746830036
2011-08-17, 0.23891616285867612, 0.6078602620087334, 0.10854816824966086, 0.8786578629602037, 0.26547461570040615, 0.005506102597045048, 0.004117391403801728, 0.0166231552027279, 0.024541744746830036
2011-08-17, 0.23891616285867612, 0.6078602620087334, 0.10854816824966086, 0.8786578629602037, 0.26547461570040615, 0.005506102597045048, 0.004117391403801728, 0.0166231552027279, 0.024541744746830036
2011-08-17, 0.23891616285867612, 0.6078602620087334, 0.10854816824966086, 0.8786578629602037, 0.26547461570040615, 0.005506102597045048, 0.004117391403801728, 0.0166231552027279, 0.024541744746830036
2011-08-17, 0.23891616285867612, 0.6078602620087334, 0.10854816824966086, 0.8786578629602037, 0.26547461570040615, 0.005506102597045048, 0.004117391403801728, 0.0166231552027279, 0.024541744746830036
2011-08-17, 0.23891616285867612, 0.6078602620087334, 0.10854816824966086, 0.8786578629602037, 0.26547461570040615, 0.005506102597045048, 0.004117391403801728, 0.0166231552027279, 0.024541744746830036
2011-08-17, 0.23891616285867612, 0.6078602620087334, 0.10854816824966086, 0.8786578629602037, 0.26547461570040615, 0.005506102597045048, 0.004117391403801728, 0.0166231552027279, 0.024541744746830036
2011-08-17, 0.23891616285867612, 0.6078602620087334, 0.10854816824966086, 0.8786578629602037, 0.26547461570040615, 0.005506102597045048, 0.004117391403801728, 0.0166231552027279, 0.024541744746830036
2011-08-17, 0.23891616285867612, 0.6078602620087334, 0.10854816824966086, 0.8786578629602037, 0.26547461570040615, 0.005506102597045048, 0.004117391403801728, 0.0166231552027279, 0.024541744746830036
2011-08-17, 0.23891616285867612, 0.6078602620087334, 0.10854816824966086, 0.8786578629602037, 0.26547461570040615, 0.005506102597045048, 0.004117391403801728, 0.0166231552027279, 0.024541744746830036
2011-08-17, 0.16162229981262913, 0.4192139737991267, 0.046520643535568944, 0.7306733807774326, 0.024631665374264432, 0.011012205194090111, 0.0068623190063361985, 0.019819915818637117, 0.03424429499557678
2011-08-17, 0.16162229981262913, 0.4192139737991267, 0.046520643535568944, 0.7306733807774326, 0.024631665374264432, 0.011012205194090111, 0.0068623190063361985, 0.019819915818637117, 0.03424429499557678
2011-08-17, 0.1802350832618514, 0.4401746724890831, 0.062027524714091925, 0.6597641497315213, 0.20800072982712217, 0.011012205194090111, 0.005489855205068956, 0.021737972188182644, 0.03367355674565051
2011-08-17, 0.19031626277106575, 0.5240174672489085, 0.0, 0.7245073606864837, 0.2162112849518768, 0.013765256492612642, 0.005489855205068956, 0.0134263945868187, 0.025112482996756315
2011-07-18, 0.08605076262116199, 0.10480349344978175, 0.16282225237449113, 0.15106749222824556, 0.2353692469096384, 0.013765256492612642, 0.004117391403801713, 0.0044754648622729, 0.011985503248451872
2011-07-18, 0.05539865776412229, 0.18864628820960713, 0.20158945532079842, 0.006166020090948665, 0.024631665374264432, 0.011012205194090111, 0.0013724638012672275, 0.0006393521231818429, 0.009131811998820471
2011-07-18, 0.05539865776412229, 0.18864628820960713, 0.20158945532079842, 0.006166020090948665, 0.024631665374264432, 0.011012205194090111, 0.0013724638012672275, 0.0006393521231818429, 0.009131811998820471
2011-07-18, 0.05539865776412229, 0.18864628820960713, 0.20158945532079842, 0.006166020090948665, 0.024631665374264432, 0.011012205194090111, 0.0013724638012672275, 0.0006393521231818429, 0.009131811998820471
2011-07-18, 0.05539865776412229, 0.18864628820960713, 0.20158945532079842, 0.006166020090948665, 0.024631665374264432, 0.011012205194090111, 0.0013724638012672275, 0.0006393521231818429, 0.009131811998820471
2011-07-18, 0.05539865776412229, 0.18864628820960713, 0.20158945532079842, 0.006166020090948665, 0.024631665374264432, 0.011012205194090111, 0.0013724638012672275, 0.0006393521231818429, 0.009131811998820471
2011-07-18, 0.05539865776412229, 0.18864628820960713, 0.20158945532079842, 0.006166020090948665, 0.024631665374264432, 0.011012205194090111, 0.0013724638012672275, 0.0006393521231818429, 0.009131811998820471
2011-07-18, 0.05539865776412229, 0.18864628820960713, 0.20158945532079842, 0.006166020090948665, 0.024631665374264432, 0.011012205194090111, 0.0013724638012672275, 0.0006393521231818429, 0.009131811998820471
2011-07-18, 0.05539865776412229, 0.18864628820960713, 0.20158945532079842, 0.006166020090948665, 0.024631665374264432, 0.011012205194090111, 0.0013724638012672275, 0.0006393521231818429, 0.009131811998820471
2011-07-18, 0.05539865776412229, 0.18864628820960713, 0.20158945532079842, 0.006166020090948665, 0.024631665374264432, 0.011012205194090111, 0.0013724638012672275, 0.0006393521231818429, 0.009131811998820471
2011-07-18, 0.05539865776412229, 0.18864628820960713, 0.20158945532079842, 0.006166020090948665, 0.024631665374264432, 0.011012205194090111, 0.0013724638012672275, 0.0006393521231818429, 0.009131811998820471
2011-07-18, 0.08605076262116199, 0.10480349344978175, 0.16282225237449113, 0.15106749222824556, 0.2353692469096384, 0.013765256492612642, 0.004117391403801713, 0.0044754648622729, 0.011985503248451872
2011-07-18, 0.08605076262116199, 0.10480349344978175, 0.16282225237449113, 0.15106749222824556, 0.2353692469096384, 0.013765256492612642, 0.004117391403801713, 0.0044754648622729, 0.011985503248451872
2011-07-18, 0.07971231936181535, 0.1676855895196508, 0.1395619306067065, 0.10482234154612949, 0.20252702641061907, 0.00825915389556758, 0.0013724638012672275, 0.0031967606159092146, 0.01027328849867303
2011-07-18, 0.08662028637738048, 0.18864628820960713, 0.1783291335530141, 0.1171543817280271, 0.18610591616110952, 0.011012205194090111, 0.0013724638012672275, 0.0006393521231818429, 0.00970255024874675
2011-06-18, 0.07903663588607326, 0.2934497816593887, 0.09304128707113789, 0.1171543817280271, 0.09578980978880643, 0.00825915389556758, 0.005489855205068971, 0.0025574084927273717, 0.016551409247862112
2011-06-18, 0.07903663588607326, 0.2934497816593887, 0.09304128707113789, 0.1171543817280271, 0.09578980978880643, 0.00825915389556758, 0.005489855205068971, 0.0025574084927273717, 0.016551409247862112
2011-06-18, 0.07903663588607326, 0.2934497816593887, 0.09304128707113789, 0.1171543817280271, 0.09578980978880643, 0.00825915389556758, 0.005489855205068971, 0.0025574084927273717, 0.016551409247862112
2011-06-18, 0.07903663588607326, 0.2934497816593887, 0.09304128707113789, 0.1171543817280271, 0.09578980978880643, 0.00825915389556758, 0.005489855205068971, 0.0025574084927273717, 0.016551409247862112
2011-06-18, 0.07903663588607326, 0.2934497816593887, 0.09304128707113789, 0.1171543817280271, 0.09578980978880643, 0.00825915389556758, 0.005489855205068971, 0.0025574084927273717, 0.016551409247862112
2011-06-18, 0.07903663588607326, 0.2934497816593887, 0.09304128707113789, 0.1171543817280271, 0.09578980978880643, 0.00825915389556758, 0.005489855205068971, 0.0025574084927273717, 0.016551409247862112
2011-06-18, 0.07903663588607326, 0.2934497816593887, 0.09304128707113789, 0.1171543817280271, 0.09578980978880643, 0.00825915389556758, 0.005489855205068971, 0.0025574084927273717, 0.016551409247862112
2011-06-18, 0.07903663588607326, 0.2934497816593887, 0.09304128707113789, 0.1171543817280271, 0.09578980978880643, 0.00825915389556758, 0.005489855205068971, 0.0025574084927273717, 0.016551409247862112
2011-06-18, 0.07903663588607326, 0.2934497816593887, 0.09304128707113789, 0.1171543817280271, 0.09578980978880643, 0.00825915389556758, 0.005489855205068971, 0.0025574084927273717, 0.016551409247862112
2011-06-18, 0.07903663588607326, 0.2934497816593887, 0.09304128707113789, 0.1171543817280271, 0.09578980978880643, 0.00825915389556758, 0.005489855205068971, 0.0025574084927273717, 0.016551409247862112
2011-06-18, 0.07903663588607326, 0.2934497816593887, 0.09304128707113789, 0.1171543817280271, 0.09578980978880643, 0.00825915389556758, 0.005489855205068971, 0.0025574084927273717, 0.016551409247862112
2011-06-18, 0.09631219488439183, 0.23056768558951962, 0.13180849001744516, 0.06782622100043668, 0.2928431327829221, 0.016518307791135174, 0.010979710410137926, 0.005114816985454743, 0.014839194498083273
2011-06-18, 0.09631219488439183, 0.23056768558951962, 0.13180849001744516, 0.06782622100043668, 0.2928431327829221, 0.016518307791135174, 0.010979710410137926, 0.005114816985454743, 0.014839194498083273
2011-06-18, 0.09631219488439183, 0.23056768558951962, 0.13180849001744516, 0.06782622100043668, 0.2928431327829221, 0.016518307791135174, 0.010979710410137926, 0.005114816985454743, 0.014839194498083273
2011-06-18, 0.07398141669728078, 0.25152838427947594, 0.1550688117852298, 0.14490147213729662, 0.0027368517082515496, 0.013765256492612642, 0.00823478280760344, 0.0019180563695455287, 0.013697717998230712
2011-05-19, 0.08263819502026903, 0.33537117903930136, 0.03101376235704562, 0.1664825424556175, 0.09852666149705798, 0.005506102597045063, 0.0027449276025344853, 0.0031967606159092146, 0.018263623997640952
2011-05-19, 0.10235655413104756, 0.37729257641921404, 0.054274084124830264, 0.23430876345605445, 0.12589517857957397, 0.008259153895567594, 0.005489855205068971, 0.0019180563695455287, 0.011414764998525591
2011-05-19, 0.10235655413104756, 0.37729257641921404, 0.054274084124830264, 0.23430876345605445, 0.12589517857957397, 0.008259153895567594, 0.005489855205068971, 0.0019180563695455287, 0.011414764998525591
2011-05-19, 0.10235655413104756, 0.37729257641921404, 0.054274084124830264, 0.23430876345605445, 0.12589517857957397, 0.008259153895567594, 0.005489855205068971, 0.0019180563695455287, 0.011414764998525591
2011-05-19, 0.10235655413104756, 0.37729257641921404, 0.054274084124830264, 0.23430876345605445, 0.12589517857957397, 0.008259153895567594, 0.005489855205068971, 0.0019180563695455287, 0.011414764998525591
2011-05-19, 0.10235655413104756, 0.37729257641921404, 0.054274084124830264, 0.23430876345605445, 0.12589517857957397, 0.008259153895567594, 0.005489855205068971, 0.0019180563695455287, 0.011414764998525591
2011-05-19, 0.10235655413104756, 0.37729257641921404, 0.054274084124830264, 0.23430876345605445, 0.12589517857957397, 0.008259153895567594, 0.005489855205068971, 0.0019180563695455287, 0.011414764998525591
2011-05-19, 0.10235655413104756, 0.37729257641921404, 0.054274084124830264, 0.23430876345605445, 0.12589517857957397, 0.008259153895567594, 0.005489855205068971, 0.0019180563695455287, 0.011414764998525591
2011-05-19, 0.10235655413104756, 0.37729257641921404, 0.054274084124830264, 0.23430876345605445, 0.12589517857957397, 0.008259153895567594, 0.005489855205068971, 0.0019180563695455287, 0.011414764998525591
2011-05-19, 0.10235655413104756, 0.37729257641921404, 0.054274084124830264, 0.23430876345605445, 0.12589517857957397, 0.008259153895567594, 0.005489855205068971, 0.0019180563695455287, 0.011414764998525591
2011-05-19, 0.10235655413104756, 0.37729257641921404, 0.054274084124830264, 0.23430876345605445, 0.12589517857957397, 0.008259153895567594, 0.005489855205068971, 0.0019180563695455287, 0.011414764998525591
2011-05-19, 0.04684472421357672, 0.10480349344978175, 0.062027524714091925, 0.015415050227371935, 0.15326369566208994, 0.008259153895567594, 0.004117391403801728, 0.005754169108636572, 0.021117315247272343
2011-05-19, 0.04684472421357672, 0.10480349344978175, 0.062027524714091925, 0.015415050227371935, 0.15326369566208994, 0.008259153895567594, 0.004117391403801728, 0.005754169108636572, 0.021117315247272343
2011-05-19, 0.05951438201088363, 0.16768558951965057, 0.06978096530335359, 0.07090923104591129, 0.12863203028782552, 0.011012205194090127, 0.0068623190063361985, 0.006393521231818415, 0.014839194498083273
2011-05-19, 0.056302070623763224, 0.1886462882096069, 0.054274084124830604, 0.03699612054569281, 0.1341057337043286, 0.008259153895567594, 0.004117391403801728, 0.005754169108636572, 0.018263623997640952
2011-04-19, 0.10027678008471048, 0.3772925764192138, 0.054274084124830604, 0.08940729131875755, 0.2381060986178897, 0.011012205194090111, 0.010979710410137926, 0.010868986094091315, 0.01027328849867303
2011-04-19, 0.14015277503374038, 0.6078602620087337, 0.10854816824966053, 0.3083010045474398, 0.0684212927062902, 0.0027530512985225316, 0.009607246608870683, 0.008311577601363944, 0.007419597249041629
2011-04-19, 0.14015277503374038, 0.6078602620087337, 0.10854816824966053, 0.3083010045474398, 0.0684212927062902, 0.0027530512985225316, 0.009607246608870683, 0.008311577601363944, 0.007419597249041629
2011-04-19, 0.14015277503374038, 0.6078602620087337, 0.10854816824966053, 0.3083010045474398, 0.0684212927062902, 0.0027530512985225316, 0.009607246608870683, 0.008311577601363944, 0.007419597249041629
2011-04-19, 0.14015277503374038, 0.6078602620087337, 0.10854816824966053, 0.3083010045474398, 0.0684212927062902, 0.0027530512985225316, 0.009607246608870683, 0.008311577601363944, 0.007419597249041629
2011-04-19, 0.14015277503374038, 0.6078602620087337, 0.10854816824966053, 0.3083010045474398, 0.0684212927062902, 0.0027530512985225316, 0.009607246608870683, 0.008311577601363944, 0.007419597249041629
2011-04-19, 0.14015277503374038, 0.6078602620087337, 0.10854816824966053, 0.3083010045474398, 0.0684212927062902, 0.0027530512985225316, 0.009607246608870683, 0.008311577601363944, 0.007419597249041629
2011-04-19, 0.14015277503374038, 0.6078602620087337, 0.10854816824966053, 0.3083010045474398, 0.0684212927062902, 0.0027530512985225316, 0.009607246608870683, 0.008311577601363944, 0.007419597249041629
2011-04-19, 0.14015277503374038, 0.6078602620087337, 0.10854816824966053, 0.3083010045474398, 0.0684212927062902, 0.0027530512985225316, 0.009607246608870683, 0.008311577601363944, 0.007419597249041629
2011-04-19, 0.14015277503374038, 0.6078602620087337, 0.10854816824966053, 0.3083010045474398, 0.0684212927062902, 0.0027530512985225316, 0.009607246608870683, 0.008311577601363944, 0.007419597249041629
2011-04-19, 0.14015277503374038, 0.6078602620087337, 0.10854816824966053, 0.3083010045474398, 0.0684212927062902, 0.0027530512985225316, 0.009607246608870683, 0.008311577601363944, 0.007419597249041629
2011-04-19, 0.10027678008471048, 0.3772925764192138, 0.054274084124830604, 0.08940729131875755, 0.2381060986178897, 0.011012205194090111, 0.010979710410137926, 0.010868986094091315, 0.01027328849867303
2011-04-19, 0.10027678008471048, 0.3772925764192138, 0.054274084124830604, 0.08940729131875755, 0.2381060986178897, 0.011012205194090111, 0.010979710410137926, 0.010868986094091315, 0.01027328849867303
2011-04-19, 0.10136653389784057, 0.35633187772925745, 0.031013762357045963, 0.033913110500218474, 0.34758016694795413, 0.008259153895567594, 0.010979710410137926, 0.010868986094091315, 0.011985503248451872
2011-04-19, 0.11087040782213109, 0.48209606986899556, 0.031013762357045963, 0.00924903013642327, 0.3311590566984443, 0.008259153895567594, 0.01372463801267241, 0.005754169108636572, 0.005707382499262789
2011-03-20, 0.08348012732424423, 0.31441048034934477, 0.062027524714091925, 0.1171543817280271, 0.13957943712083196, 0.0027530512985225316, 0.010979710410137941, 0.008950929724545786, 0.011985503248451872
2011-03-20, 0.11288312236095296, 0.5868995633187774, 0.062027524714091925, 0.19731264291036138, 0.035579072207270634, 0.0, 0.006862319006336213, 0.006393521231818415, 0.00799033549896791
2011-03-20, 0.11288312236095296, 0.5868995633187774, 0.062027524714091925, 0.19731264291036138, 0.035579072207270634, 0.0, 0.006862319006336213, 0.006393521231818415, 0.00799033549896791
2011-03-20, 0.11288312236095296, 0.5868995633187774, 0.062027524714091925, 0.19731264291036138, 0.035579072207270634, 0.0, 0.006862319006336213, 0.006393521231818415, 0.00799033549896791
2011-03-20, 0.11288312236095296, 0.5868995633187774, 0.062027524714091925, 0.19731264291036138, 0.035579072207270634, 0.0, 0.006862319006336213, 0.006393521231818415, 0.00799033549896791
2011-03-20, 0.11288312236095296, 0.5868995633187774, 0.062027524714091925, 0.19731264291036138, 0.035579072207270634, 0.0, 0.006862319006336213, 0.006393521231818415, 0.00799033549896791
2011-03-20, 0.11288312236095296, 0.5868995633187774, 0.062027524714091925, 0.19731264291036138, 0.035579072207270634, 0.0, 0.006862319006336213, 0.006393521231818415, 0.00799033549896791
2011-03-20, 0.11288312236095296, 0.5868995633187774, 0.062027524714091925, 0.19731264291036138, 0.035579072207270634, 0.0, 0.006862319006336213, 0.006393521231818415, 0.00799033549896791
2011-03-20, 0.11288312236095296, 0.5868995633187774, 0.062027524714091925, 0.19731264291036138, 0.035579072207270634, 0.0, 0.006862319006336213, 0.006393521231818415, 0.00799033549896791
2011-03-20, 0.11288312236095296, 0.5868995633187774, 0.062027524714091925, 0.19731264291036138, 0.035579072207270634, 0.0, 0.006862319006336213, 0.006393521231818415, 0.00799033549896791
2011-03-20, 0.11288312236095296, 0.5868995633187774, 0.062027524714091925, 0.19731264291036138, 0.035579072207270634, 0.0, 0.006862319006336213, 0.006393521231818415, 0.00799033549896791
2011-03-20, 0.08348012732424423, 0.31441048034934477, 0.062027524714091925, 0.1171543817280271, 0.13957943712083196, 0.0027530512985225316, 0.010979710410137941, 0.008950929724545786, 0.011985503248451872
2011-03-20, 0.08348012732424423, 0.31441048034934477, 0.062027524714091925, 0.1171543817280271, 0.13957943712083196, 0.0027530512985225316, 0.010979710410137941, 0.008950929724545786, 0.011985503248451872
2011-03-20, 0.09534459078083468, 0.5030567685589519, 0.0, 0.08015826118233428, 0.14505314053733506, 0.0, 0.006862319006336213, 0.012787042463636844, 0.014839194498083273
2011-03-20, 0.09811124570930026, 0.48209606986899556, 0.0232603217677843, 0.10482234154612949, 0.1313688819960773, 0.0027530512985225316, 0.009607246608870698, 0.012147690340455, 0.01883436224756722
2011-02-18, 0.10193595016935318, 0.25152838427947594, 0.17057569296375244, 0.10173933150065516, 0.27642202253341236, 0.0027530512985225316, 0.0013724638012672426, 0.0076722254781821, 0.0034244294995576683
2011-02-18, 0.12210224739645831, 0.46113537117903947, 0.14731537119596816, 0.3052179945019652, 0.057473885873284, 0.0027530512985225316, 0.0, 0.0006393521231818429, 0.0022829529997051208
2011-02-18, 0.12210224739645831, 0.46113537117903947, 0.14731537119596816, 0.3052179945019652, 0.057473885873284, 0.0027530512985225316, 0.0, 0.0006393521231818429, 0.0022829529997051208
2011-02-18, 0.12210224739645831, 0.46113537117903947, 0.14731537119596816, 0.3052179945019652, 0.057473885873284, 0.0027530512985225316, 0.0, 0.0006393521231818429, 0.0022829529997051208
2011-02-18, 0.12210224739645831, 0.46113537117903947, 0.14731537119596816, 0.3052179945019652, 0.057473885873284, 0.0027530512985225316, 0.0, 0.0006393521231818429, 0.0022829529997051208
2011-02-18, 0.12210224739645831, 0.46113537117903947, 0.14731537119596816, 0.3052179945019652, 0.057473885873284, 0.0027530512985225316, 0.0, 0.0006393521231818429, 0.0022829529997051208
2011-02-18, 0.12210224739645831, 0.46113537117903947, 0.14731537119596816, 0.3052179945019652, 0.057473885873284, 0.0027530512985225316, 0.0, 0.0006393521231818429, 0.0022829529997051208
2011-02-18, 0.12210224739645831, 0.46113537117903947, 0.14731537119596816, 0.3052179945019652, 0.057473885873284, 0.0027530512985225316, 0.0, 0.0006393521231818429, 0.0022829529997051208
2011-02-18, 0.12210224739645831, 0.46113537117903947, 0.14731537119596816, 0.3052179945019652, 0.057473885873284, 0.0027530512985225316, 0.0, 0.0006393521231818429, 0.0022829529997051208
2011-02-18, 0.12210224739645831, 0.46113537117903947, 0.14731537119596816, 0.3052179945019652, 0.057473885873284, 0.0027530512985225316, 0.0, 0.0006393521231818429, 0.0022829529997051208
2011-02-18, 0.12210224739645831, 0.46113537117903947, 0.14731537119596816, 0.3052179945019652, 0.057473885873284, 0.0027530512985225316, 0.0, 0.0006393521231818429, 0.0022829529997051208
2011-02-18, 0.10193595016935318, 0.25152838427947594, 0.17057569296375244, 0.10173933150065516, 0.27642202253341236, 0.0027530512985225316, 0.0013724638012672426, 0.0076722254781821, 0.0034244294995576683
2011-02-18, 0.10193595016935318, 0.25152838427947594, 0.17057569296375244, 0.10173933150065516, 0.27642202253341236, 0.0027530512985225316, 0.0013724638012672426, 0.0076722254781821, 0.0034244294995576683
2011-02-18, 0.09297938317173808, 0.2934497816593887, 0.1395619306067065, 0.11407137168255249, 0.18610591616110927, 0.005506102597045063, 0.0013724638012672426, 0.0031967606159092146, 0.0005707382499262802
2011-02-18, 0.09647001089641989, 0.33537117903930136, 0.08528784648187622, 0.22197672327415657, 0.12042147516307063, 0.005506102597045063, 0.0, 0.0031967606159092146, 0.0
2011-01-19, 0.110633475840594, 0.37729257641921427, 0.22484977708858306, 0.04624515068211608, 0.2271586917848835, 0.0027530512985225165, 0.005489855205068971, 0.0012787042463636858, 0.0
2011-01-19, 0.11644844779164767, 0.4401746724890829, 0.1705756929637528, 0.1541505022737199, 0.1532636956620902, 0.0027530512985225165, 0.004117391403801728, 0.0025574084927273717, 0.003995167749483961
2011-01-19, 0.11644844779164767, 0.4401746724890829, 0.1705756929637528, 0.1541505022737199, 0.1532636956620902, 0.0027530512985225165, 0.004117391403801728, 0.0025574084927273717, 0.003995167749483961
2011-01-19, 0.11644844779164767, 0.4401746724890829, 0.1705756929637528, 0.1541505022737199, 0.1532636956620902, 0.0027530512985225165, 0.004117391403801728, 0.0025574084927273717, 0.003995167749483961
2011-01-19, 0.11644844779164767, 0.4401746724890829, 0.1705756929637528, 0.1541505022737199, 0.1532636956620902, 0.0027530512985225165, 0.004117391403801728, 0.0025574084927273717, 0.003995167749483961
2011-01-19, 0.11644844779164767, 0.4401746724890829, 0.1705756929637528, 0.1541505022737199, 0.1532636956620902, 0.0027530512985225165, 0.004117391403801728, 0.0025574084927273717, 0.003995167749483961
2011-01-19, 0.11644844779164767, 0.4401746724890829, 0.1705756929637528, 0.1541505022737199, 0.1532636956620902, 0.0027530512985225165, 0.004117391403801728, 0.0025574084927273717, 0.003995167749483961
2011-01-19, 0.11644844779164767, 0.4401746724890829, 0.1705756929637528, 0.1541505022737199, 0.1532636956620902, 0.0027530512985225165, 0.004117391403801728, 0.0025574084927273717, 0.003995167749483961
2011-01-19, 0.11644844779164767, 0.4401746724890829, 0.1705756929637528, 0.1541505022737199, 0.1532636956620902, 0.0027530512985225165, 0.004117391403801728, 0.0025574084927273717, 0.003995167749483961
2011-01-19, 0.11644844779164767, 0.4401746724890829, 0.1705756929637528, 0.1541505022737199, 0.1532636956620902, 0.0027530512985225165, 0.004117391403801728, 0.0025574084927273717, 0.003995167749483961
2011-01-19, 0.11644844779164767, 0.4401746724890829, 0.1705756929637528, 0.1541505022737199, 0.1532636956620902, 0.0027530512985225165, 0.004117391403801728, 0.0025574084927273717, 0.003995167749483961
2011-01-19, 0.11668556389222459, 0.37729257641921427, 0.20158945532079875, 0.09865632145518083, 0.24084295032614172, 0.005506102597045048, 0.004117391403801728, 0.0031967606159092146, 0.002282952999705108
2011-01-19, 0.11668556389222459, 0.37729257641921427, 0.20158945532079875, 0.09865632145518083, 0.24084295032614172, 0.005506102597045048, 0.004117391403801728, 0.0031967606159092146, 0.002282952999705108
2011-01-19, 0.10612110683315647, 0.27248908296943253, 0.20934289591006008, 0.03699612054569281, 0.31473794644893505, 0.005506102597045048, 0.005489855205068971, 0.003836112739091043, 0.0005707382499262802
2011-01-19, 0.11668556389222459, 0.37729257641921427, 0.20158945532079875, 0.09865632145518083, 0.24084295032614172, 0.005506102597045048, 0.004117391403801728, 0.0031967606159092146, 0.002282952999705108
2010-12-20, 0.11448367098182291, 0.4401746724890829, 0.10854816824966053, 0.0, 0.342106463531451, 0.005506102597045063, 0.006862319006336213, 0.006393521231818415, 0.006278120749189069
2010-12-20, 0.0975387683210606, 0.35633187772925745, 0.13180849001744516, 0.21889371322868226, 0.05200018245678042, 0.005506102597045063, 0.008234782807603456, 0.006393521231818415, 0.0011414764998525604
2010-12-20, 0.0975387683210606, 0.35633187772925745, 0.13180849001744516, 0.21889371322868226, 0.05200018245678042, 0.005506102597045063, 0.008234782807603456, 0.006393521231818415, 0.0011414764998525604
2010-12-20, 0.0975387683210606, 0.35633187772925745, 0.13180849001744516, 0.21889371322868226, 0.05200018245678042, 0.005506102597045063, 0.008234782807603456, 0.006393521231818415, 0.0011414764998525604
2010-12-20, 0.0975387683210606, 0.35633187772925745, 0.13180849001744516, 0.21889371322868226, 0.05200018245678042, 0.005506102597045063, 0.008234782807603456, 0.006393521231818415, 0.0011414764998525604
2010-12-20, 0.0975387683210606, 0.35633187772925745, 0.13180849001744516, 0.21889371322868226, 0.05200018245678042, 0.005506102597045063, 0.008234782807603456, 0.006393521231818415, 0.0011414764998525604
2010-12-20, 0.0975387683210606, 0.35633187772925745, 0.13180849001744516, 0.21889371322868226, 0.05200018245678042, 0.005506102597045063, 0.008234782807603456, 0.006393521231818415, 0.0011414764998525604
2010-12-20, 0.0975387683210606, 0.35633187772925745, 0.13180849001744516, 0.21889371322868226, 0.05200018245678042, 0.005506102597045063, 0.008234782807603456, 0.006393521231818415, 0.0011414764998525604
2010-12-20, 0.0975387683210606, 0.35633187772925745, 0.13180849001744516, 0.21889371322868226, 0.05200018245678042, 0.005506102597045063, 0.008234782807603456, 0.006393521231818415, 0.0011414764998525604
2010-12-20, 0.0975387683210606, 0.35633187772925745, 0.13180849001744516, 0.21889371322868226, 0.05200018245678042, 0.005506102597045063, 0.008234782807603456, 0.006393521231818415, 0.0011414764998525604
2010-12-20, 0.0975387683210606, 0.35633187772925745, 0.13180849001744516, 0.21889371322868226, 0.05200018245678042, 0.005506102597045063, 0.008234782807603456, 0.006393521231818415, 0.0011414764998525604
2010-12-20, 0.09932968551623515, 0.31441048034934477, 0.10854816824966053, 0.027747090409269537, 0.3010536879076768, 0.011012205194090127, 0.008234782807603456, 0.012787042463636844, 0.01084402674859931
2010-12-20, 0.09932968551623515, 0.31441048034934477, 0.10854816824966053, 0.027747090409269537, 0.3010536879076768, 0.011012205194090127, 0.008234782807603456, 0.012787042463636844, 0.01084402674859931
2010-12-20, 0.11928539209007492, 0.48209606986899556, 0.15506881178522947, 0.08324127122780889, 0.20526387811887062, 0.011012205194090127, 0.010979710410137941, 0.0031967606159092146, 0.0034244294995576683
2010-12-20, 0.12034037336727024, 0.5030567685589519, 0.1240550494281835, 0.07707525113685995, 0.2326323952013866, 0.008259153895567594, 0.009607246608870698, 0.005754169108636572, 0.0022829529997051208
2010-11-20, 0.12325115642346472, 0.6497816593886464, 0.10079472766039921, 0.16339953241014318, 0.043789627332025766, 0.0027530512985225316, 0.005489855205068956, 0.010868986094091315, 0.009131811998820471
2010-11-20, 0.12325115642346472, 0.6497816593886464, 0.10079472766039921, 0.16339953241014318, 0.043789627332025766, 0.0027530512985225316, 0.005489855205068956, 0.010868986094091315, 0.009131811998820471
2010-11-20, 0.12325115642346472, 0.6497816593886464, 0.10079472766039921, 0.16339953241014318, 0.043789627332025766, 0.0027530512985225316, 0.005489855205068956, 0.010868986094091315, 0.009131811998820471
2010-11-20, 0.12325115642346472, 0.6497816593886464, 0.10079472766039921, 0.16339953241014318, 0.043789627332025766, 0.0027530512985225316, 0.005489855205068956, 0.010868986094091315, 0.009131811998820471
2010-11-20, 0.12325115642346472, 0.6497816593886464, 0.10079472766039921, 0.16339953241014318, 0.043789627332025766, 0.0027530512985225316, 0.005489855205068956, 0.010868986094091315, 0.009131811998820471
2010-11-20, 0.12325115642346472, 0.6497816593886464, 0.10079472766039921, 0.16339953241014318, 0.043789627332025766, 0.0027530512985225316, 0.005489855205068956, 0.010868986094091315, 0.009131811998820471
2010-11-20, 0.12325115642346472, 0.6497816593886464, 0.10079472766039921, 0.16339953241014318, 0.043789627332025766, 0.0027530512985225316, 0.005489855205068956, 0.010868986094091315, 0.009131811998820471
2010-11-20, 0.12325115642346472, 0.6497816593886464, 0.10079472766039921, 0.16339953241014318, 0.043789627332025766, 0.0027530512985225316, 0.005489855205068956, 0.010868986094091315, 0.009131811998820471
2010-11-20, 0.12325115642346472, 0.6497816593886464, 0.10079472766039921, 0.16339953241014318, 0.043789627332025766, 0.0027530512985225316, 0.005489855205068956, 0.010868986094091315, 0.009131811998820471
2010-11-20, 0.12325115642346472, 0.6497816593886464, 0.10079472766039921, 0.16339953241014318, 0.043789627332025766, 0.0027530512985225316, 0.005489855205068956, 0.010868986094091315, 0.009131811998820471
2010-11-20, 0.12325115642346472, 0.6497816593886464, 0.10079472766039921, 0.16339953241014318, 0.043789627332025766, 0.0027530512985225316, 0.005489855205068956, 0.010868986094091315, 0.009131811998820471
2010-11-20, 0.11302386575833451, 0.3982532751091702, 0.11630160883892218, 0.052411170773064744, 0.29831683619942523, 0.011012205194090127, 0.009607246608870683, 0.010868986094091315, 0.007419597249041629
2010-11-20, 0.11302386575833451, 0.3982532751091702, 0.11630160883892218, 0.052411170773064744, 0.29831683619942523, 0.011012205194090127, 0.009607246608870683, 0.010868986094091315, 0.007419597249041629
2010-11-20, 0.11302386575833451, 0.3982532751091702, 0.11630160883892218, 0.052411170773064744, 0.29831683619942523, 0.011012205194090127, 0.009607246608870683, 0.010868986094091315, 0.007419597249041629
2010-11-20, 0.11627588298535697, 0.4192139737991265, 0.10854816824966053, 0.1325694319553993, 0.24631665374264483, 0.005506102597045063, 0.00823478280760344, 0.006393521231818415, 0.0034244294995576683
2010-10-21, 0.12321467049089546, 0.48209606986899556, 0.062027524714091925, 0.04007913059116742, 0.37221183232221905, 0.008259153895567594, 0.008234782807603456, 0.0076722254781821, 0.005136644249336509
2010-10-21, 0.11983506494117403, 0.5449781659388646, 0.015506881178522981, 0.22814274336510523, 0.1532636956620902, 0.0, 0.004117391403801728, 0.006393521231818415, 0.006278120749189069
2010-10-21, 0.11983506494117403, 0.5449781659388646, 0.015506881178522981, 0.22814274336510523, 0.1532636956620902, 0.0, 0.004117391403801728, 0.006393521231818415, 0.006278120749189069
2010-10-21, 0.11983506494117403, 0.5449781659388646, 0.015506881178522981, 0.22814274336510523, 0.1532636956620902, 0.0, 0.004117391403801728, 0.006393521231818415, 0.006278120749189069
2010-10-21, 0.11983506494117403, 0.5449781659388646, 0.015506881178522981, 0.22814274336510523, 0.1532636956620902, 0.0, 0.004117391403801728, 0.006393521231818415, 0.006278120749189069
2010-10-21, 0.11983506494117403, 0.5449781659388646, 0.015506881178522981, 0.22814274336510523, 0.1532636956620902, 0.0, 0.004117391403801728, 0.006393521231818415, 0.006278120749189069
2010-10-21, 0.11983506494117403, 0.5449781659388646, 0.015506881178522981, 0.22814274336510523, 0.1532636956620902, 0.0, 0.004117391403801728, 0.006393521231818415, 0.006278120749189069
2010-10-21, 0.11983506494117403, 0.5449781659388646, 0.015506881178522981, 0.22814274336510523, 0.1532636956620902, 0.0, 0.004117391403801728, 0.006393521231818415, 0.006278120749189069
2010-10-21, 0.11983506494117403, 0.5449781659388646, 0.015506881178522981, 0.22814274336510523, 0.1532636956620902, 0.0, 0.004117391403801728, 0.006393521231818415, 0.006278120749189069
2010-10-21, 0.11983506494117403, 0.5449781659388646, 0.015506881178522981, 0.22814274336510523, 0.1532636956620902, 0.0, 0.004117391403801728, 0.006393521231818415, 0.006278120749189069
2010-10-21, 0.11983506494117403, 0.5449781659388646, 0.015506881178522981, 0.22814274336510523, 0.1532636956620902, 0.0, 0.004117391403801728, 0.006393521231818415, 0.006278120749189069
2010-10-21, 0.12321467049089546, 0.48209606986899556, 0.062027524714091925, 0.04007913059116742, 0.37221183232221905, 0.008259153895567594, 0.008234782807603456, 0.0076722254781821, 0.005136644249336509
2010-10-21, 0.12321467049089546, 0.48209606986899556, 0.062027524714091925, 0.04007913059116742, 0.37221183232221905, 0.008259153895567594, 0.008234782807603456, 0.0076722254781821, 0.005136644249336509
2010-10-21, 0.12270492640683009, 0.5449781659388646, 0.062027524714091925, 0.08940729131875755, 0.25726406057565104, 0.005506102597045063, 0.006862319006336213, 0.007032873355000258, 0.00856107374889419
2010-10-21, 0.13402035220635464, 0.62882096069869, 0.10079472766039921, 0.11407137168255249, 0.21347443324362575, 0.0027530512985225316, 0.005489855205068971, 0.004475464862272886, 0.002282952999705108
2010-09-21, 0.12868677086246139, 0.6497816593886464, 0.0232603217677843, 0.11407137168255249, 0.22442184007663193, 0.0, 0.0068623190063361985, 0.007672225478182115, 0.003424429499557681
2010-09-21, 0.12868677086246139, 0.6497816593886464, 0.0232603217677843, 0.11407137168255249, 0.22442184007663193, 0.0, 0.0068623190063361985, 0.007672225478182115, 0.003424429499557681
2010-09-21, 0.12868677086246139, 0.6497816593886464, 0.0232603217677843, 0.11407137168255249, 0.22442184007663193, 0.0, 0.0068623190063361985, 0.007672225478182115, 0.003424429499557681
2010-09-21, 0.12868677086246139, 0.6497816593886464, 0.0232603217677843, 0.11407137168255249, 0.22442184007663193, 0.0, 0.0068623190063361985, 0.007672225478182115, 0.003424429499557681
2010-09-21, 0.12868677086246139, 0.6497816593886464, 0.0232603217677843, 0.11407137168255249, 0.22442184007663193, 0.0, 0.0068623190063361985, 0.007672225478182115, 0.003424429499557681
2010-09-21, 0.12868677086246139, 0.6497816593886464, 0.0232603217677843, 0.11407137168255249, 0.22442184007663193, 0.0, 0.0068623190063361985, 0.007672225478182115, 0.003424429499557681
2010-09-21, 0.12868677086246139, 0.6497816593886464, 0.0232603217677843, 0.11407137168255249, 0.22442184007663193, 0.0, 0.0068623190063361985, 0.007672225478182115, 0.003424429499557681
2010-09-21, 0.12868677086246139, 0.6497816593886464, 0.0232603217677843, 0.11407137168255249, 0.22442184007663193, 0.0, 0.0068623190063361985, 0.007672225478182115, 0.003424429499557681
2010-09-21, 0.12868677086246139, 0.6497816593886464, 0.0232603217677843, 0.11407137168255249, 0.22442184007663193, 0.0, 0.0068623190063361985, 0.007672225478182115, 0.003424429499557681
2010-09-21, 0.12868677086246139, 0.6497816593886464, 0.0232603217677843, 0.11407137168255249, 0.22442184007663193, 0.0, 0.0068623190063361985, 0.007672225478182115, 0.003424429499557681
2010-09-21, 0.12868677086246139, 0.6497816593886464, 0.0232603217677843, 0.11407137168255249, 0.22442184007663193, 0.0, 0.0068623190063361985, 0.007672225478182115, 0.003424429499557681
2010-09-21, 0.09406311591485297, 0.46113537117903924, 0.031013762357045963, 0.0339131105002182, 0.20526387811887062, 0.005506102597045063, 0.005489855205068956, 0.0044754648622729, 0.005707382499262802
2010-09-21, 0.09406311591485297, 0.46113537117903924, 0.031013762357045963, 0.0339131105002182, 0.20526387811887062, 0.005506102597045063, 0.005489855205068956, 0.0044754648622729, 0.005707382499262802
2010-09-21, 0.09406311591485297, 0.46113537117903924, 0.031013762357045963, 0.0339131105002182, 0.20526387811887062, 0.005506102597045063, 0.005489855205068956, 0.0044754648622729, 0.005707382499262802
2010-09-21, 0.10766082514393877, 0.4401746724890829, 0.0775344058926149, 0.03083010045474387, 0.29831683619942523, 0.0027530512985225316, 0.005489855205068956, 0.0044754648622729, 0.0017122147497788405
2010-08-22, 0.14908868125445557, 0.5659388646288209, 0.11630160883892218, 0.06474321095496262, 0.42421201477899945, 0.0027530512985225316, 0.00823478280760344, 0.007672225478182115, 0.002853691249631401
2010-08-22, 0.13940849383400072, 0.7755458515283845, 0.007753440589261662, 0.10173933150065516, 0.20800072982712217, 0.0, 0.0068623190063361985, 0.010229633970909487, 0.005136644249336521
2010-08-22, 0.13940849383400072, 0.7755458515283845, 0.007753440589261662, 0.10173933150065516, 0.20800072982712217, 0.0, 0.0068623190063361985, 0.010229633970909487, 0.005136644249336521
2010-08-22, 0.13940849383400072, 0.7755458515283845, 0.007753440589261662, 0.10173933150065516, 0.20800072982712217, 0.0, 0.0068623190063361985, 0.010229633970909487, 0.005136644249336521
2010-08-22, 0.13940849383400072, 0.7755458515283845, 0.007753440589261662, 0.10173933150065516, 0.20800072982712217, 0.0, 0.0068623190063361985, 0.010229633970909487, 0.005136644249336521
2010-08-22, 0.13940849383400072, 0.7755458515283845, 0.007753440589261662, 0.10173933150065516, 0.20800072982712217, 0.0, 0.0068623190063361985, 0.010229633970909487, 0.005136644249336521
2010-08-22, 0.13940849383400072, 0.7755458515283845, 0.007753440589261662, 0.10173933150065516, 0.20800072982712217, 0.0, 0.0068623190063361985, 0.010229633970909487, 0.005136644249336521
2010-08-22, 0.13940849383400072, 0.7755458515283845, 0.007753440589261662, 0.10173933150065516, 0.20800072982712217, 0.0, 0.0068623190063361985, 0.010229633970909487, 0.005136644249336521
2010-08-22, 0.13940849383400072, 0.7755458515283845, 0.007753440589261662, 0.10173933150065516, 0.20800072982712217, 0.0, 0.0068623190063361985, 0.010229633970909487, 0.005136644249336521
2010-08-22, 0.13940849383400072, 0.7755458515283845, 0.007753440589261662, 0.10173933150065516, 0.20800072982712217, 0.0, 0.0068623190063361985, 0.010229633970909487, 0.005136644249336521
2010-08-22, 0.13940849383400072, 0.7755458515283845, 0.007753440589261662, 0.10173933150065516, 0.20800072982712217, 0.0, 0.0068623190063361985, 0.010229633970909487, 0.005136644249336521
2010-08-22, 0.14908868125445557, 0.5659388646288209, 0.11630160883892218, 0.06474321095496262, 0.42421201477899945, 0.0027530512985225316, 0.00823478280760344, 0.007672225478182115, 0.002853691249631401
2010-08-22, 0.14908868125445557, 0.5659388646288209, 0.11630160883892218, 0.06474321095496262, 0.42421201477899945, 0.0027530512985225316, 0.00823478280760344, 0.007672225478182115, 0.002853691249631401
2010-08-22, 0.1363162868693572, 0.5449781659388646, 0.09304128707113754, 0.10790535159160382, 0.3174747981571866, 0.0027530512985225316, 0.00823478280760344, 0.012147690340455016, 0.003995167749483961
2010-08-22, 0.13433548324591313, 0.6078602620087337, 0.03876720294630728, 0.10482234154612949, 0.30379053961592833, 0.0, 0.0068623190063361985, 0.010868986094091329, 0.0017122147497788405
2010-07-23, 0.13434423224718947, 0.7336244541484718, 0.007753440589261319, 0.07399224109138534, 0.24905350545089588, 0.0, 0.005489855205068956, 0.0025574084927273717, 0.0022829529997051208
2010-07-23, 0.13901521164396918, 0.691703056768559, 0.08528784648187622, 0.14490147213729662, 0.1806322127446057, 0.0, 0.004117391403801713, 0.0031967606159092146, 0.0022829529997051208
2010-07-23, 0.13901521164396918, 0.691703056768559, 0.08528784648187622, 0.14490147213729662, 0.1806322127446057, 0.0, 0.004117391403801713, 0.0031967606159092146, 0.0022829529997051208
2010-07-23, 0.13901521164396918, 0.691703056768559, 0.08528784648187622, 0.14490147213729662, 0.1806322127446057, 0.0, 0.004117391403801713, 0.0031967606159092146, 0.0022829529997051208
2010-07-23, 0.13901521164396918, 0.691703056768559, 0.08528784648187622, 0.14490147213729662, 0.1806322127446057, 0.0, 0.004117391403801713, 0.0031967606159092146, 0.0022829529997051208
2010-07-23, 0.13901521164396918, 0.691703056768559, 0.08528784648187622, 0.14490147213729662, 0.1806322127446057, 0.0, 0.004117391403801713, 0.0031967606159092146, 0.0022829529997051208
2010-07-23, 0.13901521164396918, 0.691703056768559, 0.08528784648187622, 0.14490147213729662, 0.1806322127446057, 0.0, 0.004117391403801713, 0.0031967606159092146, 0.0022829529997051208
2010-07-23, 0.13901521164396918, 0.691703056768559, 0.08528784648187622, 0.14490147213729662, 0.1806322127446057, 0.0, 0.004117391403801713, 0.0031967606159092146, 0.0022829529997051208
2010-07-23, 0.13901521164396918, 0.691703056768559, 0.08528784648187622, 0.14490147213729662, 0.1806322127446057, 0.0, 0.004117391403801713, 0.0031967606159092146, 0.0022829529997051208
2010-07-23, 0.13901521164396918, 0.691703056768559, 0.08528784648187622, 0.14490147213729662, 0.1806322127446057, 0.0, 0.004117391403801713, 0.0031967606159092146, 0.0022829529997051208
2010-07-23, 0.13901521164396918, 0.691703056768559, 0.08528784648187622, 0.14490147213729662, 0.1806322127446057, 0.0, 0.004117391403801713, 0.0031967606159092146, 0.0022829529997051208
2010-07-23, 0.14022413959066454, 0.5868995633187774, 0.046520643535568944, 0.03699612054569281, 0.42968571819550205, 0.005506102597045063, 0.010979710410137926, 0.0006393521231818429, 0.0045659059994102415
2010-07-23, 0.14022413959066454, 0.5868995633187774, 0.046520643535568944, 0.03699612054569281, 0.42968571819550205, 0.005506102597045063, 0.010979710410137926, 0.0006393521231818429, 0.0045659059994102415
2010-07-23, 0.14006181833732606, 0.6707423580786027, 0.11630160883892218, 0.027747090409269537, 0.2901062810746701, 0.0027530512985225316, 0.0068623190063361985, 0.0025574084927273717, 0.003424429499557681
2010-07-23, 0.14022413959066454, 0.5868995633187774, 0.046520643535568944, 0.03699612054569281, 0.42968571819550205, 0.005506102597045063, 0.010979710410137926, 0.0006393521231818429, 0.0045659059994102415
2010-06-23, 0.16038857235309192, 0.6078602620087334, 0.1783291335530141, 0.16339953241014318, 0.3120010947406832, 0.005506102597045063, 0.004117391403801728, 0.004475464862272886, 0.007419597249041629
2010-06-23, 0.14320717367505137, 0.7336244541484715, 0.13956193060670682, 0.049328160727590414, 0.2080007298271224, 0.0, 0.0027449276025344853, 0.003836112739091043, 0.00856107374889419
2010-06-23, 0.14320717367505137, 0.7336244541484715, 0.13956193060670682, 0.049328160727590414, 0.2080007298271224, 0.0, 0.0027449276025344853, 0.003836112739091043, 0.00856107374889419
2010-06-23, 0.14320717367505137, 0.7336244541484715, 0.13956193060670682, 0.049328160727590414, 0.2080007298271224, 0.0, 0.0027449276025344853, 0.003836112739091043, 0.00856107374889419
2010-06-23, 0.14320717367505137, 0.7336244541484715, 0.13956193060670682, 0.049328160727590414, 0.2080007298271224, 0.0, 0.0027449276025344853, 0.003836112739091043, 0.00856107374889419
2010-06-23, 0.14320717367505137, 0.7336244541484715, 0.13956193060670682, 0.049328160727590414, 0.2080007298271224, 0.0, 0.0027449276025344853, 0.003836112739091043, 0.00856107374889419
2010-06-23, 0.14320717367505137, 0.7336244541484715, 0.13956193060670682, 0.049328160727590414, 0.2080007298271224, 0.0, 0.0027449276025344853, 0.003836112739091043, 0.00856107374889419
2010-06-23, 0.14320717367505137, 0.7336244541484715, 0.13956193060670682, 0.049328160727590414, 0.2080007298271224, 0.0, 0.0027449276025344853, 0.003836112739091043, 0.00856107374889419
2010-06-23, 0.14320717367505137, 0.7336244541484715, 0.13956193060670682, 0.049328160727590414, 0.2080007298271224, 0.0, 0.0027449276025344853, 0.003836112739091043, 0.00856107374889419
2010-06-23, 0.14320717367505137, 0.7336244541484715, 0.13956193060670682, 0.049328160727590414, 0.2080007298271224, 0.0, 0.0027449276025344853, 0.003836112739091043, 0.00856107374889419
2010-06-23, 0.14320717367505137, 0.7336244541484715, 0.13956193060670682, 0.049328160727590414, 0.2080007298271224, 0.0, 0.0027449276025344853, 0.003836112739091043, 0.00856107374889419
2010-06-23, 0.16281896069511934, 0.5449781659388648, 0.1705756929637528, 0.2127276931377336, 0.35852757378096056, 0.005506102597045063, 0.004117391403801728, 0.0038361127390910575, 0.0022829529997051208
2010-06-23, 0.16281896069511934, 0.5449781659388648, 0.1705756929637528, 0.2127276931377336, 0.35852757378096056, 0.005506102597045063, 0.004117391403801728, 0.0038361127390910575, 0.0022829529997051208
2010-06-23, 0.14264080658101572, 0.6917030567685588, 0.13180849001744516, 0.10482234154612949, 0.1970533229941157, 0.005506102597045063, 0.0027449276025344853, 0.0006393521231818429, 0.00684885899911535
2010-06-23, 0.14786787717715788, 0.7545851528384279, 0.12405504942818385, 0.08324127122780861, 0.20252702641061882, 0.0027530512985225316, 0.0027449276025344853, 0.004475464862272886, 0.00856107374889419
2010-05-24, 0.18028839018849285, 0.7545851528384276, 0.21709633649932172, 0.0, 0.440633125028509, 0.005506102597045063, 0.005489855205068971, 0.012147690340455, 0.00684885899911535
2010-05-24, 0.15966650934797075, 0.6707423580786027, 0.271370420624152, 0.015415050227371935, 0.30105368790767706, 0.0, 0.0027449276025344853, 0.010868986094091329, 0.005136644249336521
2010-05-24, 0.15966650934797075, 0.6707423580786027, 0.271370420624152, 0.015415050227371935, 0.30105368790767706, 0.0, 0.0027449276025344853, 0.010868986094091329, 0.005136644249336521
2010-05-24, 0.15966650934797075, 0.6707423580786027, 0.271370420624152, 0.015415050227371935, 0.30105368790767706, 0.0, 0.0027449276025344853, 0.010868986094091329, 0.005136644249336521
2010-05-24, 0.15966650934797075, 0.6707423580786027, 0.271370420624152, 0.015415050227371935, 0.30105368790767706, 0.0, 0.0027449276025344853, 0.010868986094091329, 0.005136644249336521
2010-05-24, 0.15966650934797075, 0.6707423580786027, 0.271370420624152, 0.015415050227371935, 0.30105368790767706, 0.0, 0.0027449276025344853, 0.010868986094091329, 0.005136644249336521
2010-05-24, 0.15966650934797075, 0.6707423580786027, 0.271370420624152, 0.015415050227371935, 0.30105368790767706, 0.0, 0.0027449276025344853, 0.010868986094091329, 0.005136644249336521
2010-05-24, 0.15966650934797075, 0.6707423580786027, 0.271370420624152, 0.015415050227371935, 0.30105368790767706, 0.0, 0.0027449276025344853, 0.010868986094091329, 0.005136644249336521
2010-05-24, 0.15966650934797075, 0.6707423580786027, 0.271370420624152, 0.015415050227371935, 0.30105368790767706, 0.0, 0.0027449276025344853, 0.010868986094091329, 0.005136644249336521
2010-05-24, 0.15966650934797075, 0.6707423580786027, 0.271370420624152, 0.015415050227371935, 0.30105368790767706, 0.0, 0.0027449276025344853, 0.010868986094091329, 0.005136644249336521
2010-05-24, 0.15966650934797075, 0.6707423580786027, 0.271370420624152, 0.015415050227371935, 0.30105368790767706, 0.0, 0.0027449276025344853, 0.010868986094091329, 0.005136644249336521
2010-05-24, 0.19689022007008972, 0.5449781659388646, 0.20158945532079875, 0.18189759268298944, 0.6185284860648637, 0.005506102597045063, 0.009607246608870698, 0.009590281847727644, 0.003424429499557681
2010-05-24, 0.19689022007008972, 0.5449781659388646, 0.20158945532079875, 0.18189759268298944, 0.6185284860648637, 0.005506102597045063, 0.009607246608870698, 0.009590281847727644, 0.003424429499557681
2010-05-24, 0.16496099789185795, 0.7126637554585155, 0.24035665826710603, 0.009249030136422996, 0.3256853532819415, 0.005506102597045063, 0.008234782807603456, 0.013426394586818687, 0.0045659059994102415
2010-05-24, 0.19181712787310284, 0.6707423580786027, 0.20158945532079875, 0.09249030136423189, 0.5391597865255667, 0.0027530512985225316, 0.008234782807603456, 0.012147690340455, 0.007419597249041629
2010-04-24, 0.16060301522433532, 0.7965065502183406, 0.09304128707113789, 0.06782622100043695, 0.3065273913241799, 0.005506102597045063, 0.0027449276025344853, 0.006393521231818429, 0.006278120749189082
2010-04-24, 0.16060301522433532, 0.7965065502183406, 0.09304128707113789, 0.06782622100043695, 0.3065273913241799, 0.005506102597045063, 0.0027449276025344853, 0.006393521231818429, 0.006278120749189082
2010-04-24, 0.16060301522433532, 0.7965065502183406, 0.09304128707113789, 0.06782622100043695, 0.3065273913241799, 0.005506102597045063, 0.0027449276025344853, 0.006393521231818429, 0.006278120749189082
2010-04-24, 0.16060301522433532, 0.7965065502183406, 0.09304128707113789, 0.06782622100043695, 0.3065273913241799, 0.005506102597045063, 0.0027449276025344853, 0.006393521231818429, 0.006278120749189082
2010-04-24, 0.16060301522433532, 0.7965065502183406, 0.09304128707113789, 0.06782622100043695, 0.3065273913241799, 0.005506102597045063, 0.0027449276025344853, 0.006393521231818429, 0.006278120749189082
2010-04-24, 0.16060301522433532, 0.7965065502183406, 0.09304128707113789, 0.06782622100043695, 0.3065273913241799, 0.005506102597045063, 0.0027449276025344853, 0.006393521231818429, 0.006278120749189082
2010-04-24, 0.16060301522433532, 0.7965065502183406, 0.09304128707113789, 0.06782622100043695, 0.3065273913241799, 0.005506102597045063, 0.0027449276025344853, 0.006393521231818429, 0.006278120749189082
2010-04-24, 0.16060301522433532, 0.7965065502183406, 0.09304128707113789, 0.06782622100043695, 0.3065273913241799, 0.005506102597045063, 0.0027449276025344853, 0.006393521231818429, 0.006278120749189082
2010-04-24, 0.16060301522433532, 0.7965065502183406, 0.09304128707113789, 0.06782622100043695, 0.3065273913241799, 0.005506102597045063, 0.0027449276025344853, 0.006393521231818429, 0.006278120749189082
2010-04-24, 0.16060301522433532, 0.7965065502183406, 0.09304128707113789, 0.06782622100043695, 0.3065273913241799, 0.005506102597045063, 0.0027449276025344853, 0.006393521231818429, 0.006278120749189082
2010-04-24, 0.16060301522433532, 0.7965065502183406, 0.09304128707113789, 0.06782622100043695, 0.3065273913241799, 0.005506102597045063, 0.0027449276025344853, 0.006393521231818429, 0.006278120749189082
2010-04-24, 0.18693640817234228, 0.5449781659388646, 0.12405504942818385, 0.2558898337743751, 0.5418966382338185, 0.011012205194090127, 0.005489855205068971, 0.007032873355000272, 0.005136644249336521
2010-04-24, 0.18693640817234228, 0.5449781659388646, 0.12405504942818385, 0.2558898337743751, 0.5418966382338185, 0.011012205194090127, 0.005489855205068971, 0.007032873355000272, 0.005136644249336521
2010-04-24, 0.18693640817234228, 0.5449781659388646, 0.12405504942818385, 0.2558898337743751, 0.5418966382338185, 0.011012205194090127, 0.005489855205068971, 0.007032873355000272, 0.005136644249336521
2010-04-24, 0.15947507178660308, 0.7965065502183406, 0.062027524714091925, 0.09249030136423216, 0.3010536879076768, 0.008259153895567594, 0.0027449276025344853, 0.012147690340455016, 0.0005707382499262802
2010-03-25, 0.15914063427021222, 0.6078602620087337, 0.10854816824966086, 0.1418184620918223, 0.36673812890571544, 0.013765256492612642, 0.005489855205068956, 0.01406574671000053, 0.014839194498083273
2010-03-25, 0.15202511463033086, 0.7336244541484718, 0.11630160883892218, 0.08632428127328322, 0.2326323952013866, 0.013765256492612642, 0.0068623190063361985, 0.014705098833182372, 0.011985503248451872
2010-03-25, 0.15202511463033086, 0.7336244541484718, 0.11630160883892218, 0.08632428127328322, 0.2326323952013866, 0.013765256492612642, 0.0068623190063361985, 0.014705098833182372, 0.011985503248451872
2010-03-25, 0.15202511463033086, 0.7336244541484718, 0.11630160883892218, 0.08632428127328322, 0.2326323952013866, 0.013765256492612642, 0.0068623190063361985, 0.014705098833182372, 0.011985503248451872
2010-03-25, 0.15202511463033086, 0.7336244541484718, 0.11630160883892218, 0.08632428127328322, 0.2326323952013866, 0.013765256492612642, 0.0068623190063361985, 0.014705098833182372, 0.011985503248451872
2010-03-25, 0.15202511463033086, 0.7336244541484718, 0.11630160883892218, 0.08632428127328322, 0.2326323952013866, 0.013765256492612642, 0.0068623190063361985, 0.014705098833182372, 0.011985503248451872
2010-03-25, 0.15202511463033086, 0.7336244541484718, 0.11630160883892218, 0.08632428127328322, 0.2326323952013866, 0.013765256492612642, 0.0068623190063361985, 0.014705098833182372, 0.011985503248451872
2010-03-25, 0.15202511463033086, 0.7336244541484718, 0.11630160883892218, 0.08632428127328322, 0.2326323952013866, 0.013765256492612642, 0.0068623190063361985, 0.014705098833182372, 0.011985503248451872
2010-03-25, 0.15202511463033086, 0.7336244541484718, 0.11630160883892218, 0.08632428127328322, 0.2326323952013866, 0.013765256492612642, 0.0068623190063361985, 0.014705098833182372, 0.011985503248451872
2010-03-25, 0.15202511463033086, 0.7336244541484718, 0.11630160883892218, 0.08632428127328322, 0.2326323952013866, 0.013765256492612642, 0.0068623190063361985, 0.014705098833182372, 0.011985503248451872
2010-03-25, 0.15202511463033086, 0.7336244541484718, 0.11630160883892218, 0.08632428127328322, 0.2326323952013866, 0.013765256492612642, 0.0068623190063361985, 0.014705098833182372, 0.011985503248451872
2010-03-25, 0.15935079378356307, 0.48209606986899556, 0.22484977708858306, 0.17573157259204078, 0.31473794644893505, 0.019271359089657707, 0.0068623190063361985, 0.02557408492727369, 0.025683221246682583
2010-03-25, 0.15935079378356307, 0.48209606986899556, 0.22484977708858306, 0.17573157259204078, 0.31473794644893505, 0.019271359089657707, 0.0068623190063361985, 0.02557408492727369, 0.025683221246682583
2010-03-25, 0.16633720479858816, 0.5659388646288209, 0.11630160883892218, 0.2281427433651055, 0.3557907220727088, 0.016518307791135174, 0.0068623190063361985, 0.021737972188182644, 0.0194051004974935
2010-03-25, 0.15130052155970414, 0.6707423580786027, 0.10854816824966086, 0.15106749222824556, 0.2216849883683799, 0.016518307791135174, 0.00823478280760344, 0.015344450956364216, 0.018263623997640942
2010-02-23, 0.1479574132249056, 0.6917030567685586, 0.10854816824966053, 0.009249030136422996, 0.3448433152397031, 0.013765256492612642, 0.0013724638012672426, 0.0044754648622729, 0.009702550248746764
2010-02-23, 0.14031578505617845, 0.6917030567685586, 0.03876720294630728, 0.10790535159160382, 0.2545272088674, 0.016518307791135174, 0.0, 0.005114816985454743, 0.00799033549896791
2010-02-23, 0.14031578505617845, 0.6917030567685586, 0.03876720294630728, 0.10790535159160382, 0.2545272088674, 0.016518307791135174, 0.0, 0.005114816985454743, 0.00799033549896791
2010-02-23, 0.14031578505617845, 0.6917030567685586, 0.03876720294630728, 0.10790535159160382, 0.2545272088674, 0.016518307791135174, 0.0, 0.005114816985454743, 0.00799033549896791
2010-02-23, 0.14031578505617845, 0.6917030567685586, 0.03876720294630728, 0.10790535159160382, 0.2545272088674, 0.016518307791135174, 0.0, 0.005114816985454743, 0.00799033549896791
2010-02-23, 0.14031578505617845, 0.6917030567685586, 0.03876720294630728, 0.10790535159160382, 0.2545272088674, 0.016518307791135174, 0.0, 0.005114816985454743, 0.00799033549896791
2010-02-23, 0.14031578505617845, 0.6917030567685586, 0.03876720294630728, 0.10790535159160382, 0.2545272088674, 0.016518307791135174, 0.0, 0.005114816985454743, 0.00799033549896791
2010-02-23, 0.14031578505617845, 0.6917030567685586, 0.03876720294630728, 0.10790535159160382, 0.2545272088674, 0.016518307791135174, 0.0, 0.005114816985454743, 0.00799033549896791
2010-02-23, 0.14031578505617845, 0.6917030567685586, 0.03876720294630728, 0.10790535159160382, 0.2545272088674, 0.016518307791135174, 0.0, 0.005114816985454743, 0.00799033549896791
2010-02-23, 0.14031578505617845, 0.6917030567685586, 0.03876720294630728, 0.10790535159160382, 0.2545272088674, 0.016518307791135174, 0.0, 0.005114816985454743, 0.00799033549896791
2010-02-23, 0.14031578505617845, 0.6917030567685586, 0.03876720294630728, 0.10790535159160382, 0.2545272088674, 0.016518307791135174, 0.0, 0.005114816985454743, 0.00799033549896791
2010-02-23, 0.15189520611495738, 0.5030567685589519, 0.031013762357045963, 0.12023739177350169, 0.5172649728595541, 0.01927135908965769, 0.0013724638012672426, 0.006393521231818429, 0.016551409247862126
2010-02-23, 0.15189520611495738, 0.5030567685589519, 0.031013762357045963, 0.12023739177350169, 0.5172649728595541, 0.01927135908965769, 0.0013724638012672426, 0.006393521231818429, 0.016551409247862126
2010-02-23, 0.14689309053407645, 0.7126637554585149, 0.062027524714091925, 0.021581070318320874, 0.3475801669479546, 0.016518307791135174, 0.0013724638012672426, 0.0025574084927273717, 0.010844026748599323
2010-02-23, 0.1344558845646157, 0.6078602620087337, 0.06978096530335325, 0.06474321095496262, 0.30926424303243194, 0.013765256492612642, 0.0027449276025344853, 0.0006393521231818429, 0.00684885899911535
2010-01-24, 0.16133019223234765, 0.691703056768559, 0.06202752471409158, 0.049328160727590414, 0.42421201477899945, 0.013765256492612642, 0.00823478280760344, 0.018541211572273415, 0.022829529997051193
2010-01-24, 0.1334685321596492, 0.5030567685589519, 0.0232603217677843, 0.21581070318320764, 0.28189572594991597, 0.013765256492612642, 0.0027449276025344853, 0.0089509297245458, 0.018263623997640952
2010-01-24, 0.1334685321596492, 0.5030567685589519, 0.0232603217677843, 0.21581070318320764, 0.28189572594991597, 0.013765256492612642, 0.0027449276025344853, 0.0089509297245458, 0.018263623997640952
2010-01-24, 0.1334685321596492, 0.5030567685589519, 0.0232603217677843, 0.21581070318320764, 0.28189572594991597, 0.013765256492612642, 0.0027449276025344853, 0.0089509297245458, 0.018263623997640952
2010-01-24, 0.1334685321596492, 0.5030567685589519, 0.0232603217677843, 0.21581070318320764, 0.28189572594991597, 0.013765256492612642, 0.0027449276025344853, 0.0089509297245458, 0.018263623997640952
2010-01-24, 0.1334685321596492, 0.5030567685589519, 0.0232603217677843, 0.21581070318320764, 0.28189572594991597, 0.013765256492612642, 0.0027449276025344853, 0.0089509297245458, 0.018263623997640952
2010-01-24, 0.1334685321596492, 0.5030567685589519, 0.0232603217677843, 0.21581070318320764, 0.28189572594991597, 0.013765256492612642, 0.0027449276025344853, 0.0089509297245458, 0.018263623997640952
2010-01-24, 0.1334685321596492, 0.5030567685589519, 0.0232603217677843, 0.21581070318320764, 0.28189572594991597, 0.013765256492612642, 0.0027449276025344853, 0.0089509297245458, 0.018263623997640952
2010-01-24, 0.1334685321596492, 0.5030567685589519, 0.0232603217677843, 0.21581070318320764, 0.28189572594991597, 0.013765256492612642, 0.0027449276025344853, 0.0089509297245458, 0.018263623997640952
2010-01-24, 0.1334685321596492, 0.5030567685589519, 0.0232603217677843, 0.21581070318320764, 0.28189572594991597, 0.013765256492612642, 0.0027449276025344853, 0.0089509297245458, 0.018263623997640952
2010-01-24, 0.1334685321596492, 0.5030567685589519, 0.0232603217677843, 0.21581070318320764, 0.28189572594991597, 0.013765256492612642, 0.0027449276025344853, 0.0089509297245458, 0.018263623997640952
2010-01-24, 0.12641631014986002, 0.2934497816593884, 0.1550688117852298, 0.05857719086401341, 0.42968571819550255, 0.019271359089657707, 0.0013724638012672426, 0.023656028557728158, 0.030249127246092824
2010-01-24, 0.12641631014986002, 0.2934497816593884, 0.1550688117852298, 0.05857719086401341, 0.42968571819550255, 0.019271359089657707, 0.0013724638012672426, 0.023656028557728158, 0.030249127246092824
2010-01-24, 0.11524919991635632, 0.3982532751091702, 0.03876720294630728, 0.08015826118233428, 0.34758016694795413, 0.016518307791135174, 0.004117391403801728, 0.0166231552027279, 0.01997583874741978
2010-01-24, 0.16093123958893105, 0.5868995633187774, 0.015506881178522981, 0.11407137168255303, 0.5200018245678056, 0.013765256492612642, 0.0068623190063361985, 0.011508338217273158, 0.01883436224756722
2009-12-25, 0.25347048738633216, 0.7126637554585155, 0.35665826710602894, 0.21889371322868198, 0.6595812616886376, 0.019271359089657707, 0.005489855205068971, 0.019819915818637103, 0.03538577149542933
2009-12-25, 0.24727276456072558, 1.0480349344978166, 0.23260321767784506, 0.07399224109138507, 0.5610546001915798, 0.013765256492612642, 0.005489855205068971, 0.014705098833182358, 0.028536912496313994
2009-12-25, 0.24727276456072558, 1.0480349344978166, 0.23260321767784506, 0.07399224109138507, 0.5610546001915798, 0.013765256492612642, 0.005489855205068971, 0.014705098833182358, 0.028536912496313994
2009-12-25, 0.24727276456072558, 1.0480349344978166, 0.23260321767784506, 0.07399224109138507, 0.5610546001915798, 0.013765256492612642, 0.005489855205068971, 0.014705098833182358, 0.028536912496313994
2009-12-25, 0.24727276456072558, 1.0480349344978166, 0.23260321767784506, 0.07399224109138507, 0.5610546001915798, 0.013765256492612642, 0.005489855205068971, 0.014705098833182358, 0.028536912496313994
2009-12-25, 0.24727276456072558, 1.0480349344978166, 0.23260321767784506, 0.07399224109138507, 0.5610546001915798, 0.013765256492612642, 0.005489855205068971, 0.014705098833182358, 0.028536912496313994
2009-12-25, 0.24727276456072558, 1.0480349344978166, 0.23260321767784506, 0.07399224109138507, 0.5610546001915798, 0.013765256492612642, 0.005489855205068971, 0.014705098833182358, 0.028536912496313994
2009-12-25, 0.24727276456072558, 1.0480349344978166, 0.23260321767784506, 0.07399224109138507, 0.5610546001915798, 0.013765256492612642, 0.005489855205068971, 0.014705098833182358, 0.028536912496313994
2009-12-25, 0.24727276456072558, 1.0480349344978166, 0.23260321767784506, 0.07399224109138507, 0.5610546001915798, 0.013765256492612642, 0.005489855205068971, 0.014705098833182358, 0.028536912496313994
2009-12-25, 0.24727276456072558, 1.0480349344978166, 0.23260321767784506, 0.07399224109138507, 0.5610546001915798, 0.013765256492612642, 0.005489855205068971, 0.014705098833182358, 0.028536912496313994
2009-12-25, 0.24727276456072558, 1.0480349344978166, 0.23260321767784506, 0.07399224109138507, 0.5610546001915798, 0.013765256492612642, 0.005489855205068971, 0.014705098833182358, 0.028536912496313994
2009-12-25, 0.2757345343979062, 0.5868995633187774, 0.36441170769529024, 0.34838013513860666, 0.8320029193084891, 0.027530512985225283, 0.004117391403801728, 0.013426394586818687, 0.029107650746240263
2009-12-25, 0.2757345343979062, 0.5868995633187774, 0.36441170769529024, 0.34838013513860666, 0.8320029193084891, 0.027530512985225283, 0.004117391403801728, 0.013426394586818687, 0.029107650746240263
2009-12-25, 0.22415153108850938, 0.7965065502183404, 0.37216514828455155, 0.049328160727590414, 0.5145281211513025, 0.016518307791135174, 0.005489855205068971, 0.014705098833182358, 0.023971006496903754
2009-12-25, 0.26038685224892083, 0.5868995633187774, 0.4419461135879048, 0.2528068237289002, 0.7444236646444375, 0.019271359089657707, 0.004117391403801728, 0.010229633970909473, 0.02340026824697746
2009-11-25, 0.2241416108144918, 0.9851528384279475, 0.3023841829811983, 0.42853839632094093, 0.013684258541258236, 0.0275305129852253, 0.010979710410137926, 0.008311577601363944, 0.016551409247862112
2009-11-25, 0.2443250253276806, 1.2576419213973795, 0.2015894553207991, 0.32371605477481147, 0.11221092003831597, 0.024777461686702768, 0.015097101813939653, 0.012147690340455, 0.007419597249041629
2009-11-25, 0.2443250253276806, 1.2576419213973795, 0.2015894553207991, 0.32371605477481147, 0.11221092003831597, 0.024777461686702768, 0.015097101813939653, 0.012147690340455, 0.007419597249041629
2009-11-25, 0.2443250253276806, 1.2576419213973795, 0.2015894553207991, 0.32371605477481147, 0.11221092003831597, 0.024777461686702768, 0.015097101813939653, 0.012147690340455, 0.007419597249041629
2009-11-25, 0.2443250253276806, 1.2576419213973795, 0.2015894553207991, 0.32371605477481147, 0.11221092003831597, 0.024777461686702768, 0.015097101813939653, 0.012147690340455, 0.007419597249041629
2009-11-25, 0.2443250253276806, 1.2576419213973795, 0.2015894553207991, 0.32371605477481147, 0.11221092003831597, 0.024777461686702768, 0.015097101813939653, 0.012147690340455, 0.007419597249041629
2009-11-25, 0.2443250253276806, 1.2576419213973795, 0.2015894553207991, 0.32371605477481147, 0.11221092003831597, 0.024777461686702768, 0.015097101813939653, 0.012147690340455, 0.007419597249041629
2009-11-25, 0.2443250253276806, 1.2576419213973795, 0.2015894553207991, 0.32371605477481147, 0.11221092003831597, 0.024777461686702768, 0.015097101813939653, 0.012147690340455, 0.007419597249041629
2009-11-25, 0.2443250253276806, 1.2576419213973795, 0.2015894553207991, 0.32371605477481147, 0.11221092003831597, 0.024777461686702768, 0.015097101813939653, 0.012147690340455, 0.007419597249041629
2009-11-25, 0.2443250253276806, 1.2576419213973795, 0.2015894553207991, 0.32371605477481147, 0.11221092003831597, 0.024777461686702768, 0.015097101813939653, 0.012147690340455, 0.007419597249041629
2009-11-25, 0.2443250253276806, 1.2576419213973795, 0.2015894553207991, 0.32371605477481147, 0.11221092003831597, 0.024777461686702768, 0.015097101813939653, 0.012147690340455, 0.007419597249041629
2009-11-25, 0.31310923560870474, 0.6497816593886464, 0.45745299476642814, 0.74300542095933, 0.5938968206905985, 0.03028356428374783, 0.010979710410137926, 0.0006393521231818287, 0.018834362247567234
2009-11-25, 0.31310923560870474, 0.6497816593886464, 0.45745299476642814, 0.74300542095933, 0.5938968206905985, 0.03028356428374783, 0.010979710410137926, 0.0006393521231818287, 0.018834362247567234
2009-11-25, 0.23208068451769118, 0.691703056768559, 0.32564450474898293, 0.5919379287310844, 0.18336906445285772, 0.0275305129852253, 0.012352174211405168, 0.0012787042463636858, 0.022829529997051182
2009-11-25, 0.21415838339803822, 0.8384279475982535, 0.3411513859275056, 0.40695732600262063, 0.06294758928978711, 0.03303661558227036, 0.00823478280760344, 0.007672225478182115, 0.014839194498083285
2009-10-26, 0.2034293092013154, 0.7126637554585149, 0.2481100988563677, 0.15106749222824503, 0.41326460794599323, 0.03303661558227035, 0.012352174211405168, 0.014705098833182372, 0.042234630494544706
2009-10-26, 0.20250047396209822, 1.0689956331877732, 0.1550688117852298, 0.2898029442745938, 0.016421110249509784, 0.03578966688079288, 0.012352174211405168, 0.004475464862272915, 0.03709798624520817
2009-10-26, 0.20250047396209822, 1.0689956331877732, 0.1550688117852298, 0.2898029442745938, 0.016421110249509784, 0.03578966688079288, 0.012352174211405168, 0.004475464862272915, 0.03709798624520817
2009-10-26, 0.20250047396209822, 1.0689956331877732, 0.1550688117852298, 0.2898029442745938, 0.016421110249509784, 0.03578966688079288, 0.012352174211405168, 0.004475464862272915, 0.03709798624520817
2009-10-26, 0.20250047396209822, 1.0689956331877732, 0.1550688117852298, 0.2898029442745938, 0.016421110249509784, 0.03578966688079288, 0.012352174211405168, 0.004475464862272915, 0.03709798624520817
2009-10-26, 0.20250047396209822, 1.0689956331877732, 0.1550688117852298, 0.2898029442745938, 0.016421110249509784, 0.03578966688079288, 0.012352174211405168, 0.004475464862272915, 0.03709798624520817
2009-10-26, 0.20250047396209822, 1.0689956331877732, 0.1550688117852298, 0.2898029442745938, 0.016421110249509784, 0.03578966688079288, 0.012352174211405168, 0.004475464862272915, 0.03709798624520817
2009-10-26, 0.20250047396209822, 1.0689956331877732, 0.1550688117852298, 0.2898029442745938, 0.016421110249509784, 0.03578966688079288, 0.012352174211405168, 0.004475464862272915, 0.03709798624520817
2009-10-26, 0.20250047396209822, 1.0689956331877732, 0.1550688117852298, 0.2898029442745938, 0.016421110249509784, 0.03578966688079288, 0.012352174211405168, 0.004475464862272915, 0.03709798624520817
2009-10-26, 0.20250047396209822, 1.0689956331877732, 0.1550688117852298, 0.2898029442745938, 0.016421110249509784, 0.03578966688079288, 0.012352174211405168, 0.004475464862272915, 0.03709798624520817
2009-10-26, 0.20250047396209822, 1.0689956331877732, 0.1550688117852298, 0.2898029442745938, 0.016421110249509784, 0.03578966688079288, 0.012352174211405168, 0.004475464862272915, 0.03709798624520817
2009-10-26, 0.20939876817468378, 0.7755458515283845, 0.28687730180267496, 0.09557331140970594, 0.41052775623774124, 0.04404882077636046, 0.00823478280760344, 0.012147690340455, 0.042234630494544706
2009-10-26, 0.20939876817468378, 0.7755458515283845, 0.28687730180267496, 0.09557331140970594, 0.41052775623774124, 0.04404882077636046, 0.00823478280760344, 0.012147690340455, 0.042234630494544706
2009-10-26, 0.2121299875301333, 0.6497816593886464, 0.22484977708858306, 0.1788145826375151, 0.5391597865255665, 0.03303661558227035, 0.015097101813939653, 0.014065746710000543, 0.042234630494544706
2009-10-26, 0.19880984696813467, 0.9432314410480352, 0.18608257414227578, 0.08632428127328295, 0.2901062810746701, 0.03578966688079288, 0.009607246608870683, 0.010229633970909487, 0.029107650746240277
2009-09-26, 0.21332483759471227, 0.7545851528384276, 0.5815080441946113, 0.17881458263751457, 0.08757925466405153, 0.024777461686702754, 0.010979710410137941, 0.014705098833182372, 0.05364939549307029
2009-09-26, 0.2109322709768397, 0.8593886462882099, 0.5970149253731339, 0.0863242812732835, 0.04652647904027683, 0.01927135908965769, 0.01509710181393964, 0.020459267941818945, 0.04337610699439727
2009-09-26, 0.2109322709768397, 0.8593886462882099, 0.5970149253731339, 0.0863242812732835, 0.04652647904027683, 0.01927135908965769, 0.01509710181393964, 0.020459267941818945, 0.04337610699439727
2009-09-26, 0.2109322709768397, 0.8593886462882099, 0.5970149253731339, 0.0863242812732835, 0.04652647904027683, 0.01927135908965769, 0.01509710181393964, 0.020459267941818945, 0.04337610699439727
2009-09-26, 0.2109322709768397, 0.8593886462882099, 0.5970149253731339, 0.0863242812732835, 0.04652647904027683, 0.01927135908965769, 0.01509710181393964, 0.020459267941818945, 0.04337610699439727
2009-09-26, 0.2109322709768397, 0.8593886462882099, 0.5970149253731339, 0.0863242812732835, 0.04652647904027683, 0.01927135908965769, 0.01509710181393964, 0.020459267941818945, 0.04337610699439727
2009-09-26, 0.2109322709768397, 0.8593886462882099, 0.5970149253731339, 0.0863242812732835, 0.04652647904027683, 0.01927135908965769, 0.01509710181393964, 0.020459267941818945, 0.04337610699439727
2009-09-26, 0.2109322709768397, 0.8593886462882099, 0.5970149253731339, 0.0863242812732835, 0.04652647904027683, 0.01927135908965769, 0.01509710181393964, 0.020459267941818945, 0.04337610699439727
2009-09-26, 0.2109322709768397, 0.8593886462882099, 0.5970149253731339, 0.0863242812732835, 0.04652647904027683, 0.01927135908965769, 0.01509710181393964, 0.020459267941818945, 0.04337610699439727
2009-09-26, 0.2109322709768397, 0.8593886462882099, 0.5970149253731339, 0.0863242812732835, 0.04652647904027683, 0.01927135908965769, 0.01509710181393964, 0.020459267941818945, 0.04337610699439727
2009-09-26, 0.2109322709768397, 0.8593886462882099, 0.5970149253731339, 0.0863242812732835, 0.04652647904027683, 0.01927135908965769, 0.01509710181393964, 0.020459267941818945, 0.04337610699439727
2009-09-26, 0.25444184614279214, 0.6078602620087337, 0.6900562124442718, 0.2959689643655425, 0.2928431327829221, 0.027530512985225283, 0.010979710410137941, 0.0332463104054558, 0.07704966374004776
2009-09-26, 0.25444184614279214, 0.6078602620087337, 0.6900562124442718, 0.2959689643655425, 0.2928431327829221, 0.027530512985225283, 0.010979710410137941, 0.0332463104054558, 0.07704966374004776
2009-09-26, 0.16323975458217704, 0.6078602620087337, 0.542740841248304, 0.015415050227371661, 0.06021073758153604, 0.01651830779113516, 0.012352174211405184, 0.010868986094091315, 0.039951677494839584
2009-09-26, 0.22676526586875934, 0.9432314410480352, 0.4341926729986428, 0.18498060272846323, 0.14505314053733456, 0.022024410388180222, 0.01509710181393964, 0.020459267941818945, 0.049083489493660044
2009-08-27, 0.25065899779564815, 0.6497816593886454, 0.5737546036053499, 0.2065616730467841, 0.46252793869452213, 0.022024410388180222, 0.01509710181393964, 0.023016676434546343, 0.052507918993217724
2009-08-27, 0.24255344169045934, 0.7755458515283835, 0.5892614847838726, 0.3637951853659789, 0.09305295808055464, 0.01927135908965769, 0.013724638012672397, 0.02813149342000106, 0.05764456324255426
2009-08-27, 0.24255344169045934, 0.7755458515283835, 0.5892614847838726, 0.3637951853659789, 0.09305295808055464, 0.01927135908965769, 0.013724638012672397, 0.02813149342000106, 0.05764456324255426
2009-08-27, 0.24255344169045934, 0.7755458515283835, 0.5892614847838726, 0.3637951853659789, 0.09305295808055464, 0.01927135908965769, 0.013724638012672397, 0.02813149342000106, 0.05764456324255426
2009-08-27, 0.24255344169045934, 0.7755458515283835, 0.5892614847838726, 0.3637951853659789, 0.09305295808055464, 0.01927135908965769, 0.013724638012672397, 0.02813149342000106, 0.05764456324255426
2009-08-27, 0.24255344169045934, 0.7755458515283835, 0.5892614847838726, 0.3637951853659789, 0.09305295808055464, 0.01927135908965769, 0.013724638012672397, 0.02813149342000106, 0.05764456324255426
2009-08-27, 0.24255344169045934, 0.7755458515283835, 0.5892614847838726, 0.3637951853659789, 0.09305295808055464, 0.01927135908965769, 0.013724638012672397, 0.02813149342000106, 0.05764456324255426
2009-08-27, 0.24255344169045934, 0.7755458515283835, 0.5892614847838726, 0.3637951853659789, 0.09305295808055464, 0.01927135908965769, 0.013724638012672397, 0.02813149342000106, 0.05764456324255426
2009-08-27, 0.24255344169045934, 0.7755458515283835, 0.5892614847838726, 0.3637951853659789, 0.09305295808055464, 0.01927135908965769, 0.013724638012672397, 0.02813149342000106, 0.05764456324255426
2009-08-27, 0.24255344169045934, 0.7755458515283835, 0.5892614847838726, 0.3637951853659789, 0.09305295808055464, 0.01927135908965769, 0.013724638012672397, 0.02813149342000106, 0.05764456324255426
2009-08-27, 0.24255344169045934, 0.7755458515283835, 0.5892614847838726, 0.3637951853659789, 0.09305295808055464, 0.01927135908965769, 0.013724638012672397, 0.02813149342000106, 0.05764456324255426
2009-08-27, 0.22109097443441614, 0.25152838427947527, 0.7753440589261483, 0.4532024766847362, 0.16421110249509688, 0.030283564283747816, 0.013724638012672397, 0.026213437050455545, 0.05422013374299658
2009-08-27, 0.22109097443441614, 0.25152838427947527, 0.7753440589261483, 0.4532024766847362, 0.16421110249509688, 0.030283564283747816, 0.013724638012672397, 0.026213437050455545, 0.05422013374299658
2009-08-27, 0.20489406628861465, 0.20960698689956256, 0.852878464818763, 0.22505973331963008, 0.227158691784884, 0.027530512985225283, 0.012352174211405184, 0.02749214129681923, 0.05707382499262797
2009-08-27, 0.20554172177563576, 0.23056768558951937, 0.7830974995154097, 0.34838013513860666, 0.15326369566209067, 0.024777461686702754, 0.012352174211405184, 0.03196760615909212, 0.05992751624225938
2009-07-28, 0.20692976328663487, 0.46113537117903874, 0.6667958906764871, 0.28671993422911896, 0.10126351320530977, 0.03303661558227035, 0.013724638012672426, 0.029410197666364744, 0.06335194574181703
2009-07-28, 0.2636235055590352, 0.7336244541484709, 0.7055630936227951, 0.49328160727590303, 0.06294758928978711, 0.027530512985225283, 0.019214493217741366, 0.02173797218818263, 0.045088321744176096
2009-07-28, 0.2636235055590352, 0.7336244541484709, 0.7055630936227951, 0.49328160727590303, 0.06294758928978711, 0.027530512985225283, 0.019214493217741366, 0.02173797218818263, 0.045088321744176096
2009-07-28, 0.2636235055590352, 0.7336244541484709, 0.7055630936227951, 0.49328160727590303, 0.06294758928978711, 0.027530512985225283, 0.019214493217741366, 0.02173797218818263, 0.045088321744176096
2009-07-28, 0.2636235055590352, 0.7336244541484709, 0.7055630936227951, 0.49328160727590303, 0.06294758928978711, 0.027530512985225283, 0.019214493217741366, 0.02173797218818263, 0.045088321744176096
2009-07-28, 0.2636235055590352, 0.7336244541484709, 0.7055630936227951, 0.49328160727590303, 0.06294758928978711, 0.027530512985225283, 0.019214493217741366, 0.02173797218818263, 0.045088321744176096
2009-07-28, 0.2636235055590352, 0.7336244541484709, 0.7055630936227951, 0.49328160727590303, 0.06294758928978711, 0.027530512985225283, 0.019214493217741366, 0.02173797218818263, 0.045088321744176096
2009-07-28, 0.2636235055590352, 0.7336244541484709, 0.7055630936227951, 0.49328160727590303, 0.06294758928978711, 0.027530512985225283, 0.019214493217741366, 0.02173797218818263, 0.045088321744176096
2009-07-28, 0.2636235055590352, 0.7336244541484709, 0.7055630936227951, 0.49328160727590303, 0.06294758928978711, 0.027530512985225283, 0.019214493217741366, 0.02173797218818263, 0.045088321744176096
2009-07-28, 0.2636235055590352, 0.7336244541484709, 0.7055630936227951, 0.49328160727590303, 0.06294758928978711, 0.027530512985225283, 0.019214493217741366, 0.02173797218818263, 0.045088321744176096
2009-07-28, 0.2636235055590352, 0.7336244541484709, 0.7055630936227951, 0.49328160727590303, 0.06294758928978711, 0.027530512985225283, 0.019214493217741366, 0.02173797218818263, 0.045088321744176096
2009-07-28, 0.21653095300688602, 0.2724890829694321, 0.7443302965691024, 0.1911466228194119, 0.4023172011129871, 0.03303661558227035, 0.012352174211405184, 0.027492141296819202, 0.049083489493660044
2009-07-28, 0.21653095300688602, 0.2724890829694321, 0.7443302965691024, 0.1911466228194119, 0.4023172011129871, 0.03303661558227035, 0.012352174211405184, 0.027492141296819202, 0.049083489493660044
2009-07-28, 0.26791981031443196, 0.48209606986899556, 0.8451250242295016, 0.4593684967756848, 0.227158691784884, 0.030283564283747816, 0.017842029416474125, 0.030688901912728432, 0.05079570424343887
2009-07-28, 0.21653095300688602, 0.2724890829694321, 0.7443302965691024, 0.1911466228194119, 0.4023172011129871, 0.03303661558227035, 0.012352174211405184, 0.027492141296819202, 0.049083489493660044
2009-06-28, 0.2201275309971914, 0.2724890829694321, 0.8141112618724556, 0.19422963286488676, 0.35579072207270923, 0.03578966688079288, 0.013724638012672397, 0.02237732431136446, 0.052507918993217724
2009-06-28, 0.18032149794431962, 0.0838427947598254, 0.6280286877301798, 0.43778742645736396, 0.16421110249509688, 0.024777461686702782, 0.023331884621543095, 0.02237732431136446, 0.058215301492480526
2009-06-28, 0.18032149794431962, 0.0838427947598254, 0.6280286877301798, 0.43778742645736396, 0.16421110249509688, 0.024777461686702782, 0.023331884621543095, 0.02237732431136446, 0.058215301492480526
2009-06-28, 0.18032149794431962, 0.0838427947598254, 0.6280286877301798, 0.43778742645736396, 0.16421110249509688, 0.024777461686702782, 0.023331884621543095, 0.02237732431136446, 0.058215301492480526
2009-06-28, 0.18032149794431962, 0.0838427947598254, 0.6280286877301798, 0.43778742645736396, 0.16421110249509688, 0.024777461686702782, 0.023331884621543095, 0.02237732431136446, 0.058215301492480526
2009-06-28, 0.18032149794431962, 0.0838427947598254, 0.6280286877301798, 0.43778742645736396, 0.16421110249509688, 0.024777461686702782, 0.023331884621543095, 0.02237732431136446, 0.058215301492480526
2009-06-28, 0.18032149794431962, 0.0838427947598254, 0.6280286877301798, 0.43778742645736396, 0.16421110249509688, 0.024777461686702782, 0.023331884621543095, 0.02237732431136446, 0.058215301492480526
2009-06-28, 0.18032149794431962, 0.0838427947598254, 0.6280286877301798, 0.43778742645736396, 0.16421110249509688, 0.024777461686702782, 0.023331884621543095, 0.02237732431136446, 0.058215301492480526
2009-06-28, 0.18032149794431962, 0.0838427947598254, 0.6280286877301798, 0.43778742645736396, 0.16421110249509688, 0.024777461686702782, 0.023331884621543095, 0.02237732431136446, 0.058215301492480526
2009-06-28, 0.18032149794431962, 0.0838427947598254, 0.6280286877301798, 0.43778742645736396, 0.16421110249509688, 0.024777461686702782, 0.023331884621543095, 0.02237732431136446, 0.058215301492480526
2009-06-28, 0.18032149794431962, 0.0838427947598254, 0.6280286877301798, 0.43778742645736396, 0.16421110249509688, 0.024777461686702782, 0.023331884621543095, 0.02237732431136446, 0.058215301492480526
2009-06-28, 0.20566170673873926, 0.1676855895196508, 0.7210699748013177, 0.00924903013642245, 0.5993705241071026, 0.03578966688079288, 0.01509710181393964, 0.03196760615909212, 0.06506416049159586
2009-06-28, 0.20566170673873926, 0.1676855895196508, 0.7210699748013177, 0.00924903013642245, 0.5993705241071026, 0.03578966688079288, 0.01509710181393964, 0.03196760615909212, 0.06506416049159586
2009-06-28, 0.14444126345587285, 0.06288209606986951, 0.4496995541771661, 0.25897284381984936, 0.24357980203439328, 0.027530512985225315, 0.017842029416474125, 0.03452501465181949, 0.06049825449218562
2009-06-28, 0.21460362386422002, 0.2515283842794762, 0.6435355689087032, 0.18189759268298944, 0.5172649728595541, 0.030283564283747847, 0.019214493217741366, 0.02173797218818263, 0.051366442493365166
2009-05-29, 0.1711163025507811, 0.06288209606986858, 0.7055630936227951, 0.4316214063664153, 0.041052775623774705, 0.030283564283747816, 0.02058695701900861, 0.02557408492727369, 0.051366442493365166
2009-05-29, 0.1692287412408843, 0.10480349344978128, 0.534987400659042, 0.49636461732137793, 0.10947406833006491, 0.027530512985225283, 0.01646956561520688, 0.01854121157227343, 0.045659059994102365
2009-05-29, 0.1692287412408843, 0.10480349344978128, 0.534987400659042, 0.49636461732137793, 0.10947406833006491, 0.027530512985225283, 0.01646956561520688, 0.01854121157227343, 0.045659059994102365
2009-05-29, 0.1692287412408843, 0.10480349344978128, 0.534987400659042, 0.49636461732137793, 0.10947406833006491, 0.027530512985225283, 0.01646956561520688, 0.01854121157227343, 0.045659059994102365
2009-05-29, 0.1692287412408843, 0.10480349344978128, 0.534987400659042, 0.49636461732137793, 0.10947406833006491, 0.027530512985225283, 0.01646956561520688, 0.01854121157227343, 0.045659059994102365
2009-05-29, 0.1692287412408843, 0.10480349344978128, 0.534987400659042, 0.49636461732137793, 0.10947406833006491, 0.027530512985225283, 0.01646956561520688, 0.01854121157227343, 0.045659059994102365
2009-05-29, 0.1692287412408843, 0.10480349344978128, 0.534987400659042, 0.49636461732137793, 0.10947406833006491, 0.027530512985225283, 0.01646956561520688, 0.01854121157227343, 0.045659059994102365
2009-05-29, 0.1692287412408843, 0.10480349344978128, 0.534987400659042, 0.49636461732137793, 0.10947406833006491, 0.027530512985225283, 0.01646956561520688, 0.01854121157227343, 0.045659059994102365
2009-05-29, 0.1692287412408843, 0.10480349344978128, 0.534987400659042, 0.49636461732137793, 0.10947406833006491, 0.027530512985225283, 0.01646956561520688, 0.01854121157227343, 0.045659059994102365
2009-05-29, 0.1692287412408843, 0.10480349344978128, 0.534987400659042, 0.49636461732137793, 0.10947406833006491, 0.027530512985225283, 0.01646956561520688, 0.01854121157227343, 0.045659059994102365
2009-05-29, 0.1692287412408843, 0.10480349344978128, 0.534987400659042, 0.49636461732137793, 0.10947406833006491, 0.027530512985225283, 0.01646956561520688, 0.01854121157227343, 0.045659059994102365
2009-05-29, 0.18531188101656906, 0.10480349344978128, 0.5504942818375653, 0.20964468309225898, 0.4789490489440314, 0.024777461686702782, 0.019214493217741366, 0.030688901912728432, 0.0639226839917433
2009-05-29, 0.18531188101656906, 0.10480349344978128, 0.5504942818375653, 0.20964468309225898, 0.4789490489440314, 0.024777461686702782, 0.019214493217741366, 0.030688901912728432, 0.0639226839917433
2009-05-29, 0.16896345606968913, 0.0, 0.534987400659042, 0.2404747835470023, 0.4214751630707484, 0.01927135908965772, 0.02195942082027585, 0.042197240130001604, 0.07134228124078495
2009-05-29, 0.1726318200572167, 0.23056768558951937, 0.6357821283194413, 0.38537625568429973, 0.005473703416503099, 0.024777461686702782, 0.019214493217741366, 0.026213437050455545, 0.05364939549307029
2009-04-29, 0.23312325950470245, 0.4401746724890829, 0.6125218065516572, 0.11098836163707815, 0.5528440450668247, 0.04129576947783791, 0.02058695701900861, 0.02493473280409186, 0.061639730992038205
2009-04-29, 0.1742983612832827, 0.14672489082969398, 0.542740841248304, 0.052411170773064196, 0.5282123796925603, 0.03578966688079288, 0.02058695701900861, 0.01598380307954606, 0.051937180743291456
2009-04-29, 0.1742983612832827, 0.14672489082969398, 0.542740841248304, 0.052411170773064196, 0.5282123796925603, 0.03578966688079288, 0.02058695701900861, 0.01598380307954606, 0.051937180743291456
2009-04-29, 0.1742983612832827, 0.14672489082969398, 0.542740841248304, 0.052411170773064196, 0.5282123796925603, 0.03578966688079288, 0.02058695701900861, 0.01598380307954606, 0.051937180743291456
2009-04-29, 0.1742983612832827, 0.14672489082969398, 0.542740841248304, 0.052411170773064196, 0.5282123796925603, 0.03578966688079288, 0.02058695701900861, 0.01598380307954606, 0.051937180743291456
2009-04-29, 0.1742983612832827, 0.14672489082969398, 0.542740841248304, 0.052411170773064196, 0.5282123796925603, 0.03578966688079288, 0.02058695701900861, 0.01598380307954606, 0.051937180743291456
2009-04-29, 0.1742983612832827, 0.14672489082969398, 0.542740841248304, 0.052411170773064196, 0.5282123796925603, 0.03578966688079288, 0.02058695701900861, 0.01598380307954606, 0.051937180743291456
2009-04-29, 0.1742983612832827, 0.14672489082969398, 0.542740841248304, 0.052411170773064196, 0.5282123796925603, 0.03578966688079288, 0.02058695701900861, 0.01598380307954606, 0.051937180743291456
2009-04-29, 0.1742983612832827, 0.14672489082969398, 0.542740841248304, 0.052411170773064196, 0.5282123796925603, 0.03578966688079288, 0.02058695701900861, 0.01598380307954606, 0.051937180743291456
2009-04-29, 0.1742983612832827, 0.14672489082969398, 0.542740841248304, 0.052411170773064196, 0.5282123796925603, 0.03578966688079288, 0.02058695701900861, 0.01598380307954606, 0.051937180743291456
2009-04-29, 0.1742983612832827, 0.14672489082969398, 0.542740841248304, 0.052411170773064196, 0.5282123796925603, 0.03578966688079288, 0.02058695701900861, 0.01598380307954606, 0.051937180743291456
2009-04-29, 0.1962917587242998, 0.31441048034934477, 0.6357821283194413, 0.1726485625465659, 0.2682114674086577, 0.046801872074882976, 0.019214493217741366, 0.039639831637274234, 0.07362523424049008
2009-04-29, 0.1962917587242998, 0.31441048034934477, 0.6357821283194413, 0.1726485625465659, 0.2682114674086577, 0.046801872074882976, 0.019214493217741366, 0.039639831637274234, 0.07362523424049008
2009-04-29, 0.2134050305147111, 0.3772925764192134, 0.7830974995154097, 0.26822187395627184, 0.1368425854125804, 0.04129576947783791, 0.017842029416474125, 0.02557408492727369, 0.05707382499262797
2009-04-29, 0.17250920739861456, 0.04192139737991177, 0.5272339600697806, 0.37921023559335, 0.26547461570040665, 0.044048820776360444, 0.02058695701900861, 0.03196760615909212, 0.06963006649100613
2009-03-30, 0.19854498334220383, 0.31441048034934477, 0.5039736383019967, 0.3761272255478762, 0.26547461570040665, 0.024777461686702782, 0.019214493217741366, 0.020459267941818973, 0.06392268399174333
2009-03-30, 0.21945153239134543, 0.5240174672489083, 0.4807133165342128, 0.4501194666392624, 0.1997901747023675, 0.024777461686702782, 0.01646956561520688, 0.014065746710000543, 0.045659059994102386
2009-03-30, 0.21945153239134543, 0.5240174672489083, 0.4807133165342128, 0.4501194666392624, 0.1997901747023675, 0.024777461686702782, 0.01646956561520688, 0.014065746710000543, 0.045659059994102386
2009-03-30, 0.21945153239134543, 0.5240174672489083, 0.4807133165342128, 0.4501194666392624, 0.1997901747023675, 0.024777461686702782, 0.01646956561520688, 0.014065746710000543, 0.045659059994102386
2009-03-30, 0.21945153239134543, 0.5240174672489083, 0.4807133165342128, 0.4501194666392624, 0.1997901747023675, 0.024777461686702782, 0.01646956561520688, 0.014065746710000543, 0.045659059994102386
2009-03-30, 0.21945153239134543, 0.5240174672489083, 0.4807133165342128, 0.4501194666392624, 0.1997901747023675, 0.024777461686702782, 0.01646956561520688, 0.014065746710000543, 0.045659059994102386
2009-03-30, 0.21945153239134543, 0.5240174672489083, 0.4807133165342128, 0.4501194666392624, 0.1997901747023675, 0.024777461686702782, 0.01646956561520688, 0.014065746710000543, 0.045659059994102386
2009-03-30, 0.21945153239134543, 0.5240174672489083, 0.4807133165342128, 0.4501194666392624, 0.1997901747023675, 0.024777461686702782, 0.01646956561520688, 0.014065746710000543, 0.045659059994102386
2009-03-30, 0.21945153239134543, 0.5240174672489083, 0.4807133165342128, 0.4501194666392624, 0.1997901747023675, 0.024777461686702782, 0.01646956561520688, 0.014065746710000543, 0.045659059994102386
2009-03-30, 0.21945153239134543, 0.5240174672489083, 0.4807133165342128, 0.4501194666392624, 0.1997901747023675, 0.024777461686702782, 0.01646956561520688, 0.014065746710000543, 0.045659059994102386
2009-03-30, 0.21945153239134543, 0.5240174672489083, 0.4807133165342128, 0.4501194666392624, 0.1997901747023675, 0.024777461686702782, 0.01646956561520688, 0.014065746710000543, 0.045659059994102386
2009-03-30, 0.16073744530683345, 0.0, 0.4962201977127354, 0.14181846209182258, 0.5063175660265479, 0.03578966688079288, 0.012352174211405154, 0.030049549789546603, 0.06335194574181703
2009-03-30, 0.16073744530683345, 0.0, 0.4962201977127354, 0.14181846209182258, 0.5063175660265479, 0.03578966688079288, 0.012352174211405154, 0.030049549789546603, 0.06335194574181703
2009-03-30, 0.16438641591146055, 0.31441048034934477, 0.5117270788912587, 0.32988207486576065, 0.035579072207271606, 0.03303661558227035, 0.012352174211405154, 0.020459267941818973, 0.05764456324255426
2009-03-30, 0.18931494440044544, 0.10480349344978128, 0.5660011630160886, 0.31755003468386334, 0.3886329425717288, 0.030283564283747816, 0.017842029416474125, 0.030049549789546603, 0.05935677799233309
2009-02-28, 0.1476574253737463, 0.2096069868995635, 0.21709633649932106, 0.28363692418364406, 0.35579072207270923, 0.04129576947783794, 0.010979710410137941, 0.016623155202727915, 0.046229798244028654
2009-02-28, 0.18570954624918587, 0.3982532751091702, 0.255863539445629, 0.5765228785037116, 0.16421110249509688, 0.027530512985225283, 0.01646956561520688, 0.010868986094091315, 0.035956509745355615
2009-02-28, 0.18570954624918587, 0.3982532751091702, 0.255863539445629, 0.5765228785037116, 0.16421110249509688, 0.027530512985225283, 0.01646956561520688, 0.010868986094091315, 0.035956509745355615
2009-02-28, 0.18570954624918587, 0.3982532751091702, 0.255863539445629, 0.5765228785037116, 0.16421110249509688, 0.027530512985225283, 0.01646956561520688, 0.010868986094091315, 0.035956509745355615
2009-02-28, 0.18570954624918587, 0.3982532751091702, 0.255863539445629, 0.5765228785037116, 0.16421110249509688, 0.027530512985225283, 0.01646956561520688, 0.010868986094091315, 0.035956509745355615
2009-02-28, 0.18570954624918587, 0.3982532751091702, 0.255863539445629, 0.5765228785037116, 0.16421110249509688, 0.027530512985225283, 0.01646956561520688, 0.010868986094091315, 0.035956509745355615
2009-02-28, 0.18570954624918587, 0.3982532751091702, 0.255863539445629, 0.5765228785037116, 0.16421110249509688, 0.027530512985225283, 0.01646956561520688, 0.010868986094091315, 0.035956509745355615
2009-02-28, 0.18570954624918587, 0.3982532751091702, 0.255863539445629, 0.5765228785037116, 0.16421110249509688, 0.027530512985225283, 0.01646956561520688, 0.010868986094091315, 0.035956509745355615
2009-02-28, 0.18570954624918587, 0.3982532751091702, 0.255863539445629, 0.5765228785037116, 0.16421110249509688, 0.027530512985225283, 0.01646956561520688, 0.010868986094091315, 0.035956509745355615
2009-02-28, 0.18570954624918587, 0.3982532751091702, 0.255863539445629, 0.5765228785037116, 0.16421110249509688, 0.027530512985225283, 0.01646956561520688, 0.010868986094091315, 0.035956509745355615
2009-02-28, 0.18570954624918587, 0.3982532751091702, 0.255863539445629, 0.5765228785037116, 0.16421110249509688, 0.027530512985225283, 0.01646956561520688, 0.010868986094091315, 0.035956509745355615
2009-02-28, 0.1476574253737463, 0.2096069868995635, 0.21709633649932106, 0.28363692418364406, 0.35579072207270923, 0.04129576947783794, 0.010979710410137941, 0.016623155202727915, 0.046229798244028654
2009-02-28, 0.1476574253737463, 0.2096069868995635, 0.21709633649932106, 0.28363692418364406, 0.35579072207270923, 0.04129576947783794, 0.010979710410137941, 0.016623155202727915, 0.046229798244028654
2009-02-28, 0.13286809329477575, 0.0419213973799127, 0.31013762357045893, 0.12948642190992415, 0.4515805318615159, 0.03854271817931541, 0.010979710410137941, 0.02493473280409186, 0.05536161024284914
2009-02-28, 0.14074412829717706, 0.020960698689956814, 0.28687730180267496, 0.4501194666392613, 0.23810609861789017, 0.03303661558227035, 0.013724638012672426, 0.030049549789546603, 0.05307865724314402
2009-01-29, 0.1495714637524521, 0.14672489082969398, 0.16282225237449113, 0.13256943195539903, 0.6294758928978701, 0.027530512985225283, 0.01509710181393964, 0.02813149342000106, 0.05422013374299658
2009-01-29, 0.15114589036156617, 0.3982532751091702, 0.17832913355301377, 0.41620635613904305, 0.13410573370432935, 0.030283564283747816, 0.013724638012672426, 0.010868986094091315, 0.027395435996461447
2009-01-29, 0.15114589036156617, 0.3982532751091702, 0.17832913355301377, 0.41620635613904305, 0.13410573370432935, 0.030283564283747816, 0.013724638012672426, 0.010868986094091315, 0.027395435996461447
2009-01-29, 0.15114589036156617, 0.3982532751091702, 0.17832913355301377, 0.41620635613904305, 0.13410573370432935, 0.030283564283747816, 0.013724638012672426, 0.010868986094091315, 0.027395435996461447
2009-01-29, 0.15114589036156617, 0.3982532751091702, 0.17832913355301377, 0.41620635613904305, 0.13410573370432935, 0.030283564283747816, 0.013724638012672426, 0.010868986094091315, 0.027395435996461447
2009-01-29, 0.15114589036156617, 0.3982532751091702, 0.17832913355301377, 0.41620635613904305, 0.13410573370432935, 0.030283564283747816, 0.013724638012672426, 0.010868986094091315, 0.027395435996461447
2009-01-29, 0.15114589036156617, 0.3982532751091702, 0.17832913355301377, 0.41620635613904305, 0.13410573370432935, 0.030283564283747816, 0.013724638012672426, 0.010868986094091315, 0.027395435996461447
2009-01-29, 0.15114589036156617, 0.3982532751091702, 0.17832913355301377, 0.41620635613904305, 0.13410573370432935, 0.030283564283747816, 0.013724638012672426, 0.010868986094091315, 0.027395435996461447
2009-01-29, 0.15114589036156617, 0.3982532751091702, 0.17832913355301377, 0.41620635613904305, 0.13410573370432935, 0.030283564283747816, 0.013724638012672426, 0.010868986094091315, 0.027395435996461447
2009-01-29, 0.15114589036156617, 0.3982532751091702, 0.17832913355301377, 0.41620635613904305, 0.13410573370432935, 0.030283564283747816, 0.013724638012672426, 0.010868986094091315, 0.027395435996461447
2009-01-29, 0.15114589036156617, 0.3982532751091702, 0.17832913355301377, 0.41620635613904305, 0.13410573370432935, 0.030283564283747816, 0.013724638012672426, 0.010868986094091315, 0.027395435996461447
2009-01-29, 0.1388360310946067, 0.1886462882096067, 0.06978096530335325, 0.12948642190992415, 0.5911599689823474, 0.03854271817931541, 0.006862319006336213, 0.026852789173637374, 0.05935677799233309
2009-01-29, 0.1388360310946067, 0.1886462882096067, 0.06978096530335325, 0.12948642190992415, 0.5911599689823474, 0.03854271817931541, 0.006862319006336213, 0.026852789173637374, 0.05935677799233309
2009-01-29, 0.1440703797335516, 0.1886462882096067, 0.007753440589261319, 0.3206330447293371, 0.5035807143182959, 0.03578966688079288, 0.009607246608870698, 0.030049549789546603, 0.0565030867427017
2009-01-29, 0.11356485103338552, 0.0, 0.0465206435355686, 0.4593684967756848, 0.2791588742416639, 0.03303661558227035, 0.012352174211405184, 0.02557408492727369, 0.05250791899321775
2008-12-30, 0.2075813542223309, 0.23056768558951937, 0.4109323512308588, 0.514862677594225, 0.35579072207270923, 0.03854271817931541, 0.012352174211405184, 0.03196760615909212, 0.06563489874152216
2008-12-30, 0.24009525134663523, 0.5449781659388642, 0.5815080441946113, 0.6782622100043685, 0.019157961957761333, 0.03303661558227035, 0.01646956561520691, 0.005114816985454715, 0.042234630494544685
2008-12-30, 0.24009525134663523, 0.5449781659388642, 0.5815080441946113, 0.6782622100043685, 0.019157961957761333, 0.03303661558227035, 0.01646956561520691, 0.005114816985454715, 0.042234630494544685
2008-12-30, 0.24009525134663523, 0.5449781659388642, 0.5815080441946113, 0.6782622100043685, 0.019157961957761333, 0.03303661558227035, 0.01646956561520691, 0.005114816985454715, 0.042234630494544685
2008-12-30, 0.24009525134663523, 0.5449781659388642, 0.5815080441946113, 0.6782622100043685, 0.019157961957761333, 0.03303661558227035, 0.01646956561520691, 0.005114816985454715, 0.042234630494544685
2008-12-30, 0.24009525134663523, 0.5449781659388642, 0.5815080441946113, 0.6782622100043685, 0.019157961957761333, 0.03303661558227035, 0.01646956561520691, 0.005114816985454715, 0.042234630494544685
2008-12-30, 0.24009525134663523, 0.5449781659388642, 0.5815080441946113, 0.6782622100043685, 0.019157961957761333, 0.03303661558227035, 0.01646956561520691, 0.005114816985454715, 0.042234630494544685
2008-12-30, 0.24009525134663523, 0.5449781659388642, 0.5815080441946113, 0.6782622100043685, 0.019157961957761333, 0.03303661558227035, 0.01646956561520691, 0.005114816985454715, 0.042234630494544685
2008-12-30, 0.24009525134663523, 0.5449781659388642, 0.5815080441946113, 0.6782622100043685, 0.019157961957761333, 0.03303661558227035, 0.01646956561520691, 0.005114816985454715, 0.042234630494544685
2008-12-30, 0.24009525134663523, 0.5449781659388642, 0.5815080441946113, 0.6782622100043685, 0.019157961957761333, 0.03303661558227035, 0.01646956561520691, 0.005114816985454715, 0.042234630494544685
2008-12-30, 0.24009525134663523, 0.5449781659388642, 0.5815080441946113, 0.6782622100043685, 0.019157961957761333, 0.03303661558227035, 0.01646956561520691, 0.005114816985454715, 0.042234630494544685
2008-12-30, 0.18538217690017988, 0.23056768558951937, 0.4109323512308588, 0.25897284381984936, 0.42421201477899945, 0.03578966688079288, 0.013724638012672426, 0.035803718898183144, 0.07305449599056378
2008-12-30, 0.18538217690017988, 0.23056768558951937, 0.4109323512308588, 0.25897284381984936, 0.42421201477899945, 0.03578966688079288, 0.013724638012672426, 0.035803718898183144, 0.07305449599056378
2008-12-30, 0.18417399939444912, 0.2515283842794762, 0.41868579182012017, 0.4254553862754677, 0.23536924690963815, 0.03854271817931541, 0.010979710410137941, 0.030049549789546572, 0.06278120749189074
2008-12-30, 0.2363702203782759, 0.6078602620087337, 0.5194805194805193, 0.6196850191403545, 0.024631665374264432, 0.04129576947783794, 0.009607246608870698, 0.020459267941818945, 0.04794201299380749
2008-11-30, 0.12938702175952033, 0.14672489082969398, 0.12405504942818316, 0.2373917735015285, 0.3941066459882319, 0.04129576947783794, 0.008234782807603456, 0.026213437050455545, 0.05707382499262797
2008-11-30, 0.13495265101368878, 0.46113537117903874, 0.32564450474898227, 0.04624515068211608, 0.14505314053733553, 0.03854271817931541, 0.005489855205068971, 0.014705098833182372, 0.042805368744470974
2008-11-30, 0.13495265101368878, 0.46113537117903874, 0.32564450474898227, 0.04624515068211608, 0.14505314053733553, 0.03854271817931541, 0.005489855205068971, 0.014705098833182372, 0.042805368744470974
2008-11-30, 0.13495265101368878, 0.46113537117903874, 0.32564450474898227, 0.04624515068211608, 0.14505314053733553, 0.03854271817931541, 0.005489855205068971, 0.014705098833182372, 0.042805368744470974
2008-11-30, 0.13495265101368878, 0.46113537117903874, 0.32564450474898227, 0.04624515068211608, 0.14505314053733553, 0.03854271817931541, 0.005489855205068971, 0.014705098833182372, 0.042805368744470974
2008-11-30, 0.13495265101368878, 0.46113537117903874, 0.32564450474898227, 0.04624515068211608, 0.14505314053733553, 0.03854271817931541, 0.005489855205068971, 0.014705098833182372, 0.042805368744470974
2008-11-30, 0.13495265101368878, 0.46113537117903874, 0.32564450474898227, 0.04624515068211608, 0.14505314053733553, 0.03854271817931541, 0.005489855205068971, 0.014705098833182372, 0.042805368744470974
2008-11-30, 0.13495265101368878, 0.46113537117903874, 0.32564450474898227, 0.04624515068211608, 0.14505314053733553, 0.03854271817931541, 0.005489855205068971, 0.014705098833182372, 0.042805368744470974
2008-11-30, 0.13495265101368878, 0.46113537117903874, 0.32564450474898227, 0.04624515068211608, 0.14505314053733553, 0.03854271817931541, 0.005489855205068971, 0.014705098833182372, 0.042805368744470974
2008-11-30, 0.13495265101368878, 0.46113537117903874, 0.32564450474898227, 0.04624515068211608, 0.14505314053733553, 0.03854271817931541, 0.005489855205068971, 0.014705098833182372, 0.042805368744470974
2008-11-30, 0.13495265101368878, 0.46113537117903874, 0.32564450474898227, 0.04624515068211608, 0.14505314053733553, 0.03854271817931541, 0.005489855205068971, 0.014705098833182372, 0.042805368744470974
2008-11-30, 0.11718802667594698, 0.20960698689956256, 0.23260321767784436, 0.16031652236466856, 0.2107375815353737, 0.04404882077636046, 0.005489855205068971, 0.01534445095636423, 0.05935677799233309
2008-11-30, 0.11718802667594698, 0.20960698689956256, 0.23260321767784436, 0.16031652236466856, 0.2107375815353737, 0.04404882077636046, 0.005489855205068971, 0.01534445095636423, 0.05935677799233309
2008-11-30, 0.11496383118804396, 0.12576419213973716, 0.1395619306067065, 0.2959689643655425, 0.24631665374264433, 0.04129576947783794, 0.0027449276025344853, 0.017262507325909743, 0.0507957042434389
2008-11-30, 0.13933557771904165, 0.33537117903930064, 0.25586353944562834, 0.015415050227371661, 0.40505405282123813, 0.03854271817931541, 0.005489855205068971, 0.012147690340455, 0.04680053649395492
2008-10-31, 0.14132330104132165, 0.35633187772925745, 0.20158945532079842, 0.40387431595714574, 0.08757925466405153, 0.0275305129852253, 0.00274492760253447, 0.017262507325909743, 0.03367355674565049
2008-10-31, 0.1262124579895188, 0.0419213973799127, 0.2868773018026743, 0.20656167304678463, 0.4077909045294892, 0.024777461686702768, 0.0068623190063361985, 0.011508338217273144, 0.023400268246977475
2008-10-31, 0.1262124579895188, 0.0419213973799127, 0.2868773018026743, 0.20656167304678463, 0.4077909045294892, 0.024777461686702768, 0.0068623190063361985, 0.011508338217273144, 0.023400268246977475
2008-10-31, 0.1262124579895188, 0.0419213973799127, 0.2868773018026743, 0.20656167304678463, 0.4077909045294892, 0.024777461686702768, 0.0068623190063361985, 0.011508338217273144, 0.023400268246977475
2008-10-31, 0.1262124579895188, 0.0419213973799127, 0.2868773018026743, 0.20656167304678463, 0.4077909045294892, 0.024777461686702768, 0.0068623190063361985, 0.011508338217273144, 0.023400268246977475
2008-10-31, 0.1262124579895188, 0.0419213973799127, 0.2868773018026743, 0.20656167304678463, 0.4077909045294892, 0.024777461686702768, 0.0068623190063361985, 0.011508338217273144, 0.023400268246977475
2008-10-31, 0.1262124579895188, 0.0419213973799127, 0.2868773018026743, 0.20656167304678463, 0.4077909045294892, 0.024777461686702768, 0.0068623190063361985, 0.011508338217273144, 0.023400268246977475
2008-10-31, 0.1262124579895188, 0.0419213973799127, 0.2868773018026743, 0.20656167304678463, 0.4077909045294892, 0.024777461686702768, 0.0068623190063361985, 0.011508338217273144, 0.023400268246977475
2008-10-31, 0.1262124579895188, 0.0419213973799127, 0.2868773018026743, 0.20656167304678463, 0.4077909045294892, 0.024777461686702768, 0.0068623190063361985, 0.011508338217273144, 0.023400268246977475
2008-10-31, 0.1262124579895188, 0.0419213973799127, 0.2868773018026743, 0.20656167304678463, 0.4077909045294892, 0.024777461686702768, 0.0068623190063361985, 0.011508338217273144, 0.023400268246977475
2008-10-31, 0.1262124579895188, 0.0419213973799127, 0.2868773018026743, 0.20656167304678463, 0.4077909045294892, 0.024777461686702768, 0.0068623190063361985, 0.011508338217273144, 0.023400268246977475
2008-10-31, 0.1361104640933307, 0.2934497816593889, 0.25586353944562834, 0.44395344654831315, 0.0, 0.03028356428374783, 0.0068623190063361985, 0.023656028557728144, 0.03481503324550305
2008-10-31, 0.1361104640933307, 0.2934497816593889, 0.25586353944562834, 0.44395344654831315, 0.0, 0.03028356428374783, 0.0068623190063361985, 0.023656028557728144, 0.03481503324550305
2008-10-31, 0.13768732425719113, 0.3353711790393016, 0.18608257414227508, 0.20347866300130976, 0.31473794644893455, 0.0275305129852253, 0.00274492760253447, 0.012147690340455, 0.0194051004974935
2008-10-31, 0.12334113209743519, 0.272489082969433, 0.2403566582671057, 0.27130488400174674, 0.1423162888290835, 0.022024410388180236, 0.009607246608870683, 0.011508338217273144, 0.01712214749778838
2008-10-01, 0.36282456303180827, 0.7336244541484718, 0.3644117076952895, 0.7645864912776509, 0.9989508735118371, 0.019271359089657707, 0.00823478280760344, 0.0089509297245458, 0.0045659059994102415
2008-10-01, 0.27541432417694584, 0.5240174672489083, 0.16282225237449113, 0.6505151195950978, 0.8320029193084887, 0.016518307791135174, 0.009607246608870683, 0.0038361127390910575, 0.003995167749483974
2008-10-01, 0.27541432417694584, 0.5240174672489083, 0.16282225237449113, 0.6505151195950978, 0.8320029193084887, 0.016518307791135174, 0.009607246608870683, 0.0038361127390910575, 0.003995167749483974
2008-10-01, 0.27541432417694584, 0.5240174672489083, 0.16282225237449113, 0.6505151195950978, 0.8320029193084887, 0.016518307791135174, 0.009607246608870683, 0.0038361127390910575, 0.003995167749483974
2008-10-01, 0.27541432417694584, 0.5240174672489083, 0.16282225237449113, 0.6505151195950978, 0.8320029193084887, 0.016518307791135174, 0.009607246608870683, 0.0038361127390910575, 0.003995167749483974
2008-10-01, 0.27541432417694584, 0.5240174672489083, 0.16282225237449113, 0.6505151195950978, 0.8320029193084887, 0.016518307791135174, 0.009607246608870683, 0.0038361127390910575, 0.003995167749483974
2008-10-01, 0.27541432417694584, 0.5240174672489083, 0.16282225237449113, 0.6505151195950978, 0.8320029193084887, 0.016518307791135174, 0.009607246608870683, 0.0038361127390910575, 0.003995167749483974
2008-10-01, 0.27541432417694584, 0.5240174672489083, 0.16282225237449113, 0.6505151195950978, 0.8320029193084887, 0.016518307791135174, 0.009607246608870683, 0.0038361127390910575, 0.003995167749483974
2008-10-01, 0.27541432417694584, 0.5240174672489083, 0.16282225237449113, 0.6505151195950978, 0.8320029193084887, 0.016518307791135174, 0.009607246608870683, 0.0038361127390910575, 0.003995167749483974
2008-10-01, 0.27541432417694584, 0.5240174672489083, 0.16282225237449113, 0.6505151195950978, 0.8320029193084887, 0.016518307791135174, 0.009607246608870683, 0.0038361127390910575, 0.003995167749483974
2008-10-01, 0.27541432417694584, 0.5240174672489083, 0.16282225237449113, 0.6505151195950978, 0.8320029193084887, 0.016518307791135174, 0.009607246608870683, 0.0038361127390910575, 0.003995167749483974
2008-10-01, 0.40105749936083335, 0.838427947598253, 0.37991858887381286, 0.8108316419597664, 1.1494777174656752, 0.019271359089657707, 0.004117391403801728, 0.0012787042463636858, 0.005136644249336534
2008-10-01, 0.40105749936083335, 0.838427947598253, 0.37991858887381286, 0.8108316419597664, 1.1494777174656752, 0.019271359089657707, 0.004117391403801728, 0.0012787042463636858, 0.005136644249336534
2008-10-01, 0.2888996459048536, 0.5240174672489083, 0.31789106415972096, 0.6566811396860465, 0.7827395885599597, 0.016518307791135174, 0.00823478280760344, 0.005114816985454743, 0.0
2008-10-01, 0.2744932899847936, 0.4401746724890829, 0.20158945532079842, 0.6782622100043674, 0.8456871778497469, 0.016518307791135174, 0.00823478280760344, 0.0031967606159092003, 0.0022829529997051208
2008-09-01, 0.33825799677897667, 0.7336244541484718, 0.2558635394456287, 0.7121753205045859, 0.9770560598458242, 0.00825915389556758, 0.010979710410137941, 0.006393521231818429, 0.0017122147497788533
2008-09-01, 0.30126934721886495, 0.6707423580786032, 0.3023841829811976, 0.5796058885491868, 0.8155818090589794, 0.00825915389556758, 0.009607246608870698, 0.015983803079546072, 0.007990335498967922
2008-09-01, 0.30126934721886495, 0.6707423580786032, 0.3023841829811976, 0.5796058885491868, 0.8155818090589794, 0.00825915389556758, 0.009607246608870698, 0.015983803079546072, 0.007990335498967922
2008-09-01, 0.30126934721886495, 0.6707423580786032, 0.3023841829811976, 0.5796058885491868, 0.8155818090589794, 0.00825915389556758, 0.009607246608870698, 0.015983803079546072, 0.007990335498967922
2008-09-01, 0.30126934721886495, 0.6707423580786032, 0.3023841829811976, 0.5796058885491868, 0.8155818090589794, 0.00825915389556758, 0.009607246608870698, 0.015983803079546072, 0.007990335498967922
2008-09-01, 0.30126934721886495, 0.6707423580786032, 0.3023841829811976, 0.5796058885491868, 0.8155818090589794, 0.00825915389556758, 0.009607246608870698, 0.015983803079546072, 0.007990335498967922
2008-09-01, 0.30126934721886495, 0.6707423580786032, 0.3023841829811976, 0.5796058885491868, 0.8155818090589794, 0.00825915389556758, 0.009607246608870698, 0.015983803079546072, 0.007990335498967922
2008-09-01, 0.30126934721886495, 0.6707423580786032, 0.3023841829811976, 0.5796058885491868, 0.8155818090589794, 0.00825915389556758, 0.009607246608870698, 0.015983803079546072, 0.007990335498967922
2008-09-01, 0.30126934721886495, 0.6707423580786032, 0.3023841829811976, 0.5796058885491868, 0.8155818090589794, 0.00825915389556758, 0.009607246608870698, 0.015983803079546072, 0.007990335498967922
2008-09-01, 0.30126934721886495, 0.6707423580786032, 0.3023841829811976, 0.5796058885491868, 0.8155818090589794, 0.00825915389556758, 0.009607246608870698, 0.015983803079546072, 0.007990335498967922
2008-09-01, 0.30126934721886495, 0.6707423580786032, 0.3023841829811976, 0.5796058885491868, 0.8155818090589794, 0.00825915389556758, 0.009607246608870698, 0.015983803079546072, 0.007990335498967922
2008-09-01, 0.4555198518345641, 1.0270742358078606, 0.3721651482845512, 0.8848238830511522, 1.332846781918533, 0.013765256492612642, 0.006862319006336213, 0.003196760615909229, 0.003424429499557681
2008-09-01, 0.4555198518345641, 1.0270742358078606, 0.3721651482845512, 0.8848238830511522, 1.332846781918533, 0.013765256492612642, 0.006862319006336213, 0.003196760615909229, 0.003424429499557681
2008-09-01, 0.3095668069780317, 0.7545851528384281, 0.2791238612134133, 0.6258510392313029, 0.7772658851434566, 0.005506102597045063, 0.012352174211405184, 0.01214769034045503, 0.00970255024874675
2008-09-01, 0.32995187211825633, 0.6917030567685595, 0.2170963364993214, 0.7553374611412276, 0.941476987638553, 0.005506102597045063, 0.012352174211405184, 0.01214769034045503, 0.003995167749483949
2008-08-02, 0.38203645335073677, 0.7126637554585159, 0.5349874006590424, 0.7491714410502789, 1.0153719837613469, 0.005506102597045063, 0.015097101813939653, 0.011508338217273172, 0.011985503248451872
2008-08-02, 0.38203645335073677, 0.7126637554585159, 0.5349874006590424, 0.7491714410502789, 1.0153719837613469, 0.005506102597045063, 0.015097101813939653, 0.011508338217273172, 0.011985503248451872
2008-08-02, 0.38203645335073677, 0.7126637554585159, 0.5349874006590424, 0.7491714410502789, 1.0153719837613469, 0.005506102597045063, 0.015097101813939653, 0.011508338217273172, 0.011985503248451872
2008-08-02, 0.38203645335073677, 0.7126637554585159, 0.5349874006590424, 0.7491714410502789, 1.0153719837613469, 0.005506102597045063, 0.015097101813939653, 0.011508338217273172, 0.011985503248451872
2008-08-02, 0.38203645335073677, 0.7126637554585159, 0.5349874006590424, 0.7491714410502789, 1.0153719837613469, 0.005506102597045063, 0.015097101813939653, 0.011508338217273172, 0.011985503248451872
2008-08-02, 0.38203645335073677, 0.7126637554585159, 0.5349874006590424, 0.7491714410502789, 1.0153719837613469, 0.005506102597045063, 0.015097101813939653, 0.011508338217273172, 0.011985503248451872
2008-08-02, 0.38203645335073677, 0.7126637554585159, 0.5349874006590424, 0.7491714410502789, 1.0153719837613469, 0.005506102597045063, 0.015097101813939653, 0.011508338217273172, 0.011985503248451872
2008-08-02, 0.38203645335073677, 0.7126637554585159, 0.5349874006590424, 0.7491714410502789, 1.0153719837613469, 0.005506102597045063, 0.015097101813939653, 0.011508338217273172, 0.011985503248451872
2008-08-02, 0.38203645335073677, 0.7126637554585159, 0.5349874006590424, 0.7491714410502789, 1.0153719837613469, 0.005506102597045063, 0.015097101813939653, 0.011508338217273172, 0.011985503248451872
2008-08-02, 0.38203645335073677, 0.7126637554585159, 0.5349874006590424, 0.7491714410502789, 1.0153719837613469, 0.005506102597045063, 0.015097101813939653, 0.011508338217273172, 0.011985503248451872
2008-08-02, 0.38203645335073677, 0.7126637554585159, 0.5349874006590424, 0.7491714410502789, 1.0153719837613469, 0.005506102597045063, 0.015097101813939653, 0.011508338217273172, 0.011985503248451872
2008-08-02, 0.43097734687023564, 0.7545851528384281, 0.5039736383019964, 0.9094879634149474, 1.2480043789627335, 0.016518307791135174, 0.010979710410137926, 0.0025574084927273717, 0.0017122147497788533
2008-08-02, 0.43097734687023564, 0.7545851528384281, 0.5039736383019964, 0.9094879634149474, 1.2480043789627335, 0.016518307791135174, 0.010979710410137926, 0.0025574084927273717, 0.0017122147497788533
2008-08-02, 0.43097734687023564, 0.7545851528384281, 0.5039736383019964, 0.9094879634149474, 1.2480043789627335, 0.016518307791135174, 0.010979710410137926, 0.0025574084927273717, 0.0017122147497788533
2008-08-02, 0.3503777879304438, 0.5449781659388651, 0.4574529947664274, 0.7645864912776505, 1.0016877252200886, 0.013765256492612642, 0.01372463801267241, 0.005114816985454743, 0.0017122147497788533
2008-07-03, 0.2941771688566214, 0.6497816593886464, 0.40317891064159683, 0.5333607378670707, 0.7252657026866762, 0.011012205194090127, 0.009607246608870683, 0.011508338217273158, 0.00970255024874675
2008-07-03, 0.27237098515422, 0.5868995633187774, 0.2713704206241517, 0.5672738483672889, 0.7143182958536696, 0.008259153895567594, 0.012352174211405168, 0.012787042463636844, 0.005707382499262802
2008-07-03, 0.27237098515422, 0.5868995633187774, 0.2713704206241517, 0.5672738483672889, 0.7143182958536696, 0.008259153895567594, 0.012352174211405168, 0.012787042463636844, 0.005707382499262802
2008-07-03, 0.27237098515422, 0.5868995633187774, 0.2713704206241517, 0.5672738483672889, 0.7143182958536696, 0.008259153895567594, 0.012352174211405168, 0.012787042463636844, 0.005707382499262802
2008-07-03, 0.27237098515422, 0.5868995633187774, 0.2713704206241517, 0.5672738483672889, 0.7143182958536696, 0.008259153895567594, 0.012352174211405168, 0.012787042463636844, 0.005707382499262802
2008-07-03, 0.27237098515422, 0.5868995633187774, 0.2713704206241517, 0.5672738483672889, 0.7143182958536696, 0.008259153895567594, 0.012352174211405168, 0.012787042463636844, 0.005707382499262802
2008-07-03, 0.27237098515422, 0.5868995633187774, 0.2713704206241517, 0.5672738483672889, 0.7143182958536696, 0.008259153895567594, 0.012352174211405168, 0.012787042463636844, 0.005707382499262802
2008-07-03, 0.27237098515422, 0.5868995633187774, 0.2713704206241517, 0.5672738483672889, 0.7143182958536696, 0.008259153895567594, 0.012352174211405168, 0.012787042463636844, 0.005707382499262802
2008-07-03, 0.27237098515422, 0.5868995633187774, 0.2713704206241517, 0.5672738483672889, 0.7143182958536696, 0.008259153895567594, 0.012352174211405168, 0.012787042463636844, 0.005707382499262802
2008-07-03, 0.27237098515422, 0.5868995633187774, 0.2713704206241517, 0.5672738483672889, 0.7143182958536696, 0.008259153895567594, 0.012352174211405168, 0.012787042463636844, 0.005707382499262802
2008-07-03, 0.27237098515422, 0.5868995633187774, 0.2713704206241517, 0.5672738483672889, 0.7143182958536696, 0.008259153895567594, 0.012352174211405168, 0.012787042463636844, 0.005707382499262802
2008-07-03, 0.3771232112375639, 0.7965065502183408, 0.3954254700523355, 0.7800015415050228, 1.0016877252200886, 0.019271359089657707, 0.0027449276025344853, 0.012787042463636844, 0.00856107374889419
2008-07-03, 0.3771232112375639, 0.7965065502183408, 0.3954254700523355, 0.7800015415050228, 1.0016877252200886, 0.019271359089657707, 0.0027449276025344853, 0.012787042463636844, 0.00856107374889419
2008-07-03, 0.3141529829529034, 0.6497816593886464, 0.2713704206241517, 0.6227680291858285, 0.9332664325137984, 0.013765256492612657, 0.005489855205068956, 0.012787042463636844, 0.003995167749483949
2008-07-03, 0.31539684636181825, 0.7545851528384281, 0.3954254700523355, 0.5796058885491868, 0.7581079231856953, 0.008259153895567594, 0.010979710410137926, 0.012787042463636844, 0.003424429499557681
2008-06-03, 0.30822095582707376, 0.5659388646288209, 0.3333979453382436, 0.5796058885491868, 0.9496875427633082, 0.00825915389556758, 0.009607246608870683, 0.014705098833182372, 0.0045659059994102415
2008-06-03, 0.30822095582707376, 0.5659388646288209, 0.3333979453382436, 0.5796058885491868, 0.9496875427633082, 0.00825915389556758, 0.009607246608870683, 0.014705098833182372, 0.0045659059994102415
2008-06-03, 0.30822095582707376, 0.5659388646288209, 0.3333979453382436, 0.5796058885491868, 0.9496875427633082, 0.00825915389556758, 0.009607246608870683, 0.014705098833182372, 0.0045659059994102415
2008-06-03, 0.30822095582707376, 0.5659388646288209, 0.3333979453382436, 0.5796058885491868, 0.9496875427633082, 0.00825915389556758, 0.009607246608870683, 0.014705098833182372, 0.0045659059994102415
2008-06-03, 0.30822095582707376, 0.5659388646288209, 0.3333979453382436, 0.5796058885491868, 0.9496875427633082, 0.00825915389556758, 0.009607246608870683, 0.014705098833182372, 0.0045659059994102415
2008-06-03, 0.30822095582707376, 0.5659388646288209, 0.3333979453382436, 0.5796058885491868, 0.9496875427633082, 0.00825915389556758, 0.009607246608870683, 0.014705098833182372, 0.0045659059994102415
2008-06-03, 0.30822095582707376, 0.5659388646288209, 0.3333979453382436, 0.5796058885491868, 0.9496875427633082, 0.00825915389556758, 0.009607246608870683, 0.014705098833182372, 0.0045659059994102415
2008-06-03, 0.30822095582707376, 0.5659388646288209, 0.3333979453382436, 0.5796058885491868, 0.9496875427633082, 0.00825915389556758, 0.009607246608870683, 0.014705098833182372, 0.0045659059994102415
2008-06-03, 0.30822095582707376, 0.5659388646288209, 0.3333979453382436, 0.5796058885491868, 0.9496875427633082, 0.00825915389556758, 0.009607246608870683, 0.014705098833182372, 0.0045659059994102415
2008-06-03, 0.30822095582707376, 0.5659388646288209, 0.3333979453382436, 0.5796058885491868, 0.9496875427633082, 0.00825915389556758, 0.009607246608870683, 0.014705098833182372, 0.0045659059994102415
2008-06-03, 0.30822095582707376, 0.5659388646288209, 0.3333979453382436, 0.5796058885491868, 0.9496875427633082, 0.00825915389556758, 0.009607246608870683, 0.014705098833182372, 0.0045659059994102415
2008-06-03, 0.4216833056066257, 0.7126637554585149, 0.38767202946307416, 0.8879068930966266, 1.3547415955845459, 0.013765256492612642, 0.0013724638012672426, 0.015344450956364216, 0.0
2008-06-03, 0.4216833056066257, 0.7126637554585149, 0.38767202946307416, 0.8879068930966266, 1.3547415955845459, 0.013765256492612642, 0.0013724638012672426, 0.015344450956364216, 0.0
2008-06-03, 0.4216833056066257, 0.7126637554585149, 0.38767202946307416, 0.8879068930966266, 1.3547415955845459, 0.013765256492612642, 0.0013724638012672426, 0.015344450956364216, 0.0
2008-06-03, 0.3387249951170157, 0.62882096069869, 0.41868579182012017, 0.6351000693677259, 1.0016877252200886, 0.0027530512985225316, 0.005489855205068956, 0.017262507325909743, 0.0
2008-05-04, 0.34428119958781844, 0.5449781659388642, 0.41868579182012017, 0.6844282300953166, 1.075582721342882, 0.00825915389556758, 0.004117391403801728, 0.015344450956364216, 0.0028536912496313883
2008-05-04, 0.34428119958781844, 0.5449781659388642, 0.41868579182012017, 0.6844282300953166, 1.075582721342882, 0.00825915389556758, 0.004117391403801728, 0.015344450956364216, 0.0028536912496313883
2008-05-04, 0.34428119958781844, 0.5449781659388642, 0.41868579182012017, 0.6844282300953166, 1.075582721342882, 0.00825915389556758, 0.004117391403801728, 0.015344450956364216, 0.0028536912496313883
2008-05-04, 0.34428119958781844, 0.5449781659388642, 0.41868579182012017, 0.6844282300953166, 1.075582721342882, 0.00825915389556758, 0.004117391403801728, 0.015344450956364216, 0.0028536912496313883
2008-05-04, 0.34428119958781844, 0.5449781659388642, 0.41868579182012017, 0.6844282300953166, 1.075582721342882, 0.00825915389556758, 0.004117391403801728, 0.015344450956364216, 0.0028536912496313883
2008-05-04, 0.34428119958781844, 0.5449781659388642, 0.41868579182012017, 0.6844282300953166, 1.075582721342882, 0.00825915389556758, 0.004117391403801728, 0.015344450956364216, 0.0028536912496313883
2008-05-04, 0.34428119958781844, 0.5449781659388642, 0.41868579182012017, 0.6844282300953166, 1.075582721342882, 0.00825915389556758, 0.004117391403801728, 0.015344450956364216, 0.0028536912496313883
2008-05-04, 0.34428119958781844, 0.5449781659388642, 0.41868579182012017, 0.6844282300953166, 1.075582721342882, 0.00825915389556758, 0.004117391403801728, 0.015344450956364216, 0.0028536912496313883
2008-05-04, 0.34428119958781844, 0.5449781659388642, 0.41868579182012017, 0.6844282300953166, 1.075582721342882, 0.00825915389556758, 0.004117391403801728, 0.015344450956364216, 0.0028536912496313883
2008-05-04, 0.34428119958781844, 0.5449781659388642, 0.41868579182012017, 0.6844282300953166, 1.075582721342882, 0.00825915389556758, 0.004117391403801728, 0.015344450956364216, 0.0028536912496313883
2008-05-04, 0.34428119958781844, 0.5449781659388642, 0.41868579182012017, 0.6844282300953166, 1.075582721342882, 0.00825915389556758, 0.004117391403801728, 0.015344450956364216, 0.0028536912496313883
2008-05-04, 0.4183137242436262, 0.8803493449781657, 0.4109323512308588, 0.7245073606864835, 1.2863203028782557, 0.01927135908965769, 0.006862319006336213, 0.01598380307954606, 0.0022829529997051208
2008-05-04, 0.4183137242436262, 0.8803493449781657, 0.4109323512308588, 0.7245073606864835, 1.2863203028782557, 0.01927135908965769, 0.006862319006336213, 0.01598380307954606, 0.0022829529997051208
2008-05-04, 0.4183137242436262, 0.8803493449781657, 0.4109323512308588, 0.7245073606864835, 1.2863203028782557, 0.01927135908965769, 0.006862319006336213, 0.01598380307954606, 0.0022829529997051208
2008-05-04, 0.3733281589789304, 0.7336244541484713, 0.37216514828455155, 0.7491714410502787, 1.0974775350088948, 0.005506102597045048, 0.0013724638012672426, 0.02045926794181896, 0.006848858999115362
2008-04-04, 0.3693274757871687, 0.9432314410480352, 0.4419461135879045, 0.5487757880944429, 0.9743192081375721, 0.013765256492612642, 0.0, 0.02173797218818263, 0.01084402674859931
2008-04-04, 0.3693274757871687, 0.9432314410480352, 0.4419461135879045, 0.5487757880944429, 0.9743192081375721, 0.013765256492612642, 0.0, 0.02173797218818263, 0.01084402674859931
2008-04-04, 0.3693274757871687, 0.9432314410480352, 0.4419461135879045, 0.5487757880944429, 0.9743192081375721, 0.013765256492612642, 0.0, 0.02173797218818263, 0.01084402674859931
2008-04-04, 0.3693274757871687, 0.9432314410480352, 0.4419461135879045, 0.5487757880944429, 0.9743192081375721, 0.013765256492612642, 0.0, 0.02173797218818263, 0.01084402674859931
2008-04-04, 0.3693274757871687, 0.9432314410480352, 0.4419461135879045, 0.5487757880944429, 0.9743192081375721, 0.013765256492612642, 0.0, 0.02173797218818263, 0.01084402674859931
2008-04-04, 0.3693274757871687, 0.9432314410480352, 0.4419461135879045, 0.5487757880944429, 0.9743192081375721, 0.013765256492612642, 0.0, 0.02173797218818263, 0.01084402674859931
2008-04-04, 0.3693274757871687, 0.9432314410480352, 0.4419461135879045, 0.5487757880944429, 0.9743192081375721, 0.013765256492612642, 0.0, 0.02173797218818263, 0.01084402674859931
2008-04-04, 0.3693274757871687, 0.9432314410480352, 0.4419461135879045, 0.5487757880944429, 0.9743192081375721, 0.013765256492612642, 0.0, 0.02173797218818263, 0.01084402674859931
2008-04-04, 0.3693274757871687, 0.9432314410480352, 0.4419461135879045, 0.5487757880944429, 0.9743192081375721, 0.013765256492612642, 0.0, 0.02173797218818263, 0.01084402674859931
2008-04-04, 0.3693274757871687, 0.9432314410480352, 0.4419461135879045, 0.5487757880944429, 0.9743192081375721, 0.013765256492612642, 0.0, 0.02173797218818263, 0.01084402674859931
2008-04-04, 0.3693274757871687, 0.9432314410480352, 0.4419461135879045, 0.5487757880944429, 0.9743192081375721, 0.013765256492612642, 0.0, 0.02173797218818263, 0.01084402674859931
2008-04-04, 0.4279918286798097, 0.9222707423580789, 0.38767202946307416, 0.8879068930966268, 1.1741093828399396, 0.01927135908965769, 0.004117391403801728, 0.02173797218818263, 0.006848858999115362
2008-04-04, 0.4279918286798097, 0.9222707423580789, 0.38767202946307416, 0.8879068930966268, 1.1741093828399396, 0.01927135908965769, 0.004117391403801728, 0.02173797218818263, 0.006848858999115362
2008-04-04, 0.4279918286798097, 0.9222707423580789, 0.38767202946307416, 0.8879068930966268, 1.1741093828399396, 0.01927135908965769, 0.004117391403801728, 0.02173797218818263, 0.006848858999115362
2008-04-04, 0.34829916336191213, 0.7545851528384281, 0.3799185888738125, 0.6720961899134187, 0.9496875427633077, 0.011012205194090111, 0.0027449276025344853, 0.014065746710000515, 0.0022829529997051208
2008-03-05, 0.3043688631002366, 0.2724890829694321, 0.4652064353556891, 0.7090923104591118, 0.9332664325137981, 0.013765256492612657, 0.005489855205068971, 0.023656028557728172, 0.011985503248451872
2008-03-05, 0.26571014137862387, 0.2724890829694321, 0.4341926729986431, 0.5518587981399172, 0.8237923641837342, 0.011012205194090127, 0.0027449276025344853, 0.02045926794181896, 0.009131811998820483
2008-03-05, 0.26571014137862387, 0.2724890829694321, 0.4341926729986431, 0.5518587981399172, 0.8237923641837342, 0.011012205194090127, 0.0027449276025344853, 0.02045926794181896, 0.009131811998820483
2008-03-05, 0.26571014137862387, 0.2724890829694321, 0.4341926729986431, 0.5518587981399172, 0.8237923641837342, 0.011012205194090127, 0.0027449276025344853, 0.02045926794181896, 0.009131811998820483
2008-03-05, 0.26571014137862387, 0.2724890829694321, 0.4341926729986431, 0.5518587981399172, 0.8237923641837342, 0.011012205194090127, 0.0027449276025344853, 0.02045926794181896, 0.009131811998820483
2008-03-05, 0.26571014137862387, 0.2724890829694321, 0.4341926729986431, 0.5518587981399172, 0.8237923641837342, 0.011012205194090127, 0.0027449276025344853, 0.02045926794181896, 0.009131811998820483
2008-03-05, 0.26571014137862387, 0.2724890829694321, 0.4341926729986431, 0.5518587981399172, 0.8237923641837342, 0.011012205194090127, 0.0027449276025344853, 0.02045926794181896, 0.009131811998820483
2008-03-05, 0.26571014137862387, 0.2724890829694321, 0.4341926729986431, 0.5518587981399172, 0.8237923641837342, 0.011012205194090127, 0.0027449276025344853, 0.02045926794181896, 0.009131811998820483
2008-03-05, 0.26571014137862387, 0.2724890829694321, 0.4341926729986431, 0.5518587981399172, 0.8237923641837342, 0.011012205194090127, 0.0027449276025344853, 0.02045926794181896, 0.009131811998820483
2008-03-05, 0.26571014137862387, 0.2724890829694321, 0.4341926729986431, 0.5518587981399172, 0.8237923641837342, 0.011012205194090127, 0.0027449276025344853, 0.02045926794181896, 0.009131811998820483
2008-03-05, 0.26571014137862387, 0.2724890829694321, 0.4341926729986431, 0.5518587981399172, 0.8237923641837342, 0.011012205194090127, 0.0027449276025344853, 0.02045926794181896, 0.009131811998820483
2008-03-05, 0.35819374054673075, 0.5659388646288209, 0.542740841248304, 0.7399224109138557, 0.9797929115540754, 0.019271359089657707, 0.0027449276025344853, 0.013426394586818687, 0.0017122147497788279
2008-03-05, 0.35819374054673075, 0.5659388646288209, 0.542740841248304, 0.7399224109138557, 0.9797929115540754, 0.019271359089657707, 0.0027449276025344853, 0.013426394586818687, 0.0017122147497788279
2008-03-05, 0.27773057446125443, 0.18864628820960713, 0.4419461135879048, 0.6166020090948796, 0.9250558773890435, 0.013765256492612657, 0.0027449276025344853, 0.021098620065000802, 0.011985503248451872
2008-03-05, 0.30973567529821444, 0.3772925764192138, 0.5272339600697811, 0.6412660894586748, 0.894950508598276, 0.008259153895567594, 0.0, 0.019180563695455274, 0.00970255024874675
2008-02-04, 0.1621656873229922, 0.02096069868995635, 0.4574529947664274, 0.4747835470030573, 0.3065273913241804, 0.011012205194090111, 0.006862319006336213, 0.008311577601363944, 0.011414764998525591
2008-02-04, 0.1621656873229922, 0.02096069868995635, 0.4574529947664274, 0.4747835470030573, 0.3065273913241804, 0.011012205194090111, 0.006862319006336213, 0.008311577601363944, 0.011414764998525591
2008-02-04, 0.1621656873229922, 0.02096069868995635, 0.4574529947664274, 0.4747835470030573, 0.3065273913241804, 0.011012205194090111, 0.006862319006336213, 0.008311577601363944, 0.011414764998525591
2008-02-04, 0.1621656873229922, 0.02096069868995635, 0.4574529947664274, 0.4747835470030573, 0.3065273913241804, 0.011012205194090111, 0.006862319006336213, 0.008311577601363944, 0.011414764998525591
2008-02-04, 0.1621656873229922, 0.02096069868995635, 0.4574529947664274, 0.4747835470030573, 0.3065273913241804, 0.011012205194090111, 0.006862319006336213, 0.008311577601363944, 0.011414764998525591
2008-02-04, 0.1621656873229922, 0.02096069868995635, 0.4574529947664274, 0.4747835470030573, 0.3065273913241804, 0.011012205194090111, 0.006862319006336213, 0.008311577601363944, 0.011414764998525591
2008-02-04, 0.1621656873229922, 0.02096069868995635, 0.4574529947664274, 0.4747835470030573, 0.3065273913241804, 0.011012205194090111, 0.006862319006336213, 0.008311577601363944, 0.011414764998525591
2008-02-04, 0.1621656873229922, 0.02096069868995635, 0.4574529947664274, 0.4747835470030573, 0.3065273913241804, 0.011012205194090111, 0.006862319006336213, 0.008311577601363944, 0.011414764998525591
2008-02-04, 0.1621656873229922, 0.02096069868995635, 0.4574529947664274, 0.4747835470030573, 0.3065273913241804, 0.011012205194090111, 0.006862319006336213, 0.008311577601363944, 0.011414764998525591
2008-02-04, 0.1621656873229922, 0.02096069868995635, 0.4574529947664274, 0.4747835470030573, 0.3065273913241804, 0.011012205194090111, 0.006862319006336213, 0.008311577601363944, 0.011414764998525591
2008-02-04, 0.1621656873229922, 0.02096069868995635, 0.4574529947664274, 0.4747835470030573, 0.3065273913241804, 0.011012205194090111, 0.006862319006336213, 0.008311577601363944, 0.011414764998525591
2008-02-04, 0.1883974535604197, 0.2096069868995635, 0.40317891064159717, 0.527194717776122, 0.3256853532819412, 0.016518307791135174, 0.009607246608870698, 0.005114816985454743, 0.01027328849867303
2008-02-04, 0.1883974535604197, 0.2096069868995635, 0.40317891064159717, 0.527194717776122, 0.3256853532819412, 0.016518307791135174, 0.009607246608870698, 0.005114816985454743, 0.01027328849867303
2008-02-04, 0.1883974535604197, 0.2096069868995635, 0.40317891064159717, 0.527194717776122, 0.3256853532819412, 0.016518307791135174, 0.009607246608870698, 0.005114816985454743, 0.01027328849867303
2008-02-04, 0.16495254062151546, 0.0419213973799127, 0.3721651482845512, 0.5518587981399172, 0.3311590566984448, 0.008259153895567594, 0.005489855205068971, 0.0019180563695455287, 0.006848858999115362
2008-01-05, 0.12879599883850743, 0.2515283842794757, 0.23260321767784473, 0.43162140636641555, 0.09305295808055464, 0.005506102597045048, 0.0027449276025344853, 0.007032873355000258, 0.006278120749189082
2008-01-05, 0.12879599883850743, 0.2515283842794757, 0.23260321767784473, 0.43162140636641555, 0.09305295808055464, 0.005506102597045048, 0.0027449276025344853, 0.007032873355000258, 0.006278120749189082
2008-01-05, 0.12879599883850743, 0.2515283842794757, 0.23260321767784473, 0.43162140636641555, 0.09305295808055464, 0.005506102597045048, 0.0027449276025344853, 0.007032873355000258, 0.006278120749189082
2008-01-05, 0.12879599883850743, 0.2515283842794757, 0.23260321767784473, 0.43162140636641555, 0.09305295808055464, 0.005506102597045048, 0.0027449276025344853, 0.007032873355000258, 0.006278120749189082
2008-01-05, 0.12879599883850743, 0.2515283842794757, 0.23260321767784473, 0.43162140636641555, 0.09305295808055464, 0.005506102597045048, 0.0027449276025344853, 0.007032873355000258, 0.006278120749189082
2008-01-05, 0.12879599883850743, 0.2515283842794757, 0.23260321767784473, 0.43162140636641555, 0.09305295808055464, 0.005506102597045048, 0.0027449276025344853, 0.007032873355000258, 0.006278120749189082
2008-01-05, 0.12879599883850743, 0.2515283842794757, 0.23260321767784473, 0.43162140636641555, 0.09305295808055464, 0.005506102597045048, 0.0027449276025344853, 0.007032873355000258, 0.006278120749189082
2008-01-05, 0.12879599883850743, 0.2515283842794757, 0.23260321767784473, 0.43162140636641555, 0.09305295808055464, 0.005506102597045048, 0.0027449276025344853, 0.007032873355000258, 0.006278120749189082
2008-01-05, 0.12879599883850743, 0.2515283842794757, 0.23260321767784473, 0.43162140636641555, 0.09305295808055464, 0.005506102597045048, 0.0027449276025344853, 0.007032873355000258, 0.006278120749189082
2008-01-05, 0.12879599883850743, 0.2515283842794757, 0.23260321767784473, 0.43162140636641555, 0.09305295808055464, 0.005506102597045048, 0.0027449276025344853, 0.007032873355000258, 0.006278120749189082
2008-01-05, 0.12879599883850743, 0.2515283842794757, 0.23260321767784473, 0.43162140636641555, 0.09305295808055464, 0.005506102597045048, 0.0027449276025344853, 0.007032873355000258, 0.006278120749189082
2008-01-05, 0.15352505450663037, 0.06288209606986905, 0.2791238612134133, 0.5950209387765587, 0.2654746157004057, 0.013765256492612642, 0.00823478280760344, 0.0025574084927273717, 0.0011414764998525604
2008-01-05, 0.15352505450663037, 0.06288209606986905, 0.2791238612134133, 0.5950209387765587, 0.2654746157004057, 0.013765256492612642, 0.00823478280760344, 0.0025574084927273717, 0.0011414764998525604
2008-01-05, 0.15352505450663037, 0.06288209606986905, 0.2791238612134133, 0.5950209387765587, 0.2654746157004057, 0.013765256492612642, 0.00823478280760344, 0.0025574084927273717, 0.0011414764998525604
2008-01-05, 0.11789712974726889, 0.20960698689956303, 0.24035665826710603, 0.38537625568429973, 0.07115814441454175, 0.005506102597045048, 0.004117391403801728, 0.012787042463636844, 0.014268456248156992
2007-12-06, 0.1663067335089182, 0.0419213973799127, 0.24811009885636737, 0.332965084911235, 0.6650549651051407, 0.016518307791135174, 0.008234782807603456, 0.010229633970909473, 0.007419597249041629
2007-12-06, 0.15450559612319414, 0.02096069868995635, 0.2170963364993214, 0.2836369241836446, 0.6623181133968892, 0.019271359089657707, 0.010979710410137926, 0.011508338217273158, 0.01027328849867303
2007-12-06, 0.15450559612319414, 0.02096069868995635, 0.2170963364993214, 0.2836369241836446, 0.6623181133968892, 0.019271359089657707, 0.010979710410137926, 0.011508338217273158, 0.01027328849867303
2007-12-06, 0.15450559612319414, 0.02096069868995635, 0.2170963364993214, 0.2836369241836446, 0.6623181133968892, 0.019271359089657707, 0.010979710410137926, 0.011508338217273158, 0.01027328849867303
2007-12-06, 0.15450559612319414, 0.02096069868995635, 0.2170963364993214, 0.2836369241836446, 0.6623181133968892, 0.019271359089657707, 0.010979710410137926, 0.011508338217273158, 0.01027328849867303
2007-12-06, 0.15450559612319414, 0.02096069868995635, 0.2170963364993214, 0.2836369241836446, 0.6623181133968892, 0.019271359089657707, 0.010979710410137926, 0.011508338217273158, 0.01027328849867303
2007-12-06, 0.15450559612319414, 0.02096069868995635, 0.2170963364993214, 0.2836369241836446, 0.6623181133968892, 0.019271359089657707, 0.010979710410137926, 0.011508338217273158, 0.01027328849867303
2007-12-06, 0.15450559612319414, 0.02096069868995635, 0.2170963364993214, 0.2836369241836446, 0.6623181133968892, 0.019271359089657707, 0.010979710410137926, 0.011508338217273158, 0.01027328849867303
2007-12-06, 0.15450559612319414, 0.02096069868995635, 0.2170963364993214, 0.2836369241836446, 0.6623181133968892, 0.019271359089657707, 0.010979710410137926, 0.011508338217273158, 0.01027328849867303
2007-12-06, 0.15450559612319414, 0.02096069868995635, 0.2170963364993214, 0.2836369241836446, 0.6623181133968892, 0.019271359089657707, 0.010979710410137926, 0.011508338217273158, 0.01027328849867303
2007-12-06, 0.15450559612319414, 0.02096069868995635, 0.2170963364993214, 0.2836369241836446, 0.6623181133968892, 0.019271359089657707, 0.010979710410137926, 0.011508338217273158, 0.01027328849867303
2007-12-06, 0.22340306367640533, 0.20960698689956325, 0.24811009885636737, 0.45936849677568536, 0.8347397710167407, 0.022024410388180236, 0.009607246608870683, 0.0031967606159092146, 0.0005707382499262802
2007-12-06, 0.22340306367640533, 0.20960698689956325, 0.24811009885636737, 0.45936849677568536, 0.8347397710167407, 0.022024410388180236, 0.009607246608870683, 0.0031967606159092146, 0.0005707382499262802
2007-12-06, 0.16098423536880752, 0.06288209606986905, 0.2170963364993214, 0.25897284381984936, 0.7143182958536696, 0.019271359089657707, 0.006862319006336213, 0.0044754648622729, 0.003995167749483961
2007-12-06, 0.16946506551090076, 0.06288209606986905, 0.2636169800348903, 0.3391311050021837, 0.648633854855631, 0.019271359089657707, 0.008234782807603456, 0.0076722254781821, 0.006278120749189082
2007-11-06, 0.10708604224091865, 0.1467248908296942, 0.18608257414227544, 0.052411170773064744, 0.4242120147789992, 0.016518307791135174, 0.004117391403801713, 0.01406574671000053, 0.01255624149837815
2007-11-06, 0.10708604224091865, 0.1467248908296942, 0.18608257414227544, 0.052411170773064744, 0.4242120147789992, 0.016518307791135174, 0.004117391403801713, 0.01406574671000053, 0.01255624149837815
2007-11-06, 0.10708604224091865, 0.1467248908296942, 0.18608257414227544, 0.052411170773064744, 0.4242120147789992, 0.016518307791135174, 0.004117391403801713, 0.01406574671000053, 0.01255624149837815
2007-11-06, 0.10708604224091865, 0.1467248908296942, 0.18608257414227544, 0.052411170773064744, 0.4242120147789992, 0.016518307791135174, 0.004117391403801713, 0.01406574671000053, 0.01255624149837815
2007-11-06, 0.10708604224091865, 0.1467248908296942, 0.18608257414227544, 0.052411170773064744, 0.4242120147789992, 0.016518307791135174, 0.004117391403801713, 0.01406574671000053, 0.01255624149837815
2007-11-06, 0.10708604224091865, 0.1467248908296942, 0.18608257414227544, 0.052411170773064744, 0.4242120147789992, 0.016518307791135174, 0.004117391403801713, 0.01406574671000053, 0.01255624149837815
2007-11-06, 0.10708604224091865, 0.1467248908296942, 0.18608257414227544, 0.052411170773064744, 0.4242120147789992, 0.016518307791135174, 0.004117391403801713, 0.01406574671000053, 0.01255624149837815
2007-11-06, 0.10708604224091865, 0.1467248908296942, 0.18608257414227544, 0.052411170773064744, 0.4242120147789992, 0.016518307791135174, 0.004117391403801713, 0.01406574671000053, 0.01255624149837815
2007-11-06, 0.10708604224091865, 0.1467248908296942, 0.18608257414227544, 0.052411170773064744, 0.4242120147789992, 0.016518307791135174, 0.004117391403801713, 0.01406574671000053, 0.01255624149837815
2007-11-06, 0.10708604224091865, 0.1467248908296942, 0.18608257414227544, 0.052411170773064744, 0.4242120147789992, 0.016518307791135174, 0.004117391403801713, 0.01406574671000053, 0.01255624149837815
2007-11-06, 0.10708604224091865, 0.1467248908296942, 0.18608257414227544, 0.052411170773064744, 0.4242120147789992, 0.016518307791135174, 0.004117391403801713, 0.01406574671000053, 0.01255624149837815
2007-11-06, 0.14298811919414225, 0.02096069868995635, 0.2170963364993214, 0.2743878940472216, 0.5938968206905989, 0.022024410388180236, 0.0068623190063361985, 0.006393521231818415, 0.0022829529997051208
2007-11-06, 0.14298811919414225, 0.02096069868995635, 0.2170963364993214, 0.2743878940472216, 0.5938968206905989, 0.022024410388180236, 0.0068623190063361985, 0.006393521231818415, 0.0022829529997051208
2007-11-06, 0.14298811919414225, 0.02096069868995635, 0.2170963364993214, 0.2743878940472216, 0.5938968206905989, 0.022024410388180236, 0.0068623190063361985, 0.006393521231818415, 0.0022829529997051208
2007-11-06, 0.10264656058958128, 0.06288209606986882, 0.2170963364993214, 0.0955733114097065, 0.4077909045294897, 0.013765256492612642, 0.0, 0.011508338217273158, 0.01255624149837815
2007-10-07, 0.1247058670598573, 0.33537117903930114, 0.1395619306067065, 0.07707525113685995, 0.4132646079459928, 0.011012205194090127, 0.008234782807603456, 0.0, 0.013126979748304431
2007-10-07, 0.09958976492567517, 0.25152838427947594, 0.15506881178522947, 0.033913110500218474, 0.3229485015736897, 0.011012205194090127, 0.005489855205068971, 0.0019180563695455287, 0.014839194498083273
2007-10-07, 0.09958976492567517, 0.25152838427947594, 0.15506881178522947, 0.033913110500218474, 0.3229485015736897, 0.011012205194090127, 0.005489855205068971, 0.0019180563695455287, 0.014839194498083273
2007-10-07, 0.09958976492567517, 0.25152838427947594, 0.15506881178522947, 0.033913110500218474, 0.3229485015736897, 0.011012205194090127, 0.005489855205068971, 0.0019180563695455287, 0.014839194498083273
2007-10-07, 0.09958976492567517, 0.25152838427947594, 0.15506881178522947, 0.033913110500218474, 0.3229485015736897, 0.011012205194090127, 0.005489855205068971, 0.0019180563695455287, 0.014839194498083273
2007-10-07, 0.09958976492567517, 0.25152838427947594, 0.15506881178522947, 0.033913110500218474, 0.3229485015736897, 0.011012205194090127, 0.005489855205068971, 0.0019180563695455287, 0.014839194498083273
2007-10-07, 0.09958976492567517, 0.25152838427947594, 0.15506881178522947, 0.033913110500218474, 0.3229485015736897, 0.011012205194090127, 0.005489855205068971, 0.0019180563695455287, 0.014839194498083273
2007-10-07, 0.09958976492567517, 0.25152838427947594, 0.15506881178522947, 0.033913110500218474, 0.3229485015736897, 0.011012205194090127, 0.005489855205068971, 0.0019180563695455287, 0.014839194498083273
2007-10-07, 0.09958976492567517, 0.25152838427947594, 0.15506881178522947, 0.033913110500218474, 0.3229485015736897, 0.011012205194090127, 0.005489855205068971, 0.0019180563695455287, 0.014839194498083273
2007-10-07, 0.09958976492567517, 0.25152838427947594, 0.15506881178522947, 0.033913110500218474, 0.3229485015736897, 0.011012205194090127, 0.005489855205068971, 0.0019180563695455287, 0.014839194498083273
2007-10-07, 0.09958976492567517, 0.25152838427947594, 0.15506881178522947, 0.033913110500218474, 0.3229485015736897, 0.011012205194090127, 0.005489855205068971, 0.0019180563695455287, 0.014839194498083273
2007-10-07, 0.13164076676688763, 0.16768558951965057, 0.2170963364993214, 0.15106749222824556, 0.4707384938192765, 0.016518307791135174, 0.010979710410137941, 0.0019180563695455287, 0.01712214749778838
2007-10-07, 0.13164076676688763, 0.16768558951965057, 0.2170963364993214, 0.15106749222824556, 0.4707384938192765, 0.016518307791135174, 0.010979710410137941, 0.0019180563695455287, 0.01712214749778838
2007-10-07, 0.1158697989890391, 0.31441048034934477, 0.1783291335530141, 0.04007913059116714, 0.355790722072709, 0.013765256492612657, 0.009607246608870698, 0.0012787042463636858, 0.013697717998230712
2007-10-07, 0.12180876516435173, 0.31441048034934477, 0.19383601473153708, 0.024664080363795207, 0.3995803494047348, 0.013765256492612657, 0.009607246608870698, 0.0031967606159092003, 0.01540993274800954
2007-09-07, 0.08789463841749216, 0.1467248908296942, 0.08528784648187657, 0.04316214063664175, 0.39684349769648297, 0.011012205194090127, 0.006862319006336213, 0.0012787042463636858, 0.011985503248451884
2007-09-07, 0.08789463841749216, 0.1467248908296942, 0.08528784648187657, 0.04316214063664175, 0.39684349769648297, 0.011012205194090127, 0.006862319006336213, 0.0012787042463636858, 0.011985503248451884
2007-09-07, 0.08789463841749216, 0.1467248908296942, 0.08528784648187657, 0.04316214063664175, 0.39684349769648297, 0.011012205194090127, 0.006862319006336213, 0.0012787042463636858, 0.011985503248451884
2007-09-07, 0.08789463841749216, 0.1467248908296942, 0.08528784648187657, 0.04316214063664175, 0.39684349769648297, 0.011012205194090127, 0.006862319006336213, 0.0012787042463636858, 0.011985503248451884
2007-09-07, 0.08789463841749216, 0.1467248908296942, 0.08528784648187657, 0.04316214063664175, 0.39684349769648297, 0.011012205194090127, 0.006862319006336213, 0.0012787042463636858, 0.011985503248451884
2007-09-07, 0.08789463841749216, 0.1467248908296942, 0.08528784648187657, 0.04316214063664175, 0.39684349769648297, 0.011012205194090127, 0.006862319006336213, 0.0012787042463636858, 0.011985503248451884
2007-09-07, 0.08789463841749216, 0.1467248908296942, 0.08528784648187657, 0.04316214063664175, 0.39684349769648297, 0.011012205194090127, 0.006862319006336213, 0.0012787042463636858, 0.011985503248451884
2007-09-07, 0.08789463841749216, 0.1467248908296942, 0.08528784648187657, 0.04316214063664175, 0.39684349769648297, 0.011012205194090127, 0.006862319006336213, 0.0012787042463636858, 0.011985503248451884
2007-09-07, 0.08789463841749216, 0.1467248908296942, 0.08528784648187657, 0.04316214063664175, 0.39684349769648297, 0.011012205194090127, 0.006862319006336213, 0.0012787042463636858, 0.011985503248451884
2007-09-07, 0.08789463841749216, 0.1467248908296942, 0.08528784648187657, 0.04316214063664175, 0.39684349769648297, 0.011012205194090127, 0.006862319006336213, 0.0012787042463636858, 0.011985503248451884
2007-09-07, 0.08789463841749216, 0.1467248908296942, 0.08528784648187657, 0.04316214063664175, 0.39684349769648297, 0.011012205194090127, 0.006862319006336213, 0.0012787042463636858, 0.011985503248451884
2007-09-07, 0.09598572354600152, 0.0419213973799127, 0.1550688117852298, 0.08940729131875755, 0.4378962733202572, 0.022024410388180236, 0.008234782807603456, 0.0019180563695455287, 0.011414764998525603
2007-09-07, 0.09598572354600152, 0.0419213973799127, 0.1550688117852298, 0.08940729131875755, 0.4378962733202572, 0.022024410388180236, 0.008234782807603456, 0.0019180563695455287, 0.011414764998525603
2007-09-07, 0.09598572354600152, 0.0419213973799127, 0.1550688117852298, 0.08940729131875755, 0.4378962733202572, 0.022024410388180236, 0.008234782807603456, 0.0019180563695455287, 0.011414764998525603
2007-09-07, 0.08994609710935651, 0.1467248908296942, 0.03876720294630762, 0.049328160727590414, 0.44884368015326365, 0.019271359089657707, 0.006862319006336213, 0.0006393521231818429, 0.009131811998820483
2007-08-08, 0.06135663011805263, 0.0838427947598254, 0.1395619306067065, 0.10482234154612949, 0.11768462345481907, 0.019271359089657707, 0.016469565615206898, 0.0006393521231818429, 0.008561073748894203
2007-08-08, 0.06135663011805263, 0.0838427947598254, 0.1395619306067065, 0.10482234154612949, 0.11768462345481907, 0.019271359089657707, 0.016469565615206898, 0.0006393521231818429, 0.008561073748894203
2007-08-08, 0.06135663011805263, 0.0838427947598254, 0.1395619306067065, 0.10482234154612949, 0.11768462345481907, 0.019271359089657707, 0.016469565615206898, 0.0006393521231818429, 0.008561073748894203
2007-08-08, 0.06135663011805263, 0.0838427947598254, 0.1395619306067065, 0.10482234154612949, 0.11768462345481907, 0.019271359089657707, 0.016469565615206898, 0.0006393521231818429, 0.008561073748894203
2007-08-08, 0.06135663011805263, 0.0838427947598254, 0.1395619306067065, 0.10482234154612949, 0.11768462345481907, 0.019271359089657707, 0.016469565615206898, 0.0006393521231818429, 0.008561073748894203
2007-08-08, 0.06135663011805263, 0.0838427947598254, 0.1395619306067065, 0.10482234154612949, 0.11768462345481907, 0.019271359089657707, 0.016469565615206898, 0.0006393521231818429, 0.008561073748894203
2007-08-08, 0.06135663011805263, 0.0838427947598254, 0.1395619306067065, 0.10482234154612949, 0.11768462345481907, 0.019271359089657707, 0.016469565615206898, 0.0006393521231818429, 0.008561073748894203
2007-08-08, 0.06135663011805263, 0.0838427947598254, 0.1395619306067065, 0.10482234154612949, 0.11768462345481907, 0.019271359089657707, 0.016469565615206898, 0.0006393521231818429, 0.008561073748894203
2007-08-08, 0.06135663011805263, 0.0838427947598254, 0.1395619306067065, 0.10482234154612949, 0.11768462345481907, 0.019271359089657707, 0.016469565615206898, 0.0006393521231818429, 0.008561073748894203
2007-08-08, 0.06135663011805263, 0.0838427947598254, 0.1395619306067065, 0.10482234154612949, 0.11768462345481907, 0.019271359089657707, 0.016469565615206898, 0.0006393521231818429, 0.008561073748894203
2007-08-08, 0.06135663011805263, 0.0838427947598254, 0.1395619306067065, 0.10482234154612949, 0.11768462345481907, 0.019271359089657707, 0.016469565615206898, 0.0006393521231818429, 0.008561073748894203
2007-08-08, 0.09508653031920673, 0.0419213973799127, 0.17057569296375244, 0.16031652236466884, 0.33389590840669614, 0.019271359089657707, 0.016469565615206898, 0.005114816985454729, 0.013126979748304431
2007-08-08, 0.09508653031920673, 0.0419213973799127, 0.17057569296375244, 0.16031652236466884, 0.33389590840669614, 0.019271359089657707, 0.016469565615206898, 0.005114816985454729, 0.013126979748304431
2007-08-08, 0.09508653031920673, 0.0419213973799127, 0.17057569296375244, 0.16031652236466884, 0.33389590840669614, 0.019271359089657707, 0.016469565615206898, 0.005114816985454729, 0.013126979748304431
2007-08-08, 0.06735871169461559, 0.0838427947598254, 0.1240550494281835, 0.01541505022737221, 0.27094831911690925, 0.016518307791135174, 0.016469565615206898, 0.0019180563695455287, 0.009702550248746764
2007-07-09, 0.07908685265117522, 0.06288209606986882, 0.06978096530335325, 0.13256943195539903, 0.33936961182319925, 0.00825915389556758, 0.008234782807603456, 0.007032873355000272, 0.0045659059994102285
2007-07-09, 0.07908685265117522, 0.06288209606986882, 0.06978096530335325, 0.13256943195539903, 0.33936961182319925, 0.00825915389556758, 0.008234782807603456, 0.007032873355000272, 0.0045659059994102285
2007-07-09, 0.07908685265117522, 0.06288209606986882, 0.06978096530335325, 0.13256943195539903, 0.33936961182319925, 0.00825915389556758, 0.008234782807603456, 0.007032873355000272, 0.0045659059994102285
2007-07-09, 0.07908685265117522, 0.06288209606986882, 0.06978096530335325, 0.13256943195539903, 0.33936961182319925, 0.00825915389556758, 0.008234782807603456, 0.007032873355000272, 0.0045659059994102285
2007-07-09, 0.07908685265117522, 0.06288209606986882, 0.06978096530335325, 0.13256943195539903, 0.33936961182319925, 0.00825915389556758, 0.008234782807603456, 0.007032873355000272, 0.0045659059994102285
2007-07-09, 0.07908685265117522, 0.06288209606986882, 0.06978096530335325, 0.13256943195539903, 0.33936961182319925, 0.00825915389556758, 0.008234782807603456, 0.007032873355000272, 0.0045659059994102285
2007-07-09, 0.07908685265117522, 0.06288209606986882, 0.06978096530335325, 0.13256943195539903, 0.33936961182319925, 0.00825915389556758, 0.008234782807603456, 0.007032873355000272, 0.0045659059994102285
2007-07-09, 0.07908685265117522, 0.06288209606986882, 0.06978096530335325, 0.13256943195539903, 0.33936961182319925, 0.00825915389556758, 0.008234782807603456, 0.007032873355000272, 0.0045659059994102285
2007-07-09, 0.07908685265117522, 0.06288209606986882, 0.06978096530335325, 0.13256943195539903, 0.33936961182319925, 0.00825915389556758, 0.008234782807603456, 0.007032873355000272, 0.0045659059994102285
2007-07-09, 0.07908685265117522, 0.06288209606986882, 0.06978096530335325, 0.13256943195539903, 0.33936961182319925, 0.00825915389556758, 0.008234782807603456, 0.007032873355000272, 0.0045659059994102285
2007-07-09, 0.07908685265117522, 0.06288209606986882, 0.06978096530335325, 0.13256943195539903, 0.33936961182319925, 0.00825915389556758, 0.008234782807603456, 0.007032873355000272, 0.0045659059994102285
2007-07-09, 0.14745167686751998, 0.18864628820960713, 0.13180849001744516, 0.2959689643655422, 0.522738676276057, 0.013765256492612642, 0.009607246608870698, 0.010229633970909473, 0.00684885899911535
2007-07-09, 0.14745167686751998, 0.18864628820960713, 0.13180849001744516, 0.2959689643655422, 0.522738676276057, 0.013765256492612642, 0.009607246608870698, 0.010229633970909473, 0.00684885899911535
2007-07-09, 0.14745167686751998, 0.18864628820960713, 0.13180849001744516, 0.2959689643655422, 0.522738676276057, 0.013765256492612642, 0.009607246608870698, 0.010229633970909473, 0.00684885899911535
2007-07-09, 0.08392840803083108, 0.06288209606986882, 0.06978096530335325, 0.16339953241014318, 0.33389590840669614, 0.011012205194090111, 0.010979710410137926, 0.0166231552027279, 0.002853691249631401
2007-06-09, 0.05960624133712385, 0.02096069868995635, 0.015506881178522981, 0.13565244200087365, 0.27094831911690903, 0.00825915389556758, 0.009607246608870698, 0.015344450956364216, 0.0005707382499262802
2007-06-09, 0.05960624133712385, 0.02096069868995635, 0.015506881178522981, 0.13565244200087365, 0.27094831911690903, 0.00825915389556758, 0.009607246608870698, 0.015344450956364216, 0.0005707382499262802
2007-06-09, 0.05960624133712385, 0.02096069868995635, 0.015506881178522981, 0.13565244200087365, 0.27094831911690903, 0.00825915389556758, 0.009607246608870698, 0.015344450956364216, 0.0005707382499262802
2007-06-09, 0.05960624133712385, 0.02096069868995635, 0.015506881178522981, 0.13565244200087365, 0.27094831911690903, 0.00825915389556758, 0.009607246608870698, 0.015344450956364216, 0.0005707382499262802
2007-06-09, 0.05960624133712385, 0.02096069868995635, 0.015506881178522981, 0.13565244200087365, 0.27094831911690903, 0.00825915389556758, 0.009607246608870698, 0.015344450956364216, 0.0005707382499262802
2007-06-09, 0.05960624133712385, 0.02096069868995635, 0.015506881178522981, 0.13565244200087365, 0.27094831911690903, 0.00825915389556758, 0.009607246608870698, 0.015344450956364216, 0.0005707382499262802
2007-06-09, 0.05960624133712385, 0.02096069868995635, 0.015506881178522981, 0.13565244200087365, 0.27094831911690903, 0.00825915389556758, 0.009607246608870698, 0.015344450956364216, 0.0005707382499262802
2007-06-09, 0.05960624133712385, 0.02096069868995635, 0.015506881178522981, 0.13565244200087365, 0.27094831911690903, 0.00825915389556758, 0.009607246608870698, 0.015344450956364216, 0.0005707382499262802
2007-06-09, 0.05960624133712385, 0.02096069868995635, 0.015506881178522981, 0.13565244200087365, 0.27094831911690903, 0.00825915389556758, 0.009607246608870698, 0.015344450956364216, 0.0005707382499262802
2007-06-09, 0.05960624133712385, 0.02096069868995635, 0.015506881178522981, 0.13565244200087365, 0.27094831911690903, 0.00825915389556758, 0.009607246608870698, 0.015344450956364216, 0.0005707382499262802
2007-06-09, 0.05960624133712385, 0.02096069868995635, 0.015506881178522981, 0.13565244200087365, 0.27094831911690903, 0.00825915389556758, 0.009607246608870698, 0.015344450956364216, 0.0005707382499262802
2007-06-09, 0.10489632430459471, 0.10480349344978152, 0.06978096530335341, 0.262055853865324, 0.369474980613967, 0.00825915389556758, 0.012352174211405168, 0.009590281847727629, 0.002853691249631401
2007-06-09, 0.10489632430459471, 0.10480349344978152, 0.06978096530335341, 0.262055853865324, 0.369474980613967, 0.00825915389556758, 0.012352174211405168, 0.009590281847727629, 0.002853691249631401
2007-06-09, 0.10489632430459471, 0.10480349344978152, 0.06978096530335341, 0.262055853865324, 0.369474980613967, 0.00825915389556758, 0.012352174211405168, 0.009590281847727629, 0.002853691249631401
2007-06-09, 0.07995899790777164, 0.10480349344978175, 0.023260321767784472, 0.15106749222824556, 0.3311590566984446, 0.005506102597045063, 0.008234782807603456, 0.012787042463636844, 0.002853691249631401
2007-05-10, 0.12417819011503894, 0.2724890829694323, 0.03876720294630728, 0.18806361277393838, 0.4652647904027732, 0.008259153895567594, 0.005489855205068971, 0.007672225478182115, 0.007419597249041629
2007-05-10, 0.12417819011503894, 0.2724890829694323, 0.03876720294630728, 0.18806361277393838, 0.4652647904027732, 0.008259153895567594, 0.005489855205068971, 0.007672225478182115, 0.007419597249041629
2007-05-10, 0.12417819011503894, 0.2724890829694323, 0.03876720294630728, 0.18806361277393838, 0.4652647904027732, 0.008259153895567594, 0.005489855205068971, 0.007672225478182115, 0.007419597249041629
2007-05-10, 0.12417819011503894, 0.2724890829694323, 0.03876720294630728, 0.18806361277393838, 0.4652647904027732, 0.008259153895567594, 0.005489855205068971, 0.007672225478182115, 0.007419597249041629
2007-05-10, 0.12417819011503894, 0.2724890829694323, 0.03876720294630728, 0.18806361277393838, 0.4652647904027732, 0.008259153895567594, 0.005489855205068971, 0.007672225478182115, 0.007419597249041629
2007-05-10, 0.12417819011503894, 0.2724890829694323, 0.03876720294630728, 0.18806361277393838, 0.4652647904027732, 0.008259153895567594, 0.005489855205068971, 0.007672225478182115, 0.007419597249041629
2007-05-10, 0.12417819011503894, 0.2724890829694323, 0.03876720294630728, 0.18806361277393838, 0.4652647904027732, 0.008259153895567594, 0.005489855205068971, 0.007672225478182115, 0.007419597249041629
2007-05-10, 0.12417819011503894, 0.2724890829694323, 0.03876720294630728, 0.18806361277393838, 0.4652647904027732, 0.008259153895567594, 0.005489855205068971, 0.007672225478182115, 0.007419597249041629
2007-05-10, 0.12417819011503894, 0.2724890829694323, 0.03876720294630728, 0.18806361277393838, 0.4652647904027732, 0.008259153895567594, 0.005489855205068971, 0.007672225478182115, 0.007419597249041629
2007-05-10, 0.12417819011503894, 0.2724890829694323, 0.03876720294630728, 0.18806361277393838, 0.4652647904027732, 0.008259153895567594, 0.005489855205068971, 0.007672225478182115, 0.007419597249041629
2007-05-10, 0.12417819011503894, 0.2724890829694323, 0.03876720294630728, 0.18806361277393838, 0.4652647904027732, 0.008259153895567594, 0.005489855205068971, 0.007672225478182115, 0.007419597249041629
2007-05-10, 0.17536707385597272, 0.3982532751091704, 0.046520643535568944, 0.3452971250931326, 0.5802125621493407, 0.016518307791135174, 0.008234782807603456, 0.0044754648622729, 0.0034244294995576683
2007-05-10, 0.17536707385597272, 0.3982532751091704, 0.046520643535568944, 0.3452971250931326, 0.5802125621493407, 0.016518307791135174, 0.008234782807603456, 0.0044754648622729, 0.0034244294995576683
2007-05-10, 0.17536707385597272, 0.3982532751091704, 0.046520643535568944, 0.3452971250931326, 0.5802125621493407, 0.016518307791135174, 0.008234782807603456, 0.0044754648622729, 0.0034244294995576683
2007-05-10, 0.12478826461202043, 0.314410480349345, 0.007753440589261662, 0.2343087634560542, 0.4077909045294894, 0.011012205194090127, 0.008234782807603456, 0.010229633970909473, 0.0045659059994102285
2007-04-10, 0.10869104398830999, 0.0419213973799127, 0.062027524714091925, 0.2620558538653237, 0.4789490489440314, 0.008259153895567594, 0.006862319006336213, 0.008311577601363944, 0.0011414764998525604
2007-04-10, 0.10869104398830999, 0.0419213973799127, 0.062027524714091925, 0.2620558538653237, 0.4789490489440314, 0.008259153895567594, 0.006862319006336213, 0.008311577601363944, 0.0011414764998525604
2007-04-10, 0.10869104398830999, 0.0419213973799127, 0.062027524714091925, 0.2620558538653237, 0.4789490489440314, 0.008259153895567594, 0.006862319006336213, 0.008311577601363944, 0.0011414764998525604
2007-04-10, 0.10869104398830999, 0.0419213973799127, 0.062027524714091925, 0.2620558538653237, 0.4789490489440314, 0.008259153895567594, 0.006862319006336213, 0.008311577601363944, 0.0011414764998525604
2007-04-10, 0.10869104398830999, 0.0419213973799127, 0.062027524714091925, 0.2620558538653237, 0.4789490489440314, 0.008259153895567594, 0.006862319006336213, 0.008311577601363944, 0.0011414764998525604
2007-04-10, 0.10869104398830999, 0.0419213973799127, 0.062027524714091925, 0.2620558538653237, 0.4789490489440314, 0.008259153895567594, 0.006862319006336213, 0.008311577601363944, 0.0011414764998525604
2007-04-10, 0.10869104398830999, 0.0419213973799127, 0.062027524714091925, 0.2620558538653237, 0.4789490489440314, 0.008259153895567594, 0.006862319006336213, 0.008311577601363944, 0.0011414764998525604
2007-04-10, 0.10869104398830999, 0.0419213973799127, 0.062027524714091925, 0.2620558538653237, 0.4789490489440314, 0.008259153895567594, 0.006862319006336213, 0.008311577601363944, 0.0011414764998525604
2007-04-10, 0.10869104398830999, 0.0419213973799127, 0.062027524714091925, 0.2620558538653237, 0.4789490489440314, 0.008259153895567594, 0.006862319006336213, 0.008311577601363944, 0.0011414764998525604
2007-04-10, 0.10869104398830999, 0.0419213973799127, 0.062027524714091925, 0.2620558538653237, 0.4789490489440314, 0.008259153895567594, 0.006862319006336213, 0.008311577601363944, 0.0011414764998525604
2007-04-10, 0.10869104398830999, 0.0419213973799127, 0.062027524714091925, 0.2620558538653237, 0.4789490489440314, 0.008259153895567594, 0.006862319006336213, 0.008311577601363944, 0.0011414764998525604
2007-04-10, 0.21922115886471824, 0.33537117903930136, 0.09304128707113789, 0.5241117077306477, 0.7690553300187017, 0.011012205194090127, 0.006862319006336213, 0.005754169108636586, 0.00856107374889419
2007-04-10, 0.21922115886471824, 0.33537117903930136, 0.09304128707113789, 0.5241117077306477, 0.7690553300187017, 0.011012205194090127, 0.006862319006336213, 0.005754169108636586, 0.00856107374889419
2007-04-10, 0.21922115886471824, 0.33537117903930136, 0.09304128707113789, 0.5241117077306477, 0.7690553300187017, 0.011012205194090127, 0.006862319006336213, 0.005754169108636586, 0.00856107374889419
2007-04-10, 0.1509288658736777, 0.20960698689956325, 0.023260321767784645, 0.33604809495670934, 0.6185284860648633, 0.005506102597045063, 0.0027449276025344853, 0.008311577601363944, 0.0034244294995576683
2007-03-11, 0.14933343497685422, 0.2515283842794762, 0.031013762357045963, 0.2281427433651055, 0.6541075582721345, 0.011012205194090127, 0.0027449276025344853, 0.0012787042463636858, 0.014839194498083259
2007-03-11, 0.14933343497685422, 0.2515283842794762, 0.031013762357045963, 0.2281427433651055, 0.6541075582721345, 0.011012205194090127, 0.0027449276025344853, 0.0012787042463636858, 0.014839194498083259
2007-03-11, 0.14933343497685422, 0.2515283842794762, 0.031013762357045963, 0.2281427433651055, 0.6541075582721345, 0.011012205194090127, 0.0027449276025344853, 0.0012787042463636858, 0.014839194498083259
2007-03-11, 0.14933343497685422, 0.2515283842794762, 0.031013762357045963, 0.2281427433651055, 0.6541075582721345, 0.011012205194090127, 0.0027449276025344853, 0.0012787042463636858, 0.014839194498083259
2007-03-11, 0.14933343497685422, 0.2515283842794762, 0.031013762357045963, 0.2281427433651055, 0.6541075582721345, 0.011012205194090127, 0.0027449276025344853, 0.0012787042463636858, 0.014839194498083259
2007-03-11, 0.14933343497685422, 0.2515283842794762, 0.031013762357045963, 0.2281427433651055, 0.6541075582721345, 0.011012205194090127, 0.0027449276025344853, 0.0012787042463636858, 0.014839194498083259
2007-03-11, 0.14933343497685422, 0.2515283842794762, 0.031013762357045963, 0.2281427433651055, 0.6541075582721345, 0.011012205194090127, 0.0027449276025344853, 0.0012787042463636858, 0.014839194498083259
2007-03-11, 0.14933343497685422, 0.2515283842794762, 0.031013762357045963, 0.2281427433651055, 0.6541075582721345, 0.011012205194090127, 0.0027449276025344853, 0.0012787042463636858, 0.014839194498083259
2007-03-11, 0.14933343497685422, 0.2515283842794762, 0.031013762357045963, 0.2281427433651055, 0.6541075582721345, 0.011012205194090127, 0.0027449276025344853, 0.0012787042463636858, 0.014839194498083259
2007-03-11, 0.14933343497685422, 0.2515283842794762, 0.031013762357045963, 0.2281427433651055, 0.6541075582721345, 0.011012205194090127, 0.0027449276025344853, 0.0012787042463636858, 0.014839194498083259
2007-03-11, 0.14933343497685422, 0.2515283842794762, 0.031013762357045963, 0.2281427433651055, 0.6541075582721345, 0.011012205194090127, 0.0027449276025344853, 0.0012787042463636858, 0.014839194498083259
2007-03-11, 0.20008822446685112, 0.37729257641921404, 0.046520643535568944, 0.38229324563882544, 0.7608447748939471, 0.013765256492612657, 0.006862319006336213, 0.0, 0.013126979748304431
2007-03-11, 0.20008822446685112, 0.37729257641921404, 0.046520643535568944, 0.38229324563882544, 0.7608447748939471, 0.013765256492612657, 0.006862319006336213, 0.0, 0.013126979748304431
2007-03-11, 0.20008822446685112, 0.37729257641921404, 0.046520643535568944, 0.38229324563882544, 0.7608447748939471, 0.013765256492612657, 0.006862319006336213, 0.0, 0.013126979748304431
2007-03-11, 0.1635934806472973, 0.314410480349345, 0.03876720294630762, 0.32988207486576065, 0.6048442275236053, 0.008259153895567594, 0.0027449276025344853, 0.0012787042463636858, 0.00856107374889419
2007-02-09, 0.16834493659942992, 0.3982532751091702, 0.0232603217677843, 0.29288595432006787, 0.5993705241071022, 0.016518307791135174, 0.005489855205068971, 0.0012787042463636858, 0.00970255024874675
2007-02-09, 0.16834493659942992, 0.3982532751091702, 0.0232603217677843, 0.29288595432006787, 0.5993705241071022, 0.016518307791135174, 0.005489855205068971, 0.0012787042463636858, 0.00970255024874675
2007-02-09, 0.16834493659942992, 0.3982532751091702, 0.0232603217677843, 0.29288595432006787, 0.5993705241071022, 0.016518307791135174, 0.005489855205068971, 0.0012787042463636858, 0.00970255024874675
2007-02-09, 0.16834493659942992, 0.3982532751091702, 0.0232603217677843, 0.29288595432006787, 0.5993705241071022, 0.016518307791135174, 0.005489855205068971, 0.0012787042463636858, 0.00970255024874675
2007-02-09, 0.16834493659942992, 0.3982532751091702, 0.0232603217677843, 0.29288595432006787, 0.5993705241071022, 0.016518307791135174, 0.005489855205068971, 0.0012787042463636858, 0.00970255024874675
2007-02-09, 0.16834493659942992, 0.3982532751091702, 0.0232603217677843, 0.29288595432006787, 0.5993705241071022, 0.016518307791135174, 0.005489855205068971, 0.0012787042463636858, 0.00970255024874675
2007-02-09, 0.16834493659942992, 0.3982532751091702, 0.0232603217677843, 0.29288595432006787, 0.5993705241071022, 0.016518307791135174, 0.005489855205068971, 0.0012787042463636858, 0.00970255024874675
2007-02-09, 0.16834493659942992, 0.3982532751091702, 0.0232603217677843, 0.29288595432006787, 0.5993705241071022, 0.016518307791135174, 0.005489855205068971, 0.0012787042463636858, 0.00970255024874675
2007-02-09, 0.16834493659942992, 0.3982532751091702, 0.0232603217677843, 0.29288595432006787, 0.5993705241071022, 0.016518307791135174, 0.005489855205068971, 0.0012787042463636858, 0.00970255024874675
2007-02-09, 0.16834493659942992, 0.3982532751091702, 0.0232603217677843, 0.29288595432006787, 0.5993705241071022, 0.016518307791135174, 0.005489855205068971, 0.0012787042463636858, 0.00970255024874675
2007-02-09, 0.16834493659942992, 0.3982532751091702, 0.0232603217677843, 0.29288595432006787, 0.5993705241071022, 0.016518307791135174, 0.005489855205068971, 0.0012787042463636858, 0.00970255024874675
2007-02-09, 0.23008192432364136, 0.5030567685589517, 0.0232603217677843, 0.4747835470030573, 0.8018975505177214, 0.019271359089657707, 0.004117391403801728, 0.0, 0.014268456248156992
2007-02-09, 0.23008192432364136, 0.5030567685589517, 0.0232603217677843, 0.4747835470030573, 0.8018975505177214, 0.019271359089657707, 0.004117391403801728, 0.0, 0.014268456248156992
2007-02-09, 0.23008192432364136, 0.5030567685589517, 0.0232603217677843, 0.4747835470030573, 0.8018975505177214, 0.019271359089657707, 0.004117391403801728, 0.0, 0.014268456248156992
2007-02-09, 0.20234274726350332, 0.5240174672489081, 0.054274084124830264, 0.29288595432006787, 0.7061077407289149, 0.016518307791135174, 0.004117391403801728, 0.0025574084927273717, 0.018263623997640952
2007-01-10, 0.16966746411045974, 0.4192139737991265, 0.0232603217677843, 0.3021349844564911, 0.5856862655658442, 0.019271359089657707, 0.005489855205068971, 0.0, 0.0022829529997051208
2007-01-10, 0.16966746411045974, 0.4192139737991265, 0.0232603217677843, 0.3021349844564911, 0.5856862655658442, 0.019271359089657707, 0.005489855205068971, 0.0, 0.0022829529997051208
2007-01-10, 0.16966746411045974, 0.4192139737991265, 0.0232603217677843, 0.3021349844564911, 0.5856862655658442, 0.019271359089657707, 0.005489855205068971, 0.0, 0.0022829529997051208
2007-01-10, 0.16966746411045974, 0.4192139737991265, 0.0232603217677843, 0.3021349844564911, 0.5856862655658442, 0.019271359089657707, 0.005489855205068971, 0.0, 0.0022829529997051208
2007-01-10, 0.16966746411045974, 0.4192139737991265, 0.0232603217677843, 0.3021349844564911, 0.5856862655658442, 0.019271359089657707, 0.005489855205068971, 0.0, 0.0022829529997051208
2007-01-10, 0.16966746411045974, 0.4192139737991265, 0.0232603217677843, 0.3021349844564911, 0.5856862655658442, 0.019271359089657707, 0.005489855205068971, 0.0, 0.0022829529997051208
2007-01-10, 0.16966746411045974, 0.4192139737991265, 0.0232603217677843, 0.3021349844564911, 0.5856862655658442, 0.019271359089657707, 0.005489855205068971, 0.0, 0.0022829529997051208
2007-01-10, 0.16966746411045974, 0.4192139737991265, 0.0232603217677843, 0.3021349844564911, 0.5856862655658442, 0.019271359089657707, 0.005489855205068971, 0.0, 0.0022829529997051208
2007-01-10, 0.16966746411045974, 0.4192139737991265, 0.0232603217677843, 0.3021349844564911, 0.5856862655658442, 0.019271359089657707, 0.005489855205068971, 0.0, 0.0022829529997051208
2007-01-10, 0.16966746411045974, 0.4192139737991265, 0.0232603217677843, 0.3021349844564911, 0.5856862655658442, 0.019271359089657707, 0.005489855205068971, 0.0, 0.0022829529997051208
2007-01-10, 0.16966746411045974, 0.4192139737991265, 0.0232603217677843, 0.3021349844564911, 0.5856862655658442, 0.019271359089657707, 0.005489855205068971, 0.0, 0.0022829529997051208
2007-01-10, 0.23909270426605272, 0.5659388646288207, 0.031013762357045963, 0.3977082958661974, 0.8757925466405146, 0.022024410388180236, 0.006862319006336213, 0.0025574084927273717, 0.01084402674859931
2007-01-10, 0.23909270426605272, 0.5659388646288207, 0.031013762357045963, 0.3977082958661974, 0.8757925466405146, 0.022024410388180236, 0.006862319006336213, 0.0025574084927273717, 0.01084402674859931
2007-01-10, 0.23909270426605272, 0.5659388646288207, 0.031013762357045963, 0.3977082958661974, 0.8757925466405146, 0.022024410388180236, 0.006862319006336213, 0.0025574084927273717, 0.01084402674859931
2007-01-10, 0.19812262756149218, 0.48209606986899556, 0.03876720294630762, 0.33913110500218396, 0.6869497787711538, 0.022024410388180236, 0.004117391403801728, 0.0044754648622729, 0.007419597249041629
2006-12-11, 0.16744006347969437, 0.3982532751091702, 0.023260321767784645, 0.25897284381984964, 0.6267390411896183, 0.011012205194090111, 0.0013724638012672426, 0.015344450956364216, 0.0045659059994102415
2006-12-11, 0.16744006347969437, 0.3982532751091702, 0.023260321767784645, 0.25897284381984964, 0.6267390411896183, 0.011012205194090111, 0.0013724638012672426, 0.015344450956364216, 0.0045659059994102415
2006-12-11, 0.16744006347969437, 0.3982532751091702, 0.023260321767784645, 0.25897284381984964, 0.6267390411896183, 0.011012205194090111, 0.0013724638012672426, 0.015344450956364216, 0.0045659059994102415
2006-12-11, 0.16744006347969437, 0.3982532751091702, 0.023260321767784645, 0.25897284381984964, 0.6267390411896183, 0.011012205194090111, 0.0013724638012672426, 0.015344450956364216, 0.0045659059994102415
2006-12-11, 0.16744006347969437, 0.3982532751091702, 0.023260321767784645, 0.25897284381984964, 0.6267390411896183, 0.011012205194090111, 0.0013724638012672426, 0.015344450956364216, 0.0045659059994102415
2006-12-11, 0.16744006347969437, 0.3982532751091702, 0.023260321767784645, 0.25897284381984964, 0.6267390411896183, 0.011012205194090111, 0.0013724638012672426, 0.015344450956364216, 0.0045659059994102415
2006-12-11, 0.16744006347969437, 0.3982532751091702, 0.023260321767784645, 0.25897284381984964, 0.6267390411896183, 0.011012205194090111, 0.0013724638012672426, 0.015344450956364216, 0.0045659059994102415
2006-12-11, 0.16744006347969437, 0.3982532751091702, 0.023260321767784645, 0.25897284381984964, 0.6267390411896183, 0.011012205194090111, 0.0013724638012672426, 0.015344450956364216, 0.0045659059994102415
2006-12-11, 0.16744006347969437, 0.3982532751091702, 0.023260321767784645, 0.25897284381984964, 0.6267390411896183, 0.011012205194090111, 0.0013724638012672426, 0.015344450956364216, 0.0045659059994102415
2006-12-11, 0.16744006347969437, 0.3982532751091702, 0.023260321767784645, 0.25897284381984964, 0.6267390411896183, 0.011012205194090111, 0.0013724638012672426, 0.015344450956364216, 0.0045659059994102415
2006-12-11, 0.16744006347969437, 0.3982532751091702, 0.023260321767784645, 0.25897284381984964, 0.6267390411896183, 0.011012205194090111, 0.0013724638012672426, 0.015344450956364216, 0.0045659059994102415
2006-12-11, 0.27127114339287656, 0.5868995633187771, 0.03876720294630762, 0.5056136474578015, 0.9934771700953338, 0.016518307791135174, 0.005489855205068971, 0.01598380307954606, 0.007419597249041629
2006-12-11, 0.27127114339287656, 0.5868995633187771, 0.03876720294630762, 0.5056136474578015, 0.9934771700953338, 0.016518307791135174, 0.005489855205068971, 0.01598380307954606, 0.007419597249041629
2006-12-11, 0.27127114339287656, 0.5868995633187771, 0.03876720294630762, 0.5056136474578015, 0.9934771700953338, 0.016518307791135174, 0.005489855205068971, 0.01598380307954606, 0.007419597249041629
2006-12-11, 0.18685686287265627, 0.3772925764192138, 0.03876720294630728, 0.33913110500218396, 0.7115814441454182, 0.00825915389556758, 0.0027449276025344853, 0.010229633970909473, 0.006848858999115362
2006-11-11, 0.1727455169546341, 0.35633187772925745, 0.0232603217677843, 0.3021349844564911, 0.6650549651051407, 0.013765256492612642, 0.0, 0.013426394586818687, 0.007990335498967922
2006-11-11, 0.1727455169546341, 0.35633187772925745, 0.0232603217677843, 0.3021349844564911, 0.6650549651051407, 0.013765256492612642, 0.0, 0.013426394586818687, 0.007990335498967922
2006-11-11, 0.1727455169546341, 0.35633187772925745, 0.0232603217677843, 0.3021349844564911, 0.6650549651051407, 0.013765256492612642, 0.0, 0.013426394586818687, 0.007990335498967922
2006-11-11, 0.1727455169546341, 0.35633187772925745, 0.0232603217677843, 0.3021349844564911, 0.6650549651051407, 0.013765256492612642, 0.0, 0.013426394586818687, 0.007990335498967922
2006-11-11, 0.1727455169546341, 0.35633187772925745, 0.0232603217677843, 0.3021349844564911, 0.6650549651051407, 0.013765256492612642, 0.0, 0.013426394586818687, 0.007990335498967922
2006-11-11, 0.1727455169546341, 0.35633187772925745, 0.0232603217677843, 0.3021349844564911, 0.6650549651051407, 0.013765256492612642, 0.0, 0.013426394586818687, 0.007990335498967922
2006-11-11, 0.1727455169546341, 0.35633187772925745, 0.0232603217677843, 0.3021349844564911, 0.6650549651051407, 0.013765256492612642, 0.0, 0.013426394586818687, 0.007990335498967922
2006-11-11, 0.1727455169546341, 0.35633187772925745, 0.0232603217677843, 0.3021349844564911, 0.6650549651051407, 0.013765256492612642, 0.0, 0.013426394586818687, 0.007990335498967922
2006-11-11, 0.1727455169546341, 0.35633187772925745, 0.0232603217677843, 0.3021349844564911, 0.6650549651051407, 0.013765256492612642, 0.0, 0.013426394586818687, 0.007990335498967922
2006-11-11, 0.1727455169546341, 0.35633187772925745, 0.0232603217677843, 0.3021349844564911, 0.6650549651051407, 0.013765256492612642, 0.0, 0.013426394586818687, 0.007990335498967922
2006-11-11, 0.1727455169546341, 0.35633187772925745, 0.0232603217677843, 0.3021349844564911, 0.6650549651051407, 0.013765256492612642, 0.0, 0.013426394586818687, 0.007990335498967922
2006-11-11, 0.2542890425973787, 0.5240174672489081, 0.015506881178522981, 0.5179456876396991, 0.9360032842220501, 0.016518307791135174, 0.0027449276025344853, 0.009590281847727629, 0.011985503248451872
2006-11-11, 0.2542890425973787, 0.5240174672489081, 0.015506881178522981, 0.5179456876396991, 0.9360032842220501, 0.016518307791135174, 0.0027449276025344853, 0.009590281847727629, 0.011985503248451872
2006-11-11, 0.2542890425973787, 0.5240174672489081, 0.015506881178522981, 0.5179456876396991, 0.9360032842220501, 0.016518307791135174, 0.0027449276025344853, 0.009590281847727629, 0.011985503248451872
2006-11-11, 0.18276756739754518, 0.31441048034934477, 0.08528784648187622, 0.3576291652750302, 0.6677918168133925, 0.016518307791135174, 0.0, 0.010229633970909473, 0.010273288498673042
2006-10-12, 0.1695253678632139, 0.3982532751091702, 0.08528784648187622, 0.3083010045474398, 0.4898964557770379, 0.011012205194090127, 0.0027449276025344853, 0.017901859449091572, 0.04280536874447099
2006-10-12, 0.1695253678632139, 0.3982532751091702, 0.08528784648187622, 0.3083010045474398, 0.4898964557770379, 0.011012205194090127, 0.0027449276025344853, 0.017901859449091572, 0.04280536874447099
2006-10-12, 0.1695253678632139, 0.3982532751091702, 0.08528784648187622, 0.3083010045474398, 0.4898964557770379, 0.011012205194090127, 0.0027449276025344853, 0.017901859449091572, 0.04280536874447099
2006-10-12, 0.1695253678632139, 0.3982532751091702, 0.08528784648187622, 0.3083010045474398, 0.4898964557770379, 0.011012205194090127, 0.0027449276025344853, 0.017901859449091572, 0.04280536874447099
2006-10-12, 0.1695253678632139, 0.3982532751091702, 0.08528784648187622, 0.3083010045474398, 0.4898964557770379, 0.011012205194090127, 0.0027449276025344853, 0.017901859449091572, 0.04280536874447099
2006-10-12, 0.1695253678632139, 0.3982532751091702, 0.08528784648187622, 0.3083010045474398, 0.4898964557770379, 0.011012205194090127, 0.0027449276025344853, 0.017901859449091572, 0.04280536874447099
2006-10-12, 0.1695253678632139, 0.3982532751091702, 0.08528784648187622, 0.3083010045474398, 0.4898964557770379, 0.011012205194090127, 0.0027449276025344853, 0.017901859449091572, 0.04280536874447099
2006-10-12, 0.1695253678632139, 0.3982532751091702, 0.08528784648187622, 0.3083010045474398, 0.4898964557770379, 0.011012205194090127, 0.0027449276025344853, 0.017901859449091572, 0.04280536874447099
2006-10-12, 0.1695253678632139, 0.3982532751091702, 0.08528784648187622, 0.3083010045474398, 0.4898964557770379, 0.011012205194090127, 0.0027449276025344853, 0.017901859449091572, 0.04280536874447099
2006-10-12, 0.1695253678632139, 0.3982532751091702, 0.08528784648187622, 0.3083010045474398, 0.4898964557770379, 0.011012205194090127, 0.0027449276025344853, 0.017901859449091572, 0.04280536874447099
2006-10-12, 0.1695253678632139, 0.3982532751091702, 0.08528784648187622, 0.3083010045474398, 0.4898964557770379, 0.011012205194090127, 0.0027449276025344853, 0.017901859449091572, 0.04280536874447099
2006-10-12, 0.2478156695831098, 0.5659388646288209, 0.08528784648187622, 0.527194717776122, 0.7444236646444373, 0.013765256492612657, 0.0013724638012672426, 0.010868986094091315, 0.03367355674565052
2006-10-12, 0.2478156695831098, 0.5659388646288209, 0.08528784648187622, 0.527194717776122, 0.7444236646444373, 0.013765256492612657, 0.0013724638012672426, 0.010868986094091315, 0.03367355674565052
2006-10-12, 0.2478156695831098, 0.5659388646288209, 0.08528784648187622, 0.527194717776122, 0.7444236646444373, 0.013765256492612657, 0.0013724638012672426, 0.010868986094091315, 0.03367355674565052
2006-10-12, 0.1789256217789589, 0.33537117903930114, 0.1240550494281835, 0.36071217532050454, 0.5446334899420698, 0.011012205194090127, 0.0027449276025344853, 0.01406574671000053, 0.038810200994987026
2006-09-12, 0.16124467596270345, 0.2515283842794762, 0.06978096530335325, 0.38229324563882544, 0.5200018245678056, 0.019271359089657707, 0.0027449276025344853, 0.008950929724545786, 0.03538577149542935
2006-09-12, 0.16124467596270345, 0.2515283842794762, 0.06978096530335325, 0.38229324563882544, 0.5200018245678056, 0.019271359089657707, 0.0027449276025344853, 0.008950929724545786, 0.03538577149542935
2006-09-12, 0.16124467596270345, 0.2515283842794762, 0.06978096530335325, 0.38229324563882544, 0.5200018245678056, 0.019271359089657707, 0.0027449276025344853, 0.008950929724545786, 0.03538577149542935
2006-09-12, 0.16124467596270345, 0.2515283842794762, 0.06978096530335325, 0.38229324563882544, 0.5200018245678056, 0.019271359089657707, 0.0027449276025344853, 0.008950929724545786, 0.03538577149542935
2006-09-12, 0.16124467596270345, 0.2515283842794762, 0.06978096530335325, 0.38229324563882544, 0.5200018245678056, 0.019271359089657707, 0.0027449276025344853, 0.008950929724545786, 0.03538577149542935
2006-09-12, 0.16124467596270345, 0.2515283842794762, 0.06978096530335325, 0.38229324563882544, 0.5200018245678056, 0.019271359089657707, 0.0027449276025344853, 0.008950929724545786, 0.03538577149542935
2006-09-12, 0.16124467596270345, 0.2515283842794762, 0.06978096530335325, 0.38229324563882544, 0.5200018245678056, 0.019271359089657707, 0.0027449276025344853, 0.008950929724545786, 0.03538577149542935
2006-09-12, 0.16124467596270345, 0.2515283842794762, 0.06978096530335325, 0.38229324563882544, 0.5200018245678056, 0.019271359089657707, 0.0027449276025344853, 0.008950929724545786, 0.03538577149542935
2006-09-12, 0.16124467596270345, 0.2515283842794762, 0.06978096530335325, 0.38229324563882544, 0.5200018245678056, 0.019271359089657707, 0.0027449276025344853, 0.008950929724545786, 0.03538577149542935
2006-09-12, 0.16124467596270345, 0.2515283842794762, 0.06978096530335325, 0.38229324563882544, 0.5200018245678056, 0.019271359089657707, 0.0027449276025344853, 0.008950929724545786, 0.03538577149542935
2006-09-12, 0.16124467596270345, 0.2515283842794762, 0.06978096530335325, 0.38229324563882544, 0.5200018245678056, 0.019271359089657707, 0.0027449276025344853, 0.008950929724545786, 0.03538577149542935
2006-09-12, 0.222630880441748, 0.4192139737991265, 0.062027524714091925, 0.5117796675487502, 0.7307394061031793, 0.019271359089657707, 0.0013724638012672426, 0.006393521231818415, 0.030249127246092838
2006-09-12, 0.222630880441748, 0.4192139737991265, 0.062027524714091925, 0.5117796675487502, 0.7307394061031793, 0.019271359089657707, 0.0013724638012672426, 0.006393521231818415, 0.030249127246092838
2006-09-12, 0.222630880441748, 0.4192139737991265, 0.062027524714091925, 0.5117796675487502, 0.7307394061031793, 0.019271359089657707, 0.0013724638012672426, 0.006393521231818415, 0.030249127246092838
2006-09-12, 0.17817677270017404, 0.2096069868995635, 0.10079472766039921, 0.41928936618451823, 0.6404232997308763, 0.019271359089657707, 0.0013724638012672426, 0.003836112739091043, 0.030819865496019103
2006-08-13, 0.16078339477875084, 0.18864628820960713, 0.06978096530335325, 0.4408704365028388, 0.5282123796925603, 0.005506102597045063, 0.005489855205068971, 0.008950929724545786, 0.038810200994987026
2006-08-13, 0.16078339477875084, 0.18864628820960713, 0.06978096530335325, 0.4408704365028388, 0.5282123796925603, 0.005506102597045063, 0.005489855205068971, 0.008950929724545786, 0.038810200994987026
2006-08-13, 0.16078339477875084, 0.18864628820960713, 0.06978096530335325, 0.4408704365028388, 0.5282123796925603, 0.005506102597045063, 0.005489855205068971, 0.008950929724545786, 0.038810200994987026
2006-08-13, 0.16078339477875084, 0.18864628820960713, 0.06978096530335325, 0.4408704365028388, 0.5282123796925603, 0.005506102597045063, 0.005489855205068971, 0.008950929724545786, 0.038810200994987026
2006-08-13, 0.16078339477875084, 0.18864628820960713, 0.06978096530335325, 0.4408704365028388, 0.5282123796925603, 0.005506102597045063, 0.005489855205068971, 0.008950929724545786, 0.038810200994987026
2006-08-13, 0.16078339477875084, 0.18864628820960713, 0.06978096530335325, 0.4408704365028388, 0.5282123796925603, 0.005506102597045063, 0.005489855205068971, 0.008950929724545786, 0.038810200994987026
2006-08-13, 0.16078339477875084, 0.18864628820960713, 0.06978096530335325, 0.4408704365028388, 0.5282123796925603, 0.005506102597045063, 0.005489855205068971, 0.008950929724545786, 0.038810200994987026
2006-08-13, 0.16078339477875084, 0.18864628820960713, 0.06978096530335325, 0.4408704365028388, 0.5282123796925603, 0.005506102597045063, 0.005489855205068971, 0.008950929724545786, 0.038810200994987026
2006-08-13, 0.16078339477875084, 0.18864628820960713, 0.06978096530335325, 0.4408704365028388, 0.5282123796925603, 0.005506102597045063, 0.005489855205068971, 0.008950929724545786, 0.038810200994987026
2006-08-13, 0.16078339477875084, 0.18864628820960713, 0.06978096530335325, 0.4408704365028388, 0.5282123796925603, 0.005506102597045063, 0.005489855205068971, 0.008950929724545786, 0.038810200994987026
2006-08-13, 0.16078339477875084, 0.18864628820960713, 0.06978096530335325, 0.4408704365028388, 0.5282123796925603, 0.005506102597045063, 0.005489855205068971, 0.008950929724545786, 0.038810200994987026
2006-08-13, 0.22066628082570672, 0.419213973799127, 0.007753440589261662, 0.5179456876396987, 0.7663184783104504, 0.011012205194090127, 0.0027449276025344853, 0.008950929724545786, 0.0313906037459454
2006-08-13, 0.22066628082570672, 0.419213973799127, 0.007753440589261662, 0.5179456876396987, 0.7663184783104504, 0.011012205194090127, 0.0027449276025344853, 0.008950929724545786, 0.0313906037459454
2006-08-13, 0.22066628082570672, 0.419213973799127, 0.007753440589261662, 0.5179456876396987, 0.7663184783104504, 0.011012205194090127, 0.0027449276025344853, 0.008950929724545786, 0.0313906037459454
2006-08-13, 0.1581569143292174, 0.1676855895196508, 0.0775344058926149, 0.3637951853659789, 0.6048442275236053, 0.008259153895567594, 0.005489855205068971, 0.005114816985454729, 0.032532080245797956
2006-07-14, 0.13114881373643084, 0.0838427947598254, 0.08528784648187657, 0.3668781954114535, 0.454317383569767, 0.024777461686702768, 0.010979710410137926, 0.01854121157227343, 0.0045659059994102285
2006-07-14, 0.11167305690145611, 0.0419213973799127, 0.10079472766039956, 0.3206330447293374, 0.37221183232221855, 0.022024410388180236, 0.010979710410137926, 0.01854121157227343, 0.006278120749189069
2006-07-14, 0.11167305690145611, 0.0419213973799127, 0.10079472766039956, 0.3206330447293374, 0.37221183232221855, 0.022024410388180236, 0.010979710410137926, 0.01854121157227343, 0.006278120749189069
2006-07-14, 0.11167305690145611, 0.0419213973799127, 0.10079472766039956, 0.3206330447293374, 0.37221183232221855, 0.022024410388180236, 0.010979710410137926, 0.01854121157227343, 0.006278120749189069
2006-07-14, 0.11167305690145611, 0.0419213973799127, 0.10079472766039956, 0.3206330447293374, 0.37221183232221855, 0.022024410388180236, 0.010979710410137926, 0.01854121157227343, 0.006278120749189069
2006-07-14, 0.11167305690145611, 0.0419213973799127, 0.10079472766039956, 0.3206330447293374, 0.37221183232221855, 0.022024410388180236, 0.010979710410137926, 0.01854121157227343, 0.006278120749189069
2006-07-14, 0.11167305690145611, 0.0419213973799127, 0.10079472766039956, 0.3206330447293374, 0.37221183232221855, 0.022024410388180236, 0.010979710410137926, 0.01854121157227343, 0.006278120749189069
2006-07-14, 0.11167305690145611, 0.0419213973799127, 0.10079472766039956, 0.3206330447293374, 0.37221183232221855, 0.022024410388180236, 0.010979710410137926, 0.01854121157227343, 0.006278120749189069
2006-07-14, 0.11167305690145611, 0.0419213973799127, 0.10079472766039956, 0.3206330447293374, 0.37221183232221855, 0.022024410388180236, 0.010979710410137926, 0.01854121157227343, 0.006278120749189069
2006-07-14, 0.11167305690145611, 0.0419213973799127, 0.10079472766039956, 0.3206330447293374, 0.37221183232221855, 0.022024410388180236, 0.010979710410137926, 0.01854121157227343, 0.006278120749189069
2006-07-14, 0.11167305690145611, 0.0419213973799127, 0.10079472766039956, 0.3206330447293374, 0.37221183232221855, 0.022024410388180236, 0.010979710410137926, 0.01854121157227343, 0.006278120749189069
2006-07-14, 0.18765096489279495, 0.2515283842794762, 0.16282225237449147, 0.4439534465483134, 0.585686265565844, 0.024777461686702768, 0.009607246608870683, 0.01598380307954606, 0.00684885899911535
2006-07-14, 0.18765096489279495, 0.2515283842794762, 0.16282225237449147, 0.4439534465483134, 0.585686265565844, 0.024777461686702768, 0.009607246608870683, 0.01598380307954606, 0.00684885899911535
2006-07-14, 0.10880774353219466, 0.0419213973799127, 0.09304128707113789, 0.25897284381984964, 0.41873831136249584, 0.024777461686702768, 0.009607246608870683, 0.01598380307954606, 0.007419597249041629
2006-07-14, 0.1311107821682954, 0.0419213973799127, 0.11630160883892253, 0.3113840145929144, 0.5172649728595539, 0.024777461686702768, 0.010979710410137926, 0.01598380307954606, 0.01027328849867303
2006-06-14, 0.10558303625304598, 0.0419213973799127, 0.08528784648187622, 0.2620558538653237, 0.39136979427998014, 0.024777461686702768, 0.01372463801267241, 0.019819915818637117, 0.005707382499262789
2006-06-14, 0.09630968671771886, 0.1257641921397381, 0.0232603217677843, 0.21272769313773332, 0.3448433152397028, 0.0275305129852253, 0.01372463801267241, 0.01406574671000053, 0.00856107374889419
2006-06-14, 0.09630968671771886, 0.1257641921397381, 0.0232603217677843, 0.21272769313773332, 0.3448433152397028, 0.0275305129852253, 0.01372463801267241, 0.01406574671000053, 0.00856107374889419
2006-06-14, 0.09630968671771886, 0.1257641921397381, 0.0232603217677843, 0.21272769313773332, 0.3448433152397028, 0.0275305129852253, 0.01372463801267241, 0.01406574671000053, 0.00856107374889419
2006-06-14, 0.09630968671771886, 0.1257641921397381, 0.0232603217677843, 0.21272769313773332, 0.3448433152397028, 0.0275305129852253, 0.01372463801267241, 0.01406574671000053, 0.00856107374889419
2006-06-14, 0.09630968671771886, 0.1257641921397381, 0.0232603217677843, 0.21272769313773332, 0.3448433152397028, 0.0275305129852253, 0.01372463801267241, 0.01406574671000053, 0.00856107374889419
2006-06-14, 0.09630968671771886, 0.1257641921397381, 0.0232603217677843, 0.21272769313773332, 0.3448433152397028, 0.0275305129852253, 0.01372463801267241, 0.01406574671000053, 0.00856107374889419
2006-06-14, 0.09630968671771886, 0.1257641921397381, 0.0232603217677843, 0.21272769313773332, 0.3448433152397028, 0.0275305129852253, 0.01372463801267241, 0.01406574671000053, 0.00856107374889419
2006-06-14, 0.09630968671771886, 0.1257641921397381, 0.0232603217677843, 0.21272769313773332, 0.3448433152397028, 0.0275305129852253, 0.01372463801267241, 0.01406574671000053, 0.00856107374889419
2006-06-14, 0.09630968671771886, 0.1257641921397381, 0.0232603217677843, 0.21272769313773332, 0.3448433152397028, 0.0275305129852253, 0.01372463801267241, 0.01406574671000053, 0.00856107374889419
2006-06-14, 0.09630968671771886, 0.1257641921397381, 0.0232603217677843, 0.21272769313773332, 0.3448433152397028, 0.0275305129852253, 0.01372463801267241, 0.01406574671000053, 0.00856107374889419
2006-06-14, 0.17274857941927993, 0.2515283842794757, 0.007753440589261319, 0.4686175269121084, 0.5911599689823474, 0.03028356428374783, 0.009607246608870698, 0.017901859449091586, 0.005136644249336509
2006-06-14, 0.17274857941927993, 0.2515283842794757, 0.007753440589261319, 0.4686175269121084, 0.5911599689823474, 0.03028356428374783, 0.009607246608870698, 0.017901859449091586, 0.005136644249336509
2006-06-14, 0.09468102052200815, 0.0, 0.046520643535568944, 0.2743878940472213, 0.37768553573872216, 0.0275305129852253, 0.010979710410137941, 0.01406574671000053, 0.006278120749189069
2006-06-14, 0.15498018056420806, 0.14672489082969445, 0.031013762357045963, 0.4316214063664158, 0.5637914518998314, 0.03303661558227035, 0.010979710410137941, 0.019819915818637117, 0.0028536912496313883
2006-05-15, 0.08437657200540646, 0.18864628820960713, 0.046520643535568944, 0.0955733114097065, 0.2654746157004059, 0.03028356428374783, 0.009607246608870698, 0.027492141296819216, 0.011414764998525591
2006-05-15, 0.10568455391646296, 0.31441048034934527, 0.08528784648187622, 0.17573157259204078, 0.19431647128586416, 0.0275305129852253, 0.012352174211405168, 0.02557408492727369, 0.01027328849867303
2006-05-15, 0.10568455391646296, 0.31441048034934527, 0.08528784648187622, 0.17573157259204078, 0.19431647128586416, 0.0275305129852253, 0.012352174211405168, 0.02557408492727369, 0.01027328849867303
2006-05-15, 0.10568455391646296, 0.31441048034934527, 0.08528784648187622, 0.17573157259204078, 0.19431647128586416, 0.0275305129852253, 0.012352174211405168, 0.02557408492727369, 0.01027328849867303
2006-05-15, 0.10568455391646296, 0.31441048034934527, 0.08528784648187622, 0.17573157259204078, 0.19431647128586416, 0.0275305129852253, 0.012352174211405168, 0.02557408492727369, 0.01027328849867303
2006-05-15, 0.10568455391646296, 0.31441048034934527, 0.08528784648187622, 0.17573157259204078, 0.19431647128586416, 0.0275305129852253, 0.012352174211405168, 0.02557408492727369, 0.01027328849867303
2006-05-15, 0.10568455391646296, 0.31441048034934527, 0.08528784648187622, 0.17573157259204078, 0.19431647128586416, 0.0275305129852253, 0.012352174211405168, 0.02557408492727369, 0.01027328849867303
2006-05-15, 0.10568455391646296, 0.31441048034934527, 0.08528784648187622, 0.17573157259204078, 0.19431647128586416, 0.0275305129852253, 0.012352174211405168, 0.02557408492727369, 0.01027328849867303
2006-05-15, 0.10568455391646296, 0.31441048034934527, 0.08528784648187622, 0.17573157259204078, 0.19431647128586416, 0.0275305129852253, 0.012352174211405168, 0.02557408492727369, 0.01027328849867303
2006-05-15, 0.10568455391646296, 0.31441048034934527, 0.08528784648187622, 0.17573157259204078, 0.19431647128586416, 0.0275305129852253, 0.012352174211405168, 0.02557408492727369, 0.01027328849867303
2006-05-15, 0.10568455391646296, 0.31441048034934527, 0.08528784648187622, 0.17573157259204078, 0.19431647128586416, 0.0275305129852253, 0.012352174211405168, 0.02557408492727369, 0.01027328849867303
2006-05-15, 0.13476540796125222, 0.4401746724890831, 0.13956193060670666, 0.024664080363795207, 0.4077909045294894, 0.03303661558227035, 0.008234782807603456, 0.022377324311364473, 0.002282952999705108
2006-05-15, 0.13476540796125222, 0.4401746724890831, 0.13956193060670666, 0.024664080363795207, 0.4077909045294894, 0.03303661558227035, 0.008234782807603456, 0.022377324311364473, 0.002282952999705108
2006-05-15, 0.12367955262809087, 0.37729257641921404, 0.11630160883892218, 0.05857719086401341, 0.37221183232221855, 0.03028356428374783, 0.009607246608870698, 0.02173797218818263, 0.0034244294995576683
2006-05-15, 0.07832031987369255, 0.2096069868995635, 0.0232603217677843, 0.01233204018189733, 0.3065273913241799, 0.03303661558227035, 0.008234782807603456, 0.02557408492727369, 0.00799033549896791
