Date,TotalError,SP500_LongAll-0.25,SP500_LongAll-0.1,SP500_LongAll-0.01,SP500_LongAll-0.005,SP500_Hedged-0.25,SP500_Hedged-0.1,SP500_Hedged-0.01,SP500_Hedged-0.005,
2025-12-31, 0.4573217018486257, 1.2997903563941295, 0.5970149253731343, 0.672104823688098, 1.083780917519072, 0.0006259754784539247, 0.0003782524986729635, 0.0007227766186582361, 0.0041555872187862015
2025-12-31, 0.19017036639734206, 0.6498951781970645, 0.5815080441946113, 0.1325711349476523, 0.15326194793199016, 0.0004173169856359486, 0.0, 0.0003162147706629782, 0.0033930941511190094
2025-12-31, 0.19017036639734206, 0.6498951781970645, 0.5815080441946113, 0.1325711349476523, 0.15326194793199016, 0.0004173169856359486, 0.0, 0.0003162147706629782, 0.0033930941511190094
2025-12-31, 0.19017036639734206, 0.6498951781970645, 0.5815080441946113, 0.1325711349476523, 0.15326194793199016, 0.0004173169856359486, 0.0, 0.0003162147706629782, 0.0033930941511190094
2025-12-31, 0.19017036639734206, 0.6498951781970645, 0.5815080441946113, 0.1325711349476523, 0.15326194793199016, 0.0004173169856359486, 0.0, 0.0003162147706629782, 0.0033930941511190094
2025-12-31, 0.19017036639734206, 0.6498951781970645, 0.5815080441946113, 0.1325711349476523, 0.15326194793199016, 0.0004173169856359486, 0.0, 0.0003162147706629782, 0.0033930941511190094
2025-12-31, 0.19017036639734206, 0.6498951781970645, 0.5815080441946113, 0.1325711349476523, 0.15326194793199016, 0.0004173169856359486, 0.0, 0.0003162147706629782, 0.0033930941511190094
2025-12-31, 0.19017036639734206, 0.6498951781970645, 0.5815080441946113, 0.1325711349476523, 0.15326194793199016, 0.0004173169856359486, 0.0, 0.0003162147706629782, 0.0033930941511190094
2025-12-31, 0.19017036639734206, 0.6498951781970645, 0.5815080441946113, 0.1325711349476523, 0.15326194793199016, 0.0004173169856359486, 0.0, 0.0003162147706629782, 0.0033930941511190094
2025-12-31, 0.19017036639734206, 0.6498951781970645, 0.5815080441946113, 0.1325711349476523, 0.15326194793199016, 0.0004173169856359486, 0.0, 0.0003162147706629782, 0.0033930941511190094
2025-12-31, 0.19017036639734206, 0.6498951781970645, 0.5815080441946113, 0.1325711349476523, 0.15326194793199016, 0.0004173169856359486, 0.0, 0.0003162147706629782, 0.0033930941511190094
2025-12-31, 0.1692803566380394, 0.5031446540880503, 0.5504942818375653, 0.2219795747960693, 0.07389415346720936, 0.0008346339712718984, 0.00018912624933648225, 0.0005420824639936766, 0.003164346230818851
2025-12-31, 0.22103943186816274, 0.10482180293501056, 0.48846675712347337, 0.6751878733380434, 0.4953645102801822, 0.0010432924640898732, 0.0, 0.0, 0.003431218804502368
2025-12-31, 0.14597496203472224, 0.14675052410901432, 0.4109323512308585, 0.34838461044383034, 0.25726112688584024, 0.0004173169856359486, 9.456312466824113e-05, 0.00045173538666139885, 0.0035074681112690874
2025-12-31, 0.2889276684197128, 0.48218029350104835, 0.271370420624152, 0.810842057935641, 0.74167835517088, 0.0016692679425437968, 0.00028368937400472335, 0.0002710412319968393, 0.0031262215774354924
2025-12-01, 0.13570770524323195, 0.0, 0.48846675712347337, 0.326803262894213, 0.2654715883821972, 0.0004173169856359486, 0.00028368937400472335, 0.000406561847995258, 0.003812465338335965
2025-12-01, 0.15287100718960014, 0.33542976939203334, 0.558247722426827, 0.22814567409595998, 0.09578871745749366, 0.0004173169856359486, 0.00047281562334120457, 0.000767950157324377, 0.003698091378185887
2025-12-01, 0.15287100718960014, 0.33542976939203334, 0.558247722426827, 0.22814567409595998, 0.09578871745749366, 0.0004173169856359486, 0.00047281562334120457, 0.000767950157324377, 0.003698091378185887
2025-12-01, 0.15287100718960014, 0.33542976939203334, 0.558247722426827, 0.22814567409595998, 0.09578871745749366, 0.0004173169856359486, 0.00047281562334120457, 0.000767950157324377, 0.003698091378185887
2025-12-01, 0.15287100718960014, 0.33542976939203334, 0.558247722426827, 0.22814567409595998, 0.09578871745749366, 0.0004173169856359486, 0.00047281562334120457, 0.000767950157324377, 0.003698091378185887
2025-12-01, 0.15287100718960014, 0.33542976939203334, 0.558247722426827, 0.22814567409595998, 0.09578871745749366, 0.0004173169856359486, 0.00047281562334120457, 0.000767950157324377, 0.003698091378185887
2025-12-01, 0.15287100718960014, 0.33542976939203334, 0.558247722426827, 0.22814567409595998, 0.09578871745749366, 0.0004173169856359486, 0.00047281562334120457, 0.000767950157324377, 0.003698091378185887
2025-12-01, 0.15287100718960014, 0.33542976939203334, 0.558247722426827, 0.22814567409595998, 0.09578871745749366, 0.0004173169856359486, 0.00047281562334120457, 0.000767950157324377, 0.003698091378185887
2025-12-01, 0.15287100718960014, 0.33542976939203334, 0.558247722426827, 0.22814567409595998, 0.09578871745749366, 0.0004173169856359486, 0.00047281562334120457, 0.000767950157324377, 0.003698091378185887
2025-12-01, 0.15287100718960014, 0.33542976939203334, 0.558247722426827, 0.22814567409595998, 0.09578871745749366, 0.0004173169856359486, 0.00047281562334120457, 0.000767950157324377, 0.003698091378185887
2025-12-01, 0.15287100718960014, 0.33542976939203334, 0.558247722426827, 0.22814567409595998, 0.09578871745749366, 0.0004173169856359486, 0.00047281562334120457, 0.000767950157324377, 0.003698091378185887
2025-12-01, 0.14851685901310974, 0.0, 0.4496995541771661, 0.40079645449290274, 0.33389210085183557, 0.0004173169856359486, 0.00018912624933648225, 9.034707733227977e-05, 0.003049972270668773
2025-12-01, 0.1679450771232862, 0.06289308176100634, 0.4264392324093815, 0.40696255379279345, 0.4433649208032571, 0.00020865849281797487, 0.00028368937400472335, 0.0005872560026598195, 0.002821224350368615
2025-12-01, 0.13600047863008247, 0.06289308176100634, 0.4496995541771661, 0.3545507097437216, 0.2162088194040576, 0.0004173169856359486, 0.00047281562334120457, 0.000406561847995258, 0.003354969497735649
2025-12-01, 0.3156568136770502, 0.6918238993710693, 0.542740841248304, 0.44395914959213806, 0.8402038931271597, 0.00041731698563594974, 0.00028368937400472335, 0.001174512005319635, 0.004651207712769878
2025-11-01, 0.1964966980969662, 0.4192872117400418, 0.4264392324093815, 0.3483846104438309, 0.37220758783483276, 0.0016692679425437968, 0.0009456312466824112, 0.00018069415466455955, 0.0028593490037519737
2025-11-01, 0.13835623115858856, 0.5031446540880503, 0.5117270788912577, 0.07399319159868976, 0.013684102493927389, 0.0008346339712718984, 0.0006619418726776879, 0.00013552061599842065, 0.002668725736835176
2025-11-01, 0.13835623115858856, 0.5031446540880503, 0.5117270788912577, 0.07399319159868976, 0.013684102493927389, 0.0008346339712718984, 0.0006619418726776879, 0.00013552061599842065, 0.002668725736835176
2025-11-01, 0.13835623115858856, 0.5031446540880503, 0.5117270788912577, 0.07399319159868976, 0.013684102493927389, 0.0008346339712718984, 0.0006619418726776879, 0.00013552061599842065, 0.002668725736835176
2025-11-01, 0.13835623115858856, 0.5031446540880503, 0.5117270788912577, 0.07399319159868976, 0.013684102493927389, 0.0008346339712718984, 0.0006619418726776879, 0.00013552061599842065, 0.002668725736835176
2025-11-01, 0.13835623115858856, 0.5031446540880503, 0.5117270788912577, 0.07399319159868976, 0.013684102493927389, 0.0008346339712718984, 0.0006619418726776879, 0.00013552061599842065, 0.002668725736835176
2025-11-01, 0.13835623115858856, 0.5031446540880503, 0.5117270788912577, 0.07399319159868976, 0.013684102493927389, 0.0008346339712718984, 0.0006619418726776879, 0.00013552061599842065, 0.002668725736835176
2025-11-01, 0.13835623115858856, 0.5031446540880503, 0.5117270788912577, 0.07399319159868976, 0.013684102493927389, 0.0008346339712718984, 0.0006619418726776879, 0.00013552061599842065, 0.002668725736835176
2025-11-01, 0.13835623115858856, 0.5031446540880503, 0.5117270788912577, 0.07399319159868976, 0.013684102493927389, 0.0008346339712718984, 0.0006619418726776879, 0.00013552061599842065, 0.002668725736835176
2025-11-01, 0.13835623115858856, 0.5031446540880503, 0.5117270788912577, 0.07399319159868976, 0.013684102493927389, 0.0008346339712718984, 0.0006619418726776879, 0.00013552061599842065, 0.002668725736835176
2025-11-01, 0.13835623115858856, 0.5031446540880503, 0.5117270788912577, 0.07399319159868976, 0.013684102493927389, 0.0008346339712718984, 0.0006619418726776879, 0.00013552061599842065, 0.002668725736835176
2025-11-01, 0.1584554855197077, 0.4402515723270439, 0.5039736383019964, 0.25589312094546857, 0.06294687147206744, 0.0010432924640898732, 0.0006619418726776879, 9.034707733227977e-05, 0.0027830996969852545
2025-11-01, 0.14181958103475548, 0.48218029350104813, 0.48846675712347337, 0.07091014194874443, 0.08757825596113723, 0.001251950956907848, 0.0009456312466824112, 0.00013552061599841865, 0.003088096924052132
2025-11-01, 0.15065358333479856, 0.39832285115303967, 0.4574529947664274, 0.16956773074699746, 0.17515651192227447, 0.0008346339712718984, 0.000756504997345929, 0.0003162147706629802, 0.002821224350368615
2025-11-01, 0.4461483025202076, 1.1320754716981127, 0.6202752471409185, 0.7060183698374973, 1.1056754815093568, 0.00020865849281797487, 0.0006619418726776879, 0.0004969089253275378, 0.003774340684952606
2025-10-02, 0.13687978899011116, 0.29350104821802914, 0.5039736383019964, 0.21273042584623275, 0.07936779446478032, 0.0008346339712718984, 0.0006619418726776879, 0.0014907267759826153, 0.002478102469918377
2025-10-02, 0.13687978899011116, 0.29350104821802914, 0.5039736383019964, 0.21273042584623275, 0.07936779446478032, 0.0008346339712718984, 0.0006619418726776879, 0.0014907267759826153, 0.002478102469918377
2025-10-02, 0.13687978899011116, 0.29350104821802914, 0.5039736383019964, 0.21273042584623275, 0.07936779446478032, 0.0008346339712718984, 0.0006619418726776879, 0.0014907267759826153, 0.002478102469918377
2025-10-02, 0.13687978899011116, 0.29350104821802914, 0.5039736383019964, 0.21273042584623275, 0.07936779446478032, 0.0008346339712718984, 0.0006619418726776879, 0.0014907267759826153, 0.002478102469918377
2025-10-02, 0.13687978899011116, 0.29350104821802914, 0.5039736383019964, 0.21273042584623275, 0.07936779446478032, 0.0008346339712718984, 0.0006619418726776879, 0.0014907267759826153, 0.002478102469918377
2025-10-02, 0.13687978899011116, 0.29350104821802914, 0.5039736383019964, 0.21273042584623275, 0.07936779446478032, 0.0008346339712718984, 0.0006619418726776879, 0.0014907267759826153, 0.002478102469918377
2025-10-02, 0.13687978899011116, 0.29350104821802914, 0.5039736383019964, 0.21273042584623275, 0.07936779446478032, 0.0008346339712718984, 0.0006619418726776879, 0.0014907267759826153, 0.002478102469918377
2025-10-02, 0.13687978899011116, 0.29350104821802914, 0.5039736383019964, 0.21273042584623275, 0.07936779446478032, 0.0008346339712718984, 0.0006619418726776879, 0.0014907267759826153, 0.002478102469918377
2025-10-02, 0.13687978899011116, 0.29350104821802914, 0.5039736383019964, 0.21273042584623275, 0.07936779446478032, 0.0008346339712718984, 0.0006619418726776879, 0.0014907267759826153, 0.002478102469918377
2025-10-02, 0.13687978899011116, 0.29350104821802914, 0.5039736383019964, 0.21273042584623275, 0.07936779446478032, 0.0008346339712718984, 0.0006619418726776879, 0.0014907267759826153, 0.002478102469918377
2025-10-02, 0.13687978899011116, 0.29350104821802914, 0.5039736383019964, 0.21273042584623275, 0.07936779446478032, 0.0008346339712718984, 0.0006619418726776879, 0.0014907267759826153, 0.002478102469918377
2025-10-02, 0.3625126321994045, 0.7966457023060799, 0.48071331653421173, 0.5672811355899543, 1.0509390715336457, 0.00020865849281797487, 0.0004728156233412056, 0.0014003796986503355, 0.0024399778165350165
2025-10-02, 0.1043588428224094, 0.27253668763102745, 0.4574529947664274, 0.07091014194874443, 0.027368204987855263, 0.001251950956907848, 0.0008510681220141701, 0.0017165944693133136, 0.0027830996969852545
2025-10-02, 0.11696321756077546, 0.18867924528301902, 0.46520643535568873, 0.07399319159868976, 0.20252471691012972, 0.0004173169856359486, 0.0006619418726776879, 0.0018972886239778733, 0.002325603856384938
2025-10-02, 0.32679558801182007, 0.5660377358490566, 0.2713704206241517, 0.9341640439334573, 0.8374670726283737, 0.0018779264353617716, 0.0010401943713506524, 0.000767950157324377, 0.001639360095484464
2025-09-02, 0.1376958344404841, 0.3144654088050312, 0.558247722426827, 0.16956773074699746, 0.05473640997571101, 0.0006259754784539235, 0.000756504997345929, 0.0009938178506550775, 0.0021731052428514996
2025-09-02, 0.14877128116757743, 0.27253668763102745, 0.5737546036053499, 0.24047787269574133, 0.09852553795627915, 0.0006259754784539235, 0.000756504997345929, 0.0011293384666534961, 0.002363728509768297
2025-09-02, 0.14877128116757743, 0.27253668763102745, 0.5737546036053499, 0.24047787269574133, 0.09852553795627915, 0.0006259754784539235, 0.000756504997345929, 0.0011293384666534961, 0.002363728509768297
2025-09-02, 0.14877128116757743, 0.27253668763102745, 0.5737546036053499, 0.24047787269574133, 0.09852553795627915, 0.0006259754784539235, 0.000756504997345929, 0.0011293384666534961, 0.002363728509768297
2025-09-02, 0.14877128116757743, 0.27253668763102745, 0.5737546036053499, 0.24047787269574133, 0.09852553795627915, 0.0006259754784539235, 0.000756504997345929, 0.0011293384666534961, 0.002363728509768297
2025-09-02, 0.14877128116757743, 0.27253668763102745, 0.5737546036053499, 0.24047787269574133, 0.09852553795627915, 0.0006259754784539235, 0.000756504997345929, 0.0011293384666534961, 0.002363728509768297
2025-09-02, 0.14877128116757743, 0.27253668763102745, 0.5737546036053499, 0.24047787269574133, 0.09852553795627915, 0.0006259754784539235, 0.000756504997345929, 0.0011293384666534961, 0.002363728509768297
2025-09-02, 0.14877128116757743, 0.27253668763102745, 0.5737546036053499, 0.24047787269574133, 0.09852553795627915, 0.0006259754784539235, 0.000756504997345929, 0.0011293384666534961, 0.002363728509768297
2025-09-02, 0.14877128116757743, 0.27253668763102745, 0.5737546036053499, 0.24047787269574133, 0.09852553795627915, 0.0006259754784539235, 0.000756504997345929, 0.0011293384666534961, 0.002363728509768297
2025-09-02, 0.14877128116757743, 0.27253668763102745, 0.5737546036053499, 0.24047787269574133, 0.09852553795627915, 0.0006259754784539235, 0.000756504997345929, 0.0011293384666534961, 0.002363728509768297
2025-09-02, 0.14877128116757743, 0.27253668763102745, 0.5737546036053499, 0.24047787269574133, 0.09852553795627915, 0.0006259754784539235, 0.000756504997345929, 0.0011293384666534961, 0.002363728509768297
2025-09-02, 0.47710350868191964, 1.3207547169811322, 0.6590424500872258, 0.6536065257884255, 1.1768328144777807, 0.0012519509569078493, 0.0003782524986729645, 0.001987635701310153, 0.002973722963902052
2025-09-02, 0.30532206879576906, 0.5450733752620545, 0.31789106415972096, 0.8478386537349861, 0.7252574321781672, 0.0016692679425437968, 0.000756504997345929, 0.001535900314648754, 0.0025543517766850963
2025-09-02, 0.1765189770082759, 0.5241090146750523, 0.589261484783873, 0.10174063844819836, 0.19157743491498783, 0.0004173169856359486, 0.0005673787480094467, 0.001581073853314895, 0.0028974736571353325
2025-09-02, 0.1552400035234856, 0.48218029350104813, 0.5039736383019964, 0.0030830496499453385, 0.24631384489069835, 0.0006259754784539235, 0.0008510681220141701, 0.002032809239976294, 0.0028593490037519737
2025-08-03, 0.1610761793817965, 0.5031446540880503, 0.40317891064159717, 0.2497270216455779, 0.1258937429441344, 0.0, 0.0011347574960188934, 0.0022135033946408533, 0.0033168448443522884
2025-08-03, 0.13435694675829254, 0.48218029350104813, 0.3333979453382436, 0.23431177339585066, 0.01915774349149883, 0.00020865849281797487, 0.0010401943713506524, 0.0018521150853117343, 0.0027068503902185352
2025-08-03, 0.13435694675829254, 0.48218029350104813, 0.3333979453382436, 0.23431177339585066, 0.01915774349149883, 0.00020865849281797487, 0.0010401943713506524, 0.0018521150853117343, 0.0027068503902185352
2025-08-03, 0.13435694675829254, 0.48218029350104813, 0.3333979453382436, 0.23431177339585066, 0.01915774349149883, 0.00020865849281797487, 0.0010401943713506524, 0.0018521150853117343, 0.0027068503902185352
2025-08-03, 0.13435694675829254, 0.48218029350104813, 0.3333979453382436, 0.23431177339585066, 0.01915774349149883, 0.00020865849281797487, 0.0010401943713506524, 0.0018521150853117343, 0.0027068503902185352
2025-08-03, 0.13435694675829254, 0.48218029350104813, 0.3333979453382436, 0.23431177339585066, 0.01915774349149883, 0.00020865849281797487, 0.0010401943713506524, 0.0018521150853117343, 0.0027068503902185352
2025-08-03, 0.13435694675829254, 0.48218029350104813, 0.3333979453382436, 0.23431177339585066, 0.01915774349149883, 0.00020865849281797487, 0.0010401943713506524, 0.0018521150853117343, 0.0027068503902185352
2025-08-03, 0.13435694675829254, 0.48218029350104813, 0.3333979453382436, 0.23431177339585066, 0.01915774349149883, 0.00020865849281797487, 0.0010401943713506524, 0.0018521150853117343, 0.0027068503902185352
2025-08-03, 0.13435694675829254, 0.48218029350104813, 0.3333979453382436, 0.23431177339585066, 0.01915774349149883, 0.00020865849281797487, 0.0010401943713506524, 0.0018521150853117343, 0.0027068503902185352
2025-08-03, 0.13435694675829254, 0.48218029350104813, 0.3333979453382436, 0.23431177339585066, 0.01915774349149883, 0.00020865849281797487, 0.0010401943713506524, 0.0018521150853117343, 0.0027068503902185352
2025-08-03, 0.13435694675829254, 0.48218029350104813, 0.3333979453382436, 0.23431177339585066, 0.01915774349149883, 0.00020865849281797487, 0.0010401943713506524, 0.0018521150853117343, 0.0027068503902185352
2025-08-03, 0.4104282580625273, 1.2368972746331237, 0.41868579182012017, 0.5765302845397904, 1.0427286100372894, 0.0018779264353617727, 0.0006619418726776879, 0.0025748917039699706, 0.003469343457885727
2025-08-03, 0.21083265141376176, 0.1257861635220127, 0.2558635394456287, 0.7430149656368424, 0.5555745612534642, 0.0002086584928179737, 0.0010401943713506524, 0.0021231563173085737, 0.0030499722706687714
2025-08-03, 0.19955478765823892, 0.5031446540880503, 0.4264392324093815, 0.4624574474918106, 0.19978789641134426, 0.0002086584928179737, 0.0012293206206871335, 0.001264859082651917, 0.0019062326691679824
2025-08-03, 0.2877993247851476, 0.3773584905660376, 0.19383601473153708, 0.9464962425332392, 0.7799938421538781, 0.0008346339712718984, 0.000756504997345929, 0.001174512005319637, 0.0019443573225513414
2025-07-04, 0.17897324706831907, 0.39832285115304017, 0.24811009885636737, 0.4316269509923567, 0.35031302384454843, 0.001251950956907848, 0.0008510681220141701, 0.0013100326213180556, 0.0
2025-07-04, 0.17897324706831907, 0.39832285115304017, 0.24811009885636737, 0.4316269509923567, 0.35031302384454843, 0.001251950956907848, 0.0008510681220141701, 0.0013100326213180556, 0.0
2025-07-04, 0.17897324706831907, 0.39832285115304017, 0.24811009885636737, 0.4316269509923567, 0.35031302384454843, 0.001251950956907848, 0.0008510681220141701, 0.0013100326213180556, 0.0
2025-07-04, 0.17897324706831907, 0.39832285115304017, 0.24811009885636737, 0.4316269509923567, 0.35031302384454843, 0.001251950956907848, 0.0008510681220141701, 0.0013100326213180556, 0.0
2025-07-04, 0.17897324706831907, 0.39832285115304017, 0.24811009885636737, 0.4316269509923567, 0.35031302384454843, 0.001251950956907848, 0.0008510681220141701, 0.0013100326213180556, 0.0
2025-07-04, 0.17897324706831907, 0.39832285115304017, 0.24811009885636737, 0.4316269509923567, 0.35031302384454843, 0.001251950956907848, 0.0008510681220141701, 0.0013100326213180556, 0.0
2025-07-04, 0.17897324706831907, 0.39832285115304017, 0.24811009885636737, 0.4316269509923567, 0.35031302384454843, 0.001251950956907848, 0.0008510681220141701, 0.0013100326213180556, 0.0
2025-07-04, 0.17897324706831907, 0.39832285115304017, 0.24811009885636737, 0.4316269509923567, 0.35031302384454843, 0.001251950956907848, 0.0008510681220141701, 0.0013100326213180556, 0.0
2025-07-04, 0.17897324706831907, 0.39832285115304017, 0.24811009885636737, 0.4316269509923567, 0.35031302384454843, 0.001251950956907848, 0.0008510681220141701, 0.0013100326213180556, 0.0
2025-07-04, 0.17897324706831907, 0.39832285115304017, 0.24811009885636737, 0.4316269509923567, 0.35031302384454843, 0.001251950956907848, 0.0008510681220141701, 0.0013100326213180556, 0.0
2025-07-04, 0.17897324706831907, 0.39832285115304017, 0.24811009885636737, 0.4316269509923567, 0.35031302384454843, 0.001251950956907848, 0.0008510681220141701, 0.0013100326213180556, 0.0
2025-07-04, 0.29814902043659336, 1.2368972746331237, 0.29463074239193665, 0.21581347549617863, 0.6349423557182444, 0.0008346339712718984, 0.0009456312466824112, 0.0006324295413259584, 0.000495620493983675
2025-07-04, 0.1529718238188857, 0.37735849056603804, 0.20934289591006008, 0.4223778020425201, 0.21073517840648617, 0.0016692679425437979, 0.0010401943713506524, 0.001174512005319637, 7.624930676671936e-05
2025-07-04, 0.15436451538100157, 0.6708595387840671, 0.271370420624152, 0.25589312094546857, 0.03284184598542671, 0.0010432924640898732, 0.0008510681220141701, 0.0019424621626440142, 0.0001143739601500782
2025-07-04, 0.3237566224390389, 0.46121593291404606, 0.054274084124830264, 1.1314792215299634, 0.9359926105846529, 0.002921218899451646, 0.001513009994691857, 0.0021231563173085737, 0.0005337451473670355
2025-06-04, 0.1751686951460552, 0.7547169811320752, 0.23260321767784403, 0.326803262894213, 0.08484143546235128, 0.0006259754784539247, 0.0014184468700236149, 0.00022586769333069842, 0.0001143739601500799
2025-06-04, 0.16810123712876393, 0.5660377358490566, 0.19383601473153675, 0.4501252488920287, 0.13136738394170536, 0.0006259754784539247, 0.0014184468700236149, 0.0009034707733227977, 0.000495620493983675
2025-06-04, 0.16810123712876393, 0.5660377358490566, 0.19383601473153675, 0.4501252488920287, 0.13136738394170536, 0.0006259754784539247, 0.0014184468700236149, 0.0009034707733227977, 0.000495620493983675
2025-06-04, 0.16810123712876393, 0.5660377358490566, 0.19383601473153675, 0.4501252488920287, 0.13136738394170536, 0.0006259754784539247, 0.0014184468700236149, 0.0009034707733227977, 0.000495620493983675
2025-06-04, 0.16810123712876393, 0.5660377358490566, 0.19383601473153675, 0.4501252488920287, 0.13136738394170536, 0.0006259754784539247, 0.0014184468700236149, 0.0009034707733227977, 0.000495620493983675
2025-06-04, 0.16810123712876393, 0.5660377358490566, 0.19383601473153675, 0.4501252488920287, 0.13136738394170536, 0.0006259754784539247, 0.0014184468700236149, 0.0009034707733227977, 0.000495620493983675
2025-06-04, 0.16810123712876393, 0.5660377358490566, 0.19383601473153675, 0.4501252488920287, 0.13136738394170536, 0.0006259754784539247, 0.0014184468700236149, 0.0009034707733227977, 0.000495620493983675
2025-06-04, 0.16810123712876393, 0.5660377358490566, 0.19383601473153675, 0.4501252488920287, 0.13136738394170536, 0.0006259754784539247, 0.0014184468700236149, 0.0009034707733227977, 0.000495620493983675
2025-06-04, 0.16810123712876393, 0.5660377358490566, 0.19383601473153675, 0.4501252488920287, 0.13136738394170536, 0.0006259754784539247, 0.0014184468700236149, 0.0009034707733227977, 0.000495620493983675
2025-06-04, 0.16810123712876393, 0.5660377358490566, 0.19383601473153675, 0.4501252488920287, 0.13136738394170536, 0.0006259754784539247, 0.0014184468700236149, 0.0009034707733227977, 0.000495620493983675
2025-06-04, 0.16810123712876393, 0.5660377358490566, 0.19383601473153675, 0.4501252488920287, 0.13136738394170536, 0.0006259754784539247, 0.0014184468700236149, 0.0009034707733227977, 0.000495620493983675
2025-06-04, 0.43334913164618305, 1.635220125786163, 0.4341926729986431, 0.4717065964416472, 0.922308508090726, 0.00020865849281797487, 0.0014184468700236149, 0.0006324295413259584, 0.00110561494811743
2025-06-04, 0.18702095853778267, 0.1467505241090148, 0.046520643535568944, 0.7214336180872245, 0.574732304744962, 0.0022952434209977226, 0.0017966993686965793, 0.0017617680079794545, 0.0008768670278172718
2025-06-04, 0.22151022366736264, 0.29350104821802914, 0.1628222523744908, 0.7121844691373885, 0.5993636892340318, 0.001460609449725823, 0.001607573119360097, 0.0007227766186582382, 0.0004193711872169557
2025-06-04, 0.21843456238914424, 1.090146750524109, 0.29463074239193593, 0.01541524824972724, 0.34483938284697796, 0.00041731698563594974, 0.0012293206206871324, 0.00022586769333069842, 0.0005718698007503944
2025-05-05, 0.19769400064171563, 0.6498951781970651, 0.24035665826710603, 0.45937439784186473, 0.22715610139919903, 0.001251950956907848, 0.001702136244028338, 0.0011293384666534961, 0.0006862437609004744
2025-05-05, 0.19769400064171563, 0.6498951781970651, 0.24035665826710603, 0.45937439784186473, 0.22715610139919903, 0.001251950956907848, 0.001702136244028338, 0.0011293384666534961, 0.0006862437609004744
2025-05-05, 0.19769400064171563, 0.6498951781970651, 0.24035665826710603, 0.45937439784186473, 0.22715610139919903, 0.001251950956907848, 0.001702136244028338, 0.0011293384666534961, 0.0006862437609004744
2025-05-05, 0.19769400064171563, 0.6498951781970651, 0.24035665826710603, 0.45937439784186473, 0.22715610139919903, 0.001251950956907848, 0.001702136244028338, 0.0011293384666534961, 0.0006862437609004744
2025-05-05, 0.19769400064171563, 0.6498951781970651, 0.24035665826710603, 0.45937439784186473, 0.22715610139919903, 0.001251950956907848, 0.001702136244028338, 0.0011293384666534961, 0.0006862437609004744
2025-05-05, 0.19769400064171563, 0.6498951781970651, 0.24035665826710603, 0.45937439784186473, 0.22715610139919903, 0.001251950956907848, 0.001702136244028338, 0.0011293384666534961, 0.0006862437609004744
2025-05-05, 0.19769400064171563, 0.6498951781970651, 0.24035665826710603, 0.45937439784186473, 0.22715610139919903, 0.001251950956907848, 0.001702136244028338, 0.0011293384666534961, 0.0006862437609004744
2025-05-05, 0.19769400064171563, 0.6498951781970651, 0.24035665826710603, 0.45937439784186473, 0.22715610139919903, 0.001251950956907848, 0.001702136244028338, 0.0011293384666534961, 0.0006862437609004744
2025-05-05, 0.19769400064171563, 0.6498951781970651, 0.24035665826710603, 0.45937439784186473, 0.22715610139919903, 0.001251950956907848, 0.001702136244028338, 0.0011293384666534961, 0.0006862437609004744
2025-05-05, 0.19769400064171563, 0.6498951781970651, 0.24035665826710603, 0.45937439784186473, 0.22715610139919903, 0.001251950956907848, 0.001702136244028338, 0.0011293384666534961, 0.0006862437609004744
2025-05-05, 0.19769400064171563, 0.6498951781970651, 0.24035665826710603, 0.45937439784186473, 0.22715610139919903, 0.001251950956907848, 0.001702136244028338, 0.0011293384666534961, 0.0006862437609004744
2025-05-05, 0.4161073410357296, 1.4884696016771486, 0.30238418298119796, 0.5302845397906097, 1.0044131230542923, 0.00020865849281797487, 0.0010401943713506502, 0.001219685543985776, 0.0008387423744339131
2025-05-05, 0.19580587937484892, 0.7337526205450731, 0.26361698003489, 0.4562913481919194, 0.10947281995142105, 0.0008346339712718995, 0.0015130099946918558, 0.0008131236959905179, 0.00015249861353343872
2025-05-05, 0.2800729288537589, 0.2515723270440254, 0.11630160883892218, 1.0328216327317103, 0.8347302521295887, 0.002503901913815696, 0.0017966993686965793, 0.0003613883093291171, 0.000495620493983675
2025-05-05, 0.17680904367251404, 0.9224318658280921, 0.24035665826710603, 0.07091014194874388, 0.17789333242105995, 0.0006259754784539247, 0.0009456312466824091, 0.0008131236959905179, 0.000495620493983675
2025-04-05, 0.160984501234654, 0.6498951781970651, 0.14731537119596816, 0.10174063844819836, 0.38589169032876064, 0.00020865849281797487, 0.0017966993686965793, 0.0007227766186582382, 0.00030499722706687745
2025-04-05, 0.16232466968232692, 0.5450733752620545, 0.14731537119596816, 0.4932879439912646, 0.10947281995142154, 0.00041731698563594974, 0.0018912624933648205, 0.0009486443119889366, 0.00019062326691679927
2025-04-05, 0.16232466968232692, 0.5450733752620545, 0.14731537119596816, 0.4932879439912646, 0.10947281995142154, 0.00041731698563594974, 0.0018912624933648205, 0.0009486443119889366, 0.00019062326691679927
2025-04-05, 0.16232466968232692, 0.5450733752620545, 0.14731537119596816, 0.4932879439912646, 0.10947281995142154, 0.00041731698563594974, 0.0018912624933648205, 0.0009486443119889366, 0.00019062326691679927
2025-04-05, 0.16232466968232692, 0.5450733752620545, 0.14731537119596816, 0.4932879439912646, 0.10947281995142154, 0.00041731698563594974, 0.0018912624933648205, 0.0009486443119889366, 0.00019062326691679927
2025-04-05, 0.16232466968232692, 0.5450733752620545, 0.14731537119596816, 0.4932879439912646, 0.10947281995142154, 0.00041731698563594974, 0.0018912624933648205, 0.0009486443119889366, 0.00019062326691679927
2025-04-05, 0.16232466968232692, 0.5450733752620545, 0.14731537119596816, 0.4932879439912646, 0.10947281995142154, 0.00041731698563594974, 0.0018912624933648205, 0.0009486443119889366, 0.00019062326691679927
2025-04-05, 0.16232466968232692, 0.5450733752620545, 0.14731537119596816, 0.4932879439912646, 0.10947281995142154, 0.00041731698563594974, 0.0018912624933648205, 0.0009486443119889366, 0.00019062326691679927
2025-04-05, 0.16232466968232692, 0.5450733752620545, 0.14731537119596816, 0.4932879439912646, 0.10947281995142154, 0.00041731698563594974, 0.0018912624933648205, 0.0009486443119889366, 0.00019062326691679927
2025-04-05, 0.16232466968232692, 0.5450733752620545, 0.14731537119596816, 0.4932879439912646, 0.10947281995142154, 0.00041731698563594974, 0.0018912624933648205, 0.0009486443119889366, 0.00019062326691679927
2025-04-05, 0.16232466968232692, 0.5450733752620545, 0.14731537119596816, 0.4932879439912646, 0.10947281995142154, 0.00041731698563594974, 0.0018912624933648205, 0.0009486443119889366, 0.00019062326691679927
2025-04-05, 0.17411849197611662, 0.6708595387840667, 0.1550688117852298, 0.0770762412486351, 0.48715404878382523, 0.0, 0.0013238837453553736, 0.0010841649279873572, 0.00038124653383359686
2025-04-05, 0.14513408369520572, 0.5660377358490566, 0.054274084124830264, 0.22506262444601463, 0.3119975368615513, 0.00041731698563594974, 0.0014184468700236149, 0.0014455532373164744, 0.00041937118721695736
2025-04-05, 0.36534309517690006, 1.1530398322851154, 0.09304128707113789, 0.4316269509923567, 1.2425165064486337, 0.0006259754784539247, 0.0014184468700236149, 0.0003613883093291191, 0.0001143739601500782
2025-04-05, 0.2656041892257353, 0.4192872117400418, 0.10854816824966086, 1.1407283704797992, 0.4488385618008281, 0.0018779264353617727, 0.002647767490710748, 0.0017617680079794545, 0.0011437396015007905
2025-03-06, 0.11986629626278006, 0.04192872117400423, 0.06978096530335359, 0.03699659579934516, 0.807362047141733, 0.00041731698563594974, 0.001607573119360097, 0.0007227766186582372, 0.0001143739601500782
2025-03-06, 0.14334341377016208, 0.2515723270440254, 0.015506881178522981, 0.17573383004688814, 0.7006260476890969, 0.00041731698563594974, 0.0014184468700236149, 0.0011293384666534972, 0.000343121880450238
2025-03-06, 0.14334341377016208, 0.2515723270440254, 0.015506881178522981, 0.17573383004688814, 0.7006260476890969, 0.00041731698563594974, 0.0014184468700236149, 0.0011293384666534972, 0.000343121880450238
2025-03-06, 0.14334341377016208, 0.2515723270440254, 0.015506881178522981, 0.17573383004688814, 0.7006260476890969, 0.00041731698563594974, 0.0014184468700236149, 0.0011293384666534972, 0.000343121880450238
2025-03-06, 0.14334341377016208, 0.2515723270440254, 0.015506881178522981, 0.17573383004688814, 0.7006260476890969, 0.00041731698563594974, 0.0014184468700236149, 0.0011293384666534972, 0.000343121880450238
2025-03-06, 0.14334341377016208, 0.2515723270440254, 0.015506881178522981, 0.17573383004688814, 0.7006260476890969, 0.00041731698563594974, 0.0014184468700236149, 0.0011293384666534972, 0.000343121880450238
2025-03-06, 0.14334341377016208, 0.2515723270440254, 0.015506881178522981, 0.17573383004688814, 0.7006260476890969, 0.00041731698563594974, 0.0014184468700236149, 0.0011293384666534972, 0.000343121880450238
2025-03-06, 0.14334341377016208, 0.2515723270440254, 0.015506881178522981, 0.17573383004688814, 0.7006260476890969, 0.00041731698563594974, 0.0014184468700236149, 0.0011293384666534972, 0.000343121880450238
2025-03-06, 0.14334341377016208, 0.2515723270440254, 0.015506881178522981, 0.17573383004688814, 0.7006260476890969, 0.00041731698563594974, 0.0014184468700236149, 0.0011293384666534972, 0.000343121880450238
2025-03-06, 0.14334341377016208, 0.2515723270440254, 0.015506881178522981, 0.17573383004688814, 0.7006260476890969, 0.00041731698563594974, 0.0014184468700236149, 0.0011293384666534972, 0.000343121880450238
2025-03-06, 0.14334341377016208, 0.2515723270440254, 0.015506881178522981, 0.17573383004688814, 0.7006260476890969, 0.00041731698563594974, 0.0014184468700236149, 0.0011293384666534972, 0.000343121880450238
2025-03-06, 0.06766702864158038, 0.020964360587002115, 0.007753440589261662, 0.006166099299890677, 0.5035749717765386, 0.0006259754784539247, 0.0013238837453553736, 0.000813123695990517, 0.0001143739601500799
2025-03-06, 0.11468214695684752, 0.020964360587002115, 0.015506881178522981, 0.13565418459759762, 0.74167835517088, 0.0008346339712718995, 0.0018912624933648205, 0.000813123695990517, 0.0001143739601500799
2025-03-06, 0.12045801387899863, 0.33542976939203334, 0.0775344058926149, 0.4717065964416469, 0.07663097396599532, 0.00041731698563594974, 0.0012293206206871324, 0.0006776030799920983, 3.812465338336053e-05
2025-03-06, 0.1460517889415787, 0.2515723270440254, 0.11630160883892218, 0.5765302845397906, 0.22168246040162856, 0.0, 0.0013238837453553736, 0.000813123695990517, 0.00019062326691679927
2025-02-04, 0.10269792147997661, 0.29350104821802914, 0.062027524714091925, 0.027747446849508594, 0.4351544593069002, 0.00041731698563594974, 0.0015130099946918558, 0.0009938178506550765, 0.0002287479203001581
2025-02-04, 0.13544283012323052, 0.020964360587002115, 0.031013762357045963, 0.2805575181450318, 0.7471519961684515, 0.0010432924640898743, 0.0018912624933648205, 0.000767950157324378, 0.00015249861353343872
2025-02-04, 0.13544283012323052, 0.020964360587002115, 0.031013762357045963, 0.2805575181450318, 0.7471519961684515, 0.0010432924640898743, 0.0018912624933648205, 0.000767950157324378, 0.00015249861353343872
2025-02-04, 0.13544283012323052, 0.020964360587002115, 0.031013762357045963, 0.2805575181450318, 0.7471519961684515, 0.0010432924640898743, 0.0018912624933648205, 0.000767950157324378, 0.00015249861353343872
2025-02-04, 0.13544283012323052, 0.020964360587002115, 0.031013762357045963, 0.2805575181450318, 0.7471519961684515, 0.0010432924640898743, 0.0018912624933648205, 0.000767950157324378, 0.00015249861353343872
2025-02-04, 0.13544283012323052, 0.020964360587002115, 0.031013762357045963, 0.2805575181450318, 0.7471519961684515, 0.0010432924640898743, 0.0018912624933648205, 0.000767950157324378, 0.00015249861353343872
2025-02-04, 0.13544283012323052, 0.020964360587002115, 0.031013762357045963, 0.2805575181450318, 0.7471519961684515, 0.0010432924640898743, 0.0018912624933648205, 0.000767950157324378, 0.00015249861353343872
2025-02-04, 0.13544283012323052, 0.020964360587002115, 0.031013762357045963, 0.2805575181450318, 0.7471519961684515, 0.0010432924640898743, 0.0018912624933648205, 0.000767950157324378, 0.00015249861353343872
2025-02-04, 0.13544283012323052, 0.020964360587002115, 0.031013762357045963, 0.2805575181450318, 0.7471519961684515, 0.0010432924640898743, 0.0018912624933648205, 0.000767950157324378, 0.00015249861353343872
2025-02-04, 0.13544283012323052, 0.020964360587002115, 0.031013762357045963, 0.2805575181450318, 0.7471519961684515, 0.0010432924640898743, 0.0018912624933648205, 0.000767950157324378, 0.00015249861353343872
2025-02-04, 0.13544283012323052, 0.020964360587002115, 0.031013762357045963, 0.2805575181450318, 0.7471519961684515, 0.0010432924640898743, 0.0018912624933648205, 0.000767950157324378, 0.00015249861353343872
2025-02-04, 0.10727084774844484, 0.20964360587002068, 0.0, 0.13873723424754297, 0.5063117922753245, 0.0008346339712718995, 0.001607573119360097, 0.0009938178506550765, 3.812465338335884e-05
2025-02-04, 0.11540949290328506, 0.1467505241090148, 0.046520643535568944, 0.0400796454492905, 0.6869419451951695, 0.0006259754784539247, 0.0015130099946918558, 0.000767950157324378, 7.624930676671936e-05
2025-02-04, 0.10033840411652566, 0.29350104821802914, 0.054274084124830604, 0.2404778726957416, 0.21073517840648665, 0.00041731698563594974, 0.001607573119360097, 0.0010841649279873563, 0.0006099944541337549
2025-02-04, 0.115794253113638, 0.33542976939203334, 0.007753440589261662, 0.44087609994219273, 0.1395778454380623, 0.00020865849281797487, 0.001702136244028338, 0.000767950157324378, 3.812465338335884e-05
2025-01-05, 0.09445947969487108, 0.33542976939203356, 0.0232603217677843, 0.3545507097437216, 0.03831548698299717, 0.0008346339712718984, 0.0013238837453553758, 0.0010841649279873572, 0.0008768670278172718
2025-01-05, 0.10370715798136698, 0.12578616352201244, 0.015506881178522981, 0.11407283704797971, 0.5692586637473915, 0.0010432924640898732, 0.0013238837453553758, 0.0014455532373164764, 0.0012199889082675098
2025-01-05, 0.10370715798136698, 0.12578616352201244, 0.015506881178522981, 0.11407283704797971, 0.5692586637473915, 0.0010432924640898732, 0.0013238837453553758, 0.0014455532373164764, 0.0012199889082675098
2025-01-05, 0.10370715798136698, 0.12578616352201244, 0.015506881178522981, 0.11407283704797971, 0.5692586637473915, 0.0010432924640898732, 0.0013238837453553758, 0.0014455532373164764, 0.0012199889082675098
2025-01-05, 0.10370715798136698, 0.12578616352201244, 0.015506881178522981, 0.11407283704797971, 0.5692586637473915, 0.0010432924640898732, 0.0013238837453553758, 0.0014455532373164764, 0.0012199889082675098
2025-01-05, 0.10370715798136698, 0.12578616352201244, 0.015506881178522981, 0.11407283704797971, 0.5692586637473915, 0.0010432924640898732, 0.0013238837453553758, 0.0014455532373164764, 0.0012199889082675098
2025-01-05, 0.10370715798136698, 0.12578616352201244, 0.015506881178522981, 0.11407283704797971, 0.5692586637473915, 0.0010432924640898732, 0.0013238837453553758, 0.0014455532373164764, 0.0012199889082675098
2025-01-05, 0.10370715798136698, 0.12578616352201244, 0.015506881178522981, 0.11407283704797971, 0.5692586637473915, 0.0010432924640898732, 0.0013238837453553758, 0.0014455532373164764, 0.0012199889082675098
2025-01-05, 0.10370715798136698, 0.12578616352201244, 0.015506881178522981, 0.11407283704797971, 0.5692586637473915, 0.0010432924640898732, 0.0013238837453553758, 0.0014455532373164764, 0.0012199889082675098
2025-01-05, 0.10370715798136698, 0.12578616352201244, 0.015506881178522981, 0.11407283704797971, 0.5692586637473915, 0.0010432924640898732, 0.0013238837453553758, 0.0014455532373164764, 0.0012199889082675098
2025-01-05, 0.10370715798136698, 0.12578616352201244, 0.015506881178522981, 0.11407283704797971, 0.5692586637473915, 0.0010432924640898732, 0.0013238837453553758, 0.0014455532373164764, 0.0012199889082675098
2025-01-05, 0.11477222499132174, 0.419287211740042, 0.015506881178522981, 0.2990558160447044, 0.18063015291984494, 0.0006259754784539247, 0.0011347574960188934, 0.001174512005319637, 0.0007624930676671937
2025-01-05, 0.3008802428393983, 0.44025157232704415, 0.0232603217677843, 0.8077590082856957, 1.1303068659984261, 0.0022952434209977213, 0.0018912624933648215, 0.0008582972346566568, 0.00041937118721695736
2025-01-05, 0.11754494444913663, 0.4612159329140458, 0.0, 0.41004560344273905, 0.06568369197085293, 0.00041731698563594974, 0.0009456312466824112, 0.001174512005319637, 0.0008768670278172718
2025-01-05, 0.12268940448050288, 0.08385744234800846, 0.015506881178522981, 0.20656432654634208, 0.6705210222024561, 0.0016692679425437979, 0.0017021362440283402, 0.0010841649279873572, 0.0006099944541337549
2024-12-06, 0.0874878154712067, 0.3773584905660378, 0.20934289591006008, 0.03699659579934488, 0.07115733296842437, 0.0008346339712718984, 0.0010401943713506524, 0.0017617680079794545, 0.0014106121751843075
2024-12-06, 0.1764057039664412, 0.020964360587002115, 0.1783291335530141, 0.6104438306891902, 0.5966268687352473, 0.001251950956907848, 0.0010401943713506524, 0.0014455532373164764, 0.0011437396015007905
2024-12-06, 0.1764057039664412, 0.020964360587002115, 0.1783291335530141, 0.6104438306891902, 0.5966268687352473, 0.001251950956907848, 0.0010401943713506524, 0.0014455532373164764, 0.0011437396015007905
2024-12-06, 0.1764057039664412, 0.020964360587002115, 0.1783291335530141, 0.6104438306891902, 0.5966268687352473, 0.001251950956907848, 0.0010401943713506524, 0.0014455532373164764, 0.0011437396015007905
2024-12-06, 0.1764057039664412, 0.020964360587002115, 0.1783291335530141, 0.6104438306891902, 0.5966268687352473, 0.001251950956907848, 0.0010401943713506524, 0.0014455532373164764, 0.0011437396015007905
2024-12-06, 0.1764057039664412, 0.020964360587002115, 0.1783291335530141, 0.6104438306891902, 0.5966268687352473, 0.001251950956907848, 0.0010401943713506524, 0.0014455532373164764, 0.0011437396015007905
2024-12-06, 0.1764057039664412, 0.020964360587002115, 0.1783291335530141, 0.6104438306891902, 0.5966268687352473, 0.001251950956907848, 0.0010401943713506524, 0.0014455532373164764, 0.0011437396015007905
2024-12-06, 0.1764057039664412, 0.020964360587002115, 0.1783291335530141, 0.6104438306891902, 0.5966268687352473, 0.001251950956907848, 0.0010401943713506524, 0.0014455532373164764, 0.0011437396015007905
2024-12-06, 0.1764057039664412, 0.020964360587002115, 0.1783291335530141, 0.6104438306891902, 0.5966268687352473, 0.001251950956907848, 0.0010401943713506524, 0.0014455532373164764, 0.0011437396015007905
2024-12-06, 0.1764057039664412, 0.020964360587002115, 0.1783291335530141, 0.6104438306891902, 0.5966268687352473, 0.001251950956907848, 0.0010401943713506524, 0.0014455532373164764, 0.0011437396015007905
2024-12-06, 0.1764057039664412, 0.020964360587002115, 0.1783291335530141, 0.6104438306891902, 0.5966268687352473, 0.001251950956907848, 0.0010401943713506524, 0.0014455532373164764, 0.0011437396015007905
2024-12-06, 0.10545688718313315, 0.27253668763102723, 0.18608257414227544, 0.19731517759650577, 0.1833669734186314, 0.0010432924640898732, 0.0010401943713506524, 0.0013552061599841965, 0.0009149916812006325
2024-12-06, 0.04794458299007122, 0.16771488469601667, 0.10079472766039921, 0.046245744749180896, 0.06294687147206744, 0.0010432924640898732, 0.0012293206206871335, 0.0019424621626440142, 0.0016393600954844655
2024-12-06, 0.06833275843746367, 0.3144654088050315, 0.19383601473153708, 0.0030830496499453385, 0.030105025486640742, 0.0010432924640898732, 0.0010401943713506524, 0.0017165944693133157, 0.0013724875218009487
2024-12-06, 0.0997286852560806, 0.39832285115303995, 0.20934289591006008, 0.06782709229879881, 0.11768328144777845, 0.0008346339712718984, 0.0008510681220141701, 0.0016714209306471748, 0.0012962382150342293
2024-11-06, 0.0796715598248789, 0.2096436058700209, 0.23260321767784473, 0.09865758879825302, 0.09305189695870819, 0.00020865849281797487, 0.0003782524986729635, 0.0017617680079794545, 0.001067490294734071
2024-11-06, 0.20834249918467607, 0.04192872117400423, 0.21709633649932172, 0.7060183698374976, 0.6978892271903119, 0.0010432924640898732, 0.000851068122014169, 0.001264859082651917, 0.0006481191075171138
2024-11-06, 0.20834249918467607, 0.04192872117400423, 0.21709633649932172, 0.7060183698374976, 0.6978892271903119, 0.0010432924640898732, 0.000851068122014169, 0.001264859082651917, 0.0006481191075171138
2024-11-06, 0.20834249918467607, 0.04192872117400423, 0.21709633649932172, 0.7060183698374976, 0.6978892271903119, 0.0010432924640898732, 0.000851068122014169, 0.001264859082651917, 0.0006481191075171138
2024-11-06, 0.20834249918467607, 0.04192872117400423, 0.21709633649932172, 0.7060183698374976, 0.6978892271903119, 0.0010432924640898732, 0.000851068122014169, 0.001264859082651917, 0.0006481191075171138
2024-11-06, 0.20834249918467607, 0.04192872117400423, 0.21709633649932172, 0.7060183698374976, 0.6978892271903119, 0.0010432924640898732, 0.000851068122014169, 0.001264859082651917, 0.0006481191075171138
2024-11-06, 0.20834249918467607, 0.04192872117400423, 0.21709633649932172, 0.7060183698374976, 0.6978892271903119, 0.0010432924640898732, 0.000851068122014169, 0.001264859082651917, 0.0006481191075171138
2024-11-06, 0.20834249918467607, 0.04192872117400423, 0.21709633649932172, 0.7060183698374976, 0.6978892271903119, 0.0010432924640898732, 0.000851068122014169, 0.001264859082651917, 0.0006481191075171138
2024-11-06, 0.20834249918467607, 0.04192872117400423, 0.21709633649932172, 0.7060183698374976, 0.6978892271903119, 0.0010432924640898732, 0.000851068122014169, 0.001264859082651917, 0.0006481191075171138
2024-11-06, 0.20834249918467607, 0.04192872117400423, 0.21709633649932172, 0.7060183698374976, 0.6978892271903119, 0.0010432924640898732, 0.000851068122014169, 0.001264859082651917, 0.0006481191075171138
2024-11-06, 0.20834249918467607, 0.04192872117400423, 0.21709633649932172, 0.7060183698374976, 0.6978892271903119, 0.0010432924640898732, 0.000851068122014169, 0.001264859082651917, 0.0006481191075171138
2024-11-06, 0.06903485462493245, 0.23060796645702303, 0.22484977708858306, 0.0770762412486351, 0.016420922992713353, 0.0006259754784539235, 9.456312466824113e-05, 0.001535900314648756, 0.001067490294734071
2024-11-06, 0.11658138534969723, 0.3144654088050315, 0.21709633649932172, 0.19731517759650605, 0.19978789641134426, 0.00041731698563594974, 0.00047281562334120457, 0.0017617680079794545, 0.001334362868417588
2024-11-06, 0.12281856415401567, 0.29350104821802936, 0.1705756929637528, 0.21889652514612368, 0.29557661386883793, 0.0006259754784539235, 0.0006619418726776868, 0.0014907267759826153, 0.0012199889082675098
2024-11-06, 0.09255212264890267, 0.23060796645702303, 0.18608257414227578, 0.1942321279465607, 0.12589374294413488, 0.0006259754784539235, 0.0003782524986729635, 0.0014907267759826153, 0.00110561494811743
2024-10-07, 0.09925647478742404, 0.44025157232704415, 0.031013762357045963, 0.13257113494765257, 0.18610379391741685, 0.0008346339712718984, 0.0007565049973459279, 0.0002710412319968393, 0.0022493545496182206
2024-10-07, 0.18601380707223128, 0.04192872117400423, 0.0232603217677843, 0.6659387243882077, 0.7526256371660224, 0.0008346339712718984, 0.0009456312466824102, 0.0006324295413259574, 0.0019443573225513431
2024-10-07, 0.18601380707223128, 0.04192872117400423, 0.0232603217677843, 0.6659387243882077, 0.7526256371660224, 0.0008346339712718984, 0.0009456312466824102, 0.0006324295413259574, 0.0019443573225513431
2024-10-07, 0.18601380707223128, 0.04192872117400423, 0.0232603217677843, 0.6659387243882077, 0.7526256371660224, 0.0008346339712718984, 0.0009456312466824102, 0.0006324295413259574, 0.0019443573225513431
2024-10-07, 0.18601380707223128, 0.04192872117400423, 0.0232603217677843, 0.6659387243882077, 0.7526256371660224, 0.0008346339712718984, 0.0009456312466824102, 0.0006324295413259574, 0.0019443573225513431
2024-10-07, 0.18601380707223128, 0.04192872117400423, 0.0232603217677843, 0.6659387243882077, 0.7526256371660224, 0.0008346339712718984, 0.0009456312466824102, 0.0006324295413259574, 0.0019443573225513431
2024-10-07, 0.18601380707223128, 0.04192872117400423, 0.0232603217677843, 0.6659387243882077, 0.7526256371660224, 0.0008346339712718984, 0.0009456312466824102, 0.0006324295413259574, 0.0019443573225513431
2024-10-07, 0.18601380707223128, 0.04192872117400423, 0.0232603217677843, 0.6659387243882077, 0.7526256371660224, 0.0008346339712718984, 0.0009456312466824102, 0.0006324295413259574, 0.0019443573225513431
2024-10-07, 0.18601380707223128, 0.04192872117400423, 0.0232603217677843, 0.6659387243882077, 0.7526256371660224, 0.0008346339712718984, 0.0009456312466824102, 0.0006324295413259574, 0.0019443573225513431
2024-10-07, 0.18601380707223128, 0.04192872117400423, 0.0232603217677843, 0.6659387243882077, 0.7526256371660224, 0.0008346339712718984, 0.0009456312466824102, 0.0006324295413259574, 0.0019443573225513431
2024-10-07, 0.18601380707223128, 0.04192872117400423, 0.0232603217677843, 0.6659387243882077, 0.7526256371660224, 0.0008346339712718984, 0.0009456312466824102, 0.0006324295413259574, 0.0019443573225513431
2024-10-07, 0.08839663984161006, 0.3563941299790357, 0.06978096530335325, 0.1541524824972702, 0.12315692244534941, 0.0004173169856359486, 0.00047281562334120457, 0.0005872560026598175, 0.00221122989623486
2024-10-07, 0.06154181987006177, 0.33542976939203356, 0.062027524714091925, 0.08940843984841673, 0.002736820498785478, 0.0, 0.0002836893740047223, 0.0005420824639936786, 0.0019062326691679824
2024-10-07, 0.07343428244228929, 0.48218029350104835, 0.0232603217677843, 0.021581347549617644, 0.057473230474496005, 0.0, 0.0003782524986729635, 0.0005420824639936786, 0.002058731282701421
2024-10-07, 0.138999835394635, 0.50314465408805, 0.0775344058926149, 0.14490333354743393, 0.38315486982997493, 0.0, 0.0005673787480094457, 0.00040656184799525897, 0.0022874792030015793
2024-09-07, 0.12673024259641616, 0.39832285115303967, 0.32564450474898227, 0.14182028389748857, 0.14505148643563323, 0.00020865849281797487, 0.0002836893740047223, 0.00045173538666139885, 0.002058731282701421
2024-09-07, 0.25536188249218145, 0.1257861635220127, 0.31013762357045926, 0.7615132635365147, 0.8402038931271597, 0.001460609449725823, 0.0010401943713506513, 0.0005420824639936786, 0.00221122989623486
2024-09-07, 0.25536188249218145, 0.1257861635220127, 0.31013762357045926, 0.7615132635365147, 0.8402038931271597, 0.001460609449725823, 0.0010401943713506513, 0.0005420824639936786, 0.00221122989623486
2024-09-07, 0.25536188249218145, 0.1257861635220127, 0.31013762357045926, 0.7615132635365147, 0.8402038931271597, 0.001460609449725823, 0.0010401943713506513, 0.0005420824639936786, 0.00221122989623486
2024-09-07, 0.25536188249218145, 0.1257861635220127, 0.31013762357045926, 0.7615132635365147, 0.8402038931271597, 0.001460609449725823, 0.0010401943713506513, 0.0005420824639936786, 0.00221122989623486
2024-09-07, 0.25536188249218145, 0.1257861635220127, 0.31013762357045926, 0.7615132635365147, 0.8402038931271597, 0.001460609449725823, 0.0010401943713506513, 0.0005420824639936786, 0.00221122989623486
2024-09-07, 0.25536188249218145, 0.1257861635220127, 0.31013762357045926, 0.7615132635365147, 0.8402038931271597, 0.001460609449725823, 0.0010401943713506513, 0.0005420824639936786, 0.00221122989623486
2024-09-07, 0.25536188249218145, 0.1257861635220127, 0.31013762357045926, 0.7615132635365147, 0.8402038931271597, 0.001460609449725823, 0.0010401943713506513, 0.0005420824639936786, 0.00221122989623486
2024-09-07, 0.25536188249218145, 0.1257861635220127, 0.31013762357045926, 0.7615132635365147, 0.8402038931271597, 0.001460609449725823, 0.0010401943713506513, 0.0005420824639936786, 0.00221122989623486
2024-09-07, 0.25536188249218145, 0.1257861635220127, 0.31013762357045926, 0.7615132635365147, 0.8402038931271597, 0.001460609449725823, 0.0010401943713506513, 0.0005420824639936786, 0.00221122989623486
2024-09-07, 0.25536188249218145, 0.1257861635220127, 0.31013762357045926, 0.7615132635365147, 0.8402038931271597, 0.001460609449725823, 0.0010401943713506513, 0.0005420824639936786, 0.00221122989623486
2024-09-07, 0.13711323525084237, 0.5660377358490566, 0.2946307423919363, 0.1726507803969428, 0.060210050973281484, 0.00041731698563594974, 0.00047281562334120457, 0.0005420824639936786, 0.0019443573225513431
2024-09-07, 0.11751496738806087, 0.3773584905660376, 0.3644117076952895, 0.033913546149399544, 0.16147240942834684, 0.0, 0.0001891262493364812, 0.0006776030799920973, 0.0020968559360847816
2024-09-07, 0.11990180246502014, 0.5660377358490566, 0.3566582671060282, 0.0030830496499453385, 0.030105025486641228, 0.00020865849281797487, 0.00047281562334120457, 0.0003613883093291191, 0.0022874792030015793
2024-09-07, 0.1655064574789578, 0.628930817610063, 0.3489048265167666, 0.08015929089858044, 0.2627347678834117, 0.00020865849281797487, 0.0003782524986729635, 0.00018069415466455955, 0.002554351776685098
2024-08-08, 0.150360605884672, 0.46121593291404606, 0.3566582671060282, 0.30213886569464976, 0.07936779446478032, 0.00020865849281797487, 0.00047281562334120457, 0.0004969089253275388, 0.00232560385638494
2024-08-08, 0.24940900650078923, 0.1467505241090148, 0.3489048265167666, 0.8817521998843857, 0.6130477917279601, 0.001251950956907848, 0.0010401943713506513, 0.0005420824639936786, 0.001982481975934702
2024-08-08, 0.24940900650078923, 0.1467505241090148, 0.3489048265167666, 0.8817521998843857, 0.6130477917279601, 0.001251950956907848, 0.0010401943713506513, 0.0005420824639936786, 0.001982481975934702
2024-08-08, 0.24940900650078923, 0.1467505241090148, 0.3489048265167666, 0.8817521998843857, 0.6130477917279601, 0.001251950956907848, 0.0010401943713506513, 0.0005420824639936786, 0.001982481975934702
2024-08-08, 0.24940900650078923, 0.1467505241090148, 0.3489048265167666, 0.8817521998843857, 0.6130477917279601, 0.001251950956907848, 0.0010401943713506513, 0.0005420824639936786, 0.001982481975934702
2024-08-08, 0.24940900650078923, 0.1467505241090148, 0.3489048265167666, 0.8817521998843857, 0.6130477917279601, 0.001251950956907848, 0.0010401943713506513, 0.0005420824639936786, 0.001982481975934702
2024-08-08, 0.24940900650078923, 0.1467505241090148, 0.3489048265167666, 0.8817521998843857, 0.6130477917279601, 0.001251950956907848, 0.0010401943713506513, 0.0005420824639936786, 0.001982481975934702
2024-08-08, 0.24940900650078923, 0.1467505241090148, 0.3489048265167666, 0.8817521998843857, 0.6130477917279601, 0.001251950956907848, 0.0010401943713506513, 0.0005420824639936786, 0.001982481975934702
2024-08-08, 0.24940900650078923, 0.1467505241090148, 0.3489048265167666, 0.8817521998843857, 0.6130477917279601, 0.001251950956907848, 0.0010401943713506513, 0.0005420824639936786, 0.001982481975934702
2024-08-08, 0.24940900650078923, 0.1467505241090148, 0.3489048265167666, 0.8817521998843857, 0.6130477917279601, 0.001251950956907848, 0.0010401943713506513, 0.0005420824639936786, 0.001982481975934702
2024-08-08, 0.24940900650078923, 0.1467505241090148, 0.3489048265167666, 0.8817521998843857, 0.6130477917279601, 0.001251950956907848, 0.0010401943713506513, 0.0005420824639936786, 0.001982481975934702
2024-08-08, 0.14647852271776288, 0.4192872117400418, 0.34115138592750527, 0.3946303551930118, 0.013684102493927389, 0.0, 0.0002836893740047223, 0.0005420824639936786, 0.0022493545496182206
2024-08-08, 0.17540030887080263, 0.4192872117400418, 0.2636169800348903, 0.4778726957415379, 0.23810338339434192, 0.0006259754784539235, 0.0006619418726776868, 0.0006324295413259584, 0.002401853163151659
2024-08-08, 0.17937610418062994, 0.6708595387840671, 0.3333979453382436, 0.08015929089858072, 0.34757620334576295, 0.0, 0.0002836893740047223, 0.00040656184799525897, 0.00232560385638494
2024-08-08, 0.16393862563037082, 0.48218029350104813, 0.3799185888738125, 0.16956773074699746, 0.2764188703773391, 0.00020865849281797487, 0.0003782524986729635, 0.0005872560026598185, 0.0022493545496182206
2024-07-09, 0.1589269761110953, 0.3563941299790357, 0.20934289591006008, 0.20039822724645137, 0.5008381512777531, 0.00041731698563594974, 0.0009456312466824102, 0.0006776030799920983, 0.0024018531631516573
2024-07-09, 0.2692703302924844, 0.020964360587002115, 0.19383601473153708, 0.7337658166870061, 1.2014641989668502, 0.0, 0.0012293206206871324, 0.000767950157324378, 0.002134980589468141
2024-07-09, 0.2692703302924844, 0.020964360587002115, 0.19383601473153708, 0.7337658166870061, 1.2014641989668502, 0.0, 0.0012293206206871324, 0.000767950157324378, 0.002134980589468141
2024-07-09, 0.2692703302924844, 0.020964360587002115, 0.19383601473153708, 0.7337658166870061, 1.2014641989668502, 0.0, 0.0012293206206871324, 0.000767950157324378, 0.002134980589468141
2024-07-09, 0.2692703302924844, 0.020964360587002115, 0.19383601473153708, 0.7337658166870061, 1.2014641989668502, 0.0, 0.0012293206206871324, 0.000767950157324378, 0.002134980589468141
2024-07-09, 0.2692703302924844, 0.020964360587002115, 0.19383601473153708, 0.7337658166870061, 1.2014641989668502, 0.0, 0.0012293206206871324, 0.000767950157324378, 0.002134980589468141
2024-07-09, 0.2692703302924844, 0.020964360587002115, 0.19383601473153708, 0.7337658166870061, 1.2014641989668502, 0.0, 0.0012293206206871324, 0.000767950157324378, 0.002134980589468141
2024-07-09, 0.2692703302924844, 0.020964360587002115, 0.19383601473153708, 0.7337658166870061, 1.2014641989668502, 0.0, 0.0012293206206871324, 0.000767950157324378, 0.002134980589468141
2024-07-09, 0.2692703302924844, 0.020964360587002115, 0.19383601473153708, 0.7337658166870061, 1.2014641989668502, 0.0, 0.0012293206206871324, 0.000767950157324378, 0.002134980589468141
2024-07-09, 0.2692703302924844, 0.020964360587002115, 0.19383601473153708, 0.7337658166870061, 1.2014641989668502, 0.0, 0.0012293206206871324, 0.000767950157324378, 0.002134980589468141
2024-07-09, 0.2692703302924844, 0.020964360587002115, 0.19383601473153708, 0.7337658166870061, 1.2014641989668502, 0.0, 0.0012293206206871324, 0.000767950157324378, 0.002134980589468141
2024-07-09, 0.15971450796504338, 0.29350104821802936, 0.2558635394456287, 0.23431177339585066, 0.48989086928261094, 0.00041731698563594974, 0.0007565049973459279, 0.0004969089253275388, 0.002478102469918377
2024-07-09, 0.11953355897684993, 0.5241090146750526, 0.2403566582671057, 0.00924914894983629, 0.1778933324210597, 0.001251950956907848, 0.0003782524986729635, 0.0003613883093291191, 0.002668725736835175
2024-07-09, 0.49822087437738005, 0.39832285115303967, 0.20158945532079842, 1.5106943284732481, 1.869248400670521, 0.001251950956907848, 0.0019858256180330615, 0.000767950157324378, 0.0019062326691679824
2024-07-09, 0.12468240774207555, 0.419287211740042, 0.2403566582671057, 0.04007964544929022, 0.29283979337005217, 0.001251950956907848, 0.0006619418726776868, 0.0005420824639936786, 0.0024399778165350183
2024-06-09, 0.13428483080470716, 0.5450733752620542, 0.2791238612134133, 0.046245744749180896, 0.199787896411344, 0.0010432924640898732, 0.0005673787480094467, 0.00022586769333069942, 0.00221122989623486
2024-06-09, 0.28291364499216026, 0.06289308176100634, 0.271370420624152, 0.7676793628364057, 1.1576750709862815, 0.00041731698563594974, 0.0011347574960188925, 0.0002710412319968393, 0.0018681080157846237
2024-06-09, 0.28291364499216026, 0.06289308176100634, 0.271370420624152, 0.7676793628364057, 1.1576750709862815, 0.00041731698563594974, 0.0011347574960188925, 0.0002710412319968393, 0.0018681080157846237
2024-06-09, 0.28291364499216026, 0.06289308176100634, 0.271370420624152, 0.7676793628364057, 1.1576750709862815, 0.00041731698563594974, 0.0011347574960188925, 0.0002710412319968393, 0.0018681080157846237
2024-06-09, 0.28291364499216026, 0.06289308176100634, 0.271370420624152, 0.7676793628364057, 1.1576750709862815, 0.00041731698563594974, 0.0011347574960188925, 0.0002710412319968393, 0.0018681080157846237
2024-06-09, 0.28291364499216026, 0.06289308176100634, 0.271370420624152, 0.7676793628364057, 1.1576750709862815, 0.00041731698563594974, 0.0011347574960188925, 0.0002710412319968393, 0.0018681080157846237
2024-06-09, 0.28291364499216026, 0.06289308176100634, 0.271370420624152, 0.7676793628364057, 1.1576750709862815, 0.00041731698563594974, 0.0011347574960188925, 0.0002710412319968393, 0.0018681080157846237
2024-06-09, 0.28291364499216026, 0.06289308176100634, 0.271370420624152, 0.7676793628364057, 1.1576750709862815, 0.00041731698563594974, 0.0011347574960188925, 0.0002710412319968393, 0.0018681080157846237
2024-06-09, 0.28291364499216026, 0.06289308176100634, 0.271370420624152, 0.7676793628364057, 1.1576750709862815, 0.00041731698563594974, 0.0011347574960188925, 0.0002710412319968393, 0.0018681080157846237
2024-06-09, 0.28291364499216026, 0.06289308176100634, 0.271370420624152, 0.7676793628364057, 1.1576750709862815, 0.00041731698563594974, 0.0011347574960188925, 0.0002710412319968393, 0.0018681080157846237
2024-06-09, 0.28291364499216026, 0.06289308176100634, 0.271370420624152, 0.7676793628364057, 1.1576750709862815, 0.00041731698563594974, 0.0011347574960188925, 0.0002710412319968393, 0.0018681080157846237
2024-06-09, 0.12689994755811407, 0.44025157232704415, 0.2636169800348903, 0.08015929089858044, 0.2271561013991995, 0.0008346339712718984, 0.0005673787480094467, 0.00013552061599841965, 0.002478102469918377
2024-06-09, 0.13758610835053142, 0.44025157232704415, 0.255863539445629, 0.13565418459759762, 0.2654715883821969, 0.0008346339712718984, 0.0006619418726776868, 4.517353866613989e-05, 0.0019062326691679824
2024-06-09, 0.1314642509090362, 0.5241090146750521, 0.24035665826710603, 0.033913546149399273, 0.2490506653894838, 0.0006259754784539235, 0.0007565049973459279, 0.0002710412319968383, 0.0026306010834518155
2024-06-09, 0.14776327086072746, 0.5241090146750521, 0.255863539445629, 0.11407283704797999, 0.28462933187369577, 0.0006259754784539235, 0.0004728156233412056, 4.517353866613989e-05, 0.0022874792030015793
2024-05-10, 0.12440165952573722, 0.3773584905660378, 0.29463074239193665, 0.08632539019847112, 0.2326297423967707, 0.001460609449725823, 0.0003782524986729645, 0.00018069415466455955, 0.0022493545496182206
2024-05-10, 0.30743788836353925, 0.0, 0.255863539445629, 0.8786691502344401, 1.3218843009134142, 0.0, 0.0010401943713506513, 0.00040656184799525897, 0.0016393600954844655
2024-05-10, 0.30743788836353925, 0.0, 0.255863539445629, 0.8786691502344401, 1.3218843009134142, 0.0, 0.0010401943713506513, 0.00040656184799525897, 0.0016393600954844655
2024-05-10, 0.30743788836353925, 0.0, 0.255863539445629, 0.8786691502344401, 1.3218843009134142, 0.0, 0.0010401943713506513, 0.00040656184799525897, 0.0016393600954844655
2024-05-10, 0.30743788836353925, 0.0, 0.255863539445629, 0.8786691502344401, 1.3218843009134142, 0.0, 0.0010401943713506513, 0.00040656184799525897, 0.0016393600954844655
2024-05-10, 0.30743788836353925, 0.0, 0.255863539445629, 0.8786691502344401, 1.3218843009134142, 0.0, 0.0010401943713506513, 0.00040656184799525897, 0.0016393600954844655
2024-05-10, 0.30743788836353925, 0.0, 0.255863539445629, 0.8786691502344401, 1.3218843009134142, 0.0, 0.0010401943713506513, 0.00040656184799525897, 0.0016393600954844655
2024-05-10, 0.30743788836353925, 0.0, 0.255863539445629, 0.8786691502344401, 1.3218843009134142, 0.0, 0.0010401943713506513, 0.00040656184799525897, 0.0016393600954844655
2024-05-10, 0.30743788836353925, 0.0, 0.255863539445629, 0.8786691502344401, 1.3218843009134142, 0.0, 0.0010401943713506513, 0.00040656184799525897, 0.0016393600954844655
2024-05-10, 0.30743788836353925, 0.0, 0.255863539445629, 0.8786691502344401, 1.3218843009134142, 0.0, 0.0010401943713506513, 0.00040656184799525897, 0.0016393600954844655
2024-05-10, 0.30743788836353925, 0.0, 0.255863539445629, 0.8786691502344401, 1.3218843009134142, 0.0, 0.0010401943713506513, 0.00040656184799525897, 0.0016393600954844655
2024-05-10, 0.14479200860030925, 0.419287211740042, 0.3489048265167669, 0.123321985997816, 0.26273476788341144, 0.0010432924640898732, 0.000756504997345929, 0.0, 0.00228747920300158
2024-05-10, 0.1388427654436669, 0.39832285115303995, 0.27912386121341365, 0.13873723424754325, 0.29010297287126696, 0.001460609449725823, 0.0006619418726776879, 4.517353866613989e-05, 0.00228747920300158
2024-05-10, 0.14509114012290183, 0.3563941299790357, 0.31013762357045926, 0.14182028389748857, 0.3475762033457632, 0.0016692679425437979, 0.0004728156233412056, 0.00018069415466455955, 0.002478102469918378
2024-05-10, 0.1403101014986367, 0.33542976939203356, 0.28687730180267496, 0.12948808529770695, 0.3667339468372618, 0.0010432924640898732, 0.0006619418726776879, 0.00022586769333069942, 0.0020206066293180624
2024-04-10, 0.11894915097640854, 0.4612159329140463, 0.23260321767784436, 0.055494893699017465, 0.19978789641134426, 0.001251950956907848, 0.0007565049973459279, 0.000406561847995258, 7.624930676671936e-05
2024-04-10, 0.26602504381385367, 0.10482180293501056, 0.1240550494281835, 0.7337658166870061, 1.1631487119838528, 0.00041731698563594974, 0.001513009994691857, 0.00013552061599841965, 0.0003431218804502372
2024-04-10, 0.26602504381385367, 0.10482180293501056, 0.1240550494281835, 0.7337658166870061, 1.1631487119838528, 0.00041731698563594974, 0.001513009994691857, 0.00013552061599841965, 0.0003431218804502372
2024-04-10, 0.26602504381385367, 0.10482180293501056, 0.1240550494281835, 0.7337658166870061, 1.1631487119838528, 0.00041731698563594974, 0.001513009994691857, 0.00013552061599841965, 0.0003431218804502372
2024-04-10, 0.26602504381385367, 0.10482180293501056, 0.1240550494281835, 0.7337658166870061, 1.1631487119838528, 0.00041731698563594974, 0.001513009994691857, 0.00013552061599841965, 0.0003431218804502372
2024-04-10, 0.26602504381385367, 0.10482180293501056, 0.1240550494281835, 0.7337658166870061, 1.1631487119838528, 0.00041731698563594974, 0.001513009994691857, 0.00013552061599841965, 0.0003431218804502372
2024-04-10, 0.26602504381385367, 0.10482180293501056, 0.1240550494281835, 0.7337658166870061, 1.1631487119838528, 0.00041731698563594974, 0.001513009994691857, 0.00013552061599841965, 0.0003431218804502372
2024-04-10, 0.26602504381385367, 0.10482180293501056, 0.1240550494281835, 0.7337658166870061, 1.1631487119838528, 0.00041731698563594974, 0.001513009994691857, 0.00013552061599841965, 0.0003431218804502372
2024-04-10, 0.26602504381385367, 0.10482180293501056, 0.1240550494281835, 0.7337658166870061, 1.1631487119838528, 0.00041731698563594974, 0.001513009994691857, 0.00013552061599841965, 0.0003431218804502372
2024-04-10, 0.26602504381385367, 0.10482180293501056, 0.1240550494281835, 0.7337658166870061, 1.1631487119838528, 0.00041731698563594974, 0.001513009994691857, 0.00013552061599841965, 0.0003431218804502372
2024-04-10, 0.26602504381385367, 0.10482180293501056, 0.1240550494281835, 0.7337658166870061, 1.1631487119838528, 0.00041731698563594974, 0.001513009994691857, 0.00013552061599841965, 0.0003431218804502372
2024-04-10, 0.11825888263275267, 0.48218029350104835, 0.23260321767784436, 0.04007964544929022, 0.1888406144162021, 0.0010432924640898732, 0.0009456312466824102, 0.00022586769333069842, 0.00015249861353343872
2024-04-10, 0.15882563193561286, 0.3773584905660378, 0.2170963364993214, 0.17573383004688814, 0.4981013307789676, 0.0010432924640898732, 0.0009456312466824102, 0.00013552061599841965, 0.00019062326691679843
2024-04-10, 0.4260872456649219, 0.39832285115303967, 0.1395619306067065, 1.2917978033271242, 1.5736717868016832, 0.0008346339712718984, 0.0017021362440283391, 0.0011293384666534961, 0.0016774847488678253
2024-04-10, 0.2007343179437466, 0.25157232704402516, 0.18608257414227544, 0.3946303551930118, 0.7717833806575213, 0.0006259754784539247, 0.0011347574960188925, 4.517353866613989e-05, 0.0
2024-03-11, 0.11456129019072438, 0.5031446540880505, 0.20934289591006008, 0.024664397199563256, 0.17515651192227422, 0.0008346339712718984, 0.0010401943713506513, 0.0008582972346566568, 0.0014487368285676671
2024-03-11, 0.2645786018390059, 0.020964360587002115, 0.09304128707113754, 0.8139251075855869, 1.1850432759741372, 0.0, 0.0016075731193600981, 0.0009034707733227967, 0.0011437396015007897
2024-03-11, 0.2645786018390059, 0.020964360587002115, 0.09304128707113754, 0.8139251075855869, 1.1850432759741372, 0.0, 0.0016075731193600981, 0.0009034707733227967, 0.0011437396015007897
2024-03-11, 0.2645786018390059, 0.020964360587002115, 0.09304128707113754, 0.8139251075855869, 1.1850432759741372, 0.0, 0.0016075731193600981, 0.0009034707733227967, 0.0011437396015007897
2024-03-11, 0.2645786018390059, 0.020964360587002115, 0.09304128707113754, 0.8139251075855869, 1.1850432759741372, 0.0, 0.0016075731193600981, 0.0009034707733227967, 0.0011437396015007897
2024-03-11, 0.2645786018390059, 0.020964360587002115, 0.09304128707113754, 0.8139251075855869, 1.1850432759741372, 0.0, 0.0016075731193600981, 0.0009034707733227967, 0.0011437396015007897
2024-03-11, 0.2645786018390059, 0.020964360587002115, 0.09304128707113754, 0.8139251075855869, 1.1850432759741372, 0.0, 0.0016075731193600981, 0.0009034707733227967, 0.0011437396015007897
2024-03-11, 0.2645786018390059, 0.020964360587002115, 0.09304128707113754, 0.8139251075855869, 1.1850432759741372, 0.0, 0.0016075731193600981, 0.0009034707733227967, 0.0011437396015007897
2024-03-11, 0.2645786018390059, 0.020964360587002115, 0.09304128707113754, 0.8139251075855869, 1.1850432759741372, 0.0, 0.0016075731193600981, 0.0009034707733227967, 0.0011437396015007897
2024-03-11, 0.2645786018390059, 0.020964360587002115, 0.09304128707113754, 0.8139251075855869, 1.1850432759741372, 0.0, 0.0016075731193600981, 0.0009034707733227967, 0.0011437396015007897
2024-03-11, 0.2645786018390059, 0.020964360587002115, 0.09304128707113754, 0.8139251075855869, 1.1850432759741372, 0.0, 0.0016075731193600981, 0.0009034707733227967, 0.0011437396015007897
2024-03-11, 0.12388999636513841, 0.39832285115303995, 0.2403566582671057, 0.08015929089858044, 0.2682084088809824, 0.0010432924640898732, 0.0011347574960188925, 0.0009034707733227967, 0.000991240987967351
2024-03-11, 0.12398416892518926, 0.3563941299790357, 0.20934289591006008, 0.1048236880981437, 0.3174711778591222, 0.0008346339712718984, 0.0013238837453553747, 0.000767950157324377, 0.0009149916812006316
2024-03-11, 0.13354676898520282, 0.39832285115303995, 0.2170963364993214, 0.12332198599781628, 0.32568163935547867, 0.0010432924640898732, 0.0011347574960188925, 0.0008582972346566568, 0.0009149916812006316
2024-03-11, 0.14402642660754905, 0.39832285115303995, 0.1783291335530141, 0.18806602864666977, 0.38315486982997493, 0.0008346339712718984, 0.0010401943713506513, 0.0011293384666534961, 0.0013343628684175872
2024-02-10, 0.16784232883313885, 0.691823899371069, 0.28687730180267496, 0.05549489369901719, 0.30378707536519434, 0.0006259754784539235, 0.000851068122014169, 0.001219685543985776, 0.002058731282701421
2024-02-10, 0.307724463885692, 0.27253668763102723, 0.18608257414227578, 0.8324234054852592, 1.165885532482638, 0.00020865849281797487, 0.0010401943713506513, 0.0014455532373164753, 0.0021731052428514996
2024-02-10, 0.307724463885692, 0.27253668763102723, 0.18608257414227578, 0.8324234054852592, 1.165885532482638, 0.00020865849281797487, 0.0010401943713506513, 0.0014455532373164753, 0.0021731052428514996
2024-02-10, 0.307724463885692, 0.27253668763102723, 0.18608257414227578, 0.8324234054852592, 1.165885532482638, 0.00020865849281797487, 0.0010401943713506513, 0.0014455532373164753, 0.0021731052428514996
2024-02-10, 0.307724463885692, 0.27253668763102723, 0.18608257414227578, 0.8324234054852592, 1.165885532482638, 0.00020865849281797487, 0.0010401943713506513, 0.0014455532373164753, 0.0021731052428514996
2024-02-10, 0.307724463885692, 0.27253668763102723, 0.18608257414227578, 0.8324234054852592, 1.165885532482638, 0.00020865849281797487, 0.0010401943713506513, 0.0014455532373164753, 0.0021731052428514996
2024-02-10, 0.307724463885692, 0.27253668763102723, 0.18608257414227578, 0.8324234054852592, 1.165885532482638, 0.00020865849281797487, 0.0010401943713506513, 0.0014455532373164753, 0.0021731052428514996
2024-02-10, 0.307724463885692, 0.27253668763102723, 0.18608257414227578, 0.8324234054852592, 1.165885532482638, 0.00020865849281797487, 0.0010401943713506513, 0.0014455532373164753, 0.0021731052428514996
2024-02-10, 0.307724463885692, 0.27253668763102723, 0.18608257414227578, 0.8324234054852592, 1.165885532482638, 0.00020865849281797487, 0.0010401943713506513, 0.0014455532373164753, 0.0021731052428514996
2024-02-10, 0.307724463885692, 0.27253668763102723, 0.18608257414227578, 0.8324234054852592, 1.165885532482638, 0.00020865849281797487, 0.0010401943713506513, 0.0014455532373164753, 0.0021731052428514996
2024-02-10, 0.307724463885692, 0.27253668763102723, 0.18608257414227578, 0.8324234054852592, 1.165885532482638, 0.00020865849281797487, 0.0010401943713506513, 0.0014455532373164753, 0.0021731052428514996
2024-02-10, 0.17117187895918673, 0.7337526205450733, 0.2791238612134133, 0.06782709229879881, 0.28462933187369577, 0.0008346339712718984, 0.0009456312466824102, 0.0008131236959905179, 0.0014487368285676671
2024-02-10, 0.385607398344768, 0.16771488469601667, 0.13180849001744516, 1.2609673068276706, 1.516198556327187, 0.0010432924640898732, 0.0015130099946918558, 0.0022586769333069923, 0.003354969497735649
2024-02-10, 0.22539783447608464, 0.5660377358490568, 0.20934289591006008, 0.33296936219410367, 0.6896787656939549, 0.00041731698563594974, 0.000851068122014169, 0.0014455532373164753, 0.0024399778165350183
2024-02-10, 0.34730870327143304, 0.1257861635220127, 0.1550688117852298, 1.0482368809814373, 1.4423044028599776, 0.0008346339712718984, 0.0012293206206871335, 0.0018069415466455945, 0.00320247088420221
2024-01-11, 0.13743962042253782, 0.23060796645702325, 0.49622019771273507, 0.08940843984841673, 0.2764188703773391, 0.0020865849281797477, 0.0, 0.0022586769333069923, 0.002516227123301736
2024-01-11, 0.334431063369557, 0.20964360587002068, 0.3566582671060282, 0.8786691502344404, 1.2233587629571345, 0.0008346339712718995, 0.0003782524986729645, 0.002665238781302251, 0.003240595537585569
2024-01-11, 0.334431063369557, 0.20964360587002068, 0.3566582671060282, 0.8786691502344404, 1.2233587629571345, 0.0008346339712718995, 0.0003782524986729645, 0.002665238781302251, 0.003240595537585569
2024-01-11, 0.334431063369557, 0.20964360587002068, 0.3566582671060282, 0.8786691502344404, 1.2233587629571345, 0.0008346339712718995, 0.0003782524986729645, 0.002665238781302251, 0.003240595537585569
2024-01-11, 0.334431063369557, 0.20964360587002068, 0.3566582671060282, 0.8786691502344404, 1.2233587629571345, 0.0008346339712718995, 0.0003782524986729645, 0.002665238781302251, 0.003240595537585569
2024-01-11, 0.334431063369557, 0.20964360587002068, 0.3566582671060282, 0.8786691502344404, 1.2233587629571345, 0.0008346339712718995, 0.0003782524986729645, 0.002665238781302251, 0.003240595537585569
2024-01-11, 0.334431063369557, 0.20964360587002068, 0.3566582671060282, 0.8786691502344404, 1.2233587629571345, 0.0008346339712718995, 0.0003782524986729645, 0.002665238781302251, 0.003240595537585569
2024-01-11, 0.334431063369557, 0.20964360587002068, 0.3566582671060282, 0.8786691502344404, 1.2233587629571345, 0.0008346339712718995, 0.0003782524986729645, 0.002665238781302251, 0.003240595537585569
2024-01-11, 0.334431063369557, 0.20964360587002068, 0.3566582671060282, 0.8786691502344404, 1.2233587629571345, 0.0008346339712718995, 0.0003782524986729645, 0.002665238781302251, 0.003240595537585569
2024-01-11, 0.334431063369557, 0.20964360587002068, 0.3566582671060282, 0.8786691502344404, 1.2233587629571345, 0.0008346339712718995, 0.0003782524986729645, 0.002665238781302251, 0.003240595537585569
2024-01-11, 0.334431063369557, 0.20964360587002068, 0.3566582671060282, 0.8786691502344404, 1.2233587629571345, 0.0008346339712718995, 0.0003782524986729645, 0.002665238781302251, 0.003240595537585569
2024-01-11, 0.1473601896374348, 0.18867924528301902, 0.4496995541771661, 0.18806602864666977, 0.34483938284697746, 0.0018779264353617727, 0.0, 0.0029362800132990896, 0.0027830996969852545
2024-01-11, 0.14787081334038374, 0.33542976939203384, 0.4109323512308588, 0.11098978739803465, 0.317471177859122, 0.0020865849281797477, 0.00018912624933648225, 0.002665238781302251, 0.00320247088420221
2024-01-11, 0.15103591646201708, 0.1467505241090148, 0.4496995541771661, 0.17881687969683346, 0.42420717731175805, 0.0016692679425437979, 0.00028368937400472335, 0.003162147706629789, 0.003698091378185885
2024-01-11, 0.16114294861429754, 0.06289308176100634, 0.48846675712347376, 0.22814567409595998, 0.5008381512777531, 0.0020865849281797477, 0.00028368937400472335, 0.002845932935966811, 0.003583717418035807
2023-12-12, 0.12851494481236692, 0.2515723270440249, 0.3721651482845512, 0.14182028389748857, 0.2517874858882693, 0.002712560406633671, 0.00018912624933648225, 0.0032976683226282077, 0.004574958406003159
2023-12-12, 0.3204945071729907, 0.1257861635220127, 0.2946307423919363, 0.9279979446335667, 1.2069378399644215, 0.001251950956907848, 0.0006619418726776879, 0.00280075939730067, 0.0038887146451026845
2023-12-12, 0.3204945071729907, 0.1257861635220127, 0.2946307423919363, 0.9279979446335667, 1.2069378399644215, 0.001251950956907848, 0.0006619418726776879, 0.00280075939730067, 0.0038887146451026845
2023-12-12, 0.3204945071729907, 0.1257861635220127, 0.2946307423919363, 0.9279979446335667, 1.2069378399644215, 0.001251950956907848, 0.0006619418726776879, 0.00280075939730067, 0.0038887146451026845
2023-12-12, 0.3204945071729907, 0.1257861635220127, 0.2946307423919363, 0.9279979446335667, 1.2069378399644215, 0.001251950956907848, 0.0006619418726776879, 0.00280075939730067, 0.0038887146451026845
2023-12-12, 0.3204945071729907, 0.1257861635220127, 0.2946307423919363, 0.9279979446335667, 1.2069378399644215, 0.001251950956907848, 0.0006619418726776879, 0.00280075939730067, 0.0038887146451026845
2023-12-12, 0.3204945071729907, 0.1257861635220127, 0.2946307423919363, 0.9279979446335667, 1.2069378399644215, 0.001251950956907848, 0.0006619418726776879, 0.00280075939730067, 0.0038887146451026845
2023-12-12, 0.3204945071729907, 0.1257861635220127, 0.2946307423919363, 0.9279979446335667, 1.2069378399644215, 0.001251950956907848, 0.0006619418726776879, 0.00280075939730067, 0.0038887146451026845
2023-12-12, 0.3204945071729907, 0.1257861635220127, 0.2946307423919363, 0.9279979446335667, 1.2069378399644215, 0.001251950956907848, 0.0006619418726776879, 0.00280075939730067, 0.0038887146451026845
2023-12-12, 0.3204945071729907, 0.1257861635220127, 0.2946307423919363, 0.9279979446335667, 1.2069378399644215, 0.001251950956907848, 0.0006619418726776879, 0.00280075939730067, 0.0038887146451026845
2023-12-12, 0.3204945071729907, 0.1257861635220127, 0.2946307423919363, 0.9279979446335667, 1.2069378399644215, 0.001251950956907848, 0.0006619418726776879, 0.00280075939730067, 0.0038887146451026845
2023-12-12, 0.10946884662136494, 0.18867924528301902, 0.38767202946307416, 0.08940843984841673, 0.199787896411344, 0.0022952434209977226, 9.456312466824113e-05, 0.003162147706629788, 0.004651207712769878
2023-12-12, 0.1408056097397165, 0.29350104821802914, 0.3644117076952895, 0.18189992934677882, 0.2764188703773391, 0.0020865849281797477, 9.456312466824113e-05, 0.0033428418612943475, 0.004689332366153237
2023-12-12, 0.12969972639877275, 0.29350104821802914, 0.34115138592750527, 0.14182028389748857, 0.2517874858882693, 0.0022952434209977226, 0.00028368937400472335, 0.00275558585863453, 0.004003088605252765
2023-12-12, 0.1494261528970507, 0.29350104821802914, 0.32564450474898227, 0.212730425846233, 0.3557866648421196, 0.0020865849281797477, 0.0003782524986729645, 0.0025748917039699706, 0.0027068503902185352
2023-11-12, 0.12812688333827774, 0.06289308176100634, 0.4341926729986431, 0.212730425846233, 0.30926071636276553, 0.0010432924640898743, 0.0002836893740047223, 0.0019424621626440142, 0.0026687257368351743
2023-11-12, 0.37407043388527444, 0.3563941299790359, 0.39542547005233586, 0.9403301432333485, 1.2917792754267732, 0.0002086584928179737, 0.0009456312466824102, 0.0029814535519652294, 0.004498709099236438
2023-11-12, 0.37407043388527444, 0.3563941299790359, 0.39542547005233586, 0.9403301432333485, 1.2917792754267732, 0.0002086584928179737, 0.0009456312466824102, 0.0029814535519652294, 0.004498709099236438
2023-11-12, 0.37407043388527444, 0.3563941299790359, 0.39542547005233586, 0.9403301432333485, 1.2917792754267732, 0.0002086584928179737, 0.0009456312466824102, 0.0029814535519652294, 0.004498709099236438
2023-11-12, 0.37407043388527444, 0.3563941299790359, 0.39542547005233586, 0.9403301432333485, 1.2917792754267732, 0.0002086584928179737, 0.0009456312466824102, 0.0029814535519652294, 0.004498709099236438
2023-11-12, 0.37407043388527444, 0.3563941299790359, 0.39542547005233586, 0.9403301432333485, 1.2917792754267732, 0.0002086584928179737, 0.0009456312466824102, 0.0029814535519652294, 0.004498709099236438
2023-11-12, 0.37407043388527444, 0.3563941299790359, 0.39542547005233586, 0.9403301432333485, 1.2917792754267732, 0.0002086584928179737, 0.0009456312466824102, 0.0029814535519652294, 0.004498709099236438
2023-11-12, 0.37407043388527444, 0.3563941299790359, 0.39542547005233586, 0.9403301432333485, 1.2917792754267732, 0.0002086584928179737, 0.0009456312466824102, 0.0029814535519652294, 0.004498709099236438
2023-11-12, 0.37407043388527444, 0.3563941299790359, 0.39542547005233586, 0.9403301432333485, 1.2917792754267732, 0.0002086584928179737, 0.0009456312466824102, 0.0029814535519652294, 0.004498709099236438
2023-11-12, 0.37407043388527444, 0.3563941299790359, 0.39542547005233586, 0.9403301432333485, 1.2917792754267732, 0.0002086584928179737, 0.0009456312466824102, 0.0029814535519652294, 0.004498709099236438
2023-11-12, 0.37407043388527444, 0.3563941299790359, 0.39542547005233586, 0.9403301432333485, 1.2917792754267732, 0.0002086584928179737, 0.0009456312466824102, 0.0029814535519652294, 0.004498709099236438
2023-11-12, 0.12925503256958956, 0.1257861635220127, 0.4264392324093818, 0.19731517759650605, 0.2764188703773391, 0.001460609449725823, 0.00047281562334120457, 0.0022586769333069923, 0.0038887146451026845
2023-11-12, 0.5108104349606258, 0.838574423480084, 0.3566582671060282, 1.3380435480763053, 1.546303581813828, 0.0010432924640898732, 0.0012293206206871335, 0.001581073853314895, 0.0030499722706687714
2023-11-12, 0.1357365820990875, 0.020964360587002115, 0.45745299476642776, 0.24664397199563257, 0.35304984434333414, 0.001460609449725823, 0.0002836893740047223, 0.0025297181653038316, 0.0035074681112690874
2023-11-12, 0.19542252579509972, 0.1467505241090148, 0.48071331653421207, 0.35763375939366693, 0.571995484246177, 0.0008346339712718995, 0.0005673787480094457, 0.001987635701310153, 0.0028974736571353325
2023-10-13, 0.06455100263042868, 0.14675052410901432, 0.031013762357045963, 0.24047787269574133, 0.09305189695870819, 0.0008346339712718995, 9.456312466824113e-05, 0.0018972886239778733, 0.0022874792030015793
2023-10-13, 0.23847454530659218, 0.41928721174004224, 0.054274084124830604, 0.7460980152867878, 0.6842051246963841, 0.0, 0.00047281562334120457, 0.0014003796986503355, 0.002058731282701421
2023-10-13, 0.23847454530659218, 0.41928721174004224, 0.054274084124830604, 0.7460980152867878, 0.6842051246963841, 0.0, 0.00047281562334120457, 0.0014003796986503355, 0.002058731282701421
2023-10-13, 0.23847454530659218, 0.41928721174004224, 0.054274084124830604, 0.7460980152867878, 0.6842051246963841, 0.0, 0.00047281562334120457, 0.0014003796986503355, 0.002058731282701421
2023-10-13, 0.23847454530659218, 0.41928721174004224, 0.054274084124830604, 0.7460980152867878, 0.6842051246963841, 0.0, 0.00047281562334120457, 0.0014003796986503355, 0.002058731282701421
2023-10-13, 0.23847454530659218, 0.41928721174004224, 0.054274084124830604, 0.7460980152867878, 0.6842051246963841, 0.0, 0.00047281562334120457, 0.0014003796986503355, 0.002058731282701421
2023-10-13, 0.23847454530659218, 0.41928721174004224, 0.054274084124830604, 0.7460980152867878, 0.6842051246963841, 0.0, 0.00047281562334120457, 0.0014003796986503355, 0.002058731282701421
2023-10-13, 0.23847454530659218, 0.41928721174004224, 0.054274084124830604, 0.7460980152867878, 0.6842051246963841, 0.0, 0.00047281562334120457, 0.0014003796986503355, 0.002058731282701421
2023-10-13, 0.23847454530659218, 0.41928721174004224, 0.054274084124830604, 0.7460980152867878, 0.6842051246963841, 0.0, 0.00047281562334120457, 0.0014003796986503355, 0.002058731282701421
2023-10-13, 0.23847454530659218, 0.41928721174004224, 0.054274084124830604, 0.7460980152867878, 0.6842051246963841, 0.0, 0.00047281562334120457, 0.0014003796986503355, 0.002058731282701421
2023-10-13, 0.23847454530659218, 0.41928721174004224, 0.054274084124830604, 0.7460980152867878, 0.6842051246963841, 0.0, 0.00047281562334120457, 0.0014003796986503355, 0.002058731282701421
2023-10-13, 0.0593080206153765, 0.06289308176100587, 0.007753440589261319, 0.26205922024535927, 0.1368410249392768, 0.0010432924640898743, 0.00018912624933648225, 0.001626247391981034, 0.002058731282701421
2023-10-13, 0.49588062698649676, 0.9433962264150947, 0.12405504942818385, 1.412036739674995, 1.4833567103417606, 0.0008346339712718984, 0.0007565049973459279, 0.0010841649279873572, 0.0015249861353343857
2023-10-13, 0.15530816474527676, 0.2935010482180296, 0.10854816824966086, 0.5056201425910462, 0.3311552803530501, 0.00041731698563594974, 9.456312466824113e-05, 0.0009938178506550775, 0.002134980589468141
2023-10-13, 0.06705332726874418, 0.12578616352201222, 0.09304128707113789, 0.2774744684950862, 0.035578666484212186, 0.0010432924640898743, 9.456312466824113e-05, 0.0018069415466455934, 0.001601235442101105
2023-09-13, 0.09417722503448517, 0.3773584905660371, 0.09304128707113789, 0.033913546149399544, 0.24357702439191287, 0.0018779264353617727, 0.0001891262493364812, 0.0018972886239778733, 0.0015631107887177462
2023-09-13, 0.32199413639676744, 0.9643605870020958, 0.062027524714091925, 0.554948936990173, 0.9907290205603644, 0.0008346339712718995, 0.00028368937400472335, 0.0011293384666534961, 0.0016393600954844655
2023-09-13, 0.32199413639676744, 0.9643605870020958, 0.062027524714091925, 0.554948936990173, 0.9907290205603644, 0.0008346339712718995, 0.00028368937400472335, 0.0011293384666534961, 0.0016393600954844655
2023-09-13, 0.32199413639676744, 0.9643605870020958, 0.062027524714091925, 0.554948936990173, 0.9907290205603644, 0.0008346339712718995, 0.00028368937400472335, 0.0011293384666534961, 0.0016393600954844655
2023-09-13, 0.32199413639676744, 0.9643605870020958, 0.062027524714091925, 0.554948936990173, 0.9907290205603644, 0.0008346339712718995, 0.00028368937400472335, 0.0011293384666534961, 0.0016393600954844655
2023-09-13, 0.32199413639676744, 0.9643605870020958, 0.062027524714091925, 0.554948936990173, 0.9907290205603644, 0.0008346339712718995, 0.00028368937400472335, 0.0011293384666534961, 0.0016393600954844655
2023-09-13, 0.32199413639676744, 0.9643605870020958, 0.062027524714091925, 0.554948936990173, 0.9907290205603644, 0.0008346339712718995, 0.00028368937400472335, 0.0011293384666534961, 0.0016393600954844655
2023-09-13, 0.32199413639676744, 0.9643605870020958, 0.062027524714091925, 0.554948936990173, 0.9907290205603644, 0.0008346339712718995, 0.00028368937400472335, 0.0011293384666534961, 0.0016393600954844655
2023-09-13, 0.32199413639676744, 0.9643605870020958, 0.062027524714091925, 0.554948936990173, 0.9907290205603644, 0.0008346339712718995, 0.00028368937400472335, 0.0011293384666534961, 0.0016393600954844655
2023-09-13, 0.32199413639676744, 0.9643605870020958, 0.062027524714091925, 0.554948936990173, 0.9907290205603644, 0.0008346339712718995, 0.00028368937400472335, 0.0011293384666534961, 0.0016393600954844655
2023-09-13, 0.32199413639676744, 0.9643605870020958, 0.062027524714091925, 0.554948936990173, 0.9907290205603644, 0.0008346339712718995, 0.00028368937400472335, 0.0011293384666534961, 0.0016393600954844655
2023-09-13, 0.09664049268758904, 0.3144654088050312, 0.03876720294630728, 0.08015929089858044, 0.33389210085183557, 0.0016692679425437979, 0.0, 0.0018069415466455934, 0.0023637285097682986
2023-09-13, 0.5245433809162598, 1.5303983228511524, 0.007753440589261319, 1.1191470229301814, 1.535356299818686, 0.0, 0.0004728156233412056, 0.0010841649279873572, 0.002134980589468141
2023-09-13, 0.07132496017043119, 0.29350104821802914, 0.09304128707113789, 0.043162695099235836, 0.13410420444049131, 0.0022952434209977213, 0.0005673787480094457, 0.0017165944693133136, 0.00221122989623486
2023-09-13, 0.12732215090841853, 0.5031446540880498, 0.054274084124830264, 0.05241184404907185, 0.402312613321474, 0.0018779264353617727, 0.0, 0.0020779827786424326, 0.002478102469918377
2023-08-14, 0.1147419279052429, 0.06289308176100587, 0.2015894553207991, 0.26205922024535927, 0.38589169032876064, 0.0018779264353617727, 0.00047281562334120457, 0.001626247391981034, 0.0015249861353343857
2023-08-14, 0.22316477957491826, 0.5870020964360592, 0.21709633649932172, 0.3483846104438309, 0.6294687147206735, 0.0006259754784539247, 0.0, 0.0009486443119889366, 0.0017918587090179027
2023-08-14, 0.22316477957491826, 0.5870020964360592, 0.21709633649932172, 0.3483846104438309, 0.6294687147206735, 0.0006259754784539247, 0.0, 0.0009486443119889366, 0.0017918587090179027
2023-08-14, 0.22316477957491826, 0.5870020964360592, 0.21709633649932172, 0.3483846104438309, 0.6294687147206735, 0.0006259754784539247, 0.0, 0.0009486443119889366, 0.0017918587090179027
2023-08-14, 0.22316477957491826, 0.5870020964360592, 0.21709633649932172, 0.3483846104438309, 0.6294687147206735, 0.0006259754784539247, 0.0, 0.0009486443119889366, 0.0017918587090179027
2023-08-14, 0.22316477957491826, 0.5870020964360592, 0.21709633649932172, 0.3483846104438309, 0.6294687147206735, 0.0006259754784539247, 0.0, 0.0009486443119889366, 0.0017918587090179027
2023-08-14, 0.22316477957491826, 0.5870020964360592, 0.21709633649932172, 0.3483846104438309, 0.6294687147206735, 0.0006259754784539247, 0.0, 0.0009486443119889366, 0.0017918587090179027
2023-08-14, 0.22316477957491826, 0.5870020964360592, 0.21709633649932172, 0.3483846104438309, 0.6294687147206735, 0.0006259754784539247, 0.0, 0.0009486443119889366, 0.0017918587090179027
2023-08-14, 0.22316477957491826, 0.5870020964360592, 0.21709633649932172, 0.3483846104438309, 0.6294687147206735, 0.0006259754784539247, 0.0, 0.0009486443119889366, 0.0017918587090179027
2023-08-14, 0.22316477957491826, 0.5870020964360592, 0.21709633649932172, 0.3483846104438309, 0.6294687147206735, 0.0006259754784539247, 0.0, 0.0009486443119889366, 0.0017918587090179027
2023-08-14, 0.22316477957491826, 0.5870020964360592, 0.21709633649932172, 0.3483846104438309, 0.6294687147206735, 0.0006259754784539247, 0.0, 0.0009486443119889366, 0.0017918587090179027
2023-08-14, 0.08989044847259244, 0.04192872117400423, 0.27912386121341365, 0.16648468109705156, 0.22441928090041405, 0.0016692679425437979, 0.0001891262493364812, 0.0022586769333069923, 0.0030499722706687714
2023-08-14, 0.08938719880382505, 0.1257861635220127, 0.10079472766039989, 0.21581347549617808, 0.2654715883821972, 0.0018779264353617727, 0.0003782524986729635, 0.0020779827786424326, 0.0028974736571353325
2023-08-14, 0.08411817468427103, 0.10482180293501103, 0.17057569296375313, 0.16648468109705156, 0.22441928090041405, 0.0020865849281797464, 0.0005673787480094457, 0.001626247391981034, 0.0023637285097682986
2023-08-14, 0.07130241010610917, 0.0628930817610068, 0.19383601473153708, 0.10174063844819836, 0.2052615374089152, 0.0018779264353617727, 0.00047281562334120457, 0.0018972886239778733, 0.0024399778165350183
2023-07-15, 0.06317060824057726, 0.0628930817610068, 0.1473153711959678, 0.11098978739803438, 0.17789333242105995, 0.0016692679425437979, 0.0003782524986729645, 0.0016714209306471727, 0.002554351776685098
2023-07-15, 0.24899955719607872, 0.7337526205450735, 0.17057569296375244, 0.47170659644164664, 0.6130477917279601, 0.00020865849281797487, 0.00028368937400472335, 0.0008582972346566568, 0.0015631107887177462
2023-07-15, 0.24899955719607872, 0.7337526205450735, 0.17057569296375244, 0.47170659644164664, 0.6130477917279601, 0.00020865849281797487, 0.00028368937400472335, 0.0008582972346566568, 0.0015631107887177462
2023-07-15, 0.24899955719607872, 0.7337526205450735, 0.17057569296375244, 0.47170659644164664, 0.6130477917279601, 0.00020865849281797487, 0.00028368937400472335, 0.0008582972346566568, 0.0015631107887177462
2023-07-15, 0.24899955719607872, 0.7337526205450735, 0.17057569296375244, 0.47170659644164664, 0.6130477917279601, 0.00020865849281797487, 0.00028368937400472335, 0.0008582972346566568, 0.0015631107887177462
2023-07-15, 0.24899955719607872, 0.7337526205450735, 0.17057569296375244, 0.47170659644164664, 0.6130477917279601, 0.00020865849281797487, 0.00028368937400472335, 0.0008582972346566568, 0.0015631107887177462
2023-07-15, 0.24899955719607872, 0.7337526205450735, 0.17057569296375244, 0.47170659644164664, 0.6130477917279601, 0.00020865849281797487, 0.00028368937400472335, 0.0008582972346566568, 0.0015631107887177462
2023-07-15, 0.24899955719607872, 0.7337526205450735, 0.17057569296375244, 0.47170659644164664, 0.6130477917279601, 0.00020865849281797487, 0.00028368937400472335, 0.0008582972346566568, 0.0015631107887177462
2023-07-15, 0.24899955719607872, 0.7337526205450735, 0.17057569296375244, 0.47170659644164664, 0.6130477917279601, 0.00020865849281797487, 0.00028368937400472335, 0.0008582972346566568, 0.0015631107887177462
2023-07-15, 0.24899955719607872, 0.7337526205450735, 0.17057569296375244, 0.47170659644164664, 0.6130477917279601, 0.00020865849281797487, 0.00028368937400472335, 0.0008582972346566568, 0.0015631107887177462
2023-07-15, 0.24899955719607872, 0.7337526205450735, 0.17057569296375244, 0.47170659644164664, 0.6130477917279601, 0.00020865849281797487, 0.00028368937400472335, 0.0008582972346566568, 0.0015631107887177462
2023-07-15, 0.08630367192759075, 0.10482180293501103, 0.07753440589261457, 0.22814567409595998, 0.2736820498785536, 0.001460609449725823, 0.0, 0.0020779827786424326, 0.0027068503902185365
2023-07-15, 0.06498958954128568, 0.20964360587002112, 0.10079472766039921, 0.16340163144710623, 0.04105230748178314, 0.001251950956907848, 9.456312466824113e-05, 0.001581073853314893, 0.0020968559360847816
2023-07-15, 0.05908165810706313, 0.1886792452830195, 0.19383601473153708, 0.05241184404907185, 0.03284184598542671, 0.001460609449725823, 0.00028368937400472335, 0.0013100326213180537, 0.0018299833624012632
2023-07-15, 0.09726001249706953, 0.48218029350104863, 0.10854816824966053, 0.12023893634787094, 0.06294687147206744, 0.00041731698563594974, 0.00018912624933648225, 0.0013100326213180537, 0.0022493545496182206
2023-06-15, 0.03988490230792177, 0.02096436058700258, 0.20934289591006042, 0.030830496499453932, 0.05199958947692553, 0.001460609449725823, 0.00028368937400472335, 0.0014907267759826132, 0.0027068503902185352
2023-06-15, 0.27189373137472245, 0.7337526205450735, 0.19383601473153708, 0.5302845397906097, 0.7143101501830248, 0.0008346339712718984, 0.00018912624933648225, 0.0007227766186582361, 0.0012199889082675083
2023-06-15, 0.27189373137472245, 0.7337526205450735, 0.19383601473153708, 0.5302845397906097, 0.7143101501830248, 0.0008346339712718984, 0.00018912624933648225, 0.0007227766186582361, 0.0012199889082675083
2023-06-15, 0.27189373137472245, 0.7337526205450735, 0.19383601473153708, 0.5302845397906097, 0.7143101501830248, 0.0008346339712718984, 0.00018912624933648225, 0.0007227766186582361, 0.0012199889082675083
2023-06-15, 0.27189373137472245, 0.7337526205450735, 0.19383601473153708, 0.5302845397906097, 0.7143101501830248, 0.0008346339712718984, 0.00018912624933648225, 0.0007227766186582361, 0.0012199889082675083
2023-06-15, 0.27189373137472245, 0.7337526205450735, 0.19383601473153708, 0.5302845397906097, 0.7143101501830248, 0.0008346339712718984, 0.00018912624933648225, 0.0007227766186582361, 0.0012199889082675083
2023-06-15, 0.27189373137472245, 0.7337526205450735, 0.19383601473153708, 0.5302845397906097, 0.7143101501830248, 0.0008346339712718984, 0.00018912624933648225, 0.0007227766186582361, 0.0012199889082675083
2023-06-15, 0.27189373137472245, 0.7337526205450735, 0.19383601473153708, 0.5302845397906097, 0.7143101501830248, 0.0008346339712718984, 0.00018912624933648225, 0.0007227766186582361, 0.0012199889082675083
2023-06-15, 0.27189373137472245, 0.7337526205450735, 0.19383601473153708, 0.5302845397906097, 0.7143101501830248, 0.0008346339712718984, 0.00018912624933648225, 0.0007227766186582361, 0.0012199889082675083
2023-06-15, 0.27189373137472245, 0.7337526205450735, 0.19383601473153708, 0.5302845397906097, 0.7143101501830248, 0.0008346339712718984, 0.00018912624933648225, 0.0007227766186582361, 0.0012199889082675083
2023-06-15, 0.27189373137472245, 0.7337526205450735, 0.19383601473153708, 0.5302845397906097, 0.7143101501830248, 0.0008346339712718984, 0.00018912624933648225, 0.0007227766186582361, 0.0012199889082675083
2023-06-15, 0.07665707571522037, 0.08385744234800846, 0.23260321767784506, 0.10174063844819836, 0.18884061441620184, 0.001251950956907848, 0.00018912624933648225, 0.0017617680079794525, 0.003011847617285411
2023-06-15, 0.05425364511777789, 0.2515723270440254, 0.10079472766039989, 0.07091014194874443, 0.005473640997570956, 0.001460609449725823, 0.00018912624933648225, 0.0012648590826519147, 0.002363728509768297
2023-06-15, 0.058521180638761605, 0.02096436058700258, 0.28687730180267496, 0.12640503564776162, 0.027368204987855263, 0.001460609449725823, 0.0004728156233412056, 0.0017617680079794525, 0.0028593490037519737
2023-06-15, 0.04727700199086853, 0.1257861635220127, 0.19383601473153708, 0.03699659579934516, 0.016420922992713353, 0.0016692679425437979, 0.0003782524986729645, 0.0009938178506550756, 0.002134980589468139
2023-05-16, 0.09411686788978907, 0.02096436058700258, 0.3101376235704596, 0.3422185111439397, 0.07389415346720984, 0.001251950956907848, 0.0006619418726776879, 0.0016714209306471727, 0.002134980589468141
2023-05-16, 0.2002187644750167, 0.3354297693920329, 0.4031789106415975, 0.1849829789967247, 0.6759946632000271, 0.00041731698563594974, 0.00018912624933648225, 0.00045173538666139684, 0.00110561494811743
2023-05-16, 0.2002187644750167, 0.3354297693920329, 0.4031789106415975, 0.1849829789967247, 0.6759946632000271, 0.00041731698563594974, 0.00018912624933648225, 0.00045173538666139684, 0.00110561494811743
2023-05-16, 0.2002187644750167, 0.3354297693920329, 0.4031789106415975, 0.1849829789967247, 0.6759946632000271, 0.00041731698563594974, 0.00018912624933648225, 0.00045173538666139684, 0.00110561494811743
2023-05-16, 0.2002187644750167, 0.3354297693920329, 0.4031789106415975, 0.1849829789967247, 0.6759946632000271, 0.00041731698563594974, 0.00018912624933648225, 0.00045173538666139684, 0.00110561494811743
2023-05-16, 0.2002187644750167, 0.3354297693920329, 0.4031789106415975, 0.1849829789967247, 0.6759946632000271, 0.00041731698563594974, 0.00018912624933648225, 0.00045173538666139684, 0.00110561494811743
2023-05-16, 0.2002187644750167, 0.3354297693920329, 0.4031789106415975, 0.1849829789967247, 0.6759946632000271, 0.00041731698563594974, 0.00018912624933648225, 0.00045173538666139684, 0.00110561494811743
2023-05-16, 0.2002187644750167, 0.3354297693920329, 0.4031789106415975, 0.1849829789967247, 0.6759946632000271, 0.00041731698563594974, 0.00018912624933648225, 0.00045173538666139684, 0.00110561494811743
2023-05-16, 0.2002187644750167, 0.3354297693920329, 0.4031789106415975, 0.1849829789967247, 0.6759946632000271, 0.00041731698563594974, 0.00018912624933648225, 0.00045173538666139684, 0.00110561494811743
2023-05-16, 0.2002187644750167, 0.3354297693920329, 0.4031789106415975, 0.1849829789967247, 0.6759946632000271, 0.00041731698563594974, 0.00018912624933648225, 0.00045173538666139684, 0.00110561494811743
2023-05-16, 0.2002187644750167, 0.3354297693920329, 0.4031789106415975, 0.1849829789967247, 0.6759946632000271, 0.00041731698563594974, 0.00018912624933648225, 0.00045173538666139684, 0.00110561494811743
2023-05-16, 0.09006620933600527, 0.0628930817610068, 0.20934289591006042, 0.41004560344273877, 0.03284184598542622, 0.0008346339712718984, 0.00028368937400472335, 0.001581073853314893, 0.0027068503902185352
2023-05-16, 0.08275456285465103, 0.020964360587001647, 0.255863539445629, 0.345301560793885, 0.03557866648421169, 0.00020865849281797487, 0.0005673787480094467, 0.0012648590826519147, 0.0022874792030015793
2023-05-16, 0.366562946421997, 1.1111111111111107, 0.1550688117852298, 0.5981116320894088, 1.0646231740275738, 0.0010432924640898732, 0.0002836893740047223, 0.000813123695990516, 0.0014487368285676662
2023-05-16, 0.10400290760702324, 0.18867924528301855, 0.2636169800348903, 0.09557453914830713, 0.2791556908761246, 0.0008346339712718984, 0.00028368937400472335, 0.0014003796986503335, 0.002478102469918377
2023-04-16, 0.14069301519318467, 0.37735849056603804, 0.34890482651676624, 0.0030830496499453385, 0.39410215182511704, 0.0006259754784539235, 9.456312466824113e-05, 0.0009938178506550775, 0.00038124653383359513
2023-04-16, 0.21833909919319971, 0.02096436058700258, 0.41868579182011945, 0.3391354614939944, 0.9660976360712941, 0.00020865849281797487, 0.00018912624933648225, 0.00013552061599841865, 0.0012962382150342293
2023-04-16, 0.21833909919319971, 0.02096436058700258, 0.41868579182011945, 0.3391354614939944, 0.9660976360712941, 0.00020865849281797487, 0.00018912624933648225, 0.00013552061599841865, 0.0012962382150342293
2023-04-16, 0.21833909919319971, 0.02096436058700258, 0.41868579182011945, 0.3391354614939944, 0.9660976360712941, 0.00020865849281797487, 0.00018912624933648225, 0.00013552061599841865, 0.0012962382150342293
2023-04-16, 0.21833909919319971, 0.02096436058700258, 0.41868579182011945, 0.3391354614939944, 0.9660976360712941, 0.00020865849281797487, 0.00018912624933648225, 0.00013552061599841865, 0.0012962382150342293
2023-04-16, 0.21833909919319971, 0.02096436058700258, 0.41868579182011945, 0.3391354614939944, 0.9660976360712941, 0.00020865849281797487, 0.00018912624933648225, 0.00013552061599841865, 0.0012962382150342293
2023-04-16, 0.21833909919319971, 0.02096436058700258, 0.41868579182011945, 0.3391354614939944, 0.9660976360712941, 0.00020865849281797487, 0.00018912624933648225, 0.00013552061599841865, 0.0012962382150342293
2023-04-16, 0.21833909919319971, 0.02096436058700258, 0.41868579182011945, 0.3391354614939944, 0.9660976360712941, 0.00020865849281797487, 0.00018912624933648225, 0.00013552061599841865, 0.0012962382150342293
2023-04-16, 0.21833909919319971, 0.02096436058700258, 0.41868579182011945, 0.3391354614939944, 0.9660976360712941, 0.00020865849281797487, 0.00018912624933648225, 0.00013552061599841865, 0.0012962382150342293
2023-04-16, 0.21833909919319971, 0.02096436058700258, 0.41868579182011945, 0.3391354614939944, 0.9660976360712941, 0.00020865849281797487, 0.00018912624933648225, 0.00013552061599841865, 0.0012962382150342293
2023-04-16, 0.21833909919319971, 0.02096436058700258, 0.41868579182011945, 0.3391354614939944, 0.9660976360712941, 0.00020865849281797487, 0.00018912624933648225, 0.00013552061599841865, 0.0012962382150342293
2023-04-16, 0.14051352931677796, 0.39832285115303967, 0.3644117076952895, 0.03083049649945448, 0.32841845985426416, 0.0010432924640898732, 0.00028368937400472335, 0.00022586769333069842, 0.0005718698007503961
2023-04-16, 0.1239308755573176, 0.4402515723270439, 0.2946307423919363, 0.18189992934677882, 0.07115733296842389, 0.0016692679425437979, 0.00028368937400472335, 0.0006776030799920973, 0.0008768670278172736
2023-04-16, 0.3293303044006726, 0.5870020964360583, 0.31013762357045893, 0.6659387243882073, 1.0673599945263588, 0.001251950956907848, 0.0007565049973459279, 0.0006324295413259584, 0.0015631107887177462
2023-04-16, 0.14453916828514926, 0.18867924528301855, 0.3954254700523355, 0.05241184404907185, 0.5172590742704665, 0.0006259754784539235, 9.456312466824113e-05, 0.000406561847995258, 0.0014106121751843075
2023-03-17, 0.18450658111965845, 0.6079664570230608, 0.5504942818375653, 0.14182028389748885, 0.1724196914234885, 0.0016692679425437979, 0.0006619418726776879, 0.0006776030799920973, 0.0003431218804502363
2023-03-17, 0.24389022879496752, 0.020964360587001647, 0.46520643535568873, 0.4470421992420834, 1.015360405049434, 0.0, 0.00028368937400472335, 0.0005872560026598175, 0.0016774847488678262
2023-03-17, 0.24389022879496752, 0.020964360587001647, 0.46520643535568873, 0.4470421992420834, 1.015360405049434, 0.0, 0.00028368937400472335, 0.0005872560026598175, 0.0016774847488678262
2023-03-17, 0.24389022879496752, 0.020964360587001647, 0.46520643535568873, 0.4470421992420834, 1.015360405049434, 0.0, 0.00028368937400472335, 0.0005872560026598175, 0.0016774847488678262
2023-03-17, 0.24389022879496752, 0.020964360587001647, 0.46520643535568873, 0.4470421992420834, 1.015360405049434, 0.0, 0.00028368937400472335, 0.0005872560026598175, 0.0016774847488678262
2023-03-17, 0.24389022879496752, 0.020964360587001647, 0.46520643535568873, 0.4470421992420834, 1.015360405049434, 0.0, 0.00028368937400472335, 0.0005872560026598175, 0.0016774847488678262
2023-03-17, 0.24389022879496752, 0.020964360587001647, 0.46520643535568873, 0.4470421992420834, 1.015360405049434, 0.0, 0.00028368937400472335, 0.0005872560026598175, 0.0016774847488678262
2023-03-17, 0.24389022879496752, 0.020964360587001647, 0.46520643535568873, 0.4470421992420834, 1.015360405049434, 0.0, 0.00028368937400472335, 0.0005872560026598175, 0.0016774847488678262
2023-03-17, 0.24389022879496752, 0.020964360587001647, 0.46520643535568873, 0.4470421992420834, 1.015360405049434, 0.0, 0.00028368937400472335, 0.0005872560026598175, 0.0016774847488678262
2023-03-17, 0.24389022879496752, 0.020964360587001647, 0.46520643535568873, 0.4470421992420834, 1.015360405049434, 0.0, 0.00028368937400472335, 0.0005872560026598175, 0.0016774847488678262
2023-03-17, 0.24389022879496752, 0.020964360587001647, 0.46520643535568873, 0.4470421992420834, 1.015360405049434, 0.0, 0.00028368937400472335, 0.0005872560026598175, 0.0016774847488678262
2023-03-17, 0.1821339811588964, 0.5870020964360583, 0.511727078891258, 0.09249148949836235, 0.2627347678834112, 0.001460609449725823, 0.000756504997345929, 0.0006324295413259584, 0.00026687257368351863
2023-03-17, 0.11224155615999856, 0.23060796645702278, 0.3721651482845509, 0.06782709229879909, 0.22441928090041405, 0.0016692679425437979, 0.0005673787480094467, 0.00018069415466455955, 0.0004956204939836768
2023-03-17, 0.12801536576667294, 0.2096436058700202, 0.48071331653421207, 0.06474404264885375, 0.2654715883821972, 0.001251950956907848, 0.0006619418726776879, 0.00022586769333069842, 0.0014106121751843075
2023-03-17, 0.4397889791316902, 0.8595387840670862, 0.4264392324093815, 0.8416725544350949, 1.3875679928842668, 0.0010432924640898732, 0.0003782524986729635, 0.00045173538666139885, 0.0012199889082675098
2023-02-15, 0.17300937628615912, 0.6918238993710684, 0.28687730180267496, 0.012332198599781354, 0.39136533132633156, 0.0006259754784539235, 0.00018912624933648225, 0.0006324295413259584, 0.0002287479203001581
2023-02-15, 0.2020938679119714, 0.14675052410901526, 0.23260321767784436, 0.43471000064230203, 0.801888406144162, 0.00020865849281797487, 0.0, 0.0003613883093291191, 0.0002287479203001581
2023-02-15, 0.2020938679119714, 0.14675052410901526, 0.23260321767784436, 0.43471000064230203, 0.801888406144162, 0.00020865849281797487, 0.0, 0.0003613883093291191, 0.0002287479203001581
2023-02-15, 0.2020938679119714, 0.14675052410901526, 0.23260321767784436, 0.43471000064230203, 0.801888406144162, 0.00020865849281797487, 0.0, 0.0003613883093291191, 0.0002287479203001581
2023-02-15, 0.2020938679119714, 0.14675052410901526, 0.23260321767784436, 0.43471000064230203, 0.801888406144162, 0.00020865849281797487, 0.0, 0.0003613883093291191, 0.0002287479203001581
2023-02-15, 0.2020938679119714, 0.14675052410901526, 0.23260321767784436, 0.43471000064230203, 0.801888406144162, 0.00020865849281797487, 0.0, 0.0003613883093291191, 0.0002287479203001581
2023-02-15, 0.2020938679119714, 0.14675052410901526, 0.23260321767784436, 0.43471000064230203, 0.801888406144162, 0.00020865849281797487, 0.0, 0.0003613883093291191, 0.0002287479203001581
2023-02-15, 0.2020938679119714, 0.14675052410901526, 0.23260321767784436, 0.43471000064230203, 0.801888406144162, 0.00020865849281797487, 0.0, 0.0003613883093291191, 0.0002287479203001581
2023-02-15, 0.2020938679119714, 0.14675052410901526, 0.23260321767784436, 0.43471000064230203, 0.801888406144162, 0.00020865849281797487, 0.0, 0.0003613883093291191, 0.0002287479203001581
2023-02-15, 0.2020938679119714, 0.14675052410901526, 0.23260321767784436, 0.43471000064230203, 0.801888406144162, 0.00020865849281797487, 0.0, 0.0003613883093291191, 0.0002287479203001581
2023-02-15, 0.2020938679119714, 0.14675052410901526, 0.23260321767784436, 0.43471000064230203, 0.801888406144162, 0.00020865849281797487, 0.0, 0.0003613883093291191, 0.0002287479203001581
2023-02-15, 0.13655201836948686, 0.41928721174004135, 0.23260321767784436, 0.024664397199563256, 0.4132598953166159, 0.001251950956907848, 0.0006619418726776879, 0.0004969089253275398, 0.00019062326691679927
2023-02-15, 0.13345973229605926, 0.5031446540880498, 0.16282225237449113, 0.046245744749181174, 0.3530498443433339, 0.0010432924640898732, 0.0003782524986729645, 0.0009938178506550775, 0.0
2023-02-15, 0.1395175609037969, 0.48218029350104813, 0.22484977708858306, 0.03699659579934461, 0.3694707673360473, 0.0008346339712718984, 0.0003782524986729645, 0.0008582972346566588, 0.0005718698007503961
2023-02-15, 0.1214992453580397, 0.46121593291404556, 0.13956193060670719, 0.09249148949836235, 0.2764188703773391, 0.0008346339712718984, 0.0004728156233412056, 4.517353866614089e-05, 0.0009531163345839912
2023-01-16, 0.12971980451785167, 0.272536687631027, 0.10079472766039921, 0.14798638319737953, 0.514522253771681, 0.001251950956907848, 9.456312466824113e-05, 0.0, 0.0005718698007503961
2023-01-16, 0.203450109637245, 0.08385744234800846, 0.0465206435355686, 0.49020489434131925, 1.0044131230542916, 0.0, 0.00018912624933648225, 0.0013100326213180556, 0.00110561494811743
2023-01-16, 0.203450109637245, 0.08385744234800846, 0.0465206435355686, 0.49020489434131925, 1.0044131230542916, 0.0, 0.00018912624933648225, 0.0013100326213180556, 0.00110561494811743
2023-01-16, 0.203450109637245, 0.08385744234800846, 0.0465206435355686, 0.49020489434131925, 1.0044131230542916, 0.0, 0.00018912624933648225, 0.0013100326213180556, 0.00110561494811743
2023-01-16, 0.203450109637245, 0.08385744234800846, 0.0465206435355686, 0.49020489434131925, 1.0044131230542916, 0.0, 0.00018912624933648225, 0.0013100326213180556, 0.00110561494811743
2023-01-16, 0.203450109637245, 0.08385744234800846, 0.0465206435355686, 0.49020489434131925, 1.0044131230542916, 0.0, 0.00018912624933648225, 0.0013100326213180556, 0.00110561494811743
2023-01-16, 0.203450109637245, 0.08385744234800846, 0.0465206435355686, 0.49020489434131925, 1.0044131230542916, 0.0, 0.00018912624933648225, 0.0013100326213180556, 0.00110561494811743
2023-01-16, 0.203450109637245, 0.08385744234800846, 0.0465206435355686, 0.49020489434131925, 1.0044131230542916, 0.0, 0.00018912624933648225, 0.0013100326213180556, 0.00110561494811743
2023-01-16, 0.203450109637245, 0.08385744234800846, 0.0465206435355686, 0.49020489434131925, 1.0044131230542916, 0.0, 0.00018912624933648225, 0.0013100326213180556, 0.00110561494811743
2023-01-16, 0.203450109637245, 0.08385744234800846, 0.0465206435355686, 0.49020489434131925, 1.0044131230542916, 0.0, 0.00018912624933648225, 0.0013100326213180556, 0.00110561494811743
2023-01-16, 0.203450109637245, 0.08385744234800846, 0.0465206435355686, 0.49020489434131925, 1.0044131230542916, 0.0, 0.00018912624933648225, 0.0013100326213180556, 0.00110561494811743
2023-01-16, 0.07830279463385881, 0.16771488469601692, 0.031013762357045963, 0.061660992998907864, 0.3639971263384763, 0.001251950956907848, 0.0, 0.00013552061599841965, 0.0006481191075171155
2023-01-16, 0.14653795636925399, 0.23060796645702278, 0.10079472766039921, 0.21273042584623275, 0.626731894221888, 0.0010432924640898732, 0.0, 9.034707733227977e-05, 0.00030499722706687745
2023-01-16, 0.35258912820314137, 0.41928721174004135, 0.13180849001744516, 0.7738454621362963, 1.4915671718381174, 0.0006259754784539235, 0.000756504997345929, 0.0017165944693133136, 0.00110561494811743
2023-01-16, 0.17065815125381595, 0.23060796645702278, 0.19383601473153708, 0.25281007129552324, 0.6869419451951695, 0.0006259754784539247, 0.00028368937400472335, 4.517353866613989e-05, 0.0001143739601500799
2022-12-17, 0.17142906760684307, 0.5660377358490566, 0.12405504942818385, 0.11407283704797971, 0.566521843248606, 0.00020865849281797487, 0.00018912624933648225, 0.0002710412319968393, 7.624930676671936e-05
2022-12-17, 0.2527981651955128, 0.5031446540880508, 0.23260321767784436, 0.44087609994219273, 0.8429407136259451, 0.0010432924640898732, 0.0003782524986729645, 0.0009034707733227957, 0.000495620493983675
2022-12-17, 0.2527981651955128, 0.5031446540880508, 0.23260321767784436, 0.44087609994219273, 0.8429407136259451, 0.0010432924640898732, 0.0003782524986729645, 0.0009034707733227957, 0.000495620493983675
2022-12-17, 0.2527981651955128, 0.5031446540880508, 0.23260321767784436, 0.44087609994219273, 0.8429407136259451, 0.0010432924640898732, 0.0003782524986729645, 0.0009034707733227957, 0.000495620493983675
2022-12-17, 0.2527981651955128, 0.5031446540880508, 0.23260321767784436, 0.44087609994219273, 0.8429407136259451, 0.0010432924640898732, 0.0003782524986729645, 0.0009034707733227957, 0.000495620493983675
2022-12-17, 0.2527981651955128, 0.5031446540880508, 0.23260321767784436, 0.44087609994219273, 0.8429407136259451, 0.0010432924640898732, 0.0003782524986729645, 0.0009034707733227957, 0.000495620493983675
2022-12-17, 0.2527981651955128, 0.5031446540880508, 0.23260321767784436, 0.44087609994219273, 0.8429407136259451, 0.0010432924640898732, 0.0003782524986729645, 0.0009034707733227957, 0.000495620493983675
2022-12-17, 0.2527981651955128, 0.5031446540880508, 0.23260321767784436, 0.44087609994219273, 0.8429407136259451, 0.0010432924640898732, 0.0003782524986729645, 0.0009034707733227957, 0.000495620493983675
2022-12-17, 0.2527981651955128, 0.5031446540880508, 0.23260321767784436, 0.44087609994219273, 0.8429407136259451, 0.0010432924640898732, 0.0003782524986729645, 0.0009034707733227957, 0.000495620493983675
2022-12-17, 0.2527981651955128, 0.5031446540880508, 0.23260321767784436, 0.44087609994219273, 0.8429407136259451, 0.0010432924640898732, 0.0003782524986729645, 0.0009034707733227957, 0.000495620493983675
2022-12-17, 0.2527981651955128, 0.5031446540880508, 0.23260321767784436, 0.44087609994219273, 0.8429407136259451, 0.0010432924640898732, 0.0003782524986729645, 0.0009034707733227957, 0.000495620493983675
2022-12-17, 0.18746537093957955, 0.7756813417190778, 0.16282225237449113, 0.11715588669792505, 0.4433649208032571, 0.00020865849281797487, 9.456312466824113e-05, 9.034707733227977e-05, 0.00030499722706687745
2022-12-17, 0.14314099760172527, 0.4612159329140465, 0.031013762357045963, 0.10790673774808904, 0.5446272792583218, 0.0, 0.0, 0.00013552061599841965, 0.0002287479203001581
2022-12-17, 0.18474327093428272, 0.5241090146750523, 0.1550688117852298, 0.2096473761962874, 0.5884164072388903, 0.0, 9.456312466824113e-05, 0.0, 0.0006099944541337549
2022-12-17, 0.40861238517773557, 0.46121593291404556, 0.054274084124830604, 1.0174063844819832, 1.729670555232459, 0.0018779264353617716, 0.0005673787480094467, 0.0019424621626440142, 0.0019443573225513431
2022-11-17, 0.12181341703026388, 0.20964360587002112, 0.17057569296375244, 0.1048236880981437, 0.48715404878382573, 0.0006259754784539247, 0.0001891262493364812, 0.0005420824639936786, 0.0009531163345839912
2022-11-17, 0.22834756223478536, 0.272536687631027, 0.12405504942818385, 0.43779305029224735, 0.9879922000615784, 0.0010432924640898732, 0.0001891262493364812, 0.0012648590826519158, 0.0019062326691679824
2022-11-17, 0.22834756223478536, 0.272536687631027, 0.12405504942818385, 0.43779305029224735, 0.9879922000615784, 0.0010432924640898732, 0.0001891262493364812, 0.0012648590826519158, 0.0019062326691679824
2022-11-17, 0.22834756223478536, 0.272536687631027, 0.12405504942818385, 0.43779305029224735, 0.9879922000615784, 0.0010432924640898732, 0.0001891262493364812, 0.0012648590826519158, 0.0019062326691679824
2022-11-17, 0.22834756223478536, 0.272536687631027, 0.12405504942818385, 0.43779305029224735, 0.9879922000615784, 0.0010432924640898732, 0.0001891262493364812, 0.0012648590826519158, 0.0019062326691679824
2022-11-17, 0.22834756223478536, 0.272536687631027, 0.12405504942818385, 0.43779305029224735, 0.9879922000615784, 0.0010432924640898732, 0.0001891262493364812, 0.0012648590826519158, 0.0019062326691679824
2022-11-17, 0.22834756223478536, 0.272536687631027, 0.12405504942818385, 0.43779305029224735, 0.9879922000615784, 0.0010432924640898732, 0.0001891262493364812, 0.0012648590826519158, 0.0019062326691679824
2022-11-17, 0.22834756223478536, 0.272536687631027, 0.12405504942818385, 0.43779305029224735, 0.9879922000615784, 0.0010432924640898732, 0.0001891262493364812, 0.0012648590826519158, 0.0019062326691679824
2022-11-17, 0.22834756223478536, 0.272536687631027, 0.12405504942818385, 0.43779305029224735, 0.9879922000615784, 0.0010432924640898732, 0.0001891262493364812, 0.0012648590826519158, 0.0019062326691679824
2022-11-17, 0.22834756223478536, 0.272536687631027, 0.12405504942818385, 0.43779305029224735, 0.9879922000615784, 0.0010432924640898732, 0.0001891262493364812, 0.0012648590826519158, 0.0019062326691679824
2022-11-17, 0.22834756223478536, 0.272536687631027, 0.12405504942818385, 0.43779305029224735, 0.9879922000615784, 0.0010432924640898732, 0.0001891262493364812, 0.0012648590826519158, 0.0019062326691679824
2022-11-17, 0.1378276912365213, 0.20964360587002112, 0.1473153711959678, 0.16031858179716088, 0.5829427662413194, 0.00020865849281797487, 0.0003782524986729635, 0.0006324295413259584, 0.0011818642548841493
2022-11-17, 0.13720819833493528, 0.23060796645702372, 0.1473153711959678, 0.18498297899672414, 0.5309431767643938, 0.0010432924640898732, 0.00047281562334120457, 0.000813123695990517, 0.0014868614819510267
2022-11-17, 0.08129559220474379, 0.020964360587001647, 0.023260321767784645, 0.08324234054852578, 0.5199958947692519, 0.0006259754784539247, 0.0003782524986729635, 0.0006776030799920983, 0.0012199889082675083
2022-11-17, 0.17243790614811116, 0.48218029350104813, 0.11630160883892253, 0.19731517759650605, 0.5802059457425339, 0.0008346339712718995, 9.456312466824007e-05, 0.0010841649279873563, 0.0014868614819510267
2022-10-18, 0.1275970783831247, 0.5660377358490566, 0.03876720294630728, 0.006166099299890677, 0.4077862543190449, 0.0006259754784539235, 0.0006619418726776868, 4.517353866613989e-05, 0.0006862437609004735
2022-10-18, 0.12193299030260371, 0.02096436058700258, 0.007753440589261319, 0.246643971995632, 0.6951524066915264, 0.0010432924640898732, 0.0007565049973459279, 0.0011293384666534961, 0.0020206066293180606
2022-10-18, 0.12193299030260371, 0.02096436058700258, 0.007753440589261319, 0.246643971995632, 0.6951524066915264, 0.0010432924640898732, 0.0007565049973459279, 0.0011293384666534961, 0.0020206066293180606
2022-10-18, 0.12193299030260371, 0.02096436058700258, 0.007753440589261319, 0.246643971995632, 0.6951524066915264, 0.0010432924640898732, 0.0007565049973459279, 0.0011293384666534961, 0.0020206066293180606
2022-10-18, 0.12193299030260371, 0.02096436058700258, 0.007753440589261319, 0.246643971995632, 0.6951524066915264, 0.0010432924640898732, 0.0007565049973459279, 0.0011293384666534961, 0.0020206066293180606
2022-10-18, 0.12193299030260371, 0.02096436058700258, 0.007753440589261319, 0.246643971995632, 0.6951524066915264, 0.0010432924640898732, 0.0007565049973459279, 0.0011293384666534961, 0.0020206066293180606
2022-10-18, 0.12193299030260371, 0.02096436058700258, 0.007753440589261319, 0.246643971995632, 0.6951524066915264, 0.0010432924640898732, 0.0007565049973459279, 0.0011293384666534961, 0.0020206066293180606
2022-10-18, 0.12193299030260371, 0.02096436058700258, 0.007753440589261319, 0.246643971995632, 0.6951524066915264, 0.0010432924640898732, 0.0007565049973459279, 0.0011293384666534961, 0.0020206066293180606
2022-10-18, 0.12193299030260371, 0.02096436058700258, 0.007753440589261319, 0.246643971995632, 0.6951524066915264, 0.0010432924640898732, 0.0007565049973459279, 0.0011293384666534961, 0.0020206066293180606
2022-10-18, 0.12193299030260371, 0.02096436058700258, 0.007753440589261319, 0.246643971995632, 0.6951524066915264, 0.0010432924640898732, 0.0007565049973459279, 0.0011293384666534961, 0.0020206066293180606
2022-10-18, 0.12193299030260371, 0.02096436058700258, 0.007753440589261319, 0.246643971995632, 0.6951524066915264, 0.0010432924640898732, 0.0007565049973459279, 0.0011293384666534961, 0.0020206066293180606
2022-10-18, 0.17770398698797932, 0.1048218029350101, 0.10079472766039921, 0.43162695099235615, 0.7799938421538777, 0.001251950956907848, 0.0006619418726776868, 0.0009938178506550765, 0.0014868614819510267
2022-10-18, 0.14296062544812901, 0.7547169811320752, 0.031013762357045963, 0.2990558160447044, 0.057473230474496005, 0.0004173169856359486, 0.0005673787480094457, 0.00013552061599841965, 0.00030499722706687663
2022-10-18, 0.14153168738067573, 0.02096436058700258, 0.015506881178523325, 0.28364056779497715, 0.807362047141733, 0.0014606094497258218, 0.0010401943713506513, 0.0006776030799920973, 0.001601235442101105
2022-10-18, 0.12042050564974666, 0.48218029350104813, 0.031013762357045963, 0.033913546149399273, 0.4132598953166159, 0.0004173169856359486, 0.0009456312466824102, 0.00045173538666139885, 0.0011818642548841493
2022-09-18, 0.08639759544956659, 0.06289308176100587, 0.18608257414227508, 0.12640503564776162, 0.3147343573603367, 0.00020865849281797487, 9.456312466824113e-05, 0.0, 0.000762493067667192
2022-09-18, 0.15311598169162688, 0.02096436058700258, 0.0465206435355686, 0.36071680904361225, 0.7936779446478056, 0.0010432924640898732, 0.0003782524986729645, 0.00040656184799525897, 0.0012199889082675083
2022-09-18, 0.15311598169162688, 0.02096436058700258, 0.0465206435355686, 0.36071680904361225, 0.7936779446478056, 0.0010432924640898732, 0.0003782524986729645, 0.00040656184799525897, 0.0012199889082675083
2022-09-18, 0.15311598169162688, 0.02096436058700258, 0.0465206435355686, 0.36071680904361225, 0.7936779446478056, 0.0010432924640898732, 0.0003782524986729645, 0.00040656184799525897, 0.0012199889082675083
2022-09-18, 0.15311598169162688, 0.02096436058700258, 0.0465206435355686, 0.36071680904361225, 0.7936779446478056, 0.0010432924640898732, 0.0003782524986729645, 0.00040656184799525897, 0.0012199889082675083
2022-09-18, 0.15311598169162688, 0.02096436058700258, 0.0465206435355686, 0.36071680904361225, 0.7936779446478056, 0.0010432924640898732, 0.0003782524986729645, 0.00040656184799525897, 0.0012199889082675083
2022-09-18, 0.15311598169162688, 0.02096436058700258, 0.0465206435355686, 0.36071680904361225, 0.7936779446478056, 0.0010432924640898732, 0.0003782524986729645, 0.00040656184799525897, 0.0012199889082675083
2022-09-18, 0.15311598169162688, 0.02096436058700258, 0.0465206435355686, 0.36071680904361225, 0.7936779446478056, 0.0010432924640898732, 0.0003782524986729645, 0.00040656184799525897, 0.0012199889082675083
2022-09-18, 0.15311598169162688, 0.02096436058700258, 0.0465206435355686, 0.36071680904361225, 0.7936779446478056, 0.0010432924640898732, 0.0003782524986729645, 0.00040656184799525897, 0.0012199889082675083
2022-09-18, 0.15311598169162688, 0.02096436058700258, 0.0465206435355686, 0.36071680904361225, 0.7936779446478056, 0.0010432924640898732, 0.0003782524986729645, 0.00040656184799525897, 0.0012199889082675083
2022-09-18, 0.15311598169162688, 0.02096436058700258, 0.0465206435355686, 0.36071680904361225, 0.7936779446478056, 0.0010432924640898732, 0.0003782524986729645, 0.00040656184799525897, 0.0012199889082675083
2022-09-18, 0.09371625726723865, 0.23060796645702278, 0.10079472766039921, 0.05241184404907185, 0.3639971263384763, 0.00020865849281797487, 0.0003782524986729645, 0.00022586769333069942, 0.00110561494811743
2022-09-18, 0.08461941993473476, 0.272536687631027, 0.06978096530335325, 0.1048236880981437, 0.2271561013991995, 0.00041731698563594974, 0.0003782524986729645, 0.00045173538666139885, 0.0014106121751843075
2022-09-18, 0.09830045896963652, 0.23060796645702278, 0.06978096530335325, 0.06782709229879855, 0.4159967158154014, 0.00020865849281797487, 0.00018912624933648225, 0.0004969089253275388, 0.0012962382150342275
2022-09-18, 0.11076936129823639, 0.04192872117400423, 0.08528784648187589, 0.17881687969683346, 0.5774691252437479, 0.00041731698563594974, 9.456312466824113e-05, 0.000767950157324377, 0.001372487521800947
2022-08-19, 0.111699143457893, 0.27253668763102795, 0.07753440589261457, 0.2096473761962874, 0.3311552803530501, 0.0008346339712718995, 0.0005673787480094467, 0.00013552061599841965, 0.0011818642548841493
2022-08-19, 0.10567682950194647, 0.0, 0.03876720294630728, 0.08324234054852578, 0.7197837911805962, 0.0010432924640898732, 0.0004728156233412056, 0.0005420824639936786, 0.0015631107887177462
2022-08-19, 0.10567682950194647, 0.0, 0.03876720294630728, 0.08324234054852578, 0.7197837911805962, 0.0010432924640898732, 0.0004728156233412056, 0.0005420824639936786, 0.0015631107887177462
2022-08-19, 0.10567682950194647, 0.0, 0.03876720294630728, 0.08324234054852578, 0.7197837911805962, 0.0010432924640898732, 0.0004728156233412056, 0.0005420824639936786, 0.0015631107887177462
2022-08-19, 0.10567682950194647, 0.0, 0.03876720294630728, 0.08324234054852578, 0.7197837911805962, 0.0010432924640898732, 0.0004728156233412056, 0.0005420824639936786, 0.0015631107887177462
2022-08-19, 0.10567682950194647, 0.0, 0.03876720294630728, 0.08324234054852578, 0.7197837911805962, 0.0010432924640898732, 0.0004728156233412056, 0.0005420824639936786, 0.0015631107887177462
2022-08-19, 0.10567682950194647, 0.0, 0.03876720294630728, 0.08324234054852578, 0.7197837911805962, 0.0010432924640898732, 0.0004728156233412056, 0.0005420824639936786, 0.0015631107887177462
2022-08-19, 0.10567682950194647, 0.0, 0.03876720294630728, 0.08324234054852578, 0.7197837911805962, 0.0010432924640898732, 0.0004728156233412056, 0.0005420824639936786, 0.0015631107887177462
2022-08-19, 0.10567682950194647, 0.0, 0.03876720294630728, 0.08324234054852578, 0.7197837911805962, 0.0010432924640898732, 0.0004728156233412056, 0.0005420824639936786, 0.0015631107887177462
2022-08-19, 0.10567682950194647, 0.0, 0.03876720294630728, 0.08324234054852578, 0.7197837911805962, 0.0010432924640898732, 0.0004728156233412056, 0.0005420824639936786, 0.0015631107887177462
2022-08-19, 0.10567682950194647, 0.0, 0.03876720294630728, 0.08324234054852578, 0.7197837911805962, 0.0010432924640898732, 0.0004728156233412056, 0.0005420824639936786, 0.0015631107887177462
2022-08-19, 0.1095885564328653, 0.3354297693920329, 0.023260321767784645, 0.021581347549617918, 0.4926276897813967, 0.0008346339712718995, 0.0005673787480094467, 0.000767950157324377, 0.0016393600954844655
2022-08-19, 0.10818975018031274, 0.1048218029350101, 0.031013762357045963, 0.08632539019847167, 0.6404159967158154, 0.0008346339712718995, 0.0004728156233412056, 0.00045173538666139885, 0.0011818642548841493
2022-08-19, 0.1324788771984627, 0.41928721174004224, 0.08528784648187657, 0.4994540432911552, 0.054736409975710526, 0.00020865849281797487, 0.00028368937400472335, 0.0004969089253275388, 7.624930676671936e-05
2022-08-19, 0.2918920560869928, 0.7547169811320752, 0.03876720294630728, 0.5087031922409918, 1.026307687044576, 0.0018779264353617727, 0.000756504997345929, 0.0014907267759826143, 0.0025162271233017375
2022-07-20, 0.10686162503039588, 0.2515723270440254, 0.054274084124830604, 0.027747446849508594, 0.5172590742704665, 0.001460609449725823, 0.00018912624933648225, 0.0009034707733227967, 0.001486861481951026
2022-07-20, 0.10686162503039588, 0.2515723270440254, 0.054274084124830604, 0.027747446849508594, 0.5172590742704665, 0.001460609449725823, 0.00018912624933648225, 0.0009034707733227967, 0.001486861481951026
2022-07-20, 0.10686162503039588, 0.2515723270440254, 0.054274084124830604, 0.027747446849508594, 0.5172590742704665, 0.001460609449725823, 0.00018912624933648225, 0.0009034707733227967, 0.001486861481951026
2022-07-20, 0.10686162503039588, 0.2515723270440254, 0.054274084124830604, 0.027747446849508594, 0.5172590742704665, 0.001460609449725823, 0.00018912624933648225, 0.0009034707733227967, 0.001486861481951026
2022-07-20, 0.10686162503039588, 0.2515723270440254, 0.054274084124830604, 0.027747446849508594, 0.5172590742704665, 0.001460609449725823, 0.00018912624933648225, 0.0009034707733227967, 0.001486861481951026
2022-07-20, 0.10686162503039588, 0.2515723270440254, 0.054274084124830604, 0.027747446849508594, 0.5172590742704665, 0.001460609449725823, 0.00018912624933648225, 0.0009034707733227967, 0.001486861481951026
2022-07-20, 0.10686162503039588, 0.2515723270440254, 0.054274084124830604, 0.027747446849508594, 0.5172590742704665, 0.001460609449725823, 0.00018912624933648225, 0.0009034707733227967, 0.001486861481951026
2022-07-20, 0.10686162503039588, 0.2515723270440254, 0.054274084124830604, 0.027747446849508594, 0.5172590742704665, 0.001460609449725823, 0.00018912624933648225, 0.0009034707733227967, 0.001486861481951026
2022-07-20, 0.10686162503039588, 0.2515723270440254, 0.054274084124830604, 0.027747446849508594, 0.5172590742704665, 0.001460609449725823, 0.00018912624933648225, 0.0009034707733227967, 0.001486861481951026
2022-07-20, 0.10686162503039588, 0.2515723270440254, 0.054274084124830604, 0.027747446849508594, 0.5172590742704665, 0.001460609449725823, 0.00018912624933648225, 0.0009034707733227967, 0.001486861481951026
2022-07-20, 0.10686162503039588, 0.2515723270440254, 0.054274084124830604, 0.027747446849508594, 0.5172590742704665, 0.001460609449725823, 0.00018912624933648225, 0.0009034707733227967, 0.001486861481951026
2022-07-20, 0.08423775486773862, 0.16771488469601692, 0.09304128707113789, 0.39771340484295686, 0.013684102493927389, 0.0006259754784539247, 0.00018912624933648225, 0.00036138830932911807, 0.0005718698007503944
2022-07-20, 0.08224957820302382, 0.08385744234800846, 0.16282225237449113, 0.3884642558931209, 0.021894563990284308, 0.00041731698563594974, 0.0, 4.517353866613989e-05, 0.0004956204939836759
2022-07-20, 0.11226899227787328, 0.2515723270440254, 0.1550688117852298, 0.465540497141756, 0.024631384489069787, 0.0006259754784539247, 0.00018912624933648225, 0.00018069415466455955, 0.0003431218804502372
2022-07-20, 0.0937190489291875, 0.14675052410901432, 0.13956193060670719, 0.4532082985419741, 0.00821046149635692, 0.00041731698563594974, 9.456312466824113e-05, 0.0006324295413259574, 0.0008768670278172718
2022-06-20, 0.1519477950478564, 0.545073375262054, 0.17832913355301377, 0.4223778020425201, 0.0684205124696384, 0.00041731698563594974, 0.0003782524986729635, 9.034707733227977e-05, 0.000495620493983675
2022-06-20, 0.1139490076196551, 0.1257861635220127, 0.15506881178522913, 0.05549489369901719, 0.571995484246177, 0.001460609449725823, 0.0, 0.00045173538666139885, 0.0013343628684175872
2022-06-20, 0.1139490076196551, 0.1257861635220127, 0.15506881178522913, 0.05549489369901719, 0.571995484246177, 0.001460609449725823, 0.0, 0.00045173538666139885, 0.0013343628684175872
2022-06-20, 0.1139490076196551, 0.1257861635220127, 0.15506881178522913, 0.05549489369901719, 0.571995484246177, 0.001460609449725823, 0.0, 0.00045173538666139885, 0.0013343628684175872
2022-06-20, 0.1139490076196551, 0.1257861635220127, 0.15506881178522913, 0.05549489369901719, 0.571995484246177, 0.001460609449725823, 0.0, 0.00045173538666139885, 0.0013343628684175872
2022-06-20, 0.1139490076196551, 0.1257861635220127, 0.15506881178522913, 0.05549489369901719, 0.571995484246177, 0.001460609449725823, 0.0, 0.00045173538666139885, 0.0013343628684175872
2022-06-20, 0.1139490076196551, 0.1257861635220127, 0.15506881178522913, 0.05549489369901719, 0.571995484246177, 0.001460609449725823, 0.0, 0.00045173538666139885, 0.0013343628684175872
2022-06-20, 0.1139490076196551, 0.1257861635220127, 0.15506881178522913, 0.05549489369901719, 0.571995484246177, 0.001460609449725823, 0.0, 0.00045173538666139885, 0.0013343628684175872
2022-06-20, 0.1139490076196551, 0.1257861635220127, 0.15506881178522913, 0.05549489369901719, 0.571995484246177, 0.001460609449725823, 0.0, 0.00045173538666139885, 0.0013343628684175872
2022-06-20, 0.1139490076196551, 0.1257861635220127, 0.15506881178522913, 0.05549489369901719, 0.571995484246177, 0.001460609449725823, 0.0, 0.00045173538666139885, 0.0013343628684175872
2022-06-20, 0.1139490076196551, 0.1257861635220127, 0.15506881178522913, 0.05549489369901719, 0.571995484246177, 0.001460609449725823, 0.0, 0.00045173538666139885, 0.0013343628684175872
2022-06-20, 0.122208036441817, 0.08385744234800846, 0.2403566582671057, 0.08324234054852578, 0.566521843248606, 0.001251950956907848, 0.0002836893740047223, 0.0005872560026598185, 0.0015631107887177453
2022-06-20, 0.1104543476565535, 0.33542976939203384, 0.10079472766039921, 0.06782709229879855, 0.3776812288324042, 0.0008346339712718995, 0.0002836893740047223, 0.00013552061599841965, 0.0006481191075171138
2022-06-20, 0.2976475106015513, 0.9224318658280921, 0.17832913355301377, 0.3946303551930121, 0.8812562006089428, 0.0016692679425437979, 9.456312466824007e-05, 0.0011293384666534961, 0.0016393600954844648
2022-06-20, 0.1987962507164814, 0.5241090146750523, 0.20158945532079842, 0.6196929796390261, 0.2435770243919124, 0.00020865849281797487, 0.0001891262493364812, 0.000813123695990517, 0.00019062326691679843
2022-05-21, 0.08414671169475231, 0.272536687631027, 0.12405504942818385, 0.05241184404907185, 0.22168246040162806, 0.0010432924640898732, 0.0001891262493364812, 0.00022586769333069942, 0.0010293656413507097
2022-05-21, 0.10522531418336113, 0.10482180293501056, 0.20934289591006042, 0.21581347549617863, 0.3092607163627653, 0.001251950956907848, 9.456312466824113e-05, 0.00022586769333069942, 0.000991240987967351
2022-05-21, 0.10522531418336113, 0.10482180293501056, 0.20934289591006042, 0.21581347549617863, 0.3092607163627653, 0.001251950956907848, 9.456312466824113e-05, 0.00022586769333069942, 0.000991240987967351
2022-05-21, 0.10522531418336113, 0.10482180293501056, 0.20934289591006042, 0.21581347549617863, 0.3092607163627653, 0.001251950956907848, 9.456312466824113e-05, 0.00022586769333069942, 0.000991240987967351
2022-05-21, 0.10522531418336113, 0.10482180293501056, 0.20934289591006042, 0.21581347549617863, 0.3092607163627653, 0.001251950956907848, 9.456312466824113e-05, 0.00022586769333069942, 0.000991240987967351
2022-05-21, 0.10522531418336113, 0.10482180293501056, 0.20934289591006042, 0.21581347549617863, 0.3092607163627653, 0.001251950956907848, 9.456312466824113e-05, 0.00022586769333069942, 0.000991240987967351
2022-05-21, 0.10522531418336113, 0.10482180293501056, 0.20934289591006042, 0.21581347549617863, 0.3092607163627653, 0.001251950956907848, 9.456312466824113e-05, 0.00022586769333069942, 0.000991240987967351
2022-05-21, 0.10522531418336113, 0.10482180293501056, 0.20934289591006042, 0.21581347549617863, 0.3092607163627653, 0.001251950956907848, 9.456312466824113e-05, 0.00022586769333069942, 0.000991240987967351
2022-05-21, 0.10522531418336113, 0.10482180293501056, 0.20934289591006042, 0.21581347549617863, 0.3092607163627653, 0.001251950956907848, 9.456312466824113e-05, 0.00022586769333069942, 0.000991240987967351
2022-05-21, 0.10522531418336113, 0.10482180293501056, 0.20934289591006042, 0.21581347549617863, 0.3092607163627653, 0.001251950956907848, 9.456312466824113e-05, 0.00022586769333069942, 0.000991240987967351
2022-05-21, 0.10522531418336113, 0.10482180293501056, 0.20934289591006042, 0.21581347549617863, 0.3092607163627653, 0.001251950956907848, 9.456312466824113e-05, 0.00022586769333069942, 0.000991240987967351
2022-05-21, 0.08052798526678363, 0.23060796645702325, 0.07753440589261457, 0.04932879439912651, 0.28462933187369555, 0.0010432924640898732, 0.0001891262493364812, 9.034707733227977e-05, 0.0008006177210505517
2022-05-21, 0.04676142844137149, 0.2515723270440254, 0.062027524714091925, 0.012332198599781354, 0.046525948479354096, 0.0010432924640898732, 0.0, 0.0003613883093291191, 0.0002287479203001581
2022-05-21, 0.09524143281141326, 0.4612159329140465, 0.13180849001744516, 0.0770762412486351, 0.0903150764599227, 0.00041731698563594974, 0.0002836893740047223, 9.034707733227977e-05, 0.0007243684142838331
2022-05-21, 0.07251413144197057, 0.23060796645702325, 0.19383601473153708, 0.027747446849508594, 0.1258937429441344, 0.0006259754784539247, 0.00047281562334120457, 9.034707733227977e-05, 0.0008387423744339122
2022-04-21, 0.1660304894030793, 0.35639412997903547, 0.2248497770885834, 0.39771340484295686, 0.34757620334576295, 0.0004173169856359486, 0.0006619418726776868, 0.00013552061599841965, 0.0004956204939836759
2022-04-21, 0.1584060444498697, 0.20964360587002112, 0.1473153711959685, 0.5302845397906092, 0.3776812288324037, 0.001251950956907848, 0.0, 0.0002710412319968393, 0.0008006177210505525
2022-04-21, 0.1584060444498697, 0.20964360587002112, 0.1473153711959685, 0.5302845397906092, 0.3776812288324037, 0.001251950956907848, 0.0, 0.0002710412319968393, 0.0008006177210505525
2022-04-21, 0.1584060444498697, 0.20964360587002112, 0.1473153711959685, 0.5302845397906092, 0.3776812288324037, 0.001251950956907848, 0.0, 0.0002710412319968393, 0.0008006177210505525
2022-04-21, 0.1584060444498697, 0.20964360587002112, 0.1473153711959685, 0.5302845397906092, 0.3776812288324037, 0.001251950956907848, 0.0, 0.0002710412319968393, 0.0008006177210505525
2022-04-21, 0.1584060444498697, 0.20964360587002112, 0.1473153711959685, 0.5302845397906092, 0.3776812288324037, 0.001251950956907848, 0.0, 0.0002710412319968393, 0.0008006177210505525
2022-04-21, 0.1584060444498697, 0.20964360587002112, 0.1473153711959685, 0.5302845397906092, 0.3776812288324037, 0.001251950956907848, 0.0, 0.0002710412319968393, 0.0008006177210505525
2022-04-21, 0.1584060444498697, 0.20964360587002112, 0.1473153711959685, 0.5302845397906092, 0.3776812288324037, 0.001251950956907848, 0.0, 0.0002710412319968393, 0.0008006177210505525
2022-04-21, 0.1584060444498697, 0.20964360587002112, 0.1473153711959685, 0.5302845397906092, 0.3776812288324037, 0.001251950956907848, 0.0, 0.0002710412319968393, 0.0008006177210505525
2022-04-21, 0.1584060444498697, 0.20964360587002112, 0.1473153711959685, 0.5302845397906092, 0.3776812288324037, 0.001251950956907848, 0.0, 0.0002710412319968393, 0.0008006177210505525
2022-04-21, 0.1584060444498697, 0.20964360587002112, 0.1473153711959685, 0.5302845397906092, 0.3776812288324037, 0.001251950956907848, 0.0, 0.0002710412319968393, 0.0008006177210505525
2022-04-21, 0.15726103915075054, 0.10482180293501056, 0.06978096530335359, 0.5611150362900637, 0.5199958947692519, 0.0010432924640898732, 0.00028368937400472335, 0.0003613883093291191, 0.0006862437609004735
2022-04-21, 0.40806213120331225, 0.8805031446540879, 0.17832913355301447, 1.1098978739803453, 1.091991379015429, 0.0018779264353617716, 0.0, 0.0006776030799920983, 0.0012199889082675091
2022-04-21, 0.09714140339572927, 0.4192872117400418, 0.09304128707113789, 0.0030830496499456126, 0.2599979473846257, 0.0004173169856359486, 0.00028368937400472335, 0.0006776030799920973, 0.0003431218804502372
2022-04-21, 0.047096737050090084, 0.020964360587002115, 0.19383601473153744, 0.06474404264885347, 0.09578871745749366, 0.0004173169856359486, 0.00028368937400472335, 0.0005872560026598175, 0.00015249861353343872
2022-03-22, 0.07926906789536659, 0.1048218029350101, 0.14731537119596816, 0.13257113494765257, 0.24905066538948334, 0.00020865849281797487, 9.456312466824113e-05, 9.034707733227977e-05, 0.0
2022-03-22, 0.17977268646164613, 0.3144654088050317, 0.0775344058926149, 0.5456997880403364, 0.4981013307789676, 0.0008346339712718995, 0.00018912624933648225, 0.0006324295413259574, 0.0007243684142838331
2022-03-22, 0.17977268646164613, 0.3144654088050317, 0.0775344058926149, 0.5456997880403364, 0.4981013307789676, 0.0008346339712718995, 0.00018912624933648225, 0.0006324295413259574, 0.0007243684142838331
2022-03-22, 0.17977268646164613, 0.3144654088050317, 0.0775344058926149, 0.5456997880403364, 0.4981013307789676, 0.0008346339712718995, 0.00018912624933648225, 0.0006324295413259574, 0.0007243684142838331
2022-03-22, 0.17977268646164613, 0.3144654088050317, 0.0775344058926149, 0.5456997880403364, 0.4981013307789676, 0.0008346339712718995, 0.00018912624933648225, 0.0006324295413259574, 0.0007243684142838331
2022-03-22, 0.17977268646164613, 0.3144654088050317, 0.0775344058926149, 0.5456997880403364, 0.4981013307789676, 0.0008346339712718995, 0.00018912624933648225, 0.0006324295413259574, 0.0007243684142838331
2022-03-22, 0.17977268646164613, 0.3144654088050317, 0.0775344058926149, 0.5456997880403364, 0.4981013307789676, 0.0008346339712718995, 0.00018912624933648225, 0.0006324295413259574, 0.0007243684142838331
2022-03-22, 0.17977268646164613, 0.3144654088050317, 0.0775344058926149, 0.5456997880403364, 0.4981013307789676, 0.0008346339712718995, 0.00018912624933648225, 0.0006324295413259574, 0.0007243684142838331
2022-03-22, 0.17977268646164613, 0.3144654088050317, 0.0775344058926149, 0.5456997880403364, 0.4981013307789676, 0.0008346339712718995, 0.00018912624933648225, 0.0006324295413259574, 0.0007243684142838331
2022-03-22, 0.17977268646164613, 0.3144654088050317, 0.0775344058926149, 0.5456997880403364, 0.4981013307789676, 0.0008346339712718995, 0.00018912624933648225, 0.0006324295413259574, 0.0007243684142838331
2022-03-22, 0.17977268646164613, 0.3144654088050317, 0.0775344058926149, 0.5456997880403364, 0.4981013307789676, 0.0008346339712718995, 0.00018912624933648225, 0.0006324295413259574, 0.0007243684142838331
2022-03-22, 0.05276938884397236, 0.020964360587002115, 0.0775344058926149, 0.11715588669792561, 0.2052615374089152, 0.00041731698563594974, 0.00028368937400472335, 0.0002710412319968393, 0.00026687257368351777
2022-03-22, 0.07112545992001566, 0.14675052410901432, 0.12405504942818385, 0.058577943348962803, 0.23810338339434142, 0.0006259754784539247, 0.00028368937400472335, 0.00022586769333069942, 0.00038124653383359686
2022-03-22, 0.06745214254437838, 0.14675052410901432, 0.10079472766039921, 0.13257113494765257, 0.15873558892956063, 0.0, 0.00018912624933648225, 0.0002710412319968393, 0.00030499722706687745
2022-03-22, 0.10853149093296, 0.2515723270440249, 0.12405504942818385, 0.14182028389748885, 0.35031302384454843, 0.0, 0.00018912624933648225, 0.00022586769333069942, 7.624930676671936e-05
2022-02-20, 0.04328479228362528, 0.1467505241090148, 0.0, 0.14182028389748885, 0.057473230474496005, 0.0, 0.0001891262493364812, 4.517353866613989e-05, 0.0
2022-02-20, 0.1520117443589343, 0.10482180293501056, 0.0775344058926149, 0.40696255379279345, 0.623995073723102, 0.0008346339712718984, 0.0002836893740047223, 0.0006324295413259574, 0.0010293656413507106
2022-02-20, 0.1520117443589343, 0.10482180293501056, 0.0775344058926149, 0.40696255379279345, 0.623995073723102, 0.0008346339712718984, 0.0002836893740047223, 0.0006324295413259574, 0.0010293656413507106
2022-02-20, 0.1520117443589343, 0.10482180293501056, 0.0775344058926149, 0.40696255379279345, 0.623995073723102, 0.0008346339712718984, 0.0002836893740047223, 0.0006324295413259574, 0.0010293656413507106
2022-02-20, 0.1520117443589343, 0.10482180293501056, 0.0775344058926149, 0.40696255379279345, 0.623995073723102, 0.0008346339712718984, 0.0002836893740047223, 0.0006324295413259574, 0.0010293656413507106
2022-02-20, 0.1520117443589343, 0.10482180293501056, 0.0775344058926149, 0.40696255379279345, 0.623995073723102, 0.0008346339712718984, 0.0002836893740047223, 0.0006324295413259574, 0.0010293656413507106
2022-02-20, 0.1520117443589343, 0.10482180293501056, 0.0775344058926149, 0.40696255379279345, 0.623995073723102, 0.0008346339712718984, 0.0002836893740047223, 0.0006324295413259574, 0.0010293656413507106
2022-02-20, 0.1520117443589343, 0.10482180293501056, 0.0775344058926149, 0.40696255379279345, 0.623995073723102, 0.0008346339712718984, 0.0002836893740047223, 0.0006324295413259574, 0.0010293656413507106
2022-02-20, 0.1520117443589343, 0.10482180293501056, 0.0775344058926149, 0.40696255379279345, 0.623995073723102, 0.0008346339712718984, 0.0002836893740047223, 0.0006324295413259574, 0.0010293656413507106
2022-02-20, 0.1520117443589343, 0.10482180293501056, 0.0775344058926149, 0.40696255379279345, 0.623995073723102, 0.0008346339712718984, 0.0002836893740047223, 0.0006324295413259574, 0.0010293656413507106
2022-02-20, 0.1520117443589343, 0.10482180293501056, 0.0775344058926149, 0.40696255379279345, 0.623995073723102, 0.0008346339712718984, 0.0002836893740047223, 0.0006324295413259574, 0.0010293656413507106
2022-02-20, 0.0523521690260613, 0.23060796645702325, 0.023260321767784645, 0.09557453914830769, 0.0684205124696384, 0.00020865849281797487, 0.0002836893740047223, 0.0002710412319968393, 0.00019062326691679843
2022-02-20, 0.1062642784605651, 0.4192872117400418, 0.06978096530335325, 0.20964737619628768, 0.15052512743320443, 0.00020865849281797487, 0.0001891262493364812, 0.0003613883093291191, 0.00011437396015007906
2022-02-20, 0.06293650922967013, 0.2935010482180296, 0.062027524714091925, 0.021581347549617644, 0.12589374294413488, 0.0, 0.0002836893740047223, 9.034707733227977e-05, 0.00011437396015007906
2022-02-20, 0.08459444062595568, 0.23060796645702325, 0.12405504942818385, 0.1048236880981437, 0.2162088194040576, 0.0002086584928179737, 0.0001891262493364812, 9.034707733227977e-05, 0.0005718698007503944
2022-01-21, 0.12801885706644506, 0.7756813417190778, 0.062027524714091925, 0.17573383004688786, 0.008210461496356434, 0.0008346339712718995, 0.0005673787480094467, 0.00018069415466455855, 0.0009149916812006316
2022-01-21, 0.20926816599418305, 0.37735849056603804, 0.046520643535568944, 0.450125248892029, 0.796414765146591, 0.0016692679425437979, 0.0007565049973459279, 0.0002710412319968383, 0.0010293656413507106
2022-01-21, 0.20926816599418305, 0.37735849056603804, 0.046520643535568944, 0.450125248892029, 0.796414765146591, 0.0016692679425437979, 0.0007565049973459279, 0.0002710412319968383, 0.0010293656413507106
2022-01-21, 0.20926816599418305, 0.37735849056603804, 0.046520643535568944, 0.450125248892029, 0.796414765146591, 0.0016692679425437979, 0.0007565049973459279, 0.0002710412319968383, 0.0010293656413507106
2022-01-21, 0.20926816599418305, 0.37735849056603804, 0.046520643535568944, 0.450125248892029, 0.796414765146591, 0.0016692679425437979, 0.0007565049973459279, 0.0002710412319968383, 0.0010293656413507106
2022-01-21, 0.20926816599418305, 0.37735849056603804, 0.046520643535568944, 0.450125248892029, 0.796414765146591, 0.0016692679425437979, 0.0007565049973459279, 0.0002710412319968383, 0.0010293656413507106
2022-01-21, 0.20926816599418305, 0.37735849056603804, 0.046520643535568944, 0.450125248892029, 0.796414765146591, 0.0016692679425437979, 0.0007565049973459279, 0.0002710412319968383, 0.0010293656413507106
2022-01-21, 0.20926816599418305, 0.37735849056603804, 0.046520643535568944, 0.450125248892029, 0.796414765146591, 0.0016692679425437979, 0.0007565049973459279, 0.0002710412319968383, 0.0010293656413507106
2022-01-21, 0.20926816599418305, 0.37735849056603804, 0.046520643535568944, 0.450125248892029, 0.796414765146591, 0.0016692679425437979, 0.0007565049973459279, 0.0002710412319968383, 0.0010293656413507106
2022-01-21, 0.20926816599418305, 0.37735849056603804, 0.046520643535568944, 0.450125248892029, 0.796414765146591, 0.0016692679425437979, 0.0007565049973459279, 0.0002710412319968383, 0.0010293656413507106
2022-01-21, 0.20926816599418305, 0.37735849056603804, 0.046520643535568944, 0.450125248892029, 0.796414765146591, 0.0016692679425437979, 0.0007565049973459279, 0.0002710412319968383, 0.0010293656413507106
2022-01-21, 0.11828018394396339, 0.7756813417190778, 0.007753440589261319, 0.11407283704797999, 0.046525948479354096, 0.0010432924640898743, 0.0006619418726776879, 4.517353866613989e-05, 0.0004574958406003162
2022-01-21, 0.10954429669641226, 0.5660377358490566, 0.10854816824966086, 0.09865758879825275, 0.10126235845506462, 0.0006259754784539247, 0.0005673787480094467, 4.517353866613989e-05, 0.0006099944541337549
2022-01-21, 0.12612516962888698, 0.6708595387840671, 0.10079472766039921, 0.06782709229879881, 0.16694605042591754, 0.0008346339712718995, 0.0005673787480094467, 0.00018069415466455855, 0.000991240987967351
2022-01-21, 0.1304615921277402, 0.628930817610063, 0.08528784648187622, 0.033913546149399544, 0.29283979337005245, 0.0008346339712718995, 0.0006619418726776879, 0.0002710412319968383, 0.0009531163345839912
2021-12-22, 0.11729382241114578, 0.6498951781970651, 0.007753440589261319, 0.18189992934677882, 0.09578871745749391, 0.0006259754784539247, 0.0003782524986729645, 0.0009034707733227967, 0.00110561494811743
2021-12-22, 0.1784969102989452, 0.35639412997903547, 0.13180849001744516, 0.336052411844049, 0.5993636892340325, 0.001251950956907848, 0.00028368937400472335, 0.001219685543985776, 0.0016012354421011058
2021-12-22, 0.1784969102989452, 0.35639412997903547, 0.13180849001744516, 0.336052411844049, 0.5993636892340325, 0.001251950956907848, 0.00028368937400472335, 0.001219685543985776, 0.0016012354421011058
2021-12-22, 0.1784969102989452, 0.35639412997903547, 0.13180849001744516, 0.336052411844049, 0.5993636892340325, 0.001251950956907848, 0.00028368937400472335, 0.001219685543985776, 0.0016012354421011058
2021-12-22, 0.1784969102989452, 0.35639412997903547, 0.13180849001744516, 0.336052411844049, 0.5993636892340325, 0.001251950956907848, 0.00028368937400472335, 0.001219685543985776, 0.0016012354421011058
2021-12-22, 0.1784969102989452, 0.35639412997903547, 0.13180849001744516, 0.336052411844049, 0.5993636892340325, 0.001251950956907848, 0.00028368937400472335, 0.001219685543985776, 0.0016012354421011058
2021-12-22, 0.1784969102989452, 0.35639412997903547, 0.13180849001744516, 0.336052411844049, 0.5993636892340325, 0.001251950956907848, 0.00028368937400472335, 0.001219685543985776, 0.0016012354421011058
2021-12-22, 0.1784969102989452, 0.35639412997903547, 0.13180849001744516, 0.336052411844049, 0.5993636892340325, 0.001251950956907848, 0.00028368937400472335, 0.001219685543985776, 0.0016012354421011058
2021-12-22, 0.1784969102989452, 0.35639412997903547, 0.13180849001744516, 0.336052411844049, 0.5993636892340325, 0.001251950956907848, 0.00028368937400472335, 0.001219685543985776, 0.0016012354421011058
2021-12-22, 0.1784969102989452, 0.35639412997903547, 0.13180849001744516, 0.336052411844049, 0.5993636892340325, 0.001251950956907848, 0.00028368937400472335, 0.001219685543985776, 0.0016012354421011058
2021-12-22, 0.1784969102989452, 0.35639412997903547, 0.13180849001744516, 0.336052411844049, 0.5993636892340325, 0.001251950956907848, 0.00028368937400472335, 0.001219685543985776, 0.0016012354421011058
2021-12-22, 0.12629592657363842, 0.6918238993710693, 0.0, 0.22506262444601463, 0.0903150764599227, 0.0006259754784539247, 0.0003782524986729645, 0.0009034707733227967, 0.0012581135616508688
2021-12-22, 0.10398314639540096, 0.5660377358490566, 0.03876720294630762, 0.1695677307469972, 0.05473640997571077, 0.0008346339712718995, 0.00028368937400472335, 0.0007227766186582372, 0.0009149916812006316
2021-12-22, 0.10670694808233368, 0.628930817610063, 0.06978096530335325, 0.1325711349476523, 0.019157743491498586, 0.0008346339712718995, 0.0003782524986729645, 0.0008582972346566568, 0.0011437396015007897
2021-12-22, 0.09904821621555264, 0.5241090146750523, 0.03876720294630728, 0.06166099299890814, 0.1642092299271323, 0.001251950956907848, 0.0003782524986729645, 0.0009034707733227967, 0.00110561494811743
2021-11-22, 0.0930014271109983, 0.4402515723270439, 0.14731537119596816, 0.15106943284732488, 0.002736820498785478, 0.00041731698563594974, 9.456312466824113e-05, 0.0006776030799920973, 0.0014487368285676671
2021-11-22, 0.1401043688551304, 0.10482180293501034, 0.10079472766039921, 0.2959727663947588, 0.6157846122267456, 0.0006259754784539247, 9.456312466824113e-05, 0.0009486443119889366, 0.0017918587090179035
2021-11-22, 0.1401043688551304, 0.10482180293501034, 0.10079472766039921, 0.2959727663947588, 0.6157846122267456, 0.0006259754784539247, 9.456312466824113e-05, 0.0009486443119889366, 0.0017918587090179035
2021-11-22, 0.1401043688551304, 0.10482180293501034, 0.10079472766039921, 0.2959727663947588, 0.6157846122267456, 0.0006259754784539247, 9.456312466824113e-05, 0.0009486443119889366, 0.0017918587090179035
2021-11-22, 0.1401043688551304, 0.10482180293501034, 0.10079472766039921, 0.2959727663947588, 0.6157846122267456, 0.0006259754784539247, 9.456312466824113e-05, 0.0009486443119889366, 0.0017918587090179035
2021-11-22, 0.1401043688551304, 0.10482180293501034, 0.10079472766039921, 0.2959727663947588, 0.6157846122267456, 0.0006259754784539247, 9.456312466824113e-05, 0.0009486443119889366, 0.0017918587090179035
2021-11-22, 0.1401043688551304, 0.10482180293501034, 0.10079472766039921, 0.2959727663947588, 0.6157846122267456, 0.0006259754784539247, 9.456312466824113e-05, 0.0009486443119889366, 0.0017918587090179035
2021-11-22, 0.1401043688551304, 0.10482180293501034, 0.10079472766039921, 0.2959727663947588, 0.6157846122267456, 0.0006259754784539247, 9.456312466824113e-05, 0.0009486443119889366, 0.0017918587090179035
2021-11-22, 0.1401043688551304, 0.10482180293501034, 0.10079472766039921, 0.2959727663947588, 0.6157846122267456, 0.0006259754784539247, 9.456312466824113e-05, 0.0009486443119889366, 0.0017918587090179035
2021-11-22, 0.1401043688551304, 0.10482180293501034, 0.10079472766039921, 0.2959727663947588, 0.6157846122267456, 0.0006259754784539247, 9.456312466824113e-05, 0.0009486443119889366, 0.0017918587090179035
2021-11-22, 0.1401043688551304, 0.10482180293501034, 0.10079472766039921, 0.2959727663947588, 0.6157846122267456, 0.0006259754784539247, 9.456312466824113e-05, 0.0009486443119889366, 0.0017918587090179035
2021-11-22, 0.08845346416562055, 0.4192872117400418, 0.13956193060670682, 0.14182028389748857, 0.005473640997570956, 0.00041731698563594974, 0.00028368937400472335, 0.00013552061599841965, 0.0006481191075171146
2021-11-22, 0.11343066877277531, 0.5660377358490566, 0.19383601473153708, 0.027747446849508594, 0.11768328144777797, 0.0006259754784539247, 0.00028368937400472335, 0.0003162147706629782, 0.0009149916812006316
2021-11-22, 0.13115461864996317, 0.628930817610063, 0.1550688117852298, 0.15106943284732488, 0.11220964045020702, 0.0, 0.00018912624933648225, 0.0005872560026598175, 0.0011818642548841493
2021-11-22, 0.2976018986692052, 0.27253668763102723, 0.28687730180267496, 0.8663369516346587, 0.9496767130785811, 0.0018779264353617727, 0.0009456312466824102, 0.0010389913893212163, 0.0015249861353343866
2021-10-23, 0.14622613004155216, 0.6708595387840669, 0.24035665826710603, 0.20964737619628768, 0.046525948479354096, 0.00020865849281797487, 0.0004728156233412056, 0.0006324295413259574, 0.00110561494811743
2021-10-23, 0.20309602829783072, 0.3144654088050315, 0.32564450474898227, 0.28055751814503155, 0.7006260476890974, 0.0008346339712718984, 0.0003782524986729645, 0.000813123695990517, 0.0014487368285676662
2021-10-23, 0.20309602829783072, 0.3144654088050315, 0.32564450474898227, 0.28055751814503155, 0.7006260476890974, 0.0008346339712718984, 0.0003782524986729645, 0.000813123695990517, 0.0014487368285676662
2021-10-23, 0.20309602829783072, 0.3144654088050315, 0.32564450474898227, 0.28055751814503155, 0.7006260476890974, 0.0008346339712718984, 0.0003782524986729645, 0.000813123695990517, 0.0014487368285676662
2021-10-23, 0.20309602829783072, 0.3144654088050315, 0.32564450474898227, 0.28055751814503155, 0.7006260476890974, 0.0008346339712718984, 0.0003782524986729645, 0.000813123695990517, 0.0014487368285676662
2021-10-23, 0.20309602829783072, 0.3144654088050315, 0.32564450474898227, 0.28055751814503155, 0.7006260476890974, 0.0008346339712718984, 0.0003782524986729645, 0.000813123695990517, 0.0014487368285676662
2021-10-23, 0.20309602829783072, 0.3144654088050315, 0.32564450474898227, 0.28055751814503155, 0.7006260476890974, 0.0008346339712718984, 0.0003782524986729645, 0.000813123695990517, 0.0014487368285676662
2021-10-23, 0.20309602829783072, 0.3144654088050315, 0.32564450474898227, 0.28055751814503155, 0.7006260476890974, 0.0008346339712718984, 0.0003782524986729645, 0.000813123695990517, 0.0014487368285676662
2021-10-23, 0.20309602829783072, 0.3144654088050315, 0.32564450474898227, 0.28055751814503155, 0.7006260476890974, 0.0008346339712718984, 0.0003782524986729645, 0.000813123695990517, 0.0014487368285676662
2021-10-23, 0.20309602829783072, 0.3144654088050315, 0.32564450474898227, 0.28055751814503155, 0.7006260476890974, 0.0008346339712718984, 0.0003782524986729645, 0.000813123695990517, 0.0014487368285676662
2021-10-23, 0.20309602829783072, 0.3144654088050315, 0.32564450474898227, 0.28055751814503155, 0.7006260476890974, 0.0008346339712718984, 0.0003782524986729645, 0.000813123695990517, 0.0014487368285676662
2021-10-23, 0.11897597449684763, 0.5241090146750526, 0.2636169800348907, 0.12023893634787094, 0.04105230748178314, 0.00041731698563594974, 0.0003782524986729645, 0.000813123695990517, 0.0011818642548841493
2021-10-23, 0.12576974567207388, 0.5660377358490568, 0.21709633649932172, 0.18806602864666977, 0.03284184598542671, 0.00020865849281797487, 0.00028368937400472335, 0.0006324295413259574, 0.000991240987967351
2021-10-23, 0.1328141044816288, 0.5241090146750526, 0.22484977708858306, 0.28364056779497715, 0.027368204987855263, 0.00020865849281797487, 0.00018912624933648225, 0.000813123695990517, 0.001334362868417588
2021-10-23, 0.15570493025493493, 0.6289308176100628, 0.24035665826710603, 0.2805575181450318, 0.09305189695870819, 0.00041731698563594974, 0.0004728156233412056, 0.0006324295413259574, 0.0012199889082675091
2021-09-23, 0.17247532902924054, 0.7756813417190775, 0.31013762357045926, 0.16648468109705183, 0.12589374294413488, 0.0, 0.00028368937400472335, 0.00040656184799525897, 0.0009149916812006316
2021-09-23, 0.14533641090362834, 0.25157232704402516, 0.2636169800348903, 0.23122872374590558, 0.4132598953166159, 0.0006259754784539235, 0.0004728156233412056, 0.0005420824639936786, 0.0013724875218009479
2021-09-23, 0.14533641090362834, 0.25157232704402516, 0.2636169800348903, 0.23122872374590558, 0.4132598953166159, 0.0006259754784539235, 0.0004728156233412056, 0.0005420824639936786, 0.0013724875218009479
2021-09-23, 0.14533641090362834, 0.25157232704402516, 0.2636169800348903, 0.23122872374590558, 0.4132598953166159, 0.0006259754784539235, 0.0004728156233412056, 0.0005420824639936786, 0.0013724875218009479
2021-09-23, 0.14533641090362834, 0.25157232704402516, 0.2636169800348903, 0.23122872374590558, 0.4132598953166159, 0.0006259754784539235, 0.0004728156233412056, 0.0005420824639936786, 0.0013724875218009479
2021-09-23, 0.14533641090362834, 0.25157232704402516, 0.2636169800348903, 0.23122872374590558, 0.4132598953166159, 0.0006259754784539235, 0.0004728156233412056, 0.0005420824639936786, 0.0013724875218009479
2021-09-23, 0.14533641090362834, 0.25157232704402516, 0.2636169800348903, 0.23122872374590558, 0.4132598953166159, 0.0006259754784539235, 0.0004728156233412056, 0.0005420824639936786, 0.0013724875218009479
2021-09-23, 0.14533641090362834, 0.25157232704402516, 0.2636169800348903, 0.23122872374590558, 0.4132598953166159, 0.0006259754784539235, 0.0004728156233412056, 0.0005420824639936786, 0.0013724875218009479
2021-09-23, 0.14533641090362834, 0.25157232704402516, 0.2636169800348903, 0.23122872374590558, 0.4132598953166159, 0.0006259754784539235, 0.0004728156233412056, 0.0005420824639936786, 0.0013724875218009479
2021-09-23, 0.14533641090362834, 0.25157232704402516, 0.2636169800348903, 0.23122872374590558, 0.4132598953166159, 0.0006259754784539235, 0.0004728156233412056, 0.0005420824639936786, 0.0013724875218009479
2021-09-23, 0.14533641090362834, 0.25157232704402516, 0.2636169800348903, 0.23122872374590558, 0.4132598953166159, 0.0006259754784539235, 0.0004728156233412056, 0.0005420824639936786, 0.0013724875218009479
2021-09-23, 0.2043844192351433, 0.44025157232704415, 0.2636169800348903, 0.3453015607938853, 0.5829427662413194, 0.0006259754784539235, 0.0005673787480094467, 0.0005872560026598185, 0.0011818642548841484
2021-09-23, 0.21053397999673884, 0.33542976939203356, 0.3333979453382436, 0.3637998586935579, 0.6486264582121724, 0.00041731698563594974, 0.0005673787480094467, 0.0008131236959905179, 0.0012199889082675091
2021-09-23, 0.24946971544328345, 0.16771488469601667, 0.20934289591006008, 0.7029353201875522, 0.9113612260955836, 0.0010432924640898732, 0.0005673787480094467, 0.0010389913893212163, 0.0017537340556345446
2021-09-23, 0.2268296663749626, 0.8805031446540881, 0.2868773018026746, 0.336052411844049, 0.30926071636276553, 0.00020865849281797487, 0.0004728156233412056, 0.0002710412319968393, 0.000991240987967351
2021-08-24, 0.19834510768333508, 0.6498951781970648, 0.4264392324093815, 0.20348127689639672, 0.30378707536519434, 0.00020865849281797487, 9.456312466824113e-05, 0.0009486443119889366, 0.0019062326691679818
2021-08-24, 0.19834510768333508, 0.6498951781970648, 0.4264392324093815, 0.20348127689639672, 0.30378707536519434, 0.00020865849281797487, 9.456312466824113e-05, 0.0009486443119889366, 0.0019062326691679818
2021-08-24, 0.19834510768333508, 0.6498951781970648, 0.4264392324093815, 0.20348127689639672, 0.30378707536519434, 0.00020865849281797487, 9.456312466824113e-05, 0.0009486443119889366, 0.0019062326691679818
2021-08-24, 0.19834510768333508, 0.6498951781970648, 0.4264392324093815, 0.20348127689639672, 0.30378707536519434, 0.00020865849281797487, 9.456312466824113e-05, 0.0009486443119889366, 0.0019062326691679818
2021-08-24, 0.19834510768333508, 0.6498951781970648, 0.4264392324093815, 0.20348127689639672, 0.30378707536519434, 0.00020865849281797487, 9.456312466824113e-05, 0.0009486443119889366, 0.0019062326691679818
2021-08-24, 0.19834510768333508, 0.6498951781970648, 0.4264392324093815, 0.20348127689639672, 0.30378707536519434, 0.00020865849281797487, 9.456312466824113e-05, 0.0009486443119889366, 0.0019062326691679818
2021-08-24, 0.19834510768333508, 0.6498951781970648, 0.4264392324093815, 0.20348127689639672, 0.30378707536519434, 0.00020865849281797487, 9.456312466824113e-05, 0.0009486443119889366, 0.0019062326691679818
2021-08-24, 0.19834510768333508, 0.6498951781970648, 0.4264392324093815, 0.20348127689639672, 0.30378707536519434, 0.00020865849281797487, 9.456312466824113e-05, 0.0009486443119889366, 0.0019062326691679818
2021-08-24, 0.19834510768333508, 0.6498951781970648, 0.4264392324093815, 0.20348127689639672, 0.30378707536519434, 0.00020865849281797487, 9.456312466824113e-05, 0.0009486443119889366, 0.0019062326691679818
2021-08-24, 0.19834510768333508, 0.6498951781970648, 0.4264392324093815, 0.20348127689639672, 0.30378707536519434, 0.00020865849281797487, 9.456312466824113e-05, 0.0009486443119889366, 0.0019062326691679818
2021-08-24, 0.19834510768333508, 0.6498951781970648, 0.4264392324093815, 0.20348127689639672, 0.30378707536519434, 0.00020865849281797487, 9.456312466824113e-05, 0.0009486443119889366, 0.0019062326691679818
2021-08-24, 0.41611403700200156, 1.320754716981132, 0.5427408412483037, 0.8663369516346585, 0.5966268687352468, 0.0006259754784539235, 0.0002836893740047223, 0.0003613883093291191, 0.0011818642548841484
2021-08-24, 0.18870728894675667, 0.6079664570230606, 0.4574529947664274, 0.23739482304579598, 0.20252471691012972, 0.0006259754784539247, 0.0006619418726776868, 0.0008582972346566568, 0.0021731052428515005
2021-08-24, 0.2418158922721705, 0.08385744234800846, 0.4341926729986431, 0.45320829854197464, 0.9578871745749377, 0.001251950956907848, 0.00047281562334120457, 0.0014455532373164744, 0.002211229896234859
2021-08-24, 0.21832303762040653, 0.7547169811320754, 0.48846675712347337, 0.45629134819191997, 0.043789127980568616, 0.00041731698563594974, 0.0002836893740047223, 0.0009034707733227967, 0.001715609402251184
2021-07-25, 0.15435645371584683, 0.4192872117400418, 0.2170963364993214, 0.1726507803969428, 0.4242071773117578, 0.0004173169856359486, 0.0006619418726776879, 0.00022586769333069842, 0.00030499722706687745
2021-07-25, 0.15279422705965073, 0.4192872117400418, 0.31013762357045926, 0.18189992934677882, 0.3092607163627653, 0.0004173169856359486, 0.0005673787480094467, 0.00013552061599841865, 0.0006481191075171138
2021-07-25, 0.15279422705965073, 0.4192872117400418, 0.31013762357045926, 0.18189992934677882, 0.3092607163627653, 0.0004173169856359486, 0.0005673787480094467, 0.00013552061599841865, 0.0006481191075171138
2021-07-25, 0.15279422705965073, 0.4192872117400418, 0.31013762357045926, 0.18189992934677882, 0.3092607163627653, 0.0004173169856359486, 0.0005673787480094467, 0.00013552061599841865, 0.0006481191075171138
2021-07-25, 0.15279422705965073, 0.4192872117400418, 0.31013762357045926, 0.18189992934677882, 0.3092607163627653, 0.0004173169856359486, 0.0005673787480094467, 0.00013552061599841865, 0.0006481191075171138
2021-07-25, 0.15279422705965073, 0.4192872117400418, 0.31013762357045926, 0.18189992934677882, 0.3092607163627653, 0.0004173169856359486, 0.0005673787480094467, 0.00013552061599841865, 0.0006481191075171138
2021-07-25, 0.15279422705965073, 0.4192872117400418, 0.31013762357045926, 0.18189992934677882, 0.3092607163627653, 0.0004173169856359486, 0.0005673787480094467, 0.00013552061599841865, 0.0006481191075171138
2021-07-25, 0.15279422705965073, 0.4192872117400418, 0.31013762357045926, 0.18189992934677882, 0.3092607163627653, 0.0004173169856359486, 0.0005673787480094467, 0.00013552061599841865, 0.0006481191075171138
2021-07-25, 0.15279422705965073, 0.4192872117400418, 0.31013762357045926, 0.18189992934677882, 0.3092607163627653, 0.0004173169856359486, 0.0005673787480094467, 0.00013552061599841865, 0.0006481191075171138
2021-07-25, 0.15279422705965073, 0.4192872117400418, 0.31013762357045926, 0.18189992934677882, 0.3092607163627653, 0.0004173169856359486, 0.0005673787480094467, 0.00013552061599841865, 0.0006481191075171138
2021-07-25, 0.15279422705965073, 0.4192872117400418, 0.31013762357045926, 0.18189992934677882, 0.3092607163627653, 0.0004173169856359486, 0.0005673787480094467, 0.00013552061599841865, 0.0006481191075171138
2021-07-25, 0.3353226258112394, 1.0482180293501047, 0.2170963364993214, 0.8478386537349861, 0.566521843248606, 0.001460609449725823, 0.0005673787480094467, 0.0004969089253275378, 0.00038124653383359686
2021-07-25, 0.19040635563432654, 0.1257861635220127, 0.23260321767784436, 0.37613205729333954, 0.7854674831514487, 0.00041731698563594974, 0.0011347574960188934, 0.00045173538666139885, 0.0012581135616508688
2021-07-25, 0.12212325754725047, 0.16771488469601692, 0.30238418298119796, 0.012332198599781354, 0.4926276897813962, 0.0, 0.0006619418726776879, 4.5173538666138884e-05, 0.0012199889082675098
2021-07-25, 0.17370278749238746, 0.1467505241090148, 0.2791238612134133, 0.21273042584623275, 0.7471519961684515, 0.0, 0.0008510681220141701, 0.0009938178506550775, 0.0020206066293180624
2021-06-25, 0.15494846672797818, 0.10482180293501056, 0.10079472766039921, 0.24047787269574133, 0.7909411241490201, 0.00020865849281797487, 0.0005673787480094467, 0.0006324295413259564, 0.0011437396015007905
2021-06-25, 0.14837654785332877, 0.48218029350104813, 0.10854816824966086, 0.19731517759650605, 0.39683897232390253, 0.00041731698563594974, 0.0006619418726776879, 0.00013552061599841865, 0.0009149916812006325
2021-06-25, 0.14837654785332877, 0.48218029350104813, 0.10854816824966086, 0.19731517759650605, 0.39683897232390253, 0.00041731698563594974, 0.0006619418726776879, 0.00013552061599841865, 0.0009149916812006325
2021-06-25, 0.14837654785332877, 0.48218029350104813, 0.10854816824966086, 0.19731517759650605, 0.39683897232390253, 0.00041731698563594974, 0.0006619418726776879, 0.00013552061599841865, 0.0009149916812006325
2021-06-25, 0.14837654785332877, 0.48218029350104813, 0.10854816824966086, 0.19731517759650605, 0.39683897232390253, 0.00041731698563594974, 0.0006619418726776879, 0.00013552061599841865, 0.0009149916812006325
2021-06-25, 0.14837654785332877, 0.48218029350104813, 0.10854816824966086, 0.19731517759650605, 0.39683897232390253, 0.00041731698563594974, 0.0006619418726776879, 0.00013552061599841865, 0.0009149916812006325
2021-06-25, 0.14837654785332877, 0.48218029350104813, 0.10854816824966086, 0.19731517759650605, 0.39683897232390253, 0.00041731698563594974, 0.0006619418726776879, 0.00013552061599841865, 0.0009149916812006325
2021-06-25, 0.14837654785332877, 0.48218029350104813, 0.10854816824966086, 0.19731517759650605, 0.39683897232390253, 0.00041731698563594974, 0.0006619418726776879, 0.00013552061599841865, 0.0009149916812006325
2021-06-25, 0.14837654785332877, 0.48218029350104813, 0.10854816824966086, 0.19731517759650605, 0.39683897232390253, 0.00041731698563594974, 0.0006619418726776879, 0.00013552061599841865, 0.0009149916812006325
2021-06-25, 0.14837654785332877, 0.48218029350104813, 0.10854816824966086, 0.19731517759650605, 0.39683897232390253, 0.00041731698563594974, 0.0006619418726776879, 0.00013552061599841865, 0.0009149916812006325
2021-06-25, 0.14837654785332877, 0.48218029350104813, 0.10854816824966086, 0.19731517759650605, 0.39683897232390253, 0.00041731698563594974, 0.0006619418726776879, 0.00013552061599841865, 0.0009149916812006325
2021-06-25, 0.12224966481594667, 0.4192872117400418, 0.08528784648187622, 0.09865758879825302, 0.37220758783483276, 0.0008346339712718995, 0.00018912624933648225, 0.0005420824639936766, 0.0009912409879673518
2021-06-25, 0.11186973883306439, 0.2515723270440249, 0.031013762357045963, 0.021581347549617918, 0.5884164072388903, 0.00041731698563594974, 0.0003782524986729645, 0.0005872560026598175, 0.0009912409879673518
2021-06-25, 0.0955511966617635, 0.1257861635220127, 0.015506881178522981, 0.09249148949836235, 0.5282063562656084, 0.0008346339712718995, 0.00018912624933648225, 0.0006324295413259564, 0.0007624930676671937
2021-06-25, 0.3495447720889141, 1.1111111111111112, 0.046520643535568944, 0.9495792921831845, 0.6869419451951695, 0.0010432924640898743, 0.0003782524986729645, 0.00013552061599842065, 0.0006481191075171138
2021-05-26, 0.2023746064580868, 0.628930817610063, 0.2481100988563677, 0.26205922024535927, 0.47620676678868334, 0.001251950956907847, 0.0010401943713506502, 0.000406561847995258, 0.0009912409879673518
2021-05-26, 0.11579966594730226, 0.5660377358490566, 0.10854816824966086, 0.012332198599781902, 0.23536656289555594, 0.0008346339712718972, 0.0010401943713506502, 0.0009034707733227957, 0.001334362868417588
2021-05-26, 0.11579966594730226, 0.5660377358490566, 0.10854816824966086, 0.012332198599781902, 0.23536656289555594, 0.0008346339712718972, 0.0010401943713506502, 0.0009034707733227957, 0.001334362868417588
2021-05-26, 0.11579966594730226, 0.5660377358490566, 0.10854816824966086, 0.012332198599781902, 0.23536656289555594, 0.0008346339712718972, 0.0010401943713506502, 0.0009034707733227957, 0.001334362868417588
2021-05-26, 0.11579966594730226, 0.5660377358490566, 0.10854816824966086, 0.012332198599781902, 0.23536656289555594, 0.0008346339712718972, 0.0010401943713506502, 0.0009034707733227957, 0.001334362868417588
2021-05-26, 0.11579966594730226, 0.5660377358490566, 0.10854816824966086, 0.012332198599781902, 0.23536656289555594, 0.0008346339712718972, 0.0010401943713506502, 0.0009034707733227957, 0.001334362868417588
2021-05-26, 0.11579966594730226, 0.5660377358490566, 0.10854816824966086, 0.012332198599781902, 0.23536656289555594, 0.0008346339712718972, 0.0010401943713506502, 0.0009034707733227957, 0.001334362868417588
2021-05-26, 0.11579966594730226, 0.5660377358490566, 0.10854816824966086, 0.012332198599781902, 0.23536656289555594, 0.0008346339712718972, 0.0010401943713506502, 0.0009034707733227957, 0.001334362868417588
2021-05-26, 0.11579966594730226, 0.5660377358490566, 0.10854816824966086, 0.012332198599781902, 0.23536656289555594, 0.0008346339712718972, 0.0010401943713506502, 0.0009034707733227957, 0.001334362868417588
2021-05-26, 0.11579966594730226, 0.5660377358490566, 0.10854816824966086, 0.012332198599781902, 0.23536656289555594, 0.0008346339712718972, 0.0010401943713506502, 0.0009034707733227957, 0.001334362868417588
2021-05-26, 0.11579966594730226, 0.5660377358490566, 0.10854816824966086, 0.012332198599781902, 0.23536656289555594, 0.0008346339712718972, 0.0010401943713506502, 0.0009034707733227957, 0.001334362868417588
2021-05-26, 0.136593914527229, 0.7337526205450731, 0.13956193060670682, 0.046245744749181174, 0.16968287092470302, 0.0010432924640898721, 0.0009456312466824091, 0.00045173538666139684, 0.001067490294734071
2021-05-26, 0.3753437049939896, 1.3207547169811318, 0.1705756929637528, 0.7738454621362967, 0.736204714173309, 0.00020865849281797487, 0.0005673787480094446, 0.00013552061599841865, 0.0004574958406003162
2021-05-26, 0.16117905198001056, 0.06289308176100634, 0.015506881178522981, 0.5148692915408825, 0.6896787656939549, 0.0018779264353617716, 0.0013238837453553736, 0.0014907267759826132, 0.0017918587090179044
2021-05-26, 0.22076248736456616, 0.8805031446540879, 0.10854816824966086, 0.4593743978418653, 0.3147343573603367, 0.0006259754784539223, 0.000756504997345927, 0.00045173538666139684, 0.00110561494811743
2021-04-26, 0.12305832454086274, 0.37735849056603804, 0.17057569296375244, 0.16648468109705156, 0.2654715883821972, 0.0014606094497258242, 0.0015130099946918558, 0.0004969089253275378, 0.00110561494811743
2021-04-26, 0.12305832454086274, 0.37735849056603804, 0.17057569296375244, 0.16648468109705156, 0.2654715883821972, 0.0014606094497258242, 0.0015130099946918558, 0.0004969089253275378, 0.00110561494811743
2021-04-26, 0.12305832454086274, 0.37735849056603804, 0.17057569296375244, 0.16648468109705156, 0.2654715883821972, 0.0014606094497258242, 0.0015130099946918558, 0.0004969089253275378, 0.00110561494811743
2021-04-26, 0.12305832454086274, 0.37735849056603804, 0.17057569296375244, 0.16648468109705156, 0.2654715883821972, 0.0014606094497258242, 0.0015130099946918558, 0.0004969089253275378, 0.00110561494811743
2021-04-26, 0.12305832454086274, 0.37735849056603804, 0.17057569296375244, 0.16648468109705156, 0.2654715883821972, 0.0014606094497258242, 0.0015130099946918558, 0.0004969089253275378, 0.00110561494811743
2021-04-26, 0.12305832454086274, 0.37735849056603804, 0.17057569296375244, 0.16648468109705156, 0.2654715883821972, 0.0014606094497258242, 0.0015130099946918558, 0.0004969089253275378, 0.00110561494811743
2021-04-26, 0.12305832454086274, 0.37735849056603804, 0.17057569296375244, 0.16648468109705156, 0.2654715883821972, 0.0014606094497258242, 0.0015130099946918558, 0.0004969089253275378, 0.00110561494811743
2021-04-26, 0.12305832454086274, 0.37735849056603804, 0.17057569296375244, 0.16648468109705156, 0.2654715883821972, 0.0014606094497258242, 0.0015130099946918558, 0.0004969089253275378, 0.00110561494811743
2021-04-26, 0.12305832454086274, 0.37735849056603804, 0.17057569296375244, 0.16648468109705156, 0.2654715883821972, 0.0014606094497258242, 0.0015130099946918558, 0.0004969089253275378, 0.00110561494811743
2021-04-26, 0.12305832454086274, 0.37735849056603804, 0.17057569296375244, 0.16648468109705156, 0.2654715883821972, 0.0014606094497258242, 0.0015130099946918558, 0.0004969089253275378, 0.00110561494811743
2021-04-26, 0.12305832454086274, 0.37735849056603804, 0.17057569296375244, 0.16648468109705156, 0.2654715883821972, 0.0014606094497258242, 0.0015130099946918558, 0.0004969089253275378, 0.00110561494811743
2021-04-26, 0.34263289952228204, 1.1111111111111112, 0.10854816824966053, 0.761513263536515, 0.7580992781635933, 0.0, 0.0008510681220141701, 0.000406561847995258, 0.0005337451473670355
2021-04-26, 0.14443802348334703, 0.33542976939203384, 0.2170963364993214, 0.15723553214721556, 0.44062810030447114, 0.0012519509569078493, 0.0012293206206871346, 0.0009938178506550756, 0.0016393600954844655
2021-04-26, 0.11963218859381931, 0.4402515723270439, 0.1395619306067065, 0.20348127689639672, 0.16968287092470302, 0.0010432924640898743, 0.0012293206206871346, 0.0005872560026598175, 0.0012199889082675098
2021-04-26, 0.29179113682338104, 0.39832285115303967, 0.06202752471409158, 0.8385895047851502, 1.0290445075433614, 0.0018779264353617716, 0.0013238837453553758, 0.0010841649279873552, 0.002058731282701421
2021-03-27, 0.14713483148287657, 0.90146750524109, 0.07753440589261525, 0.19114907829661482, 0.002736820498785478, 0.0014606094497258218, 0.0011347574960188934, 0.00045173538666139885, 0.0011437396015007888
2021-03-27, 0.11388170234228148, 0.628930817610063, 0.062027524714091925, 0.033913546149399273, 0.1806301529198454, 0.0016692679425437968, 0.0011347574960188934, 0.0009938178506550775, 0.0017537340556345437
2021-03-27, 0.11388170234228148, 0.628930817610063, 0.062027524714091925, 0.033913546149399273, 0.1806301529198454, 0.0016692679425437968, 0.0011347574960188934, 0.0009938178506550775, 0.0017537340556345437
2021-03-27, 0.11388170234228148, 0.628930817610063, 0.062027524714091925, 0.033913546149399273, 0.1806301529198454, 0.0016692679425437968, 0.0011347574960188934, 0.0009938178506550775, 0.0017537340556345437
2021-03-27, 0.11388170234228148, 0.628930817610063, 0.062027524714091925, 0.033913546149399273, 0.1806301529198454, 0.0016692679425437968, 0.0011347574960188934, 0.0009938178506550775, 0.0017537340556345437
2021-03-27, 0.11388170234228148, 0.628930817610063, 0.062027524714091925, 0.033913546149399273, 0.1806301529198454, 0.0016692679425437968, 0.0011347574960188934, 0.0009938178506550775, 0.0017537340556345437
2021-03-27, 0.11388170234228148, 0.628930817610063, 0.062027524714091925, 0.033913546149399273, 0.1806301529198454, 0.0016692679425437968, 0.0011347574960188934, 0.0009938178506550775, 0.0017537340556345437
2021-03-27, 0.11388170234228148, 0.628930817610063, 0.062027524714091925, 0.033913546149399273, 0.1806301529198454, 0.0016692679425437968, 0.0011347574960188934, 0.0009938178506550775, 0.0017537340556345437
2021-03-27, 0.11388170234228148, 0.628930817610063, 0.062027524714091925, 0.033913546149399273, 0.1806301529198454, 0.0016692679425437968, 0.0011347574960188934, 0.0009938178506550775, 0.0017537340556345437
2021-03-27, 0.11388170234228148, 0.628930817610063, 0.062027524714091925, 0.033913546149399273, 0.1806301529198454, 0.0016692679425437968, 0.0011347574960188934, 0.0009938178506550775, 0.0017537340556345437
2021-03-27, 0.11388170234228148, 0.628930817610063, 0.062027524714091925, 0.033913546149399273, 0.1806301529198454, 0.0016692679425437968, 0.0011347574960188934, 0.0009938178506550775, 0.0017537340556345437
2021-03-27, 0.14832681405668516, 0.7756813417190778, 0.13180849001744516, 0.08940843984841645, 0.1833669734186309, 0.0016692679425437968, 0.0010401943713506524, 0.001581073853314895, 0.002058731282701421
2021-03-27, 0.13646735898810866, 0.6918238993710693, 0.062027524714091925, 0.006166099299890677, 0.32568163935547867, 0.0018779264353617716, 0.0013238837453553758, 0.0010841649279873572, 0.0017537340556345437
2021-03-27, 0.12124742098053298, 0.23060796645702325, 0.007753440589261319, 0.21889652514612395, 0.5063117922753241, 0.0018779264353617716, 0.0011347574960188934, 0.0014907267759826153, 0.0019062326691679824
2021-03-27, 0.3498151185229, 1.3417190775681342, 0.13180849001744516, 0.6998522705376067, 0.6212582532243166, 0.0006259754784539223, 0.0010401943713506524, 0.0007679501573243791, 0.0014487368285676662
2021-02-25, 0.5714577177140471, 1.9496855345911952, 0.7753440589261483, 0.653606525788426, 1.1823064554753517, 0.002503901913815696, 0.0008510681220141701, 0.0037042301706234665, 0.0036599667248025263
2021-02-25, 0.5714577177140471, 1.9496855345911952, 0.7753440589261483, 0.653606525788426, 1.1823064554753517, 0.002503901913815696, 0.0008510681220141701, 0.0037042301706234665, 0.0036599667248025263
2021-02-25, 0.5714577177140471, 1.9496855345911952, 0.7753440589261483, 0.653606525788426, 1.1823064554753517, 0.002503901913815696, 0.0008510681220141701, 0.0037042301706234665, 0.0036599667248025263
2021-02-25, 0.5714577177140471, 1.9496855345911952, 0.7753440589261483, 0.653606525788426, 1.1823064554753517, 0.002503901913815696, 0.0008510681220141701, 0.0037042301706234665, 0.0036599667248025263
2021-02-25, 0.5714577177140471, 1.9496855345911952, 0.7753440589261483, 0.653606525788426, 1.1823064554753517, 0.002503901913815696, 0.0008510681220141701, 0.0037042301706234665, 0.0036599667248025263
2021-02-25, 0.5714577177140471, 1.9496855345911952, 0.7753440589261483, 0.653606525788426, 1.1823064554753517, 0.002503901913815696, 0.0008510681220141701, 0.0037042301706234665, 0.0036599667248025263
2021-02-25, 0.5714577177140471, 1.9496855345911952, 0.7753440589261483, 0.653606525788426, 1.1823064554753517, 0.002503901913815696, 0.0008510681220141701, 0.0037042301706234665, 0.0036599667248025263
2021-02-25, 0.5714577177140471, 1.9496855345911952, 0.7753440589261483, 0.653606525788426, 1.1823064554753517, 0.002503901913815696, 0.0008510681220141701, 0.0037042301706234665, 0.0036599667248025263
2021-02-25, 0.5714577177140471, 1.9496855345911952, 0.7753440589261483, 0.653606525788426, 1.1823064554753517, 0.002503901913815696, 0.0008510681220141701, 0.0037042301706234665, 0.0036599667248025263
2021-02-25, 0.5714577177140471, 1.9496855345911952, 0.7753440589261483, 0.653606525788426, 1.1823064554753517, 0.002503901913815696, 0.0008510681220141701, 0.0037042301706234665, 0.0036599667248025263
2021-02-25, 0.5714577177140471, 1.9496855345911952, 0.7753440589261483, 0.653606525788426, 1.1823064554753517, 0.002503901913815696, 0.0008510681220141701, 0.0037042301706234665, 0.0036599667248025263
2021-02-25, 0.9804000303491593, 3.3542976939203353, 1.1552626477999612, 1.3318774487764147, 1.9951421436146555, 0.0016692679425437968, 0.0010401943713506524, 0.0018521150853117343, 0.002058731282701421
2021-02-25, 0.6436325525003241, 2.2222222222222223, 0.9149059895328555, 0.7615132635365145, 1.239779685949847, 0.0020865849281797464, 0.0009456312466824112, 0.0037945772479557466, 0.003812465338335965
2021-02-25, 0.473255688211355, 1.635220125786163, 0.7830974995154104, 0.5765302845397909, 0.7799938421538772, 0.0022952434209977213, 0.000756504997345929, 0.004110792018618727, 0.004041213258636123
2021-02-25, 0.2620007896036723, 1.1320754716981132, 0.36441170769529024, 0.11098978739803438, 0.47620676678868284, 0.0029212188994516435, 0.0003782524986729645, 0.004562527405280123, 0.0044605844458530785
2021-01-26, 0.3356865078613109, 1.2159329140461212, 0.5272339600697806, 0.21889652514612395, 0.7143101501830248, 0.0022952434209977213, 0.0009456312466824091, 0.0024845446266376927, 0.0033930941511190076
2021-01-26, 0.6829916183236908, 1.9077568134171905, 0.9691800736576854, 0.9989080865823105, 1.5791454277992543, 0.0018779264353617716, 0.0011347574960188915, 0.0025748917039699723, 0.003354969497735649
2021-01-26, 0.6829916183236908, 1.9077568134171905, 0.9691800736576854, 0.9989080865823105, 1.5791454277992543, 0.0018779264353617716, 0.0011347574960188915, 0.0025748917039699723, 0.003354969497735649
2021-01-26, 0.6829916183236908, 1.9077568134171905, 0.9691800736576854, 0.9989080865823105, 1.5791454277992543, 0.0018779264353617716, 0.0011347574960188915, 0.0025748917039699723, 0.003354969497735649
2021-01-26, 0.6829916183236908, 1.9077568134171905, 0.9691800736576854, 0.9989080865823105, 1.5791454277992543, 0.0018779264353617716, 0.0011347574960188915, 0.0025748917039699723, 0.003354969497735649
2021-01-26, 0.6829916183236908, 1.9077568134171905, 0.9691800736576854, 0.9989080865823105, 1.5791454277992543, 0.0018779264353617716, 0.0011347574960188915, 0.0025748917039699723, 0.003354969497735649
2021-01-26, 0.6829916183236908, 1.9077568134171905, 0.9691800736576854, 0.9989080865823105, 1.5791454277992543, 0.0018779264353617716, 0.0011347574960188915, 0.0025748917039699723, 0.003354969497735649
2021-01-26, 0.6829916183236908, 1.9077568134171905, 0.9691800736576854, 0.9989080865823105, 1.5791454277992543, 0.0018779264353617716, 0.0011347574960188915, 0.0025748917039699723, 0.003354969497735649
2021-01-26, 0.6829916183236908, 1.9077568134171905, 0.9691800736576854, 0.9989080865823105, 1.5791454277992543, 0.0018779264353617716, 0.0011347574960188915, 0.0025748917039699723, 0.003354969497735649
2021-01-26, 0.6829916183236908, 1.9077568134171905, 0.9691800736576854, 0.9989080865823105, 1.5791454277992543, 0.0018779264353617716, 0.0011347574960188915, 0.0025748917039699723, 0.003354969497735649
2021-01-26, 0.6829916183236908, 1.9077568134171905, 0.9691800736576854, 0.9989080865823105, 1.5791454277992543, 0.0018779264353617716, 0.0011347574960188915, 0.0025748917039699723, 0.003354969497735649
2021-01-26, 0.2861937943917247, 1.069182389937107, 0.7443302965691024, 0.03699659579934516, 0.42968081830932925, 0.0020865849281797464, 0.000851068122014168, 0.002800759397300671, 0.003621842071419166
2021-01-26, 0.2963742212951236, 1.1111111111111112, 0.7520837371583637, 0.1325711349476523, 0.3639971263384758, 0.0022952434209977213, 0.000756504997345927, 0.0037945772479557483, 0.004384335139086359
2021-01-26, 0.26076021868696225, 1.0062893081761006, 0.6280286877301798, 0.17265078039694223, 0.26820840888098263, 0.0022952434209977213, 0.000851068122014168, 0.0032976683226282086, 0.0044605844458530785
2021-01-26, 0.2782802797349241, 0.90146750524109, 0.40317891064159683, 0.12023893634787094, 0.7909411241490201, 0.002503901913815696, 0.000851068122014168, 0.0029814535519652307, 0.004079337912019482
2020-12-27, 0.23242499652357476, 1.1530398322851148, 0.37991858887381286, 0.16031858179716088, 0.15599876843077565, 0.0018779264353617738, 0.0013238837453553736, 0.0030718006292975103, 0.003850589991719324
2020-12-27, 0.5126247770442184, 1.80293501048218, 0.7288234153905798, 0.5765302845397909, 0.9852553795627934, 0.0010432924640898743, 0.0013238837453553736, 0.0023038504719731334, 0.0027830996969852545
2020-12-27, 0.5126247770442184, 1.80293501048218, 0.7288234153905798, 0.5765302845397909, 0.9852553795627934, 0.0010432924640898743, 0.0013238837453553736, 0.0023038504719731334, 0.0027830996969852545
2020-12-27, 0.5126247770442184, 1.80293501048218, 0.7288234153905798, 0.5765302845397909, 0.9852553795627934, 0.0010432924640898743, 0.0013238837453553736, 0.0023038504719731334, 0.0027830996969852545
2020-12-27, 0.5126247770442184, 1.80293501048218, 0.7288234153905798, 0.5765302845397909, 0.9852553795627934, 0.0010432924640898743, 0.0013238837453553736, 0.0023038504719731334, 0.0027830996969852545
2020-12-27, 0.5126247770442184, 1.80293501048218, 0.7288234153905798, 0.5765302845397909, 0.9852553795627934, 0.0010432924640898743, 0.0013238837453553736, 0.0023038504719731334, 0.0027830996969852545
2020-12-27, 0.5126247770442184, 1.80293501048218, 0.7288234153905798, 0.5765302845397909, 0.9852553795627934, 0.0010432924640898743, 0.0013238837453553736, 0.0023038504719731334, 0.0027830996969852545
2020-12-27, 0.5126247770442184, 1.80293501048218, 0.7288234153905798, 0.5765302845397909, 0.9852553795627934, 0.0010432924640898743, 0.0013238837453553736, 0.0023038504719731334, 0.0027830996969852545
2020-12-27, 0.5126247770442184, 1.80293501048218, 0.7288234153905798, 0.5765302845397909, 0.9852553795627934, 0.0010432924640898743, 0.0013238837453553736, 0.0023038504719731334, 0.0027830996969852545
2020-12-27, 0.5126247770442184, 1.80293501048218, 0.7288234153905798, 0.5765302845397909, 0.9852553795627934, 0.0010432924640898743, 0.0013238837453553736, 0.0023038504719731334, 0.0027830996969852545
2020-12-27, 0.5126247770442184, 1.80293501048218, 0.7288234153905798, 0.5765302845397909, 0.9852553795627934, 0.0010432924640898743, 0.0013238837453553736, 0.0023038504719731334, 0.0027830996969852545
2020-12-27, 0.24692297656910886, 1.1320754716981132, 0.42643923240938214, 0.16031858179716088, 0.24631384489069785, 0.002295243420997724, 0.0010401943713506502, 0.0029362800132990917, 0.003964963951869402
2020-12-27, 0.23802836294062513, 0.9643605870020963, 0.4109323512308588, 0.14182028389748885, 0.3776812288324037, 0.0018779264353617738, 0.0012293206206871324, 0.0026652387813022524, 0.0036599667248025263
2020-12-27, 0.1886016090197459, 0.9853249475890984, 0.3101376235704596, 0.07091014194874443, 0.13136738394170586, 0.0020865849281797486, 0.0010401943713506502, 0.003523536015958909, 0.004422459792469718
2020-12-27, 0.37722798068513136, 1.5932914046121598, 0.5970149253731346, 0.2805575181450318, 0.5364168177619653, 0.0020865849281797486, 0.001607573119360097, 0.0028459329359668117, 0.004003088605252763
2020-11-27, 0.156954874248718, 0.5031446540880503, 0.4419461135879048, 0.2805575181450307, 0.01915774349149883, 0.002921218899451646, 0.0012293206206871346, 0.002755585858634532, 0.003926839298486043
2020-11-27, 0.4122193247411677, 1.069182389937107, 0.6357821283194419, 0.5826963838396816, 1.0016763025555062, 0.0018779264353617738, 0.0010401943713506524, 0.0022586769333069923, 0.0032405955375855704
2020-11-27, 0.4122193247411677, 1.069182389937107, 0.6357821283194419, 0.5826963838396816, 1.0016763025555062, 0.0018779264353617738, 0.0010401943713506524, 0.0022586769333069923, 0.0032405955375855704
2020-11-27, 0.4122193247411677, 1.069182389937107, 0.6357821283194419, 0.5826963838396816, 1.0016763025555062, 0.0018779264353617738, 0.0010401943713506524, 0.0022586769333069923, 0.0032405955375855704
2020-11-27, 0.4122193247411677, 1.069182389937107, 0.6357821283194419, 0.5826963838396816, 1.0016763025555062, 0.0018779264353617738, 0.0010401943713506524, 0.0022586769333069923, 0.0032405955375855704
2020-11-27, 0.4122193247411677, 1.069182389937107, 0.6357821283194419, 0.5826963838396816, 1.0016763025555062, 0.0018779264353617738, 0.0010401943713506524, 0.0022586769333069923, 0.0032405955375855704
2020-11-27, 0.4122193247411677, 1.069182389937107, 0.6357821283194419, 0.5826963838396816, 1.0016763025555062, 0.0018779264353617738, 0.0010401943713506524, 0.0022586769333069923, 0.0032405955375855704
2020-11-27, 0.4122193247411677, 1.069182389937107, 0.6357821283194419, 0.5826963838396816, 1.0016763025555062, 0.0018779264353617738, 0.0010401943713506524, 0.0022586769333069923, 0.0032405955375855704
2020-11-27, 0.4122193247411677, 1.069182389937107, 0.6357821283194419, 0.5826963838396816, 1.0016763025555062, 0.0018779264353617738, 0.0010401943713506524, 0.0022586769333069923, 0.0032405955375855704
2020-11-27, 0.4122193247411677, 1.069182389937107, 0.6357821283194419, 0.5826963838396816, 1.0016763025555062, 0.0018779264353617738, 0.0010401943713506524, 0.0022586769333069923, 0.0032405955375855704
2020-11-27, 0.4122193247411677, 1.069182389937107, 0.6357821283194419, 0.5826963838396816, 1.0016763025555062, 0.0018779264353617738, 0.0010401943713506524, 0.0022586769333069923, 0.0032405955375855704
2020-11-27, 0.14291739919042562, 0.33542976939203384, 0.4496995541771661, 0.32063716359432176, 0.02736820498785575, 0.0020865849281797486, 0.0009456312466824112, 0.003207321245295929, 0.003964963951869404
2020-11-27, 0.19046130010244244, 0.5241090146750523, 0.3721651482845509, 0.30213886569464976, 0.3147343573603363, 0.002295243420997724, 0.0011347574960188934, 0.0030718006292975103, 0.004041213258636123
2020-11-27, 0.14018300733361871, 0.33542976939203384, 0.3954254700523355, 0.26822531954524936, 0.11220964045020702, 0.002712560406633671, 0.0012293206206871346, 0.002800759397300671, 0.003431218804502368
2020-11-27, 0.212525015846415, 0.7547169811320756, 0.4496995541771661, 0.2805575181450318, 0.2052615374089152, 0.0020865849281797486, 0.0009456312466824112, 0.0028911064746329506, 0.004041213258636123
2020-10-28, 0.274602429981834, 1.2159329140461212, 0.4264392324093815, 0.03699659579934406, 0.5063117922753245, 0.003129877392269621, 0.0016075731193600992, 0.0026652387813022524, 0.0037362160315692456
2020-10-28, 0.4229197210309639, 1.991614255765199, 0.5349874006590427, 0.38846425589312034, 0.45978584379597, 0.0020865849281797486, 0.0012293206206871346, 0.001987635701310153, 0.00320247088420221
2020-10-28, 0.4229197210309639, 1.991614255765199, 0.5349874006590427, 0.38846425589312034, 0.45978584379597, 0.0020865849281797486, 0.0012293206206871346, 0.001987635701310153, 0.00320247088420221
2020-10-28, 0.4229197210309639, 1.991614255765199, 0.5349874006590427, 0.38846425589312034, 0.45978584379597, 0.0020865849281797486, 0.0012293206206871346, 0.001987635701310153, 0.00320247088420221
2020-10-28, 0.4229197210309639, 1.991614255765199, 0.5349874006590427, 0.38846425589312034, 0.45978584379597, 0.0020865849281797486, 0.0012293206206871346, 0.001987635701310153, 0.00320247088420221
2020-10-28, 0.4229197210309639, 1.991614255765199, 0.5349874006590427, 0.38846425589312034, 0.45978584379597, 0.0020865849281797486, 0.0012293206206871346, 0.001987635701310153, 0.00320247088420221
2020-10-28, 0.4229197210309639, 1.991614255765199, 0.5349874006590427, 0.38846425589312034, 0.45978584379597, 0.0020865849281797486, 0.0012293206206871346, 0.001987635701310153, 0.00320247088420221
2020-10-28, 0.4229197210309639, 1.991614255765199, 0.5349874006590427, 0.38846425589312034, 0.45978584379597, 0.0020865849281797486, 0.0012293206206871346, 0.001987635701310153, 0.00320247088420221
2020-10-28, 0.4229197210309639, 1.991614255765199, 0.5349874006590427, 0.38846425589312034, 0.45978584379597, 0.0020865849281797486, 0.0012293206206871346, 0.001987635701310153, 0.00320247088420221
2020-10-28, 0.4229197210309639, 1.991614255765199, 0.5349874006590427, 0.38846425589312034, 0.45978584379597, 0.0020865849281797486, 0.0012293206206871346, 0.001987635701310153, 0.00320247088420221
2020-10-28, 0.4229197210309639, 1.991614255765199, 0.5349874006590427, 0.38846425589312034, 0.45978584379597, 0.0020865849281797486, 0.0012293206206871346, 0.001987635701310153, 0.00320247088420221
2020-10-28, 0.2665182492530546, 1.2997903563941295, 0.4496995541771661, 0.024664397199563804, 0.34757620334576295, 0.002712560406633671, 0.000756504997345929, 0.0029814535519652307, 0.003964963951869404
2020-10-28, 0.2979952905922447, 1.4046121593291403, 0.3644117076952895, 0.11715588669792505, 0.48715404878382573, 0.002712560406633671, 0.0013238837453553758, 0.0026652387813022524, 0.003926839298486043
2020-10-28, 0.24940696700042858, 1.2788259958071275, 0.4496995541771661, 0.06782709229879855, 0.18884061441620234, 0.002712560406633671, 0.0008510681220141701, 0.002800759397300671, 0.003698091378185887
2020-10-28, 0.1629600015321207, 0.8176100628930815, 0.20158945532079842, 0.18189992934677882, 0.09305189695870819, 0.002712560406633671, 0.0013238837453553758, 0.0022135033946408533, 0.0032787201909689296
2020-09-28, 0.12663521205842018, 0.5660377358490566, 0.255863539445629, 0.027747446849508594, 0.15326194793199063, 0.002712560406633671, 0.0013238837453553758, 0.0026652387813022524, 0.0034693434578857286
2020-09-28, 0.5107678272774874, 1.8658280922431862, 0.821864702461717, 0.4439591495921386, 0.9469398925797957, 0.001669267942543799, 0.0012293206206871346, 0.0017165944693133157, 0.002935598310518693
2020-09-28, 0.5107678272774874, 1.8658280922431862, 0.821864702461717, 0.4439591495921386, 0.9469398925797957, 0.001669267942543799, 0.0012293206206871346, 0.0017165944693133157, 0.002935598310518693
2020-09-28, 0.5107678272774874, 1.8658280922431862, 0.821864702461717, 0.4439591495921386, 0.9469398925797957, 0.001669267942543799, 0.0012293206206871346, 0.0017165944693133157, 0.002935598310518693
2020-09-28, 0.5107678272774874, 1.8658280922431862, 0.821864702461717, 0.4439591495921386, 0.9469398925797957, 0.001669267942543799, 0.0012293206206871346, 0.0017165944693133157, 0.002935598310518693
2020-09-28, 0.5107678272774874, 1.8658280922431862, 0.821864702461717, 0.4439591495921386, 0.9469398925797957, 0.001669267942543799, 0.0012293206206871346, 0.0017165944693133157, 0.002935598310518693
2020-09-28, 0.5107678272774874, 1.8658280922431862, 0.821864702461717, 0.4439591495921386, 0.9469398925797957, 0.001669267942543799, 0.0012293206206871346, 0.0017165944693133157, 0.002935598310518693
2020-09-28, 0.5107678272774874, 1.8658280922431862, 0.821864702461717, 0.4439591495921386, 0.9469398925797957, 0.001669267942543799, 0.0012293206206871346, 0.0017165944693133157, 0.002935598310518693
2020-09-28, 0.5107678272774874, 1.8658280922431862, 0.821864702461717, 0.4439591495921386, 0.9469398925797957, 0.001669267942543799, 0.0012293206206871346, 0.0017165944693133157, 0.002935598310518693
2020-09-28, 0.5107678272774874, 1.8658280922431862, 0.821864702461717, 0.4439591495921386, 0.9469398925797957, 0.001669267942543799, 0.0012293206206871346, 0.0017165944693133157, 0.002935598310518693
2020-09-28, 0.5107678272774874, 1.8658280922431862, 0.821864702461717, 0.4439591495921386, 0.9469398925797957, 0.001669267942543799, 0.0012293206206871346, 0.0017165944693133157, 0.002935598310518693
2020-09-28, 0.20215711537028203, 0.6708595387840667, 0.48846675712347337, 0.376132057293339, 0.07115733296842339, 0.002712560406633671, 0.0011347574960188934, 0.0029814535519652307, 0.003812465338335965
2020-09-28, 0.2101843612226449, 0.6498951781970645, 0.4574529947664274, 0.14182028389748777, 0.4214703568129733, 0.002712560406633671, 0.0012293206206871346, 0.0028911064746329506, 0.004003088605252763
2020-09-28, 0.233634543049311, 0.628930817610063, 0.4264392324093815, 0.3668829083435024, 0.4378912798056852, 0.0022952434209977213, 0.0010401943713506524, 0.002394197549305413, 0.00320247088420221
2020-09-28, 0.1724093289827565, 0.7756813417190773, 0.3411513859275056, 0.0770762412486351, 0.1751565119222735, 0.002712560406633671, 0.0013238837453553758, 0.0026652387813022524, 0.0035074681112690874
2020-08-29, 0.16924210297061335, 0.9433962264150941, 0.08528784648187657, 0.080159290898581, 0.23536656289555594, 0.0022952434209977213, 0.001513009994691858, 0.0022586769333069923, 0.0036599667248025263
2020-08-29, 0.4844655974612853, 1.6981132075471699, 0.4109323512308588, 0.7245166677371694, 1.034518148540933, 0.001251950956907847, 0.0017021362440283402, 0.0017165944693133157, 0.002973722963902052
2020-08-29, 0.4844655974612853, 1.6981132075471699, 0.4109323512308588, 0.7245166677371694, 1.034518148540933, 0.001251950956907847, 0.0017021362440283402, 0.0017165944693133157, 0.002973722963902052
2020-08-29, 0.4844655974612853, 1.6981132075471699, 0.4109323512308588, 0.7245166677371694, 1.034518148540933, 0.001251950956907847, 0.0017021362440283402, 0.0017165944693133157, 0.002973722963902052
2020-08-29, 0.4844655974612853, 1.6981132075471699, 0.4109323512308588, 0.7245166677371694, 1.034518148540933, 0.001251950956907847, 0.0017021362440283402, 0.0017165944693133157, 0.002973722963902052
2020-08-29, 0.4844655974612853, 1.6981132075471699, 0.4109323512308588, 0.7245166677371694, 1.034518148540933, 0.001251950956907847, 0.0017021362440283402, 0.0017165944693133157, 0.002973722963902052
2020-08-29, 0.4844655974612853, 1.6981132075471699, 0.4109323512308588, 0.7245166677371694, 1.034518148540933, 0.001251950956907847, 0.0017021362440283402, 0.0017165944693133157, 0.002973722963902052
2020-08-29, 0.4844655974612853, 1.6981132075471699, 0.4109323512308588, 0.7245166677371694, 1.034518148540933, 0.001251950956907847, 0.0017021362440283402, 0.0017165944693133157, 0.002973722963902052
2020-08-29, 0.4844655974612853, 1.6981132075471699, 0.4109323512308588, 0.7245166677371694, 1.034518148540933, 0.001251950956907847, 0.0017021362440283402, 0.0017165944693133157, 0.002973722963902052
2020-08-29, 0.4844655974612853, 1.6981132075471699, 0.4109323512308588, 0.7245166677371694, 1.034518148540933, 0.001251950956907847, 0.0017021362440283402, 0.0017165944693133157, 0.002973722963902052
2020-08-29, 0.4844655974612853, 1.6981132075471699, 0.4109323512308588, 0.7245166677371694, 1.034518148540933, 0.001251950956907847, 0.0017021362440283402, 0.0017165944693133157, 0.002973722963902052
2020-08-29, 0.1627040700530411, 0.6918238993710693, 0.10854816824966121, 0.1356541845975971, 0.3557866648421199, 0.0016692679425437968, 0.0011347574960188934, 0.0029362800132990896, 0.004079337912019482
2020-08-29, 0.2862508587040507, 1.0062893081761006, 0.19383601473153708, 0.3915473055430662, 0.6896787656939549, 0.001251950956907847, 0.0010401943713506524, 0.0026652387813022524, 0.003698091378185885
2020-08-29, 0.8717397163789399, 2.935010482180293, 0.7210699748013184, 1.3164622005266875, 1.9978789641134416, 0.00041731698563594974, 0.0017021362440283402, 0.0002710412319968393, 0.0011056149481174283
2020-08-29, 0.1632234664378543, 0.8595387840670857, 0.18608257414227578, 0.009249148949836564, 0.2408402038931269, 0.0022952434209977213, 0.0014184468700236168, 0.0026652387813022524, 0.003698091378185885
2020-07-30, 0.11748246686271534, 0.29350104821802914, 0.3411513859275049, 0.0770762412486351, 0.21894563990284308, 0.0008346339712718984, 0.000851068122014168, 0.0038397507866218864, 0.0036599667248025263
2020-07-30, 0.30453212798836343, 1.1320754716981132, 0.5970149253731339, 0.17573383004688814, 0.5254695357668234, 0.0008346339712718984, 0.0017966993686965793, 0.0018069415466455945, 0.0015249861353343857
2020-07-30, 0.30453212798836343, 1.1320754716981132, 0.5970149253731339, 0.17573383004688814, 0.5254695357668234, 0.0008346339712718984, 0.0017966993686965793, 0.0018069415466455945, 0.0015249861353343857
2020-07-30, 0.30453212798836343, 1.1320754716981132, 0.5970149253731339, 0.17573383004688814, 0.5254695357668234, 0.0008346339712718984, 0.0017966993686965793, 0.0018069415466455945, 0.0015249861353343857
2020-07-30, 0.30453212798836343, 1.1320754716981132, 0.5970149253731339, 0.17573383004688814, 0.5254695357668234, 0.0008346339712718984, 0.0017966993686965793, 0.0018069415466455945, 0.0015249861353343857
2020-07-30, 0.30453212798836343, 1.1320754716981132, 0.5970149253731339, 0.17573383004688814, 0.5254695357668234, 0.0008346339712718984, 0.0017966993686965793, 0.0018069415466455945, 0.0015249861353343857
2020-07-30, 0.30453212798836343, 1.1320754716981132, 0.5970149253731339, 0.17573383004688814, 0.5254695357668234, 0.0008346339712718984, 0.0017966993686965793, 0.0018069415466455945, 0.0015249861353343857
2020-07-30, 0.30453212798836343, 1.1320754716981132, 0.5970149253731339, 0.17573383004688814, 0.5254695357668234, 0.0008346339712718984, 0.0017966993686965793, 0.0018069415466455945, 0.0015249861353343857
2020-07-30, 0.30453212798836343, 1.1320754716981132, 0.5970149253731339, 0.17573383004688814, 0.5254695357668234, 0.0008346339712718984, 0.0017966993686965793, 0.0018069415466455945, 0.0015249861353343857
2020-07-30, 0.30453212798836343, 1.1320754716981132, 0.5970149253731339, 0.17573383004688814, 0.5254695357668234, 0.0008346339712718984, 0.0017966993686965793, 0.0018069415466455945, 0.0015249861353343857
2020-07-30, 0.30453212798836343, 1.1320754716981132, 0.5970149253731339, 0.17573383004688814, 0.5254695357668234, 0.0008346339712718984, 0.0017966993686965793, 0.0018069415466455945, 0.0015249861353343857
2020-07-30, 0.11879848633465244, 0.29350104821802914, 0.31013762357045893, 0.12332198599781573, 0.21347199890527213, 0.001460609449725823, 0.0014184468700236149, 0.003568709554625047, 0.0035074681112690874
2020-07-30, 0.7337920434245528, 2.4318658280922434, 0.9614266330684241, 1.0451538313314923, 1.4286203003660505, 0.0006259754784539247, 0.0017966993686965793, 0.0005420824639936776, 0.00030499722706687745
2020-07-30, 0.06534141897679996, 0.020964360587002115, 0.16282225237449113, 0.16031858179716088, 0.16968287092470352, 0.001251950956907848, 0.0012293206206871324, 0.00329766832262821, 0.003164346230818851
2020-07-30, 0.1579638933045906, 0.5660377358490566, 0.3721651482845509, 0.17265078039694223, 0.14231466593684874, 0.001251950956907848, 0.001607573119360097, 0.0037945772479557474, 0.0038887146451026845
2020-06-30, 0.06382047693519022, 0.10482180293501056, 0.13180849001744516, 0.1880660286466695, 0.07936779446478032, 0.00020865849281797487, 0.00018912624933648225, 0.003433188938626627, 0.0026687257368351743
2020-06-30, 0.46217240710139057, 1.3207547169811318, 0.7830974995154104, 0.7738454621362959, 0.8155725086380898, 0.00041731698563594974, 0.0006619418726776879, 0.001581073853314895, 0.0014487368285676662
2020-06-30, 0.46217240710139057, 1.3207547169811318, 0.7830974995154104, 0.7738454621362959, 0.8155725086380898, 0.00041731698563594974, 0.0006619418726776879, 0.001581073853314895, 0.0014487368285676662
2020-06-30, 0.46217240710139057, 1.3207547169811318, 0.7830974995154104, 0.7738454621362959, 0.8155725086380898, 0.00041731698563594974, 0.0006619418726776879, 0.001581073853314895, 0.0014487368285676662
2020-06-30, 0.46217240710139057, 1.3207547169811318, 0.7830974995154104, 0.7738454621362959, 0.8155725086380898, 0.00041731698563594974, 0.0006619418726776879, 0.001581073853314895, 0.0014487368285676662
2020-06-30, 0.46217240710139057, 1.3207547169811318, 0.7830974995154104, 0.7738454621362959, 0.8155725086380898, 0.00041731698563594974, 0.0006619418726776879, 0.001581073853314895, 0.0014487368285676662
2020-06-30, 0.46217240710139057, 1.3207547169811318, 0.7830974995154104, 0.7738454621362959, 0.8155725086380898, 0.00041731698563594974, 0.0006619418726776879, 0.001581073853314895, 0.0014487368285676662
2020-06-30, 0.46217240710139057, 1.3207547169811318, 0.7830974995154104, 0.7738454621362959, 0.8155725086380898, 0.00041731698563594974, 0.0006619418726776879, 0.001581073853314895, 0.0014487368285676662
2020-06-30, 0.46217240710139057, 1.3207547169811318, 0.7830974995154104, 0.7738454621362959, 0.8155725086380898, 0.00041731698563594974, 0.0006619418726776879, 0.001581073853314895, 0.0014487368285676662
2020-06-30, 0.46217240710139057, 1.3207547169811318, 0.7830974995154104, 0.7738454621362959, 0.8155725086380898, 0.00041731698563594974, 0.0006619418726776879, 0.001581073853314895, 0.0014487368285676662
2020-06-30, 0.46217240710139057, 1.3207547169811318, 0.7830974995154104, 0.7738454621362959, 0.8155725086380898, 0.00041731698563594974, 0.0006619418726776879, 0.001581073853314895, 0.0014487368285676662
2020-06-30, 0.14864735273331448, 0.272536687631027, 0.36441170769529024, 0.35455070974372105, 0.19157743491498733, 0.0006259754784539247, 0.000756504997345929, 0.002394197549305411, 0.002325603856384938
2020-06-30, 0.7466659551105334, 1.9916142557651995, 0.8141112618724563, 1.248635108227888, 1.9157743491498753, 0.001460609449725823, 0.000756504997345929, 0.0006324295413259584, 0.0003431218804502363
2020-06-30, 0.5563688852907004, 1.6561844863731656, 0.8528784648187636, 0.8786691502344396, 1.0591495330300027, 0.00041731698563594974, 0.0008510681220141701, 0.001581073853314895, 0.0012199889082675083
2020-06-30, 0.2537145203006795, 0.48218029350104813, 0.3566582671060282, 0.37921510694328486, 0.804625226642947, 0.00041731698563594974, 0.0005673787480094467, 0.0031169741679636493, 0.002935598310518693
2020-05-31, 0.10523605338764262, 0.272536687631027, 0.2946307423919363, 0.09557453914830713, 0.17241969142348948, 0.0004173169856359486, 0.0004728156233412056, 0.0027104123199683913, 0.0031262215774354924
2020-05-31, 0.42821638389184924, 1.0691823899371065, 0.5970149253731346, 0.7152675187873339, 1.0399917895385038, 0.00020865849281797487, 0.0009456312466824102, 0.0016714209306471748, 0.001448736828567668
2020-05-31, 0.42821638389184924, 1.0691823899371065, 0.5970149253731346, 0.7152675187873339, 1.0399917895385038, 0.00020865849281797487, 0.0009456312466824102, 0.0016714209306471748, 0.001448736828567668
2020-05-31, 0.42821638389184924, 1.0691823899371065, 0.5970149253731346, 0.7152675187873339, 1.0399917895385038, 0.00020865849281797487, 0.0009456312466824102, 0.0016714209306471748, 0.001448736828567668
2020-05-31, 0.42821638389184924, 1.0691823899371065, 0.5970149253731346, 0.7152675187873339, 1.0399917895385038, 0.00020865849281797487, 0.0009456312466824102, 0.0016714209306471748, 0.001448736828567668
2020-05-31, 0.42821638389184924, 1.0691823899371065, 0.5970149253731346, 0.7152675187873339, 1.0399917895385038, 0.00020865849281797487, 0.0009456312466824102, 0.0016714209306471748, 0.001448736828567668
2020-05-31, 0.42821638389184924, 1.0691823899371065, 0.5970149253731346, 0.7152675187873339, 1.0399917895385038, 0.00020865849281797487, 0.0009456312466824102, 0.0016714209306471748, 0.001448736828567668
2020-05-31, 0.42821638389184924, 1.0691823899371065, 0.5970149253731346, 0.7152675187873339, 1.0399917895385038, 0.00020865849281797487, 0.0009456312466824102, 0.0016714209306471748, 0.001448736828567668
2020-05-31, 0.42821638389184924, 1.0691823899371065, 0.5970149253731346, 0.7152675187873339, 1.0399917895385038, 0.00020865849281797487, 0.0009456312466824102, 0.0016714209306471748, 0.001448736828567668
2020-05-31, 0.42821638389184924, 1.0691823899371065, 0.5970149253731346, 0.7152675187873339, 1.0399917895385038, 0.00020865849281797487, 0.0009456312466824102, 0.0016714209306471748, 0.001448736828567668
2020-05-31, 0.42821638389184924, 1.0691823899371065, 0.5970149253731346, 0.7152675187873339, 1.0399917895385038, 0.00020865849281797487, 0.0009456312466824102, 0.0016714209306471748, 0.001448736828567668
2020-05-31, 0.11988182907798443, 0.23060796645702278, 0.22484977708858306, 0.3237202132442666, 0.17241969142348948, 0.00020865849281797487, 0.00018912624933648225, 0.0037042301706234665, 0.0033549694977356506
2020-05-31, 0.7941089107563174, 2.348008385744235, 0.8683853459972862, 1.2363029096281064, 1.8966166056583764, 0.0016692679425437979, 0.000851068122014169, 0.0005420824639936786, 0.0004956204939836768
2020-05-31, 0.2241742588372813, 0.6289308176100624, 0.3411513859275056, 0.2805575181450318, 0.5364168177619653, 0.0, 0.000851068122014169, 0.0026652387813022502, 0.002821224350368615
2020-05-31, 0.5473825399049748, 1.8238993710691824, 0.7055630936227951, 0.7645963131864604, 1.0810440970202866, 0.0008346339712718995, 0.000756504997345929, 0.0009938178506550775, 0.0013724875218009487
2020-05-01, 0.07609785673437865, 0.08385744234800846, 0.28687730180267496, 0.0, 0.23262974239676998, 0.00020865849281797487, 9.456312466824113e-05, 0.0024845446266376927, 0.0026306010834518155
2020-05-01, 0.33165454675032613, 0.9224318658280921, 0.6202752471409185, 0.533367589440554, 0.571995484246177, 0.0008346339712718984, 9.456312466824113e-05, 0.001987635701310155, 0.002249354549618219
2020-05-01, 0.33165454675032613, 0.9224318658280921, 0.6202752471409185, 0.533367589440554, 0.571995484246177, 0.0008346339712718984, 9.456312466824113e-05, 0.001987635701310155, 0.002249354549618219
2020-05-01, 0.33165454675032613, 0.9224318658280921, 0.6202752471409185, 0.533367589440554, 0.571995484246177, 0.0008346339712718984, 9.456312466824113e-05, 0.001987635701310155, 0.002249354549618219
2020-05-01, 0.33165454675032613, 0.9224318658280921, 0.6202752471409185, 0.533367589440554, 0.571995484246177, 0.0008346339712718984, 9.456312466824113e-05, 0.001987635701310155, 0.002249354549618219
2020-05-01, 0.33165454675032613, 0.9224318658280921, 0.6202752471409185, 0.533367589440554, 0.571995484246177, 0.0008346339712718984, 9.456312466824113e-05, 0.001987635701310155, 0.002249354549618219
2020-05-01, 0.33165454675032613, 0.9224318658280921, 0.6202752471409185, 0.533367589440554, 0.571995484246177, 0.0008346339712718984, 9.456312466824113e-05, 0.001987635701310155, 0.002249354549618219
2020-05-01, 0.33165454675032613, 0.9224318658280921, 0.6202752471409185, 0.533367589440554, 0.571995484246177, 0.0008346339712718984, 9.456312466824113e-05, 0.001987635701310155, 0.002249354549618219
2020-05-01, 0.33165454675032613, 0.9224318658280921, 0.6202752471409185, 0.533367589440554, 0.571995484246177, 0.0008346339712718984, 9.456312466824113e-05, 0.001987635701310155, 0.002249354549618219
2020-05-01, 0.33165454675032613, 0.9224318658280921, 0.6202752471409185, 0.533367589440554, 0.571995484246177, 0.0008346339712718984, 9.456312466824113e-05, 0.001987635701310155, 0.002249354549618219
2020-05-01, 0.33165454675032613, 0.9224318658280921, 0.6202752471409185, 0.533367589440554, 0.571995484246177, 0.0008346339712718984, 9.456312466824113e-05, 0.001987635701310155, 0.002249354549618219
2020-05-01, 0.07806349133450474, 0.08385744234800846, 0.2713704206241517, 0.17881687969683402, 0.08484143546235225, 0.00020865849281797487, 0.0, 0.002439371087971552, 0.002973722963902052
2020-05-01, 0.6993578932066602, 2.0545073375262053, 0.9691800736576854, 1.0636521292311643, 1.5052512743320448, 0.0014606094497258218, 0.0003782524986729635, 9.034707733227977e-05, 0.0003431218804502363
2020-05-01, 0.22578410818611983, 0.48218029350104813, 0.46520643535568873, 0.32988631254415834, 0.5227327152680374, 0.0, 0.0003782524986729635, 0.002800759397300671, 0.003088096924052132
2020-05-01, 0.5524493269230344, 1.4884696016771486, 0.767590618336887, 0.8848352495343302, 1.27535835243406, 0.0006259754784539235, 0.00047281562334120457, 0.001174512005319637, 0.0010674902947340695
2020-04-01, 0.1175392318339579, 0.06289308176100634, 0.6667958906764871, 0.11715588669792505, 0.08757825596113723, 0.0006259754784539235, 0.0, 0.0027104123199683913, 0.0025543517766850963
2020-04-01, 0.523598108397458, 1.0272536687631026, 1.0699748013180848, 0.8385895047851507, 1.247990147446204, 0.0, 0.0, 0.0025748917039699723, 0.0024018531631516573
2020-04-01, 0.523598108397458, 1.0272536687631026, 1.0699748013180848, 0.8385895047851507, 1.247990147446204, 0.0, 0.0, 0.0025748917039699723, 0.0024018531631516573
2020-04-01, 0.523598108397458, 1.0272536687631026, 1.0699748013180848, 0.8385895047851507, 1.247990147446204, 0.0, 0.0, 0.0025748917039699723, 0.0024018531631516573
2020-04-01, 0.523598108397458, 1.0272536687631026, 1.0699748013180848, 0.8385895047851507, 1.247990147446204, 0.0, 0.0, 0.0025748917039699723, 0.0024018531631516573
2020-04-01, 0.523598108397458, 1.0272536687631026, 1.0699748013180848, 0.8385895047851507, 1.247990147446204, 0.0, 0.0, 0.0025748917039699723, 0.0024018531631516573
2020-04-01, 0.523598108397458, 1.0272536687631026, 1.0699748013180848, 0.8385895047851507, 1.247990147446204, 0.0, 0.0, 0.0025748917039699723, 0.0024018531631516573
2020-04-01, 0.523598108397458, 1.0272536687631026, 1.0699748013180848, 0.8385895047851507, 1.247990147446204, 0.0, 0.0, 0.0025748917039699723, 0.0024018531631516573
2020-04-01, 0.523598108397458, 1.0272536687631026, 1.0699748013180848, 0.8385895047851507, 1.247990147446204, 0.0, 0.0, 0.0025748917039699723, 0.0024018531631516573
2020-04-01, 0.523598108397458, 1.0272536687631026, 1.0699748013180848, 0.8385895047851507, 1.247990147446204, 0.0, 0.0, 0.0025748917039699723, 0.0024018531631516573
2020-04-01, 0.523598108397458, 1.0272536687631026, 1.0699748013180848, 0.8385895047851507, 1.247990147446204, 0.0, 0.0, 0.0025748917039699723, 0.0024018531631516573
2020-04-01, 0.18737642699680115, 0.1257861635220127, 0.790850940104671, 0.5426167383903905, 0.03284184598542671, 0.0006259754784539235, 0.0001891262493364812, 0.0029362800132990896, 0.003164346230818851
2020-04-01, 0.7164905494059584, 1.719077568134172, 1.2483039348710985, 1.251718157877835, 1.5107249153296158, 0.0006259754784539247, 0.0001891262493364812, 0.0009034707733227977, 0.00038124653383359686
2020-04-01, 0.25950069586476715, 0.33542976939203334, 0.6590424500872258, 0.5456997880403375, 0.5309431767643934, 0.00020865849281797487, 9.456312466824113e-05, 0.002032809239976294, 0.0025543517766850963
2020-04-01, 0.2550807443093802, 0.5031446540880503, 0.7753440589261483, 0.2589761705954139, 0.4981013307789676, 0.0, 0.00028368937400472335, 0.002394197549305413, 0.0024018531631516573
2020-03-02, 0.18153468974042447, 0.1257861635220127, 0.2636169800348907, 0.4532082985419741, 0.6075741507303887, 0.0002086584928179737, 0.000756504997345929, 0.00013552061599841865, 0.00099124098796735
2020-03-02, 0.1159516749739536, 0.3563941299790357, 0.3644117076952899, 0.030830496499453932, 0.1724196914234885, 0.001251950956907848, 0.0005673787480094467, 0.0006324295413259574, 0.00110561494811743
2020-03-02, 0.1159516749739536, 0.3563941299790357, 0.3644117076952899, 0.030830496499453932, 0.1724196914234885, 0.001251950956907848, 0.0005673787480094467, 0.0006324295413259574, 0.00110561494811743
2020-03-02, 0.1159516749739536, 0.3563941299790357, 0.3644117076952899, 0.030830496499453932, 0.1724196914234885, 0.001251950956907848, 0.0005673787480094467, 0.0006324295413259574, 0.00110561494811743
2020-03-02, 0.1159516749739536, 0.3563941299790357, 0.3644117076952899, 0.030830496499453932, 0.1724196914234885, 0.001251950956907848, 0.0005673787480094467, 0.0006324295413259574, 0.00110561494811743
2020-03-02, 0.1159516749739536, 0.3563941299790357, 0.3644117076952899, 0.030830496499453932, 0.1724196914234885, 0.001251950956907848, 0.0005673787480094467, 0.0006324295413259574, 0.00110561494811743
2020-03-02, 0.1159516749739536, 0.3563941299790357, 0.3644117076952899, 0.030830496499453932, 0.1724196914234885, 0.001251950956907848, 0.0005673787480094467, 0.0006324295413259574, 0.00110561494811743
2020-03-02, 0.1159516749739536, 0.3563941299790357, 0.3644117076952899, 0.030830496499453932, 0.1724196914234885, 0.001251950956907848, 0.0005673787480094467, 0.0006324295413259574, 0.00110561494811743
2020-03-02, 0.1159516749739536, 0.3563941299790357, 0.3644117076952899, 0.030830496499453932, 0.1724196914234885, 0.001251950956907848, 0.0005673787480094467, 0.0006324295413259574, 0.00110561494811743
2020-03-02, 0.1159516749739536, 0.3563941299790357, 0.3644117076952899, 0.030830496499453932, 0.1724196914234885, 0.001251950956907848, 0.0005673787480094467, 0.0006324295413259574, 0.00110561494811743
2020-03-02, 0.1159516749739536, 0.3563941299790357, 0.3644117076952899, 0.030830496499453932, 0.1724196914234885, 0.001251950956907848, 0.0005673787480094467, 0.0006324295413259574, 0.00110561494811743
2020-03-02, 0.13441158781681634, 0.4612159329140458, 0.32564450474898227, 0.22506262444601463, 0.060210050973281484, 0.0010432924640898732, 0.0003782524986729645, 0.0006324295413259574, 0.00110561494811743
2020-03-02, 0.16823789466366926, 0.5660377358490564, 0.41868579182012017, 0.01541524824972724, 0.34210256234819203, 0.001251950956907848, 0.0005673787480094467, 0.000813123695990517, 0.0010293656413507106
2020-03-02, 0.3646224854352741, 1.1740041928721172, 0.4109323512308588, 0.7275997173871155, 0.5993636892340327, 0.0018779264353617716, 0.00028368937400472335, 0.0013552061599841946, 0.0015631107887177453
2020-03-02, 0.2592309780856708, 0.8805031446540881, 0.37991858887381286, 0.48403879504142855, 0.32568163935547917, 0.001251950956907848, 0.0004728156233412056, 0.0007227766186582372, 0.0012581135616508688
2020-02-01, 0.125332332314827, 0.5241090146750523, 0.1395619306067065, 0.24972702164557734, 0.08757825596113723, 0.0002086584928179737, 0.0006619418726776879, 0.0003162147706629792, 0.000495620493983675
2020-02-01, 0.125332332314827, 0.5241090146750523, 0.1395619306067065, 0.24972702164557734, 0.08757825596113723, 0.0002086584928179737, 0.0006619418726776879, 0.0003162147706629792, 0.000495620493983675
2020-02-01, 0.125332332314827, 0.5241090146750523, 0.1395619306067065, 0.24972702164557734, 0.08757825596113723, 0.0002086584928179737, 0.0006619418726776879, 0.0003162147706629792, 0.000495620493983675
2020-02-01, 0.125332332314827, 0.5241090146750523, 0.1395619306067065, 0.24972702164557734, 0.08757825596113723, 0.0002086584928179737, 0.0006619418726776879, 0.0003162147706629792, 0.000495620493983675
2020-02-01, 0.125332332314827, 0.5241090146750523, 0.1395619306067065, 0.24972702164557734, 0.08757825596113723, 0.0002086584928179737, 0.0006619418726776879, 0.0003162147706629792, 0.000495620493983675
2020-02-01, 0.125332332314827, 0.5241090146750523, 0.1395619306067065, 0.24972702164557734, 0.08757825596113723, 0.0002086584928179737, 0.0006619418726776879, 0.0003162147706629792, 0.000495620493983675
2020-02-01, 0.125332332314827, 0.5241090146750523, 0.1395619306067065, 0.24972702164557734, 0.08757825596113723, 0.0002086584928179737, 0.0006619418726776879, 0.0003162147706629792, 0.000495620493983675
2020-02-01, 0.125332332314827, 0.5241090146750523, 0.1395619306067065, 0.24972702164557734, 0.08757825596113723, 0.0002086584928179737, 0.0006619418726776879, 0.0003162147706629792, 0.000495620493983675
2020-02-01, 0.125332332314827, 0.5241090146750523, 0.1395619306067065, 0.24972702164557734, 0.08757825596113723, 0.0002086584928179737, 0.0006619418726776879, 0.0003162147706629792, 0.000495620493983675
2020-02-01, 0.125332332314827, 0.5241090146750523, 0.1395619306067065, 0.24972702164557734, 0.08757825596113723, 0.0002086584928179737, 0.0006619418726776879, 0.0003162147706629792, 0.000495620493983675
2020-02-01, 0.125332332314827, 0.5241090146750523, 0.1395619306067065, 0.24972702164557734, 0.08757825596113723, 0.0002086584928179737, 0.0006619418726776879, 0.0003162147706629792, 0.000495620493983675
2020-02-01, 0.36641299129599403, 1.1530398322851154, 0.16282225237449113, 0.9125826963838396, 0.7006260476890974, 0.001251950956907848, 0.00028368937400472335, 0.0003162147706629782, 0.00038124653383359686
2020-02-01, 0.10865986378210786, 0.5031446540880503, 0.08528784648187622, 0.14490333354743365, 0.13410420444049131, 0.0004173169856359486, 0.0006619418726776879, 0.00022586769333069942, 0.0005337451473670348
2020-02-01, 0.17348665333382113, 0.628930817610063, 0.07753440589261457, 0.4932879439912646, 0.18610379391741638, 0.0006259754784539235, 0.0005673787480094467, 0.0002710412319968393, 0.0005718698007503944
2020-02-01, 0.11516687823916967, 0.020964360587002115, 0.17057569296375244, 0.14182028389748885, 0.5856795867401049, 0.00020865849281797487, 0.000851068122014169, 0.0005872560026598185, 0.0006481191075171138
2020-01-02, 0.09391567895476466, 0.3563941299790357, 0.06978096530335325, 0.2651422698953046, 0.057473230474496005, 0.00041731698563594974, 0.000851068122014169, 0.0005420824639936786, 0.0007243684142838331
2020-01-02, 0.09389204837558517, 0.3563941299790357, 0.03876720294630728, 0.31755411394437644, 0.035578666484212186, 0.0006259754784539247, 0.0010401943713506513, 0.00045173538666139885, 0.0007243684142838331
2020-01-02, 0.09389204837558517, 0.3563941299790357, 0.03876720294630728, 0.31755411394437644, 0.035578666484212186, 0.0006259754784539247, 0.0010401943713506513, 0.00045173538666139885, 0.0007243684142838331
2020-01-02, 0.09389204837558517, 0.3563941299790357, 0.03876720294630728, 0.31755411394437644, 0.035578666484212186, 0.0006259754784539247, 0.0010401943713506513, 0.00045173538666139885, 0.0007243684142838331
2020-01-02, 0.09389204837558517, 0.3563941299790357, 0.03876720294630728, 0.31755411394437644, 0.035578666484212186, 0.0006259754784539247, 0.0010401943713506513, 0.00045173538666139885, 0.0007243684142838331
2020-01-02, 0.09389204837558517, 0.3563941299790357, 0.03876720294630728, 0.31755411394437644, 0.035578666484212186, 0.0006259754784539247, 0.0010401943713506513, 0.00045173538666139885, 0.0007243684142838331
2020-01-02, 0.09389204837558517, 0.3563941299790357, 0.03876720294630728, 0.31755411394437644, 0.035578666484212186, 0.0006259754784539247, 0.0010401943713506513, 0.00045173538666139885, 0.0007243684142838331
2020-01-02, 0.09389204837558517, 0.3563941299790357, 0.03876720294630728, 0.31755411394437644, 0.035578666484212186, 0.0006259754784539247, 0.0010401943713506513, 0.00045173538666139885, 0.0007243684142838331
2020-01-02, 0.09389204837558517, 0.3563941299790357, 0.03876720294630728, 0.31755411394437644, 0.035578666484212186, 0.0006259754784539247, 0.0010401943713506513, 0.00045173538666139885, 0.0007243684142838331
2020-01-02, 0.09389204837558517, 0.3563941299790357, 0.03876720294630728, 0.31755411394437644, 0.035578666484212186, 0.0006259754784539247, 0.0010401943713506513, 0.00045173538666139885, 0.0007243684142838331
2020-01-02, 0.09389204837558517, 0.3563941299790357, 0.03876720294630728, 0.31755411394437644, 0.035578666484212186, 0.0006259754784539247, 0.0010401943713506513, 0.00045173538666139885, 0.0007243684142838331
2020-01-02, 0.3375444895575851, 0.90146750524109, 0.10079472766039921, 0.9464962425332389, 0.7498888166672372, 0.0006259754784539235, 0.0007565049973459279, 0.00013552061599841965, 0.00019062326691679843
2020-01-02, 0.13674593277313685, 0.08385744234800822, 0.054274084124830264, 0.30213886569464976, 0.6486264582121718, 0.001251950956907848, 0.0013238837453553747, 0.0010841649279873563, 0.0014106121751843066
2020-01-02, 0.1019330478960251, 0.29350104821802936, 0.07753440589261457, 0.021581347549617918, 0.41873353631418686, 0.0008346339712718984, 0.0012293206206871335, 0.0006776030799920983, 0.001372487521800947
2020-01-02, 0.16398459904755716, 0.628930817610063, 0.11630160883892218, 0.4932879439912646, 0.07115733296842437, 0.00020865849281797487, 0.0010401943713506513, 0.00022586769333069942, 0.0007243684142838331
2019-12-03, 0.12395409435743239, 0.33542976939203356, 0.1550688117852298, 0.20348127689639672, 0.29557661386883793, 0.00020865849281797487, 0.000851068122014169, 0.00040656184799525897, 0.0006099944541337541
2019-12-03, 0.12395409435743239, 0.33542976939203356, 0.1550688117852298, 0.20348127689639672, 0.29557661386883793, 0.00020865849281797487, 0.000851068122014169, 0.00040656184799525897, 0.0006099944541337541
2019-12-03, 0.12395409435743239, 0.33542976939203356, 0.1550688117852298, 0.20348127689639672, 0.29557661386883793, 0.00020865849281797487, 0.000851068122014169, 0.00040656184799525897, 0.0006099944541337541
2019-12-03, 0.12395409435743239, 0.33542976939203356, 0.1550688117852298, 0.20348127689639672, 0.29557661386883793, 0.00020865849281797487, 0.000851068122014169, 0.00040656184799525897, 0.0006099944541337541
2019-12-03, 0.12395409435743239, 0.33542976939203356, 0.1550688117852298, 0.20348127689639672, 0.29557661386883793, 0.00020865849281797487, 0.000851068122014169, 0.00040656184799525897, 0.0006099944541337541
2019-12-03, 0.12395409435743239, 0.33542976939203356, 0.1550688117852298, 0.20348127689639672, 0.29557661386883793, 0.00020865849281797487, 0.000851068122014169, 0.00040656184799525897, 0.0006099944541337541
2019-12-03, 0.12395409435743239, 0.33542976939203356, 0.1550688117852298, 0.20348127689639672, 0.29557661386883793, 0.00020865849281797487, 0.000851068122014169, 0.00040656184799525897, 0.0006099944541337541
2019-12-03, 0.12395409435743239, 0.33542976939203356, 0.1550688117852298, 0.20348127689639672, 0.29557661386883793, 0.00020865849281797487, 0.000851068122014169, 0.00040656184799525897, 0.0006099944541337541
2019-12-03, 0.12395409435743239, 0.33542976939203356, 0.1550688117852298, 0.20348127689639672, 0.29557661386883793, 0.00020865849281797487, 0.000851068122014169, 0.00040656184799525897, 0.0006099944541337541
2019-12-03, 0.12395409435743239, 0.33542976939203356, 0.1550688117852298, 0.20348127689639672, 0.29557661386883793, 0.00020865849281797487, 0.000851068122014169, 0.00040656184799525897, 0.0006099944541337541
2019-12-03, 0.12395409435743239, 0.33542976939203356, 0.1550688117852298, 0.20348127689639672, 0.29557661386883793, 0.00020865849281797487, 0.000851068122014169, 0.00040656184799525897, 0.0006099944541337541
2019-12-03, 0.31652578665363906, 0.8176100628930817, 0.14731537119596816, 0.9218318453336762, 0.6431528172146012, 0.001460609449725823, 0.0006619418726776868, 0.00013552061599841965, 3.812465338335968e-05
2019-12-03, 0.11588899856848209, 0.3144654088050315, 0.14731537119596816, 0.1726507803969428, 0.29010297287126696, 0.00020865849281797487, 0.0010401943713506513, 0.00045173538666139885, 0.0008768670278172718
2019-12-03, 0.1495675994110743, 0.18867924528301902, 0.1783291335530141, 0.12948808529770695, 0.6951524066915259, 0.0008346339712718984, 0.0012293206206871335, 0.0012648590826519158, 0.0015631107887177453
2019-12-03, 0.12345795395020277, 0.3563941299790357, 0.14731537119596816, 0.4624574474918109, 0.01915774349149883, 0.00020865849281797487, 0.0007565049973459279, 0.0004969089253275388, 0.0008768670278172718
