Date,TotalError,SP500_Hedged20y-0.005,
2025-12-31, 0.025683221246682594, 0.025683221246682594
2025-12-31, 0.021117315247272353, 0.021117315247272353
2025-12-31, 0.021117315247272353, 0.021117315247272353
2025-12-31, 0.021117315247272353, 0.021117315247272353
2025-12-31, 0.021117315247272353, 0.021117315247272353
2025-12-31, 0.021117315247272353, 0.021117315247272353
2025-12-31, 0.021117315247272353, 0.021117315247272353
2025-12-31, 0.021117315247272353, 0.021117315247272353
2025-12-31, 0.021117315247272353, 0.021117315247272353
2025-12-31, 0.021117315247272353, 0.021117315247272353
2025-12-31, 0.021117315247272353, 0.021117315247272353
2025-12-31, 0.023400268246977475, 0.023400268246977475
2025-12-31, 0.019405100497493527, 0.019405100497493527
2025-12-31, 0.016551409247862112, 0.016551409247862112
2025-12-31, 0.012556241498378164, 0.012556241498378164
2025-12-01, 0.007990335498967922, 0.007990335498967922
2025-12-01, 0.018263623997640966, 0.018263623997640966
2025-12-01, 0.018263623997640966, 0.018263623997640966
2025-12-01, 0.018263623997640966, 0.018263623997640966
2025-12-01, 0.018263623997640966, 0.018263623997640966
2025-12-01, 0.018263623997640966, 0.018263623997640966
2025-12-01, 0.018263623997640966, 0.018263623997640966
2025-12-01, 0.018263623997640966, 0.018263623997640966
2025-12-01, 0.018263623997640966, 0.018263623997640966
2025-12-01, 0.018263623997640966, 0.018263623997640966
2025-12-01, 0.018263623997640966, 0.018263623997640966
2025-12-01, 0.013126979748304431, 0.013126979748304431
2025-12-01, 0.023971006496903768, 0.023971006496903768
2025-12-01, 0.017692885747714673, 0.017692885747714673
2025-12-01, 0.011414764998525603, 0.011414764998525603
2025-11-01, 0.0005707382499262929, 0.0005707382499262929
2025-11-01, 0.018263623997640942, 0.018263623997640942
2025-11-01, 0.018263623997640942, 0.018263623997640942
2025-11-01, 0.018263623997640942, 0.018263623997640942
2025-11-01, 0.018263623997640942, 0.018263623997640942
2025-11-01, 0.018263623997640942, 0.018263623997640942
2025-11-01, 0.018263623997640942, 0.018263623997640942
2025-11-01, 0.018263623997640942, 0.018263623997640942
2025-11-01, 0.018263623997640942, 0.018263623997640942
2025-11-01, 0.018263623997640942, 0.018263623997640942
2025-11-01, 0.018263623997640942, 0.018263623997640942
2025-11-01, 0.011985503248451872, 0.011985503248451872
2025-11-01, 0.026824697746535144, 0.026824697746535144
2025-11-01, 0.011414764998525577, 0.011414764998525577
2025-11-01, 0.015409932748009551, 0.015409932748009551
2025-10-02, 0.013126979748304431, 0.013126979748304431
2025-10-02, 0.01598067099793582, 0.01598067099793582
2025-10-02, 0.01598067099793582, 0.01598067099793582
2025-10-02, 0.01598067099793582, 0.01598067099793582
2025-10-02, 0.01598067099793582, 0.01598067099793582
2025-10-02, 0.01598067099793582, 0.01598067099793582
2025-10-02, 0.01598067099793582, 0.01598067099793582
2025-10-02, 0.01598067099793582, 0.01598067099793582
2025-10-02, 0.01598067099793582, 0.01598067099793582
2025-10-02, 0.01598067099793582, 0.01598067099793582
2025-10-02, 0.01598067099793582, 0.01598067099793582
2025-10-02, 0.013126979748304431, 0.013126979748304431
2025-10-02, 0.026824697746535144, 0.026824697746535144
2025-10-02, 0.026253959496608862, 0.026253959496608862
2025-10-02, 0.006278120749189069, 0.006278120749189069
2025-09-02, 0.0136977179982307, 0.0136977179982307
2025-09-02, 0.01712214749778838, 0.01712214749778838
2025-09-02, 0.01712214749778838, 0.01712214749778838
2025-09-02, 0.01712214749778838, 0.01712214749778838
2025-09-02, 0.01712214749778838, 0.01712214749778838
2025-09-02, 0.01712214749778838, 0.01712214749778838
2025-09-02, 0.01712214749778838, 0.01712214749778838
2025-09-02, 0.01712214749778838, 0.01712214749778838
2025-09-02, 0.01712214749778838, 0.01712214749778838
2025-09-02, 0.01712214749778838, 0.01712214749778838
2025-09-02, 0.01712214749778838, 0.01712214749778838
2025-09-02, 0.017692885747714673, 0.017692885747714673
2025-09-02, 0.019975838747419792, 0.019975838747419792
2025-09-02, 0.027395435996461423, 0.027395435996461423
2025-09-02, 0.015409932748009551, 0.015409932748009551
2025-08-03, 0.039951677494839584, 0.039951677494839584
2025-08-03, 0.031390603745945385, 0.031390603745945385
2025-08-03, 0.031390603745945385, 0.031390603745945385
2025-08-03, 0.031390603745945385, 0.031390603745945385
2025-08-03, 0.031390603745945385, 0.031390603745945385
2025-08-03, 0.031390603745945385, 0.031390603745945385
2025-08-03, 0.031390603745945385, 0.031390603745945385
2025-08-03, 0.031390603745945385, 0.031390603745945385
2025-08-03, 0.031390603745945385, 0.031390603745945385
2025-08-03, 0.031390603745945385, 0.031390603745945385
2025-08-03, 0.031390603745945385, 0.031390603745945385
2025-08-03, 0.03253208024579794, 0.03253208024579794
2025-08-03, 0.025112482996756315, 0.025112482996756315
2025-08-03, 0.022258791747124914, 0.022258791747124914
2025-08-03, 0.029107650746240263, 0.029107650746240263
2025-07-04, 0.027395435996461423, 0.027395435996461423
2025-07-04, 0.03367355674565051, 0.03367355674565051
2025-07-04, 0.03367355674565051, 0.03367355674565051
2025-07-04, 0.03367355674565051, 0.03367355674565051
2025-07-04, 0.03367355674565051, 0.03367355674565051
2025-07-04, 0.03367355674565051, 0.03367355674565051
2025-07-04, 0.03367355674565051, 0.03367355674565051
2025-07-04, 0.03367355674565051, 0.03367355674565051
2025-07-04, 0.03367355674565051, 0.03367355674565051
2025-07-04, 0.03367355674565051, 0.03367355674565051
2025-07-04, 0.03367355674565051, 0.03367355674565051
2025-07-04, 0.027395435996461423, 0.027395435996461423
2025-07-04, 0.048512751243733776, 0.048512751243733776
2025-07-04, 0.03538577149542935, 0.03538577149542935
2025-07-04, 0.038810200994987026, 0.038810200994987026
2025-06-04, 0.028536912496313994, 0.028536912496313994
2025-06-04, 0.024541744746830036, 0.024541744746830036
2025-06-04, 0.024541744746830036, 0.024541744746830036
2025-06-04, 0.024541744746830036, 0.024541744746830036
2025-06-04, 0.024541744746830036, 0.024541744746830036
2025-06-04, 0.024541744746830036, 0.024541744746830036
2025-06-04, 0.024541744746830036, 0.024541744746830036
2025-06-04, 0.024541744746830036, 0.024541744746830036
2025-06-04, 0.024541744746830036, 0.024541744746830036
2025-06-04, 0.024541744746830036, 0.024541744746830036
2025-06-04, 0.024541744746830036, 0.024541744746830036
2025-06-04, 0.021117315247272353, 0.021117315247272353
2025-06-04, 0.026253959496608876, 0.026253959496608876
2025-06-04, 0.018263623997640966, 0.018263623997640966
2025-06-04, 0.015409932748009551, 0.015409932748009551
2025-05-05, 0.015980670997935844, 0.015980670997935844
2025-05-05, 0.024541744746830036, 0.024541744746830036
2025-05-05, 0.024541744746830036, 0.024541744746830036
2025-05-05, 0.024541744746830036, 0.024541744746830036
2025-05-05, 0.024541744746830036, 0.024541744746830036
2025-05-05, 0.024541744746830036, 0.024541744746830036
2025-05-05, 0.024541744746830036, 0.024541744746830036
2025-05-05, 0.024541744746830036, 0.024541744746830036
2025-05-05, 0.024541744746830036, 0.024541744746830036
2025-05-05, 0.024541744746830036, 0.024541744746830036
2025-05-05, 0.024541744746830036, 0.024541744746830036
2025-05-05, 0.013126979748304431, 0.013126979748304431
2025-05-05, 0.016551409247862112, 0.016551409247862112
2025-05-05, 0.020546576997346085, 0.020546576997346085
2025-05-05, 0.026824697746535155, 0.026824697746535155
2025-04-05, 0.030249127246092824, 0.030249127246092824
2025-04-05, 0.025683221246682583, 0.025683221246682583
2025-04-05, 0.025683221246682583, 0.025683221246682583
2025-04-05, 0.025683221246682583, 0.025683221246682583
2025-04-05, 0.025683221246682583, 0.025683221246682583
2025-04-05, 0.025683221246682583, 0.025683221246682583
2025-04-05, 0.025683221246682583, 0.025683221246682583
2025-04-05, 0.025683221246682583, 0.025683221246682583
2025-04-05, 0.025683221246682583, 0.025683221246682583
2025-04-05, 0.025683221246682583, 0.025683221246682583
2025-04-05, 0.025683221246682583, 0.025683221246682583
2025-04-05, 0.026253959496608862, 0.026253959496608862
2025-04-05, 0.019975838747419792, 0.019975838747419792
2025-04-05, 0.022258791747124914, 0.022258791747124914
2025-04-05, 0.030249127246092824, 0.030249127246092824
2025-03-06, 0.013697717998230712, 0.013697717998230712
2025-03-06, 0.02340026824697746, 0.02340026824697746
2025-03-06, 0.02340026824697746, 0.02340026824697746
2025-03-06, 0.02340026824697746, 0.02340026824697746
2025-03-06, 0.02340026824697746, 0.02340026824697746
2025-03-06, 0.02340026824697746, 0.02340026824697746
2025-03-06, 0.02340026824697746, 0.02340026824697746
2025-03-06, 0.02340026824697746, 0.02340026824697746
2025-03-06, 0.02340026824697746, 0.02340026824697746
2025-03-06, 0.02340026824697746, 0.02340026824697746
2025-03-06, 0.02340026824697746, 0.02340026824697746
2025-03-06, 0.015980670997935834, 0.015980670997935834
2025-03-06, 0.024541744746830022, 0.024541744746830022
2025-03-06, 0.022829529997051182, 0.022829529997051182
2025-03-06, 0.01997583874741978, 0.01997583874741978
2025-02-04, 0.018263623997640952, 0.018263623997640952
2025-02-04, 0.024541744746830022, 0.024541744746830022
2025-02-04, 0.024541744746830022, 0.024541744746830022
2025-02-04, 0.024541744746830022, 0.024541744746830022
2025-02-04, 0.024541744746830022, 0.024541744746830022
2025-02-04, 0.024541744746830022, 0.024541744746830022
2025-02-04, 0.024541744746830022, 0.024541744746830022
2025-02-04, 0.024541744746830022, 0.024541744746830022
2025-02-04, 0.024541744746830022, 0.024541744746830022
2025-02-04, 0.024541744746830022, 0.024541744746830022
2025-02-04, 0.024541744746830022, 0.024541744746830022
2025-02-04, 0.017692885747714673, 0.017692885747714673
2025-02-04, 0.021117315247272343, 0.021117315247272343
2025-02-04, 0.028536912496313984, 0.028536912496313984
2025-02-04, 0.0251124829967563, 0.0251124829967563
2025-01-05, 0.011985503248451872, 0.011985503248451872
2025-01-05, 0.01712214749778839, 0.01712214749778839
2025-01-05, 0.01712214749778839, 0.01712214749778839
2025-01-05, 0.01712214749778839, 0.01712214749778839
2025-01-05, 0.01712214749778839, 0.01712214749778839
2025-01-05, 0.01712214749778839, 0.01712214749778839
2025-01-05, 0.01712214749778839, 0.01712214749778839
2025-01-05, 0.01712214749778839, 0.01712214749778839
2025-01-05, 0.01712214749778839, 0.01712214749778839
2025-01-05, 0.01712214749778839, 0.01712214749778839
2025-01-05, 0.01712214749778839, 0.01712214749778839
2025-01-05, 0.01255624149837815, 0.01255624149837815
2025-01-05, 0.018834362247567234, 0.018834362247567234
2025-01-05, 0.014268456248156992, 0.014268456248156992
2025-01-05, 0.01255624149837815, 0.01255624149837815
2024-12-06, 0.01027328849867303, 0.01027328849867303
2024-12-06, 0.014268456248156992, 0.014268456248156992
2024-12-06, 0.014268456248156992, 0.014268456248156992
2024-12-06, 0.014268456248156992, 0.014268456248156992
2024-12-06, 0.014268456248156992, 0.014268456248156992
2024-12-06, 0.014268456248156992, 0.014268456248156992
2024-12-06, 0.014268456248156992, 0.014268456248156992
2024-12-06, 0.014268456248156992, 0.014268456248156992
2024-12-06, 0.014268456248156992, 0.014268456248156992
2024-12-06, 0.014268456248156992, 0.014268456248156992
2024-12-06, 0.014268456248156992, 0.014268456248156992
2024-12-06, 0.007419597249041629, 0.007419597249041629
2024-12-06, 0.01027328849867303, 0.01027328849867303
2024-12-06, 0.01027328849867303, 0.01027328849867303
2024-12-06, 0.007419597249041629, 0.007419597249041629
2024-11-06, 0.00799033549896791, 0.00799033549896791
2024-11-06, 0.014268456248156992, 0.014268456248156992
2024-11-06, 0.014268456248156992, 0.014268456248156992
2024-11-06, 0.014268456248156992, 0.014268456248156992
2024-11-06, 0.014268456248156992, 0.014268456248156992
2024-11-06, 0.014268456248156992, 0.014268456248156992
2024-11-06, 0.014268456248156992, 0.014268456248156992
2024-11-06, 0.014268456248156992, 0.014268456248156992
2024-11-06, 0.014268456248156992, 0.014268456248156992
2024-11-06, 0.014268456248156992, 0.014268456248156992
2024-11-06, 0.014268456248156992, 0.014268456248156992
2024-11-06, 0.00799033549896791, 0.00799033549896791
2024-11-06, 0.015409932748009551, 0.015409932748009551
2024-11-06, 0.011985503248451872, 0.011985503248451872
2024-11-06, 0.01712214749778839, 0.01712214749778839
2024-10-07, 0.003995167749483949, 0.003995167749483949
2024-10-07, 0.005136644249336509, 0.005136644249336509
2024-10-07, 0.005136644249336509, 0.005136644249336509
2024-10-07, 0.005136644249336509, 0.005136644249336509
2024-10-07, 0.005136644249336509, 0.005136644249336509
2024-10-07, 0.005136644249336509, 0.005136644249336509
2024-10-07, 0.005136644249336509, 0.005136644249336509
2024-10-07, 0.005136644249336509, 0.005136644249336509
2024-10-07, 0.005136644249336509, 0.005136644249336509
2024-10-07, 0.005136644249336509, 0.005136644249336509
2024-10-07, 0.005136644249336509, 0.005136644249336509
2024-10-07, 0.00684885899911535, 0.00684885899911535
2024-10-07, 0.00799033549896791, 0.00799033549896791
2024-10-07, 0.003995167749483949, 0.003995167749483949
2024-10-07, 0.005136644249336509, 0.005136644249336509
2024-09-07, 0.0034244294995576683, 0.0034244294995576683
2024-09-07, 0.0045659059994102285, 0.0045659059994102285
2024-09-07, 0.0045659059994102285, 0.0045659059994102285
2024-09-07, 0.0045659059994102285, 0.0045659059994102285
2024-09-07, 0.0045659059994102285, 0.0045659059994102285
2024-09-07, 0.0045659059994102285, 0.0045659059994102285
2024-09-07, 0.0045659059994102285, 0.0045659059994102285
2024-09-07, 0.0045659059994102285, 0.0045659059994102285
2024-09-07, 0.0045659059994102285, 0.0045659059994102285
2024-09-07, 0.0045659059994102285, 0.0045659059994102285
2024-09-07, 0.0045659059994102285, 0.0045659059994102285
2024-09-07, 0.006278120749189069, 0.006278120749189069
2024-09-07, 0.0034244294995576683, 0.0034244294995576683
2024-09-07, 0.005136644249336509, 0.005136644249336509
2024-09-07, 0.005136644249336509, 0.005136644249336509
2024-08-08, 0.003995167749483949, 0.003995167749483949
2024-08-08, 0.0005707382499262802, 0.0005707382499262802
2024-08-08, 0.0005707382499262802, 0.0005707382499262802
2024-08-08, 0.0005707382499262802, 0.0005707382499262802
2024-08-08, 0.0005707382499262802, 0.0005707382499262802
2024-08-08, 0.0005707382499262802, 0.0005707382499262802
2024-08-08, 0.0005707382499262802, 0.0005707382499262802
2024-08-08, 0.0005707382499262802, 0.0005707382499262802
2024-08-08, 0.0005707382499262802, 0.0005707382499262802
2024-08-08, 0.0005707382499262802, 0.0005707382499262802
2024-08-08, 0.0005707382499262802, 0.0005707382499262802
2024-08-08, 0.0028536912496313883, 0.0028536912496313883
2024-08-08, 0.0005707382499262802, 0.0005707382499262802
2024-08-08, 0.0, 0.0
2024-08-08, 0.003995167749483949, 0.003995167749483949
2024-07-09, 0.008561073748894203, 0.008561073748894203
2024-07-09, 0.009131811998820483, 0.009131811998820483
2024-07-09, 0.009131811998820483, 0.009131811998820483
2024-07-09, 0.009131811998820483, 0.009131811998820483
2024-07-09, 0.009131811998820483, 0.009131811998820483
2024-07-09, 0.009131811998820483, 0.009131811998820483
2024-07-09, 0.009131811998820483, 0.009131811998820483
2024-07-09, 0.009131811998820483, 0.009131811998820483
2024-07-09, 0.009131811998820483, 0.009131811998820483
2024-07-09, 0.009131811998820483, 0.009131811998820483
2024-07-09, 0.009131811998820483, 0.009131811998820483
2024-07-09, 0.005136644249336521, 0.005136644249336521
2024-07-09, 0.009702550248746764, 0.009702550248746764
2024-07-09, 0.009131811998820483, 0.009131811998820483
2024-07-09, 0.007419597249041642, 0.007419597249041642
2024-06-09, 0.006278120749189069, 0.006278120749189069
2024-06-09, 0.005136644249336521, 0.005136644249336521
2024-06-09, 0.005136644249336521, 0.005136644249336521
2024-06-09, 0.005136644249336521, 0.005136644249336521
2024-06-09, 0.005136644249336521, 0.005136644249336521
2024-06-09, 0.005136644249336521, 0.005136644249336521
2024-06-09, 0.005136644249336521, 0.005136644249336521
2024-06-09, 0.005136644249336521, 0.005136644249336521
2024-06-09, 0.005136644249336521, 0.005136644249336521
2024-06-09, 0.005136644249336521, 0.005136644249336521
2024-06-09, 0.005136644249336521, 0.005136644249336521
2024-06-09, 0.0045659059994102415, 0.0045659059994102415
2024-06-09, 0.003995167749483961, 0.003995167749483961
2024-06-09, 0.007419597249041629, 0.007419597249041629
2024-06-09, 0.006278120749189069, 0.006278120749189069
2024-05-10, 0.003424429499557681, 0.003424429499557681
2024-05-10, 0.00799033549896791, 0.00799033549896791
2024-05-10, 0.00799033549896791, 0.00799033549896791
2024-05-10, 0.00799033549896791, 0.00799033549896791
2024-05-10, 0.00799033549896791, 0.00799033549896791
2024-05-10, 0.00799033549896791, 0.00799033549896791
2024-05-10, 0.00799033549896791, 0.00799033549896791
2024-05-10, 0.00799033549896791, 0.00799033549896791
2024-05-10, 0.00799033549896791, 0.00799033549896791
2024-05-10, 0.00799033549896791, 0.00799033549896791
2024-05-10, 0.00799033549896791, 0.00799033549896791
2024-05-10, 0.006278120749189069, 0.006278120749189069
2024-05-10, 0.005136644249336521, 0.005136644249336521
2024-05-10, 0.002853691249631401, 0.002853691249631401
2024-05-10, 0.006278120749189069, 0.006278120749189069
2024-04-10, 0.01084402674859931, 0.01084402674859931
2024-04-10, 0.013697717998230712, 0.013697717998230712
2024-04-10, 0.013697717998230712, 0.013697717998230712
2024-04-10, 0.013697717998230712, 0.013697717998230712
2024-04-10, 0.013697717998230712, 0.013697717998230712
2024-04-10, 0.013697717998230712, 0.013697717998230712
2024-04-10, 0.013697717998230712, 0.013697717998230712
2024-04-10, 0.013697717998230712, 0.013697717998230712
2024-04-10, 0.013697717998230712, 0.013697717998230712
2024-04-10, 0.013697717998230712, 0.013697717998230712
2024-04-10, 0.013697717998230712, 0.013697717998230712
2024-04-10, 0.00856107374889419, 0.00856107374889419
2024-04-10, 0.009131811998820471, 0.009131811998820471
2024-04-10, 0.007990335498967922, 0.007990335498967922
2024-04-10, 0.00856107374889419, 0.00856107374889419
2024-03-11, 0.006278120749189082, 0.006278120749189082
2024-03-11, 0.005707382499262802, 0.005707382499262802
2024-03-11, 0.005707382499262802, 0.005707382499262802
2024-03-11, 0.005707382499262802, 0.005707382499262802
2024-03-11, 0.005707382499262802, 0.005707382499262802
2024-03-11, 0.005707382499262802, 0.005707382499262802
2024-03-11, 0.005707382499262802, 0.005707382499262802
2024-03-11, 0.005707382499262802, 0.005707382499262802
2024-03-11, 0.005707382499262802, 0.005707382499262802
2024-03-11, 0.005707382499262802, 0.005707382499262802
2024-03-11, 0.005707382499262802, 0.005707382499262802
2024-03-11, 0.013126979748304431, 0.013126979748304431
2024-03-11, 0.008561073748894203, 0.008561073748894203
2024-03-11, 0.00970255024874675, 0.00970255024874675
2024-03-11, 0.005136644249336521, 0.005136644249336521
2024-02-10, 0.007419597249041642, 0.007419597249041642
2024-02-10, 0.014839194498083273, 0.014839194498083273
2024-02-10, 0.014839194498083273, 0.014839194498083273
2024-02-10, 0.014839194498083273, 0.014839194498083273
2024-02-10, 0.014839194498083273, 0.014839194498083273
2024-02-10, 0.014839194498083273, 0.014839194498083273
2024-02-10, 0.014839194498083273, 0.014839194498083273
2024-02-10, 0.014839194498083273, 0.014839194498083273
2024-02-10, 0.014839194498083273, 0.014839194498083273
2024-02-10, 0.014839194498083273, 0.014839194498083273
2024-02-10, 0.014839194498083273, 0.014839194498083273
2024-02-10, 0.007419597249041642, 0.007419597249041642
2024-02-10, 0.022829529997051193, 0.022829529997051193
2024-02-10, 0.021117315247272353, 0.021117315247272353
2024-02-10, 0.013697717998230712, 0.013697717998230712
2024-01-11, 0.002853691249631401, 0.002853691249631401
2024-01-11, 0.011985503248451884, 0.011985503248451884
2024-01-11, 0.011985503248451884, 0.011985503248451884
2024-01-11, 0.011985503248451884, 0.011985503248451884
2024-01-11, 0.011985503248451884, 0.011985503248451884
2024-01-11, 0.011985503248451884, 0.011985503248451884
2024-01-11, 0.011985503248451884, 0.011985503248451884
2024-01-11, 0.011985503248451884, 0.011985503248451884
2024-01-11, 0.011985503248451884, 0.011985503248451884
2024-01-11, 0.011985503248451884, 0.011985503248451884
2024-01-11, 0.011985503248451884, 0.011985503248451884
2024-01-11, 0.006278120749189082, 0.006278120749189082
2024-01-11, 0.0045659059994102415, 0.0045659059994102415
2024-01-11, 0.0022829529997051208, 0.0022829529997051208
2024-01-11, 0.026253959496608876, 0.026253959496608876
2023-12-12, 0.006848858999115362, 0.006848858999115362
2023-12-12, 0.011985503248451884, 0.011985503248451884
2023-12-12, 0.011985503248451884, 0.011985503248451884
2023-12-12, 0.011985503248451884, 0.011985503248451884
2023-12-12, 0.011985503248451884, 0.011985503248451884
2023-12-12, 0.011985503248451884, 0.011985503248451884
2023-12-12, 0.011985503248451884, 0.011985503248451884
2023-12-12, 0.011985503248451884, 0.011985503248451884
2023-12-12, 0.011985503248451884, 0.011985503248451884
2023-12-12, 0.011985503248451884, 0.011985503248451884
2023-12-12, 0.011985503248451884, 0.011985503248451884
2023-12-12, 0.0045659059994102415, 0.0045659059994102415
2023-12-12, 0.005136644249336521, 0.005136644249336521
2023-12-12, 0.008561073748894203, 0.008561073748894203
2023-12-12, 0.005136644249336521, 0.005136644249336521
2023-11-12, 0.01084402674859931, 0.01084402674859931
2023-11-12, 0.024541744746830022, 0.024541744746830022
2023-11-12, 0.024541744746830022, 0.024541744746830022
2023-11-12, 0.024541744746830022, 0.024541744746830022
2023-11-12, 0.024541744746830022, 0.024541744746830022
2023-11-12, 0.024541744746830022, 0.024541744746830022
2023-11-12, 0.024541744746830022, 0.024541744746830022
2023-11-12, 0.024541744746830022, 0.024541744746830022
2023-11-12, 0.024541744746830022, 0.024541744746830022
2023-11-12, 0.024541744746830022, 0.024541744746830022
2023-11-12, 0.024541744746830022, 0.024541744746830022
2023-11-12, 0.01084402674859931, 0.01084402674859931
2023-11-12, 0.03367355674565051, 0.03367355674565051
2023-11-12, 0.015409932748009551, 0.015409932748009551
2023-11-12, 0.027966174246387702, 0.027966174246387702
2023-10-13, 0.022829529997051182, 0.022829529997051182
2023-10-13, 0.015980670997935834, 0.015980670997935834
2023-10-13, 0.015980670997935834, 0.015980670997935834
2023-10-13, 0.015980670997935834, 0.015980670997935834
2023-10-13, 0.015980670997935834, 0.015980670997935834
2023-10-13, 0.015980670997935834, 0.015980670997935834
2023-10-13, 0.015980670997935834, 0.015980670997935834
2023-10-13, 0.015980670997935834, 0.015980670997935834
2023-10-13, 0.015980670997935834, 0.015980670997935834
2023-10-13, 0.015980670997935834, 0.015980670997935834
2023-10-13, 0.015980670997935834, 0.015980670997935834
2023-10-13, 0.016551409247862112, 0.016551409247862112
2023-10-13, 0.0022829529997051208, 0.0022829529997051208
2023-10-13, 0.007419597249041642, 0.007419597249041642
2023-10-13, 0.023971006496903743, 0.023971006496903743
2023-09-13, 0.0011414764998525604, 0.0011414764998525604
2023-09-13, 0.017692885747714673, 0.017692885747714673
2023-09-13, 0.017692885747714673, 0.017692885747714673
2023-09-13, 0.017692885747714673, 0.017692885747714673
2023-09-13, 0.017692885747714673, 0.017692885747714673
2023-09-13, 0.017692885747714673, 0.017692885747714673
2023-09-13, 0.017692885747714673, 0.017692885747714673
2023-09-13, 0.017692885747714673, 0.017692885747714673
2023-09-13, 0.017692885747714673, 0.017692885747714673
2023-09-13, 0.017692885747714673, 0.017692885747714673
2023-09-13, 0.017692885747714673, 0.017692885747714673
2023-09-13, 0.0, 0.0
2023-09-13, 0.003424429499557681, 0.003424429499557681
2023-09-13, 0.025683221246682583, 0.025683221246682583
2023-09-13, 0.00856107374889419, 0.00856107374889419
2023-08-14, 0.002853691249631401, 0.002853691249631401
2023-08-14, 0.01712214749778839, 0.01712214749778839
2023-08-14, 0.01712214749778839, 0.01712214749778839
2023-08-14, 0.01712214749778839, 0.01712214749778839
2023-08-14, 0.01712214749778839, 0.01712214749778839
2023-08-14, 0.01712214749778839, 0.01712214749778839
2023-08-14, 0.01712214749778839, 0.01712214749778839
2023-08-14, 0.01712214749778839, 0.01712214749778839
2023-08-14, 0.01712214749778839, 0.01712214749778839
2023-08-14, 0.01712214749778839, 0.01712214749778839
2023-08-14, 0.01712214749778839, 0.01712214749778839
2023-08-14, 0.002853691249631401, 0.002853691249631401
2023-08-14, 0.03424429499557678, 0.03424429499557678
2023-08-14, 0.01712214749778839, 0.01712214749778839
2023-08-14, 0.028536912496313984, 0.028536912496313984
2023-07-15, 0.0022829529997051208, 0.0022829529997051208
2023-07-15, 0.02340026824697746, 0.02340026824697746
2023-07-15, 0.02340026824697746, 0.02340026824697746
2023-07-15, 0.02340026824697746, 0.02340026824697746
2023-07-15, 0.02340026824697746, 0.02340026824697746
2023-07-15, 0.02340026824697746, 0.02340026824697746
2023-07-15, 0.02340026824697746, 0.02340026824697746
2023-07-15, 0.02340026824697746, 0.02340026824697746
2023-07-15, 0.02340026824697746, 0.02340026824697746
2023-07-15, 0.02340026824697746, 0.02340026824697746
2023-07-15, 0.02340026824697746, 0.02340026824697746
2023-07-15, 0.005136644249336521, 0.005136644249336521
2023-07-15, 0.03196134199587167, 0.03196134199587167
2023-07-15, 0.009131811998820471, 0.009131811998820471
2023-07-15, 0.011985503248451872, 0.011985503248451872
2023-06-15, 0.003424429499557681, 0.003424429499557681
2023-06-15, 0.027966174246387702, 0.027966174246387702
2023-06-15, 0.027966174246387702, 0.027966174246387702
2023-06-15, 0.027966174246387702, 0.027966174246387702
2023-06-15, 0.027966174246387702, 0.027966174246387702
2023-06-15, 0.027966174246387702, 0.027966174246387702
2023-06-15, 0.027966174246387702, 0.027966174246387702
2023-06-15, 0.027966174246387702, 0.027966174246387702
2023-06-15, 0.027966174246387702, 0.027966174246387702
2023-06-15, 0.027966174246387702, 0.027966174246387702
2023-06-15, 0.027966174246387702, 0.027966174246387702
2023-06-15, 0.003424429499557681, 0.003424429499557681
2023-06-15, 0.03253208024579794, 0.03253208024579794
2023-06-15, 0.013697717998230712, 0.013697717998230712
2023-06-15, 0.030249127246092824, 0.030249127246092824
2023-05-16, 0.0011414764998525604, 0.0011414764998525604
2023-05-16, 0.024541744746830022, 0.024541744746830022
2023-05-16, 0.024541744746830022, 0.024541744746830022
2023-05-16, 0.024541744746830022, 0.024541744746830022
2023-05-16, 0.024541744746830022, 0.024541744746830022
2023-05-16, 0.024541744746830022, 0.024541744746830022
2023-05-16, 0.024541744746830022, 0.024541744746830022
2023-05-16, 0.024541744746830022, 0.024541744746830022
2023-05-16, 0.024541744746830022, 0.024541744746830022
2023-05-16, 0.024541744746830022, 0.024541744746830022
2023-05-16, 0.024541744746830022, 0.024541744746830022
2023-05-16, 0.0045659059994102415, 0.0045659059994102415
2023-05-16, 0.03995167749483958, 0.03995167749483958
2023-05-16, 0.019405100497493513, 0.019405100497493513
2023-05-16, 0.01084402674859931, 0.01084402674859931
2023-04-16, 0.00799033549896791, 0.00799033549896791
2023-04-16, 0.02340026824697746, 0.02340026824697746
2023-04-16, 0.02340026824697746, 0.02340026824697746
2023-04-16, 0.02340026824697746, 0.02340026824697746
2023-04-16, 0.02340026824697746, 0.02340026824697746
2023-04-16, 0.02340026824697746, 0.02340026824697746
2023-04-16, 0.02340026824697746, 0.02340026824697746
2023-04-16, 0.02340026824697746, 0.02340026824697746
2023-04-16, 0.02340026824697746, 0.02340026824697746
2023-04-16, 0.02340026824697746, 0.02340026824697746
2023-04-16, 0.02340026824697746, 0.02340026824697746
2023-04-16, 0.005707382499262802, 0.005707382499262802
2023-04-16, 0.00684885899911535, 0.00684885899911535
2023-04-16, 0.009131811998820471, 0.009131811998820471
2023-04-16, 0.0222587917471249, 0.0222587917471249
2023-03-17, 0.00684885899911535, 0.00684885899911535
2023-03-17, 0.027395435996461423, 0.027395435996461423
2023-03-17, 0.027395435996461423, 0.027395435996461423
2023-03-17, 0.027395435996461423, 0.027395435996461423
2023-03-17, 0.027395435996461423, 0.027395435996461423
2023-03-17, 0.027395435996461423, 0.027395435996461423
2023-03-17, 0.027395435996461423, 0.027395435996461423
2023-03-17, 0.027395435996461423, 0.027395435996461423
2023-03-17, 0.027395435996461423, 0.027395435996461423
2023-03-17, 0.027395435996461423, 0.027395435996461423
2023-03-17, 0.027395435996461423, 0.027395435996461423
2023-03-17, 0.00684885899911535, 0.00684885899911535
2023-03-17, 0.043946845244323525, 0.043946845244323525
2023-03-17, 0.01712214749778839, 0.01712214749778839
2023-03-17, 0.03538577149542933, 0.03538577149542933
2023-02-15, 0.002853691249631401, 0.002853691249631401
2023-02-15, 0.028536912496313984, 0.028536912496313984
2023-02-15, 0.028536912496313984, 0.028536912496313984
2023-02-15, 0.028536912496313984, 0.028536912496313984
2023-02-15, 0.028536912496313984, 0.028536912496313984
2023-02-15, 0.028536912496313984, 0.028536912496313984
2023-02-15, 0.028536912496313984, 0.028536912496313984
2023-02-15, 0.028536912496313984, 0.028536912496313984
2023-02-15, 0.028536912496313984, 0.028536912496313984
2023-02-15, 0.028536912496313984, 0.028536912496313984
2023-02-15, 0.028536912496313984, 0.028536912496313984
2023-02-15, 0.0045659059994102285, 0.0045659059994102285
2023-02-15, 0.041093153994692135, 0.041093153994692135
2023-02-15, 0.01027328849867303, 0.01027328849867303
2023-02-15, 0.030249127246092824, 0.030249127246092824
2023-01-16, 0.0, 0.0
2023-01-16, 0.01997583874741978, 0.01997583874741978
2023-01-16, 0.01997583874741978, 0.01997583874741978
2023-01-16, 0.01997583874741978, 0.01997583874741978
2023-01-16, 0.01997583874741978, 0.01997583874741978
2023-01-16, 0.01997583874741978, 0.01997583874741978
2023-01-16, 0.01997583874741978, 0.01997583874741978
2023-01-16, 0.01997583874741978, 0.01997583874741978
2023-01-16, 0.01997583874741978, 0.01997583874741978
2023-01-16, 0.01997583874741978, 0.01997583874741978
2023-01-16, 0.01997583874741978, 0.01997583874741978
2023-01-16, 0.0005707382499262675, 0.0005707382499262675
2023-01-16, 0.03766872449513444, 0.03766872449513444
2023-01-16, 0.013126979748304431, 0.013126979748304431
2023-01-16, 0.034244294995576775, 0.034244294995576775
2022-12-17, 0.0017122147497788405, 0.0017122147497788405
2022-12-17, 0.0222587917471249, 0.0222587917471249
2022-12-17, 0.0222587917471249, 0.0222587917471249
2022-12-17, 0.0222587917471249, 0.0222587917471249
2022-12-17, 0.0222587917471249, 0.0222587917471249
2022-12-17, 0.0222587917471249, 0.0222587917471249
2022-12-17, 0.0222587917471249, 0.0222587917471249
2022-12-17, 0.0222587917471249, 0.0222587917471249
2022-12-17, 0.0222587917471249, 0.0222587917471249
2022-12-17, 0.0222587917471249, 0.0222587917471249
2022-12-17, 0.0222587917471249, 0.0222587917471249
2022-12-17, 0.002282952999705108, 0.002282952999705108
2022-12-17, 0.026824697746535144, 0.026824697746535144
2022-12-17, 0.00799033549896791, 0.00799033549896791
2022-12-17, 0.03196134199587165, 0.03196134199587165
2022-11-17, 0.003995167749483949, 0.003995167749483949
2022-11-17, 0.024541744746830022, 0.024541744746830022
2022-11-17, 0.024541744746830022, 0.024541744746830022
2022-11-17, 0.024541744746830022, 0.024541744746830022
2022-11-17, 0.024541744746830022, 0.024541744746830022
2022-11-17, 0.024541744746830022, 0.024541744746830022
2022-11-17, 0.024541744746830022, 0.024541744746830022
2022-11-17, 0.024541744746830022, 0.024541744746830022
2022-11-17, 0.024541744746830022, 0.024541744746830022
2022-11-17, 0.024541744746830022, 0.024541744746830022
2022-11-17, 0.024541744746830022, 0.024541744746830022
2022-11-17, 0.005707382499262789, 0.005707382499262789
2022-11-17, 0.03766872449513444, 0.03766872449513444
2022-11-17, 0.0011414764998525604, 0.0011414764998525604
2022-11-17, 0.00970255024874675, 0.00970255024874675
2022-10-18, 0.01084402674859931, 0.01084402674859931
2022-10-18, 0.029678388996166545, 0.029678388996166545
2022-10-18, 0.029678388996166545, 0.029678388996166545
2022-10-18, 0.029678388996166545, 0.029678388996166545
2022-10-18, 0.029678388996166545, 0.029678388996166545
2022-10-18, 0.029678388996166545, 0.029678388996166545
2022-10-18, 0.029678388996166545, 0.029678388996166545
2022-10-18, 0.029678388996166545, 0.029678388996166545
2022-10-18, 0.029678388996166545, 0.029678388996166545
2022-10-18, 0.029678388996166545, 0.029678388996166545
2022-10-18, 0.029678388996166545, 0.029678388996166545
2022-10-18, 0.00970255024874675, 0.00970255024874675
2022-10-18, 0.01027328849867303, 0.01027328849867303
2022-10-18, 0.04223463049454469, 0.04223463049454469
2022-10-18, 0.019405100497493513, 0.019405100497493513
2022-09-18, 0.006278120749189082, 0.006278120749189082
2022-09-18, 0.023971006496903743, 0.023971006496903743
2022-09-18, 0.023971006496903743, 0.023971006496903743
2022-09-18, 0.023971006496903743, 0.023971006496903743
2022-09-18, 0.023971006496903743, 0.023971006496903743
2022-09-18, 0.023971006496903743, 0.023971006496903743
2022-09-18, 0.023971006496903743, 0.023971006496903743
2022-09-18, 0.023971006496903743, 0.023971006496903743
2022-09-18, 0.023971006496903743, 0.023971006496903743
2022-09-18, 0.023971006496903743, 0.023971006496903743
2022-09-18, 0.023971006496903743, 0.023971006496903743
2022-09-18, 0.011985503248451872, 0.011985503248451872
2022-09-18, 0.036527247995281904, 0.036527247995281904
2022-09-18, 0.01712214749778839, 0.01712214749778839
2022-09-18, 0.014839194498083273, 0.014839194498083273
2022-08-19, 0.007990335498967922, 0.007990335498967922
2022-08-19, 0.027395435996461423, 0.027395435996461423
2022-08-19, 0.027395435996461423, 0.027395435996461423
2022-08-19, 0.027395435996461423, 0.027395435996461423
2022-08-19, 0.027395435996461423, 0.027395435996461423
2022-08-19, 0.027395435996461423, 0.027395435996461423
2022-08-19, 0.027395435996461423, 0.027395435996461423
2022-08-19, 0.027395435996461423, 0.027395435996461423
2022-08-19, 0.027395435996461423, 0.027395435996461423
2022-08-19, 0.027395435996461423, 0.027395435996461423
2022-08-19, 0.027395435996461423, 0.027395435996461423
2022-08-19, 0.007990335498967922, 0.007990335498967922
2022-08-19, 0.03253208024579794, 0.03253208024579794
2022-08-19, 0.014268456248156992, 0.014268456248156992
2022-08-19, 0.033102818495724225, 0.033102818495724225
2022-07-20, 0.01027328849867303, 0.01027328849867303
2022-07-20, 0.016551409247862112, 0.016551409247862112
2022-07-20, 0.016551409247862112, 0.016551409247862112
2022-07-20, 0.016551409247862112, 0.016551409247862112
2022-07-20, 0.016551409247862112, 0.016551409247862112
2022-07-20, 0.016551409247862112, 0.016551409247862112
2022-07-20, 0.016551409247862112, 0.016551409247862112
2022-07-20, 0.016551409247862112, 0.016551409247862112
2022-07-20, 0.016551409247862112, 0.016551409247862112
2022-07-20, 0.016551409247862112, 0.016551409247862112
2022-07-20, 0.016551409247862112, 0.016551409247862112
2022-07-20, 0.00970255024874675, 0.00970255024874675
2022-07-20, 0.013126979748304431, 0.013126979748304431
2022-07-20, 0.029678388996166545, 0.029678388996166545
2022-07-20, 0.027395435996461423, 0.027395435996461423
2022-06-20, 0.01027328849867303, 0.01027328849867303
2022-06-20, 0.018263623997640952, 0.018263623997640952
2022-06-20, 0.018263623997640952, 0.018263623997640952
2022-06-20, 0.018263623997640952, 0.018263623997640952
2022-06-20, 0.018263623997640952, 0.018263623997640952
2022-06-20, 0.018263623997640952, 0.018263623997640952
2022-06-20, 0.018263623997640952, 0.018263623997640952
2022-06-20, 0.018263623997640952, 0.018263623997640952
2022-06-20, 0.018263623997640952, 0.018263623997640952
2022-06-20, 0.018263623997640952, 0.018263623997640952
2022-06-20, 0.018263623997640952, 0.018263623997640952
2022-06-20, 0.006848858999115362, 0.006848858999115362
2022-06-20, 0.00970255024874675, 0.00970255024874675
2022-06-20, 0.01027328849867303, 0.01027328849867303
2022-06-20, 0.014268456248156992, 0.014268456248156992
2022-05-21, 0.009131811998820471, 0.009131811998820471
2022-05-21, 0.019975838747419792, 0.019975838747419792
2022-05-21, 0.019975838747419792, 0.019975838747419792
2022-05-21, 0.019975838747419792, 0.019975838747419792
2022-05-21, 0.019975838747419792, 0.019975838747419792
2022-05-21, 0.019975838747419792, 0.019975838747419792
2022-05-21, 0.019975838747419792, 0.019975838747419792
2022-05-21, 0.019975838747419792, 0.019975838747419792
2022-05-21, 0.019975838747419792, 0.019975838747419792
2022-05-21, 0.019975838747419792, 0.019975838747419792
2022-05-21, 0.019975838747419792, 0.019975838747419792
2022-05-21, 0.005707382499262802, 0.005707382499262802
2022-05-21, 0.011414764998525591, 0.011414764998525591
2022-05-21, 0.029678388996166545, 0.029678388996166545
2022-05-21, 0.019405100497493513, 0.019405100497493513
2022-04-21, 0.009131811998820471, 0.009131811998820471
2022-04-21, 0.021117315247272343, 0.021117315247272343
2022-04-21, 0.021117315247272343, 0.021117315247272343
2022-04-21, 0.021117315247272343, 0.021117315247272343
2022-04-21, 0.021117315247272343, 0.021117315247272343
2022-04-21, 0.021117315247272343, 0.021117315247272343
2022-04-21, 0.021117315247272343, 0.021117315247272343
2022-04-21, 0.021117315247272343, 0.021117315247272343
2022-04-21, 0.021117315247272343, 0.021117315247272343
2022-04-21, 0.021117315247272343, 0.021117315247272343
2022-04-21, 0.021117315247272343, 0.021117315247272343
2022-04-21, 0.005707382499262789, 0.005707382499262789
2022-04-21, 0.005707382499262789, 0.005707382499262789
2022-04-21, 0.029678388996166545, 0.029678388996166545
2022-04-21, 0.01712214749778838, 0.01712214749778838
2022-03-22, 0.005707382499262789, 0.005707382499262789
2022-03-22, 0.02054657699734606, 0.02054657699734606
2022-03-22, 0.02054657699734606, 0.02054657699734606
2022-03-22, 0.02054657699734606, 0.02054657699734606
2022-03-22, 0.02054657699734606, 0.02054657699734606
2022-03-22, 0.02054657699734606, 0.02054657699734606
2022-03-22, 0.02054657699734606, 0.02054657699734606
2022-03-22, 0.02054657699734606, 0.02054657699734606
2022-03-22, 0.02054657699734606, 0.02054657699734606
2022-03-22, 0.02054657699734606, 0.02054657699734606
2022-03-22, 0.02054657699734606, 0.02054657699734606
2022-03-22, 0.005136644249336509, 0.005136644249336509
2022-03-22, 0.025683221246682583, 0.025683221246682583
2022-03-22, 0.011985503248451872, 0.011985503248451872
2022-03-22, 0.0251124829967563, 0.0251124829967563
2022-02-20, 0.00799033549896791, 0.00799033549896791
2022-02-20, 0.025683221246682583, 0.025683221246682583
2022-02-20, 0.025683221246682583, 0.025683221246682583
2022-02-20, 0.025683221246682583, 0.025683221246682583
2022-02-20, 0.025683221246682583, 0.025683221246682583
2022-02-20, 0.025683221246682583, 0.025683221246682583
2022-02-20, 0.025683221246682583, 0.025683221246682583
2022-02-20, 0.025683221246682583, 0.025683221246682583
2022-02-20, 0.025683221246682583, 0.025683221246682583
2022-02-20, 0.025683221246682583, 0.025683221246682583
2022-02-20, 0.025683221246682583, 0.025683221246682583
2022-02-20, 0.00970255024874675, 0.00970255024874675
2022-02-20, 0.00799033549896791, 0.00799033549896791
2022-02-20, 0.03652724799528189, 0.03652724799528189
2022-02-20, 0.01712214749778838, 0.01712214749778838
2022-01-21, 0.003995167749483961, 0.003995167749483961
2022-01-21, 0.015409932748009551, 0.015409932748009551
2022-01-21, 0.015409932748009551, 0.015409932748009551
2022-01-21, 0.015409932748009551, 0.015409932748009551
2022-01-21, 0.015409932748009551, 0.015409932748009551
2022-01-21, 0.015409932748009551, 0.015409932748009551
2022-01-21, 0.015409932748009551, 0.015409932748009551
2022-01-21, 0.015409932748009551, 0.015409932748009551
2022-01-21, 0.015409932748009551, 0.015409932748009551
2022-01-21, 0.015409932748009551, 0.015409932748009551
2022-01-21, 0.015409932748009551, 0.015409932748009551
2022-01-21, 0.005136644249336521, 0.005136644249336521
2022-01-21, 0.025112482996756315, 0.025112482996756315
2022-01-21, 0.011985503248451884, 0.011985503248451884
2022-01-21, 0.020546576997346074, 0.020546576997346074
2021-12-22, 0.011985503248451872, 0.011985503248451872
2021-12-22, 0.018263623997640942, 0.018263623997640942
2021-12-22, 0.018263623997640942, 0.018263623997640942
2021-12-22, 0.018263623997640942, 0.018263623997640942
2021-12-22, 0.018263623997640942, 0.018263623997640942
2021-12-22, 0.018263623997640942, 0.018263623997640942
2021-12-22, 0.018263623997640942, 0.018263623997640942
2021-12-22, 0.018263623997640942, 0.018263623997640942
2021-12-22, 0.018263623997640942, 0.018263623997640942
2021-12-22, 0.018263623997640942, 0.018263623997640942
2021-12-22, 0.018263623997640942, 0.018263623997640942
2021-12-22, 0.01084402674859931, 0.01084402674859931
2021-12-22, 0.029107650746240263, 0.029107650746240263
2021-12-22, 0.01712214749778838, 0.01712214749778838
2021-12-22, 0.023971006496903743, 0.023971006496903743
2021-11-22, 0.007419597249041629, 0.007419597249041629
2021-11-22, 0.02054657699734606, 0.02054657699734606
2021-11-22, 0.02054657699734606, 0.02054657699734606
2021-11-22, 0.02054657699734606, 0.02054657699734606
2021-11-22, 0.02054657699734606, 0.02054657699734606
2021-11-22, 0.02054657699734606, 0.02054657699734606
2021-11-22, 0.02054657699734606, 0.02054657699734606
2021-11-22, 0.02054657699734606, 0.02054657699734606
2021-11-22, 0.02054657699734606, 0.02054657699734606
2021-11-22, 0.02054657699734606, 0.02054657699734606
2021-11-22, 0.02054657699734606, 0.02054657699734606
2021-11-22, 0.00799033549896791, 0.00799033549896791
2021-11-22, 0.025683221246682583, 0.025683221246682583
2021-11-22, 0.015409932748009551, 0.015409932748009551
2021-11-22, 0.027395435996461423, 0.027395435996461423
2021-10-23, 0.00970255024874675, 0.00970255024874675
2021-10-23, 0.02168805349719862, 0.02168805349719862
2021-10-23, 0.02168805349719862, 0.02168805349719862
2021-10-23, 0.02168805349719862, 0.02168805349719862
2021-10-23, 0.02168805349719862, 0.02168805349719862
2021-10-23, 0.02168805349719862, 0.02168805349719862
2021-10-23, 0.02168805349719862, 0.02168805349719862
2021-10-23, 0.02168805349719862, 0.02168805349719862
2021-10-23, 0.02168805349719862, 0.02168805349719862
2021-10-23, 0.02168805349719862, 0.02168805349719862
2021-10-23, 0.02168805349719862, 0.02168805349719862
2021-10-23, 0.00684885899911535, 0.00684885899911535
2021-10-23, 0.011985503248451872, 0.011985503248451872
2021-10-23, 0.015409932748009551, 0.015409932748009551
2021-10-23, 0.011414764998525591, 0.011414764998525591
2021-09-23, 0.006278120749189069, 0.006278120749189069
2021-09-23, 0.02054657699734606, 0.02054657699734606
2021-09-23, 0.02054657699734606, 0.02054657699734606
2021-09-23, 0.02054657699734606, 0.02054657699734606
2021-09-23, 0.02054657699734606, 0.02054657699734606
2021-09-23, 0.02054657699734606, 0.02054657699734606
2021-09-23, 0.02054657699734606, 0.02054657699734606
2021-09-23, 0.02054657699734606, 0.02054657699734606
2021-09-23, 0.02054657699734606, 0.02054657699734606
2021-09-23, 0.02054657699734606, 0.02054657699734606
2021-09-23, 0.02054657699734606, 0.02054657699734606
2021-09-23, 0.00684885899911535, 0.00684885899911535
2021-09-23, 0.030819865496019092, 0.030819865496019092
2021-09-23, 0.014839194498083273, 0.014839194498083273
2021-09-23, 0.026253959496608862, 0.026253959496608862
2021-08-24, 0.00799033549896791, 0.00799033549896791
2021-08-24, 0.026253959496608862, 0.026253959496608862
2021-08-24, 0.026253959496608862, 0.026253959496608862
2021-08-24, 0.026253959496608862, 0.026253959496608862
2021-08-24, 0.026253959496608862, 0.026253959496608862
2021-08-24, 0.026253959496608862, 0.026253959496608862
2021-08-24, 0.026253959496608862, 0.026253959496608862
2021-08-24, 0.026253959496608862, 0.026253959496608862
2021-08-24, 0.026253959496608862, 0.026253959496608862
2021-08-24, 0.026253959496608862, 0.026253959496608862
2021-08-24, 0.026253959496608862, 0.026253959496608862
2021-08-24, 0.009131811998820471, 0.009131811998820471
2021-08-24, 0.03310281849572421, 0.03310281849572421
2021-08-24, 0.01255624149837815, 0.01255624149837815
2021-08-24, 0.03310281849572421, 0.03310281849572421
2021-07-25, 0.0005707382499262802, 0.0005707382499262802
2021-07-25, 0.016551409247862112, 0.016551409247862112
2021-07-25, 0.016551409247862112, 0.016551409247862112
2021-07-25, 0.016551409247862112, 0.016551409247862112
2021-07-25, 0.016551409247862112, 0.016551409247862112
2021-07-25, 0.016551409247862112, 0.016551409247862112
2021-07-25, 0.016551409247862112, 0.016551409247862112
2021-07-25, 0.016551409247862112, 0.016551409247862112
2021-07-25, 0.016551409247862112, 0.016551409247862112
2021-07-25, 0.016551409247862112, 0.016551409247862112
2021-07-25, 0.016551409247862112, 0.016551409247862112
2021-07-25, 0.0, 0.0
2021-07-25, 0.029678388996166545, 0.029678388996166545
2021-07-25, 0.01027328849867303, 0.01027328849867303
2021-07-25, 0.022829529997051182, 0.022829529997051182
2021-06-25, 0.002853691249631401, 0.002853691249631401
2021-06-25, 0.011985503248451872, 0.011985503248451872
2021-06-25, 0.011985503248451872, 0.011985503248451872
2021-06-25, 0.011985503248451872, 0.011985503248451872
2021-06-25, 0.011985503248451872, 0.011985503248451872
2021-06-25, 0.011985503248451872, 0.011985503248451872
2021-06-25, 0.011985503248451872, 0.011985503248451872
2021-06-25, 0.011985503248451872, 0.011985503248451872
2021-06-25, 0.011985503248451872, 0.011985503248451872
2021-06-25, 0.011985503248451872, 0.011985503248451872
2021-06-25, 0.011985503248451872, 0.011985503248451872
2021-06-25, 0.002853691249631401, 0.002853691249631401
2021-06-25, 0.022829529997051182, 0.022829529997051182
2021-06-25, 0.01027328849867303, 0.01027328849867303
2021-06-25, 0.02168805349719862, 0.02168805349719862
2021-05-26, 0.0005707382499262802, 0.0005707382499262802
2021-05-26, 0.013697717998230712, 0.013697717998230712
2021-05-26, 0.013697717998230712, 0.013697717998230712
2021-05-26, 0.013697717998230712, 0.013697717998230712
2021-05-26, 0.013697717998230712, 0.013697717998230712
2021-05-26, 0.013697717998230712, 0.013697717998230712
2021-05-26, 0.013697717998230712, 0.013697717998230712
2021-05-26, 0.013697717998230712, 0.013697717998230712
2021-05-26, 0.013697717998230712, 0.013697717998230712
2021-05-26, 0.013697717998230712, 0.013697717998230712
2021-05-26, 0.013697717998230712, 0.013697717998230712
2021-05-26, 0.002853691249631401, 0.002853691249631401
2021-05-26, 0.0045659059994102415, 0.0045659059994102415
2021-05-26, 0.027395435996461423, 0.027395435996461423
2021-05-26, 0.00684885899911535, 0.00684885899911535
2021-04-26, 0.003424429499557681, 0.003424429499557681
2021-04-26, 0.016551409247862112, 0.016551409247862112
2021-04-26, 0.016551409247862112, 0.016551409247862112
2021-04-26, 0.016551409247862112, 0.016551409247862112
2021-04-26, 0.016551409247862112, 0.016551409247862112
2021-04-26, 0.016551409247862112, 0.016551409247862112
2021-04-26, 0.016551409247862112, 0.016551409247862112
2021-04-26, 0.016551409247862112, 0.016551409247862112
2021-04-26, 0.016551409247862112, 0.016551409247862112
2021-04-26, 0.016551409247862112, 0.016551409247862112
2021-04-26, 0.016551409247862112, 0.016551409247862112
2021-04-26, 0.003424429499557681, 0.003424429499557681
2021-04-26, 0.024541744746830022, 0.024541744746830022
2021-04-26, 0.013126979748304431, 0.013126979748304431
2021-04-26, 0.0222587917471249, 0.0222587917471249
2021-03-27, 0.0022829529997051208, 0.0022829529997051208
2021-03-27, 0.0194051004974935, 0.0194051004974935
2021-03-27, 0.0194051004974935, 0.0194051004974935
2021-03-27, 0.0194051004974935, 0.0194051004974935
2021-03-27, 0.0194051004974935, 0.0194051004974935
2021-03-27, 0.0194051004974935, 0.0194051004974935
2021-03-27, 0.0194051004974935, 0.0194051004974935
2021-03-27, 0.0194051004974935, 0.0194051004974935
2021-03-27, 0.0194051004974935, 0.0194051004974935
2021-03-27, 0.0194051004974935, 0.0194051004974935
2021-03-27, 0.0194051004974935, 0.0194051004974935
2021-03-27, 0.007419597249041629, 0.007419597249041629
2021-03-27, 0.0005707382499262802, 0.0005707382499262802
2021-03-27, 0.03709798624520817, 0.03709798624520817
2021-03-27, 0.014268456248156992, 0.014268456248156992
2021-02-25, 0.026824697746535144, 0.026824697746535144
2021-02-25, 0.05935677799233309, 0.05935677799233309
2021-02-25, 0.05935677799233309, 0.05935677799233309
2021-02-25, 0.05935677799233309, 0.05935677799233309
2021-02-25, 0.05935677799233309, 0.05935677799233309
2021-02-25, 0.05935677799233309, 0.05935677799233309
2021-02-25, 0.05935677799233309, 0.05935677799233309
2021-02-25, 0.05935677799233309, 0.05935677799233309
2021-02-25, 0.05935677799233309, 0.05935677799233309
2021-02-25, 0.05935677799233309, 0.05935677799233309
2021-02-25, 0.05935677799233309, 0.05935677799233309
2021-02-25, 0.021117315247272343, 0.021117315247272343
2021-02-25, 0.07419597249041635, 0.07419597249041635
2021-02-25, 0.0251124829967563, 0.0251124829967563
2021-02-25, 0.027966174246387702, 0.027966174246387702
2021-01-26, 0.015409932748009551, 0.015409932748009551
2021-01-26, 0.05650308674270167, 0.05650308674270167
2021-01-26, 0.05650308674270167, 0.05650308674270167
2021-01-26, 0.05650308674270167, 0.05650308674270167
2021-01-26, 0.05650308674270167, 0.05650308674270167
2021-01-26, 0.05650308674270167, 0.05650308674270167
2021-01-26, 0.05650308674270167, 0.05650308674270167
2021-01-26, 0.05650308674270167, 0.05650308674270167
2021-01-26, 0.05650308674270167, 0.05650308674270167
2021-01-26, 0.05650308674270167, 0.05650308674270167
2021-01-26, 0.05650308674270167, 0.05650308674270167
2021-01-26, 0.011985503248451872, 0.011985503248451872
2021-01-26, 0.07134228124078495, 0.07134228124078495
2021-01-26, 0.030249127246092824, 0.030249127246092824
2021-01-26, 0.030819865496019103, 0.030819865496019103
2020-12-27, 0.014268456248156992, 0.014268456248156992
2020-12-27, 0.04965422774358634, 0.04965422774358634
2020-12-27, 0.04965422774358634, 0.04965422774358634
2020-12-27, 0.04965422774358634, 0.04965422774358634
2020-12-27, 0.04965422774358634, 0.04965422774358634
2020-12-27, 0.04965422774358634, 0.04965422774358634
2020-12-27, 0.04965422774358634, 0.04965422774358634
2020-12-27, 0.04965422774358634, 0.04965422774358634
2020-12-27, 0.04965422774358634, 0.04965422774358634
2020-12-27, 0.04965422774358634, 0.04965422774358634
2020-12-27, 0.04965422774358634, 0.04965422774358634
2020-12-27, 0.015409932748009551, 0.015409932748009551
2020-12-27, 0.06677637524137471, 0.06677637524137471
2020-12-27, 0.034244294995576775, 0.034244294995576775
2020-12-27, 0.06506416049159588, 0.06506416049159588
2020-11-27, 0.013126979748304431, 0.013126979748304431
2020-11-27, 0.049083489493660044, 0.049083489493660044
2020-11-27, 0.049083489493660044, 0.049083489493660044
2020-11-27, 0.049083489493660044, 0.049083489493660044
2020-11-27, 0.049083489493660044, 0.049083489493660044
2020-11-27, 0.049083489493660044, 0.049083489493660044
2020-11-27, 0.049083489493660044, 0.049083489493660044
2020-11-27, 0.049083489493660044, 0.049083489493660044
2020-11-27, 0.049083489493660044, 0.049083489493660044
2020-11-27, 0.049083489493660044, 0.049083489493660044
2020-11-27, 0.049083489493660044, 0.049083489493660044
2020-11-27, 0.01084402674859931, 0.01084402674859931
2020-11-27, 0.018263623997640952, 0.018263623997640952
2020-11-27, 0.034244294995576775, 0.034244294995576775
2020-11-27, 0.06677637524137471, 0.06677637524137471
2020-10-28, 0.009131811998820471, 0.009131811998820471
2020-10-28, 0.057644563242554236, 0.057644563242554236
2020-10-28, 0.057644563242554236, 0.057644563242554236
2020-10-28, 0.057644563242554236, 0.057644563242554236
2020-10-28, 0.057644563242554236, 0.057644563242554236
2020-10-28, 0.057644563242554236, 0.057644563242554236
2020-10-28, 0.057644563242554236, 0.057644563242554236
2020-10-28, 0.057644563242554236, 0.057644563242554236
2020-10-28, 0.057644563242554236, 0.057644563242554236
2020-10-28, 0.057644563242554236, 0.057644563242554236
2020-10-28, 0.057644563242554236, 0.057644563242554236
2020-10-28, 0.018834362247567234, 0.018834362247567234
2020-10-28, 0.014268456248156992, 0.014268456248156992
2020-10-28, 0.06905932824107984, 0.06905932824107984
2020-10-28, 0.029678388996166545, 0.029678388996166545
2020-09-28, 0.01255624149837815, 0.01255624149837815
2020-09-28, 0.03995167749483958, 0.03995167749483958
2020-09-28, 0.03995167749483958, 0.03995167749483958
2020-09-28, 0.03995167749483958, 0.03995167749483958
2020-09-28, 0.03995167749483958, 0.03995167749483958
2020-09-28, 0.03995167749483958, 0.03995167749483958
2020-09-28, 0.03995167749483958, 0.03995167749483958
2020-09-28, 0.03995167749483958, 0.03995167749483958
2020-09-28, 0.03995167749483958, 0.03995167749483958
2020-09-28, 0.03995167749483958, 0.03995167749483958
2020-09-28, 0.03995167749483958, 0.03995167749483958
2020-09-28, 0.013126979748304431, 0.013126979748304431
2020-09-28, 0.029107650746240263, 0.029107650746240263
2020-09-28, 0.07191301949071123, 0.07191301949071123
2020-09-28, 0.058215301492480526, 0.058215301492480526
2020-08-29, 0.015980670997935834, 0.015980670997935834
2020-08-29, 0.052507918993217724, 0.052507918993217724
2020-08-29, 0.052507918993217724, 0.052507918993217724
2020-08-29, 0.052507918993217724, 0.052507918993217724
2020-08-29, 0.052507918993217724, 0.052507918993217724
2020-08-29, 0.052507918993217724, 0.052507918993217724
2020-08-29, 0.052507918993217724, 0.052507918993217724
2020-08-29, 0.052507918993217724, 0.052507918993217724
2020-08-29, 0.052507918993217724, 0.052507918993217724
2020-08-29, 0.052507918993217724, 0.052507918993217724
2020-08-29, 0.052507918993217724, 0.052507918993217724
2020-08-29, 0.017692885747714673, 0.017692885747714673
2020-08-29, 0.07305449599056378, 0.07305449599056378
2020-08-29, 0.029678388996166545, 0.029678388996166545
2020-08-29, 0.0194051004974935, 0.0194051004974935
2020-07-30, 0.021117315247272343, 0.021117315247272343
2020-07-30, 0.0616397309920382, 0.0616397309920382
2020-07-30, 0.0616397309920382, 0.0616397309920382
2020-07-30, 0.0616397309920382, 0.0616397309920382
2020-07-30, 0.0616397309920382, 0.0616397309920382
2020-07-30, 0.0616397309920382, 0.0616397309920382
2020-07-30, 0.0616397309920382, 0.0616397309920382
2020-07-30, 0.0616397309920382, 0.0616397309920382
2020-07-30, 0.0616397309920382, 0.0616397309920382
2020-07-30, 0.0616397309920382, 0.0616397309920382
2020-07-30, 0.0616397309920382, 0.0616397309920382
2020-07-30, 0.022829529997051182, 0.022829529997051182
2020-07-30, 0.081615569739458, 0.081615569739458
2020-07-30, 0.03823946274506074, 0.03823946274506074
2020-07-30, 0.06848858999115356, 0.06848858999115356
2020-06-30, 0.019405100497493513, 0.019405100497493513
2020-06-30, 0.05764456324255425, 0.05764456324255425
2020-06-30, 0.05764456324255425, 0.05764456324255425
2020-06-30, 0.05764456324255425, 0.05764456324255425
2020-06-30, 0.05764456324255425, 0.05764456324255425
2020-06-30, 0.05764456324255425, 0.05764456324255425
2020-06-30, 0.05764456324255425, 0.05764456324255425
2020-06-30, 0.05764456324255425, 0.05764456324255425
2020-06-30, 0.05764456324255425, 0.05764456324255425
2020-06-30, 0.05764456324255425, 0.05764456324255425
2020-06-30, 0.05764456324255425, 0.05764456324255425
2020-06-30, 0.015980670997935834, 0.015980670997935834
2020-06-30, 0.030249127246092824, 0.030249127246092824
2020-06-30, 0.04394684524432354, 0.04394684524432354
2020-06-30, 0.046800536493954936, 0.046800536493954936
2020-05-31, 0.026253959496608862, 0.026253959496608862
2020-05-31, 0.05878603974240681, 0.05878603974240681
2020-05-31, 0.05878603974240681, 0.05878603974240681
2020-05-31, 0.05878603974240681, 0.05878603974240681
2020-05-31, 0.05878603974240681, 0.05878603974240681
2020-05-31, 0.05878603974240681, 0.05878603974240681
2020-05-31, 0.05878603974240681, 0.05878603974240681
2020-05-31, 0.05878603974240681, 0.05878603974240681
2020-05-31, 0.05878603974240681, 0.05878603974240681
2020-05-31, 0.05878603974240681, 0.05878603974240681
2020-05-31, 0.05878603974240681, 0.05878603974240681
2020-05-31, 0.02168805349719862, 0.02168805349719862
2020-05-31, 0.08389852273916311, 0.08389852273916311
2020-05-31, 0.039380939244913295, 0.039380939244913295
2020-05-31, 0.03538577149542933, 0.03538577149542933
2020-05-01, 0.021117315247272343, 0.021117315247272343
2020-05-01, 0.05992751624225935, 0.05992751624225935
2020-05-01, 0.05992751624225935, 0.05992751624225935
2020-05-01, 0.05992751624225935, 0.05992751624225935
2020-05-01, 0.05992751624225935, 0.05992751624225935
2020-05-01, 0.05992751624225935, 0.05992751624225935
2020-05-01, 0.05992751624225935, 0.05992751624225935
2020-05-01, 0.05992751624225935, 0.05992751624225935
2020-05-01, 0.05992751624225935, 0.05992751624225935
2020-05-01, 0.05992751624225935, 0.05992751624225935
2020-05-01, 0.05992751624225935, 0.05992751624225935
2020-05-01, 0.026253959496608862, 0.026253959496608862
2020-05-01, 0.025683221246682583, 0.025683221246682583
2020-05-01, 0.027395435996461423, 0.027395435996461423
2020-05-01, 0.03196134199587167, 0.03196134199587167
2020-04-01, 0.02340026824697746, 0.02340026824697746
2020-04-01, 0.059356777992333076, 0.059356777992333076
2020-04-01, 0.059356777992333076, 0.059356777992333076
2020-04-01, 0.059356777992333076, 0.059356777992333076
2020-04-01, 0.059356777992333076, 0.059356777992333076
2020-04-01, 0.059356777992333076, 0.059356777992333076
2020-04-01, 0.059356777992333076, 0.059356777992333076
2020-04-01, 0.059356777992333076, 0.059356777992333076
2020-04-01, 0.059356777992333076, 0.059356777992333076
2020-04-01, 0.059356777992333076, 0.059356777992333076
2020-04-01, 0.059356777992333076, 0.059356777992333076
2020-04-01, 0.0251124829967563, 0.0251124829967563
2020-04-01, 0.0730544959905638, 0.0730544959905638
2020-04-01, 0.046800536493954936, 0.046800536493954936
2020-04-01, 0.06106899274211193, 0.06106899274211193
2020-03-02, 0.0045659059994102415, 0.0045659059994102415
2020-03-02, 0.00856107374889419, 0.00856107374889419
2020-03-02, 0.00856107374889419, 0.00856107374889419
2020-03-02, 0.00856107374889419, 0.00856107374889419
2020-03-02, 0.00856107374889419, 0.00856107374889419
2020-03-02, 0.00856107374889419, 0.00856107374889419
2020-03-02, 0.00856107374889419, 0.00856107374889419
2020-03-02, 0.00856107374889419, 0.00856107374889419
2020-03-02, 0.00856107374889419, 0.00856107374889419
2020-03-02, 0.00856107374889419, 0.00856107374889419
2020-03-02, 0.00856107374889419, 0.00856107374889419
2020-03-02, 0.005707382499262796, 0.005707382499262796
2020-03-02, 0.017692885747714673, 0.017692885747714673
2020-03-02, 0.0045659059994102415, 0.0045659059994102415
2020-03-02, 0.0017122147497788405, 0.0017122147497788405
2020-02-01, 0.0022829529997051208, 0.0022829529997051208
2020-02-01, 0.006278120749189082, 0.006278120749189082
2020-02-01, 0.006278120749189082, 0.006278120749189082
2020-02-01, 0.006278120749189082, 0.006278120749189082
2020-02-01, 0.006278120749189082, 0.006278120749189082
2020-02-01, 0.006278120749189082, 0.006278120749189082
2020-02-01, 0.006278120749189082, 0.006278120749189082
2020-02-01, 0.006278120749189082, 0.006278120749189082
2020-02-01, 0.006278120749189082, 0.006278120749189082
2020-02-01, 0.006278120749189082, 0.006278120749189082
2020-02-01, 0.006278120749189082, 0.006278120749189082
2020-02-01, 0.0005707382499262802, 0.0005707382499262802
2020-02-01, 0.0011414764998525604, 0.0011414764998525604
2020-02-01, 0.0005707382499262802, 0.0005707382499262802
2020-02-01, 0.003424429499557681, 0.003424429499557681
2020-01-02, 0.00970255024874675, 0.00970255024874675
2020-01-02, 0.014268456248156992, 0.014268456248156992
2020-01-02, 0.014268456248156992, 0.014268456248156992
2020-01-02, 0.014268456248156992, 0.014268456248156992
2020-01-02, 0.014268456248156992, 0.014268456248156992
2020-01-02, 0.014268456248156992, 0.014268456248156992
2020-01-02, 0.014268456248156992, 0.014268456248156992
2020-01-02, 0.014268456248156992, 0.014268456248156992
2020-01-02, 0.014268456248156992, 0.014268456248156992
2020-01-02, 0.014268456248156992, 0.014268456248156992
2020-01-02, 0.014268456248156992, 0.014268456248156992
2020-01-02, 0.00970255024874675, 0.00970255024874675
2020-01-02, 0.01712214749778839, 0.01712214749778839
2020-01-02, 0.0022829529997051208, 0.0022829529997051208
2020-01-02, 0.018263623997640952, 0.018263623997640952
2019-12-03, 0.005707382499262802, 0.005707382499262802
2019-12-03, 0.019975838747419792, 0.019975838747419792
2019-12-03, 0.019975838747419792, 0.019975838747419792
2019-12-03, 0.019975838747419792, 0.019975838747419792
2019-12-03, 0.019975838747419792, 0.019975838747419792
2019-12-03, 0.019975838747419792, 0.019975838747419792
2019-12-03, 0.019975838747419792, 0.019975838747419792
2019-12-03, 0.019975838747419792, 0.019975838747419792
2019-12-03, 0.019975838747419792, 0.019975838747419792
2019-12-03, 0.019975838747419792, 0.019975838747419792
2019-12-03, 0.019975838747419792, 0.019975838747419792
2019-12-03, 0.006278120749189069, 0.006278120749189069
2019-12-03, 0.03253208024579794, 0.03253208024579794
2019-12-03, 0.014839194498083273, 0.014839194498083273
2019-12-03, 0.026253959496608862, 0.026253959496608862
2019-11-03, 0.0017122147497788405, 0.0017122147497788405
2019-11-03, 0.016551409247862112, 0.016551409247862112
2019-11-03, 0.016551409247862112, 0.016551409247862112
2019-11-03, 0.016551409247862112, 0.016551409247862112
2019-11-03, 0.016551409247862112, 0.016551409247862112
2019-11-03, 0.016551409247862112, 0.016551409247862112
2019-11-03, 0.016551409247862112, 0.016551409247862112
2019-11-03, 0.016551409247862112, 0.016551409247862112
2019-11-03, 0.016551409247862112, 0.016551409247862112
2019-11-03, 0.016551409247862112, 0.016551409247862112
2019-11-03, 0.016551409247862112, 0.016551409247862112
2019-11-03, 0.0017122147497788405, 0.0017122147497788405
2019-11-03, 0.016551409247862112, 0.016551409247862112
2019-11-03, 0.006278120749189082, 0.006278120749189082
2019-11-03, 0.015980670997935834, 0.015980670997935834
2019-10-04, 0.002853691249631401, 0.002853691249631401
2019-10-04, 0.0045659059994102285, 0.0045659059994102285
2019-10-04, 0.0045659059994102285, 0.0045659059994102285
2019-10-04, 0.0045659059994102285, 0.0045659059994102285
2019-10-04, 0.0045659059994102285, 0.0045659059994102285
2019-10-04, 0.0045659059994102285, 0.0045659059994102285
2019-10-04, 0.0045659059994102285, 0.0045659059994102285
2019-10-04, 0.0045659059994102285, 0.0045659059994102285
2019-10-04, 0.0045659059994102285, 0.0045659059994102285
2019-10-04, 0.0045659059994102285, 0.0045659059994102285
2019-10-04, 0.0045659059994102285, 0.0045659059994102285
2019-10-04, 0.002853691249631401, 0.002853691249631401
2019-10-04, 0.01598067099793582, 0.01598067099793582
2019-10-04, 0.002282952999705108, 0.002282952999705108
2019-10-04, 0.014268456248156992, 0.014268456248156992
2019-09-04, 0.00856107374889419, 0.00856107374889419
2019-09-04, 0.00970255024874675, 0.00970255024874675
2019-09-04, 0.00970255024874675, 0.00970255024874675
2019-09-04, 0.00970255024874675, 0.00970255024874675
2019-09-04, 0.00970255024874675, 0.00970255024874675
2019-09-04, 0.00970255024874675, 0.00970255024874675
2019-09-04, 0.00970255024874675, 0.00970255024874675
2019-09-04, 0.00970255024874675, 0.00970255024874675
2019-09-04, 0.00970255024874675, 0.00970255024874675
2019-09-04, 0.00970255024874675, 0.00970255024874675
2019-09-04, 0.00970255024874675, 0.00970255024874675
2019-09-04, 0.014268456248156992, 0.014268456248156992
2019-09-04, 0.00684885899911535, 0.00684885899911535
2019-09-04, 0.00684885899911535, 0.00684885899911535
2019-09-04, 0.0011414764998525604, 0.0011414764998525604
2019-08-05, 0.006278120749189069, 0.006278120749189069
2019-08-05, 0.013126979748304431, 0.013126979748304431
2019-08-05, 0.013126979748304431, 0.013126979748304431
2019-08-05, 0.013126979748304431, 0.013126979748304431
2019-08-05, 0.013126979748304431, 0.013126979748304431
2019-08-05, 0.013126979748304431, 0.013126979748304431
2019-08-05, 0.013126979748304431, 0.013126979748304431
2019-08-05, 0.013126979748304431, 0.013126979748304431
2019-08-05, 0.013126979748304431, 0.013126979748304431
2019-08-05, 0.013126979748304431, 0.013126979748304431
2019-08-05, 0.013126979748304431, 0.013126979748304431
2019-08-05, 0.0017122147497788279, 0.0017122147497788279
2019-08-05, 0.0005707382499262802, 0.0005707382499262802
2019-08-05, 0.006278120749189069, 0.006278120749189069
2019-08-05, 0.00799033549896791, 0.00799033549896791
2019-07-06, 0.0034244294995576683, 0.0034244294995576683
2019-07-06, 0.013697717998230712, 0.013697717998230712
2019-07-06, 0.013697717998230712, 0.013697717998230712
2019-07-06, 0.013697717998230712, 0.013697717998230712
2019-07-06, 0.013697717998230712, 0.013697717998230712
2019-07-06, 0.013697717998230712, 0.013697717998230712
2019-07-06, 0.013697717998230712, 0.013697717998230712
2019-07-06, 0.013697717998230712, 0.013697717998230712
2019-07-06, 0.013697717998230712, 0.013697717998230712
2019-07-06, 0.013697717998230712, 0.013697717998230712
2019-07-06, 0.013697717998230712, 0.013697717998230712
2019-07-06, 0.00799033549896791, 0.00799033549896791
2019-07-06, 0.022829529997051182, 0.022829529997051182
2019-07-06, 0.013697717998230712, 0.013697717998230712
2019-07-06, 0.018263623997640942, 0.018263623997640942
2019-06-06, 0.003995167749483949, 0.003995167749483949
2019-06-06, 0.01769288574771466, 0.01769288574771466
2019-06-06, 0.01769288574771466, 0.01769288574771466
2019-06-06, 0.01769288574771466, 0.01769288574771466
2019-06-06, 0.01769288574771466, 0.01769288574771466
2019-06-06, 0.01769288574771466, 0.01769288574771466
2019-06-06, 0.01769288574771466, 0.01769288574771466
2019-06-06, 0.01769288574771466, 0.01769288574771466
2019-06-06, 0.01769288574771466, 0.01769288574771466
2019-06-06, 0.01769288574771466, 0.01769288574771466
2019-06-06, 0.01769288574771466, 0.01769288574771466
2019-06-06, 0.003995167749483949, 0.003995167749483949
2019-06-06, 0.02340026824697746, 0.02340026824697746
2019-06-06, 0.01027328849867303, 0.01027328849867303
2019-06-06, 0.01883436224756722, 0.01883436224756722
2019-05-07, 0.00970255024874675, 0.00970255024874675
2019-05-07, 0.0194051004974935, 0.0194051004974935
2019-05-07, 0.0194051004974935, 0.0194051004974935
2019-05-07, 0.0194051004974935, 0.0194051004974935
2019-05-07, 0.0194051004974935, 0.0194051004974935
2019-05-07, 0.0194051004974935, 0.0194051004974935
2019-05-07, 0.0194051004974935, 0.0194051004974935
2019-05-07, 0.0194051004974935, 0.0194051004974935
2019-05-07, 0.0194051004974935, 0.0194051004974935
2019-05-07, 0.0194051004974935, 0.0194051004974935
2019-05-07, 0.0194051004974935, 0.0194051004974935
2019-05-07, 0.011985503248451872, 0.011985503248451872
2019-05-07, 0.00856107374889419, 0.00856107374889419
2019-05-07, 0.0022829529997051208, 0.0022829529997051208
2019-05-07, 0.009131811998820471, 0.009131811998820471
2019-04-07, 0.014268456248156992, 0.014268456248156992
2019-04-07, 0.01027328849867303, 0.01027328849867303
2019-04-07, 0.01027328849867303, 0.01027328849867303
2019-04-07, 0.01027328849867303, 0.01027328849867303
2019-04-07, 0.01027328849867303, 0.01027328849867303
2019-04-07, 0.01027328849867303, 0.01027328849867303
2019-04-07, 0.01027328849867303, 0.01027328849867303
2019-04-07, 0.01027328849867303, 0.01027328849867303
2019-04-07, 0.01027328849867303, 0.01027328849867303
2019-04-07, 0.01027328849867303, 0.01027328849867303
2019-04-07, 0.01027328849867303, 0.01027328849867303
2019-04-07, 0.013697717998230712, 0.013697717998230712
2019-04-07, 0.01084402674859931, 0.01084402674859931
2019-04-07, 0.014268456248156992, 0.014268456248156992
2019-04-07, 0.01883436224756722, 0.01883436224756722
2019-03-08, 0.01997583874741978, 0.01997583874741978
2019-03-08, 0.01997583874741978, 0.01997583874741978
2019-03-08, 0.01997583874741978, 0.01997583874741978
2019-03-08, 0.01997583874741978, 0.01997583874741978
2019-03-08, 0.01997583874741978, 0.01997583874741978
2019-03-08, 0.01997583874741978, 0.01997583874741978
2019-03-08, 0.01997583874741978, 0.01997583874741978
2019-03-08, 0.01997583874741978, 0.01997583874741978
2019-03-08, 0.01997583874741978, 0.01997583874741978
2019-03-08, 0.01997583874741978, 0.01997583874741978
2019-03-08, 0.01997583874741978, 0.01997583874741978
2019-03-08, 0.00970255024874675, 0.00970255024874675
2019-03-08, 0.013126979748304431, 0.013126979748304431
2019-03-08, 0.014268456248156992, 0.014268456248156992
2019-03-08, 0.009131811998820471, 0.009131811998820471
2019-02-06, 0.00799033549896791, 0.00799033549896791
2019-02-06, 0.02054657699734606, 0.02054657699734606
2019-02-06, 0.02054657699734606, 0.02054657699734606
2019-02-06, 0.02054657699734606, 0.02054657699734606
2019-02-06, 0.02054657699734606, 0.02054657699734606
2019-02-06, 0.02054657699734606, 0.02054657699734606
2019-02-06, 0.02054657699734606, 0.02054657699734606
2019-02-06, 0.02054657699734606, 0.02054657699734606
2019-02-06, 0.02054657699734606, 0.02054657699734606
2019-02-06, 0.02054657699734606, 0.02054657699734606
2019-02-06, 0.02054657699734606, 0.02054657699734606
2019-02-06, 0.009131811998820471, 0.009131811998820471
2019-02-06, 0.01084402674859931, 0.01084402674859931
2019-02-06, 0.01769288574771466, 0.01769288574771466
2019-02-06, 0.02340026824697746, 0.02340026824697746
2019-01-07, 0.002282952999705108, 0.002282952999705108
2019-01-07, 0.007990335498967922, 0.007990335498967922
2019-01-07, 0.007990335498967922, 0.007990335498967922
2019-01-07, 0.007990335498967922, 0.007990335498967922
2019-01-07, 0.007990335498967922, 0.007990335498967922
2019-01-07, 0.007990335498967922, 0.007990335498967922
2019-01-07, 0.007990335498967922, 0.007990335498967922
2019-01-07, 0.007990335498967922, 0.007990335498967922
2019-01-07, 0.007990335498967922, 0.007990335498967922
2019-01-07, 0.007990335498967922, 0.007990335498967922
2019-01-07, 0.007990335498967922, 0.007990335498967922
2019-01-07, 0.00799033549896791, 0.00799033549896791
2019-01-07, 0.0011414764998525476, 0.0011414764998525476
2019-01-07, 0.0017122147497788279, 0.0017122147497788279
2019-01-07, 0.0022829529997051208, 0.0022829529997051208
2018-12-08, 0.006848858999115362, 0.006848858999115362
2018-12-08, 0.007419597249041642, 0.007419597249041642
2018-12-08, 0.007419597249041642, 0.007419597249041642
2018-12-08, 0.007419597249041642, 0.007419597249041642
2018-12-08, 0.007419597249041642, 0.007419597249041642
2018-12-08, 0.007419597249041642, 0.007419597249041642
2018-12-08, 0.007419597249041642, 0.007419597249041642
2018-12-08, 0.007419597249041642, 0.007419597249041642
2018-12-08, 0.007419597249041642, 0.007419597249041642
2018-12-08, 0.007419597249041642, 0.007419597249041642
2018-12-08, 0.007419597249041642, 0.007419597249041642
2018-12-08, 0.002282952999705108, 0.002282952999705108
2018-12-08, 0.0045659059994102285, 0.0045659059994102285
2018-12-08, 0.003424429499557681, 0.003424429499557681
2018-12-08, 0.0034244294995576683, 0.0034244294995576683
2018-11-08, 0.0, 0.0
2018-11-08, 0.007419597249041629, 0.007419597249041629
2018-11-08, 0.007419597249041629, 0.007419597249041629
2018-11-08, 0.007419597249041629, 0.007419597249041629
2018-11-08, 0.007419597249041629, 0.007419597249041629
2018-11-08, 0.007419597249041629, 0.007419597249041629
2018-11-08, 0.007419597249041629, 0.007419597249041629
2018-11-08, 0.007419597249041629, 0.007419597249041629
2018-11-08, 0.007419597249041629, 0.007419597249041629
2018-11-08, 0.007419597249041629, 0.007419597249041629
2018-11-08, 0.007419597249041629, 0.007419597249041629
2018-11-08, 0.0011414764998525604, 0.0011414764998525604
2018-11-08, 0.0017122147497788405, 0.0017122147497788405
2018-11-08, 0.011985503248451872, 0.011985503248451872
2018-11-08, 0.014839194498083273, 0.014839194498083273
2018-10-09, 0.0005707382499262802, 0.0005707382499262802
2018-10-09, 0.009131811998820483, 0.009131811998820483
2018-10-09, 0.009131811998820483, 0.009131811998820483
2018-10-09, 0.009131811998820483, 0.009131811998820483
2018-10-09, 0.009131811998820483, 0.009131811998820483
2018-10-09, 0.009131811998820483, 0.009131811998820483
2018-10-09, 0.009131811998820483, 0.009131811998820483
2018-10-09, 0.009131811998820483, 0.009131811998820483
2018-10-09, 0.009131811998820483, 0.009131811998820483
2018-10-09, 0.009131811998820483, 0.009131811998820483
2018-10-09, 0.009131811998820483, 0.009131811998820483
2018-10-09, 0.0022829529997051208, 0.0022829529997051208
2018-10-09, 0.0, 0.0
2018-10-09, 0.01712214749778839, 0.01712214749778839
2018-10-09, 0.002853691249631401, 0.002853691249631401
2018-09-09, 0.0, 0.0
2018-09-09, 0.005707382499262802, 0.005707382499262802
2018-09-09, 0.005707382499262802, 0.005707382499262802
2018-09-09, 0.005707382499262802, 0.005707382499262802
2018-09-09, 0.005707382499262802, 0.005707382499262802
2018-09-09, 0.005707382499262802, 0.005707382499262802
2018-09-09, 0.005707382499262802, 0.005707382499262802
2018-09-09, 0.005707382499262802, 0.005707382499262802
2018-09-09, 0.005707382499262802, 0.005707382499262802
2018-09-09, 0.005707382499262802, 0.005707382499262802
2018-09-09, 0.005707382499262802, 0.005707382499262802
2018-09-09, 0.0011414764998525604, 0.0011414764998525604
2018-09-09, 0.0017122147497788405, 0.0017122147497788405
2018-09-09, 0.0028536912496313883, 0.0028536912496313883
2018-09-09, 0.013697717998230712, 0.013697717998230712
2018-08-10, 0.0011414764998525604, 0.0011414764998525604
2018-08-10, 0.007990335498967922, 0.007990335498967922
2018-08-10, 0.007990335498967922, 0.007990335498967922
2018-08-10, 0.007990335498967922, 0.007990335498967922
2018-08-10, 0.007990335498967922, 0.007990335498967922
2018-08-10, 0.007990335498967922, 0.007990335498967922
2018-08-10, 0.007990335498967922, 0.007990335498967922
2018-08-10, 0.007990335498967922, 0.007990335498967922
2018-08-10, 0.007990335498967922, 0.007990335498967922
2018-08-10, 0.007990335498967922, 0.007990335498967922
2018-08-10, 0.007990335498967922, 0.007990335498967922
2018-08-10, 0.0011414764998525604, 0.0011414764998525604
2018-08-10, 0.013126979748304431, 0.013126979748304431
2018-08-10, 0.0022829529997051208, 0.0022829529997051208
2018-08-10, 0.009702550248746764, 0.009702550248746764
2018-07-11, 0.003424429499557681, 0.003424429499557681
2018-07-11, 0.003424429499557681, 0.003424429499557681
2018-07-11, 0.003424429499557681, 0.003424429499557681
2018-07-11, 0.003424429499557681, 0.003424429499557681
2018-07-11, 0.003424429499557681, 0.003424429499557681
2018-07-11, 0.003424429499557681, 0.003424429499557681
2018-07-11, 0.003424429499557681, 0.003424429499557681
2018-07-11, 0.003424429499557681, 0.003424429499557681
2018-07-11, 0.003424429499557681, 0.003424429499557681
2018-07-11, 0.003424429499557681, 0.003424429499557681
2018-07-11, 0.003424429499557681, 0.003424429499557681
2018-07-11, 0.005707382499262802, 0.005707382499262802
2018-07-11, 0.002853691249631401, 0.002853691249631401
2018-07-11, 0.005707382499262802, 0.005707382499262802
2018-07-11, 0.011985503248451872, 0.011985503248451872
2018-06-11, 0.0022829529997051208, 0.0022829529997051208
2018-06-11, 0.006848858999115362, 0.006848858999115362
2018-06-11, 0.006848858999115362, 0.006848858999115362
2018-06-11, 0.006848858999115362, 0.006848858999115362
2018-06-11, 0.006848858999115362, 0.006848858999115362
2018-06-11, 0.006848858999115362, 0.006848858999115362
2018-06-11, 0.006848858999115362, 0.006848858999115362
2018-06-11, 0.006848858999115362, 0.006848858999115362
2018-06-11, 0.006848858999115362, 0.006848858999115362
2018-06-11, 0.006848858999115362, 0.006848858999115362
2018-06-11, 0.006848858999115362, 0.006848858999115362
2018-06-11, 0.005136644249336521, 0.005136644249336521
2018-06-11, 0.0005707382499262802, 0.0005707382499262802
2018-06-11, 0.005136644249336521, 0.005136644249336521
2018-06-11, 0.017692885747714673, 0.017692885747714673
2018-05-12, 0.005136644249336521, 0.005136644249336521
2018-05-12, 0.005136644249336521, 0.005136644249336521
2018-05-12, 0.005136644249336521, 0.005136644249336521
2018-05-12, 0.005136644249336521, 0.005136644249336521
2018-05-12, 0.005136644249336521, 0.005136644249336521
2018-05-12, 0.005136644249336521, 0.005136644249336521
2018-05-12, 0.005136644249336521, 0.005136644249336521
2018-05-12, 0.005136644249336521, 0.005136644249336521
2018-05-12, 0.005136644249336521, 0.005136644249336521
2018-05-12, 0.005136644249336521, 0.005136644249336521
2018-05-12, 0.005136644249336521, 0.005136644249336521
2018-05-12, 0.0022829529997051208, 0.0022829529997051208
2018-05-12, 0.0005707382499262802, 0.0005707382499262802
2018-05-12, 0.0011414764998525604, 0.0011414764998525604
2018-05-12, 0.0, 0.0
2018-04-12, 0.0017122147497788405, 0.0017122147497788405
2018-04-12, 0.0045659059994102415, 0.0045659059994102415
2018-04-12, 0.0045659059994102415, 0.0045659059994102415
2018-04-12, 0.0045659059994102415, 0.0045659059994102415
2018-04-12, 0.0045659059994102415, 0.0045659059994102415
2018-04-12, 0.0045659059994102415, 0.0045659059994102415
2018-04-12, 0.0045659059994102415, 0.0045659059994102415
2018-04-12, 0.0045659059994102415, 0.0045659059994102415
2018-04-12, 0.0045659059994102415, 0.0045659059994102415
2018-04-12, 0.0045659059994102415, 0.0045659059994102415
2018-04-12, 0.0045659059994102415, 0.0045659059994102415
2018-04-12, 0.0005707382499262802, 0.0005707382499262802
2018-04-12, 0.015980670997935834, 0.015980670997935834
2018-04-12, 0.005707382499262802, 0.005707382499262802
2018-04-12, 0.017692885747714673, 0.017692885747714673
2018-03-13, 0.0022829529997051208, 0.0022829529997051208
2018-03-13, 0.003995167749483961, 0.003995167749483961
2018-03-13, 0.003995167749483961, 0.003995167749483961
2018-03-13, 0.003995167749483961, 0.003995167749483961
2018-03-13, 0.003995167749483961, 0.003995167749483961
2018-03-13, 0.003995167749483961, 0.003995167749483961
2018-03-13, 0.003995167749483961, 0.003995167749483961
2018-03-13, 0.003995167749483961, 0.003995167749483961
2018-03-13, 0.003995167749483961, 0.003995167749483961
2018-03-13, 0.003995167749483961, 0.003995167749483961
2018-03-13, 0.003995167749483961, 0.003995167749483961
2018-03-13, 0.006278120749189069, 0.006278120749189069
2018-03-13, 0.005707382499262789, 0.005707382499262789
2018-03-13, 0.009131811998820483, 0.009131811998820483
2018-03-13, 0.01084402674859931, 0.01084402674859931
2018-02-11, 0.0022829529997051208, 0.0022829529997051208
2018-02-11, 0.007990335498967922, 0.007990335498967922
2018-02-11, 0.007990335498967922, 0.007990335498967922
2018-02-11, 0.007990335498967922, 0.007990335498967922
2018-02-11, 0.007990335498967922, 0.007990335498967922
2018-02-11, 0.007990335498967922, 0.007990335498967922
2018-02-11, 0.007990335498967922, 0.007990335498967922
2018-02-11, 0.007990335498967922, 0.007990335498967922
2018-02-11, 0.007990335498967922, 0.007990335498967922
2018-02-11, 0.007990335498967922, 0.007990335498967922
2018-02-11, 0.007990335498967922, 0.007990335498967922
2018-02-11, 0.0005707382499262802, 0.0005707382499262802
2018-02-11, 0.003995167749483961, 0.003995167749483961
2018-02-11, 0.009702550248746764, 0.009702550248746764
2018-02-11, 0.013126979748304431, 0.013126979748304431
2018-01-12, 0.0017122147497788405, 0.0017122147497788405
2018-01-12, 0.00684885899911535, 0.00684885899911535
2018-01-12, 0.00684885899911535, 0.00684885899911535
2018-01-12, 0.00684885899911535, 0.00684885899911535
2018-01-12, 0.00684885899911535, 0.00684885899911535
2018-01-12, 0.00684885899911535, 0.00684885899911535
2018-01-12, 0.00684885899911535, 0.00684885899911535
2018-01-12, 0.00684885899911535, 0.00684885899911535
2018-01-12, 0.00684885899911535, 0.00684885899911535
2018-01-12, 0.00684885899911535, 0.00684885899911535
2018-01-12, 0.00684885899911535, 0.00684885899911535
2018-01-12, 0.0022829529997051208, 0.0022829529997051208
2018-01-12, 0.00970255024874675, 0.00970255024874675
2018-01-12, 0.0045659059994102285, 0.0045659059994102285
2018-01-12, 0.00799033549896791, 0.00799033549896791
2017-12-13, 0.00684885899911535, 0.00684885899911535
2017-12-13, 0.0005707382499262802, 0.0005707382499262802
2017-12-13, 0.0005707382499262802, 0.0005707382499262802
2017-12-13, 0.0005707382499262802, 0.0005707382499262802
2017-12-13, 0.0005707382499262802, 0.0005707382499262802
2017-12-13, 0.0005707382499262802, 0.0005707382499262802
2017-12-13, 0.0005707382499262802, 0.0005707382499262802
2017-12-13, 0.0005707382499262802, 0.0005707382499262802
2017-12-13, 0.0005707382499262802, 0.0005707382499262802
2017-12-13, 0.0005707382499262802, 0.0005707382499262802
2017-12-13, 0.0005707382499262802, 0.0005707382499262802
2017-12-13, 0.003424429499557681, 0.003424429499557681
2017-12-13, 0.0017122147497788405, 0.0017122147497788405
2017-12-13, 0.007419597249041642, 0.007419597249041642
2017-12-13, 0.0045659059994102415, 0.0045659059994102415
2017-11-13, 0.013697717998230712, 0.013697717998230712
2017-11-13, 0.013697717998230712, 0.013697717998230712
2017-11-13, 0.013697717998230712, 0.013697717998230712
2017-11-13, 0.013697717998230712, 0.013697717998230712
2017-11-13, 0.013697717998230712, 0.013697717998230712
2017-11-13, 0.013697717998230712, 0.013697717998230712
2017-11-13, 0.013697717998230712, 0.013697717998230712
2017-11-13, 0.013697717998230712, 0.013697717998230712
2017-11-13, 0.013697717998230712, 0.013697717998230712
2017-11-13, 0.013697717998230712, 0.013697717998230712
2017-11-13, 0.013697717998230712, 0.013697717998230712
2017-11-13, 0.007419597249041642, 0.007419597249041642
2017-11-13, 0.0045659059994102415, 0.0045659059994102415
2017-11-13, 0.005707382499262802, 0.005707382499262802
2017-11-13, 0.003424429499557681, 0.003424429499557681
2017-10-14, 0.0034244294995576683, 0.0034244294995576683
2017-10-14, 0.01883436224756722, 0.01883436224756722
2017-10-14, 0.01883436224756722, 0.01883436224756722
2017-10-14, 0.01883436224756722, 0.01883436224756722
2017-10-14, 0.01883436224756722, 0.01883436224756722
2017-10-14, 0.01883436224756722, 0.01883436224756722
2017-10-14, 0.01883436224756722, 0.01883436224756722
2017-10-14, 0.01883436224756722, 0.01883436224756722
2017-10-14, 0.01883436224756722, 0.01883436224756722
2017-10-14, 0.01883436224756722, 0.01883436224756722
2017-10-14, 0.01883436224756722, 0.01883436224756722
2017-10-14, 0.0017122147497788279, 0.0017122147497788279
2017-10-14, 0.0165514092478621, 0.0165514092478621
2017-10-14, 0.007419597249041629, 0.007419597249041629
2017-10-14, 0.014839194498083259, 0.014839194498083259
2017-09-14, 0.0, 0.0
2017-09-14, 0.007419597249041642, 0.007419597249041642
2017-09-14, 0.007419597249041642, 0.007419597249041642
2017-09-14, 0.007419597249041642, 0.007419597249041642
2017-09-14, 0.007419597249041642, 0.007419597249041642
2017-09-14, 0.007419597249041642, 0.007419597249041642
2017-09-14, 0.007419597249041642, 0.007419597249041642
2017-09-14, 0.007419597249041642, 0.007419597249041642
2017-09-14, 0.007419597249041642, 0.007419597249041642
2017-09-14, 0.007419597249041642, 0.007419597249041642
2017-09-14, 0.007419597249041642, 0.007419597249041642
2017-09-14, 0.002853691249631401, 0.002853691249631401
2017-09-14, 0.022829529997051193, 0.022829529997051193
2017-09-14, 0.005136644249336521, 0.005136644249336521
2017-09-14, 0.009131811998820483, 0.009131811998820483
2017-08-15, 0.002853691249631401, 0.002853691249631401
2017-08-15, 0.008561073748894203, 0.008561073748894203
2017-08-15, 0.008561073748894203, 0.008561073748894203
2017-08-15, 0.008561073748894203, 0.008561073748894203
2017-08-15, 0.008561073748894203, 0.008561073748894203
2017-08-15, 0.008561073748894203, 0.008561073748894203
2017-08-15, 0.008561073748894203, 0.008561073748894203
2017-08-15, 0.008561073748894203, 0.008561073748894203
2017-08-15, 0.008561073748894203, 0.008561073748894203
2017-08-15, 0.008561073748894203, 0.008561073748894203
2017-08-15, 0.008561073748894203, 0.008561073748894203
2017-08-15, 0.0005707382499262802, 0.0005707382499262802
2017-08-15, 0.011985503248451872, 0.011985503248451872
2017-08-15, 0.007419597249041642, 0.007419597249041642
2017-08-15, 0.0005707382499262802, 0.0005707382499262802
2017-07-16, 0.006278120749189069, 0.006278120749189069
2017-07-16, 0.00856107374889419, 0.00856107374889419
2017-07-16, 0.00856107374889419, 0.00856107374889419
2017-07-16, 0.00856107374889419, 0.00856107374889419
2017-07-16, 0.00856107374889419, 0.00856107374889419
2017-07-16, 0.00856107374889419, 0.00856107374889419
2017-07-16, 0.00856107374889419, 0.00856107374889419
2017-07-16, 0.00856107374889419, 0.00856107374889419
2017-07-16, 0.00856107374889419, 0.00856107374889419
2017-07-16, 0.00856107374889419, 0.00856107374889419
2017-07-16, 0.00856107374889419, 0.00856107374889419
2017-07-16, 0.003995167749483949, 0.003995167749483949
2017-07-16, 0.0045659059994102285, 0.0045659059994102285
2017-07-16, 0.007419597249041629, 0.007419597249041629
2017-07-16, 0.011414764998525591, 0.011414764998525591
2017-06-16, 0.007419597249041629, 0.007419597249041629
2017-06-16, 0.011414764998525591, 0.011414764998525591
2017-06-16, 0.011414764998525591, 0.011414764998525591
2017-06-16, 0.011414764998525591, 0.011414764998525591
2017-06-16, 0.011414764998525591, 0.011414764998525591
2017-06-16, 0.011414764998525591, 0.011414764998525591
2017-06-16, 0.011414764998525591, 0.011414764998525591
2017-06-16, 0.011414764998525591, 0.011414764998525591
2017-06-16, 0.011414764998525591, 0.011414764998525591
2017-06-16, 0.011414764998525591, 0.011414764998525591
2017-06-16, 0.011414764998525591, 0.011414764998525591
2017-06-16, 0.007419597249041629, 0.007419597249041629
2017-06-16, 0.021117315247272343, 0.021117315247272343
2017-06-16, 0.01027328849867303, 0.01027328849867303
2017-06-16, 0.02054657699734606, 0.02054657699734606
2017-05-17, 0.0034244294995576683, 0.0034244294995576683
2017-05-17, 0.014268456248156992, 0.014268456248156992
2017-05-17, 0.014268456248156992, 0.014268456248156992
2017-05-17, 0.014268456248156992, 0.014268456248156992
2017-05-17, 0.014268456248156992, 0.014268456248156992
2017-05-17, 0.014268456248156992, 0.014268456248156992
2017-05-17, 0.014268456248156992, 0.014268456248156992
2017-05-17, 0.014268456248156992, 0.014268456248156992
2017-05-17, 0.014268456248156992, 0.014268456248156992
2017-05-17, 0.014268456248156992, 0.014268456248156992
2017-05-17, 0.014268456248156992, 0.014268456248156992
2017-05-17, 0.005136644249336509, 0.005136644249336509
2017-05-17, 0.00684885899911535, 0.00684885899911535
2017-05-17, 0.00856107374889419, 0.00856107374889419
2017-05-17, 0.00970255024874675, 0.00970255024874675
2017-04-17, 0.009131811998820471, 0.009131811998820471
2017-04-17, 0.01027328849867303, 0.01027328849867303
2017-04-17, 0.01027328849867303, 0.01027328849867303
2017-04-17, 0.01027328849867303, 0.01027328849867303
2017-04-17, 0.01027328849867303, 0.01027328849867303
2017-04-17, 0.01027328849867303, 0.01027328849867303
2017-04-17, 0.01027328849867303, 0.01027328849867303
2017-04-17, 0.01027328849867303, 0.01027328849867303
2017-04-17, 0.01027328849867303, 0.01027328849867303
2017-04-17, 0.01027328849867303, 0.01027328849867303
2017-04-17, 0.01027328849867303, 0.01027328849867303
2017-04-17, 0.007419597249041629, 0.007419597249041629
2017-04-17, 0.00856107374889419, 0.00856107374889419
2017-04-17, 0.01027328849867303, 0.01027328849867303
2017-04-17, 0.00970255024874675, 0.00970255024874675
2017-03-18, 0.006278120749189069, 0.006278120749189069
2017-03-18, 0.005707382499262789, 0.005707382499262789
2017-03-18, 0.005707382499262789, 0.005707382499262789
2017-03-18, 0.005707382499262789, 0.005707382499262789
2017-03-18, 0.005707382499262789, 0.005707382499262789
2017-03-18, 0.005707382499262789, 0.005707382499262789
2017-03-18, 0.005707382499262789, 0.005707382499262789
2017-03-18, 0.005707382499262789, 0.005707382499262789
2017-03-18, 0.005707382499262789, 0.005707382499262789
2017-03-18, 0.005707382499262789, 0.005707382499262789
2017-03-18, 0.005707382499262789, 0.005707382499262789
2017-03-18, 0.0045659059994102285, 0.0045659059994102285
2017-03-18, 0.006278120749189069, 0.006278120749189069
2017-03-18, 0.009131811998820471, 0.009131811998820471
2017-03-18, 0.006278120749189069, 0.006278120749189069
2017-02-16, 0.00970255024874675, 0.00970255024874675
2017-02-16, 0.00970255024874675, 0.00970255024874675
2017-02-16, 0.00970255024874675, 0.00970255024874675
2017-02-16, 0.00970255024874675, 0.00970255024874675
2017-02-16, 0.00970255024874675, 0.00970255024874675
2017-02-16, 0.00970255024874675, 0.00970255024874675
2017-02-16, 0.00970255024874675, 0.00970255024874675
2017-02-16, 0.00970255024874675, 0.00970255024874675
2017-02-16, 0.00970255024874675, 0.00970255024874675
2017-02-16, 0.00970255024874675, 0.00970255024874675
2017-02-16, 0.00970255024874675, 0.00970255024874675
2017-02-16, 0.009131811998820471, 0.009131811998820471
2017-02-16, 0.01255624149837815, 0.01255624149837815
2017-02-16, 0.0045659059994102285, 0.0045659059994102285
2017-02-16, 0.011414764998525591, 0.011414764998525591
2017-01-17, 0.005136644249336521, 0.005136644249336521
2017-01-17, 0.00856107374889419, 0.00856107374889419
2017-01-17, 0.00856107374889419, 0.00856107374889419
2017-01-17, 0.00856107374889419, 0.00856107374889419
2017-01-17, 0.00856107374889419, 0.00856107374889419
2017-01-17, 0.00856107374889419, 0.00856107374889419
2017-01-17, 0.00856107374889419, 0.00856107374889419
2017-01-17, 0.00856107374889419, 0.00856107374889419
2017-01-17, 0.00856107374889419, 0.00856107374889419
2017-01-17, 0.00856107374889419, 0.00856107374889419
2017-01-17, 0.00856107374889419, 0.00856107374889419
2017-01-17, 0.00856107374889419, 0.00856107374889419
2017-01-17, 0.005707382499262802, 0.005707382499262802
2017-01-17, 0.006848858999115362, 0.006848858999115362
2017-01-17, 0.003995167749483961, 0.003995167749483961
2016-12-18, 0.007990335498967922, 0.007990335498967922
2016-12-18, 0.005707382499262802, 0.005707382499262802
2016-12-18, 0.005707382499262802, 0.005707382499262802
2016-12-18, 0.005707382499262802, 0.005707382499262802
2016-12-18, 0.005707382499262802, 0.005707382499262802
2016-12-18, 0.005707382499262802, 0.005707382499262802
2016-12-18, 0.005707382499262802, 0.005707382499262802
2016-12-18, 0.005707382499262802, 0.005707382499262802
2016-12-18, 0.005707382499262802, 0.005707382499262802
2016-12-18, 0.005707382499262802, 0.005707382499262802
2016-12-18, 0.005707382499262802, 0.005707382499262802
2016-12-18, 0.006278120749189082, 0.006278120749189082
2016-12-18, 0.009131811998820471, 0.009131811998820471
2016-12-18, 0.01255624149837815, 0.01255624149837815
2016-12-18, 0.002853691249631401, 0.002853691249631401
2016-11-18, 0.0, 0.0
2016-11-18, 0.005136644249336521, 0.005136644249336521
2016-11-18, 0.005136644249336521, 0.005136644249336521
2016-11-18, 0.005136644249336521, 0.005136644249336521
2016-11-18, 0.005136644249336521, 0.005136644249336521
2016-11-18, 0.005136644249336521, 0.005136644249336521
2016-11-18, 0.005136644249336521, 0.005136644249336521
2016-11-18, 0.005136644249336521, 0.005136644249336521
2016-11-18, 0.005136644249336521, 0.005136644249336521
2016-11-18, 0.005136644249336521, 0.005136644249336521
2016-11-18, 0.005136644249336521, 0.005136644249336521
2016-11-18, 0.002853691249631401, 0.002853691249631401
2016-11-18, 0.011985503248451872, 0.011985503248451872
2016-11-18, 0.0, 0.0
2016-11-18, 0.0011414764998525604, 0.0011414764998525604
2016-10-19, 0.003424429499557681, 0.003424429499557681
2016-10-19, 0.007419597249041629, 0.007419597249041629
2016-10-19, 0.007419597249041629, 0.007419597249041629
2016-10-19, 0.007419597249041629, 0.007419597249041629
2016-10-19, 0.007419597249041629, 0.007419597249041629
2016-10-19, 0.007419597249041629, 0.007419597249041629
2016-10-19, 0.007419597249041629, 0.007419597249041629
2016-10-19, 0.007419597249041629, 0.007419597249041629
2016-10-19, 0.007419597249041629, 0.007419597249041629
2016-10-19, 0.007419597249041629, 0.007419597249041629
2016-10-19, 0.007419597249041629, 0.007419597249041629
2016-10-19, 0.003424429499557681, 0.003424429499557681
2016-10-19, 0.00970255024874675, 0.00970255024874675
2016-10-19, 0.005136644249336509, 0.005136644249336509
2016-10-19, 0.002853691249631401, 0.002853691249631401
2016-09-19, 0.0005707382499262802, 0.0005707382499262802
2016-09-19, 0.00799033549896791, 0.00799033549896791
2016-09-19, 0.00799033549896791, 0.00799033549896791
2016-09-19, 0.00799033549896791, 0.00799033549896791
2016-09-19, 0.00799033549896791, 0.00799033549896791
2016-09-19, 0.00799033549896791, 0.00799033549896791
2016-09-19, 0.00799033549896791, 0.00799033549896791
2016-09-19, 0.00799033549896791, 0.00799033549896791
2016-09-19, 0.00799033549896791, 0.00799033549896791
2016-09-19, 0.00799033549896791, 0.00799033549896791
2016-09-19, 0.00799033549896791, 0.00799033549896791
2016-09-19, 0.003424429499557681, 0.003424429499557681
2016-09-19, 0.0011414764998525604, 0.0011414764998525604
2016-09-19, 0.017692885747714673, 0.017692885747714673
2016-09-19, 0.0045659059994102285, 0.0045659059994102285
2016-08-20, 0.003424429499557681, 0.003424429499557681
2016-08-20, 0.01027328849867303, 0.01027328849867303
2016-08-20, 0.01027328849867303, 0.01027328849867303
2016-08-20, 0.01027328849867303, 0.01027328849867303
2016-08-20, 0.01027328849867303, 0.01027328849867303
2016-08-20, 0.01027328849867303, 0.01027328849867303
2016-08-20, 0.01027328849867303, 0.01027328849867303
2016-08-20, 0.01027328849867303, 0.01027328849867303
2016-08-20, 0.01027328849867303, 0.01027328849867303
2016-08-20, 0.01027328849867303, 0.01027328849867303
2016-08-20, 0.01027328849867303, 0.01027328849867303
2016-08-20, 0.003995167749483961, 0.003995167749483961
2016-08-20, 0.005136644249336521, 0.005136644249336521
2016-08-20, 0.013697717998230712, 0.013697717998230712
2016-08-20, 0.00856107374889419, 0.00856107374889419
2016-07-21, 0.002853691249631401, 0.002853691249631401
2016-07-21, 0.00684885899911535, 0.00684885899911535
2016-07-21, 0.00684885899911535, 0.00684885899911535
2016-07-21, 0.00684885899911535, 0.00684885899911535
2016-07-21, 0.00684885899911535, 0.00684885899911535
2016-07-21, 0.00684885899911535, 0.00684885899911535
2016-07-21, 0.00684885899911535, 0.00684885899911535
2016-07-21, 0.00684885899911535, 0.00684885899911535
2016-07-21, 0.00684885899911535, 0.00684885899911535
2016-07-21, 0.00684885899911535, 0.00684885899911535
2016-07-21, 0.00684885899911535, 0.00684885899911535
2016-07-21, 0.002853691249631401, 0.002853691249631401
2016-07-21, 0.00970255024874675, 0.00970255024874675
2016-07-21, 0.0011414764998525476, 0.0011414764998525476
2016-07-21, 0.014268456248156992, 0.014268456248156992
2016-06-21, 0.0005707382499262802, 0.0005707382499262802
2016-06-21, 0.002282952999705108, 0.002282952999705108
2016-06-21, 0.002282952999705108, 0.002282952999705108
2016-06-21, 0.002282952999705108, 0.002282952999705108
2016-06-21, 0.002282952999705108, 0.002282952999705108
2016-06-21, 0.002282952999705108, 0.002282952999705108
2016-06-21, 0.002282952999705108, 0.002282952999705108
2016-06-21, 0.002282952999705108, 0.002282952999705108
2016-06-21, 0.002282952999705108, 0.002282952999705108
2016-06-21, 0.002282952999705108, 0.002282952999705108
2016-06-21, 0.002282952999705108, 0.002282952999705108
2016-06-21, 0.0028536912496313883, 0.0028536912496313883
2016-06-21, 0.0028536912496313883, 0.0028536912496313883
2016-06-21, 0.0005707382499262802, 0.0005707382499262802
2016-06-21, 0.01084402674859931, 0.01084402674859931
2016-05-22, 0.002282952999705108, 0.002282952999705108
2016-05-22, 0.006278120749189069, 0.006278120749189069
2016-05-22, 0.006278120749189069, 0.006278120749189069
2016-05-22, 0.006278120749189069, 0.006278120749189069
2016-05-22, 0.006278120749189069, 0.006278120749189069
2016-05-22, 0.006278120749189069, 0.006278120749189069
2016-05-22, 0.006278120749189069, 0.006278120749189069
2016-05-22, 0.006278120749189069, 0.006278120749189069
2016-05-22, 0.006278120749189069, 0.006278120749189069
2016-05-22, 0.006278120749189069, 0.006278120749189069
2016-05-22, 0.006278120749189069, 0.006278120749189069
2016-05-22, 0.005136644249336509, 0.005136644249336509
2016-05-22, 0.0, 0.0
2016-05-22, 0.006278120749189069, 0.006278120749189069
2016-05-22, 0.0165514092478621, 0.0165514092478621
2016-04-22, 0.0017122147497788405, 0.0017122147497788405
2016-04-22, 0.014839194498083259, 0.014839194498083259
2016-04-22, 0.014839194498083259, 0.014839194498083259
2016-04-22, 0.014839194498083259, 0.014839194498083259
2016-04-22, 0.014839194498083259, 0.014839194498083259
2016-04-22, 0.014839194498083259, 0.014839194498083259
2016-04-22, 0.014839194498083259, 0.014839194498083259
2016-04-22, 0.014839194498083259, 0.014839194498083259
2016-04-22, 0.014839194498083259, 0.014839194498083259
2016-04-22, 0.014839194498083259, 0.014839194498083259
2016-04-22, 0.014839194498083259, 0.014839194498083259
2016-04-22, 0.0028536912496313883, 0.0028536912496313883
2016-04-22, 0.002853691249631401, 0.002853691249631401
2016-04-22, 0.005136644249336521, 0.005136644249336521
2016-04-22, 0.007419597249041629, 0.007419597249041629
2016-03-23, 0.009131811998820483, 0.009131811998820483
2016-03-23, 0.0005707382499262802, 0.0005707382499262802
2016-03-23, 0.0005707382499262802, 0.0005707382499262802
2016-03-23, 0.0005707382499262802, 0.0005707382499262802
2016-03-23, 0.0005707382499262802, 0.0005707382499262802
2016-03-23, 0.0005707382499262802, 0.0005707382499262802
2016-03-23, 0.0005707382499262802, 0.0005707382499262802
2016-03-23, 0.0005707382499262802, 0.0005707382499262802
2016-03-23, 0.0005707382499262802, 0.0005707382499262802
2016-03-23, 0.0005707382499262802, 0.0005707382499262802
2016-03-23, 0.0005707382499262802, 0.0005707382499262802
2016-03-23, 0.0005707382499262802, 0.0005707382499262802
2016-03-23, 0.01027328849867303, 0.01027328849867303
2016-03-23, 0.018834362247567234, 0.018834362247567234
2016-03-23, 0.0022829529997051208, 0.0022829529997051208
2016-02-22, 0.0011414764998525604, 0.0011414764998525604
2016-02-22, 0.0011414764998525604, 0.0011414764998525604
2016-02-22, 0.0011414764998525604, 0.0011414764998525604
2016-02-22, 0.0011414764998525604, 0.0011414764998525604
2016-02-22, 0.0011414764998525604, 0.0011414764998525604
2016-02-22, 0.0011414764998525604, 0.0011414764998525604
2016-02-22, 0.0011414764998525604, 0.0011414764998525604
2016-02-22, 0.0011414764998525604, 0.0011414764998525604
2016-02-22, 0.0011414764998525604, 0.0011414764998525604
2016-02-22, 0.0011414764998525604, 0.0011414764998525604
2016-02-22, 0.0011414764998525604, 0.0011414764998525604
2016-02-22, 0.011985503248451872, 0.011985503248451872
2016-02-22, 0.009131811998820483, 0.009131811998820483
2016-02-22, 0.011414764998525591, 0.011414764998525591
2016-02-22, 0.003424429499557681, 0.003424429499557681
2016-01-23, 0.0017122147497788279, 0.0017122147497788279
2016-01-23, 0.0017122147497788279, 0.0017122147497788279
2016-01-23, 0.0017122147497788279, 0.0017122147497788279
2016-01-23, 0.0017122147497788279, 0.0017122147497788279
2016-01-23, 0.0017122147497788279, 0.0017122147497788279
2016-01-23, 0.0017122147497788279, 0.0017122147497788279
2016-01-23, 0.0017122147497788279, 0.0017122147497788279
2016-01-23, 0.0017122147497788279, 0.0017122147497788279
2016-01-23, 0.0017122147497788279, 0.0017122147497788279
2016-01-23, 0.0017122147497788279, 0.0017122147497788279
2016-01-23, 0.0017122147497788279, 0.0017122147497788279
2016-01-23, 0.0034244294995576683, 0.0034244294995576683
2016-01-23, 0.0022829529997051208, 0.0022829529997051208
2016-01-23, 0.0034244294995576683, 0.0034244294995576683
2016-01-23, 0.008561073748894203, 0.008561073748894203
2015-12-24, 0.003424429499557681, 0.003424429499557681
2015-12-24, 0.003424429499557681, 0.003424429499557681
2015-12-24, 0.003424429499557681, 0.003424429499557681
2015-12-24, 0.003424429499557681, 0.003424429499557681
2015-12-24, 0.003424429499557681, 0.003424429499557681
2015-12-24, 0.003424429499557681, 0.003424429499557681
2015-12-24, 0.003424429499557681, 0.003424429499557681
2015-12-24, 0.003424429499557681, 0.003424429499557681
2015-12-24, 0.003424429499557681, 0.003424429499557681
2015-12-24, 0.003424429499557681, 0.003424429499557681
2015-12-24, 0.003424429499557681, 0.003424429499557681
2015-12-24, 0.018263623997640942, 0.018263623997640942
2015-12-24, 0.0022829529997051208, 0.0022829529997051208
2015-12-24, 0.007419597249041642, 0.007419597249041642
2015-12-24, 0.002853691249631401, 0.002853691249631401
2015-11-24, 0.002853691249631401, 0.002853691249631401
2015-11-24, 0.003995167749483949, 0.003995167749483949
2015-11-24, 0.003995167749483949, 0.003995167749483949
2015-11-24, 0.003995167749483949, 0.003995167749483949
2015-11-24, 0.003995167749483949, 0.003995167749483949
2015-11-24, 0.003995167749483949, 0.003995167749483949
2015-11-24, 0.003995167749483949, 0.003995167749483949
2015-11-24, 0.003995167749483949, 0.003995167749483949
2015-11-24, 0.003995167749483949, 0.003995167749483949
2015-11-24, 0.003995167749483949, 0.003995167749483949
2015-11-24, 0.003995167749483949, 0.003995167749483949
2015-11-24, 0.013697717998230712, 0.013697717998230712
2015-11-24, 0.006278120749189082, 0.006278120749189082
2015-11-24, 0.002853691249631401, 0.002853691249631401
2015-11-24, 0.00684885899911535, 0.00684885899911535
2015-10-25, 0.010844026748599323, 0.010844026748599323
2015-10-25, 0.002853691249631401, 0.002853691249631401
2015-10-25, 0.002853691249631401, 0.002853691249631401
2015-10-25, 0.002853691249631401, 0.002853691249631401
2015-10-25, 0.002853691249631401, 0.002853691249631401
2015-10-25, 0.002853691249631401, 0.002853691249631401
2015-10-25, 0.002853691249631401, 0.002853691249631401
2015-10-25, 0.002853691249631401, 0.002853691249631401
2015-10-25, 0.002853691249631401, 0.002853691249631401
2015-10-25, 0.002853691249631401, 0.002853691249631401
2015-10-25, 0.002853691249631401, 0.002853691249631401
2015-10-25, 0.011985503248451872, 0.011985503248451872
2015-10-25, 0.0022829529997051208, 0.0022829529997051208
2015-10-25, 0.0011414764998525476, 0.0011414764998525476
2015-10-25, 0.003995167749483961, 0.003995167749483961
2015-09-25, 0.0165514092478621, 0.0165514092478621
2015-09-25, 0.01769288574771466, 0.01769288574771466
2015-09-25, 0.01769288574771466, 0.01769288574771466
2015-09-25, 0.01769288574771466, 0.01769288574771466
2015-09-25, 0.01769288574771466, 0.01769288574771466
2015-09-25, 0.01769288574771466, 0.01769288574771466
2015-09-25, 0.01769288574771466, 0.01769288574771466
2015-09-25, 0.01769288574771466, 0.01769288574771466
2015-09-25, 0.01769288574771466, 0.01769288574771466
2015-09-25, 0.01769288574771466, 0.01769288574771466
2015-09-25, 0.01769288574771466, 0.01769288574771466
2015-09-25, 0.013697717998230712, 0.013697717998230712
2015-09-25, 0.01540993274800954, 0.01540993274800954
2015-09-25, 0.009131811998820471, 0.009131811998820471
2015-09-25, 0.011985503248451872, 0.011985503248451872
2015-08-26, 0.013697717998230712, 0.013697717998230712
2015-08-26, 0.01540993274800954, 0.01540993274800954
2015-08-26, 0.01540993274800954, 0.01540993274800954
2015-08-26, 0.01540993274800954, 0.01540993274800954
2015-08-26, 0.01540993274800954, 0.01540993274800954
2015-08-26, 0.01540993274800954, 0.01540993274800954
2015-08-26, 0.01540993274800954, 0.01540993274800954
2015-08-26, 0.01540993274800954, 0.01540993274800954
2015-08-26, 0.01540993274800954, 0.01540993274800954
2015-08-26, 0.01540993274800954, 0.01540993274800954
2015-08-26, 0.01540993274800954, 0.01540993274800954
2015-08-26, 0.011414764998525591, 0.011414764998525591
2015-08-26, 0.01255624149837815, 0.01255624149837815
2015-08-26, 0.00799033549896791, 0.00799033549896791
2015-08-26, 0.014839194498083259, 0.014839194498083259
2015-07-27, 0.005136644249336509, 0.005136644249336509
2015-07-27, 0.01255624149837815, 0.01255624149837815
2015-07-27, 0.01255624149837815, 0.01255624149837815
2015-07-27, 0.01255624149837815, 0.01255624149837815
2015-07-27, 0.01255624149837815, 0.01255624149837815
2015-07-27, 0.01255624149837815, 0.01255624149837815
2015-07-27, 0.01255624149837815, 0.01255624149837815
2015-07-27, 0.01255624149837815, 0.01255624149837815
2015-07-27, 0.01255624149837815, 0.01255624149837815
2015-07-27, 0.01255624149837815, 0.01255624149837815
2015-07-27, 0.01255624149837815, 0.01255624149837815
2015-07-27, 0.0011414764998525476, 0.0011414764998525476
2015-07-27, 0.005136644249336509, 0.005136644249336509
2015-07-27, 0.005136644249336509, 0.005136644249336509
2015-07-27, 0.003995167749483949, 0.003995167749483949
2015-06-27, 0.0011414764998525604, 0.0011414764998525604
2015-06-27, 0.005136644249336521, 0.005136644249336521
2015-06-27, 0.005136644249336521, 0.005136644249336521
2015-06-27, 0.005136644249336521, 0.005136644249336521
2015-06-27, 0.005136644249336521, 0.005136644249336521
2015-06-27, 0.005136644249336521, 0.005136644249336521
2015-06-27, 0.005136644249336521, 0.005136644249336521
2015-06-27, 0.005136644249336521, 0.005136644249336521
2015-06-27, 0.005136644249336521, 0.005136644249336521
2015-06-27, 0.005136644249336521, 0.005136644249336521
2015-06-27, 0.005136644249336521, 0.005136644249336521
2015-06-27, 0.0005707382499262802, 0.0005707382499262802
2015-06-27, 0.002853691249631401, 0.002853691249631401
2015-06-27, 0.01255624149837815, 0.01255624149837815
2015-06-27, 0.0017122147497788405, 0.0017122147497788405
2015-05-28, 0.002853691249631401, 0.002853691249631401
2015-05-28, 0.002853691249631401, 0.002853691249631401
2015-05-28, 0.002853691249631401, 0.002853691249631401
2015-05-28, 0.002853691249631401, 0.002853691249631401
2015-05-28, 0.002853691249631401, 0.002853691249631401
2015-05-28, 0.002853691249631401, 0.002853691249631401
2015-05-28, 0.002853691249631401, 0.002853691249631401
2015-05-28, 0.002853691249631401, 0.002853691249631401
2015-05-28, 0.002853691249631401, 0.002853691249631401
2015-05-28, 0.002853691249631401, 0.002853691249631401
2015-05-28, 0.002853691249631401, 0.002853691249631401
2015-05-28, 0.002853691249631401, 0.002853691249631401
2015-05-28, 0.00856107374889419, 0.00856107374889419
2015-05-28, 0.007419597249041642, 0.007419597249041642
2015-05-28, 0.0045659059994102415, 0.0045659059994102415
2015-04-28, 0.0011414764998525604, 0.0011414764998525604
2015-04-28, 0.0011414764998525604, 0.0011414764998525604
2015-04-28, 0.0011414764998525604, 0.0011414764998525604
2015-04-28, 0.0011414764998525604, 0.0011414764998525604
2015-04-28, 0.0011414764998525604, 0.0011414764998525604
2015-04-28, 0.0011414764998525604, 0.0011414764998525604
2015-04-28, 0.0011414764998525604, 0.0011414764998525604
2015-04-28, 0.0011414764998525604, 0.0011414764998525604
2015-04-28, 0.0011414764998525604, 0.0011414764998525604
2015-04-28, 0.0011414764998525604, 0.0011414764998525604
2015-04-28, 0.0011414764998525604, 0.0011414764998525604
2015-04-28, 0.005136644249336521, 0.005136644249336521
2015-04-28, 0.0, 0.0
2015-04-28, 0.0011414764998525604, 0.0011414764998525604
2015-04-28, 0.005707382499262789, 0.005707382499262789
2015-03-29, 0.006848858999115362, 0.006848858999115362
2015-03-29, 0.0045659059994102415, 0.0045659059994102415
2015-03-29, 0.0045659059994102415, 0.0045659059994102415
2015-03-29, 0.0045659059994102415, 0.0045659059994102415
2015-03-29, 0.0045659059994102415, 0.0045659059994102415
2015-03-29, 0.0045659059994102415, 0.0045659059994102415
2015-03-29, 0.0045659059994102415, 0.0045659059994102415
2015-03-29, 0.0045659059994102415, 0.0045659059994102415
2015-03-29, 0.0045659059994102415, 0.0045659059994102415
2015-03-29, 0.0045659059994102415, 0.0045659059994102415
2015-03-29, 0.0045659059994102415, 0.0045659059994102415
2015-03-29, 0.003995167749483961, 0.003995167749483961
2015-03-29, 0.0005707382499262802, 0.0005707382499262802
2015-03-29, 0.0005707382499262802, 0.0005707382499262802
2015-03-29, 0.009131811998820483, 0.009131811998820483
2015-02-27, 0.0011414764998525604, 0.0011414764998525604
2015-02-27, 0.003424429499557681, 0.003424429499557681
2015-02-27, 0.003424429499557681, 0.003424429499557681
2015-02-27, 0.003424429499557681, 0.003424429499557681
2015-02-27, 0.003424429499557681, 0.003424429499557681
2015-02-27, 0.003424429499557681, 0.003424429499557681
2015-02-27, 0.003424429499557681, 0.003424429499557681
2015-02-27, 0.003424429499557681, 0.003424429499557681
2015-02-27, 0.003424429499557681, 0.003424429499557681
2015-02-27, 0.003424429499557681, 0.003424429499557681
2015-02-27, 0.003424429499557681, 0.003424429499557681
2015-02-27, 0.0017122147497788405, 0.0017122147497788405
2015-02-27, 0.010273288498673042, 0.010273288498673042
2015-02-27, 0.003424429499557681, 0.003424429499557681
2015-02-27, 0.0005707382499262802, 0.0005707382499262802
2015-01-28, 0.0005707382499262802, 0.0005707382499262802
2015-01-28, 0.0022829529997051208, 0.0022829529997051208
2015-01-28, 0.0022829529997051208, 0.0022829529997051208
2015-01-28, 0.0022829529997051208, 0.0022829529997051208
2015-01-28, 0.0022829529997051208, 0.0022829529997051208
2015-01-28, 0.0022829529997051208, 0.0022829529997051208
2015-01-28, 0.0022829529997051208, 0.0022829529997051208
2015-01-28, 0.0022829529997051208, 0.0022829529997051208
2015-01-28, 0.0022829529997051208, 0.0022829529997051208
2015-01-28, 0.0022829529997051208, 0.0022829529997051208
2015-01-28, 0.0022829529997051208, 0.0022829529997051208
2015-01-28, 0.0005707382499262802, 0.0005707382499262802
2015-01-28, 0.006848858999115362, 0.006848858999115362
2015-01-28, 0.0034244294995576683, 0.0034244294995576683
2015-01-28, 0.005136644249336521, 0.005136644249336521
2014-12-29, 0.0045659059994102415, 0.0045659059994102415
2014-12-29, 0.005136644249336521, 0.005136644249336521
2014-12-29, 0.005136644249336521, 0.005136644249336521
2014-12-29, 0.005136644249336521, 0.005136644249336521
2014-12-29, 0.005136644249336521, 0.005136644249336521
2014-12-29, 0.005136644249336521, 0.005136644249336521
2014-12-29, 0.005136644249336521, 0.005136644249336521
2014-12-29, 0.005136644249336521, 0.005136644249336521
2014-12-29, 0.005136644249336521, 0.005136644249336521
2014-12-29, 0.005136644249336521, 0.005136644249336521
2014-12-29, 0.005136644249336521, 0.005136644249336521
2014-12-29, 0.003424429499557681, 0.003424429499557681
2014-12-29, 0.003995167749483961, 0.003995167749483961
2014-12-29, 0.005136644249336521, 0.005136644249336521
2014-12-29, 0.007990335498967922, 0.007990335498967922
2014-11-29, 0.0005707382499262802, 0.0005707382499262802
2014-11-29, 0.006278120749189082, 0.006278120749189082
2014-11-29, 0.006278120749189082, 0.006278120749189082
2014-11-29, 0.006278120749189082, 0.006278120749189082
2014-11-29, 0.006278120749189082, 0.006278120749189082
2014-11-29, 0.006278120749189082, 0.006278120749189082
2014-11-29, 0.006278120749189082, 0.006278120749189082
2014-11-29, 0.006278120749189082, 0.006278120749189082
2014-11-29, 0.006278120749189082, 0.006278120749189082
2014-11-29, 0.006278120749189082, 0.006278120749189082
2014-11-29, 0.006278120749189082, 0.006278120749189082
2014-11-29, 0.0045659059994102415, 0.0045659059994102415
2014-11-29, 0.0017122147497788405, 0.0017122147497788405
2014-11-29, 0.0045659059994102415, 0.0045659059994102415
2014-11-29, 0.0045659059994102415, 0.0045659059994102415
2014-10-30, 0.0005707382499262802, 0.0005707382499262802
2014-10-30, 0.0, 0.0
2014-10-30, 0.0, 0.0
2014-10-30, 0.0, 0.0
2014-10-30, 0.0, 0.0
2014-10-30, 0.0, 0.0
2014-10-30, 0.0, 0.0
2014-10-30, 0.0, 0.0
2014-10-30, 0.0, 0.0
2014-10-30, 0.0, 0.0
2014-10-30, 0.0, 0.0
2014-10-30, 0.0011414764998525604, 0.0011414764998525604
2014-10-30, 0.0011414764998525604, 0.0011414764998525604
2014-10-30, 0.006278120749189069, 0.006278120749189069
2014-10-30, 0.005136644249336509, 0.005136644249336509
2014-09-30, 0.0022829529997051208, 0.0022829529997051208
2014-09-30, 0.0022829529997051208, 0.0022829529997051208
2014-09-30, 0.0022829529997051208, 0.0022829529997051208
2014-09-30, 0.0022829529997051208, 0.0022829529997051208
2014-09-30, 0.0022829529997051208, 0.0022829529997051208
2014-09-30, 0.0022829529997051208, 0.0022829529997051208
2014-09-30, 0.0022829529997051208, 0.0022829529997051208
2014-09-30, 0.0022829529997051208, 0.0022829529997051208
2014-09-30, 0.0022829529997051208, 0.0022829529997051208
2014-09-30, 0.0022829529997051208, 0.0022829529997051208
2014-09-30, 0.0022829529997051208, 0.0022829529997051208
2014-09-30, 0.003424429499557681, 0.003424429499557681
2014-09-30, 0.0005707382499262802, 0.0005707382499262802
2014-09-30, 0.002853691249631401, 0.002853691249631401
2014-09-30, 0.0017122147497788405, 0.0017122147497788405
2014-08-31, 0.0045659059994102285, 0.0045659059994102285
2014-08-31, 0.0005707382499262802, 0.0005707382499262802
2014-08-31, 0.0005707382499262802, 0.0005707382499262802
2014-08-31, 0.0005707382499262802, 0.0005707382499262802
2014-08-31, 0.0005707382499262802, 0.0005707382499262802
2014-08-31, 0.0005707382499262802, 0.0005707382499262802
2014-08-31, 0.0005707382499262802, 0.0005707382499262802
2014-08-31, 0.0005707382499262802, 0.0005707382499262802
2014-08-31, 0.0005707382499262802, 0.0005707382499262802
2014-08-31, 0.0005707382499262802, 0.0005707382499262802
2014-08-31, 0.0005707382499262802, 0.0005707382499262802
2014-08-31, 0.009131811998820471, 0.009131811998820471
2014-08-31, 0.00799033549896791, 0.00799033549896791
2014-08-31, 0.0, 0.0
2014-08-31, 0.0011414764998525604, 0.0011414764998525604
2014-08-01, 0.0011414764998525604, 0.0011414764998525604
2014-08-01, 0.002853691249631401, 0.002853691249631401
2014-08-01, 0.002853691249631401, 0.002853691249631401
2014-08-01, 0.002853691249631401, 0.002853691249631401
2014-08-01, 0.002853691249631401, 0.002853691249631401
2014-08-01, 0.002853691249631401, 0.002853691249631401
2014-08-01, 0.002853691249631401, 0.002853691249631401
2014-08-01, 0.002853691249631401, 0.002853691249631401
2014-08-01, 0.002853691249631401, 0.002853691249631401
2014-08-01, 0.002853691249631401, 0.002853691249631401
2014-08-01, 0.002853691249631401, 0.002853691249631401
2014-08-01, 0.0, 0.0
2014-08-01, 0.0017122147497788405, 0.0017122147497788405
2014-08-01, 0.0011414764998525604, 0.0011414764998525604
2014-08-01, 0.006278120749189082, 0.006278120749189082
2014-07-02, 0.002853691249631401, 0.002853691249631401
2014-07-02, 0.003424429499557681, 0.003424429499557681
2014-07-02, 0.003424429499557681, 0.003424429499557681
2014-07-02, 0.003424429499557681, 0.003424429499557681
2014-07-02, 0.003424429499557681, 0.003424429499557681
2014-07-02, 0.003424429499557681, 0.003424429499557681
2014-07-02, 0.003424429499557681, 0.003424429499557681
2014-07-02, 0.003424429499557681, 0.003424429499557681
2014-07-02, 0.003424429499557681, 0.003424429499557681
2014-07-02, 0.003424429499557681, 0.003424429499557681
2014-07-02, 0.003424429499557681, 0.003424429499557681
2014-07-02, 0.0, 0.0
2014-07-02, 0.005136644249336521, 0.005136644249336521
2014-07-02, 0.0005707382499262802, 0.0005707382499262802
2014-07-02, 0.005136644249336521, 0.005136644249336521
2014-06-02, 0.0005707382499262802, 0.0005707382499262802
2014-06-02, 0.00799033549896791, 0.00799033549896791
2014-06-02, 0.00799033549896791, 0.00799033549896791
2014-06-02, 0.00799033549896791, 0.00799033549896791
2014-06-02, 0.00799033549896791, 0.00799033549896791
2014-06-02, 0.00799033549896791, 0.00799033549896791
2014-06-02, 0.00799033549896791, 0.00799033549896791
2014-06-02, 0.00799033549896791, 0.00799033549896791
2014-06-02, 0.00799033549896791, 0.00799033549896791
2014-06-02, 0.00799033549896791, 0.00799033549896791
2014-06-02, 0.00799033549896791, 0.00799033549896791
2014-06-02, 0.0011414764998525604, 0.0011414764998525604
2014-06-02, 0.005707382499262802, 0.005707382499262802
2014-06-02, 0.002853691249631401, 0.002853691249631401
2014-06-02, 0.003995167749483961, 0.003995167749483961
2014-05-03, 0.0005707382499262802, 0.0005707382499262802
2014-05-03, 0.0022829529997051208, 0.0022829529997051208
2014-05-03, 0.0022829529997051208, 0.0022829529997051208
2014-05-03, 0.0022829529997051208, 0.0022829529997051208
2014-05-03, 0.0022829529997051208, 0.0022829529997051208
2014-05-03, 0.0022829529997051208, 0.0022829529997051208
2014-05-03, 0.0022829529997051208, 0.0022829529997051208
2014-05-03, 0.0022829529997051208, 0.0022829529997051208
2014-05-03, 0.0022829529997051208, 0.0022829529997051208
2014-05-03, 0.0022829529997051208, 0.0022829529997051208
2014-05-03, 0.0022829529997051208, 0.0022829529997051208
2014-05-03, 0.0017122147497788405, 0.0017122147497788405
2014-05-03, 0.0, 0.0
2014-05-03, 0.003995167749483961, 0.003995167749483961
2014-05-03, 0.00684885899911535, 0.00684885899911535
2014-04-03, 0.0, 0.0
2014-04-03, 0.0011414764998525604, 0.0011414764998525604
2014-04-03, 0.0011414764998525604, 0.0011414764998525604
2014-04-03, 0.0011414764998525604, 0.0011414764998525604
2014-04-03, 0.0011414764998525604, 0.0011414764998525604
2014-04-03, 0.0011414764998525604, 0.0011414764998525604
2014-04-03, 0.0011414764998525604, 0.0011414764998525604
2014-04-03, 0.0011414764998525604, 0.0011414764998525604
2014-04-03, 0.0011414764998525604, 0.0011414764998525604
2014-04-03, 0.0011414764998525604, 0.0011414764998525604
2014-04-03, 0.0011414764998525604, 0.0011414764998525604
2014-04-03, 0.0017122147497788405, 0.0017122147497788405
2014-04-03, 0.002853691249631401, 0.002853691249631401
2014-04-03, 0.0022829529997051208, 0.0022829529997051208
2014-04-03, 0.002853691249631401, 0.002853691249631401
2014-03-04, 0.0017122147497788405, 0.0017122147497788405
2014-03-04, 0.0011414764998525604, 0.0011414764998525604
2014-03-04, 0.0011414764998525604, 0.0011414764998525604
2014-03-04, 0.0011414764998525604, 0.0011414764998525604
2014-03-04, 0.0011414764998525604, 0.0011414764998525604
2014-03-04, 0.0011414764998525604, 0.0011414764998525604
2014-03-04, 0.0011414764998525604, 0.0011414764998525604
2014-03-04, 0.0011414764998525604, 0.0011414764998525604
2014-03-04, 0.0011414764998525604, 0.0011414764998525604
2014-03-04, 0.0011414764998525604, 0.0011414764998525604
2014-03-04, 0.0011414764998525604, 0.0011414764998525604
2014-03-04, 0.003424429499557681, 0.003424429499557681
2014-03-04, 0.005136644249336521, 0.005136644249336521
2014-03-04, 0.0017122147497788405, 0.0017122147497788405
2014-03-04, 0.0005707382499262802, 0.0005707382499262802
2014-02-02, 0.0011414764998525604, 0.0011414764998525604
2014-02-02, 0.0005707382499262802, 0.0005707382499262802
2014-02-02, 0.0005707382499262802, 0.0005707382499262802
2014-02-02, 0.0005707382499262802, 0.0005707382499262802
2014-02-02, 0.0005707382499262802, 0.0005707382499262802
2014-02-02, 0.0005707382499262802, 0.0005707382499262802
2014-02-02, 0.0005707382499262802, 0.0005707382499262802
2014-02-02, 0.0005707382499262802, 0.0005707382499262802
2014-02-02, 0.0005707382499262802, 0.0005707382499262802
2014-02-02, 0.0005707382499262802, 0.0005707382499262802
2014-02-02, 0.0005707382499262802, 0.0005707382499262802
2014-02-02, 0.002853691249631401, 0.002853691249631401
2014-02-02, 0.003995167749483961, 0.003995167749483961
2014-02-02, 0.0011414764998525604, 0.0011414764998525604
2014-02-02, 0.0045659059994102415, 0.0045659059994102415
2014-01-03, 0.0022829529997051208, 0.0022829529997051208
2014-01-03, 0.0022829529997051208, 0.0022829529997051208
2014-01-03, 0.0022829529997051208, 0.0022829529997051208
2014-01-03, 0.0022829529997051208, 0.0022829529997051208
2014-01-03, 0.0022829529997051208, 0.0022829529997051208
2014-01-03, 0.0022829529997051208, 0.0022829529997051208
2014-01-03, 0.0022829529997051208, 0.0022829529997051208
2014-01-03, 0.0022829529997051208, 0.0022829529997051208
2014-01-03, 0.0022829529997051208, 0.0022829529997051208
2014-01-03, 0.0022829529997051208, 0.0022829529997051208
2014-01-03, 0.0022829529997051208, 0.0022829529997051208
2014-01-03, 0.003424429499557681, 0.003424429499557681
2014-01-03, 0.002853691249631401, 0.002853691249631401
2014-01-03, 0.0017122147497788405, 0.0017122147497788405
2014-01-03, 0.003424429499557681, 0.003424429499557681
2013-12-04, 0.0022829529997051208, 0.0022829529997051208
2013-12-04, 0.0005707382499262802, 0.0005707382499262802
2013-12-04, 0.0005707382499262802, 0.0005707382499262802
2013-12-04, 0.0005707382499262802, 0.0005707382499262802
2013-12-04, 0.0005707382499262802, 0.0005707382499262802
2013-12-04, 0.0005707382499262802, 0.0005707382499262802
2013-12-04, 0.0005707382499262802, 0.0005707382499262802
2013-12-04, 0.0005707382499262802, 0.0005707382499262802
2013-12-04, 0.0005707382499262802, 0.0005707382499262802
2013-12-04, 0.0005707382499262802, 0.0005707382499262802
2013-12-04, 0.0005707382499262802, 0.0005707382499262802
2013-12-04, 0.005136644249336521, 0.005136644249336521
2013-12-04, 0.003995167749483961, 0.003995167749483961
2013-12-04, 0.0, 0.0
2013-12-04, 0.005707382499262802, 0.005707382499262802
2013-11-04, 0.0005707382499262802, 0.0005707382499262802
2013-11-04, 0.002853691249631401, 0.002853691249631401
2013-11-04, 0.002853691249631401, 0.002853691249631401
2013-11-04, 0.002853691249631401, 0.002853691249631401
2013-11-04, 0.002853691249631401, 0.002853691249631401
2013-11-04, 0.002853691249631401, 0.002853691249631401
2013-11-04, 0.002853691249631401, 0.002853691249631401
2013-11-04, 0.002853691249631401, 0.002853691249631401
2013-11-04, 0.002853691249631401, 0.002853691249631401
2013-11-04, 0.002853691249631401, 0.002853691249631401
2013-11-04, 0.002853691249631401, 0.002853691249631401
2013-11-04, 0.006278120749189082, 0.006278120749189082
2013-11-04, 0.0011414764998525604, 0.0011414764998525604
2013-11-04, 0.0017122147497788405, 0.0017122147497788405
2013-11-04, 0.0017122147497788405, 0.0017122147497788405
2013-10-05, 0.003424429499557681, 0.003424429499557681
2013-10-05, 0.0017122147497788405, 0.0017122147497788405
2013-10-05, 0.0017122147497788405, 0.0017122147497788405
2013-10-05, 0.0017122147497788405, 0.0017122147497788405
2013-10-05, 0.0017122147497788405, 0.0017122147497788405
2013-10-05, 0.0017122147497788405, 0.0017122147497788405
2013-10-05, 0.0017122147497788405, 0.0017122147497788405
2013-10-05, 0.0017122147497788405, 0.0017122147497788405
2013-10-05, 0.0017122147497788405, 0.0017122147497788405
2013-10-05, 0.0017122147497788405, 0.0017122147497788405
2013-10-05, 0.0017122147497788405, 0.0017122147497788405
2013-10-05, 0.0011414764998525604, 0.0011414764998525604
2013-10-05, 0.0045659059994102415, 0.0045659059994102415
2013-10-05, 0.006278120749189082, 0.006278120749189082
2013-10-05, 0.0022829529997051208, 0.0022829529997051208
2013-09-05, 0.0005707382499262802, 0.0005707382499262802
2013-09-05, 0.002282952999705108, 0.002282952999705108
2013-09-05, 0.002282952999705108, 0.002282952999705108
2013-09-05, 0.002282952999705108, 0.002282952999705108
2013-09-05, 0.002282952999705108, 0.002282952999705108
2013-09-05, 0.002282952999705108, 0.002282952999705108
2013-09-05, 0.002282952999705108, 0.002282952999705108
2013-09-05, 0.002282952999705108, 0.002282952999705108
2013-09-05, 0.002282952999705108, 0.002282952999705108
2013-09-05, 0.002282952999705108, 0.002282952999705108
2013-09-05, 0.002282952999705108, 0.002282952999705108
2013-09-05, 0.005136644249336509, 0.005136644249336509
2013-09-05, 0.007419597249041629, 0.007419597249041629
2013-09-05, 0.007419597249041629, 0.007419597249041629
2013-09-05, 0.0017122147497788279, 0.0017122147497788279
2013-08-06, 0.01712214749778838, 0.01712214749778838
2013-08-06, 0.015409932748009551, 0.015409932748009551
2013-08-06, 0.015409932748009551, 0.015409932748009551
2013-08-06, 0.015409932748009551, 0.015409932748009551
2013-08-06, 0.015409932748009551, 0.015409932748009551
2013-08-06, 0.015409932748009551, 0.015409932748009551
2013-08-06, 0.015409932748009551, 0.015409932748009551
2013-08-06, 0.015409932748009551, 0.015409932748009551
2013-08-06, 0.015409932748009551, 0.015409932748009551
2013-08-06, 0.015409932748009551, 0.015409932748009551
2013-08-06, 0.015409932748009551, 0.015409932748009551
2013-08-06, 0.014268456248156992, 0.014268456248156992
2013-08-06, 0.014839194498083273, 0.014839194498083273
2013-08-06, 0.014839194498083273, 0.014839194498083273
2013-08-06, 0.014268456248156992, 0.014268456248156992
2013-07-07, 0.00856107374889419, 0.00856107374889419
2013-07-07, 0.013697717998230712, 0.013697717998230712
2013-07-07, 0.013697717998230712, 0.013697717998230712
2013-07-07, 0.013697717998230712, 0.013697717998230712
2013-07-07, 0.013697717998230712, 0.013697717998230712
2013-07-07, 0.013697717998230712, 0.013697717998230712
2013-07-07, 0.013697717998230712, 0.013697717998230712
2013-07-07, 0.013697717998230712, 0.013697717998230712
2013-07-07, 0.013697717998230712, 0.013697717998230712
2013-07-07, 0.013697717998230712, 0.013697717998230712
2013-07-07, 0.013697717998230712, 0.013697717998230712
2013-07-07, 0.014268456248156992, 0.014268456248156992
2013-07-07, 0.011414764998525591, 0.011414764998525591
2013-07-07, 0.01255624149837815, 0.01255624149837815
2013-07-07, 0.013697717998230712, 0.013697717998230712
2013-06-07, 0.00970255024874675, 0.00970255024874675
2013-06-07, 0.013126979748304431, 0.013126979748304431
2013-06-07, 0.013126979748304431, 0.013126979748304431
2013-06-07, 0.013126979748304431, 0.013126979748304431
2013-06-07, 0.013126979748304431, 0.013126979748304431
2013-06-07, 0.013126979748304431, 0.013126979748304431
2013-06-07, 0.013126979748304431, 0.013126979748304431
2013-06-07, 0.013126979748304431, 0.013126979748304431
2013-06-07, 0.013126979748304431, 0.013126979748304431
2013-06-07, 0.013126979748304431, 0.013126979748304431
2013-06-07, 0.013126979748304431, 0.013126979748304431
2013-06-07, 0.00799033549896791, 0.00799033549896791
2013-06-07, 0.013126979748304431, 0.013126979748304431
2013-06-07, 0.014268456248156992, 0.014268456248156992
2013-06-07, 0.01027328849867303, 0.01027328849867303
2013-05-08, 0.0011414764998525604, 0.0011414764998525604
2013-05-08, 0.0, 0.0
2013-05-08, 0.0, 0.0
2013-05-08, 0.0, 0.0
2013-05-08, 0.0, 0.0
2013-05-08, 0.0, 0.0
2013-05-08, 0.0, 0.0
2013-05-08, 0.0, 0.0
2013-05-08, 0.0, 0.0
2013-05-08, 0.0, 0.0
2013-05-08, 0.0, 0.0
2013-05-08, 0.0011414764998525604, 0.0011414764998525604
2013-05-08, 0.0005707382499262802, 0.0005707382499262802
2013-05-08, 0.003995167749483961, 0.003995167749483961
2013-05-08, 0.005707382499262789, 0.005707382499262789
2013-04-08, 0.02340026824697746, 0.02340026824697746
2013-04-08, 0.02340026824697746, 0.02340026824697746
2013-04-08, 0.02340026824697746, 0.02340026824697746
2013-04-08, 0.02340026824697746, 0.02340026824697746
2013-04-08, 0.02340026824697746, 0.02340026824697746
2013-04-08, 0.02340026824697746, 0.02340026824697746
2013-04-08, 0.02340026824697746, 0.02340026824697746
2013-04-08, 0.02340026824697746, 0.02340026824697746
2013-04-08, 0.02340026824697746, 0.02340026824697746
2013-04-08, 0.02340026824697746, 0.02340026824697746
2013-04-08, 0.02340026824697746, 0.02340026824697746
2013-04-08, 0.019405100497493513, 0.019405100497493513
2013-04-08, 0.01255624149837815, 0.01255624149837815
2013-04-08, 0.014268456248156992, 0.014268456248156992
2013-04-08, 0.013697717998230712, 0.013697717998230712
2013-03-09, 0.01084402674859931, 0.01084402674859931
2013-03-09, 0.015980670997935834, 0.015980670997935834
2013-03-09, 0.015980670997935834, 0.015980670997935834
2013-03-09, 0.015980670997935834, 0.015980670997935834
2013-03-09, 0.015980670997935834, 0.015980670997935834
2013-03-09, 0.015980670997935834, 0.015980670997935834
2013-03-09, 0.015980670997935834, 0.015980670997935834
2013-03-09, 0.015980670997935834, 0.015980670997935834
2013-03-09, 0.015980670997935834, 0.015980670997935834
2013-03-09, 0.015980670997935834, 0.015980670997935834
2013-03-09, 0.015980670997935834, 0.015980670997935834
2013-03-09, 0.011985503248451872, 0.011985503248451872
2013-03-09, 0.020546576997346074, 0.020546576997346074
2013-03-09, 0.015409932748009551, 0.015409932748009551
2013-03-09, 0.0222587917471249, 0.0222587917471249
2013-02-07, 0.014268456248156992, 0.014268456248156992
2013-02-07, 0.0251124829967563, 0.0251124829967563
2013-02-07, 0.0251124829967563, 0.0251124829967563
2013-02-07, 0.0251124829967563, 0.0251124829967563
2013-02-07, 0.0251124829967563, 0.0251124829967563
2013-02-07, 0.0251124829967563, 0.0251124829967563
2013-02-07, 0.0251124829967563, 0.0251124829967563
2013-02-07, 0.0251124829967563, 0.0251124829967563
2013-02-07, 0.0251124829967563, 0.0251124829967563
2013-02-07, 0.0251124829967563, 0.0251124829967563
2013-02-07, 0.0251124829967563, 0.0251124829967563
2013-02-07, 0.013697717998230712, 0.013697717998230712
2013-02-07, 0.031390603745945385, 0.031390603745945385
2013-02-07, 0.02168805349719862, 0.02168805349719862
2013-02-07, 0.023971006496903743, 0.023971006496903743
2013-01-08, 0.007419597249041642, 0.007419597249041642
2013-01-08, 0.015980670997935834, 0.015980670997935834
2013-01-08, 0.015980670997935834, 0.015980670997935834
2013-01-08, 0.015980670997935834, 0.015980670997935834
2013-01-08, 0.015980670997935834, 0.015980670997935834
2013-01-08, 0.015980670997935834, 0.015980670997935834
2013-01-08, 0.015980670997935834, 0.015980670997935834
2013-01-08, 0.015980670997935834, 0.015980670997935834
2013-01-08, 0.015980670997935834, 0.015980670997935834
2013-01-08, 0.015980670997935834, 0.015980670997935834
2013-01-08, 0.015980670997935834, 0.015980670997935834
2013-01-08, 0.006278120749189082, 0.006278120749189082
2013-01-08, 0.005707382499262802, 0.005707382499262802
2013-01-08, 0.015409932748009551, 0.015409932748009551
2013-01-08, 0.022258791747124914, 0.022258791747124914
2012-12-09, 0.008561073748894203, 0.008561073748894203
2012-12-09, 0.013126979748304431, 0.013126979748304431
2012-12-09, 0.013126979748304431, 0.013126979748304431
2012-12-09, 0.013126979748304431, 0.013126979748304431
2012-12-09, 0.013126979748304431, 0.013126979748304431
2012-12-09, 0.013126979748304431, 0.013126979748304431
2012-12-09, 0.013126979748304431, 0.013126979748304431
2012-12-09, 0.013126979748304431, 0.013126979748304431
2012-12-09, 0.013126979748304431, 0.013126979748304431
2012-12-09, 0.013126979748304431, 0.013126979748304431
2012-12-09, 0.013126979748304431, 0.013126979748304431
2012-12-09, 0.005136644249336521, 0.005136644249336521
2012-12-09, 0.006278120749189082, 0.006278120749189082
2012-12-09, 0.009131811998820483, 0.009131811998820483
2012-12-09, 0.006848858999115362, 0.006848858999115362
2012-11-09, 0.0017122147497788405, 0.0017122147497788405
2012-11-09, 0.002853691249631401, 0.002853691249631401
2012-11-09, 0.002853691249631401, 0.002853691249631401
2012-11-09, 0.002853691249631401, 0.002853691249631401
2012-11-09, 0.002853691249631401, 0.002853691249631401
2012-11-09, 0.002853691249631401, 0.002853691249631401
2012-11-09, 0.002853691249631401, 0.002853691249631401
2012-11-09, 0.002853691249631401, 0.002853691249631401
2012-11-09, 0.002853691249631401, 0.002853691249631401
2012-11-09, 0.002853691249631401, 0.002853691249631401
2012-11-09, 0.002853691249631401, 0.002853691249631401
2012-11-09, 0.0005707382499262802, 0.0005707382499262802
2012-11-09, 0.0022829529997051208, 0.0022829529997051208
2012-11-09, 0.0011414764998525604, 0.0011414764998525604
2012-11-09, 0.0005707382499262802, 0.0005707382499262802
2012-10-10, 0.0017122147497788405, 0.0017122147497788405
2012-10-10, 0.006278120749189069, 0.006278120749189069
2012-10-10, 0.006278120749189069, 0.006278120749189069
2012-10-10, 0.006278120749189069, 0.006278120749189069
2012-10-10, 0.006278120749189069, 0.006278120749189069
2012-10-10, 0.006278120749189069, 0.006278120749189069
2012-10-10, 0.006278120749189069, 0.006278120749189069
2012-10-10, 0.006278120749189069, 0.006278120749189069
2012-10-10, 0.006278120749189069, 0.006278120749189069
2012-10-10, 0.006278120749189069, 0.006278120749189069
2012-10-10, 0.006278120749189069, 0.006278120749189069
2012-10-10, 0.0017122147497788405, 0.0017122147497788405
2012-10-10, 0.011985503248451872, 0.011985503248451872
2012-10-10, 0.0022829529997051208, 0.0022829529997051208
2012-10-10, 0.013126979748304431, 0.013126979748304431
2012-09-10, 0.0022829529997051208, 0.0022829529997051208
2012-09-10, 0.01084402674859931, 0.01084402674859931
2012-09-10, 0.01084402674859931, 0.01084402674859931
2012-09-10, 0.01084402674859931, 0.01084402674859931
2012-09-10, 0.01084402674859931, 0.01084402674859931
2012-09-10, 0.01084402674859931, 0.01084402674859931
2012-09-10, 0.01084402674859931, 0.01084402674859931
2012-09-10, 0.01084402674859931, 0.01084402674859931
2012-09-10, 0.01084402674859931, 0.01084402674859931
2012-09-10, 0.01084402674859931, 0.01084402674859931
2012-09-10, 0.01084402674859931, 0.01084402674859931
2012-09-10, 0.0005707382499262802, 0.0005707382499262802
2012-09-10, 0.0022829529997051208, 0.0022829529997051208
2012-09-10, 0.0045659059994102285, 0.0045659059994102285
2012-09-10, 0.013126979748304431, 0.013126979748304431
2012-08-11, 0.002853691249631401, 0.002853691249631401
2012-08-11, 0.006278120749189069, 0.006278120749189069
2012-08-11, 0.006278120749189069, 0.006278120749189069
2012-08-11, 0.006278120749189069, 0.006278120749189069
2012-08-11, 0.006278120749189069, 0.006278120749189069
2012-08-11, 0.006278120749189069, 0.006278120749189069
2012-08-11, 0.006278120749189069, 0.006278120749189069
2012-08-11, 0.006278120749189069, 0.006278120749189069
2012-08-11, 0.006278120749189069, 0.006278120749189069
2012-08-11, 0.006278120749189069, 0.006278120749189069
2012-08-11, 0.006278120749189069, 0.006278120749189069
2012-08-11, 0.006278120749189069, 0.006278120749189069
2012-08-11, 0.003995167749483961, 0.003995167749483961
2012-08-11, 0.003995167749483961, 0.003995167749483961
2012-08-11, 0.0022829529997051208, 0.0022829529997051208
2012-07-12, 0.009131811998820471, 0.009131811998820471
2012-07-12, 0.017692885747714673, 0.017692885747714673
2012-07-12, 0.017692885747714673, 0.017692885747714673
2012-07-12, 0.017692885747714673, 0.017692885747714673
2012-07-12, 0.017692885747714673, 0.017692885747714673
2012-07-12, 0.017692885747714673, 0.017692885747714673
2012-07-12, 0.017692885747714673, 0.017692885747714673
2012-07-12, 0.017692885747714673, 0.017692885747714673
2012-07-12, 0.017692885747714673, 0.017692885747714673
2012-07-12, 0.017692885747714673, 0.017692885747714673
2012-07-12, 0.017692885747714673, 0.017692885747714673
2012-07-12, 0.009131811998820471, 0.009131811998820471
2012-07-12, 0.030249127246092824, 0.030249127246092824
2012-07-12, 0.005136644249336509, 0.005136644249336509
2012-07-12, 0.026253959496608862, 0.026253959496608862
2012-06-12, 0.007419597249041629, 0.007419597249041629
2012-06-12, 0.021117315247272343, 0.021117315247272343
2012-06-12, 0.021117315247272343, 0.021117315247272343
2012-06-12, 0.021117315247272343, 0.021117315247272343
2012-06-12, 0.021117315247272343, 0.021117315247272343
2012-06-12, 0.021117315247272343, 0.021117315247272343
2012-06-12, 0.021117315247272343, 0.021117315247272343
2012-06-12, 0.021117315247272343, 0.021117315247272343
2012-06-12, 0.021117315247272343, 0.021117315247272343
2012-06-12, 0.021117315247272343, 0.021117315247272343
2012-06-12, 0.021117315247272343, 0.021117315247272343
2012-06-12, 0.003995167749483961, 0.003995167749483961
2012-06-12, 0.005707382499262789, 0.005707382499262789
2012-06-12, 0.00970255024874675, 0.00970255024874675
2012-06-12, 0.01027328849867303, 0.01027328849867303
2012-05-13, 0.005136644249336509, 0.005136644249336509
2012-05-13, 0.02168805349719862, 0.02168805349719862
2012-05-13, 0.02168805349719862, 0.02168805349719862
2012-05-13, 0.02168805349719862, 0.02168805349719862
2012-05-13, 0.02168805349719862, 0.02168805349719862
2012-05-13, 0.02168805349719862, 0.02168805349719862
2012-05-13, 0.02168805349719862, 0.02168805349719862
2012-05-13, 0.02168805349719862, 0.02168805349719862
2012-05-13, 0.02168805349719862, 0.02168805349719862
2012-05-13, 0.02168805349719862, 0.02168805349719862
2012-05-13, 0.02168805349719862, 0.02168805349719862
2012-05-13, 0.00684885899911535, 0.00684885899911535
2012-05-13, 0.00799033549896791, 0.00799033549896791
2012-05-13, 0.011414764998525591, 0.011414764998525591
2012-05-13, 0.01027328849867303, 0.01027328849867303
2012-04-13, 0.013697717998230712, 0.013697717998230712
2012-04-13, 0.023400268246977475, 0.023400268246977475
2012-04-13, 0.023400268246977475, 0.023400268246977475
2012-04-13, 0.023400268246977475, 0.023400268246977475
2012-04-13, 0.023400268246977475, 0.023400268246977475
2012-04-13, 0.023400268246977475, 0.023400268246977475
2012-04-13, 0.023400268246977475, 0.023400268246977475
2012-04-13, 0.023400268246977475, 0.023400268246977475
2012-04-13, 0.023400268246977475, 0.023400268246977475
2012-04-13, 0.023400268246977475, 0.023400268246977475
2012-04-13, 0.023400268246977475, 0.023400268246977475
2012-04-13, 0.013697717998230712, 0.013697717998230712
2012-04-13, 0.03253208024579794, 0.03253208024579794
2012-04-13, 0.020546576997346074, 0.020546576997346074
2012-04-13, 0.029107650746240263, 0.029107650746240263
2012-03-14, 0.015409932748009551, 0.015409932748009551
2012-03-14, 0.023971006496903754, 0.023971006496903754
2012-03-14, 0.023971006496903754, 0.023971006496903754
2012-03-14, 0.023971006496903754, 0.023971006496903754
2012-03-14, 0.023971006496903754, 0.023971006496903754
2012-03-14, 0.023971006496903754, 0.023971006496903754
2012-03-14, 0.023971006496903754, 0.023971006496903754
2012-03-14, 0.023971006496903754, 0.023971006496903754
2012-03-14, 0.023971006496903754, 0.023971006496903754
2012-03-14, 0.023971006496903754, 0.023971006496903754
2012-03-14, 0.023971006496903754, 0.023971006496903754
2012-03-14, 0.013697717998230712, 0.013697717998230712
2012-03-14, 0.018834362247567234, 0.018834362247567234
2012-03-14, 0.023971006496903754, 0.023971006496903754
2012-03-14, 0.03424429499557678, 0.03424429499557678
2012-02-13, 0.014839194498083273, 0.014839194498083273
2012-02-13, 0.02340026824697746, 0.02340026824697746
2012-02-13, 0.02340026824697746, 0.02340026824697746
2012-02-13, 0.02340026824697746, 0.02340026824697746
2012-02-13, 0.02340026824697746, 0.02340026824697746
2012-02-13, 0.02340026824697746, 0.02340026824697746
2012-02-13, 0.02340026824697746, 0.02340026824697746
2012-02-13, 0.02340026824697746, 0.02340026824697746
2012-02-13, 0.02340026824697746, 0.02340026824697746
2012-02-13, 0.02340026824697746, 0.02340026824697746
2012-02-13, 0.02340026824697746, 0.02340026824697746
2012-02-13, 0.013126979748304431, 0.013126979748304431
2012-02-13, 0.014268456248156992, 0.014268456248156992
2012-02-13, 0.019405100497493513, 0.019405100497493513
2012-02-13, 0.03196134199587167, 0.03196134199587167
2012-01-14, 0.00799033549896791, 0.00799033549896791
2012-01-14, 0.018834362247567234, 0.018834362247567234
2012-01-14, 0.018834362247567234, 0.018834362247567234
2012-01-14, 0.018834362247567234, 0.018834362247567234
2012-01-14, 0.018834362247567234, 0.018834362247567234
2012-01-14, 0.018834362247567234, 0.018834362247567234
2012-01-14, 0.018834362247567234, 0.018834362247567234
2012-01-14, 0.018834362247567234, 0.018834362247567234
2012-01-14, 0.018834362247567234, 0.018834362247567234
2012-01-14, 0.018834362247567234, 0.018834362247567234
2012-01-14, 0.018834362247567234, 0.018834362247567234
2012-01-14, 0.011985503248451872, 0.011985503248451872
2012-01-14, 0.026824697746535144, 0.026824697746535144
2012-01-14, 0.016551409247862112, 0.016551409247862112
2012-01-14, 0.02168805349719862, 0.02168805349719862
2011-12-15, 0.010844026748599323, 0.010844026748599323
2011-12-15, 0.021117315247272353, 0.021117315247272353
2011-12-15, 0.021117315247272353, 0.021117315247272353
2011-12-15, 0.021117315247272353, 0.021117315247272353
2011-12-15, 0.021117315247272353, 0.021117315247272353
2011-12-15, 0.021117315247272353, 0.021117315247272353
2011-12-15, 0.021117315247272353, 0.021117315247272353
2011-12-15, 0.021117315247272353, 0.021117315247272353
2011-12-15, 0.021117315247272353, 0.021117315247272353
2011-12-15, 0.021117315247272353, 0.021117315247272353
2011-12-15, 0.021117315247272353, 0.021117315247272353
2011-12-15, 0.011414764998525591, 0.011414764998525591
2011-12-15, 0.033102818495724225, 0.033102818495724225
2011-12-15, 0.010273288498673042, 0.010273288498673042
2011-12-15, 0.018263623997640952, 0.018263623997640952
2011-11-15, 0.011414764998525591, 0.011414764998525591
2011-11-15, 0.021688053497198635, 0.021688053497198635
2011-11-15, 0.021688053497198635, 0.021688053497198635
2011-11-15, 0.021688053497198635, 0.021688053497198635
2011-11-15, 0.021688053497198635, 0.021688053497198635
2011-11-15, 0.021688053497198635, 0.021688053497198635
2011-11-15, 0.021688053497198635, 0.021688053497198635
2011-11-15, 0.021688053497198635, 0.021688053497198635
2011-11-15, 0.021688053497198635, 0.021688053497198635
2011-11-15, 0.021688053497198635, 0.021688053497198635
2011-11-15, 0.021688053497198635, 0.021688053497198635
2011-11-15, 0.011985503248451872, 0.011985503248451872
2011-11-15, 0.033102818495724225, 0.033102818495724225
2011-11-15, 0.018263623997640952, 0.018263623997640952
2011-11-15, 0.027395435996461423, 0.027395435996461423
2011-10-16, 0.013126979748304431, 0.013126979748304431
2011-10-16, 0.0222587917471249, 0.0222587917471249
2011-10-16, 0.0222587917471249, 0.0222587917471249
2011-10-16, 0.0222587917471249, 0.0222587917471249
2011-10-16, 0.0222587917471249, 0.0222587917471249
2011-10-16, 0.0222587917471249, 0.0222587917471249
2011-10-16, 0.0222587917471249, 0.0222587917471249
2011-10-16, 0.0222587917471249, 0.0222587917471249
2011-10-16, 0.0222587917471249, 0.0222587917471249
2011-10-16, 0.0222587917471249, 0.0222587917471249
2011-10-16, 0.0222587917471249, 0.0222587917471249
2011-10-16, 0.013126979748304431, 0.013126979748304431
2011-10-16, 0.025683221246682583, 0.025683221246682583
2011-10-16, 0.0222587917471249, 0.0222587917471249
2011-10-16, 0.027395435996461423, 0.027395435996461423
2011-09-16, 0.011985503248451872, 0.011985503248451872
2011-09-16, 0.021117315247272353, 0.021117315247272353
2011-09-16, 0.021117315247272353, 0.021117315247272353
2011-09-16, 0.021117315247272353, 0.021117315247272353
2011-09-16, 0.021117315247272353, 0.021117315247272353
2011-09-16, 0.021117315247272353, 0.021117315247272353
2011-09-16, 0.021117315247272353, 0.021117315247272353
2011-09-16, 0.021117315247272353, 0.021117315247272353
2011-09-16, 0.021117315247272353, 0.021117315247272353
2011-09-16, 0.021117315247272353, 0.021117315247272353
2011-09-16, 0.021117315247272353, 0.021117315247272353
2011-09-16, 0.011414764998525603, 0.011414764998525603
2011-09-16, 0.013697717998230712, 0.013697717998230712
2011-09-16, 0.025112482996756315, 0.025112482996756315
2011-09-16, 0.025112482996756315, 0.025112482996756315
2011-08-17, 0.010273288498673042, 0.010273288498673042
2011-08-17, 0.021117315247272353, 0.021117315247272353
2011-08-17, 0.021117315247272353, 0.021117315247272353
2011-08-17, 0.021117315247272353, 0.021117315247272353
2011-08-17, 0.021117315247272353, 0.021117315247272353
2011-08-17, 0.021117315247272353, 0.021117315247272353
2011-08-17, 0.021117315247272353, 0.021117315247272353
2011-08-17, 0.021117315247272353, 0.021117315247272353
2011-08-17, 0.021117315247272353, 0.021117315247272353
2011-08-17, 0.021117315247272353, 0.021117315247272353
2011-08-17, 0.021117315247272353, 0.021117315247272353
2011-08-17, 0.011414764998525603, 0.011414764998525603
2011-08-17, 0.013126979748304431, 0.013126979748304431
2011-08-17, 0.018263623997640952, 0.018263623997640952
2011-08-17, 0.030249127246092824, 0.030249127246092824
2011-07-18, 0.0017122147497788405, 0.0017122147497788405
2011-07-18, 0.005136644249336509, 0.005136644249336509
2011-07-18, 0.005136644249336509, 0.005136644249336509
2011-07-18, 0.005136644249336509, 0.005136644249336509
2011-07-18, 0.005136644249336509, 0.005136644249336509
2011-07-18, 0.005136644249336509, 0.005136644249336509
2011-07-18, 0.005136644249336509, 0.005136644249336509
2011-07-18, 0.005136644249336509, 0.005136644249336509
2011-07-18, 0.005136644249336509, 0.005136644249336509
2011-07-18, 0.005136644249336509, 0.005136644249336509
2011-07-18, 0.005136644249336509, 0.005136644249336509
2011-07-18, 0.0017122147497788405, 0.0017122147497788405
2011-07-18, 0.009131811998820471, 0.009131811998820471
2011-07-18, 0.003995167749483961, 0.003995167749483961
2011-07-18, 0.003995167749483961, 0.003995167749483961
2011-06-18, 0.0022829529997051208, 0.0022829529997051208
2011-06-18, 0.009131811998820471, 0.009131811998820471
2011-06-18, 0.009131811998820471, 0.009131811998820471
2011-06-18, 0.009131811998820471, 0.009131811998820471
2011-06-18, 0.009131811998820471, 0.009131811998820471
2011-06-18, 0.009131811998820471, 0.009131811998820471
2011-06-18, 0.009131811998820471, 0.009131811998820471
2011-06-18, 0.009131811998820471, 0.009131811998820471
2011-06-18, 0.009131811998820471, 0.009131811998820471
2011-06-18, 0.009131811998820471, 0.009131811998820471
2011-06-18, 0.009131811998820471, 0.009131811998820471
2011-06-18, 0.003424429499557681, 0.003424429499557681
2011-06-18, 0.009131811998820471, 0.009131811998820471
2011-06-18, 0.003995167749483961, 0.003995167749483961
2011-06-18, 0.0045659059994102415, 0.0045659059994102415
2011-05-19, 0.0022829529997051208, 0.0022829529997051208
2011-05-19, 0.009131811998820471, 0.009131811998820471
2011-05-19, 0.009131811998820471, 0.009131811998820471
2011-05-19, 0.009131811998820471, 0.009131811998820471
2011-05-19, 0.009131811998820471, 0.009131811998820471
2011-05-19, 0.009131811998820471, 0.009131811998820471
2011-05-19, 0.009131811998820471, 0.009131811998820471
2011-05-19, 0.009131811998820471, 0.009131811998820471
2011-05-19, 0.009131811998820471, 0.009131811998820471
2011-05-19, 0.009131811998820471, 0.009131811998820471
2011-05-19, 0.009131811998820471, 0.009131811998820471
2011-05-19, 0.005707382499262789, 0.005707382499262789
2011-05-19, 0.009131811998820471, 0.009131811998820471
2011-05-19, 0.01027328849867303, 0.01027328849867303
2011-05-19, 0.00970255024874675, 0.00970255024874675
2011-04-19, 0.009702550248746764, 0.009702550248746764
2011-04-19, 0.0022829529997051208, 0.0022829529997051208
2011-04-19, 0.0022829529997051208, 0.0022829529997051208
2011-04-19, 0.0022829529997051208, 0.0022829529997051208
2011-04-19, 0.0022829529997051208, 0.0022829529997051208
2011-04-19, 0.0022829529997051208, 0.0022829529997051208
2011-04-19, 0.0022829529997051208, 0.0022829529997051208
2011-04-19, 0.0022829529997051208, 0.0022829529997051208
2011-04-19, 0.0022829529997051208, 0.0022829529997051208
2011-04-19, 0.0022829529997051208, 0.0022829529997051208
2011-04-19, 0.0022829529997051208, 0.0022829529997051208
2011-04-19, 0.003995167749483961, 0.003995167749483961
2011-04-19, 0.0005707382499262802, 0.0005707382499262802
2011-04-19, 0.0011414764998525604, 0.0011414764998525604
2011-04-19, 0.006848858999115362, 0.006848858999115362
2011-03-20, 0.0017122147497788405, 0.0017122147497788405
2011-03-20, 0.0022829529997051208, 0.0022829529997051208
2011-03-20, 0.0022829529997051208, 0.0022829529997051208
2011-03-20, 0.0022829529997051208, 0.0022829529997051208
2011-03-20, 0.0022829529997051208, 0.0022829529997051208
2011-03-20, 0.0022829529997051208, 0.0022829529997051208
2011-03-20, 0.0022829529997051208, 0.0022829529997051208
2011-03-20, 0.0022829529997051208, 0.0022829529997051208
2011-03-20, 0.0022829529997051208, 0.0022829529997051208
2011-03-20, 0.0022829529997051208, 0.0022829529997051208
2011-03-20, 0.0022829529997051208, 0.0022829529997051208
2011-03-20, 0.0034244294995576683, 0.0034244294995576683
2011-03-20, 0.0017122147497788405, 0.0017122147497788405
2011-03-20, 0.0017122147497788405, 0.0017122147497788405
2011-03-20, 0.005136644249336521, 0.005136644249336521
2011-02-18, 0.007990335498967922, 0.007990335498967922
2011-02-18, 0.005136644249336521, 0.005136644249336521
2011-02-18, 0.005136644249336521, 0.005136644249336521
2011-02-18, 0.005136644249336521, 0.005136644249336521
2011-02-18, 0.005136644249336521, 0.005136644249336521
2011-02-18, 0.005136644249336521, 0.005136644249336521
2011-02-18, 0.005136644249336521, 0.005136644249336521
2011-02-18, 0.005136644249336521, 0.005136644249336521
2011-02-18, 0.005136644249336521, 0.005136644249336521
2011-02-18, 0.005136644249336521, 0.005136644249336521
2011-02-18, 0.005136644249336521, 0.005136644249336521
2011-02-18, 0.005707382499262802, 0.005707382499262802
2011-02-18, 0.011414764998525603, 0.011414764998525603
2011-02-18, 0.003995167749483961, 0.003995167749483961
2011-02-18, 0.011985503248451872, 0.011985503248451872
2011-01-19, 0.005707382499262802, 0.005707382499262802
2011-01-19, 0.007990335498967922, 0.007990335498967922
2011-01-19, 0.007990335498967922, 0.007990335498967922
2011-01-19, 0.007990335498967922, 0.007990335498967922
2011-01-19, 0.007990335498967922, 0.007990335498967922
2011-01-19, 0.007990335498967922, 0.007990335498967922
2011-01-19, 0.007990335498967922, 0.007990335498967922
2011-01-19, 0.007990335498967922, 0.007990335498967922
2011-01-19, 0.007990335498967922, 0.007990335498967922
2011-01-19, 0.007990335498967922, 0.007990335498967922
2011-01-19, 0.007990335498967922, 0.007990335498967922
2011-01-19, 0.003995167749483961, 0.003995167749483961
2011-01-19, 0.0022829529997051208, 0.0022829529997051208
2011-01-19, 0.006848858999115362, 0.006848858999115362
2011-01-19, 0.011414764998525603, 0.011414764998525603
2010-12-20, 0.0022829529997051208, 0.0022829529997051208
2010-12-20, 0.003995167749483961, 0.003995167749483961
2010-12-20, 0.003995167749483961, 0.003995167749483961
2010-12-20, 0.003995167749483961, 0.003995167749483961
2010-12-20, 0.003995167749483961, 0.003995167749483961
2010-12-20, 0.003995167749483961, 0.003995167749483961
2010-12-20, 0.003995167749483961, 0.003995167749483961
2010-12-20, 0.003995167749483961, 0.003995167749483961
2010-12-20, 0.003995167749483961, 0.003995167749483961
2010-12-20, 0.003995167749483961, 0.003995167749483961
2010-12-20, 0.003995167749483961, 0.003995167749483961
2010-12-20, 0.0017122147497788405, 0.0017122147497788405
2010-12-20, 0.0005707382499262802, 0.0005707382499262802
2010-12-20, 0.009702550248746764, 0.009702550248746764
2010-12-20, 0.010273288498673042, 0.010273288498673042
2010-11-20, 0.0011414764998525604, 0.0011414764998525604
2010-11-20, 0.003995167749483949, 0.003995167749483949
2010-11-20, 0.003995167749483949, 0.003995167749483949
2010-11-20, 0.003995167749483949, 0.003995167749483949
2010-11-20, 0.003995167749483949, 0.003995167749483949
2010-11-20, 0.003995167749483949, 0.003995167749483949
2010-11-20, 0.003995167749483949, 0.003995167749483949
2010-11-20, 0.003995167749483949, 0.003995167749483949
2010-11-20, 0.003995167749483949, 0.003995167749483949
2010-11-20, 0.003995167749483949, 0.003995167749483949
2010-11-20, 0.003995167749483949, 0.003995167749483949
2010-11-20, 0.0017122147497788405, 0.0017122147497788405
2010-11-20, 0.0028536912496313883, 0.0028536912496313883
2010-11-20, 0.005707382499262802, 0.005707382499262802
2010-11-20, 0.007990335498967922, 0.007990335498967922
2010-10-21, 0.0011414764998525604, 0.0011414764998525604
2010-10-21, 0.0, 0.0
2010-10-21, 0.0, 0.0
2010-10-21, 0.0, 0.0
2010-10-21, 0.0, 0.0
2010-10-21, 0.0, 0.0
2010-10-21, 0.0, 0.0
2010-10-21, 0.0, 0.0
2010-10-21, 0.0, 0.0
2010-10-21, 0.0, 0.0
2010-10-21, 0.0, 0.0
2010-10-21, 0.0011414764998525604, 0.0011414764998525604
2010-10-21, 0.0022829529997051208, 0.0022829529997051208
2010-10-21, 0.003995167749483949, 0.003995167749483949
2010-10-21, 0.006278120749189082, 0.006278120749189082
2010-09-21, 0.011985503248451872, 0.011985503248451872
2010-09-21, 0.011985503248451872, 0.011985503248451872
2010-09-21, 0.011985503248451872, 0.011985503248451872
2010-09-21, 0.011985503248451872, 0.011985503248451872
2010-09-21, 0.011985503248451872, 0.011985503248451872
2010-09-21, 0.011985503248451872, 0.011985503248451872
2010-09-21, 0.011985503248451872, 0.011985503248451872
2010-09-21, 0.011985503248451872, 0.011985503248451872
2010-09-21, 0.011985503248451872, 0.011985503248451872
2010-09-21, 0.011985503248451872, 0.011985503248451872
2010-09-21, 0.011985503248451872, 0.011985503248451872
2010-09-21, 0.014839194498083273, 0.014839194498083273
2010-09-21, 0.01084402674859931, 0.01084402674859931
2010-09-21, 0.01255624149837815, 0.01255624149837815
2010-09-21, 0.005136644249336521, 0.005136644249336521
2010-08-22, 0.0005707382499262802, 0.0005707382499262802
2010-08-22, 0.00970255024874675, 0.00970255024874675
2010-08-22, 0.00970255024874675, 0.00970255024874675
2010-08-22, 0.00970255024874675, 0.00970255024874675
2010-08-22, 0.00970255024874675, 0.00970255024874675
2010-08-22, 0.00970255024874675, 0.00970255024874675
2010-08-22, 0.00970255024874675, 0.00970255024874675
2010-08-22, 0.00970255024874675, 0.00970255024874675
2010-08-22, 0.00970255024874675, 0.00970255024874675
2010-08-22, 0.00970255024874675, 0.00970255024874675
2010-08-22, 0.00970255024874675, 0.00970255024874675
2010-08-22, 0.005136644249336521, 0.005136644249336521
2010-08-22, 0.013697717998230712, 0.013697717998230712
2010-08-22, 0.013697717998230712, 0.013697717998230712
2010-08-22, 0.006278120749189082, 0.006278120749189082
2010-07-23, 0.0017122147497788405, 0.0017122147497788405
2010-07-23, 0.01027328849867303, 0.01027328849867303
2010-07-23, 0.01027328849867303, 0.01027328849867303
2010-07-23, 0.01027328849867303, 0.01027328849867303
2010-07-23, 0.01027328849867303, 0.01027328849867303
2010-07-23, 0.01027328849867303, 0.01027328849867303
2010-07-23, 0.01027328849867303, 0.01027328849867303
2010-07-23, 0.01027328849867303, 0.01027328849867303
2010-07-23, 0.01027328849867303, 0.01027328849867303
2010-07-23, 0.01027328849867303, 0.01027328849867303
2010-07-23, 0.01027328849867303, 0.01027328849867303
2010-07-23, 0.0022829529997051208, 0.0022829529997051208
2010-07-23, 0.0222587917471249, 0.0222587917471249
2010-07-23, 0.018263623997640952, 0.018263623997640952
2010-07-23, 0.006848858999115362, 0.006848858999115362
2010-06-23, 0.003424429499557681, 0.003424429499557681
2010-06-23, 0.00970255024874675, 0.00970255024874675
2010-06-23, 0.00970255024874675, 0.00970255024874675
2010-06-23, 0.00970255024874675, 0.00970255024874675
2010-06-23, 0.00970255024874675, 0.00970255024874675
2010-06-23, 0.00970255024874675, 0.00970255024874675
2010-06-23, 0.00970255024874675, 0.00970255024874675
2010-06-23, 0.00970255024874675, 0.00970255024874675
2010-06-23, 0.00970255024874675, 0.00970255024874675
2010-06-23, 0.00970255024874675, 0.00970255024874675
2010-06-23, 0.00970255024874675, 0.00970255024874675
2010-06-23, 0.0011414764998525604, 0.0011414764998525604
2010-06-23, 0.002853691249631401, 0.002853691249631401
2010-06-23, 0.005136644249336521, 0.005136644249336521
2010-06-23, 0.00799033549896791, 0.00799033549896791
2010-05-24, 0.00684885899911535, 0.00684885899911535
2010-05-24, 0.00684885899911535, 0.00684885899911535
2010-05-24, 0.00684885899911535, 0.00684885899911535
2010-05-24, 0.00684885899911535, 0.00684885899911535
2010-05-24, 0.00684885899911535, 0.00684885899911535
2010-05-24, 0.00684885899911535, 0.00684885899911535
2010-05-24, 0.00684885899911535, 0.00684885899911535
2010-05-24, 0.00684885899911535, 0.00684885899911535
2010-05-24, 0.00684885899911535, 0.00684885899911535
2010-05-24, 0.00684885899911535, 0.00684885899911535
2010-05-24, 0.00684885899911535, 0.00684885899911535
2010-05-24, 0.014268456248156992, 0.014268456248156992
2010-05-24, 0.009131811998820471, 0.009131811998820471
2010-05-24, 0.00970255024874675, 0.00970255024874675
2010-05-24, 0.005707382499262802, 0.005707382499262802
2010-04-24, 0.0045659059994102415, 0.0045659059994102415
2010-04-24, 0.0005707382499262802, 0.0005707382499262802
2010-04-24, 0.0005707382499262802, 0.0005707382499262802
2010-04-24, 0.0005707382499262802, 0.0005707382499262802
2010-04-24, 0.0005707382499262802, 0.0005707382499262802
2010-04-24, 0.0005707382499262802, 0.0005707382499262802
2010-04-24, 0.0005707382499262802, 0.0005707382499262802
2010-04-24, 0.0005707382499262802, 0.0005707382499262802
2010-04-24, 0.0005707382499262802, 0.0005707382499262802
2010-04-24, 0.0005707382499262802, 0.0005707382499262802
2010-04-24, 0.0005707382499262802, 0.0005707382499262802
2010-04-24, 0.0045659059994102285, 0.0045659059994102285
2010-04-24, 0.002282952999705108, 0.002282952999705108
2010-04-24, 0.007419597249041642, 0.007419597249041642
2010-04-24, 0.01027328849867303, 0.01027328849867303
2010-03-25, 0.00799033549896791, 0.00799033549896791
2010-03-25, 0.00799033549896791, 0.00799033549896791
2010-03-25, 0.00799033549896791, 0.00799033549896791
2010-03-25, 0.00799033549896791, 0.00799033549896791
2010-03-25, 0.00799033549896791, 0.00799033549896791
2010-03-25, 0.00799033549896791, 0.00799033549896791
2010-03-25, 0.00799033549896791, 0.00799033549896791
2010-03-25, 0.00799033549896791, 0.00799033549896791
2010-03-25, 0.00799033549896791, 0.00799033549896791
2010-03-25, 0.00799033549896791, 0.00799033549896791
2010-03-25, 0.00799033549896791, 0.00799033549896791
2010-03-25, 0.009131811998820483, 0.009131811998820483
2010-03-25, 0.01255624149837815, 0.01255624149837815
2010-03-25, 0.00970255024874675, 0.00970255024874675
2010-03-25, 0.01712214749778839, 0.01712214749778839
2010-02-23, 0.010844026748599323, 0.010844026748599323
2010-02-23, 0.010844026748599323, 0.010844026748599323
2010-02-23, 0.010844026748599323, 0.010844026748599323
2010-02-23, 0.010844026748599323, 0.010844026748599323
2010-02-23, 0.010844026748599323, 0.010844026748599323
2010-02-23, 0.010844026748599323, 0.010844026748599323
2010-02-23, 0.010844026748599323, 0.010844026748599323
2010-02-23, 0.010844026748599323, 0.010844026748599323
2010-02-23, 0.010844026748599323, 0.010844026748599323
2010-02-23, 0.010844026748599323, 0.010844026748599323
2010-02-23, 0.010844026748599323, 0.010844026748599323
2010-02-23, 0.011414764998525591, 0.011414764998525591
2010-02-23, 0.003995167749483961, 0.003995167749483961
2010-02-23, 0.002853691249631401, 0.002853691249631401
2010-02-23, 0.003995167749483961, 0.003995167749483961
2010-01-24, 0.01769288574771466, 0.01769288574771466
2010-01-24, 0.01027328849867303, 0.01027328849867303
2010-01-24, 0.01027328849867303, 0.01027328849867303
2010-01-24, 0.01027328849867303, 0.01027328849867303
2010-01-24, 0.01027328849867303, 0.01027328849867303
2010-01-24, 0.01027328849867303, 0.01027328849867303
2010-01-24, 0.01027328849867303, 0.01027328849867303
2010-01-24, 0.01027328849867303, 0.01027328849867303
2010-01-24, 0.01027328849867303, 0.01027328849867303
2010-01-24, 0.01027328849867303, 0.01027328849867303
2010-01-24, 0.01027328849867303, 0.01027328849867303
2010-01-24, 0.010844026748599323, 0.010844026748599323
2010-01-24, 0.00684885899911535, 0.00684885899911535
2010-01-24, 0.0011414764998525604, 0.0011414764998525604
2010-01-24, 0.0011414764998525604, 0.0011414764998525604
2009-12-25, 0.0017122147497788405, 0.0017122147497788405
2009-12-25, 0.022829529997051193, 0.022829529997051193
2009-12-25, 0.022829529997051193, 0.022829529997051193
2009-12-25, 0.022829529997051193, 0.022829529997051193
2009-12-25, 0.022829529997051193, 0.022829529997051193
2009-12-25, 0.022829529997051193, 0.022829529997051193
2009-12-25, 0.022829529997051193, 0.022829529997051193
2009-12-25, 0.022829529997051193, 0.022829529997051193
2009-12-25, 0.022829529997051193, 0.022829529997051193
2009-12-25, 0.022829529997051193, 0.022829529997051193
2009-12-25, 0.022829529997051193, 0.022829529997051193
2009-12-25, 0.003424429499557681, 0.003424429499557681
2009-12-25, 0.0022829529997051208, 0.0022829529997051208
2009-12-25, 0.021117315247272343, 0.021117315247272343
2009-12-25, 0.006278120749189082, 0.006278120749189082
2009-11-25, 0.005707382499262802, 0.005707382499262802
2009-11-25, 0.005707382499262802, 0.005707382499262802
2009-11-25, 0.005707382499262802, 0.005707382499262802
2009-11-25, 0.005707382499262802, 0.005707382499262802
2009-11-25, 0.005707382499262802, 0.005707382499262802
2009-11-25, 0.005707382499262802, 0.005707382499262802
2009-11-25, 0.005707382499262802, 0.005707382499262802
2009-11-25, 0.005707382499262802, 0.005707382499262802
2009-11-25, 0.005707382499262802, 0.005707382499262802
2009-11-25, 0.005707382499262802, 0.005707382499262802
2009-11-25, 0.005707382499262802, 0.005707382499262802
2009-11-25, 0.003424429499557681, 0.003424429499557681
2009-11-25, 0.0011414764998525604, 0.0011414764998525604
2009-11-25, 0.006278120749189069, 0.006278120749189069
2009-11-25, 0.0, 0.0
2009-10-26, 0.005136644249336509, 0.005136644249336509
2009-10-26, 0.028536912496313984, 0.028536912496313984
2009-10-26, 0.028536912496313984, 0.028536912496313984
2009-10-26, 0.028536912496313984, 0.028536912496313984
2009-10-26, 0.028536912496313984, 0.028536912496313984
2009-10-26, 0.028536912496313984, 0.028536912496313984
2009-10-26, 0.028536912496313984, 0.028536912496313984
2009-10-26, 0.028536912496313984, 0.028536912496313984
2009-10-26, 0.028536912496313984, 0.028536912496313984
2009-10-26, 0.028536912496313984, 0.028536912496313984
2009-10-26, 0.028536912496313984, 0.028536912496313984
2009-10-26, 0.007419597249041629, 0.007419597249041629
2009-10-26, 0.00856107374889419, 0.00856107374889419
2009-10-26, 0.04965422774358634, 0.04965422774358634
2009-10-26, 0.0011414764998525604, 0.0011414764998525604
2009-09-26, 0.0017122147497788533, 0.0017122147497788533
2009-09-26, 0.042234630494544706, 0.042234630494544706
2009-09-26, 0.042234630494544706, 0.042234630494544706
2009-09-26, 0.042234630494544706, 0.042234630494544706
2009-09-26, 0.042234630494544706, 0.042234630494544706
2009-09-26, 0.042234630494544706, 0.042234630494544706
2009-09-26, 0.042234630494544706, 0.042234630494544706
2009-09-26, 0.042234630494544706, 0.042234630494544706
2009-09-26, 0.042234630494544706, 0.042234630494544706
2009-09-26, 0.042234630494544706, 0.042234630494544706
2009-09-26, 0.042234630494544706, 0.042234630494544706
2009-09-26, 0.0022829529997051208, 0.0022829529997051208
2009-09-26, 0.055932348492775404, 0.055932348492775404
2009-09-26, 0.015980670997935844, 0.015980670997935844
2009-09-26, 0.051937180743291456, 0.051937180743291456
2009-08-27, 0.006278120749189069, 0.006278120749189069
2009-08-27, 0.048512751243733776, 0.048512751243733776
2009-08-27, 0.048512751243733776, 0.048512751243733776
2009-08-27, 0.048512751243733776, 0.048512751243733776
2009-08-27, 0.048512751243733776, 0.048512751243733776
2009-08-27, 0.048512751243733776, 0.048512751243733776
2009-08-27, 0.048512751243733776, 0.048512751243733776
2009-08-27, 0.048512751243733776, 0.048512751243733776
2009-08-27, 0.048512751243733776, 0.048512751243733776
2009-08-27, 0.048512751243733776, 0.048512751243733776
2009-08-27, 0.048512751243733776, 0.048512751243733776
2009-08-27, 0.006848858999115362, 0.006848858999115362
2009-08-27, 0.06791785174122728, 0.06791785174122728
2009-08-27, 0.006848858999115362, 0.006848858999115362
2009-08-27, 0.030249127246092838, 0.030249127246092838
2009-07-28, 0.012556241498378138, 0.012556241498378138
2009-07-28, 0.03481503324550305, 0.03481503324550305
2009-07-28, 0.03481503324550305, 0.03481503324550305
2009-07-28, 0.03481503324550305, 0.03481503324550305
2009-07-28, 0.03481503324550305, 0.03481503324550305
2009-07-28, 0.03481503324550305, 0.03481503324550305
2009-07-28, 0.03481503324550305, 0.03481503324550305
2009-07-28, 0.03481503324550305, 0.03481503324550305
2009-07-28, 0.03481503324550305, 0.03481503324550305
2009-07-28, 0.03481503324550305, 0.03481503324550305
2009-07-28, 0.03481503324550305, 0.03481503324550305
2009-07-28, 0.003424429499557681, 0.003424429499557681
2009-07-28, 0.006278120749189069, 0.006278120749189069
2009-07-28, 0.015409932748009551, 0.015409932748009551
2009-07-28, 0.013126979748304431, 0.013126979748304431
2009-06-28, 0.0194051004974935, 0.0194051004974935
2009-06-28, 0.04851275124373375, 0.04851275124373375
2009-06-28, 0.04851275124373375, 0.04851275124373375
2009-06-28, 0.04851275124373375, 0.04851275124373375
2009-06-28, 0.04851275124373375, 0.04851275124373375
2009-06-28, 0.04851275124373375, 0.04851275124373375
2009-06-28, 0.04851275124373375, 0.04851275124373375
2009-06-28, 0.04851275124373375, 0.04851275124373375
2009-06-28, 0.04851275124373375, 0.04851275124373375
2009-06-28, 0.04851275124373375, 0.04851275124373375
2009-06-28, 0.04851275124373375, 0.04851275124373375
2009-06-28, 0.018834362247567207, 0.018834362247567207
2009-06-28, 0.07191301949071123, 0.07191301949071123
2009-06-28, 0.02340026824697745, 0.02340026824697745
2009-06-28, 0.039380939244913295, 0.039380939244913295
2009-05-29, 0.011414764998525577, 0.011414764998525577
2009-05-29, 0.036527247995281883, 0.036527247995281883
2009-05-29, 0.036527247995281883, 0.036527247995281883
2009-05-29, 0.036527247995281883, 0.036527247995281883
2009-05-29, 0.036527247995281883, 0.036527247995281883
2009-05-29, 0.036527247995281883, 0.036527247995281883
2009-05-29, 0.036527247995281883, 0.036527247995281883
2009-05-29, 0.036527247995281883, 0.036527247995281883
2009-05-29, 0.036527247995281883, 0.036527247995281883
2009-05-29, 0.036527247995281883, 0.036527247995281883
2009-05-29, 0.036527247995281883, 0.036527247995281883
2009-05-29, 0.01712214749778838, 0.01712214749778838
2009-05-29, 0.05650308674270167, 0.05650308674270167
2009-05-29, 0.0331028184957242, 0.0331028184957242
2009-05-29, 0.02454174474683001, 0.02454174474683001
2009-04-29, 0.015409932748009551, 0.015409932748009551
2009-04-29, 0.046229798244028654, 0.046229798244028654
2009-04-29, 0.046229798244028654, 0.046229798244028654
2009-04-29, 0.046229798244028654, 0.046229798244028654
2009-04-29, 0.046229798244028654, 0.046229798244028654
2009-04-29, 0.046229798244028654, 0.046229798244028654
2009-04-29, 0.046229798244028654, 0.046229798244028654
2009-04-29, 0.046229798244028654, 0.046229798244028654
2009-04-29, 0.046229798244028654, 0.046229798244028654
2009-04-29, 0.046229798244028654, 0.046229798244028654
2009-04-29, 0.046229798244028654, 0.046229798244028654
2009-04-29, 0.018834362247567234, 0.018834362247567234
2009-04-29, 0.05992751624225938, 0.05992751624225938
2009-04-29, 0.030249127246092838, 0.030249127246092838
2009-04-29, 0.027966174246387716, 0.027966174246387716
2009-03-30, 0.009131811998820483, 0.009131811998820483
2009-03-30, 0.04394684524432354, 0.04394684524432354
2009-03-30, 0.04394684524432354, 0.04394684524432354
2009-03-30, 0.04394684524432354, 0.04394684524432354
2009-03-30, 0.04394684524432354, 0.04394684524432354
2009-03-30, 0.04394684524432354, 0.04394684524432354
2009-03-30, 0.04394684524432354, 0.04394684524432354
2009-03-30, 0.04394684524432354, 0.04394684524432354
2009-03-30, 0.04394684524432354, 0.04394684524432354
2009-03-30, 0.04394684524432354, 0.04394684524432354
2009-03-30, 0.04394684524432354, 0.04394684524432354
2009-03-30, 0.018834362247567234, 0.018834362247567234
2009-03-30, 0.05536161024284914, 0.05536161024284914
2009-03-30, 0.018834362247567234, 0.018834362247567234
2009-03-30, 0.019975838747419792, 0.019975838747419792
2009-02-28, 0.013126979748304431, 0.013126979748304431
2009-02-28, 0.02796617424638769, 0.02796617424638769
2009-02-28, 0.02796617424638769, 0.02796617424638769
2009-02-28, 0.02796617424638769, 0.02796617424638769
2009-02-28, 0.02796617424638769, 0.02796617424638769
2009-02-28, 0.02796617424638769, 0.02796617424638769
2009-02-28, 0.02796617424638769, 0.02796617424638769
2009-02-28, 0.02796617424638769, 0.02796617424638769
2009-02-28, 0.02796617424638769, 0.02796617424638769
2009-02-28, 0.02796617424638769, 0.02796617424638769
2009-02-28, 0.02796617424638769, 0.02796617424638769
2009-02-28, 0.0045659059994102415, 0.0045659059994102415
2009-02-28, 0.0028536912496313883, 0.0028536912496313883
2009-02-28, 0.016551409247862112, 0.016551409247862112
2009-02-28, 0.014268456248156992, 0.014268456248156992
2009-01-29, 0.009131811998820483, 0.009131811998820483
2009-01-29, 0.035956509745355636, 0.035956509745355636
2009-01-29, 0.035956509745355636, 0.035956509745355636
2009-01-29, 0.035956509745355636, 0.035956509745355636
2009-01-29, 0.035956509745355636, 0.035956509745355636
2009-01-29, 0.035956509745355636, 0.035956509745355636
2009-01-29, 0.035956509745355636, 0.035956509745355636
2009-01-29, 0.035956509745355636, 0.035956509745355636
2009-01-29, 0.035956509745355636, 0.035956509745355636
2009-01-29, 0.035956509745355636, 0.035956509745355636
2009-01-29, 0.035956509745355636, 0.035956509745355636
2009-01-29, 0.012556241498378164, 0.012556241498378164
2009-01-29, 0.012556241498378164, 0.012556241498378164
2009-01-29, 0.020546576997346085, 0.020546576997346085
2009-01-29, 0.027966174246387716, 0.027966174246387716
2008-12-30, 0.00856107374889419, 0.00856107374889419
2008-12-30, 0.03081986549601908, 0.03081986549601908
2008-12-30, 0.03081986549601908, 0.03081986549601908
2008-12-30, 0.03081986549601908, 0.03081986549601908
2008-12-30, 0.03081986549601908, 0.03081986549601908
2008-12-30, 0.03081986549601908, 0.03081986549601908
2008-12-30, 0.03081986549601908, 0.03081986549601908
2008-12-30, 0.03081986549601908, 0.03081986549601908
2008-12-30, 0.03081986549601908, 0.03081986549601908
2008-12-30, 0.03081986549601908, 0.03081986549601908
2008-12-30, 0.03081986549601908, 0.03081986549601908
2008-12-30, 0.011414764998525577, 0.011414764998525577
2008-12-30, 0.011985503248451872, 0.011985503248451872
2008-12-30, 0.04851275124373375, 0.04851275124373375
2008-12-30, 0.03196134199587164, 0.03196134199587164
2008-11-30, 0.007990335498967922, 0.007990335498967922
2008-11-30, 0.03367355674565049, 0.03367355674565049
2008-11-30, 0.03367355674565049, 0.03367355674565049
2008-11-30, 0.03367355674565049, 0.03367355674565049
2008-11-30, 0.03367355674565049, 0.03367355674565049
2008-11-30, 0.03367355674565049, 0.03367355674565049
2008-11-30, 0.03367355674565049, 0.03367355674565049
2008-11-30, 0.03367355674565049, 0.03367355674565049
2008-11-30, 0.03367355674565049, 0.03367355674565049
2008-11-30, 0.03367355674565049, 0.03367355674565049
2008-11-30, 0.03367355674565049, 0.03367355674565049
2008-11-30, 0.013126979748304431, 0.013126979748304431
2008-11-30, 0.02168805349719862, 0.02168805349719862
2008-11-30, 0.0644934222416696, 0.0644934222416696
2008-11-30, 0.025683221246682594, 0.025683221246682594
2008-10-31, 0.007419597249041629, 0.007419597249041629
2008-10-31, 0.024541744746830036, 0.024541744746830036
2008-10-31, 0.024541744746830036, 0.024541744746830036
2008-10-31, 0.024541744746830036, 0.024541744746830036
2008-10-31, 0.024541744746830036, 0.024541744746830036
2008-10-31, 0.024541744746830036, 0.024541744746830036
2008-10-31, 0.024541744746830036, 0.024541744746830036
2008-10-31, 0.024541744746830036, 0.024541744746830036
2008-10-31, 0.024541744746830036, 0.024541744746830036
2008-10-31, 0.024541744746830036, 0.024541744746830036
2008-10-31, 0.024541744746830036, 0.024541744746830036
2008-10-31, 0.0028536912496313883, 0.0028536912496313883
2008-10-31, 0.0017122147497788279, 0.0017122147497788279
2008-10-31, 0.0251124829967563, 0.0251124829967563
2008-10-31, 0.011414764998525603, 0.011414764998525603
2008-10-01, 0.02168805349719862, 0.02168805349719862
2008-10-01, 0.011985503248451872, 0.011985503248451872
2008-10-01, 0.011985503248451872, 0.011985503248451872
2008-10-01, 0.011985503248451872, 0.011985503248451872
2008-10-01, 0.011985503248451872, 0.011985503248451872
2008-10-01, 0.011985503248451872, 0.011985503248451872
2008-10-01, 0.011985503248451872, 0.011985503248451872
2008-10-01, 0.011985503248451872, 0.011985503248451872
2008-10-01, 0.011985503248451872, 0.011985503248451872
2008-10-01, 0.011985503248451872, 0.011985503248451872
2008-10-01, 0.011985503248451872, 0.011985503248451872
2008-10-01, 0.012556241498378138, 0.012556241498378138
2008-10-01, 0.016551409247862112, 0.016551409247862112
2008-10-01, 0.006278120749189069, 0.006278120749189069
2008-10-01, 0.007419597249041629, 0.007419597249041629
2008-09-01, 0.00856107374889419, 0.00856107374889419
2008-09-01, 0.015409932748009551, 0.015409932748009551
2008-09-01, 0.015409932748009551, 0.015409932748009551
2008-09-01, 0.015409932748009551, 0.015409932748009551
2008-09-01, 0.015409932748009551, 0.015409932748009551
2008-09-01, 0.015409932748009551, 0.015409932748009551
2008-09-01, 0.015409932748009551, 0.015409932748009551
2008-09-01, 0.015409932748009551, 0.015409932748009551
2008-09-01, 0.015409932748009551, 0.015409932748009551
2008-09-01, 0.015409932748009551, 0.015409932748009551
2008-09-01, 0.015409932748009551, 0.015409932748009551
2008-09-01, 0.013697717998230724, 0.013697717998230724
2008-09-01, 0.015409932748009551, 0.015409932748009551
2008-09-01, 0.016551409247862112, 0.016551409247862112
2008-09-01, 0.011985503248451872, 0.011985503248451872
2008-08-02, 0.003995167749483949, 0.003995167749483949
2008-08-02, 0.019975838747419792, 0.019975838747419792
2008-08-02, 0.019975838747419792, 0.019975838747419792
2008-08-02, 0.019975838747419792, 0.019975838747419792
2008-08-02, 0.019975838747419792, 0.019975838747419792
2008-08-02, 0.019975838747419792, 0.019975838747419792
2008-08-02, 0.019975838747419792, 0.019975838747419792
2008-08-02, 0.019975838747419792, 0.019975838747419792
2008-08-02, 0.019975838747419792, 0.019975838747419792
2008-08-02, 0.019975838747419792, 0.019975838747419792
2008-08-02, 0.019975838747419792, 0.019975838747419792
2008-08-02, 0.012556241498378164, 0.012556241498378164
2008-08-02, 0.012556241498378164, 0.012556241498378164
2008-08-02, 0.006278120749189069, 0.006278120749189069
2008-08-02, 0.00970255024874675, 0.00970255024874675
2008-07-03, 0.014839194498083285, 0.014839194498083285
2008-07-03, 0.017692885747714673, 0.017692885747714673
2008-07-03, 0.017692885747714673, 0.017692885747714673
2008-07-03, 0.017692885747714673, 0.017692885747714673
2008-07-03, 0.017692885747714673, 0.017692885747714673
2008-07-03, 0.017692885747714673, 0.017692885747714673
2008-07-03, 0.017692885747714673, 0.017692885747714673
2008-07-03, 0.017692885747714673, 0.017692885747714673
2008-07-03, 0.017692885747714673, 0.017692885747714673
2008-07-03, 0.017692885747714673, 0.017692885747714673
2008-07-03, 0.017692885747714673, 0.017692885747714673
2008-07-03, 0.013126979748304431, 0.013126979748304431
2008-07-03, 0.014268456248156992, 0.014268456248156992
2008-07-03, 0.015980670997935844, 0.015980670997935844
2008-07-03, 0.018263623997640942, 0.018263623997640942
2008-06-03, 0.007419597249041629, 0.007419597249041629
2008-06-03, 0.014839194498083273, 0.014839194498083273
2008-06-03, 0.014839194498083273, 0.014839194498083273
2008-06-03, 0.014839194498083273, 0.014839194498083273
2008-06-03, 0.014839194498083273, 0.014839194498083273
2008-06-03, 0.014839194498083273, 0.014839194498083273
2008-06-03, 0.014839194498083273, 0.014839194498083273
2008-06-03, 0.014839194498083273, 0.014839194498083273
2008-06-03, 0.014839194498083273, 0.014839194498083273
2008-06-03, 0.014839194498083273, 0.014839194498083273
2008-06-03, 0.014839194498083273, 0.014839194498083273
2008-06-03, 0.007990335498967922, 0.007990335498967922
2008-06-03, 0.01712214749778838, 0.01712214749778838
2008-06-03, 0.005136644249336509, 0.005136644249336509
2008-06-03, 0.015409932748009551, 0.015409932748009551
2008-05-04, 0.006278120749189069, 0.006278120749189069
2008-05-04, 0.013126979748304431, 0.013126979748304431
2008-05-04, 0.013126979748304431, 0.013126979748304431
2008-05-04, 0.013126979748304431, 0.013126979748304431
2008-05-04, 0.013126979748304431, 0.013126979748304431
2008-05-04, 0.013126979748304431, 0.013126979748304431
2008-05-04, 0.013126979748304431, 0.013126979748304431
2008-05-04, 0.013126979748304431, 0.013126979748304431
2008-05-04, 0.013126979748304431, 0.013126979748304431
2008-05-04, 0.013126979748304431, 0.013126979748304431
2008-05-04, 0.013126979748304431, 0.013126979748304431
2008-05-04, 0.007990335498967922, 0.007990335498967922
2008-05-04, 0.02168805349719862, 0.02168805349719862
2008-05-04, 0.015980670997935834, 0.015980670997935834
2008-05-04, 0.00970255024874675, 0.00970255024874675
2008-04-04, 0.011414764998525591, 0.011414764998525591
2008-04-04, 0.014268456248156992, 0.014268456248156992
2008-04-04, 0.014268456248156992, 0.014268456248156992
2008-04-04, 0.014268456248156992, 0.014268456248156992
2008-04-04, 0.014268456248156992, 0.014268456248156992
2008-04-04, 0.014268456248156992, 0.014268456248156992
2008-04-04, 0.014268456248156992, 0.014268456248156992
2008-04-04, 0.014268456248156992, 0.014268456248156992
2008-04-04, 0.014268456248156992, 0.014268456248156992
2008-04-04, 0.014268456248156992, 0.014268456248156992
2008-04-04, 0.014268456248156992, 0.014268456248156992
2008-04-04, 0.009131811998820483, 0.009131811998820483
2008-04-04, 0.00856107374889419, 0.00856107374889419
2008-04-04, 0.009131811998820483, 0.009131811998820483
2008-04-04, 0.015409932748009551, 0.015409932748009551
2008-03-05, 0.014268456248156992, 0.014268456248156992
2008-03-05, 0.0194051004974935, 0.0194051004974935
2008-03-05, 0.0194051004974935, 0.0194051004974935
2008-03-05, 0.0194051004974935, 0.0194051004974935
2008-03-05, 0.0194051004974935, 0.0194051004974935
2008-03-05, 0.0194051004974935, 0.0194051004974935
2008-03-05, 0.0194051004974935, 0.0194051004974935
2008-03-05, 0.0194051004974935, 0.0194051004974935
2008-03-05, 0.0194051004974935, 0.0194051004974935
2008-03-05, 0.0194051004974935, 0.0194051004974935
2008-03-05, 0.0194051004974935, 0.0194051004974935
2008-03-05, 0.013126979748304431, 0.013126979748304431
2008-03-05, 0.02054657699734606, 0.02054657699734606
2008-03-05, 0.016551409247862112, 0.016551409247862112
2008-03-05, 0.018263623997640942, 0.018263623997640942
2008-02-04, 0.011985503248451872, 0.011985503248451872
2008-02-04, 0.011985503248451872, 0.011985503248451872
2008-02-04, 0.011985503248451872, 0.011985503248451872
2008-02-04, 0.011985503248451872, 0.011985503248451872
2008-02-04, 0.011985503248451872, 0.011985503248451872
2008-02-04, 0.011985503248451872, 0.011985503248451872
2008-02-04, 0.011985503248451872, 0.011985503248451872
2008-02-04, 0.011985503248451872, 0.011985503248451872
2008-02-04, 0.011985503248451872, 0.011985503248451872
2008-02-04, 0.011985503248451872, 0.011985503248451872
2008-02-04, 0.011985503248451872, 0.011985503248451872
2008-02-04, 0.01712214749778839, 0.01712214749778839
2008-02-04, 0.015409932748009551, 0.015409932748009551
2008-02-04, 0.01712214749778839, 0.01712214749778839
2008-02-04, 0.01255624149837815, 0.01255624149837815
2008-01-05, 0.01084402674859931, 0.01084402674859931
2008-01-05, 0.011414764998525591, 0.011414764998525591
2008-01-05, 0.011414764998525591, 0.011414764998525591
2008-01-05, 0.011414764998525591, 0.011414764998525591
2008-01-05, 0.011414764998525591, 0.011414764998525591
2008-01-05, 0.011414764998525591, 0.011414764998525591
2008-01-05, 0.011414764998525591, 0.011414764998525591
2008-01-05, 0.011414764998525591, 0.011414764998525591
2008-01-05, 0.011414764998525591, 0.011414764998525591
2008-01-05, 0.011414764998525591, 0.011414764998525591
2008-01-05, 0.011414764998525591, 0.011414764998525591
2008-01-05, 0.007419597249041642, 0.007419597249041642
2008-01-05, 0.014839194498083273, 0.014839194498083273
2008-01-05, 0.023971006496903743, 0.023971006496903743
2008-01-05, 0.011985503248451872, 0.011985503248451872
2007-12-06, 0.013697717998230712, 0.013697717998230712
2007-12-06, 0.016551409247862112, 0.016551409247862112
2007-12-06, 0.016551409247862112, 0.016551409247862112
2007-12-06, 0.016551409247862112, 0.016551409247862112
2007-12-06, 0.016551409247862112, 0.016551409247862112
2007-12-06, 0.016551409247862112, 0.016551409247862112
2007-12-06, 0.016551409247862112, 0.016551409247862112
2007-12-06, 0.016551409247862112, 0.016551409247862112
2007-12-06, 0.016551409247862112, 0.016551409247862112
2007-12-06, 0.016551409247862112, 0.016551409247862112
2007-12-06, 0.016551409247862112, 0.016551409247862112
2007-12-06, 0.003424429499557681, 0.003424429499557681
2007-12-06, 0.005707382499262802, 0.005707382499262802
2007-12-06, 0.01084402674859931, 0.01084402674859931
2007-12-06, 0.01255624149837815, 0.01255624149837815
2007-11-06, 0.018263623997640952, 0.018263623997640952
2007-11-06, 0.02168805349719862, 0.02168805349719862
2007-11-06, 0.02168805349719862, 0.02168805349719862
2007-11-06, 0.02168805349719862, 0.02168805349719862
2007-11-06, 0.02168805349719862, 0.02168805349719862
2007-11-06, 0.02168805349719862, 0.02168805349719862
2007-11-06, 0.02168805349719862, 0.02168805349719862
2007-11-06, 0.02168805349719862, 0.02168805349719862
2007-11-06, 0.02168805349719862, 0.02168805349719862
2007-11-06, 0.02168805349719862, 0.02168805349719862
2007-11-06, 0.02168805349719862, 0.02168805349719862
2007-11-06, 0.017692885747714673, 0.017692885747714673
2007-11-06, 0.024541744746830022, 0.024541744746830022
2007-11-06, 0.02340026824697746, 0.02340026824697746
2007-11-06, 0.018834362247567234, 0.018834362247567234
2007-10-07, 0.00970255024874675, 0.00970255024874675
2007-10-07, 0.00684885899911535, 0.00684885899911535
2007-10-07, 0.00684885899911535, 0.00684885899911535
2007-10-07, 0.00684885899911535, 0.00684885899911535
2007-10-07, 0.00684885899911535, 0.00684885899911535
2007-10-07, 0.00684885899911535, 0.00684885899911535
2007-10-07, 0.00684885899911535, 0.00684885899911535
2007-10-07, 0.00684885899911535, 0.00684885899911535
2007-10-07, 0.00684885899911535, 0.00684885899911535
2007-10-07, 0.00684885899911535, 0.00684885899911535
2007-10-07, 0.00684885899911535, 0.00684885899911535
2007-10-07, 0.0017122147497788279, 0.0017122147497788279
2007-10-07, 0.003995167749483949, 0.003995167749483949
2007-10-07, 0.0034244294995576683, 0.0034244294995576683
2007-10-07, 0.003995167749483949, 0.003995167749483949
2007-09-07, 0.006848858999115362, 0.006848858999115362
2007-09-07, 0.003424429499557681, 0.003424429499557681
2007-09-07, 0.003424429499557681, 0.003424429499557681
2007-09-07, 0.003424429499557681, 0.003424429499557681
2007-09-07, 0.003424429499557681, 0.003424429499557681
2007-09-07, 0.003424429499557681, 0.003424429499557681
2007-09-07, 0.003424429499557681, 0.003424429499557681
2007-09-07, 0.003424429499557681, 0.003424429499557681
2007-09-07, 0.003424429499557681, 0.003424429499557681
2007-09-07, 0.003424429499557681, 0.003424429499557681
2007-09-07, 0.003424429499557681, 0.003424429499557681
2007-09-07, 0.011985503248451884, 0.011985503248451884
2007-09-07, 0.008561073748894203, 0.008561073748894203
2007-09-07, 0.003424429499557681, 0.003424429499557681
2007-09-07, 0.0, 0.0
2007-08-08, 0.003424429499557681, 0.003424429499557681
2007-08-08, 0.007419597249041642, 0.007419597249041642
2007-08-08, 0.007419597249041642, 0.007419597249041642
2007-08-08, 0.007419597249041642, 0.007419597249041642
2007-08-08, 0.007419597249041642, 0.007419597249041642
2007-08-08, 0.007419597249041642, 0.007419597249041642
2007-08-08, 0.007419597249041642, 0.007419597249041642
2007-08-08, 0.007419597249041642, 0.007419597249041642
2007-08-08, 0.007419597249041642, 0.007419597249041642
2007-08-08, 0.007419597249041642, 0.007419597249041642
2007-08-08, 0.007419597249041642, 0.007419597249041642
2007-08-08, 0.002282952999705108, 0.002282952999705108
2007-08-08, 0.0011414764998525604, 0.0011414764998525604
2007-08-08, 0.005707382499262802, 0.005707382499262802
2007-08-08, 0.008561073748894203, 0.008561073748894203
2007-07-09, 0.009702550248746764, 0.009702550248746764
2007-07-09, 0.005136644249336521, 0.005136644249336521
2007-07-09, 0.005136644249336521, 0.005136644249336521
2007-07-09, 0.005136644249336521, 0.005136644249336521
2007-07-09, 0.005136644249336521, 0.005136644249336521
2007-07-09, 0.005136644249336521, 0.005136644249336521
2007-07-09, 0.005136644249336521, 0.005136644249336521
2007-07-09, 0.005136644249336521, 0.005136644249336521
2007-07-09, 0.005136644249336521, 0.005136644249336521
2007-07-09, 0.005136644249336521, 0.005136644249336521
2007-07-09, 0.005136644249336521, 0.005136644249336521
2007-07-09, 0.010273288498673042, 0.010273288498673042
2007-07-09, 0.007419597249041642, 0.007419597249041642
2007-07-09, 0.003995167749483961, 0.003995167749483961
2007-07-09, 0.010273288498673042, 0.010273288498673042
2007-06-09, 0.006848858999115362, 0.006848858999115362
2007-06-09, 0.010273288498673042, 0.010273288498673042
2007-06-09, 0.010273288498673042, 0.010273288498673042
2007-06-09, 0.010273288498673042, 0.010273288498673042
2007-06-09, 0.010273288498673042, 0.010273288498673042
2007-06-09, 0.010273288498673042, 0.010273288498673042
2007-06-09, 0.010273288498673042, 0.010273288498673042
2007-06-09, 0.010273288498673042, 0.010273288498673042
2007-06-09, 0.010273288498673042, 0.010273288498673042
2007-06-09, 0.010273288498673042, 0.010273288498673042
2007-06-09, 0.010273288498673042, 0.010273288498673042
2007-06-09, 0.0045659059994102415, 0.0045659059994102415
2007-06-09, 0.007419597249041642, 0.007419597249041642
2007-06-09, 0.009702550248746764, 0.009702550248746764
2007-06-09, 0.013126979748304431, 0.013126979748304431
2007-05-10, 0.002853691249631401, 0.002853691249631401
2007-05-10, 0.006278120749189082, 0.006278120749189082
2007-05-10, 0.006278120749189082, 0.006278120749189082
2007-05-10, 0.006278120749189082, 0.006278120749189082
2007-05-10, 0.006278120749189082, 0.006278120749189082
2007-05-10, 0.006278120749189082, 0.006278120749189082
2007-05-10, 0.006278120749189082, 0.006278120749189082
2007-05-10, 0.006278120749189082, 0.006278120749189082
2007-05-10, 0.006278120749189082, 0.006278120749189082
2007-05-10, 0.006278120749189082, 0.006278120749189082
2007-05-10, 0.006278120749189082, 0.006278120749189082
2007-05-10, 0.003995167749483961, 0.003995167749483961
2007-05-10, 0.002853691249631401, 0.002853691249631401
2007-05-10, 0.011414764998525591, 0.011414764998525591
2007-05-10, 0.008561073748894203, 0.008561073748894203
2007-04-10, 0.0005707382499262802, 0.0005707382499262802
2007-04-10, 0.005136644249336521, 0.005136644249336521
2007-04-10, 0.005136644249336521, 0.005136644249336521
2007-04-10, 0.005136644249336521, 0.005136644249336521
2007-04-10, 0.005136644249336521, 0.005136644249336521
2007-04-10, 0.005136644249336521, 0.005136644249336521
2007-04-10, 0.005136644249336521, 0.005136644249336521
2007-04-10, 0.005136644249336521, 0.005136644249336521
2007-04-10, 0.005136644249336521, 0.005136644249336521
2007-04-10, 0.005136644249336521, 0.005136644249336521
2007-04-10, 0.005136644249336521, 0.005136644249336521
2007-04-10, 0.0022829529997051208, 0.0022829529997051208
2007-04-10, 0.0005707382499262802, 0.0005707382499262802
2007-04-10, 0.002853691249631401, 0.002853691249631401
2007-04-10, 0.006848858999115362, 0.006848858999115362
2007-03-11, 0.00856107374889419, 0.00856107374889419
2007-03-11, 0.005136644249336521, 0.005136644249336521
2007-03-11, 0.005136644249336521, 0.005136644249336521
2007-03-11, 0.005136644249336521, 0.005136644249336521
2007-03-11, 0.005136644249336521, 0.005136644249336521
2007-03-11, 0.005136644249336521, 0.005136644249336521
2007-03-11, 0.005136644249336521, 0.005136644249336521
2007-03-11, 0.005136644249336521, 0.005136644249336521
2007-03-11, 0.005136644249336521, 0.005136644249336521
2007-03-11, 0.005136644249336521, 0.005136644249336521
2007-03-11, 0.005136644249336521, 0.005136644249336521
2007-03-11, 0.0011414764998525604, 0.0011414764998525604
2007-03-11, 0.002853691249631401, 0.002853691249631401
2007-03-11, 0.003995167749483961, 0.003995167749483961
2007-03-11, 0.003995167749483961, 0.003995167749483961
2007-02-09, 0.0005707382499262802, 0.0005707382499262802
2007-02-09, 0.005707382499262802, 0.005707382499262802
2007-02-09, 0.005707382499262802, 0.005707382499262802
2007-02-09, 0.005707382499262802, 0.005707382499262802
2007-02-09, 0.005707382499262802, 0.005707382499262802
2007-02-09, 0.005707382499262802, 0.005707382499262802
2007-02-09, 0.005707382499262802, 0.005707382499262802
2007-02-09, 0.005707382499262802, 0.005707382499262802
2007-02-09, 0.005707382499262802, 0.005707382499262802
2007-02-09, 0.005707382499262802, 0.005707382499262802
2007-02-09, 0.005707382499262802, 0.005707382499262802
2007-02-09, 0.002853691249631401, 0.002853691249631401
2007-02-09, 0.002853691249631401, 0.002853691249631401
2007-02-09, 0.0005707382499262802, 0.0005707382499262802
2007-02-09, 0.002853691249631401, 0.002853691249631401
2007-01-10, 0.0005707382499262802, 0.0005707382499262802
2007-01-10, 0.0005707382499262802, 0.0005707382499262802
2007-01-10, 0.0005707382499262802, 0.0005707382499262802
2007-01-10, 0.0005707382499262802, 0.0005707382499262802
2007-01-10, 0.0005707382499262802, 0.0005707382499262802
2007-01-10, 0.0005707382499262802, 0.0005707382499262802
2007-01-10, 0.0005707382499262802, 0.0005707382499262802
2007-01-10, 0.0005707382499262802, 0.0005707382499262802
2007-01-10, 0.0005707382499262802, 0.0005707382499262802
2007-01-10, 0.0005707382499262802, 0.0005707382499262802
2007-01-10, 0.0005707382499262802, 0.0005707382499262802
2007-01-10, 0.00684885899911535, 0.00684885899911535
2007-01-10, 0.003995167749483961, 0.003995167749483961
2007-01-10, 0.005136644249336509, 0.005136644249336509
2007-01-10, 0.006278120749189069, 0.006278120749189069
2006-12-11, 0.0028536912496313883, 0.0028536912496313883
2006-12-11, 0.0017122147497788279, 0.0017122147497788279
2006-12-11, 0.0017122147497788279, 0.0017122147497788279
2006-12-11, 0.0017122147497788279, 0.0017122147497788279
2006-12-11, 0.0017122147497788279, 0.0017122147497788279
2006-12-11, 0.0017122147497788279, 0.0017122147497788279
2006-12-11, 0.0017122147497788279, 0.0017122147497788279
2006-12-11, 0.0017122147497788279, 0.0017122147497788279
2006-12-11, 0.0017122147497788279, 0.0017122147497788279
2006-12-11, 0.0017122147497788279, 0.0017122147497788279
2006-12-11, 0.0017122147497788279, 0.0017122147497788279
2006-12-11, 0.003424429499557681, 0.003424429499557681
2006-12-11, 0.006278120749189069, 0.006278120749189069
2006-12-11, 0.005136644249336509, 0.005136644249336509
2006-12-11, 0.0034244294995576683, 0.0034244294995576683
2006-11-11, 0.0, 0.0
2006-11-11, 0.0, 0.0
2006-11-11, 0.0, 0.0
2006-11-11, 0.0, 0.0
2006-11-11, 0.0, 0.0
2006-11-11, 0.0, 0.0
2006-11-11, 0.0, 0.0
2006-11-11, 0.0, 0.0
2006-11-11, 0.0, 0.0
2006-11-11, 0.0, 0.0
2006-11-11, 0.0, 0.0
2006-11-11, 0.00684885899911535, 0.00684885899911535
2006-11-11, 0.0, 0.0
2006-11-11, 0.002853691249631401, 0.002853691249631401
2006-11-11, 0.0045659059994102285, 0.0045659059994102285
2006-10-12, 0.048512751243733776, 0.048512751243733776
2006-10-12, 0.048512751243733776, 0.048512751243733776
2006-10-12, 0.048512751243733776, 0.048512751243733776
2006-10-12, 0.048512751243733776, 0.048512751243733776
2006-10-12, 0.048512751243733776, 0.048512751243733776
2006-10-12, 0.048512751243733776, 0.048512751243733776
2006-10-12, 0.048512751243733776, 0.048512751243733776
2006-10-12, 0.048512751243733776, 0.048512751243733776
2006-10-12, 0.048512751243733776, 0.048512751243733776
2006-10-12, 0.048512751243733776, 0.048512751243733776
2006-10-12, 0.048512751243733776, 0.048512751243733776
2006-10-12, 0.050224965993512616, 0.050224965993512616
2006-10-12, 0.04680053649395495, 0.04680053649395495
2006-10-12, 0.04737127474388123, 0.04737127474388123
2006-10-12, 0.04508832174417611, 0.04508832174417611
2006-09-12, 0.04508832174417611, 0.04508832174417611
2006-09-12, 0.036527247995281904, 0.036527247995281904
2006-09-12, 0.036527247995281904, 0.036527247995281904
2006-09-12, 0.036527247995281904, 0.036527247995281904
2006-09-12, 0.036527247995281904, 0.036527247995281904
2006-09-12, 0.036527247995281904, 0.036527247995281904
2006-09-12, 0.036527247995281904, 0.036527247995281904
2006-09-12, 0.036527247995281904, 0.036527247995281904
2006-09-12, 0.036527247995281904, 0.036527247995281904
2006-09-12, 0.036527247995281904, 0.036527247995281904
2006-09-12, 0.036527247995281904, 0.036527247995281904
2006-09-12, 0.04737127474388123, 0.04737127474388123
2006-09-12, 0.03823946274506076, 0.03823946274506076
2006-09-12, 0.04280536874447099, 0.04280536874447099
2006-09-12, 0.05136644249336518, 0.05136644249336518
2006-08-13, 0.04451758349424983, 0.04451758349424983
2006-08-13, 0.04451758349424983, 0.04451758349424983
2006-08-13, 0.04451758349424983, 0.04451758349424983
2006-08-13, 0.04451758349424983, 0.04451758349424983
2006-08-13, 0.04451758349424983, 0.04451758349424983
2006-08-13, 0.04451758349424983, 0.04451758349424983
2006-08-13, 0.04451758349424983, 0.04451758349424983
2006-08-13, 0.04451758349424983, 0.04451758349424983
2006-08-13, 0.04451758349424983, 0.04451758349424983
2006-08-13, 0.04451758349424983, 0.04451758349424983
2006-08-13, 0.04451758349424983, 0.04451758349424983
2006-08-13, 0.04680053649395495, 0.04680053649395495
2006-08-13, 0.04166389224461843, 0.04166389224461843
2006-08-13, 0.04680053649395495, 0.04680053649395495
2006-08-13, 0.04451758349424983, 0.04451758349424983
2006-07-14, 0.01084402674859931, 0.01084402674859931
2006-07-14, 0.01255624149837815, 0.01255624149837815
2006-07-14, 0.01255624149837815, 0.01255624149837815
2006-07-14, 0.01255624149837815, 0.01255624149837815
2006-07-14, 0.01255624149837815, 0.01255624149837815
2006-07-14, 0.01255624149837815, 0.01255624149837815
2006-07-14, 0.01255624149837815, 0.01255624149837815
2006-07-14, 0.01255624149837815, 0.01255624149837815
2006-07-14, 0.01255624149837815, 0.01255624149837815
2006-07-14, 0.01255624149837815, 0.01255624149837815
2006-07-14, 0.01255624149837815, 0.01255624149837815
2006-07-14, 0.009131811998820471, 0.009131811998820471
2006-07-14, 0.00970255024874675, 0.00970255024874675
2006-07-14, 0.011985503248451872, 0.011985503248451872
2006-07-14, 0.00970255024874675, 0.00970255024874675
2006-06-14, 0.007419597249041629, 0.007419597249041629
2006-06-14, 0.011414764998525591, 0.011414764998525591
2006-06-14, 0.011414764998525591, 0.011414764998525591
2006-06-14, 0.011414764998525591, 0.011414764998525591
2006-06-14, 0.011414764998525591, 0.011414764998525591
2006-06-14, 0.011414764998525591, 0.011414764998525591
2006-06-14, 0.011414764998525591, 0.011414764998525591
2006-06-14, 0.011414764998525591, 0.011414764998525591
2006-06-14, 0.011414764998525591, 0.011414764998525591
2006-06-14, 0.011414764998525591, 0.011414764998525591
2006-06-14, 0.011414764998525591, 0.011414764998525591
2006-06-14, 0.011985503248451872, 0.011985503248451872
2006-06-14, 0.013697717998230712, 0.013697717998230712
2006-06-14, 0.01598067099793582, 0.01598067099793582
2006-06-14, 0.00684885899911535, 0.00684885899911535
2006-05-15, 0.013697717998230712, 0.013697717998230712
2006-05-15, 0.011414764998525591, 0.011414764998525591
2006-05-15, 0.011414764998525591, 0.011414764998525591
2006-05-15, 0.011414764998525591, 0.011414764998525591
2006-05-15, 0.011414764998525591, 0.011414764998525591
2006-05-15, 0.011414764998525591, 0.011414764998525591
2006-05-15, 0.011414764998525591, 0.011414764998525591
2006-05-15, 0.011414764998525591, 0.011414764998525591
2006-05-15, 0.011414764998525591, 0.011414764998525591
2006-05-15, 0.011414764998525591, 0.011414764998525591
2006-05-15, 0.011414764998525591, 0.011414764998525591
2006-05-15, 0.01084402674859931, 0.01084402674859931
2006-05-15, 0.014839194498083273, 0.014839194498083273
2006-05-15, 0.01084402674859931, 0.01084402674859931
2006-05-15, 0.014839194498083273, 0.014839194498083273
